gene,0
AT1G01010,-0.1900820425333056
AT1G01020,-0.04615832225120617
AT1G03987,0.1315116938183825
AT1G01030,0.04298850657894562
AT1G01040,-0.4663162098259517
AT1G03993,
AT1G01046,
AT1G01050,0.21358968144067603
AT1G03997,
AT1G01060,-0.6683357287108435
AT1G01070,-0.16575016725520686
AT1G04003,0.29076147340006786
AT1G01080,-0.3284254681887896
AT1G01090,-0.5281162023913055
AT1G01100,-0.08425097209285813
AT1G01110,0.5698345608129185
AT1G01120,-0.07259894314271298
AT1G01130,0.06432927808946222
AT1G01140,-0.38427984800899334
AT1G01150,-0.18410231960118384
AT1G01160,0.1512779195843573
AT1G04007,
AT1G01170,0.03223875895152177
AT1G04013,
AT1G01180,0.16778167840450017
AT1G01183,-0.13604956920851904
AT1G01190,0.4499358981358721
AT1G01200,-0.09937209340784607
AT1G01210,-0.16459672399017153
AT1G04017,
AT1G01220,-0.019903220075017256
AT1G04023,
AT1G01225,-0.16278558340153654
AT1G01230,-0.16339458130401266
AT1G01240,-0.033339749845073194
AT1G01250,-0.3642149052513171
AT1G01260,-0.3989614146901464
AT1G01270,0.09562224076870961
AT1G01280,0.5676583923783652
AT1G01290,-0.4305209527801168
AT1G01300,0.1793603140435874
AT1G01305,0.08774210106678906
AT1G01310,0.24476240522523837
AT1G01320,-0.3677779347694842
AT1G01335,
AT1G01340,-0.28653690251162833
AT1G01350,-0.3953999348847318
AT1G01355,-0.09781720606677417
AT1G01360,0.6238449584812198
AT1G01370,-0.1522730311728098
AT1G01380,-0.13875192470975267
AT1G01390,0.4743467819407126
AT1G01400,0.36706666238094904
AT1G01410,-0.2661438775567807
AT1G01420,-0.21894148274069333
AT1G01430,0.12046754437202974
AT1G01440,0.09820003086609747
AT1G01448,-0.41669113558460136
AT1G01450,
AT1G01453,-0.4872433657237562
AT1G01460,0.3182872513840609
AT1G01470,0.12118179541654399
AT1G01480,0.2736204756738322
AT1G01490,-0.28668834613833843
AT1G01500,-0.040485135103291166
AT1G01510,0.16141242235508274
AT1G01520,0.35797598983919937
AT1G01530,-0.6034934061165241
AT1G01540,0.07127189934926327
AT1G01550,-0.052624665707357465
AT1G01560,0.49262765478465254
AT1G01570,-0.0910738712823698
AT1G01580,-0.017606251015452934
AT1G01590,-0.08705888442146692
AT1G01600,-0.5398381819689034
AT1G01610,0.1716117182858068
AT1G01620,-0.061231594649762716
AT1G01630,-0.1652789743763233
AT1G01640,0.024194999142615303
AT1G01650,-0.42957060564645033
AT1G04027,
AT1G01660,-0.020988215736675638
AT1G01670,0.03534581694897211
AT1G01680,-0.12185949559629247
AT1G01690,0.35148308347251594
AT1G01695,0.28604811099204824
AT1G04033,0.2121867445243024
AT1G04037,-0.43936049156489637
AT1G01700,0.36188778018955703
AT1G01710,-0.11060510939810769
AT1G01715,0.20619460836882078
AT1G04043,
AT1G01720,-0.29613591092279123
AT1G01725,0.2855564955069416
AT1G04047,
AT1G01730,0.21236708212839062
AT1G01740,0.2737956029496862
AT1G01750,-0.11350494910609234
AT1G04053,
AT1G01760,0.11260723539679347
AT1G04057,
AT1G01770,0.4191315061593796
AT1G01780,0.5496529274948885
AT1G01790,-0.29587999274735854
AT1G04063,-0.16169840894275955
AT1G01800,0.5923025574235945
AT1G01810,-0.5203608408413086
AT1G01820,0.02511019451086596
AT1G01830,-0.1440993870094375
AT1G04067,-0.34637777210287574
AT1G01840,0.2740142487691108
AT1G01860,-0.03258272320468554
AT1G04073,
AT1G01870,0.12227589511414823
AT1G01880,-0.4144386492574703
AT1G01890,
AT1G01900,0.06196733873806942
AT1G04077,
AT1G01910,0.22523614497116312
AT1G04083,
AT1G01920,0.08934849283987521
AT1G01930,0.1749923565154739
AT1G01940,-0.15764191876225905
AT1G01950,-0.10531833324155347
AT1G01960,0.04410880460862855
AT1G01970,0.18700128943584218
AT1G01980,0.00085362644940025
AT1G01990,-0.2218827135645369
AT1G02000,0.23098618682880226
AT1G02010,0.15294664112898992
AT1G02020,0.1459999197238085
AT1G02030,-0.11305306089930274
AT1G02040,0.4027595767373117
AT1G02050,-0.427397699886248
AT1G02060,0.12727926924230684
AT1G02065,0.14669272038779926
AT1G02067,
AT1G02070,0.3311938741416614
AT1G02080,-0.7714282092612987
AT1G02090,0.12916610542214702
AT1G02100,-0.36090113490276016
AT1G02110,-0.7436560809954
AT1G02120,0.36288848270133656
AT1G02130,-0.0833002751697035
AT1G04087,0.14959691465662306
AT1G02140,0.1365026321752711
AT1G02145,-0.039431290608235074
AT1G02150,-0.027369944320933638
AT1G02160,0.23092607671402657
AT1G02170,0.1823636153170231
AT1G02180,0.2040248527147064
AT1G02190,0.18463942831499625
AT1G02205,-0.5656858397306764
AT1G04093,0.08672261094074739
AT1G02210,-0.639992182685938
AT1G02220,-0.22226285909170743
AT1G02230,-0.49676809045586307
AT1G02250,0.07453517585444504
AT1G02260,0.29976028177619773
AT1G02270,0.28203839916702905
AT1G02280,0.2778487925027818
AT1G02290,-0.16198004860888066
AT1G02300,-0.0467422500985673
AT1G02305,-0.04941458029062669
AT1G04097,
AT1G02310,-0.07316661402387775
AT1G04103,0.12720245059299845
AT1G02320,
AT1G02330,0.4648690903401749
AT1G02335,0.01796909058499056
AT1G02340,-0.4924274398870618
AT1G02350,0.11294464266174307
AT1G02360,-0.25564869147037356
AT1G02370,0.15850354576980089
AT1G02380,-0.04698880010534859
AT1G02390,-0.3632971493197933
AT1G02400,0.20755294346166497
AT1G02405,-0.6135446049538441
AT1G02410,-0.15005646015388396
AT1G02420,0.1705565691522571
AT1G04117,
AT1G02430,0.31325508477198094
AT1G04123,
AT1G02440,-0.3269226664368888
AT1G02450,0.15928369240880413
AT1G02460,-0.2800852530319556
AT1G02470,0.39630216906437954
AT1G02475,0.12769297823979936
AT1G02480,0.15616949281326536
AT1G02490,0.09215665931978517
AT1G02500,-0.18567797061706487
AT1G02510,-0.18169220014090112
AT1G02520,0.12960232272187205
AT1G02530,-0.039013683082649894
AT1G02540,-0.22067030488114642
AT1G02550,0.17479610534349485
AT1G02560,0.3487509572275089
AT1G02570,-0.17991095191473644
AT1G02575,0.23627632610251237
AT1G02580,0.05788275690083259
AT1G04127,0.1944729494989094
AT1G02590,0.1682632189353546
AT1G02600,
AT1G02610,0.050451416198806456
AT1G02620,0.5732471087296579
AT1G04133,
AT1G04137,0.1802712276840565
AT1G02630,0.16102467719175592
AT1G02640,0.49464412771250393
AT1G02650,-0.17802896111764702
AT1G02660,0.12119375843072991
AT1G02670,0.15084991942822568
AT1G02680,0.05489257307262269
AT1G04143,0.28790513924090455
AT1G02690,-0.2893412571781633
AT1G02700,0.21546408271276088
AT1G02705,-0.26503043224029815
AT1G02710,
AT1G02720,0.07820452181782596
AT1G02730,0.35472524464452015
AT1G02740,0.009322994474432633
AT1G02750,0.2432309138354916
AT1G02760,0.061519344242946236
AT1G02770,-0.04324655104207684
AT1G02780,-0.011376869177524677
AT1G02790,-0.2509620717124523
AT1G02800,-0.09943035720336228
AT1G02810,-0.34491156035882964
AT1G02813,0.5670836574669204
AT1G02816,0.1275639376952146
AT1G02820,-0.18516184880440506
AT1G02830,-0.1099694127978071
AT1G02840,0.16289418109202894
AT1G02850,-0.1960544068893243
AT1G02860,-0.21963191252047715
AT1G04147,
AT1G02870,0.4627821829219464
AT1G04153,
AT1G02880,0.011729055663036328
AT1G02890,-0.011500017322451815
AT1G02900,0.1102326246016042
AT1G02910,0.18710863311302375
AT1G02920,0.3351964654185912
AT1G02930,0.2826028685546451
AT1G02940,-0.33914345877572744
AT1G02950,-0.21856383778820046
AT1G02952,
AT1G02960,0.33741338806296745
AT1G02965,-0.45756054777662075
AT1G02970,0.1888963131825581
AT1G02980,-0.010216366331333436
AT1G02990,-0.2616238341008573
AT1G03000,-0.010024610423906892
AT1G03010,-0.005428430251269524
AT1G03020,0.2244864113303085
AT1G03030,-0.151395489287891
AT1G03040,0.17682759823293276
AT1G03050,0.008002975751556188
AT1G03055,-0.048714301490438816
AT1G03060,-0.3225268459491768
AT1G03070,0.2011698686108806
AT1G03080,-0.24637406435139217
AT1G03090,0.3266511581261894
AT1G04157,
AT1G03100,-0.3518953849387659
AT1G04163,
AT1G03103,0.09509558330302341
AT1G03106,0.07804799871407349
AT1G03110,-0.5903618801173625
AT1G03120,0.07971666501472549
AT1G03130,0.02646255981668023
AT1G03140,0.202764023665915
AT1G03150,0.2718767567279001
AT1G04167,0.041622203782195714
AT1G03160,-0.3328676645630876
AT1G03165,0.007171156969120552
AT1G04173,-0.3944493047515599
AT1G03170,0.2814805030168863
AT1G03180,0.3250348143822397
AT1G03190,-0.15746779892388732
AT1G04177,-0.02766847930134048
AT1G03200,0.17432404331680504
AT1G03210,0.02389486144105914
AT1G03220,0.01606951860562773
AT1G03230,0.29631674236729216
AT1G03240,-0.012951817018642458
AT1G03250,-0.6569437318958075
AT1G03260,-0.26446233241066464
AT1G03270,-0.1755953359754604
AT1G03280,-0.1294427069482786
AT1G03290,-0.14268527910967133
AT1G03300,
AT1G03310,0.0625198399468525
AT1G03320,-0.2580292345021508
AT1G03325,
AT1G03330,-0.1562926253012552
AT1G03340,0.6673024584616187
AT1G03350,0.4999811822365116
AT1G03360,0.09137111584939314
AT1G03365,0.1456566628988439
AT1G03370,-0.059763000989117944
AT1G03380,0.2812732422096965
AT1G03390,0.053516135122020074
AT1G03395,
AT1G03400,-0.10069875666437086
AT1G03410,0.28143767508290163
AT1G04183,
AT1G03430,-0.3843612108455671
AT1G03440,0.17802234011308518
AT1G03445,0.3478819611951984
AT1G03457,-0.18978331448101346
AT1G03470,0.41701318113395586
AT1G03475,-0.1845185317847901
AT1G03490,0.11859783321800267
AT1G03495,0.2520977028391577
AT1G04187,0.5411150170647543
AT1G04193,-0.1366922050833407
AT1G03502,0.033292972412845845
AT1G03506,0.5617471104963847
AT1G04197,0.1600508472138332
AT1G03510,0.49323836054739467
AT1G03515,
AT1G03520,-0.275416861180062
AT1G03530,0.4582806929386106
AT1G03540,-0.5088330616075705
AT1G03550,0.2542095453609384
AT1G03545,0.1544422941724316
AT1G03560,-0.01894704655490265
AT1G03570,0.08524307912973556
AT1G03590,-0.6582124794092956
AT1G03600,0.05824902892058867
AT1G03610,-0.32572568858666673
AT1G03620,0.2819533990606641
AT1G03630,-0.17902707633048154
AT1G03640,
AT1G03650,-0.3224755032420174
AT1G03660,-0.12325871903178053
AT1G04203,
AT1G03670,-0.23115964134014738
AT1G03680,0.2507502879703929
AT1G03687,0.5597078817844902
AT1G03700,0.07549057634013545
AT1G03710,-0.22613305875505982
AT1G03720,0.0006624408793452824
AT1G04207,0.31753923018048663
AT1G03730,-0.12361496883777758
AT1G03740,0.1421636409715164
AT1G04213,
AT1G03743,0.33413703702447034
AT1G03746,0.3432719713320061
AT1G03750,0.003257982804563182
AT1G03760,0.08886244665610625
AT1G03770,-0.039777089509410994
AT1G03780,0.242220429085106
AT1G03790,-0.03539623645695897
AT1G03800,0.4717882992348466
AT1G03810,0.14012812853064877
AT1G03820,0.11503652717335952
AT1G03830,0.3488445691462718
AT1G03840,0.08694427740083528
AT1G03850,-0.00035200515538796277
AT1G03860,0.5030419995872899
AT1G03870,-0.05233073900452609
AT1G03880,-0.04780272501019913
AT1G03890,-0.10052249071027859
AT1G03900,-0.14413634778984313
AT1G03905,0.49386757278757176
AT1G03910,-0.44449266257707
AT1G03920,-0.21296991630731887
AT1G03930,0.20474767683629755
AT1G04217,0.12876114886059783
AT1G03935,0.40761240666711684
AT1G04223,-0.20139897691325645
AT1G03940,-0.3398867653497555
AT1G04227,
AT1G03950,-0.6631188275023139
AT1G03960,0.41287867969750897
AT1G03970,0.11195403216325459
AT1G04233,
AT1G03980,-0.11578236350960462
AT1G03982,0.15891049878788555
AT1G03990,0.3316248126663065
AT1G04000,0.13466625069309487
AT1G04010,-0.14068113246714287
AT1G04020,-0.09073517038284275
AT1G04030,0.07844203073495826
AT1G04040,0.21806989524952133
AT1G04237,
AT1G04050,0.47436466571567504
AT1G04070,-0.5059909006260057
AT1G04080,-0.3399474656629978
AT1G04090,0.33963555735235296
AT1G04100,0.0998059607557266
AT1G04105,
AT1G04110,0.13362548567438873
AT1G04120,-0.13527565143351172
AT1G04243,0.11549033865464463
AT1G04130,-0.21206218657261522
AT1G04140,-0.5561089229329801
AT1G04150,0.19082718367193086
AT1G04160,0.3262019816424632
AT1G04170,0.18165117347772816
AT1G04180,-0.21486958452059457
AT1G04190,0.20098341332266562
AT1G04200,0.10892661272387143
AT1G04210,-0.5639765596962154
AT1G04220,0.0682758012815142
AT1G04247,
AT1G04230,-0.2666120849890657
AT1G04240,-0.6631654111931501
AT1G04253,-0.11323453005695418
AT1G04250,0.04443116686117755
AT1G04260,-0.25275566365968466
AT1G04270,0.6879611902295043
AT1G04280,-0.21753015929807487
AT1G04290,-0.6741763947285309
AT1G04295,
AT1G04300,-0.10295394860486441
AT1G04310,0.11704043548198788
AT1G04320,0.2600735143517437
AT1G04330,0.1578613116888957
AT1G04340,7.541175134171957e-05
AT1G04350,0.055630990888095526
AT1G04360,0.08058862879776513
AT1G04370,0.16634417153649858
AT1G04380,0.29979620340528745
AT1G04257,0.08950934060910265
AT1G04390,-0.2620013867219715
AT1G04400,0.08783001313660962
AT1G04410,-0.14855573324036533
AT1G04420,-0.27949640866230685
AT1G04425,0.5640529888018087
AT1G04430,0.26111045853708303
AT1G04440,0.294009905991221
AT1G04445,0.41861146977651187
AT1G04450,-0.11121850559813867
AT1G04455,0.010564223364165813
AT1G04470,-0.11563322791403456
AT1G04263,0.3226906036558624
AT1G04480,-0.10298313581806733
AT1G04267,
AT1G04273,
AT1G04277,
AT1G04490,-0.17602255496526198
AT1G04500,0.13826733109020475
AT1G04510,0.266883680589374
AT1G04520,0.1872758168412229
AT1G04530,0.5362958221413178
AT1G04540,-0.2320553368365824
AT1G04550,0.45813265137420944
AT1G04555,0.2983830760282015
AT1G04560,-0.3379802276274252
AT1G04570,0.3965223959613383
AT1G04580,0.1716046744193972
AT1G04590,0.13228686320366728
AT1G04600,-0.4624222178081569
AT1G04610,-0.2180204833914489
AT1G04620,0.2531604817855168
AT1G04625,-0.11311066807104483
AT1G04630,0.517689126019316
AT1G04635,0.699134040574318
AT1G04640,-0.08521049869299084
AT1G04645,0.11001329941447038
AT1G04650,-0.4383357285971818
AT1G04283,0.33157395186248867
AT1G04660,-0.09824702024144913
AT1G04670,-0.6300315637132551
AT1G04680,-0.1325879239299496
AT1G04690,0.4214075389716044
AT1G04700,-0.02710244498473859
AT1G04710,-0.09671166909927242
AT1G04720,0.1531759920678794
AT1G04730,-0.26489028990727514
AT1G04750,0.06152877351887914
AT1G04287,0.21307933109991006
AT1G04760,0.060617450744388075
AT1G04770,-0.162538717425903
AT1G04778,0.20896086489300422
AT1G04780,-0.12799317409440522
AT1G04790,0.3871786322448235
AT1G04800,0.08352137992764148
AT1G04810,0.5335352273045845
AT1G04820,-0.47985438858022467
AT1G04830,0.04881724487271941
AT1G04840,-0.2454586112788588
AT1G04850,-0.12863267702782055
AT1G04860,-0.6007034984270577
AT1G04870,0.08184737061941919
AT1G04880,-0.6035887083763417
AT1G04890,0.006385640111274573
AT1G04293,
AT1G04895,0.0818072542881024
AT1G04900,-0.08138305725534785
AT1G04297,
AT1G04910,-0.47430588549549463
AT1G04303,
AT1G04920,-0.24239078553658872
AT1G04930,-0.3452617220006617
AT1G04945,-0.0018514284312960998
AT1G04940,
AT1G04950,-0.4254356335030376
AT1G04960,-0.1336062230470442
AT1G04970,-0.07272981655282373
AT1G04980,-0.6853047805401885
AT1G04985,0.26971492770248745
AT1G04990,0.08301009989352078
AT1G05000,-0.12929634335147294
AT1G05005,-0.009353614482559254
AT1G04307,
AT1G05010,0.2957612677273817
AT1G05020,-0.3073647512715463
AT1G05030,-0.3093886928055543
AT1G04313,0.22706195698094328
AT1G05035,0.024863730597996837
AT1G04323,-0.05510762669668193
AT1G05040,0.13023838451644526
AT1G05055,-0.3005164771490426
AT1G05060,0.23489264664520532
AT1G05065,-0.6682803832909845
AT1G05070,0.48780145678644915
AT1G05080,-0.06313860588204022
AT1G05085,0.04455111582931136
AT1G04327,-0.20401599011128466
AT1G04333,0.1339635992026047
AT1G05087,-0.09562763163947008
AT1G05090,0.039094597257932934
AT1G05100,0.020589536682690795
AT1G05120,0.7312314992487896
AT1G05136,0.11874755490222115
AT1G05140,0.1004348751308242
AT1G05150,-0.5048915447018953
AT1G05160,0.1706771891491298
AT1G05170,-0.4550982090411164
AT1G04337,0.20181926430661942
AT1G05180,-0.08933103566276397
AT1G05190,0.3712079953805183
AT1G05200,-0.29417644462566833
AT1G04343,
AT1G05205,0.43616819811846114
AT1G04347,
AT1G05210,-0.19202687743174354
AT1G05220,-0.021570343427946385
AT1G04353,0.27513933141803326
AT1G05230,0.4160394480970255
AT1G05240,0.6129395848097388
AT1G04357,0.0076111880813983564
AT1G04363,
AT1G04367,-0.167841700600563
AT1G05250,-0.10979219439574271
AT1G05260,-0.2069062304725102
AT1G05270,0.6679793997130382
AT1G05280,0.4182842451627035
AT1G04373,-0.26921991638475984
AT1G05290,0.10236548045746999
AT1G05291,-0.09435915333485935
AT1G04377,
AT1G04383,0.041004972414847
AT1G04387,0.16967765012164263
AT1G05300,-0.01681916908813339
AT1G05310,-0.17709521898662212
AT1G05320,-0.4033799099278129
AT1G05330,0.260336124266003
AT1G05340,0.13072591240736373
AT1G05350,-0.41931426402946764
AT1G05360,0.5867619076410998
AT1G05370,0.14072781470331336
AT1G05380,0.23293127016206477
AT1G05385,-0.023077877064780435
AT1G05390,0.20133457813243918
AT1G05400,0.4002945782000778
AT1G05410,0.53502220601678
AT1G05420,0.06834435297188018
AT1G05430,0.19405215781773347
AT1G05440,0.34158386687793285
AT1G05450,-0.3587791947374917
AT1G05460,-0.1216829877573909
AT1G05470,-0.3356509856513025
AT1G05490,0.16288781157127952
AT1G05500,-0.20869579425613674
AT1G05510,-0.12121491051266653
AT1G05520,0.34149637456147064
AT1G05530,-0.5295684935899473
AT1G05540,-0.41494387897904245
AT1G05550,0.02868239341241658
AT1G05560,
AT1G05562,
AT1G05570,0.1225090420618128
AT1G04393,
AT1G04397,0.2606356241241126
AT1G05575,0.06590996640670393
AT1G05577,-0.13435186301030547
AT1G05580,-0.10343088786790286
AT1G05590,0.5058476249102436
AT1G05600,-0.42297527289835224
AT1G05610,0.028999218302463874
AT1G05615,0.19119706092359193
AT1G05620,-0.31671421370318514
AT1G05630,-0.38066644279617984
AT1G05640,0.18432293403377098
AT1G05650,0.1394180374795519
AT1G04403,-0.0590437819212256
AT1G05660,-0.024950645197052822
AT1G05670,0.4061540578682429
AT1G05675,-0.03095056039666759
AT1G05680,-0.10972101316297056
AT1G05690,0.23362159480249936
AT1G05700,-0.08561767562453693
AT1G04407,0.12069653704861588
AT1G05710,0.22390234379208318
AT1G05720,-0.02052174943783354
AT1G04413,
AT1G05730,0.07690681437016741
AT1G04417,
AT1G05740,0.015229531500847791
AT1G05750,0.4877269503379714
AT1G05760,
AT1G05770,-0.09094698171335243
AT1G05780,-0.45907171644635547
AT1G04423,
AT1G05783,0.0428382062461129
AT1G04427,0.41979984907033124
AT1G05785,-0.40320229020360315
AT1G05790,0.0002261631412741169
AT1G05800,0.6394061362627586
AT1G05805,-0.0072738898787881225
AT1G05810,-0.07193347649872962
AT1G05820,0.4382422580220303
AT1G05830,-0.14891790419985665
AT1G05835,-0.6996547003016567
AT1G04433,
AT1G05840,0.1445447111660171
AT1G04437,
AT1G05850,0.056658533610306705
AT1G05860,-0.2975603110387929
AT1G05870,0.30004684526773334
AT1G05880,0.038352372798297237
AT1G05890,-0.22836427912877955
AT1G05894,-0.24874691310525615
AT1G05900,0.23542986714084907
AT1G05910,-0.5134662025976262
AT1G05920,-0.07872023386194435
AT1G05930,0.1637032697752384
AT1G05940,-0.37490400680757463
AT1G05950,-0.05296246304958993
AT1G05960,0.3031844575350691
AT1G05970,0.4289582278071924
AT1G05980,0.376902443195679
AT1G05990,0.0787741341825312
AT1G06002,-0.13981297035720602
AT1G06000,
AT1G06010,-0.28022927642174444
AT1G06020,0.6172429877358102
AT1G06030,0.26385349383508333
AT1G06040,0.47360841823193894
AT1G06045,
AT1G06050,-0.04244331312528674
AT1G06060,0.20334641018889826
AT1G06070,0.11378683199086478
AT1G04443,-0.4953592870782188
AT1G06080,-0.18126342534462217
AT1G06090,-0.158113077468133
AT1G06100,-0.04362926420974381
AT1G06110,0.24078202623034442
AT1G06120,-0.49747562034365067
AT1G06130,0.10324767085795641
AT1G06135,0.2727253123378244
AT1G06137,
AT1G06140,0.010701105917923557
AT1G06143,-0.03276190734886274
AT1G06150,0.37913321283313123
AT1G06148,-0.6357816170061895
AT1G06160,-0.13926292889035394
AT1G06170,-0.2955728878679555
AT1G04447,-0.010387166873184146
AT1G06180,0.4614487742246195
AT1G06190,0.0528426803272835
AT1G06200,0.09986163036606804
AT1G06210,-0.20676158608873063
AT1G06220,0.4138417903357404
AT1G06225,0.11072198702955972
AT1G06230,0.1540100419993644
AT1G06240,-0.13904666076013186
AT1G06250,0.1855744176983049
AT1G06265,0.0718494932358399
AT1G06260,
AT1G06270,0.30286588447234974
AT1G06280,0.43934620972730093
AT1G06290,0.09664530251114846
AT1G06310,0.2919845274292657
AT1G06320,0.030940957629164566
AT1G06330,0.08231702194067649
AT1G06340,0.08722928998697675
AT1G06350,-0.39274424361193366
AT1G06360,0.011348319105336043
AT1G06380,0.5892070905170803
AT1G06390,-0.2851842118090573
AT1G06400,0.22077079879018272
AT1G04453,0.32383475489299446
AT1G06410,-0.06516709236446792
AT1G06420,0.5029171706864395
AT1G06430,-0.18613508502080206
AT1G06440,0.011574223202900167
AT1G06450,-0.19904711045104348
AT1G04463,
AT1G06460,-0.24213538102837964
AT1G04467,
AT1G06470,-0.07298029565439142
AT1G06475,
AT1G06480,0.1008885325560715
AT1G06490,0.15394176364242057
AT1G06500,-0.11714078996363408
AT1G04473,
AT1G06515,0.08714950272509481
AT1G04477,
AT1G06510,-0.3246336929403797
AT1G06520,0.006175764354261776
AT1G06530,
AT1G06540,0.19880886404453235
AT1G06550,-0.5741843665433275
AT1G06560,0.34703876674930584
AT1G04483,
AT1G06570,-0.39941983187015834
AT1G06580,0.46991637747641324
AT1G06590,-0.4022556530431566
AT1G06610,-0.21760504157191482
AT1G06620,-0.23201645940192492
AT1G06630,-0.05679267065483907
AT1G06640,0.6070417376852847
AT1G06645,0.2339141140605719
AT1G04487,
AT1G06650,0.11311250995882818
AT1G06660,0.252812740710436
AT1G06670,-0.0323803823607397
AT1G06680,0.10619359122119029
AT1G06690,-0.21542989195152662
AT1G06700,0.02486076981946323
AT1G06710,0.15977297423602438
AT1G04493,
AT1G04497,
AT1G06720,-0.33751477408421676
AT1G06730,0.029885752921703607
AT1G06740,0.32790871838157504
AT1G06750,0.06294052551057135
AT1G06760,0.19339286344474102
AT1G04503,
AT1G06770,-0.1381627228336715
AT1G06780,-0.36480742674957833
AT1G06790,-0.6550855128411968
AT1G04507,
AT1G06800,0.09164903498804342
AT1G04513,
AT1G06810,-0.6972336917501918
AT1G06820,-0.29420817452908815
AT1G06830,-0.4777480481194908
AT1G06840,-0.21273715351796746
AT1G06850,-0.1741997713431086
AT1G04517,0.12353531062151178
AT1G06860,0.17937625787836353
AT1G04523,-0.954493415881688
AT1G06870,0.10634580563160563
AT1G04527,0.23584774448185664
AT1G06880,-0.04385061154414653
AT1G06890,-0.10812602511549443
AT1G06900,0.16455220825564626
AT1G06910,0.5574137238931974
AT1G06920,0.07205364558440858
AT1G06923,-0.13573242786390455
AT1G04533,0.10864649334677005
AT1G06925,0.16962345349832583
AT1G06930,-0.05793544937407705
AT1G06950,-0.09666694239711732
AT1G06960,-0.025934165881808552
AT1G06970,-0.08497336199488612
AT1G06980,-0.046579752796843364
AT1G06990,0.49240864647853977
AT1G07000,0.23303123198498563
AT1G07010,-0.49093150286954557
AT1G04537,
AT1G07020,0.3883704629731575
AT1G04547,0.15562544222168564
AT1G07025,0.07493760676592834
AT1G07030,-0.24229654976884168
AT1G07040,0.16096681596820564
AT1G07050,0.2281827254627652
AT1G07051,0.18400788070578344
AT1G07060,0.06503520595953347
AT1G04557,
AT1G07070,0.5194235518751555
AT1G07080,-0.5752663151829295
AT1G07090,-0.24535702363508616
AT1G07100,
AT1G07110,-0.33267097924218175
AT1G07119,-0.1728148656143766
AT1G07120,
AT1G04563,
AT1G07128,
AT1G07130,
AT1G07135,-0.06400196981183576
AT1G07140,0.06956990986871556
AT1G07150,-0.07445300027664742
AT1G07160,-0.23251012511502034
AT1G07170,0.49573717485989943
AT1G07175,-0.16413425038634474
AT1G07180,0.40007086380582124
AT1G07190,0.23874076157442828
AT1G07200,-0.06847994227218425
AT1G07210,0.6243770773580691
AT1G07220,0.5316072292020324
AT1G04567,
AT1G07230,-0.08755774018684406
AT1G07240,-0.1443061051559534
AT1G07250,0.3418828958261221
AT1G07260,-0.43744777057924095
AT1G07270,0.2786538173550561
AT1G07280,0.32106973171079034
AT1G04573,0.16321767179603403
AT1G07290,-0.058262347377143066
AT1G07300,0.49953988228975527
AT1G07310,-0.15963064459724677
AT1G07320,0.548900784443285
AT1G07330,-0.08256743415122109
AT1G07340,0.4070322170332564
AT1G07350,0.48875464932086576
AT1G07360,0.01464135418512394
AT1G07370,0.2104366132165858
AT1G07380,0.6644312022513986
AT1G07390,-0.30661531491039207
AT1G07400,-0.15076324298664623
AT1G07410,0.47085346090842484
AT1G07420,0.23238808025663574
AT1G07430,-0.15007481156289
AT1G07440,0.08918262939782544
AT1G07450,0.41612875332609367
AT1G07460,-0.11636717309003013
AT1G07470,0.14670158847289036
AT1G04577,
AT1G07473,
AT1G04583,
AT1G07476,0.19575422764918396
AT1G07480,-0.4827466778823793
AT1G04587,
AT1G07485,-0.03153450479485175
AT1G07490,
AT1G07510,0.02612428854070411
AT1G07500,
AT1G07520,
AT1G07530,-0.28824738709156217
AT1G07540,-0.23473150042157037
AT1G04593,0.04918744861828188
AT1G07550,0.14540167741561566
AT1G07560,0.2842896522580662
AT1G07570,-0.03647724597539366
AT1G04597,0.011084949329089324
AT1G07580,0.13068454433480736
AT1G07590,0.2245629912547602
AT1G07600,
AT1G04603,0.2447972823974231
AT1G07610,0.3166265850468448
AT1G07615,0.8111423329916867
AT1G07620,0.3987167113851592
AT1G04607,-0.021718198357936005
AT1G07630,-0.5460762927533501
AT1G07640,0.3589478941504161
AT1G07650,0.2825728779749752
AT1G07645,0.43969992851575873
AT1G07660,0.4796258201708129
AT1G07670,0.20279392056066942
AT1G07680,0.006522443665106601
AT1G07690,-0.19034875320972247
AT1G07700,-0.0053966231762551204
AT1G07705,-0.1091939639991811
AT1G07702,
AT1G07710,-0.3867303201445518
AT1G07720,-0.7611074590008237
AT1G04623,-0.10451776360187025
AT1G07725,-0.2524555682822771
AT1G07728,-0.15965405818360365
AT1G07740,0.7837776333111403
AT1G07730,
AT1G07745,-0.26431202218876165
AT1G07747,-0.4800600137682928
AT1G07750,0.44267790768417564
AT1G07760,0.17368340780836822
AT1G07770,-0.030626769421894323
AT1G07780,-0.19125371555311754
AT1G07790,0.33895320344381275
AT1G07795,0.023679218167620836
AT1G07810,-0.08199393043017335
AT1G07820,0.27503528309991726
AT1G07830,-0.07270039664552855
AT1G07840,0.4543086147484648
AT1G07850,-0.2818990859532541
AT1G07870,-0.3693053541222337
AT1G07860,
AT1G07880,-0.33282569418656155
AT1G07885,-0.24737350232253727
AT1G07890,0.5343917125599325
AT1G07900,0.17865276821404064
AT1G07902,-0.21674875771907523
AT1G07901,
AT1G07910,0.2791352056409866
AT1G07920,0.31077138377395835
AT1G07930,-0.24151308121832343
AT1G07940,0.5716488343170649
AT1G07950,-0.32468077642496335
AT1G07960,0.13109892866017345
AT1G07970,-0.13671102252504497
AT1G07980,0.3390445060839857
AT1G07985,0.23371329635892155
AT1G07990,-0.30580662651718143
AT1G08000,-0.4046411697565111
AT1G08005,
AT1G08010,0.6175068066383375
AT1G08030,-0.2672688706682768
AT1G08035,0.21711465146898576
AT1G08040,-0.042449111306696444
AT1G08050,0.09076177432713096
AT1G08060,-0.7751207468247868
AT1G08065,0.14527625484600698
AT1G08070,-0.4127411192059264
AT1G08080,0.40459087137188066
AT1G08090,0.051995363334627176
AT1G08100,0.21757646361006222
AT1G08110,0.22997655417790208
AT1G08115,0.12868641144086015
AT1G08120,0.13786767132578293
AT1G04643,
AT1G08125,-0.32109196942382456
AT1G08130,-0.47162888001083336
AT1G08135,0.4655409235965296
AT1G08140,0.24053465745252697
AT1G08150,0.04251222961900022
AT1G08160,-0.26875448834977866
AT1G08165,0.4872406871730749
AT1G08170,0.2185323064811755
AT1G08180,0.016658020888201945
AT1G08190,-0.17774844575867596
AT1G08200,-0.540389996976078
AT1G08210,-0.22143287713432316
AT1G08220,-0.3778877324831322
AT1G08230,-0.39898643290435815
AT1G08240,0.16825001204382659
AT1G08250,
AT1G08260,-0.42966459677792546
AT1G08270,0.011255498245798287
AT1G08280,0.11954630332908305
AT1G08290,0.06633751809542238
AT1G08300,0.32023764750897094
AT1G08310,-0.004870680855923254
AT1G08315,
AT1G04647,0.13719574305867563
AT1G08320,0.10482673265963914
AT1G04653,0.09119314590673139
AT1G08340,0.22746969356594435
AT1G08350,-0.05582694164023391
AT1G08360,0.06604640755932001
AT1G08370,0.4176871416084931
AT1G08380,-0.024261081552156824
AT1G08390,0.2641315419023245
AT1G08400,-0.08737018096045562
AT1G08410,0.15542369670031891
AT1G08420,-0.0511549988661814
AT1G08430,-0.06156860969428734
AT1G08440,0.049147128378208185
AT1G08450,0.10442265500086247
AT1G08460,-0.45802228876247675
AT1G08465,0.3931275285050315
AT1G08470,-0.2189200955853586
AT1G08480,-0.4537659191261972
AT1G08490,-0.30784558609214485
AT1G08500,-0.3333034736905588
AT1G08510,-0.32084545071266424
AT1G08520,-0.09364086881724332
AT1G08530,0.067294207232891
AT1G08540,-0.4423494711216532
AT1G08550,-0.652171200794606
AT1G08560,-0.06522610253282018
AT1G08570,0.005685666208293148
AT1G08580,-0.07853596339424977
AT1G08590,-0.004216669862109268
AT1G08592,
AT1G08600,0.42715285946631665
AT1G08610,-0.02345427822022472
AT1G04657,-0.09544741763107391
AT1G08620,0.1828707997497683
AT1G08630,0.1292293336267098
AT1G08640,-0.2165402084417404
AT1G08645,0.24243765452759047
AT1G08650,0.0773305168029931
AT1G08660,-0.09566439081912874
AT1G08670,0.06082575999163602
AT1G08680,-0.26329467228425996
AT1G08695,-0.17270431679973258
AT1G08700,0.3317506248823139
AT1G08710,0.15821918900573212
AT1G08720,0.1999111817141809
AT1G08730,-0.18980499423583155
AT1G08750,-0.25641351317017397
AT1G08760,0.1588142349039023
AT1G08770,0.3102454161421938
AT1G08780,0.16490227267732047
AT1G08790,0.1229511303344037
AT1G08800,0.04346008151733643
AT1G08810,-0.18013219019495363
AT1G08820,-0.055257721505112795
AT1G04667,0.017417231349145083
AT1G08830,-0.31122969890619906
AT1G08840,-0.3062886862615581
AT1G08845,-0.055542700647148543
AT1G08860,0.0044231238070344655
AT1G08870,0.17887349220943627
AT1G08880,0.0314813809340338
AT1G08890,-0.18256758397838424
AT1G08900,-0.47936666910980485
AT1G08910,0.4115207999041756
AT1G04673,0.0785523252926581
AT1G04677,0.29785961514514236
AT1G04683,0.28751599582942217
AT1G08920,-0.2904461347683351
AT1G08930,0.2260198402394161
AT1G08940,-0.0033330990214761992
AT1G08950,0.17558402810214205
AT1G08960,-0.19347935414669273
AT1G08970,-0.6183030162965604
AT1G08980,-0.5337993755710997
AT1G08985,0.09722723687040087
AT1G08990,0.31344949529615895
AT1G09000,0.1277189970992679
AT1G09010,0.25958227767586084
AT1G09020,-0.23497843012120156
AT1G09030,0.13557799681233285
AT1G09040,-0.11790218395549527
AT1G09050,-0.07618279064056056
AT1G09060,-0.09908823258664609
AT1G09070,-0.5799902576170406
AT1G09080,0.34613049943823243
AT1G09090,0.03165628635926167
AT1G09100,-0.11128805627125449
AT1G09110,0.4660369425559713
AT1G09130,0.35936587663157604
AT1G09140,-0.3922558326472496
AT1G09150,0.45395146704395317
AT1G09155,-0.34818405994523277
AT1G09157,-0.03732398034877981
AT1G09160,-0.5850842585853838
AT1G09170,-0.5258787736729871
AT1G09176,-0.07977215648852658
AT1G09180,-0.3662305755704204
AT1G09190,-0.6189374711535284
AT1G09195,0.15273468658708717
AT1G09200,0.25663556180883074
AT1G09210,-0.11862938279747781
AT1G09220,0.3621287824209919
AT1G09230,0.17518140077321717
AT1G09240,-0.09041767938522192
AT1G09245,0.37538095935841687
AT1G04687,
AT1G04693,0.6166366014117242
AT1G09250,0.15817991952625118
AT1G09260,0.1763931086451337
AT1G09270,0.06911483659696475
AT1G09280,0.3343658572966828
AT1G09290,0.06638875883556812
AT1G09300,-0.18829206414933075
AT1G09310,-0.6553995778222085
AT1G09320,-0.2664569465468152
AT1G09330,0.28666183178581767
AT1G09340,0.49708613782310335
AT1G09350,0.21129116499787454
AT1G09360,0.20420614871969694
AT1G09370,0.0697213613475363
AT1G09380,0.1213292422435906
AT1G09390,0.3619578057734438
AT1G04697,
AT1G09400,0.2578639995077558
AT1G09410,0.2415798769445973
AT1G09415,0.23448810529563704
AT1G09420,0.5272932884209662
AT1G09421,
AT1G09430,-0.011360823548831295
AT1G09440,-0.265596023647343
AT1G09450,0.3550322658260548
AT1G09460,-0.3779151442588763
AT1G09470,0.0850975510949322
AT1G09480,-0.14226729082497352
AT1G09483,0.08387684474625767
AT1G09490,-0.06248301071744285
AT1G09500,-0.066982711016404
AT1G09510,0.12687018481452422
AT1G09520,-0.2277520547263851
AT1G09530,0.38885859424534164
AT1G04703,-0.3691192491363172
AT1G09540,0.45787444182539433
AT1G09550,-0.19145304778474756
AT1G09560,0.036961957670642885
AT1G09570,0.5087971549435607
AT1G09575,-0.24924059151920683
AT1G09580,-0.6971700676904897
AT1G09590,0.42762587050480444
AT1G09600,-0.6055706586786413
AT1G09610,0.005219536145861899
AT1G04707,
AT1G09620,0.3027905600353792
AT1G09625,-0.08091653645041494
AT1G09630,0.4895723004453196
AT1G09640,-0.44025893507813707
AT1G09645,-0.047309127446888186
AT1G09650,0.10622405601007956
AT1G04713,
AT1G09660,0.186892864665568
AT1G04717,0.591680832843053
AT1G09665,0.08743949466190233
AT1G09680,-0.12660277504964126
AT1G09690,-0.011008294931402922
AT1G09700,0.1773099974694503
AT1G09710,0.3302099282805138
AT1G09720,-0.4800050535745832
AT1G09730,0.2855749162630241
AT1G09740,0.10265949940443976
AT1G09750,-0.21682503282428459
AT1G09760,0.012067529399618426
AT1G09770,-0.1598480788945652
AT1G09780,-0.14394058458622588
AT1G09790,-0.25884060272261
AT1G09794,0.45176878472035076
AT1G09795,0.28915749091007503
AT1G04723,
AT1G09800,-0.5101706195139596
AT1G04733,
AT1G09810,0.2204646196002627
AT1G09812,-0.619279298378055
AT1G09815,0.08814965965074445
AT1G09820,-0.1282986963360702
AT1G09830,-0.15165104476965757
AT1G09840,0.41234400344388533
AT1G09850,-0.016455671789486658
AT1G04737,
AT1G09860,0.13576963672043524
AT1G04743,
AT1G09870,0.559520361563571
AT1G09880,-0.006134603397693459
AT1G04747,
AT1G09890,0.24762573838651308
AT1G09900,0.373722594609562
AT1G09910,-0.24742014555754607
AT1G09920,-0.33499501718195435
AT1G09930,0.21934874737158114
AT1G09932,0.21617400227318845
AT1G09935,-0.011794741830442834
AT1G09940,0.3023790430626621
AT1G09950,0.045971611366334264
AT1G09960,-0.4695517257548447
AT1G04753,0.1844170213507285
AT1G09970,-0.02278352877948533
AT1G09980,0.11268058463175537
AT1G09995,0.20052105210077004
AT1G10000,-0.0762500331307058
AT1G10010,-0.08450354869911277
AT1G10020,-0.1399491796414561
AT1G10030,0.050436645052094886
AT1G10040,-0.07431420675430257
AT1G10050,-0.4002235151438278
AT1G10060,-0.06560620246633893
AT1G10070,-0.6699695668044845
AT1G10090,-0.029247367705653803
AT1G10095,-0.006321798106878602
AT1G10100,-0.12318849293490447
AT1G04763,0.020547774045892028
AT1G10110,0.11372722772953932
AT1G04767,
AT1G10120,0.13597045169003916
AT1G04773,
AT1G10130,-0.2009588392532789
AT1G10140,0.20178679862026755
AT1G10150,-0.17812977629837543
AT1G10155,0.4087699745614216
AT1G10170,-0.08029465442116264
AT1G10180,-0.06501648358390363
AT1G10190,0.4155868316119471
AT1G10200,0.40676775839763163
AT1G10210,0.13939215693042525
AT1G10220,-0.45024212701537564
AT1G10225,-0.09243603425195794
AT1G10230,0.6863039351023972
AT1G10240,-0.07948666156513468
AT1G10250,0.29513437477252014
AT1G04783,0.20423805227885414
AT1G10270,0.06749105611546241
AT1G10280,0.5087157963195565
AT1G10290,-0.2684404067141505
AT1G10300,0.23512739270341487
AT1G10310,0.06734114273590812
AT1G10320,0.027200993734451687
AT1G10330,-0.042904325382993685
AT1G10340,0.08721331306829677
AT1G10350,0.20870439251190048
AT1G10360,0.31308608382216446
AT1G10370,0.16853825736067807
AT1G10380,-0.013270882428403592
AT1G10385,0.5104194306480595
AT1G04787,0.07068924460218427
AT1G10390,0.26156688702453723
AT1G10395,
AT1G10400,-0.18109280564480845
AT1G10410,-0.15813623472578248
AT1G04793,0.2220536342713798
AT1G10417,0.04668631671743737
AT1G10430,0.6339804601547259
AT1G10440,0.1131525054921678
AT1G10450,-0.06026414064803264
AT1G10455,0.1934468287591494
AT1G10460,0.18981621036456262
AT1G10470,-0.19555491785141613
AT1G10480,0.26305389464560397
AT1G10490,0.21057945971229539
AT1G10500,0.20604635343175443
AT1G10510,-0.40962452720991455
AT1G10520,0.3862355454441976
AT1G10522,0.021237781068249733
AT1G04797,
AT1G10530,-0.020238227847372683
AT1G04803,
AT1G10540,0.13078975509963436
AT1G10550,0.14583665042210944
AT1G10560,-0.7135016106813834
AT1G10570,-0.1456981453350061
AT1G10580,-0.1667764836156016
AT1G10585,0.11487657994792322
AT1G10586,-0.6396101520387241
AT1G10588,0.17022741858906726
AT1G10590,0.3336569221185269
AT1G10600,0.32435985308886356
AT1G10610,-0.5371058378439505
AT1G10620,0.7485463325797872
AT1G10630,0.3808164722896871
AT1G04807,0.07227820864714841
AT1G10640,0.23814606865168003
AT1G10650,-0.2189795076327308
AT1G04813,0.1322376995754214
AT1G10657,-0.05644335466436854
AT1G10660,0.1297194456181543
AT1G10670,-0.40242983325633896
AT1G10680,-0.13589013353309273
AT1G10682,0.06911745205084614
AT1G10690,-0.04272690110553098
AT1G10700,0.06534067788012574
AT1G10710,0.21253711745911122
AT1G10715,0.05406207404336005
AT1G10717,0.5325034826649059
AT1G10720,-0.01078103980180682
AT1G10730,0.10784078332530168
AT1G10740,-0.043042441220916945
AT1G10745,-0.20282757108889932
AT1G10747,-0.4618424204565786
AT1G10750,0.06780500623022276
AT1G04817,
AT1G10760,0.16144203827667852
AT1G10770,0.029430698524987246
AT1G10780,-0.30379102931232344
AT1G10790,0.13854430692315678
AT1G10800,-0.19368740839490128
AT1G10810,0.23674915937398897
AT1G10820,0.05892761858511973
AT1G10830,-0.02126251638265749
AT1G10840,-0.3024936528094446
AT1G04823,
AT1G10850,-0.2407332564045986
AT1G10865,0.2929663567399179
AT1G04827,
AT1G10870,0.29359592764412523
AT1G10875,0.22931627259969253
AT1G10880,-0.04814865234350277
AT1G10890,-0.3531929644806083
AT1G10900,-0.3551465582237312
AT1G10910,-0.3788599772941063
AT1G10920,0.49376032686506544
AT1G10930,-0.2678333288087579
AT1G10940,0.0023031312010288545
AT1G10950,-0.20434103767345313
AT1G10960,0.5164229413833026
AT1G10970,0.5696115745974585
AT1G10980,-0.08838778854645338
AT1G10990,0.2976097982882489
AT1G11000,0.3505518963381025
AT1G11010,
AT1G11020,-0.3999267623905446
AT1G11030,-0.31031378563448997
AT1G11040,-0.3692137722404767
AT1G11050,-0.1458320911949624
AT1G04833,
AT1G11060,-0.3205461093615342
AT1G11070,0.320764610894948
AT1G11080,0.19388122384075338
AT1G04837,-0.0530244324750872
AT1G11090,
AT1G11100,-0.3899510669234661
AT1G11110,0.13771011388415794
AT1G11112,0.12119951394852944
AT1G11120,-0.2356189180250171
AT1G11125,0.04625553418715605
AT1G11130,0.10605531289882153
AT1G11145,0.1590479568676105
AT1G11160,0.5837441275357416
AT1G11170,-0.2123607882468762
AT1G11175,0.45490781706369615
AT1G11180,-0.1806108899966868
AT1G11185,-0.7995910262961766
AT1G11190,-0.19422123707212507
AT1G11200,0.59245462636581
AT1G11210,0.25661675298505604
AT1G11220,-0.23054761164780954
AT1G11230,-0.0984209182223578
AT1G11240,0.7022105307653925
AT1G11250,0.7551646081444264
AT1G11260,0.02881351254317624
AT1G11270,0.0005763559477286108
AT1G11280,-0.14912803650760442
AT1G11290,0.2894386951839473
AT1G11300,-0.06649039823008078
AT1G11303,-0.7325348972000332
AT1G11310,-0.32513976564687347
AT1G11320,0.29812907800320476
AT1G11330,0.02776066308345113
AT1G11340,0.051014557694746665
AT1G11350,-0.7244953474315499
AT1G11360,0.538635856943588
AT1G11362,0.09918344252318761
AT1G11370,0.45699963812911426
AT1G11380,0.23441449293885333
AT1G11390,0.26018701402341027
AT1G11400,0.01464243107012458
AT1G04847,
AT1G11410,-0.7972575845342226
AT1G11420,-0.1468207749830597
AT1G11430,0.2587687109025533
AT1G11440,0.03924485118675359
AT1G11450,0.00910999519239067
AT1G11460,0.4668358213150976
AT1G11470,0.3721955743016662
AT1G11475,0.6284845577288056
AT1G11480,0.2787588995999489
AT1G11490,-0.038063573332295576
AT1G11500,0.4139471816613693
AT1G11510,-0.04919942097052227
AT1G11520,-0.28972540132979674
AT1G11530,0.08491014529462515
AT1G04853,
AT1G11540,-0.1789910780202167
AT1G11545,0.05144895896021934
AT1G11550,-0.035478282428100145
AT1G11560,0.4077630063941442
AT1G11570,0.08420295283574336
AT1G11572,-0.13789531047577486
AT1G11580,0.0796804144725995
AT1G04857,0.22026038920742735
AT1G11590,-0.42227353009353785
AT1G11591,0.07785457197105447
AT1G11592,0.10502060971094049
AT1G11593,0.04846541106987231
AT1G11600,0.10559227232438573
AT1G11608,0.056397227070218714
AT1G11610,0.6012554771249993
AT1G11620,-0.0040152192181782745
AT1G11630,0.13317005782301253
AT1G11640,-0.17851093758082814
AT1G11650,0.13208820203469135
AT1G11655,0.2593049469939388
AT1G11660,0.11788786347526106
AT1G11670,-0.34717647593209033
AT1G04863,-0.33555989136472886
AT1G11680,-0.32645132965868984
AT1G11684,0.10998501951051334
AT1G11690,0.0915113016474107
AT1G04867,0.18434346407196775
AT1G11700,0.02775630936599231
AT1G11710,0.19434078164631086
AT1G11720,-0.19676489091682692
AT1G04873,
AT1G11730,-0.3746070250466438
AT1G04877,0.018058004905839
AT1G11735,-0.11989964486597787
AT1G11740,0.004652732736106648
AT1G11750,0.07114829050070985
AT1G04883,
AT1G11755,0.17945759536619751
AT1G11760,-0.09352371718221865
AT1G11765,0.1334028473106964
AT1G11770,-0.02432104317843124
AT1G04887,
AT1G11780,0.1815499424842824
AT1G11785,0.42697804372356607
AT1G11790,-0.07934563168677014
AT1G11800,0.007061472788271702
AT1G11810,0.2907649358774763
AT1G11820,-0.0004342364878577235
AT1G04893,
AT1G11840,-0.4167921269259424
AT1G11850,0.15735464142466565
AT1G11860,-0.6073279206004878
AT1G11870,0.15069764652610618
AT1G04897,
AT1G04907,0.24715062946022814
AT1G11880,0.09585502026313177
AT1G11890,0.3654972565879923
AT1G04913,
AT1G11900,0.27763803609779614
AT1G04917,
AT1G11905,0.0907096983872472
AT1G11910,-0.07726839415073523
AT1G11915,0.07927408933597964
AT1G11920,0.25445453553256325
AT1G11925,-0.10408096313096799
AT1G11930,0.2150630172285149
AT1G11940,0.5902213649864261
AT1G11950,-0.01671898960916237
AT1G11960,-0.23359910725208818
AT1G11970,0.29064517130217105
AT1G11980,0.48953009216701143
AT1G11990,-0.20464490193693097
AT1G12000,-0.04372420898031755
AT1G12010,-0.2610930497806881
AT1G12013,0.07945897436004386
AT1G12015,0.27129909006898106
AT1G12020,-0.16660925891335043
AT1G12030,0.2927661237762672
AT1G04923,0.1225700232026947
AT1G12040,-0.37213346691071675
AT1G12050,-0.5058052247292949
AT1G12060,-0.017387832553897895
AT1G12064,0.11027768286908082
AT1G12070,0.11766594795913386
AT1G12080,0.01294679053927471
AT1G12090,-0.11365616211013957
AT1G12100,-0.2223122929367567
AT1G12110,-0.31029971845493526
AT1G12120,0.3326703500836015
AT1G12130,0.028097058176380384
AT1G12140,-0.03596278041197028
AT1G04927,
AT1G12150,-0.29797343216283195
AT1G04933,
AT1G12160,0.2875749853778741
AT1G12170,0.4614087769501219
AT1G12180,0.11765180468037094
AT1G12190,0.5090972777552573
AT1G12200,0.13744716635958648
AT1G12210,-0.32679370039097516
AT1G12211,-0.020867728367612005
AT1G12220,-0.4437388293733746
AT1G12230,-0.04603973625256381
AT1G12240,0.3285966697911745
AT1G12244,0.04256269398350884
AT1G12250,0.19415871247610594
AT1G12260,-0.2292286801649669
AT1G04937,-0.0342944997650522
AT1G12270,-0.1556579864832133
AT1G12280,-0.48689387364623293
AT1G12290,-0.03815882827605085
AT1G12294,
AT1G12300,0.43427631089459623
AT1G12320,-0.26598844923455073
AT1G12310,
AT1G04943,0.348171602210222
AT1G04947,0.20577289148573058
AT1G12330,-0.33185513809900363
AT1G12340,-0.23214875254208156
AT1G12350,0.3048770649326574
AT1G12360,0.12275103841921298
AT1G12370,0.2638584778102993
AT1G12380,-0.294115419781147
AT1G12390,-0.3949745658188582
AT1G12400,-0.2365350645736054
AT1G12410,0.36694758076766265
AT1G12411,0.11632355839717215
AT1G12420,-0.8283044529987525
AT1G12430,-0.6343478908646875
AT1G12440,-0.28221519892942876
AT1G12450,0.6246586562455757
AT1G12460,0.1141745480615128
AT1G12470,-0.19252061606969026
AT1G12480,-0.006903685714000657
AT1G04953,
AT1G12490,0.09796995646697884
AT1G04957,0.41382805744103
AT1G12500,0.5287929035806148
AT1G12510,0.10003593277155046
AT1G12520,-0.22910102317258835
AT1G12530,-0.25803803879634074
AT1G12540,0.05492478434134923
AT1G12550,0.08185199874442543
AT1G12560,-0.04563723970376915
AT1G12570,-0.27995124060117627
AT1G12580,0.22007745205358026
AT1G12590,
AT1G12600,0.2443746750865905
AT1G04963,-0.022930980172904757
AT1G12610,0.18361771325626444
AT1G12615,0.15712917745050883
AT1G12620,-0.09703501296852786
AT1G12630,0.09827152013875035
AT1G12640,0.09497452199050664
AT1G12650,-0.3936787712126843
AT1G12660,0.15209270247197101
AT1G12663,0.00964109055586518
AT1G12665,-0.04058685144165114
AT1G12672,0.20103887586296565
AT1G12680,0.3117550379501949
AT1G12700,-0.6135421853683672
AT1G12710,0.18395364768254358
AT1G12730,0.15655445470091164
AT1G04967,-0.06781279938257868
AT1G12740,-0.381165859727425
AT1G12750,-0.1799832942006068
AT1G12760,0.18373013133398702
AT1G12770,-0.27931387326680035
AT1G12775,0.2316757531982924
AT1G12780,-0.08865774519909245
AT1G12790,0.20365677915706665
AT1G12800,0.13336715094972884
AT1G12805,-0.30209398736946635
AT1G12810,0.6489299178009427
AT1G04973,
AT1G12820,-0.2625700366851436
AT1G04977,
AT1G12840,-0.234763059108667
AT1G12830,
AT1G12845,-0.47200245608495595
AT1G12850,0.07892417328249464
AT1G12855,0.05168413658076319
AT1G12860,-0.07856157060753625
AT1G12870,0.059946806293051
AT1G12880,-0.6942986587773082
AT1G04983,0.0775592968354626
AT1G12890,0.2708320741531876
AT1G12900,-0.07838098613632788
AT1G12910,0.2858310170945636
AT1G12920,0.4468885751094081
AT1G12930,-0.2395284679902958
AT1G12940,0.4704363159978807
AT1G12950,-0.18852257050136162
AT1G12960,-0.42435507351584606
AT1G12970,0.46917858422076875
AT1G12980,0.0667440525351958
AT1G12990,0.3145529186007598
AT1G13000,-0.21095482671437485
AT1G13010,-0.10514985204644194
AT1G13020,-0.5933334877071215
AT1G13030,-0.6125762933778975
AT1G13040,0.27694192271895807
AT1G13050,0.37153814264793183
AT1G13060,-0.6853107974589561
AT1G04987,0.06416414261062195
AT1G13080,-0.150542067620622
AT1G13090,0.3335381768459514
AT1G13100,-0.1805057535986459
AT1G13110,-0.6634492449648328
AT1G13120,-0.8574118275395433
AT1G13130,-0.38393971582776526
AT1G13140,0.09635381808834534
AT1G13143,
AT1G13150,-0.5431030686666091
AT1G13160,-0.012751759128826161
AT1G13170,0.63267152885646
AT1G13180,0.4156741656790149
AT1G13190,0.5943348894649837
AT1G13195,0.11921864145654523
AT1G13200,-0.45384373744458956
AT1G13210,0.042948811662326385
AT1G13220,0.2638565538155731
AT1G13230,0.08778103914240469
AT1G13240,0.38612744574348723
AT1G04993,0.593090260848691
AT1G13245,0.007545332797700716
AT1G04997,0.29907161276862587
AT1G13250,-0.04278217711024567
AT1G05003,0.2835942191028584
AT1G13260,0.11116828885383992
AT1G13270,-0.14208240355838755
AT1G13280,0.04692693688333549
AT1G13290,-0.21297788128960435
AT1G13300,0.32139502073397064
AT1G13310,-0.33719915573309067
AT1G13320,-0.19338325135866452
AT1G13330,0.12451879668713124
AT1G13340,-0.12200054694315596
AT1G13350,-0.14287563038540183
AT1G13360,0.06847357003308321
AT1G05007,-0.14446395802337952
AT1G13370,0.09670108146225317
AT1G13380,0.18225301884647035
AT1G13390,0.20686543284022324
AT1G13400,0.055990956915342185
AT1G13410,0.02551462677219611
AT1G13420,0.20242016224498238
AT1G13430,0.5830312755537896
AT1G13440,0.2854251324098678
AT1G05013,0.06484694347442012
AT1G13448,0.09790338890877798
AT1G13450,-0.2759641794518733
AT1G13460,0.47201374790074224
AT1G13470,-0.20924502621211336
AT1G13480,-0.28100867308072963
AT1G13485,0.25002986968906465
AT1G13490,0.005598215466103938
AT1G13500,-0.13517051213874834
AT1G13510,0.15655774206194412
AT1G13520,0.3559352524798777
AT1G13530,-0.22419301424302332
AT1G13540,-0.34892851818170795
AT1G13550,-0.17724383399202318
AT1G13560,-0.4258738451103097
AT1G13570,0.31507150232353304
AT1G13580,0.006368280176697291
AT1G13590,-0.09243437715995424
AT1G13600,-0.5218216404617497
AT1G13605,0.11032795489064758
AT1G13607,-0.5802251369048494
AT1G13608,-0.32386521808129753
AT1G13609,0.16761678689462167
AT1G13610,-0.02071085264362249
AT1G13620,0.2643719020376209
AT1G13630,-0.08987509239627127
AT1G13635,0.3263120588678199
AT1G13640,-0.38772767569064676
AT1G13650,0.050448387951357095
AT1G13670,-0.12347230421658867
AT1G13680,0.018960591193930922
AT1G13690,0.2411158181305941
AT1G05017,
AT1G13700,-0.3205360513146016
AT1G05023,
AT1G05027,0.035605966090325576
AT1G13710,-0.0026082419549724734
AT1G13720,
AT1G13730,0.3335763667424706
AT1G13740,0.5345067990960521
AT1G05033,
AT1G13750,-0.2613740094123512
AT1G13755,0.08976684691775443
AT1G13760,0.19361087112199996
AT1G13770,0.19825869471893984
AT1G13780,0.01571629937100433
AT1G13790,0.05073658867683849
AT1G13800,0.24027578703432398
AT1G13805,
AT1G13810,-0.3171102406255173
AT1G13820,0.3590334700975203
AT1G13825,-0.5996914729936381
AT1G13830,0.22346435862976763
AT1G13840,-0.07106279741393112
AT1G13850,
AT1G13860,-0.11524366293912687
AT1G13870,0.39234907719365164
AT1G13880,0.1193453305319603
AT1G13890,-0.12715804642074385
AT1G13900,0.050529866857066466
AT1G13910,0.3830174833532686
AT1G13920,-0.2989591898867876
AT1G13930,0.025479550995628604
AT1G13940,-0.09648714100965787
AT1G05037,-0.02136975545490968
AT1G13950,-0.14317704721105853
AT1G13960,0.41572926588208836
AT1G13970,0.35388095526637603
AT1G13980,-0.25833941842550917
AT1G13990,-0.4669521142640688
AT1G14000,-0.4880812986138573
AT1G14010,0.7866316695487319
AT1G05043,
AT1G14020,-0.08035840275829742
AT1G14030,0.2288109606635748
AT1G05047,
AT1G14040,0.1713894724095864
AT1G14048,0.07430451338235743
AT1G14060,0.0033449335111211675
AT1G14071,0.11319034270837565
AT1G14080,0.29680987234724
AT1G14100,0.03034144856500578
AT1G14110,-0.002446932717151799
AT1G05053,0.10750565619640667
AT1G14120,0.034617532551269425
AT1G14130,0.1991336970943387
AT1G14140,0.25955046930855097
AT1G14150,-0.059723075653496126
AT1G14160,-0.07866265674163297
AT1G05057,0.08649496748427297
AT1G14170,0.36982509053883894
AT1G14180,-0.021392277015708554
AT1G14185,-0.19654296639067975
AT1G14190,0.030915385695118685
AT1G14200,0.27143099240296337
AT1G14205,-0.1710644228089987
AT1G14210,-0.27376407196402147
AT1G14220,-0.024843127751785026
AT1G14230,-0.07007458877865763
AT1G14240,0.0383424321751383
AT1G14250,0.07230384923758061
AT1G14260,0.31748809230426694
AT1G14270,-0.03463903742816057
AT1G14280,-0.42650982324126335
AT1G14290,-0.3082698106743252
AT1G14300,-0.24031448558048776
AT1G14310,-0.24717273278324328
AT1G14315,0.20640165930108514
AT1G14320,0.6586708215045144
AT1G14330,0.045128709402144224
AT1G14340,-0.04676891711322421
AT1G14345,0.29883955958486735
AT1G05067,-0.049695167802211
AT1G05073,
AT1G14350,0.36496497621847884
AT1G14360,-0.8980072526564409
AT1G14370,0.13263077201777096
AT1G05077,
AT1G14380,-0.04817230178363407
AT1G05083,
AT1G14390,0.06676846947119847
AT1G14400,0.4416495092708353
AT1G14410,0.0956634576859813
AT1G14420,0.09203047154048194
AT1G14430,0.02129946153478003
AT1G14440,0.3002820182058578
AT1G14450,-0.1529785733238022
AT1G14453,
AT1G14455,-0.16810157649158639
AT1G14460,-0.7507416191606902
AT1G05093,0.24320684130701906
AT1G14470,0.2414135200421882
AT1G14480,0.09116757267865638
AT1G14490,0.058346549773074935
AT1G14500,0.414036262689689
AT1G14510,0.3357611355161502
AT1G14518,0.030726758670706573
AT1G14520,0.2983275368702889
AT1G14530,-0.21260586477881188
AT1G14540,0.26254986630651567
AT1G14550,-0.5095224564315766
AT1G14560,0.20598731914996918
AT1G14570,-0.48220410805430036
AT1G14580,-0.0009093236891770896
AT1G05097,-0.1429076196814885
AT1G05103,-0.7993042178502374
AT1G05107,0.13125828603842501
AT1G14590,-0.21601464541120674
AT1G14600,-0.021250484383775536
AT1G14610,0.39893861736053965
AT1G14620,-0.038976406969597886
AT1G14630,0.35437010781808004
AT1G14640,0.11845095302974604
AT1G14642,-0.09043520269083555
AT1G14650,-0.510082624066754
AT1G14660,0.024096504992631357
AT1G05113,
AT1G14670,-0.6567718862016475
AT1G14680,-0.9361769297363765
AT1G14685,-0.4123810406427412
AT1G14686,-0.3010747160252854
AT1G14687,0.24723571283801232
AT1G14688,0.23031035711680503
AT1G05117,0.41381247140249905
AT1G14690,-0.17306227027389112
AT1G14700,-0.1967333230166562
AT1G14710,-0.5810990762474815
AT1G14720,-0.271664048847637
AT1G14730,0.29195103779093484
AT1G14740,0.4296330577847135
AT1G14750,0.07454123541555428
AT1G14755,-0.04171275762553364
AT1G14760,0.043171574512741194
AT1G14770,0.3053855872310514
AT1G14780,-0.05975574001597024
AT1G14790,-0.10191030324715691
AT1G14800,0.14890229545127776
AT1G14810,-0.402333366918346
AT1G05123,
AT1G14820,-0.16949237243967508
AT1G14830,0.22799858742602425
AT1G14840,0.36482716612187055
AT1G14850,0.13932338074644243
AT1G14860,-0.32329018840874346
AT1G14870,-0.13070815939500566
AT1G05127,0.7017493850606644
AT1G14880,0.30498156140750937
AT1G14890,-0.2613894812926185
AT1G14900,0.37833315059414685
AT1G14910,0.1173933704874199
AT1G05133,0.10862983348039694
AT1G14920,-0.06034235503364973
AT1G14930,0.4987970652103054
AT1G14940,0.25362644538643914
AT1G14950,-0.2731587096570564
AT1G14960,-0.12652307361769813
AT1G14970,0.23232430857641248
AT1G14980,-0.23586777773998707
AT1G14990,0.35533843763038075
AT1G15000,
AT1G15002,-0.05382012782130731
AT1G05137,
AT1G15010,0.24527988048613275
AT1G15015,0.06600432833560459
AT1G15020,0.12677657339070272
AT1G15030,-0.5477164335794569
AT1G05143,
AT1G15040,0.013973451460063067
AT1G05147,
AT1G15050,-0.43386427510561554
AT1G15060,-0.5400204125244562
AT1G15080,0.11172393709619302
AT1G15090,0.2825706929364145
AT1G05153,0.013207834215979134
AT1G15085,0.024550933935271548
AT1G15100,-0.28656391642048895
AT1G15110,0.33183788243559975
AT1G15120,0.44431945994062644
AT1G15125,-0.1994146821282733
AT1G15130,0.023654104028592908
AT1G15140,0.3592236484326952
AT1G15150,0.22044466825034795
AT1G15160,-0.02330087071359005
AT1G15165,0.38276264387435227
AT1G15170,0.31699997457391715
AT1G15175,0.44746286353943954
AT1G15180,0.20559548798710892
AT1G15190,-0.006944993504714288
AT1G15200,0.21180265736099252
AT1G15210,0.5063425445011259
AT1G15215,0.010819195042605268
AT1G15220,0.07837228379252179
AT1G15230,0.5199498542043989
AT1G15240,-0.02345785889657203
AT1G15250,0.3612038494500072
AT1G15260,0.1309588156162098
AT1G15270,0.38885611175567397
AT1G15280,-0.055532673268730626
AT1G15290,0.26212465931932816
AT1G15310,0.3523089406363872
AT1G15320,0.31320562672804403
AT1G15330,0.136457755297462
AT1G15340,-0.002698684926222454
AT1G15350,0.062232743300599545
AT1G15360,0.8494322307287278
AT1G15370,0.4973606607133066
AT1G15380,-0.09487901521624983
AT1G15385,-0.5235113836958563
AT1G15390,-0.2707006896066165
AT1G15400,0.48644496026853995
AT1G05163,-0.15486479194520064
AT1G15405,
AT1G15410,-0.2691697655203027
AT1G15415,0.24193242763249453
AT1G15420,-0.30444717808849214
AT1G15430,-0.44297446545947183
AT1G15440,-0.2528440703912483
AT1G15450,
AT1G15460,-0.11297776367506111
AT1G15470,-0.34156658306039955
AT1G15480,0.04485827469236294
AT1G15490,0.45846775957596125
AT1G15500,-0.17139425966182528
AT1G15510,-0.4044043992427968
AT1G15520,0.02425859592050744
AT1G15530,0.11683301115962666
AT1G15540,-0.3544046002313297
AT1G15550,-0.38575212913769624
AT1G05173,0.007145883128237294
AT1G15570,-0.21072200935428906
AT1G15580,0.2233634159691856
AT1G15590,0.26363903941407585
AT1G15600,0.2642478044089008
AT1G15610,0.3227546781869372
AT1G15620,0.379310163345489
AT1G15625,-0.05523642043498363
AT1G15630,0.020558416923299894
AT1G15640,-0.19848182880102413
AT1G15650,
AT1G15660,-0.13475255963991217
AT1G15670,-0.18734116793632896
AT1G15680,0.28945326661726767
AT1G05177,0.12348619541939507
AT1G15690,0.05418382895882841
AT1G05183,0.39212899758968833
AT1G15700,
AT1G15710,0.30868267306895364
AT1G15720,0.1565314516958428
AT1G05187,
AT1G15730,0.41485231852957377
AT1G05193,-0.03184896619019062
AT1G15740,0.06159472873357393
AT1G15750,-0.13164235183855785
AT1G05197,0.1089737002191183
AT1G15757,0.09174508101756586
AT1G15760,-0.3736796756820315
AT1G15770,-0.22215001684278743
AT1G15772,0.029932294522225015
AT1G15780,-0.11761062371586696
AT1G15790,0.29332783732839135
AT1G15800,0.3014869866611139
AT1G15810,-0.8459133020953139
AT1G05203,
AT1G15820,0.2425276028142614
AT1G05207,
AT1G15830,0.03207307953957567
AT1G15825,
AT1G15840,0.4033536341453148
AT1G15850,-0.7250774499831242
AT1G15860,0.0790307964195563
AT1G15870,-0.16879938189225113
AT1G15880,-0.19079278264927796
AT1G15885,0.005793749022806331
AT1G15890,-0.6389395993024004
AT1G15900,0.35428476064076736
AT1G15910,0.07166581283058825
AT1G15920,0.4136318642429083
AT1G15930,-0.05125003447124975
AT1G15940,-0.4682303017385689
AT1G15950,-0.2978721026739224
AT1G05213,
AT1G15960,0.2295271980590169
AT1G15970,-0.17815760167880576
AT1G15980,-0.20515362967776768
AT1G15990,0.14436172196117364
AT1G16000,0.43748149870732517
AT1G16010,0.45707285157618266
AT1G16020,-0.4171167644280619
AT1G16022,
AT1G16025,
AT1G16030,-0.1615512735534953
AT1G16040,0.22826091371929608
AT1G16060,0.05755681198490918
AT1G16070,-0.7722246805611799
AT1G16080,0.05961249964913541
AT1G16090,0.1810218400158552
AT1G16100,
AT1G16110,-0.4839817620096288
AT1G05217,-0.40184535256638265
AT1G16120,-0.19669635440523803
AT1G16130,0.07662194974632089
AT1G16150,0.046007047600099625
AT1G16160,-0.34702632782439097
AT1G16170,-0.24823380205550655
AT1G16180,-0.5825341376443509
AT1G16190,0.3016435864348515
AT1G16210,0.3222426246565997
AT1G16220,0.0962588054965673
AT1G16225,-0.12528691783028362
AT1G05223,0.13694653840846782
AT1G16230,0.29241664337611717
AT1G16240,0.22376849149277997
AT1G16250,-0.06408288321060936
AT1G16260,-0.07945323780491109
AT1G16270,0.052650589583743745
AT1G16280,0.08876558272423088
AT1G16290,-0.26390526113310236
AT1G16300,-0.2664482583021702
AT1G16310,0.0034335337538438987
AT1G16320,0.2489270429146498
AT1G16330,-0.3704508678814816
AT1G16340,-0.12615942086607396
AT1G16350,-0.03229087864487812
AT1G16360,-0.0063951270693569
AT1G16370,0.20101384551273774
AT1G16380,0.23523923202263627
AT1G16390,-0.07781826274919608
AT1G16400,-0.2454934219907149
AT1G16410,-0.057751777433499775
AT1G16420,0.14390257515204505
AT1G16430,0.5240271075524816
AT1G16440,-0.26918263276781285
AT1G16445,0.10794490099648388
AT1G16450,
AT1G16460,-0.6263217972332941
AT1G16470,-0.11627310432783476
AT1G16480,0.5571046583885461
AT1G05227,0.2489884732148625
AT1G16489,-0.6150570703546826
AT1G16490,
AT1G16500,0.13882483529476958
AT1G05233,-0.08430838881640752
AT1G16510,0.14745648876800124
AT1G05237,-0.20425143485143257
AT1G16515,-0.10915567140613452
AT1G16520,-0.10357674689227128
AT1G16530,0.10100576045971058
AT1G16540,0.35599531667495676
AT1G16560,-0.3549188907104009
AT1G05243,
AT1G16570,-0.04437660094673629
AT1G16590,0.24875354869578925
AT1G16610,-0.06491748032599379
AT1G16630,-0.3656601851737352
AT1G16635,-0.12762758113051234
AT1G05247,
AT1G16640,0.0014215569114366066
AT1G16650,-0.4012444468988
AT1G16670,0.11979210798823249
AT1G16680,0.16497795635386162
AT1G16690,-0.1364664781007811
AT1G16700,0.1376243003148316
AT1G16705,-0.018046067830498787
AT1G16710,-0.06259070701651248
AT1G16720,-0.26057989997174524
AT1G05253,
AT1G16730,-0.03217697507082039
AT1G05257,
AT1G16740,0.34902910040518476
AT1G16750,-0.4069961879289799
AT1G05263,0.039510574661267645
AT1G16760,0.8582039915454616
AT1G16770,-0.2969931409326364
AT1G16780,0.22221555993601017
AT1G16790,
AT1G16800,-0.02871726754769868
AT1G16810,-0.6335313822975762
AT1G16820,0.12583694986692753
AT1G05267,
AT1G05273,
AT1G16825,0.08854327785442988
AT1G16830,0.010104977021158854
AT1G16840,-0.04194328964544309
AT1G16850,0.49408694373063755
AT1G16860,0.0037344100812873268
AT1G16870,0.011207200622002884
AT1G16880,0.46138624557409597
AT1G16890,0.09769816516946388
AT1G05277,
AT1G16900,0.33948284043486837
AT1G16905,-0.009799847094180818
AT1G16910,-0.05531423355059486
AT1G16916,-0.20159510104022008
AT1G16920,-0.22149378874889367
AT1G16930,-0.3480373170916116
AT1G16940,0.29021471014939315
AT1G16945,0.01590862975910231
AT1G16950,-0.22728571133781847
AT1G16960,-0.7262726650376093
AT1G16970,0.05097791728940436
AT1G16980,-0.18570696371041479
AT1G17000,-0.04397824610748049
AT1G17010,0.11463304715562386
AT1G17020,0.13245873850902226
AT1G17030,-0.27238261689764987
AT1G17040,-0.0670636430673962
AT1G05283,0.03566911664625861
AT1G17050,-0.08987098232496525
AT1G17060,0.2099149249522666
AT1G17065,
AT1G05287,0.063513837989645
AT1G17070,0.15298516539238444
AT1G17080,0.020259042272601096
AT1G17090,0.18854599486446522
AT1G17100,0.007687200747160747
AT1G17110,-0.2314748823631321
AT1G17120,-0.2501009983384095
AT1G17130,0.10943045865265985
AT1G05293,
AT1G17140,-0.1721002697097931
AT1G05297,
AT1G17145,0.304843106601578
AT1G17147,-0.5341107387977015
AT1G17150,0.47058848633425104
AT1G17160,0.05415997365678929
AT1G17170,0.07123199262083402
AT1G17180,0.18194428079117098
AT1G17190,0.126669687123874
AT1G17200,-0.36917833208335227
AT1G17210,-0.07733030993652057
AT1G17220,-0.4476296469056141
AT1G17232,
AT1G17230,0.2518468299488102
AT1G17235,-0.06561712614906472
AT1G17240,-0.34787000164496784
AT1G17255,-0.5925814540948051
AT1G17250,
AT1G17260,0.6250964572601723
AT1G17270,0.11811552201117008
AT1G17280,0.2535824766434474
AT1G17285,-0.01676881274292658
AT1G17290,-0.44843696812517597
AT1G17300,0.21875807204454845
AT1G17310,0.283812329456851
AT1G17330,0.23514026478877692
AT1G17340,-0.09410139676740978
AT1G17345,0.07757121441046616
AT1G17350,0.021386051275282706
AT1G17360,-0.11192924241836034
AT1G05303,
AT1G17370,-0.09716023582604853
AT1G17380,0.35927259317075355
AT1G17400,-0.034656649431045766
AT1G05307,0.26431748266150756
AT1G17410,-0.344529152827797
AT1G05313,-0.1381713257843678
AT1G17420,0.2802194165922947
AT1G17430,-0.43970367382139347
AT1G17440,0.011637984836210096
AT1G17450,-0.31255353283217907
AT1G17455,-0.016471971445232356
AT1G17460,-0.3219458913185874
AT1G17470,0.38138113114433897
AT1G17480,0.17892420002101542
AT1G17490,0.08579807601185144
AT1G17500,0.17628053870427027
AT1G17510,0.3047884692073683
AT1G17520,-0.18755228952791453
AT1G17530,0.3449328971549594
AT1G17540,0.13051014727042048
AT1G17545,-0.23423880569986502
AT1G17550,-0.0229512088344391
AT1G17560,-0.266343698172154
AT1G17570,
AT1G17580,0.09944552455895532
AT1G17590,0.42599878387671614
AT1G17600,-0.5165666700445074
AT1G17610,-0.48302293067909624
AT1G17615,0.041683067477730644
AT1G17620,0.44945740811486395
AT1G17630,-0.18089454472230482
AT1G17640,0.30665465949311654
AT1G17650,0.20750519836818884
AT1G17665,-0.24246644062235362
AT1G17660,-0.5203319481359121
AT1G17670,0.10505239252541543
AT1G17680,0.2984216451609208
AT1G17690,-0.0036067755152412234
AT1G17700,-0.13448140321591234
AT1G17710,0.03944465178953485
AT1G17720,0.26124901191705835
AT1G17730,0.4317147110894895
AT1G17744,
AT1G17745,-0.43046781760688846
AT1G05317,
AT1G17750,0.04596616752766489
AT1G05323,
AT1G05327,
AT1G17760,-0.2519650247142333
AT1G17770,0.08593496539976529
AT1G17780,0.0027688639676645144
AT1G17790,0.059348867753280576
AT1G17800,0.09885614183434661
AT1G17810,0.17145448418637493
AT1G05333,
AT1G17820,
AT1G17830,0.41865633853271156
AT1G05337,
AT1G17840,-0.6114457819507154
AT1G17850,-0.0016050938956889387
AT1G05343,
AT1G17860,0.10255267776878044
AT1G05347,
AT1G17870,-0.1877842785585011
AT1G05353,
AT1G17880,0.15193084730786047
AT1G17890,-0.04004412924094361
AT1G17910,0.35009939528702017
AT1G17920,-0.6570512761011852
AT1G05357,
AT1G17930,0.012896602937455454
AT1G17940,-0.8249176301242241
AT1G17950,0.0794005067887905
AT1G17960,0.26912171808288177
AT1G17970,-0.010272336854672508
AT1G17980,-0.036323787250665596
AT1G17990,-0.11765293674698243
AT1G18000,
AT1G18010,-0.18051663536236506
AT1G18020,-0.08373421864096267
AT1G18030,0.18080316049068176
AT1G05363,
AT1G18040,-0.5565075109915602
AT1G05367,
AT1G18050,0.5381854660099189
AT1G18060,0.01999281669583645
AT1G18070,-0.07006541277130131
AT1G05373,
AT1G05377,0.062478582686644794
AT1G18075,0.30678106502075325
AT1G18080,-0.5132996418094407
AT1G18090,0.2433195910910155
AT1G18100,0.22300768479622032
AT1G05383,
AT1G18130,0.26611163901538165
AT1G18140,0.06995712820253946
AT1G18150,0.29976364085700585
AT1G18160,0.1144956792006555
AT1G18170,0.24036499679366943
AT1G18180,0.0564497797349009
AT1G18190,0.22388335076360807
AT1G18193,0.24016224461940539
AT1G18197,0.18644509164860645
AT1G18200,0.45275087762253263
AT1G18210,0.5077162894291457
AT1G18220,-0.018165333057027177
AT1G05387,0.07596943692852844
AT1G05397,-0.44635301156001284
AT1G18250,-0.3529258865219095
AT1G18260,0.48131010354751913
AT1G18265,0.2687563384625948
AT1G18270,0.002366267939421363
AT1G18280,0.013984923714257585
AT1G18290,-0.012323333601059028
AT1G18300,0.312959840923408
AT1G18310,0.727282493386073
AT1G18320,0.5083908128283227
AT1G18330,-0.0037782515505363967
AT1G18335,0.5232279924310569
AT1G18340,-0.07578109803195802
AT1G18350,-0.04653223567391315
AT1G18360,-0.27850523972308
AT1G18370,0.15841770997635216
AT1G18390,-0.05326534598822377
AT1G18382,
AT1G18400,-0.06064381973331708
AT1G18410,0.1594466963575689
AT1G18415,0.38609805266550024
AT1G18420,
AT1G18430,0.17038003160372814
AT1G18440,0.5206675049512399
AT1G18450,-0.33760951919744514
AT1G18460,0.10043189567881601
AT1G18470,0.22899428797310734
AT1G18480,-0.25786501436630327
AT1G18485,-0.3445138763225419
AT1G18486,-0.04402043731253162
AT1G18490,-0.01998351493146149
AT1G18500,-0.17577645691101282
AT1G18510,-0.5047554217390211
AT1G18520,0.14266197159220192
AT1G18530,
AT1G18540,0.23817103580724078
AT1G18550,0.3642550377061733
AT1G18560,-0.24712868425511797
AT1G18570,0.3607622805211708
AT1G18580,0.06470088918703723
AT1G18590,-0.0572594770554207
AT1G18600,-0.32645772989503374
AT1G18610,-0.14978249438401192
AT1G18620,-0.3330924973614946
AT1G18630,0.06717395221270157
AT1G18640,-0.1352002587292627
AT1G18650,0.20600436440014097
AT1G18660,0.0013427047506302245
AT1G18670,-0.1944536789915169
AT1G18680,0.525088388376297
AT1G18690,0.09866891048018282
AT1G18700,0.6187845353577173
AT1G05407,0.15193688269718728
AT1G05413,0.19417192739593933
AT1G18710,0.29933282048718257
AT1G18720,0.24814880224063846
AT1G18730,-0.041900837234469884
AT1G18735,
AT1G18740,0.29401212179930086
AT1G18745,0.05571753162043533
AT1G05417,
AT1G05423,
AT1G05427,
AT1G05433,
AT1G18750,0.013737988107135057
AT1G18760,0.07440583939677108
AT1G18770,0.19354398627148442
AT1G18773,-0.284279209503358
AT1G18780,-0.17225589199044833
AT1G18790,-0.014334190305603052
AT1G18800,-0.04827553067051333
AT1G18810,-0.1314544948833797
AT1G18820,
AT1G18830,0.10412002591594183
AT1G18835,-0.15816582961946138
AT1G05443,-0.0885601598743204
AT1G18840,0.3697356610598772
AT1G18850,-0.21742694948464383
AT1G05447,
AT1G18860,0.0223323599052702
AT1G18870,0.20955904198205902
AT1G18871,0.5182782074429632
AT1G18880,0.21194658766350347
AT1G18879,
AT1G18890,-0.2221079674690789
AT1G05453,
AT1G18900,0.06101955539260309
AT1G18910,0.020723557927673983
AT1G18940,-0.921809488698376
AT1G18950,-0.14113158189979624
AT1G18960,-0.16907893099353954
AT1G18970,-0.004880625613559535
AT1G18975,0.30849175716586025
AT1G18980,-0.2454951284206134
AT1G18990,-0.23992775477214806
AT1G19000,0.032583630313867955
AT1G19010,-0.07857948056510738
AT1G19020,0.390867983537647
AT1G19025,0.16451634005701343
AT1G19040,-0.3360359215957308
AT1G19050,-0.3137769365941747
AT1G19060,-0.5427401853696119
AT1G19080,0.4176603270851316
AT1G19070,
AT1G19086,0.3219773237853144
AT1G19090,-0.1855571725243535
AT1G19100,-0.5396326753433851
AT1G19110,-0.17300480372781163
AT1G19115,-0.12179305625944442
AT1G19120,0.4182861200287026
AT1G05463,
AT1G19130,0.4930372007187117
AT1G05467,
AT1G19140,0.3882620567353464
AT1G19150,0.38952692936949024
AT1G19160,0.4528292893660419
AT1G19170,0.19517287487544638
AT1G05473,0.12197163559846809
AT1G19180,0.22304755066390736
AT1G19190,0.11695201760077428
AT1G19200,0.1340133084963784
AT1G19210,0.22199484961993263
AT1G19220,0.16062809720758475
AT1G05477,0.1301894093975497
AT1G05483,0.1083002191312967
AT1G05487,0.08266637472512203
AT1G19230,0.4617629889103592
AT1G19240,-0.413050914008181
AT1G19250,-0.24101089465276307
AT1G19260,0.29321514697925427
AT1G19270,-0.1180195937961811
AT1G19290,0.3531744982993552
AT1G05493,0.24433621409697445
AT1G05497,0.27852167908270287
AT1G19300,-0.061028254293071994
AT1G19310,-0.04734973950191195
AT1G19320,0.46114494286041735
AT1G19330,-0.2896653180082688
AT1G19340,-0.22267115494210268
AT1G19350,-0.6735876495269617
AT1G19360,-0.17470005925280033
AT1G19370,0.1753197504775946
AT1G19371,0.25892195657064787
AT1G19373,0.14291365848187776
AT1G19376,0.09255886181760328
AT1G19380,0.27501453704167556
AT1G19390,0.032048786016404686
AT1G19394,
AT1G19396,0.0742573276019792
AT1G19397,
AT1G19400,-0.3341583685872166
AT1G19410,0.12557943016763862
AT1G19430,0.34050878098165016
AT1G19440,0.7453135980950818
AT1G19450,-0.39725224151099725
AT1G19460,0.07365953582143982
AT1G19464,0.22334768971879673
AT1G19470,0.14799801795659093
AT1G19480,0.46694078949131546
AT1G19485,0.11151360267177421
AT1G19490,-0.6416446903566232
AT1G19500,0.04821490037615007
AT1G19510,-0.1486192876048775
AT1G19520,0.5440478093762539
AT1G19530,0.30574652185840323
AT1G19540,0.009025760382103256
AT1G19550,
AT1G19565,0.30922174751843123
AT1G19570,-0.13790330002044143
AT1G19580,0.17998065580298864
AT1G19600,-0.16164781043979
AT1G19610,0.02624886831741714
AT1G19630,-0.4693518401524333
AT1G19620,
AT1G19640,0.32466401219784174
AT1G19650,0.142525874845115
AT1G19660,0.11598627651106679
AT1G19670,0.07219565707674903
AT1G19680,-0.18108256802338954
AT1G19690,0.35344006292181634
AT1G19700,0.3783743634786351
AT1G05507,0.11835251146744348
AT1G19710,0.09906665014352116
AT1G19715,-0.6013039765721974
AT1G19720,0.15320589247216923
AT1G19730,0.08589309659035746
AT1G19740,0.09208221703563914
AT1G19750,-0.1560648871391013
AT1G19770,-0.5114991225408895
AT1G19780,-0.4009316250745061
AT1G19790,0.055416089835623725
AT1G19800,0.3373826065700799
AT1G19830,0.13756350590270813
AT1G19835,-0.3327072476052693
AT1G19840,-0.6642773357965582
AT1G19850,0.27290146464605525
AT1G19860,-0.21567115852251845
AT1G19870,0.21509572206747096
AT1G19880,0.26664079800389656
AT1G19890,-0.011620163403757046
AT1G19900,0.24367788864646686
AT1G19910,0.09165110824309049
AT1G19920,0.0423058195674792
AT1G19930,0.030213022232397763
AT1G19940,-0.47139373536448337
AT1G19950,0.16361099950653848
AT1G19960,0.09294064505645819
AT1G19968,-0.16748843184454387
AT1G19970,-0.19130944539979772
AT1G19980,0.09275955214664029
AT1G19990,0.2026677716140149
AT1G20000,-0.05339594120815559
AT1G20010,0.26340171210423524
AT1G20015,0.13095143087511618
AT1G05517,0.13641126232698825
AT1G20020,0.3009848568366778
AT1G20030,-0.24937485033444784
AT1G20040,0.0474762715598043
AT1G20050,-0.23618722191518562
AT1G20060,-0.0302026929043016
AT1G20065,-0.07394412063847752
AT1G05523,
AT1G20070,
AT1G05527,-0.061855633526724095
AT1G05533,0.11045702420915367
AT1G20080,0.39042035718126344
AT1G20090,0.1143409558441336
AT1G20100,0.045962723029329924
AT1G20110,0.5608207783220269
AT1G20120,0.488361403252201
AT1G20130,0.0576677602440776
AT1G20132,-0.815852285209821
AT1G20135,0.26667606318723763
AT1G20140,-0.23625998442797824
AT1G20150,0.10677446572362712
AT1G20160,0.07167696742200287
AT1G20170,-0.4699522433139422
AT1G20180,-0.45820235439523066
AT1G20190,-0.1367233625696063
AT1G20200,-0.09795766606071767
AT1G20210,0.15878193100249108
AT1G20220,0.18280943965327642
AT1G20225,-0.2042373104950374
AT1G20230,-0.5830068048993015
AT1G20240,0.2881316049699701
AT1G20250,-0.08014512517230996
AT1G20260,-0.30054889475022717
AT1G20270,0.026289441002126244
AT1G20280,-0.0027892611762460845
AT1G20290,-0.3007362289353271
AT1G20300,0.48120744067096805
AT1G20310,-0.670510472380144
AT1G20320,-0.23107054438975233
AT1G20330,0.22160560024712198
AT1G20340,-0.026471145537524252
AT1G20350,0.13862537561376723
AT1G05537,0.18486814197554352
AT1G20360,0.3522395149698879
AT1G05543,-0.0935592987035511
AT1G05547,-0.3881102572816087
AT1G20370,-0.26286459339144963
AT1G20375,0.06163387248380004
AT1G20380,-0.17139343509363367
AT1G20400,-0.10728122822810936
AT1G20405,-0.11307903616616327
AT1G20410,-0.1848763060876102
AT1G20420,0.15634793209601852
AT1G20430,-0.06647598568698439
AT1G20440,-0.49606505386752947
AT1G20450,-0.012445107797084779
AT1G20460,0.45972323953018834
AT1G05553,-0.03520173403250917
AT1G05557,0.04120337981939695
AT1G20470,-0.6266626183663918
AT1G20480,-0.03928609547437388
AT1G20490,0.21966744857529505
AT1G20500,-0.026652121682149667
AT1G20510,0.08954113092997065
AT1G20515,-0.5025441926725911
AT1G20520,
AT1G20530,-0.3680416217190961
AT1G20540,0.059050572017772446
AT1G20550,-0.3837658558166797
AT1G20560,-0.458809445283491
AT1G20570,-0.06533911612658642
AT1G20575,-0.0386937092864785
AT1G20580,-0.03403220456803049
AT1G20590,0.013568551575108879
AT1G20600,0.21242974036314893
AT1G20610,-0.5231129244512294
AT1G20620,-0.3007360123200371
AT1G20630,-0.33901189351961375
AT1G20640,0.25153853539872306
AT1G20650,-0.16137930802378814
AT1G20670,-0.4062500486425583
AT1G20680,-0.27514829814197717
AT1G20683,0.15397718473054256
AT1G20687,0.2556989837194106
AT1G20691,-0.06822790318911365
AT1G20690,
AT1G05563,
AT1G20693,0.2083078468656715
AT1G20696,0.2218273547531712
AT1G20700,0.21792110016734148
AT1G20710,0.1356646546486418
AT1G20720,-0.12472741115422642
AT1G20730,0.3187878485871626
AT1G20735,-0.021001576160614932
AT1G05567,-0.016800928080113676
AT1G20740,0.2812689467876408
AT1G20750,-0.25497606848307613
AT1G20760,-0.5231582084783809
AT1G20770,-0.22064642846808813
AT1G20780,-0.2226952986908479
AT1G20790,0.004787048636936973
AT1G05583,-0.1693276453920235
AT1G05587,0.06433118218354514
AT1G05593,0.36672468020715693
AT1G05597,0.08242874117234157
AT1G05603,-0.018903365649119097
AT1G20795,-0.007928122983735015
AT1G20800,0.3282381630366125
AT1G20803,-0.054794426984491114
AT1G20810,-0.1453092545777722
AT1G20816,-0.14364014896477237
AT1G20823,0.06303664891188485
AT1G20820,0.09189314533337417
AT1G20830,-0.13913616071803106
AT1G20840,0.22119241664562606
AT1G05607,
AT1G20850,-0.25673180393719713
AT1G20860,0.3739847597583534
AT1G20870,0.4101778589694811
AT1G20875,-0.48457397566699895
AT1G20880,-0.6162454240735284
AT1G20890,-0.31220655890789134
AT1G20900,-0.515703260838183
AT1G20910,-0.11147563633211836
AT1G20920,-0.7266853575163427
AT1G20923,
AT1G20925,0.42411323258009154
AT1G20930,-0.03536057463540454
AT1G20940,0.1120918569946053
AT1G20950,-0.42669653218478626
AT1G20960,-0.2967875544333334
AT1G20970,-0.7529357520671475
AT1G20980,-0.1633440598452739
AT1G20990,0.17441053505102616
AT1G05613,0.2365638073738344
AT1G21000,0.20559224808454413
AT1G05617,0.0925305591618215
AT1G21010,0.44020144420656754
AT1G21050,0.18893933619356593
AT1G05623,0.11369678062424567
AT1G21060,-0.5080213455779804
AT1G21065,-0.16369138095000807
AT1G21070,-0.03206952355473222
AT1G21080,-0.14346288169783014
AT1G21090,0.471254665259711
AT1G21100,-0.3040712834165244
AT1G21110,-0.7278652412727545
AT1G21120,-0.3405374129747351
AT1G21130,-0.21074431205163655
AT1G05627,0.2418112694140563
AT1G05633,0.2731460320571178
AT1G21140,0.2200456402518785
AT1G21150,-0.25096382052485433
AT1G21160,-0.3488701276116384
AT1G21170,0.029481997489339072
AT1G21190,0.35945191708802543
AT1G21200,-0.035030697474119264
AT1G21202,
AT1G05637,
AT1G21210,0.40544114262382946
AT1G21230,-0.05626815457470818
AT1G05643,0.2631028651130685
AT1G21240,-0.14509916977436668
AT1G21245,0.11653679001724898
AT1G21250,-0.3341707945356907
AT1G21270,-0.1561036546382984
AT1G21280,
AT1G21310,0.3024311464304196
AT1G21313,
AT1G05647,0.26267899439646875
AT1G21320,0.23463649140015672
AT1G21323,0.04582794305690745
AT1G21326,0.2819615085710083
AT1G05653,0.26344166585564577
AT1G05657,-0.7769587384921649
AT1G21340,0.5725752409261028
AT1G21350,0.06176512947479342
AT1G21360,-0.31134454383399607
AT1G21370,0.23014202938359046
AT1G21380,0.2133392671536155
AT1G21390,-0.6285010553396371
AT1G05663,0.06204867437838984
AT1G05667,
AT1G05673,
AT1G21395,0.07341119671223113
AT1G21400,-0.439388410250423
AT1G21410,0.060271370029118275
AT1G21420,
AT1G21430,-0.17766218906882925
AT1G21440,-0.3737766362508727
AT1G21450,-0.01511380487306691
AT1G21460,0.05882998456513529
AT1G21470,-0.2081478237565102
AT1G21480,0.29530404118099346
AT1G21475,-0.011918031616040367
AT1G21500,0.4583171576993003
AT1G21510,-0.055512018988217685
AT1G21520,0.23879434633443075
AT1G21528,-0.09683536432667314
AT1G21529,-0.3952916990275963
AT1G21530,0.8280509907852516
AT1G21540,0.3582091912469631
AT1G21550,0.1658130940275781
AT1G21560,0.24076426152473737
AT1G21580,-0.10097099964089203
AT1G21590,0.12180674643428101
AT1G21600,0.04945065120163718
AT1G21610,0.29643923155253676
AT1G21620,0.15491697596840404
AT1G21630,0.019711813754372674
AT1G21640,-0.3898900070973689
AT1G21650,-0.22763224487624714
AT1G21651,
AT1G05683,-0.1040444498274372
AT1G21660,-0.2249745076021056
AT1G21670,-0.053160736075971306
AT1G21680,-0.3356627987694484
AT1G21690,0.34911233829937494
AT1G21695,0.0036290617308849726
AT1G21700,-0.23616137248761865
AT1G21710,0.3044775174488072
AT1G21720,-0.0747777003391552
AT1G21722,0.42877518419605315
AT1G21730,0.3120577870241957
AT1G21740,0.6051501034775786
AT1G21738,
AT1G21750,-0.005960680573938256
AT1G21760,0.4591940733278747
AT1G21770,0.3259896750935733
AT1G21780,0.09298582691006879
AT1G21790,0.20356297264025747
AT1G21800,0.014451521975218689
AT1G21810,0.08327660740005775
AT1G21830,-0.22181577582513837
AT1G21835,-0.26086443578896795
AT1G21840,-0.4064211924619685
AT1G21850,-0.23754388998245615
AT1G21860,0.13780208445262193
AT1G21864,-0.4057253455163163
AT1G21866,0.29842342849432846
AT1G21870,-0.28673242677930894
AT1G21880,0.737136190906974
AT1G05687,
AT1G21890,0.13491933362179187
AT1G21900,-0.17580585813861857
AT1G21910,0.2785905390734203
AT1G21920,0.26787079090549604
AT1G21925,0.09437905821878208
AT1G21928,0.6692942879804539
AT1G21930,0.2140628388821005
AT1G21940,0.06455309871912715
AT1G21950,0.07663543022744827
AT1G21960,-0.2485415633004048
AT1G21970,0.43861241007070045
AT1G21980,-0.7686253067345898
AT1G05693,0.1555073316886721
AT1G05697,
AT1G21990,-0.4660319249981039
AT1G22000,0.08593068430466479
AT1G22010,0.4444649582757843
AT1G22015,0.29921713840469016
AT1G22020,0.3275576463393349
AT1G22030,-0.13499769114670546
AT1G22040,-0.2866790756710281
AT1G22050,-0.28671724342797855
AT1G05703,
AT1G22060,0.06935700379340147
AT1G05707,0.11763859154294429
AT1G22065,-0.33666481866703
AT1G22070,0.1452427204773191
AT1G22080,0.44715648819221226
AT1G22090,0.0836884812272084
AT1G05713,-0.11310846374603321
AT1G22100,-0.13041097568372856
AT1G22110,-0.6142197812069866
AT1G22120,-0.08730078194505335
AT1G22130,-0.10907657726277126
AT1G05717,0.3211580516009314
AT1G22140,0.4034074032425336
AT1G22150,0.30904945836784575
AT1G22160,0.06681598294506493
AT1G22170,0.031237391983189467
AT1G05723,
AT1G22180,-0.1253979902806556
AT1G05727,
AT1G22190,0.24083772002913675
AT1G22200,-0.1929047780021645
AT1G22210,-0.4017654161301095
AT1G22220,0.1906854892434393
AT1G22230,-0.6302440657283107
AT1G22240,-0.09919683330319169
AT1G22250,-0.43408317295372517
AT1G05733,
AT1G22260,0.195582246623584
AT1G22270,0.1192949729405734
AT1G22275,0.2649326080299017
AT1G05737,0.12047637759202907
AT1G22280,0.31124493089237976
AT1G22290,0.09716154859956314
AT1G22300,0.06123048071160926
AT1G22310,0.055863924932458446
AT1G22320,
AT1G22330,0.2056108328874351
AT1G22340,-0.27829369923246766
AT1G22360,-0.3468974531609294
AT1G22370,0.3630457833035869
AT1G22380,-0.5520772891059248
AT1G22400,-0.2312061710511162
AT1G22403,0.28406429805236455
AT1G22410,-0.33756492071774336
AT1G22420,-0.05444446042800265
AT1G22430,0.11141691172992277
AT1G22440,-0.31848773111365075
AT1G22450,0.25507314532151626
AT1G22460,0.10293866744332006
AT1G05747,0.08090953907982346
AT1G22470,-0.04681368711677338
AT1G22480,0.2560299654545686
AT1G22490,0.1852047207981191
AT1G22500,0.23789271123581343
AT1G05753,
AT1G22510,-0.30366102904702247
AT1G05757,
AT1G22520,0.28134597876095224
AT1G22530,-0.24254077830271573
AT1G22540,0.19185769260483487
AT1G22550,-0.21189532653878723
AT1G22570,-0.45896611315811375
AT1G22590,-0.10719263128769853
AT1G22600,0.1390864263677529
AT1G22620,0.13052576439434022
AT1G22610,
AT1G22630,-0.28276418977754036
AT1G22640,0.09250069093268297
AT1G22650,0.08194758854689593
AT1G22660,-0.8069567394012995
AT1G22670,-0.023832852050524014
AT1G22680,-0.24409869658868455
AT1G22690,-0.4956817245323894
AT1G22700,0.16880849877099638
AT1G05763,
AT1G22710,-0.1554668114646853
AT1G22720,0.1407420421753592
AT1G22730,-0.2948882749993472
AT1G22740,0.3381891747827316
AT1G22750,0.4949140602953882
AT1G22760,0.20740303210798672
AT1G22770,-0.3166045148083718
AT1G22780,-0.15267139470743876
AT1G22790,0.3583824045819713
AT1G22800,
AT1G05767,
AT1G22810,
AT1G22830,-0.22847825349279832
AT1G22840,0.5719838552957338
AT1G05773,
AT1G22850,-0.02409747160479138
AT1G05777,
AT1G22860,-0.5119804085522233
AT1G22870,0.20579608308558742
AT1G22880,0.13229785252375925
AT1G22882,-0.43074192415727125
AT1G22885,-0.1198712648812341
AT1G22890,0.10322405805513644
AT1G22900,-0.011747839277620199
AT1G22910,0.14632295901432857
AT1G22920,-0.26163307539674774
AT1G22930,-0.17040776072232486
AT1G22940,0.3934312595469877
AT1G22950,0.37383053963024065
AT1G22960,-0.2777576527770777
AT1G22970,0.0038710222719016583
AT1G22980,0.07227280939791228
AT1G22985,0.31049896024544454
AT1G22990,-0.22005002740088336
AT1G23000,-0.11362418004558587
AT1G23010,0.18838227224194262
AT1G23020,0.2378135475641861
AT1G23030,0.1626496914224377
AT1G23037,0.47705569957481603
AT1G23040,-0.2633654539392135
AT1G23050,
AT1G23052,
AT1G23060,-0.23005271156916565
AT1G23070,0.5586323459264021
AT1G23080,0.06660012751275107
AT1G23090,0.0070024855567537144
AT1G23100,0.6800198599878702
AT1G23110,0.1873671194127809
AT1G05787,
AT1G23120,0.19927266133286092
AT1G23130,-0.6061512733519915
AT1G23140,0.20901444479040573
AT1G23145,0.06577792406594443
AT1G05793,0.4518824780326364
AT1G23147,-0.1601145989061982
AT1G23150,-0.27383287904186254
AT1G23160,0.4468010450290968
AT1G23170,-0.4540057832443412
AT1G23180,0.1075922523338363
AT1G23190,0.01715864179922513
AT1G23200,0.09647394705511256
AT1G23201,0.32146843975344364
AT1G23205,0.062370578431308325
AT1G23210,-0.15970894642770986
AT1G23220,0.40748948843420874
AT1G23230,-0.2736288823078946
AT1G23240,-0.3182330357805374
AT1G23250,0.24106007501108953
AT1G23260,-0.3609241514339513
AT1G23270,-0.6339151657378752
AT1G23280,0.30155092791252225
AT1G23290,
AT1G23300,0.1699699128357693
AT1G23310,-0.6693963259755971
AT1G23320,-0.028241405625177345
AT1G23330,-0.09970134597397438
AT1G23340,-0.5457544015032717
AT1G23350,-0.2398402991044409
AT1G23360,0.12149525717468385
AT1G23380,0.1577959730121187
AT1G05797,-0.17733522423555054
AT1G05803,0.19694444724524376
AT1G05807,0.12142032428699923
AT1G05813,-0.001728221594428069
AT1G23390,-0.0024668726362376795
AT1G23400,0.31410374157300014
AT1G23410,
AT1G23420,0.25046454115405076
AT1G05817,0.08605252442996997
AT1G23440,-0.20154545419493566
AT1G23450,0.31694183533924586
AT1G23460,-0.10711450811082968
AT1G23465,0.0413799258636084
AT1G23480,-0.48958945962993466
AT1G23490,0.30956587523818624
AT1G23500,0.23163622362228098
AT1G23510,0.11656864150055732
AT1G23520,-0.11864049450844792
AT1G23530,-0.6044495083515962
AT1G23540,0.012273438984054145
AT1G23550,-0.03876586334037715
AT1G23560,0.15437970354094838
AT1G23570,-0.23609262584641363
AT1G23580,0.09884362223692697
AT1G23590,0.2559253667054419
AT1G23600,0.3148789026964566
AT1G23610,0.32061818495012046
AT1G05823,0.27883562832232994
AT1G23640,-0.030594279007351333
AT1G23645,-0.6150890368686046
AT1G23650,-0.20923668682560495
AT1G23660,0.12247094041661934
AT1G23670,0.09504551182936764
AT1G23680,-0.014693047141927354
AT1G23690,0.22345644598203626
AT1G23700,-0.03281457343948921
AT1G23710,-0.1664710475779941
AT1G05827,-0.04585394208347396
AT1G23720,0.4461983443438756
AT1G23730,0.3842319477762779
AT1G23740,0.14581420164031672
AT1G23750,-0.1611842531164742
AT1G23760,0.08843038006224435
AT1G23770,0.10020273503474046
AT1G23780,0.24549938304169566
AT1G23790,0.28141927577546216
AT1G23800,-0.06994678925464713
AT1G23810,-0.12095681169795915
AT1G23820,0.15207045283297355
AT1G05833,
AT1G23830,-0.08260153029767417
AT1G05837,
AT1G23840,0.35252958812588026
AT1G23850,-0.25410070006813784
AT1G23860,-0.2781911613409715
AT1G23870,-0.16463779440550344
AT1G23880,-0.07205845516576939
AT1G23890,0.35841923012464355
AT1G23900,-0.037883635211466926
AT1G23910,0.3718570598905707
AT1G23915,0.3410046041874764
AT1G23935,0.0556633547628202
AT1G23950,0.08627736224292039
AT1G23960,0.2919763222117109
AT1G23965,0.04113241675918811
AT1G23970,0.4479002479803044
AT1G23980,0.11225936719124968
AT1G23985,-0.04418348230142767
AT1G05843,
AT1G23995,
AT1G05847,-0.08607762445932582
AT1G24000,0.06620156329088367
AT1G24010,0.04959270174306785
AT1G24020,0.042219624265058577
AT1G24030,0.09954707465719614
AT1G24040,-0.4276037997372183
AT1G24050,0.21911552771161708
AT1G24060,-0.23964608740983798
AT1G24062,0.25381722663793765
AT1G24068,-0.17620856747338418
AT1G24070,0.015324685075835237
AT1G24080,0.07804210329165641
AT1G24090,0.1897910290272268
AT1G24095,0.13999114551419609
AT1G05853,0.10950390841098324
AT1G24100,-0.17210937600250628
AT1G24110,0.2468588462436965
AT1G24120,-0.022747370348787387
AT1G24130,0.050731616075334364
AT1G24140,0.007741380836002546
AT1G05857,-0.22157999636468925
AT1G24145,0.188473423674911
AT1G24147,0.000945710661813298
AT1G24148,0.3066202658777193
AT1G24150,0.011484049615056426
AT1G24159,0.23114804868024
AT1G24160,-0.21014488237287712
AT1G24170,0.2064872962048215
AT1G24180,-0.33066981330852063
AT1G24190,0.14814397804006194
AT1G24200,0.7497754229402952
AT1G24210,-0.09770151176293879
AT1G24220,-0.299361413426316
AT1G24230,-0.0007780811118461738
AT1G24240,0.2561235865830446
AT1G24250,-0.15303387169818042
AT1G24256,-0.29597071145090353
AT1G24260,0.3701937069711672
AT1G05863,0.24082340247146294
AT1G24265,-0.26735813736126673
AT1G24267,-0.41651923198801605
AT1G24270,0.07707667396914367
AT1G24280,-0.07586624747362988
AT1G05867,
AT1G24290,-0.17503650036523705
AT1G05873,
AT1G24300,0.09963966675265559
AT1G24310,-0.2071812324927768
AT1G24320,0.004196614436654804
AT1G24330,0.12191105984373218
AT1G24340,0.12397226605520441
AT1G24350,-0.1355164354575145
AT1G24360,-0.06230905651200029
AT1G24380,0.1394191089665732
AT1G24388,0.055417809596812834
AT1G24390,0.7249442088428389
AT1G05887,0.26886626236318906
AT1G05893,0.07425483536150948
AT1G05897,-0.33302780792524106
AT1G24400,-0.5203442656615741
AT1G24405,-0.7096895475551633
AT1G24420,-0.39834880526852484
AT1G24430,-0.045626919970219545
AT1G05903,0.040863054264156366
AT1G24440,-0.26914234669391784
AT1G24450,0.02275123589180363
AT1G24460,-0.4109896143142479
AT1G24470,-0.43293215830974635
AT1G24475,
AT1G24480,0.048939497051538966
AT1G24485,0.16356489044712796
AT1G24490,-0.1396882550841268
AT1G24510,0.28924044382467706
AT1G24520,-0.5670175140490931
AT1G24530,-0.09557488577180435
AT1G24540,-0.05733729575355839
AT1G24545,0.05980936057117231
AT1G24560,0.5432301274521726
AT1G24570,0.4164279952797944
AT1G24580,-0.2204913212022313
AT1G24575,-0.027036041553105065
AT1G24577,-0.232092912205176
AT1G24590,0.39089332701941193
AT1G24600,-0.36972727343254813
AT1G24610,-0.08947421291064775
AT1G24620,0.356450685570522
AT1G24625,-0.11398928525338077
AT1G24650,0.3056563412782639
AT1G24660,0.2181632280559771
AT1G24706,0.37802826550736607
AT1G05907,-0.1657997974372437
AT1G05913,0.5757873600041434
AT1G05917,
AT1G24735,0.11901894749582478
AT1G24764,0.1255657189094522
AT1G24793,0.6264392441885853
AT1G24800,
AT1G24807,
AT1G24822,-0.57283950626197
AT1G24880,-0.14188841036923286
AT1G24851,
AT1G24881,
AT1G24909,
AT1G24996,
AT1G25025,
AT1G25054,
AT1G25055,
AT1G25083,
AT1G25097,
AT1G25098,
AT1G25112,
AT1G25141,
AT1G25145,
AT1G25150,0.11837142852463105
AT1G25155,
AT1G25175,-0.17148454843568592
AT1G25180,0.13261606807520301
AT1G25210,
AT1G25211,
AT1G05927,
AT1G25220,0.04943465156435946
AT1G05933,
AT1G25230,-0.21004238091605598
AT1G05937,0.6147648643322811
AT1G25240,0.4780918361608543
AT1G05943,
AT1G25250,-0.050566769526854474
AT1G05947,-0.19925640669635988
AT1G05953,
AT1G25260,0.4112948249645947
AT1G25270,-0.13772460232513506
AT1G25275,0.040881860839811344
AT1G25277,-0.22078192950604084
AT1G25280,0.2735292626134052
AT1G25290,0.6239933116141959
AT1G25300,0.11974876317330155
AT1G25310,-0.03272873925985152
AT1G05957,-0.39198785847123896
AT1G25320,-0.11393950231279576
AT1G25330,0.1827973438254858
AT1G25340,0.20293874875772067
AT1G25350,-0.10388746634224895
AT1G25360,0.196220592070999
AT1G25370,0.25386921946141117
AT1G25375,-0.22605118222785756
AT1G25380,-0.7448261503406719
AT1G25390,-0.08623299401720932
AT1G25400,0.2364373453023072
AT1G25410,-0.03361931452719433
AT1G25420,-0.10651596315578862
AT1G25422,-0.036655815797090825
AT1G25425,-0.011642493345727232
AT1G05963,-0.39829848291137865
AT1G25440,0.4536974090135548
AT1G25450,-0.11307881412283018
AT1G05967,0.2647182254064317
AT1G25460,0.12139056927923166
AT1G25470,0.3585998374284747
AT1G25480,0.16631191684443022
AT1G25490,0.435606525709253
AT1G25500,0.6200796797113793
AT1G25510,-0.13879526194079236
AT1G25520,0.27056231061572716
AT1G25530,-0.2379822732106292
AT1G25540,0.1942522741643892
AT1G25550,0.4975032503849387
AT1G25560,0.3639416246030681
AT1G25570,0.20733814808037238
AT1G25580,0.42763630907852407
AT1G25682,-0.2569725456039488
AT1G25988,-0.11301021057772004
AT1G26090,-0.4298098120868155
AT1G05973,
AT1G26100,-0.005550100198623258
AT1G05977,
AT1G26110,-0.02139854612152787
AT1G26120,0.01960610426784328
AT1G05983,-0.4256625883634057
AT1G26130,-0.34164971185277776
AT1G26140,0.09156627329655552
AT1G26150,-0.2785472485042574
AT1G26160,0.22861085799341527
AT1G26170,-0.7022467221955796
AT1G26180,0.1542522521898702
AT1G26190,-0.2865558632428164
AT1G26200,0.2417774129631545
AT1G26208,-0.4499761846915169
AT1G26210,
AT1G05987,
AT1G26218,-0.3311379855770616
AT1G26220,
AT1G26230,-0.3665546986594138
AT1G26225,
AT1G26233,-0.22193868250596996
AT1G05993,0.42921313325246624
AT1G05997,-0.30336349167864474
AT1G26235,
AT1G26240,-0.13887761145809294
AT1G26250,
AT1G26255,0.0674642727609218
AT1G26260,-0.12900583064406201
AT1G26270,0.16723719330852105
AT1G26300,-0.29200663646754
AT1G26290,
AT1G26310,0.3409152001292617
AT1G26320,-0.16172501251482413
AT1G26330,0.0297599698783108
AT1G26340,-0.0216410681096129
AT1G26350,-0.055503961249543085
AT1G26355,-0.6930778476228707
AT1G26360,-0.23999865081371033
AT1G26370,-0.12910680237048955
AT1G26380,-0.12126765157280334
AT1G26390,0.4477284697218054
AT1G26400,0.09153802857802303
AT1G26410,-0.34409003757053974
AT1G26420,-0.10717061977836646
AT1G26430,0.04259838246894468
AT1G26440,-0.3781194267881877
AT1G26450,-0.3380287926440198
AT1G26460,0.18187488585038267
AT1G26470,0.5765961448864236
AT1G26480,-0.08494702558345431
AT1G26490,0.06209373950705575
AT1G26500,0.15741069097238863
AT1G06003,
AT1G26510,0.1759392016561651
AT1G26515,0.5882859691675133
AT1G26520,0.29920976725972
AT1G26530,0.2573652130229562
AT1G26540,0.1998311939982911
AT1G26550,-0.08747732776148671
AT1G26558,-0.20805370766982234
AT1G26560,0.19168190356889814
AT1G26570,0.11958448987230154
AT1G26580,-0.17779767495078586
AT1G26590,-0.02876601937690502
AT1G26600,-0.04031960980056935
AT1G26610,-0.4721036213641178
AT1G26620,-0.29057265867571297
AT1G26630,0.32910141346580213
AT1G26640,0.3254676920499093
AT1G26650,0.19773965408239028
AT1G26660,0.01897454465158025
AT1G26665,-0.3441759293215011
AT1G26670,0.27334968171502727
AT1G26680,0.34671897085153247
AT1G26690,0.3912774149128864
AT1G06007,
AT1G26700,-0.19437064921720087
AT1G26710,-0.561639520359752
AT1G26720,0.15966825494306341
AT1G06013,0.018376866816441264
AT1G26730,0.3656026726526747
AT1G26740,-0.24903551946051752
AT1G26750,0.3079858803322841
AT1G06017,
AT1G26760,-0.36030289214318617
AT1G26761,-0.2613382371575004
AT1G26762,-0.022138735829802046
AT1G06023,0.06220681902406758
AT1G26770,0.21299921278953482
AT1G26773,-0.18925383182629
AT1G26780,0.021854696562368065
AT1G26790,-0.012037582290343058
AT1G26795,-0.1059204919696001
AT1G26796,-0.18804594366332678
AT1G26797,-0.1525141595864805
AT1G26798,-0.4237988230401256
AT1G26799,0.28553856960692264
AT1G26800,-0.15658309444991234
AT1G26810,-0.06218630818897178
AT1G26815,-0.21927497920160982
AT1G06027,-0.24543391745967152
AT1G26820,-0.4176267329332866
AT1G26830,0.5594613048396179
AT1G26840,0.4154515024325209
AT1G26850,0.4131263393425345
AT1G26870,0.02238549403084032
AT1G26880,0.5151249713380323
AT1G06033,
AT1G26890,-0.25407824946566226
AT1G26900,-0.3743910669376923
AT1G26910,0.8299597725353939
AT1G06037,0.1961859781251995
AT1G26920,0.30528148997033083
AT1G26921,0.34421837974547875
AT1G26930,0.36745890344878435
AT1G26940,-0.5653913293771601
AT1G26945,-0.30295718505358465
AT1G26960,0.08038618070712089
AT1G26970,0.08547502576528736
AT1G26973,-0.967634409896177
AT1G26975,0.288228831265214
AT1G26976,-0.06267063301288683
AT1G26985,0.20351867433273532
AT1G27000,-0.348623658691642
AT1G27008,0.26534991191159013
AT1G27020,0.08998913562072994
AT1G27030,-0.16299120624686483
AT1G27040,-0.4632622240322833
AT1G27045,-0.13894809945561298
AT1G27050,-0.5995532204566204
AT1G27060,0.4827277409661073
AT1G27070,-0.5255479719663559
AT1G27080,0.5546775695596224
AT1G27090,0.2661377801959304
AT1G27100,0.3065523613500779
AT1G27110,0.0911038840257423
AT1G27120,0.038847746963537745
AT1G06043,-0.11044585557108395
AT1G27130,-0.47700935383998555
AT1G27135,0.2830151250034697
AT1G27140,0.03584064288878902
AT1G27150,-0.4488911920991205
AT1G27160,0.16515484260011762
AT1G27170,0.4237855885550549
AT1G27180,-0.02230252685327536
AT1G27190,0.2515998366152031
AT1G27200,-0.1171248680745379
AT1G06047,0.10583284696030375
AT1G27210,-0.6547498186501095
AT1G06053,-0.5305968850184436
AT1G06057,-0.34087204457378717
AT1G27220,0.3276399611405516
AT1G27240,0.07224316115308735
AT1G27250,-0.021517944642589694
AT1G27260,-0.30499536845180714
AT1G27270,-0.14307757282418132
AT1G06063,
AT1G06067,-0.04558048401532991
AT1G27280,0.15330806361893118
AT1G06073,0.15879730133594788
AT1G27290,-0.07324627080078357
AT1G27300,0.30395365260428825
AT1G06083,
AT1G27310,0.165885431496139
AT1G27320,-0.32266643333867184
AT1G27330,0.15771923486717557
AT1G27340,0.5318227110485878
AT1G27350,0.32297357671575205
AT1G27360,-0.08813687057798193
AT1G27370,-0.07725858105787758
AT1G27380,-0.028570254803383276
AT1G27385,0.3096903113201307
AT1G27390,0.22934456996293348
AT1G27400,-0.4135993365191969
AT1G06087,
AT1G27410,-0.06645557236745073
AT1G27420,-0.1651264597564297
AT1G27430,0.06785486534209578
AT1G27435,-0.2897491753778253
AT1G27440,0.2816992258265283
AT1G27450,0.058444413561133286
AT1G27460,-0.20334550125927753
AT1G27461,-0.4608443770388201
AT1G27470,-0.12484763243390468
AT1G27480,0.18165021956094302
AT1G27490,-0.0612031213719696
AT1G27500,-0.4333158028821927
AT1G27510,-0.22817477870971004
AT1G27520,0.09057565960663656
AT1G27530,-0.05627247149535909
AT1G27535,0.542490366722786
AT1G27540,-0.19853358224245715
AT1G27550,0.2490940987995524
AT1G27555,-0.2014930246568216
AT1G06093,
AT1G06097,0.09446729335190505
AT1G27565,0.002984964491534839
AT1G27570,-0.14881599571118248
AT1G06103,
AT1G27580,0.16358787873094494
AT1G27595,-0.38272875503162
AT1G27600,-0.02811910991302187
AT1G27610,0.3211500205615438
AT1G27620,-0.23758961424224448
AT1G27630,0.08600796318413642
AT1G27640,
AT1G27650,-0.0048078709154803275
AT1G27660,-0.5379337907867058
AT1G27670,-0.29756274957329876
AT1G27680,0.1624446340808765
AT1G27690,0.11157870413816734
AT1G27695,-0.07687178544668218
AT1G27700,-0.3381200355960894
AT1G27710,0.16540142274931158
AT1G27720,0.7775416047326019
AT1G27730,-0.14512535162602683
AT1G27740,-0.005117597133034212
AT1G27750,-0.28739830714330505
AT1G27752,-0.29801579865395045
AT1G27760,-0.0678410451394987
AT1G27770,-0.40593935938507636
AT1G27820,0.12514484023945374
AT1G27840,-0.1279586114291612
AT1G27850,-0.252178188314495
AT1G27860,0.14875985637488023
AT1G27870,0.36430531848399106
AT1G27880,-0.4014234579490792
AT1G27890,0.5737581128368746
AT1G27900,0.0328373932104723
AT1G27910,-0.18094622354757764
AT1G27921,0.4379652136173299
AT1G27920,
AT1G27930,-0.09966840031430646
AT1G27940,-0.0006882127568862442
AT1G27950,-0.16491401026625013
AT1G27960,-0.15338997768035162
AT1G27970,-0.2237455753349699
AT1G27980,0.18675625189116002
AT1G27990,0.047282827425747444
AT1G28000,0.08974244524959624
AT1G28005,
AT1G28010,-0.3568791880371746
AT1G28020,-0.06981137700498058
AT1G28030,0.43187248819523255
AT1G28040,-0.16283602009122491
AT1G28050,-0.304911752172428
AT1G28060,-0.30236128770509796
AT1G28070,-0.5822769310746128
AT1G28080,-0.3997226840173611
AT1G06113,-0.02163449083497893
AT1G28090,-0.4784110289015742
AT1G06117,-0.1974735429310917
AT1G06123,0.3722927998288402
AT1G28100,0.23142233685383803
AT1G28110,-0.10436561890418028
AT1G28120,0.05106209156160672
AT1G28130,-0.26580588003849936
AT1G28135,-0.1951814853439544
AT1G28140,0.039333396762452066
AT1G28150,0.2756610849164772
AT1G28160,0.10147791874054779
AT1G28170,-0.5254244087051309
AT1G28180,-0.17232437987762822
AT1G28190,-0.3953331770662983
AT1G06127,-0.07878584103211893
AT1G28200,0.4292424433463889
AT1G28210,0.16543515435266345
AT1G28220,-0.018537936512353748
AT1G28230,-0.35396635687362515
AT1G28240,-0.43722344168300786
AT1G28250,-0.14017596229327106
AT1G28260,0.00599834523118491
AT1G28265,
AT1G06133,-0.32139166791772883
AT1G28270,-0.15571711157316137
AT1G28280,-0.3446736181697417
AT1G28290,-0.1217392630849377
AT1G28300,0.10389105148491841
AT1G28305,0.09772294008582345
AT1G28306,-0.13879133975835065
AT1G28310,-0.08023069781599088
AT1G28320,-0.5333058989616766
AT1G28327,0.17701038786719225
AT1G28330,-0.0028133781482179896
AT1G28335,-0.4067655158561082
AT1G06147,0.10294275625484042
AT1G28340,-0.280482154528575
AT1G28350,-0.4999112453285607
AT1G28360,0.19393438674556
AT1G28370,0.23775442824643156
AT1G28375,-0.2681747088929444
AT1G28380,0.3225103564866654
AT1G28390,0.4556974994303264
AT1G06153,
AT1G28395,-0.062178094299163274
AT1G28400,-0.08570140832886192
AT1G28410,0.20171586366797734
AT1G28420,0.5144457287542015
AT1G06157,0.048909553705607
AT1G28430,-0.16091651258571668
AT1G28440,-0.39946585660666645
AT1G28450,0.29632844487068033
AT1G28460,-0.412813517258985
AT1G28470,0.33248979751952173
AT1G06163,-0.3471944402284071
AT1G28480,-0.08652422628590613
AT1G28490,0.36615618700125
AT1G28500,0.2967996546476772
AT1G28510,-0.05622606696074012
AT1G28520,-0.07023450430465511
AT1G28530,0.060773593703375595
AT1G28540,0.387163495923675
AT1G28550,0.3085595830786051
AT1G28560,-0.0875049106755405
AT1G28570,-0.11765761414386382
AT1G28580,-0.40611859151409446
AT1G28590,-0.1446795168639968
AT1G28600,-0.4137505091066059
AT1G28610,-0.368641895411686
AT1G28630,0.1657224858403521
AT1G28640,-0.04520225974134894
AT1G28650,0.2523473667131163
AT1G28660,-0.25104794438442646
AT1G28670,0.2426908054421129
AT1G28685,-0.23375219962271926
AT1G28680,-0.31333805098642553
AT1G28690,0.11914874130278477
AT1G28695,0.19358943872989634
AT1G28700,0.2414272058033965
AT1G28710,-0.01943009818888132
AT1G28720,
AT1G28730,0.06613503523224477
AT1G28740,0.30215648531984224
AT1G28750,-0.09397645029191319
AT1G28770,-0.03717287235698988
AT1G28780,-0.0023550492169272822
AT1G28790,0.3107222379117816
AT1G28800,-0.07204530155550858
AT1G28810,0.45282037580913775
AT1G06173,-0.027116116025670028
AT1G06177,-0.257817834950393
AT1G28815,0.15402335059033362
AT1G28715,0.017943488661099235
AT1G28820,
AT1G28830,
AT1G28840,
AT1G28850,
AT1G28860,
AT1G28870,
AT1G28880,
AT1G28890,
AT1G28900,
AT1G28910,
AT1G28920,
AT1G28760,0.723371754833827
AT1G28765,0.5729496530851019
AT1G28930,
AT1G28940,
AT1G28950,
AT1G28970,-0.39780917553852546
AT1G28980,0.2292029652921523
AT1G28990,-0.2115310301120709
AT1G28960,0.06068009244170101
AT1G29000,-0.7866801823013999
AT1G29005,0.6036685620041726
AT1G29010,-0.17820696456694207
AT1G06187,0.2768547666534093
AT1G29020,-0.11695237996199818
AT1G29025,0.403777420049559
AT1G06197,
AT1G06203,
AT1G29030,-0.2194909321609129
AT1G29040,-0.2447685444147834
AT1G06207,
AT1G29041,-0.4454752586014766
AT1G06213,
AT1G29050,0.06985859060165583
AT1G06217,
AT1G29060,-0.1448776239180835
AT1G29070,-0.3926035103363713
AT1G29071,-0.4054801112282479
AT1G29080,-0.27550448331437727
AT1G29090,0.352554873398313
AT1G29100,0.1259424388833246
AT1G29110,-0.5044104460764414
AT1G29120,0.12057510754202842
AT1G29140,0.3260893412372587
AT1G29150,-0.23608731429269808
AT1G29160,0.23924912411242066
AT1G29170,0.22719737591169886
AT1G29179,0.26132349329571397
AT1G29180,0.12630596808986533
AT1G29195,-0.13862850888670966
AT1G29210,-0.03655421938213931
AT1G29200,0.017840101009005915
AT1G29220,-0.16819911413679103
AT1G29230,0.25772920789120185
AT1G29240,-0.2042532272129028
AT1G29250,0.20286067659238569
AT1G29260,0.3368341393577269
AT1G29265,-0.21317387887132855
AT1G29270,-0.039640599178636354
AT1G29280,-0.1955626051708692
AT1G29290,-0.22573857557304716
AT1G29300,-0.054138492905227396
AT1G29310,0.15167541484301245
AT1G29320,-0.09465399398680767
AT1G29330,-0.4627606910403813
AT1G29340,-0.6105755634486819
AT1G29350,-0.4330678543417187
AT1G29357,-0.048595939421386944
AT1G29355,
AT1G29370,-0.3889504569087234
AT1G29380,0.1900832273299319
AT1G29390,0.17630042876128246
AT1G29395,-0.5371562847103135
AT1G29400,0.0650292563903644
AT1G29410,-0.04678668859764634
AT1G06227,-0.15225158666361413
AT1G06233,
AT1G06237,
AT1G06243,
AT1G29418,-0.6640232141499909
AT1G06247,
AT1G06253,
AT1G29420,-0.30418697985087345
AT1G06257,
AT1G29430,0.10850368436872115
AT1G29435,-0.5158053658366525
AT1G29440,
AT1G29450,-0.3892438682352616
AT1G29460,-0.18400286612247285
AT1G29465,-0.021078061621897713
AT1G06263,
AT1G06267,
AT1G06273,
AT1G06277,
AT1G06283,
AT1G29470,-0.5340653901016141
AT1G29480,0.04494481410784964
AT1G29490,-0.22922105944447543
AT1G29500,-0.36434761898522805
AT1G29510,0.049233310313957904
AT1G29520,-0.3767553313750617
AT1G29530,0.07855880372504173
AT1G29535,-0.3384685466486188
AT1G29540,
AT1G06287,
AT1G29550,0.03066557262049569
AT1G29560,0.09383806985468962
AT1G29570,0.20703723447770528
AT1G29580,0.18745628749184542
AT1G29590,-0.010915877644803137
AT1G29600,0.5906466976332525
AT1G29620,0.37895554434496737
AT1G29630,-0.4799505671006719
AT1G29640,0.34485751838069906
AT1G29660,-0.1770522415201101
AT1G29670,-0.2562203438052679
AT1G29680,-0.328600809999314
AT1G29690,0.5528418070203748
AT1G06293,-0.10585297095413682
AT1G29700,0.1535433154712278
AT1G29710,-0.16214597080612822
AT1G29720,-0.26130406253448535
AT1G29730,-0.38905185330761444
AT1G29740,0.12646389893536783
AT1G29750,-0.08205323696566134
AT1G29760,0.34982400054108304
AT1G29770,0.0684731927384884
AT1G29775,0.26941795396173107
AT1G29785,-0.11051742335871063
AT1G29780,
AT1G29790,0.22696267524576516
AT1G29800,-0.21613205902610022
AT1G29810,0.07139250359421166
AT1G29820,-0.10860219558115199
AT1G29830,0.6002121256725886
AT1G29840,0.29032900476382584
AT1G29850,0.38077225033081824
AT1G29860,0.07713126583151078
AT1G29870,0.07786712043638319
AT1G29880,0.22305258015418136
AT1G29890,0.5059241260155612
AT1G29900,0.1141553856240301
AT1G29910,-0.5804931954321985
AT1G29920,0.11812020948791895
AT1G29930,0.09475184287952855
AT1G29940,-0.4731197848772842
AT1G06297,
AT1G06303,
AT1G29950,0.19140023886302662
AT1G29960,-0.29065101138729305
AT1G29962,-0.3128156507336533
AT1G29965,0.08555534718503663
AT1G29970,-0.6723173189119946
AT1G29980,-0.14712905442014354
AT1G29990,-0.4875431306398395
AT1G30000,-0.5818631863720372
AT1G30010,-0.5829572072571519
AT1G30020,
AT1G30040,-0.2625188289484455
AT1G30050,0.5734455455740447
AT1G30060,0.11480127313659799
AT1G30070,0.3582907344672241
AT1G30080,0.23537392365557241
AT1G30090,-0.20099592138065128
AT1G30100,0.08623516438746197
AT1G30110,0.21685491129576193
AT1G30120,0.19859063674401922
AT1G30130,-0.15108767170977963
AT1G06307,-0.09675498832071516
AT1G30135,0.29296034936890686
AT1G30140,0.00750295102104667
AT1G30160,0.11507401279147264
AT1G30170,-0.3069216354743219
AT1G30190,-0.15964217134413328
AT1G30200,0.08688386767511576
AT1G30210,0.24728127698406197
AT1G30220,0.1943413668634495
AT1G30230,-0.044823126316038145
AT1G30240,-0.2732308630267637
AT1G30250,0.22322167613110164
AT1G30260,0.4425435463424504
AT1G30270,0.33531708304402685
AT1G30280,0.3864594955123307
AT1G30282,-0.05967954034712736
AT1G06313,-0.15701811057577686
AT1G06317,
AT1G30290,-0.1430914818351865
AT1G30300,0.4254084716182603
AT1G06323,-0.2460272729887417
AT1G30320,-0.09720679419153053
AT1G30330,-0.052600716047557755
AT1G30350,-0.003775288830070448
AT1G30360,0.27781314492521664
AT1G30370,0.006831848201614961
AT1G30380,0.5925031138652672
AT1G30400,-0.25044760605096056
AT1G30410,0.09987306544160675
AT1G30420,0.44502644705110356
AT1G30430,
AT1G30440,-0.27181706682188306
AT1G30450,-0.2560631031093525
AT1G30455,0.0480792479720915
AT1G30460,0.3180366616536094
AT1G06327,
AT1G06333,0.23682765864127162
AT1G30470,-0.13423699112518203
AT1G30473,0.12590492080090712
AT1G30475,0.1475152146012525
AT1G06337,
AT1G30480,-0.30954955660700684
AT1G30490,-0.2248398948835001
AT1G06343,-0.2910969278838181
AT1G30500,0.44158119180059185
AT1G30510,-0.09681139999660292
AT1G30515,0.43857729762088893
AT1G30520,-0.22263392621993847
AT1G06347,-0.20221817968135583
AT1G30530,-0.08438899952891962
AT1G30540,-0.4860961453908614
AT1G30545,-0.44711619029365074
AT1G30550,-0.12687102834083316
AT1G30560,0.3055753598059907
AT1G30570,-0.09415230265874201
AT1G30580,0.20889969697457625
AT1G30590,-0.02944681132479213
AT1G30600,-0.08443195950965332
AT1G30610,-0.10986324135409266
AT1G30620,0.3228040055670796
AT1G30630,0.02675754670131259
AT1G30640,-0.11744990234551488
AT1G30650,-0.32750786444157626
AT1G30660,0.10260605477463978
AT1G30670,-0.2998205983282891
AT1G30680,0.03531855504329132
AT1G30690,0.39661855376160426
AT1G30700,0.005943724787815801
AT1G30710,0.22308121638285106
AT1G30720,0.5540093712421996
AT1G30730,0.378465733600007
AT1G30740,0.04447019955904012
AT1G30750,0.22174293084070962
AT1G30755,0.12084638609831483
AT1G30757,0.211123791187785
AT1G30760,-0.0727140351545727
AT1G06353,0.22813057628515912
AT1G30780,-0.2119523995263202
AT1G06357,-0.013568049744954297
AT1G06363,
AT1G30790,0.3594269152670642
AT1G30795,-0.23667215353097731
AT1G30810,-0.4562755805443741
AT1G30800,
AT1G30814,0.16413708046121187
AT1G30820,-0.001126106542196427
AT1G06373,0.4463654216922782
AT1G30825,-0.16324639321515574
AT1G30830,
AT1G30840,-0.5742137456730023
AT1G30845,0.1964087761592195
AT1G06377,-0.2627164649513727
AT1G30850,0.19367189012950445
AT1G30860,-0.139824458823817
AT1G30870,0.11131786230420718
AT1G30880,0.25916860504612677
AT1G30890,-0.010694048861286193
AT1G30900,-0.5380299368864303
AT1G30910,0.19225752606461688
AT1G30920,-0.07094816297498756
AT1G30925,0.4574984163102344
AT1G06383,0.2174579573331221
AT1G30930,0.25407109081279533
AT1G06387,0.2371569268248336
AT1G06393,0.15659510027576026
AT1G30950,-0.03011085862734182
AT1G30960,0.5398252251264616
AT1G30970,0.44349271692059816
AT1G06397,
AT1G30972,-0.18381855522132945
AT1G30974,-0.23674637739049792
AT1G30990,-0.25423424192171556
AT1G31000,-0.07751768333093688
AT1G31010,-0.28181554792386726
AT1G31020,0.22142794266299098
AT1G06403,-0.13259420915291162
AT1G31040,-0.1868463212006418
AT1G31050,0.018812824273337043
AT1G31070,0.6954346888950573
AT1G31080,0.2925042687118814
AT1G31090,-0.15944182966773846
AT1G06407,-0.025294387660711373
AT1G31095,-0.19211887269608086
AT1G31110,0.23765605597113995
AT1G31120,-0.08217232265002258
AT1G31130,0.2708029549475926
AT1G31140,0.1043746814039241
AT1G31150,-0.042171465086620966
AT1G31160,0.41649024209499047
AT1G31163,0.19741222852399362
AT1G31170,-0.11223730243110208
AT1G06413,0.15084409617980155
AT1G31173,0.10874798732650867
AT1G06417,0.04779029788707566
AT1G31175,-0.4728468091117249
AT1G31180,0.11366387845033613
AT1G31190,-0.23428893642616216
AT1G31200,0.18444496621171735
AT1G06423,
AT1G31220,0.04213839064680759
AT1G31230,-0.05576654202731885
AT1G31240,0.25060058099849786
AT1G31243,-0.19049967859183428
AT1G31250,0.38707513136807814
AT1G31255,0.11428614868441997
AT1G06427,
AT1G31258,-0.09281777069725222
AT1G31260,0.12782594896985638
AT1G31270,0.0050957603992345096
AT1G31280,-0.6493796179854561
AT1G31290,-0.1978272408222
AT1G31300,-0.27183119822020424
AT1G06433,0.2272044033161416
AT1G31310,0.06106139606533641
AT1G31320,0.1900967071392931
AT1G31330,-0.18602876395241216
AT1G31335,-0.37630759558661425
AT1G31340,-0.5639277525169907
AT1G31350,-0.14806608788325967
AT1G31358,-0.12276663382611937
AT1G31360,0.2649003967398283
AT1G31370,0.11217038325200643
AT1G31380,-0.1712583319797613
AT1G06437,0.20291042228993114
AT1G31390,0.01351513600549707
AT1G31400,-0.35634473122852295
AT1G31410,-0.5694683667360118
AT1G31420,0.15528424368472696
AT1G31430,-0.4517923360611438
AT1G31440,0.1326709511695799
AT1G31450,0.5957202294373927
AT1G31460,0.09584128470867405
AT1G31470,0.3313962610783582
AT1G31480,0.23800217551966993
AT1G31490,-0.09835461047476911
AT1G31485,
AT1G31500,-0.49731548330898456
AT1G31510,-0.1038783867920233
AT1G31520,-0.18494948527988728
AT1G31530,0.054674685587678525
AT1G31540,0.17275011352555833
AT1G31550,0.618429139399789
AT1G31555,-0.3606337635824708
AT1G06443,-0.2452118821167336
AT1G06447,0.22175069831456878
AT1G31580,-0.5789944674397323
AT1G31600,-0.01840375341771115
AT1G31620,0.4059984064136716
AT1G31630,-0.2331911052756182
AT1G31640,-0.006607397412679672
AT1G31650,0.16555001067297292
AT1G31660,0.17806563071180048
AT1G31670,0.448551743422433
AT1G31690,0.12444477476958711
AT1G31710,0.12923587718442256
AT1G31720,0.024713140953521756
AT1G31730,0.14669674286462223
AT1G31740,0.0969432969609709
AT1G31750,-0.34328698685861847
AT1G31760,0.007285231608909256
AT1G31770,-0.12232640981295247
AT1G31772,0.12759480752278887
AT1G31780,0.24793721222371126
AT1G31790,-0.4358574929278861
AT1G31800,-0.025496850038913825
AT1G31810,0.052294187698123766
AT1G31812,-0.10401158862813216
AT1G31814,-0.09979960648780256
AT1G31817,-0.1136936746340491
AT1G31820,0.2344310014541147
AT1G31830,0.5507887909010304
AT1G31835,0.11174551276147399
AT1G06453,
AT1G31840,0.3477393998538747
AT1G31850,0.287694483629751
AT1G31860,-0.36913750623379354
AT1G06457,
AT1G06463,
AT1G06467,
AT1G31870,-0.07485828413359714
AT1G31880,-0.23137925485820707
AT1G31885,0.07223282024937572
AT1G31910,-0.6013447169671059
AT1G31920,
AT1G31930,-0.09691975335764413
AT1G31935,0.038689363545893155
AT1G31940,0.2175404387655637
AT1G06473,0.17422635945631806
AT1G06483,0.04047921469153348
AT1G31950,0.42754120707253335
AT1G06487,0.10879885177241948
AT1G31960,0.11201705243402804
AT1G31970,0.20677081244880827
AT1G31990,0.4662883814032871
AT1G06493,0.40477923116294523
AT1G06497,0.1681412547492013
AT1G06507,0.08264772148279083
AT1G06513,0.3228262531901794
AT1G06517,0.10907095055566009
AT1G06523,
AT1G32000,-0.6544069505822515
AT1G32010,0.18492929048727538
AT1G32020,-0.24592385908269412
AT1G32030,-0.5230004900911807
AT1G32050,-0.42687792256098844
AT1G32060,-0.3120118195355203
AT1G32070,0.02674266231910924
AT1G32080,-0.2083045373367674
AT1G32090,0.03986815039969159
AT1G32100,-0.03129552584065952
AT1G32120,0.3691583366715147
AT1G32127,-0.3966182168247901
AT1G32130,-0.3847252438845123
AT1G32140,0.5007745699399625
AT1G32150,0.29645160920625513
AT1G32160,0.2134187470551053
AT1G32170,-0.4031178769469196
AT1G32172,-0.10854831963336407
AT1G32180,-0.17161184846004418
AT1G32190,-0.054392262036870434
AT1G06527,-0.35288956023421675
AT1G06533,-0.12891632679011908
AT1G32200,-0.38300268353793593
AT1G32210,-0.1811560794030469
AT1G32220,0.4342678627411736
AT1G32225,0.10274494630199267
AT1G32230,-0.020660669028123864
AT1G32240,0.29869205261372883
AT1G32250,-0.36322738283234324
AT1G32260,0.3439697604187303
AT1G32270,0.5088460315078819
AT1G32280,-0.05744071444986239
AT1G32300,0.1611072799519859
AT1G32310,0.42454712134543116
AT1G32320,-0.030151695378378907
AT1G32330,-0.35547957005669273
AT1G32337,0.059619348132930475
AT1G32340,-0.15312068462277403
AT1G32350,0.16632285310473915
AT1G06537,-0.14567797168692181
AT1G32360,-0.10089556610749997
AT1G32361,0.02266642956813768
AT1G32370,0.25566818397294744
AT1G06543,
AT1G32375,0.10287341710727667
AT1G32380,0.14944874922393148
AT1G06547,-0.6737265568836464
AT1G32385,0.2649135161417193
AT1G06553,0.4933911928331858
AT1G06557,-0.40634087259474255
AT1G32400,-0.22861901509839308
AT1G32410,-0.18175511735805278
AT1G32415,0.4737478813874067
AT1G06567,-0.16482920488461497
AT1G32420,-0.04414296375784264
AT1G32430,0.24590454449385807
AT1G32440,-0.6012112762675726
AT1G32450,-0.5015068041243607
AT1G32460,0.08990103451518343
AT1G06573,
AT1G32470,-0.20210251622493827
AT1G32480,0.027505878537074625
AT1G32490,-0.0929885293076153
AT1G32500,-0.3690350971849975
AT1G32510,0.12596713751921088
AT1G32520,-0.4404911440601488
AT1G32530,0.09907757788943253
AT1G32540,0.12895124781833073
AT1G32550,-0.3289446988460249
AT1G32560,0.2929204236187264
AT1G32570,-0.36089508012234395
AT1G06577,-0.31758429037805735
AT1G06583,
AT1G06587,
AT1G32575,0.10209943383155384
AT1G06593,0.048878146214647665
AT1G32580,-0.29636378539943226
AT1G32583,-0.028969049489254297
AT1G32582,
AT1G06597,
AT1G32585,-0.47749539677616365
AT1G32600,0.06973600330068916
AT1G32610,-0.044775678017067264
AT1G32620,
AT1G32630,0.347607904274785
AT1G32640,-0.18181993998522042
AT1G32650,0.08990595249281841
AT1G32660,0.6912791685238114
AT1G06603,0.23723299715162632
AT1G32690,0.25722798796765234
AT1G32700,0.16941307150243864
AT1G06607,0.5491311910704079
AT1G32710,0.2090872512840712
AT1G32713,0.14678251920760532
AT1G32720,0.5792728263171396
AT1G32730,0.1687219356703819
AT1G32740,-0.30451267244468216
AT1G32750,-0.482184707330831
AT1G06613,-0.21241951831750844
AT1G32760,-0.1694445842528702
AT1G32763,0.15765661162711908
AT1G32770,0.044529242545120494
AT1G32780,-0.7867454236921445
AT1G06617,0.1054423997162274
AT1G32790,-0.44234762956187706
AT1G32810,-0.4093559111619202
AT1G06623,-0.2601311698334787
AT1G32850,0.2828542429163985
AT1G32860,0.20990803924271983
AT1G32870,0.49985901131884897
AT1G32880,-0.19143213675704737
AT1G32900,-0.4829345589833928
AT1G32910,0.022492393467323117
AT1G06627,0.16632108040468616
AT1G06633,
AT1G32920,0.302119366074493
AT1G32928,-0.2678086939005918
AT1G32930,0.33460327392023004
AT1G32940,-0.24139609289802672
AT1G32950,0.04844387373888555
AT1G06637,-0.28033988570592866
AT1G32960,-0.05131172538976818
AT1G32970,-0.10207418864239703
AT1G32975,-0.028292899970451604
AT1G32980,0.31847966360600916
AT1G32990,0.0017460733268908767
AT1G32992,0.24783931476448334
AT1G33010,0.031824333685182796
AT1G33020,-0.23451127910544217
AT1G33030,0.009552452647824655
AT1G33040,0.3571466921849715
AT1G33050,-0.48550359025957157
AT1G33055,0.1835115751919956
AT1G33060,-0.3478062289588684
AT1G33070,0.3087499652913131
AT1G33080,-0.15211566086858896
AT1G33090,-0.2234617429474917
AT1G33100,0.45304069857986123
AT1G33102,-0.36558793458702676
AT1G33110,0.10682208182855042
AT1G33120,-0.2852646514616331
AT1G06643,
AT1G33140,-0.1012172813640813
AT1G06647,
AT1G33170,0.30098310845160714
AT1G06653,
AT1G06657,0.06772247138610314
AT1G06663,-0.21440930589810175
AT1G33220,0.19664567037491137
AT1G33230,-0.3265355409869931
AT1G33240,0.06254770891715293
AT1G33250,-0.48389126773450725
AT1G33260,0.2458102608769369
AT1G33265,0.35162939849238606
AT1G33270,0.0864320149505241
AT1G33280,-0.36249256235560373
AT1G33290,0.07916013206728893
AT1G33320,0.28601706144896416
AT1G06667,-0.11484329364518825
AT1G33330,0.2064446910370988
AT1G33340,-0.4995787957673762
AT1G33350,-0.26272150417800766
AT1G33355,
AT1G33360,-0.46512535987983467
AT1G06673,-0.23777342644636495
AT1G33370,-0.03980356521440743
AT1G33390,0.2680203793316031
AT1G33400,0.24479760309930568
AT1G33410,0.21983969688375402
AT1G33415,-0.39255858302976854
AT1G33420,
AT1G33430,
AT1G33440,0.19800958809186325
AT1G33470,-0.11175238945025576
AT1G33475,-0.5023357608963587
AT1G33480,-0.12847460834308097
AT1G33490,0.2365217319764417
AT1G33500,-0.0032398198805252874
AT1G33520,-0.03778255253540434
AT1G33530,0.13582207186243256
AT1G33540,0.36177515262704485
AT1G33560,0.3223207622273323
AT1G33590,0.07467878513025897
AT1G33600,-0.33204623483849466
AT1G06677,
AT1G33607,0.24515905895860204
AT1G33610,-0.20896478243746788
AT1G33612,-0.2388367913234783
AT1G33615,0.03415708872425541
AT1G06683,
AT1G33640,
AT1G06687,0.17870864534874015
AT1G06693,0.31538216874651515
AT1G33670,-0.37886636817641517
AT1G33680,-0.48979744426183014
AT1G33700,-0.050875130942459615
AT1G06697,0.14691051215061207
AT1G33710,0.23388035273382163
AT1G33720,0.09150443668943559
AT1G33730,-0.5881702476707092
AT1G06703,0.18833856730196266
AT1G06707,-0.07419256161047949
AT1G33750,0.2462075465680469
AT1G33760,0.32108645053733637
AT1G33770,-0.14467301948326938
AT1G33780,-0.10009866842407462
AT1G33790,-0.28837085668202983
AT1G33800,0.1784992253299472
AT1G33810,0.09023331046985843
AT1G33811,-0.4761905480920458
AT1G33820,-0.016398546352284507
AT1G33830,0.4406994828431974
AT1G33840,0.11040697116616431
AT1G33850,0.26031841023796115
AT1G33860,-0.06064803346160761
AT1G06713,0.009522045742476648
AT1G33870,-0.20188377670148291
AT1G33880,0.5998281752428198
AT1G33890,0.13228554855183083
AT1G33900,0.300129433120175
AT1G33910,-0.27152322502970694
AT1G33920,0.15494171634382645
AT1G33930,-0.22593651182970295
AT1G33940,0.05576578126883573
AT1G33945,
AT1G33950,0.22004086649856006
AT1G33960,-0.2632305939230321
AT1G33970,-0.16736431773497576
AT1G33980,0.02482823237255377
AT1G33990,-0.269240476955043
AT1G34000,0.24316089620070772
AT1G06717,
AT1G34010,-0.544750260412014
AT1G06723,0.0428911186966148
AT1G34015,-0.4429065844180509
AT1G34020,-0.42334000066449806
AT1G34030,0.12340697938239374
AT1G34040,-0.13456869093861717
AT1G34042,-0.1599422122388602
AT1G06727,0.29236363581690644
AT1G06733,-0.12468715994019554
AT1G06737,0.18766553814012013
AT1G06743,0.1173567856894761
AT1G34046,0.4172337512583432
AT1G34047,-0.0015353493752986408
AT1G34049,0.08070640193860092
AT1G34050,-0.08411541409174833
AT1G34060,0.21619031881047437
AT1G34065,0.31000518825582396
AT1G34070,0.09934481681729737
AT1G34095,-0.002177337997620789
AT1G34110,-0.12926398084747479
AT1G34120,0.12865184519302772
AT1G34130,-0.09344794508013504
AT1G34140,0.2809555159756083
AT1G34150,-0.4656959507870317
AT1G34160,-0.631610541611802
AT1G34170,0.0055293908188342135
AT1G34180,0.12693277420067606
AT1G34190,0.08659876997538363
AT1G34200,0.1988823810479444
AT1G34210,-0.0760698233125339
AT1G34220,-0.6372959174193439
AT1G34245,-0.37227731584241436
AT1G34260,0.31634525190741747
AT1G34270,0.5135511888890687
AT1G34290,0.10372199755490492
AT1G34300,0.34264031672884
AT1G34310,-0.31514762364095905
AT1G06747,0.14263035314893632
AT1G34315,0.07015196539013219
AT1G34317,0.16142427802764206
AT1G34320,0.0700134313189773
AT1G34340,-0.19261846893561074
AT1G34350,0.1991526557326074
AT1G34355,-0.4582947535218906
AT1G34360,0.2859558151699728
AT1G34370,-0.47398894526923185
AT1G06753,
AT1G34380,-0.19421603409492977
AT1G34390,-0.4641930630709527
AT1G34392,-0.12289175826789284
AT1G34400,0.10260412474274853
AT1G34403,-0.09324107793779576
AT1G34410,0.48675624695358544
AT1G34418,-0.7670793999358739
AT1G34420,0.0032370425069034926
AT1G34430,-0.23279922601651298
AT1G34440,0.0733360752186648
AT1G34460,0.21130762727304364
AT1G06757,
AT1G06773,0.19010278089847735
AT1G34470,0.2987062201746429
AT1G34480,-0.12415714623751492
AT1G34490,0.4036293795050378
AT1G34500,0.16273153740363078
AT1G34510,0.06420715022809892
AT1G34520,-0.34277053277181446
AT1G34540,-0.0700873242899895
AT1G06777,-0.3489338812265559
AT1G06783,-0.4808923977970566
AT1G34550,-0.40667942408018276
AT1G34560,-0.7877256903501614
AT1G34570,0.1109554990843051
AT1G34575,0.11825878356582864
AT1G34580,-0.03611494357720411
AT1G34630,-0.16430311763004038
AT1G06787,
AT1G34640,-0.10387677279214887
AT1G34650,-0.006517448804987417
AT1G34670,-0.1408642392208725
AT1G34750,0.13160135355765235
AT1G34760,-0.3885708669868682
AT1G34770,0.44658393385274725
AT1G34780,-0.004922536713640401
AT1G34844,0.2509450728599375
AT1G34790,0.21670836110352681
AT1G34792,-0.3690933630330813
AT1G06797,0.3082100615406557
AT1G34795,0.1269177435325114
AT1G34800,
AT1G34805,
AT1G34807,
AT1G34810,
AT1G34812,0.09360822440174561
AT1G34815,
AT1G34817,
AT1G34820,
AT1G34822,
AT1G34825,
AT1G34827,
AT1G34830,
AT1G34840,
AT1G34850,
AT1G34855,
AT1G34860,0.15551549085245775
AT1G34910,0.08064589772293496
AT1G34930,-0.7427351978409281
AT1G35030,0.15073661150124332
AT1G35035,-0.41325277286270456
AT1G35040,0.35692469556729217
AT1G35140,0.4354932887214604
AT1G35150,0.09523933265329783
AT1G35160,0.6074447755372937
AT1G35170,-0.012610822236031301
AT1G35180,-0.004018065112512697
AT1G35181,0.10566997493768775
AT1G35183,0.42016754343766455
AT1G06817,0.19889447758143997
AT1G06823,0.05131136039831867
AT1G35190,-0.5231018160337539
AT1G35210,0.0858108055667023
AT1G35215,-0.08338401873095173
AT1G06827,-0.067074968266207
AT1G35220,-0.23082187090992853
AT1G35230,-0.22903680392218154
AT1G06837,0.35132795261053407
AT1G35240,0.1530770988166387
AT1G35242,0.30996287826466695
AT1G35250,0.1669348096493462
AT1G35255,0.04288382067154853
AT1G35260,-0.38480236799296424
AT1G06853,0.4945762649701299
AT1G35290,0.059162904212223894
AT1G35310,-0.009667320739261217
AT1G35320,0.14145852372685475
AT1G35330,0.14365551504923094
AT1G06857,-0.6993246098593027
AT1G06863,0.1410130878030386
AT1G35340,0.03125356753415105
AT1G35350,-0.6431448973478076
AT1G06867,0.08834720732059015
AT1G06873,
AT1G06877,0.1469789094926082
AT1G35353,-0.07194891803634366
AT1G35365,0.4098106767698945
AT1G06883,-0.15319393289544714
AT1G35375,-0.14310651319927428
AT1G35400,0.02817608305853569
AT1G35410,-0.28154843348245556
AT1G35420,0.46180205755821924
AT1G35430,0.14847167651265855
AT1G35435,0.23654373340473914
AT1G35440,0.11726536193318267
AT1G35460,0.2149693959222636
AT1G06897,0.12511869601102954
AT1G35467,-0.4522379954121786
AT1G06903,0.33280062932786036
AT1G35470,-0.07432304667739711
AT1G35490,0.39598970851182486
AT1G35500,0.1617689233099998
AT1G35501,0.09081961160946984
AT1G35510,0.09090715009179105
AT1G35515,-0.08796566615921697
AT1G35516,
AT1G35520,0.3152045222339729
AT1G35530,-0.5444652787037307
AT1G35537,0.2588187738711521
AT1G06907,0.17064683453259724
AT1G35540,-0.011258748475576567
AT1G35545,-0.19965135025858993
AT1G35550,-0.2914545340574496
AT1G35560,0.189764287005803
AT1G35580,-0.24046991350565028
AT1G35610,-0.034488023124174
AT1G35614,-0.07046798742393569
AT1G35617,-0.34390891626013276
AT1G06913,0.14777682212441526
AT1G35620,0.2595446697850164
AT1G35625,-0.2667230514113667
AT1G35630,0.061440186172583004
AT1G06917,-0.26557787396586885
AT1G35660,-0.1555450327540683
AT1G35670,0.18824450491228975
AT1G35680,-0.31434951032034447
AT1G35710,-0.34275484288378016
AT1G35720,0.02630196669546707
AT1G35730,0.06682714562423724
AT1G06927,0.3280558096898872
AT1G35750,0.3767716069302162
AT1G35780,0.09091112689819547
AT1G35820,0.32791525692385365
AT1G06933,-0.640508904095486
AT1G06937,
AT1G35830,0.03225022300766164
AT1G35850,0.11364979766290105
AT1G35860,0.15085456031793967
AT1G35880,-0.10227747422287316
AT1G35890,0.16124792161862328
AT1G35895,-0.25112174689437244
AT1G35910,-0.07769128890763237
AT1G36000,0.08644231492040759
AT1G36005,-0.15813121786075418
AT1G36020,0.4235557174044283
AT1G06943,-0.6469100237719971
AT1G36030,0.24989244915686004
AT1G36050,0.14431263931485477
AT1G36060,-0.11497954276577853
AT1G36070,-0.14181209622790814
AT1G06947,
AT1G06953,
AT1G06957,-0.08553448003678854
AT1G36078,0.43606526203775303
AT1G36085,0.16732822555647078
AT1G36095,0.03238013958094
AT1G36100,-0.11491395118186475
AT1G06963,0.06447926440208082
AT1G36150,0.3587710631180896
AT1G36160,-0.0602393751076355
AT1G36180,-0.16177305136369172
AT1G36230,-0.2781660396030038
AT1G36240,0.08402035788843046
AT1G36272,0.14814633912345135
AT1G06967,-0.0494507947872696
AT1G36280,-0.016472082565376966
AT1G06973,0.1974629984112467
AT1G36310,-0.01200532504194329
AT1G36320,0.10808842746732096
AT1G36325,-0.9348594086963864
AT1G36340,0.1621369447479697
AT1G36350,
AT1G36370,-0.20309881611121589
AT1G36380,-0.1811458317551487
AT1G36390,-0.28303709001950894
AT1G06977,
AT1G36510,-0.2073139451805004
AT1G36580,-0.17475897070324412
AT1G36622,0.3784793049014855
AT1G36623,
AT1G06983,0.04430413202576461
AT1G36627,0.04382806122511544
AT1G36640,-0.5181221357607239
AT1G06987,-0.03793005617728418
AT1G36675,0.08673661467310095
AT1G06993,0.1124403060197219
AT1G36730,0.36775348532195584
AT1G36745,-0.05451367534541605
AT1G36756,0.24031476757720258
AT1G36920,-0.33811371586327876
AT1G36922,0.2446791942401012
AT1G36925,-0.34704943507989916
AT1G06997,0.6058475646654934
AT1G36940,0.2222425654044708
AT1G36942,0.14478707038100683
AT1G36950,-0.1676605067439363
AT1G36960,-0.2381729617651993
AT1G36970,-0.5648852640952972
AT1G36980,-0.06473712648979245
AT1G36990,0.4281344297778434
AT1G36992,0.10939449770239361
AT1G37000,0.4314499615385207
AT1G37010,0.39678042691686083
AT1G07003,0.1705537423643014
AT1G37020,-0.05165557878589056
AT1G07007,0.07218400693194824
AT1G37113,-0.07344305089444443
AT1G07013,0.059399748017865406
AT1G37130,-0.3966515064133655
AT1G37140,-0.590058586065819
AT1G37150,-0.14181629520211286
AT1G07017,-0.5505427426755072
AT1G07023,0.08256430229058669
AT1G07027,0.09889344716802123
AT1G38065,0.08257075135621522
AT1G38131,0.3550722899576928
AT1G38790,-0.34988486295680143
AT1G39060,-0.24020614442707827
AT1G39070,-0.05644123743233703
AT1G40083,-0.5802894636257715
AT1G40086,0.5614828423431683
AT1G40087,-0.14155713134156417
AT1G40090,0.593709381237751
AT1G40104,-0.5814388771270016
AT1G40129,
AT1G40390,-0.08229431096049722
AT1G41820,-0.2977109784606758
AT1G41830,0.29840534348342423
AT1G41880,0.0869777403789342
AT1G41920,-0.22074400954331824
AT1G42080,0.10569866364032501
AT1G42120,0.18806166476393152
AT1G42190,0.39346126791445124
AT1G07117,-0.17301587890829184
AT1G42430,-0.372202377783651
AT1G42440,0.07213056299786516
AT1G42470,-0.005961499870374754
AT1G42480,-0.4425402805476151
AT1G07123,-0.344423566806044
AT1G07127,0.11191098057947577
AT1G07133,0.016344179150522935
AT1G42525,-0.2586613631794883
AT1G42540,-0.1165112859860339
AT1G42550,-0.27652415381417633
AT1G42560,-0.2683465653992819
AT1G42615,-0.23423708865195023
AT1G42680,-0.050796757570616746
AT1G42700,0.4335556143147222
AT1G42710,0.49446097889279134
AT1G07137,0.24520097811026892
AT1G42960,-0.17232543588625907
AT1G42970,-0.5768961753892276
AT1G07143,-0.3195546096298242
AT1G42980,-0.05938401666061471
AT1G42990,0.08845076796319475
AT1G43000,-0.19938505054929734
AT1G43005,-0.27823152221511244
AT1G43010,0.039536248739605595
AT1G43020,0.02440038736861937
AT1G43040,-0.07984716406243479
AT1G43080,0.07075807512154772
AT1G43090,0.18543404588887025
AT1G43100,0.13357005685291243
AT1G43130,-0.028168502004910993
AT1G07147,-0.267648953722054
AT1G43140,0.1438222441580529
AT1G43145,-0.16588836888515002
AT1G43160,-0.17139379458145904
AT1G43170,0.10112795437022994
AT1G43171,0.23652266431634403
AT1G43190,0.325551586700754
AT1G43245,-0.2112173265588788
AT1G43260,0.36117151354200133
AT1G43310,-0.004603830720260993
AT1G43320,0.25863514462058607
AT1G43330,-0.6748326620245468
AT1G43415,0.22927599882412875
AT1G43560,-0.5077460851181596
AT1G07157,0.12517843086146097
AT1G07163,0.19287976735253992
AT1G43580,-0.2807372286947722
AT1G43600,-0.01571351508250936
AT1G07167,0.02232248012127198
AT1G43605,-0.11298378836212498
AT1G07173,
AT1G07177,0.13817185921328295
AT1G43610,-0.6129222165607221
AT1G43620,-0.240326299403604
AT1G43630,0.03251856716876913
AT1G43640,0.09887196822885527
AT1G43650,0.26708637734727725
AT1G43665,0.2698409303255534
AT1G43666,0.5015366203004906
AT1G43667,-0.07313248334558593
AT1G07183,-0.4354429216805143
AT1G43670,-0.1578804795291525
AT1G07187,0.24208512600655285
AT1G43680,0.20541514184312984
AT1G07193,0.43888502204956675
AT1G43690,0.08088207609826263
AT1G43700,0.3610508123802042
AT1G43710,-0.012578603107943169
AT1G43720,-0.08936673199691238
AT1G43722,0.2518217552054442
AT1G43730,0.3289513705487888
AT1G43760,-0.005651726193185676
AT1G43765,-0.2793014743694427
AT1G43770,0.03998168418043619
AT1G07197,-0.4649622038286818
AT1G43780,-0.43895327075118307
AT1G43790,0.3291784041282705
AT1G43800,-0.2708805343621301
AT1G43810,-0.2081294808890064
AT1G43815,-0.15864052445915575
AT1G43820,
AT1G43825,-0.606665957344469
AT1G43850,0.0777801238954024
AT1G43860,-0.24541446878281764
AT1G07233,0.4119483622450043
AT1G43890,-0.29796682903904675
AT1G43900,-0.20785107703636646
AT1G43910,0.21695980729239384
AT1G43950,-0.20735677829768784
AT1G43970,0.021874716882362314
AT1G43980,0.35998223478226066
AT1G44000,0.2583054622741822
AT1G44010,0.20659492246638891
AT1G44020,-0.6294177407212347
AT1G44030,0.2732070694882784
AT1G44050,-0.1703155478606729
AT1G44080,0.49291697170653814
AT1G07237,0.22028070637633732
AT1G44085,0.005344607364751283
AT1G44090,-0.07259558730535863
AT1G44100,-0.5614510802133129
AT1G07243,
AT1G44110,0.12058860188284469
AT1G44120,-0.5000879322373004
AT1G44125,
AT1G44130,0.19171360603557622
AT1G44160,-0.1588046929829552
AT1G44170,0.20255669731012108
AT1G44180,-0.4946780302084768
AT1G07247,-0.1225090065617234
AT1G07253,0.43137180801655106
AT1G07257,0.25947389187152003
AT1G44191,0.3232200602626366
AT1G07263,-0.07947143439601602
AT1G07267,0.06405250801898874
AT1G44224,0.3469799017179499
AT1G44318,-0.18257279403142967
AT1G44350,0.2474866881842413
AT1G44414,-0.06885028025717742
AT1G44446,-0.471435474433462
AT1G44478,0.062495499957304544
AT1G44542,-0.24340406792749109
AT1G44575,-0.11820306623225743
AT1G44608,-0.27524111460745887
AT1G44740,-0.12093342555733859
AT1G44750,-0.7581394955184283
AT1G44760,-0.15922286499640878
AT1G44770,0.07098460399087936
AT1G44780,0.28642230659624723
AT1G44790,0.35963017988902163
AT1G44800,-0.06859605207137191
AT1G44810,0.2507368085532546
AT1G44820,0.3237122109866026
AT1G44830,-0.13876703395737883
AT1G44835,0.24693267273942535
AT1G44890,0.1055848169127876
AT1G44895,-0.053238583720602535
AT1G44900,-0.17917315526934807
AT1G44910,-0.5248878007523011
AT1G44920,0.6860095697837526
AT1G07273,-0.19131010318509775
AT1G07277,
AT1G07283,0.2070667653204687
AT1G44940,-0.05204815530470541
AT1G44941,0.11165285162074719
AT1G44960,0.0547446366468245
AT1G44970,0.11619542556025961
AT1G44980,-0.48923029204217666
AT1G44990,-0.15695094512866292
AT1G45000,0.3403805655741733
AT1G07287,-0.0538548138263263
AT1G45010,-0.2015777145426876
AT1G45015,0.25960948030931835
AT1G45050,0.3012924062478964
AT1G45063,0.17617119218527538
AT1G45100,0.23246142360940714
AT1G45110,0.01928980486068462
AT1G45130,0.17421107373288877
AT1G45145,-0.16028762311519595
AT1G45150,0.3648909279127036
AT1G45160,-0.2790193163173503
AT1G45163,-0.45161933651254055
AT1G45165,
AT1G07293,-0.2832678922848726
AT1G07297,0.1400417022860187
AT1G07303,0.199031726740498
AT1G45170,-0.11846070699773777
AT1G45180,0.19223311184778752
AT1G45190,0.37278231377740145
AT1G45191,-0.7446430831642166
AT1G45201,-0.6133796392285007
AT1G45207,-0.08031390721261074
AT1G45215,-0.0521984146915768
AT1G45221,0.18798397203068348
AT1G45223,-0.4710942960251584
AT1G45243,0.09095307386848926
AT1G45231,-0.12404844767049009
AT1G45233,-0.04494144400234906
AT1G45229,-0.20051380514355385
AT1G45234,
AT1G45238,
AT1G45240,
AT1G07313,0.46963318832457907
AT1G45242,-0.07977267140779212
AT1G45244,0.1562679888812304
AT1G45246,-0.04753542518948837
AT1G45248,-0.437701641390819
AT1G45249,0.04395690105468915
AT1G45230,0.18057081534413458
AT1G45332,-0.23922976579901675
AT1G45403,-0.2360204483908838
AT1G45474,0.13583027650304447
AT1G45545,0.42696639391361035
AT1G45616,-0.1361478723840585
AT1G45688,0.11371091655778531
AT1G45976,-0.27784812906387285
AT1G46264,0.16970971536124774
AT1G46336,-0.17092478839325134
AT1G46408,0.06737058042088494
AT1G46480,0.04565452063858486
AT1G46554,-0.18187331086025776
AT1G46696,-0.14936910155480587
AT1G46768,0.09608956278052334
AT1G46840,0.41950206738750695
AT1G46912,-0.05801347183957181
AT1G46984,-0.2874903988302566
AT1G47056,-0.729603725877026
AT1G07317,0.18024725408784745
AT1G47128,0.14891322572864188
AT1G47130,-0.5473480471512459
AT1G07323,0.3746599328500711
AT1G47200,-0.2905807666818112
AT1G47210,0.4168902465924627
AT1G47220,0.5417745304341113
AT1G47230,0.41125271792634166
AT1G47240,-0.27444961336495377
AT1G07327,-0.2928368852385737
AT1G07333,-0.14577949819171937
AT1G07337,0.1818335557759784
AT1G07343,
AT1G47250,0.44524446790813776
AT1G47260,0.1985141593023246
AT1G47265,0.2589578768447261
AT1G47270,0.18605548831241045
AT1G47271,0.16339208882758124
AT1G47278,0.021653118586751178
AT1G47280,0.39869326373069247
AT1G47290,0.18657279980482913
AT1G47300,-0.11456930518102679
AT1G07347,-0.021138956863123448
AT1G47310,0.47120038724606284
AT1G47317,0.22253654004620718
AT1G07353,0.190209135629871
AT1G47330,-0.5145129203486267
AT1G47340,-0.023392474504477654
AT1G47350,0.12252959122261547
AT1G47370,-0.11227436877464161
AT1G47380,0.08950375579078318
AT1G47389,-0.17256097334529993
AT1G47390,0.2265439578670305
AT1G47395,0.1520442103423645
AT1G47400,0.30739689999299996
AT1G07357,-0.3340919870501535
AT1G07367,-0.6382735879387331
AT1G07373,-0.15794268188207422
AT1G47410,0.08216351553775038
AT1G47420,0.22604469192206686
AT1G47450,-0.07079853612743399
AT1G47470,0.2182952172852132
AT1G47480,-0.5453785868713122
AT1G47485,0.6691305217041522
AT1G47490,-0.40439128178159395
AT1G47495,0.16647530150090073
AT1G47497,0.21438776602244722
AT1G47500,0.33699751257870825
AT1G47510,0.18214156553948127
AT1G07383,0.05886886313654045
AT1G47530,-0.35918482308278
AT1G47540,0.2491148333991281
AT1G47550,-0.2805745780843859
AT1G47560,-0.025434197250768325
AT1G47570,0.6364268355105764
AT1G07393,-0.0696647509384552
AT1G47578,0.15315242899810053
AT1G47580,-0.20372474427081408
AT1G47600,0.12367487104886582
AT1G47603,-0.08850672159632893
AT1G07397,-0.13287259153704614
AT1G07407,0.5399766252648488
AT1G47610,-0.11364508561154384
AT1G47620,0.20019714258862434
AT1G47640,-0.1045172390077391
AT1G47655,0.2548810942787385
AT1G47657,-0.34595995845138844
AT1G47660,0.3122596135446859
AT1G47670,0.07103931628815645
AT1G47680,0.2849161288367389
AT1G47690,0.2885300646168513
AT1G47695,-0.35095317619794086
AT1G47700,0.010245603510952933
AT1G47710,-0.4283678105155014
AT1G47720,-0.015964974449842656
AT1G47730,-0.27610509895065677
AT1G47740,-0.4132223299240501
AT1G47750,-0.08380399625440375
AT1G47760,-0.3886525859305827
AT1G47765,-0.6558221758153379
AT1G07413,0.22345590441922475
AT1G07417,0.19208711118365782
AT1G07423,0.5362247867513746
AT1G07433,
AT1G07437,-0.0407198788520952
AT1G47770,0.09102569379792003
AT1G47780,0.0895649991998081
AT1G47786,0.0005880975468450018
AT1G47790,-0.44362551484695933
AT1G47800,0.2703057317362925
AT1G47810,0.23623949581799106
AT1G07447,0.3108576263683374
AT1G47813,0.1354727029074501
AT1G47820,-0.1958913562400089
AT1G47830,0.11992784409421212
AT1G47840,0.2932248823112829
AT1G47845,-0.1507214471360342
AT1G47870,0.43586184610926426
AT1G47885,
AT1G47890,-0.20167298305678408
AT1G47900,0.36806930696845463
AT1G47915,0.04754376350044321
AT1G47920,0.511957230201593
AT1G47940,0.05352401680958281
AT1G07453,0.3404518558559311
AT1G47960,-0.39625352997420993
AT1G47970,-0.4009596849610107
AT1G47980,-0.028034369865197386
AT1G07457,-0.19265235257521077
AT1G07463,
AT1G47990,-0.15041525693596977
AT1G48000,-0.5007375817974776
AT1G48010,0.06206821416540634
AT1G48020,-0.34019336433138314
AT1G48030,-0.10480894377906427
AT1G48040,0.13161828091130545
AT1G48050,0.2082546981307051
AT1G48060,0.08753419649778092
AT1G48070,-0.12663054173115246
AT1G48080,0.1715533694512731
AT1G48090,-0.5684200310904063
AT1G48095,-0.3248735255173184
AT1G07467,0.27723500628352415
AT1G48100,-0.06901912353327794
AT1G07477,
AT1G48110,-0.10392309082723397
AT1G48120,-0.09048474260102761
AT1G48130,-0.13477551222104453
AT1G48140,-0.34188429312490126
AT1G48145,0.04223550651973145
AT1G48150,-0.05775336927605591
AT1G48160,0.30460247111672106
AT1G48170,0.4096778530657502
AT1G48175,-0.41083354322241694
AT1G48180,0.3282299651984666
AT1G48190,0.11033037815978772
AT1G48195,0.05214775989570394
AT1G48200,-0.18520182535740964
AT1G48210,-0.08165887452658609
AT1G48220,-0.07935511266736497
AT1G48230,-0.4869114031287124
AT1G48240,-0.14570444390334877
AT1G48260,0.09069411588804234
AT1G48267,-0.33021188017231756
AT1G48270,0.4184677571614505
AT1G48280,-0.4726630697076789
AT1G07483,-0.3430187398795318
AT1G48285,-0.11184046105036993
AT1G48300,0.3686810922979099
AT1G48310,-0.3959389564985249
AT1G48315,-0.5594968463632772
AT1G48320,
AT1G48325,0.1466108934856292
AT1G48330,0.3146155251325514
AT1G48350,-0.11838987105977594
AT1G48355,0.24841237458593085
AT1G48360,0.05223093022156229
AT1G48370,-0.15237188830741258
AT1G48380,-0.4648250056027065
AT1G48390,0.04687592172037756
AT1G48400,0.17950901013995177
AT1G48405,0.28022692158409146
AT1G48410,0.018274468084749505
AT1G48420,-0.21336985613764506
AT1G48430,0.41359105621415615
AT1G48440,0.07392783674192127
AT1G48450,-0.11244902295845939
AT1G48460,0.10451022593627317
AT1G07487,
AT1G48470,0.3995240023463586
AT1G48480,-0.05996041795351505
AT1G48490,0.17989739355017184
AT1G48500,0.17220060109750251
AT1G48510,0.2138100274948684
AT1G48520,0.16205809691328382
AT1G48530,0.4069730144763575
AT1G48540,0.15368937744944533
AT1G48550,0.2633262423808541
AT1G48560,0.5901062505825335
AT1G48570,0.2080989487017938
AT1G48580,-0.20173561207072077
AT1G07493,0.08807901867161298
AT1G48590,-0.6369668357672307
AT1G07497,0.10416858058236254
AT1G48600,-0.49040850132663
AT1G48605,0.31557794273355083
AT1G48610,-0.0010996962227905536
AT1G48620,0.2326252638984582
AT1G48630,-0.3876295202729244
AT1G48635,0.0587856646265799
AT1G48640,-0.1867371804513462
AT1G48650,-0.36942921523782263
AT1G48660,-0.08447855993294631
AT1G48670,0.3095635556488191
AT1G48690,0.3149617112293284
AT1G48698,0.4284833328938234
AT1G48700,-0.4017837868169113
AT1G48720,-0.4480700406994101
AT1G48725,-0.07572320746564339
AT1G48730,0.17665146946258464
AT1G48740,-0.10202694597881559
AT1G48742,-0.022771418163744034
AT1G48745,0.23663584693112807
AT1G07503,-0.20782989390255
AT1G48750,
AT1G48760,0.18629708451514215
AT1G48770,-0.46064206929303286
AT1G48780,0.012852009000535602
AT1G48790,-0.33745189502283085
AT1G48800,0.2207983086153783
AT1G48820,-0.7190718419722408
AT1G48830,0.2283713138248856
AT1G48840,-0.662402862376506
AT1G48850,-0.05949783251841769
AT1G48860,0.086752896734238
AT1G48870,0.020308041902850443
AT1G07507,-0.10513789252554769
AT1G48880,-0.48827499862208035
AT1G48900,-0.49359617973647835
AT1G48910,0.09629179304263558
AT1G48912,-0.2201212350141003
AT1G48920,0.3234032887700357
AT1G48930,-0.10141953301184421
AT1G48940,-0.6240058012687819
AT1G48950,0.0994069109236723
AT1G48953,0.35927537584272595
AT1G07513,-0.5837317269874737
AT1G48960,-0.6398833953841948
AT1G48970,0.23885474128006515
AT1G07517,
AT1G48980,0.297290041083637
AT1G48990,0.2829419545420401
AT1G49000,0.5016277343181197
AT1G07523,0.16891528845374906
AT1G49005,-0.20423277708027582
AT1G07527,0.28191158570046865
AT1G49010,-0.09860684686610394
AT1G49015,0.19889358085078332
AT1G49020,
AT1G49030,0.4393586415601605
AT1G49032,-0.22896901185897775
AT1G49040,-0.015197142092107131
AT1G49050,-0.11104711875088855
AT1G49100,0.5699461337191567
AT1G49110,0.08822669722487068
AT1G49120,-0.047947182716931144
AT1G49130,-0.3806555312831991
AT1G49140,0.4364989484514677
AT1G49150,
AT1G49160,0.3665116706068521
AT1G49170,-0.2117101214500867
AT1G49180,0.4920316199167817
AT1G07533,-0.1544213336531569
AT1G49190,-0.45890806436430265
AT1G49200,0.1835876632122913
AT1G49205,-0.0945046256651594
AT1G49210,-0.0552835292199155
AT1G49220,0.1673754381263882
AT1G49225,0.016382345849300907
AT1G49230,
AT1G49240,0.28191177765124015
AT1G49245,0.048660640899026913
AT1G49250,0.3244816485072114
AT1G07537,
AT1G49260,-0.37519014862834743
AT1G49270,0.21713096316364736
AT1G49280,0.0921318613506264
AT1G49290,-0.10421223394205643
AT1G49300,0.23501871442606395
AT1G49310,-0.2986945987077356
AT1G49320,-0.027902502945419436
AT1G49330,-0.2094679341138851
AT1G49340,0.07510120013421967
AT1G49350,-0.34139712589491705
AT1G07543,
AT1G49360,0.7268976443449598
AT1G07547,
AT1G07553,0.0926360492942958
AT1G07557,
AT1G49380,-0.10515249179566612
AT1G49390,-0.06833824252013758
AT1G49400,-0.12599465507868343
AT1G49405,0.40778590406690174
AT1G49410,-0.006677963483388334
AT1G49420,-0.2976827562761141
AT1G49430,0.023444268291749046
AT1G49435,0.25645813406562606
AT1G49450,0.08876483519205206
AT1G49460,0.20870675126712954
AT1G49470,0.12575667586156333
AT1G49475,-0.5441661751853425
AT1G49480,0.09579643666206196
AT1G49490,0.4046173233639677
AT1G49500,-0.20221424810965052
AT1G49510,-0.08642028811788074
AT1G49520,-0.15570078739107424
AT1G49530,0.28693306083804154
AT1G07563,
AT1G49540,-0.10526313260161876
AT1G07567,
AT1G49560,0.6020330398698172
AT1G49570,-0.17518241561900139
AT1G49580,-0.4669895108728931
AT1G49590,0.21768053614931765
AT1G49600,-0.20837320784598243
AT1G49610,0.22782270096454124
AT1G07573,0.180906285573065
AT1G49620,-0.3840215010889407
AT1G49630,-0.025826263733245283
AT1G49640,0.5166491831812364
AT1G49650,0.2291712712517476
AT1G49660,-0.2724499217390271
AT1G49670,-0.7994417616159772
AT1G49680,-0.30914267931251815
AT1G49690,0.08139575637598982
AT1G49700,0.20938484387016335
AT1G49710,-0.11211542613969633
AT1G49715,0.13050544349473472
AT1G07583,-0.5569572703336644
AT1G49720,0.27054731023208733
AT1G07587,
AT1G49730,-0.6129101150025329
AT1G49740,-0.267637630548439
AT1G49750,0.41360412254552903
AT1G49760,0.2887073357276467
AT1G49770,-0.6211458261177214
AT1G07593,0.07659807173445843
AT1G49780,-0.5595307915725187
AT1G07597,-0.2542825087737764
AT1G49790,-0.1953275634835013
AT1G49800,0.2526419063720248
AT1G49810,-0.2433286368270239
AT1G49820,-0.07401500951197987
AT1G49830,-0.4440490466299442
AT1G49832,0.2272999585482319
AT1G49840,-0.557647020685909
AT1G49850,0.007655273382445666
AT1G49860,0.18673926707446298
AT1G49870,-0.002667285908563121
AT1G49880,-0.04971725361137882
AT1G49890,-0.643039846269607
AT1G49900,-0.08168522099129126
AT1G49910,-0.2849848689836557
AT1G49920,-0.3615832887129188
AT1G49930,-0.2697638703436284
AT1G49938,-0.09657666198566273
AT1G49940,0.21291718105433244
AT1G49952,0.4226810206462234
AT1G49950,0.23459561791881028
AT1G49960,-0.05325930080344777
AT1G49970,-0.4973755077298146
AT1G49975,0.14212624060518703
AT1G49980,-0.28148232484191665
AT1G49990,0.16045899759406929
AT1G50000,0.07712370157376401
AT1G50010,0.19881044688906496
AT1G07603,
AT1G50020,0.17796481014766258
AT1G07607,
AT1G50030,-0.04752185103037291
AT1G50040,0.1608569828644292
AT1G50050,-0.36847753699605523
AT1G50055,-0.023710223813435075
AT1G07613,
AT1G50060,-0.18178423313706704
AT1G50070,-0.15465447289619014
AT1G50080,-0.42211846268238346
AT1G50090,-0.011963651618263507
AT1G50100,
AT1G50110,0.061145877847851735
AT1G50120,0.12578160957054824
AT1G50140,-0.6718811146347344
AT1G50160,-0.27282118898013474
AT1G50170,-0.010144741945960503
AT1G50180,-0.2882726911908296
AT1G50190,-0.06533865111439521
AT1G50200,-0.07230324597476025
AT1G50220,0.028022206153586304
AT1G50240,-0.05516584210975211
AT1G50250,0.3155545791543487
AT1G50260,0.03164207667403163
AT1G50270,-0.24608475595618604
AT1G50280,0.1592458857869712
AT1G50290,-0.029401424707232598
AT1G50300,-0.47331316566951576
AT1G07617,0.04282835400271859
AT1G50310,0.31432581031632467
AT1G50320,0.3757350458939317
AT1G50325,-0.7105606490177453
AT1G07623,0.07514395937623795
AT1G07627,0.33330650073264984
AT1G50340,0.24464617654669074
AT1G50350,-0.9149824106337939
AT1G50360,-0.3062844819329645
AT1G50370,-0.3937352903690857
AT1G50380,-0.4986532307400581
AT1G50390,-0.2156987677337256
AT1G50400,0.42092341782566645
AT1G50410,-0.23595978466122727
AT1G50420,-0.3868750258822723
AT1G50430,0.1849228879004686
AT1G50440,-0.48458780872151924
AT1G07633,
AT1G07637,
AT1G50450,0.5094420662572069
AT1G50460,-0.6371694725077985
AT1G50470,0.039340595456177505
AT1G50480,0.27991561366011464
AT1G50490,-0.02054089838457725
AT1G50500,0.0068459706607754455
AT1G50510,0.33486472617620205
AT1G50520,-0.2016940373473054
AT1G50530,0.15504435621682414
AT1G50560,-0.27385651125985605
AT1G07647,
AT1G50570,0.31386943025240566
AT1G07653,
AT1G50575,-0.02359991349181516
AT1G50580,0.12501555871112383
AT1G50590,-0.007747611029892145
AT1G50600,-0.4109994084363519
AT1G50610,-0.41438535355125367
AT1G50620,-0.11677760853122515
AT1G50630,-0.3507115887527247
AT1G07657,-0.31851695782235684
AT1G50640,0.24730269980807282
AT1G50650,0.2460177074547465
AT1G50659,
AT1G50660,0.32119297730289537
AT1G07663,
AT1G50670,0.43596139457505967
AT1G50680,0.18587300976005622
AT1G50690,-0.006835361332519141
AT1G50700,0.028215059030580587
AT1G07667,
AT1G50710,0.3033891238566555
AT1G50720,0.5820863987565079
AT1G07673,0.0582380125830465
AT1G50730,0.12771826574538145
AT1G50732,0.1329969167670067
AT1G50740,-0.3335601294955654
AT1G50745,-0.2648700632521515
AT1G50750,0.0364264830068273
AT1G07683,-0.5242284473265335
AT1G50760,-0.060313611467997734
AT1G50770,0.122841502682537
AT1G50780,0.037709207904812685
AT1G50790,0.07701591085313596
AT1G50820,0.21679735483041881
AT1G50830,-0.007816345101278325
AT1G50840,-0.26037994497660755
AT1G50870,0.2744568953897487
AT1G50880,0.0664337991235123
AT1G50890,-0.28528259452087384
AT1G50900,0.2276794670559098
AT1G07693,
AT1G50910,0.2374915325586236
AT1G07697,
AT1G50920,-0.09801583815743176
AT1G50930,-0.22455920800572632
AT1G50940,0.00799072626215992
AT1G07703,
AT1G50950,0.27178532287058593
AT1G07707,-0.4632149068647216
AT1G50960,0.10799793878354394
AT1G50970,0.09544050636282027
AT1G50980,0.44420961806508397
AT1G50990,-0.26016677045084613
AT1G51000,0.09165296724807251
AT1G51010,0.050017284597022454
AT1G51020,0.27645608534962013
AT1G51030,0.2625499420107413
AT1G51035,0.2454906145008003
AT1G51040,-0.005645527622705583
AT1G51055,0.052191203954203576
AT1G51060,-0.25499060085854414
AT1G51070,-0.10884722258474025
AT1G51080,-0.3366552353182256
AT1G51090,0.5794947487512536
AT1G51100,0.08177557098830529
AT1G51110,-0.13771598629820508
AT1G51120,-0.33930498318163343
AT1G51130,0.2156654892001597
AT1G51140,-0.1837106000147296
AT1G51150,-0.30558050943143766
AT1G51160,0.33856484068685266
AT1G51170,-0.34158152918555845
AT1G07717,0.1531630127448388
AT1G07723,
AT1G51172,-0.10572881970695522
AT1G51190,0.5138874640397676
AT1G51200,-0.20409916131575742
AT1G51210,0.42840620203579444
AT1G51220,0.29903993897159
AT1G51230,0.17564284999135124
AT1G51240,0.1231805891692627
AT1G51250,-0.02492415809537078
AT1G51260,-0.09490751707868113
AT1G51270,0.32361229807098013
AT1G51290,-0.08561492205921181
AT1G51300,0.23763840270062198
AT1G51310,0.3369140178087173
AT1G51320,-0.1358825504054091
AT1G07727,0.6872977468104995
AT1G51330,-0.18558130421826416
AT1G51340,-0.3329085343265757
AT1G51350,-0.14967965750550694
AT1G51355,-0.30033332549876357
AT1G51360,0.3865203744349981
AT1G51370,0.1534996232164116
AT1G51380,0.19088754395283042
AT1G51390,0.11247928603246951
AT1G07733,
AT1G51400,0.3148055546123143
AT1G07737,
AT1G51402,0.7248970269150211
AT1G07743,-0.5369775781550203
AT1G51405,0.7505081919532723
AT1G51410,-0.24086855406469582
AT1G51420,-0.4496577353941268
AT1G51430,0.6699735479869482
AT1G51440,-0.8048027327724552
AT1G51450,0.15685485007533703
AT1G51460,-0.007667742455483948
AT1G51470,-0.2267009938756115
AT1G51480,-0.5009215739243054
AT1G51490,0.4187367507815255
AT1G51500,-0.7168768278586019
AT1G51510,-0.11847911199610352
AT1G51520,-0.0778905921362944
AT1G51530,0.21551427501079445
AT1G51538,-0.07007307015107617
AT1G51540,0.04829730528766642
AT1G51550,-0.03411231439017212
AT1G07753,
AT1G51560,0.5193504297248567
AT1G51570,-0.6251792576035557
AT1G51580,-0.050240451238161
AT1G51590,0.13022298145235
AT1G07757,
AT1G51600,-0.37930436287714536
AT1G51610,-0.2248334844368773
AT1G51620,-0.15494632872199088
AT1G51630,-0.03996670273380377
AT1G51645,-0.14078426781785167
AT1G51640,
AT1G51650,0.3079502210508256
AT1G51660,-0.03609491179641278
AT1G51670,-0.42104126158636895
AT1G51680,-0.18874585463995627
AT1G51690,0.4131893687960306
AT1G07763,-0.742015716599866
AT1G51700,0.13576174823121373
AT1G51710,0.32522704933827745
AT1G51720,0.2693394253001851
AT1G51730,0.07937315370107362
AT1G51740,0.4750172172256199
AT1G51745,0.22783023572484323
AT1G51760,0.09633748861614848
AT1G51770,-0.1544701639050694
AT1G51780,0.11533917503853722
AT1G51790,0.13779741660681336
AT1G51800,-0.04215385797774108
AT1G51805,-0.09571992777259392
AT1G51810,0.024122683390776785
AT1G07767,0.47772838600003387
AT1G51820,0.048488871038951095
AT1G51823,-0.0010261998157185949
AT1G51830,0.01499081768664365
AT1G51840,0.17179220440905243
AT1G51850,0.2950358586850043
AT1G51860,0.12836171233780888
AT1G51870,0.0888831351928085
AT1G51880,0.16980820081900821
AT1G51890,-0.4629065230660208
AT1G51900,0.6775961424649212
AT1G51910,0.49670842368788753
AT1G51913,0.017791987629194712
AT1G51915,0.3577432578268427
AT1G51920,-0.004149429430737639
AT1G51930,0.2568941908082665
AT1G51940,-0.3912142523737093
AT1G07773,0.23232708936983001
AT1G51950,-0.0034941319200960147
AT1G51960,-0.0016489450370867744
AT1G51965,0.37466937334549344
AT1G51970,0.07349114792135018
AT1G51980,-0.1849448745242822
AT1G51990,0.5931097004402873
AT1G52000,0.0770990372471028
AT1G52030,0.08121561051246165
AT1G52040,0.056670730281302095
AT1G07777,0.2641167348605348
AT1G52050,0.35630040145284675
AT1G52060,0.3624601583368768
AT1G52070,0.05287146232748772
AT1G52080,0.05839039838968669
AT1G07783,-0.02922558328532685
AT1G52100,0.2669191582320989
AT1G52110,0.6426556141141598
AT1G52120,0.028440201771476853
AT1G52130,0.1882068966117356
AT1G52140,-0.10659298283427802
AT1G52150,-0.22094786568227381
AT1G52155,0.04872518698356917
AT1G52160,0.1368509767727124
AT1G52170,0.24061488222817443
AT1G52180,0.41727202538759334
AT1G07787,0.18648321140492632
AT1G52185,0.010125770432518333
AT1G07793,0.09130937085460748
AT1G52190,-0.471359123818718
AT1G52191,0.14270437547869738
AT1G52200,-0.27122231382554746
AT1G52220,0.2554846371022223
AT1G52230,-0.3305592956071997
AT1G52240,-0.2637499502305698
AT1G52245,-0.027538427316183067
AT1G52260,0.07976000277199616
AT1G52270,0.46926667753051154
AT1G52280,0.377025372382194
AT1G52290,-0.1428308581747611
AT1G52300,0.15245375242843073
AT1G52310,-0.09770329212334893
AT1G52315,0.23710083554466788
AT1G52320,0.23884017393102744
AT1G52325,
AT1G52330,-0.08284105742341223
AT1G52340,-0.36018463524749467
AT1G07803,
AT1G52342,-0.15264017388544135
AT1G52343,0.07134933019354255
AT1G52347,0.294107095008743
AT1G52350,-0.011661355361773462
AT1G52360,0.06484911850164266
AT1G52370,-0.46960849503813784
AT1G52380,-0.3131883636607386
AT1G52390,0.3023665203439045
AT1G52400,-0.1325075637632885
AT1G52410,0.12067951531781902
AT1G52415,0.323408896349816
AT1G52420,-0.26123355842461354
AT1G52430,0.6995341323173342
AT1G52440,0.38431980765293705
AT1G52450,-0.32547987166585535
AT1G52460,0.01229748757820651
AT1G52470,-0.4830739403930624
AT1G52490,0.211550895424859
AT1G52495,-0.06929574449379888
AT1G52500,0.24837405588324576
AT1G52510,0.053375737615145885
AT1G07807,
AT1G52520,-0.6738045814435519
AT1G52530,-0.005973370458451442
AT1G07813,
AT1G52540,0.5156696197384649
AT1G52550,0.12162828633696805
AT1G52560,-0.18645048056753316
AT1G52565,-0.2439975656600633
AT1G52570,0.39974619330100397
AT1G52580,-0.1391213254807801
AT1G07823,
AT1G52590,0.2710027537240597
AT1G52600,-0.3475254532115096
AT1G52603,-0.08330349850817557
AT1G07827,0.431989972603418
AT1G07833,-0.26660325838161936
AT1G52615,0.18243505776176128
AT1G52618,0.05780509479514513
AT1G52620,0.056327237545908085
AT1G52630,-0.009162492391814383
AT1G52640,-0.17433593820737853
AT1G52650,-0.08947947834177096
AT1G07837,0.1428978969700185
AT1G52660,0.1676030119546231
AT1G52670,-0.08883429985105794
AT1G52680,-0.07263518066242397
AT1G52690,0.12216823420922697
AT1G52695,0.06601439301674207
AT1G52700,0.09737919661207804
AT1G52710,-0.20074738271771006
AT1G52720,0.0012276586671892999
AT1G52730,0.04163913885845242
AT1G52740,-0.2614842289882167
AT1G52750,-0.4258408998413254
AT1G52760,0.5002834301239716
AT1G52770,-0.2698264139840449
AT1G52780,-0.1264618702148855
AT1G52790,0.020455805925816743
AT1G52800,0.11459097645989785
AT1G52810,0.10364153845586377
AT1G52820,0.33746830381205906
AT1G52825,-0.17111254956592858
AT1G52827,-0.1895607023378111
AT1G52830,-0.4059870593920855
AT1G52857,0.2763842102148674
AT1G52855,-0.27662552799629003
AT1G52860,0.07804683165444118
AT1G52870,-0.09432983985621661
AT1G52880,0.23507940927914456
AT1G52890,0.4207381530635175
AT1G07843,0.12460780767981308
AT1G52900,0.31794716635510256
AT1G52905,0.5531447035168119
AT1G52910,-0.5772678824336058
AT1G07847,
AT1G52920,-0.12872051002370152
AT1G52930,-0.18796810714173368
AT1G52940,-0.07552619063674157
AT1G52950,-0.010499682399993469
AT1G52970,-0.7283408733198549
AT1G52980,-0.2746395444149978
AT1G52990,0.15814325967616905
AT1G53000,0.05032071819794432
AT1G53010,-0.3601847336689321
AT1G53023,-0.3204026187912825
AT1G53025,0.21386038215602463
AT1G53030,0.3145395106307384
AT1G53035,-0.054951343612497615
AT1G53040,-0.25212026188073655
AT1G53050,-0.3188510556288717
AT1G53060,-0.017688861370217055
AT1G53070,0.23918105400490258
AT1G53080,0.43974497612628605
AT1G53090,0.48899613314254237
AT1G53100,0.21629219295356225
AT1G07853,
AT1G53110,-0.12252634186304442
AT1G53120,-0.13268680619055828
AT1G53130,-0.047721706076727925
AT1G07857,0.02147465581370727
AT1G07863,-0.008606931780359891
AT1G53140,0.2235989075904011
AT1G53160,0.03706229155236085
AT1G07867,
AT1G53163,-0.056920492120476285
AT1G53165,0.0486498790248493
AT1G07873,0.2802401043194238
AT1G53170,-0.02381615981910562
AT1G53180,-0.08409190325551921
AT1G53190,-0.157401687968881
AT1G53200,0.23753972805878742
AT1G53210,0.002808332949595709
AT1G53220,0.011146086662649945
AT1G53230,-0.3926833730524671
AT1G53233,0.08792575032531998
AT1G53240,0.17970793359964993
AT1G53250,0.07144423676604134
AT1G53260,0.16494254461152077
AT1G53265,0.4700287195329213
AT1G53270,-0.26924737283225963
AT1G53280,0.3170758040797902
AT1G53282,0.2688905051922477
AT1G53285,0.3285807627459148
AT1G53290,-0.019577223337421075
AT1G53300,0.22111115562269212
AT1G53310,-0.188385810111004
AT1G53320,0.4217039090532744
AT1G53325,-0.21669950457651674
AT1G53330,-0.07789846600801575
AT1G53340,0.07614253154308315
AT1G53345,0.03835935023846013
AT1G53350,-0.36492852893825173
AT1G53360,-0.29853170391881123
AT1G53366,0.16029377315032475
AT1G53370,0.08269975467931766
AT1G53380,0.1776579584904026
AT1G53390,-0.2084077746117152
AT1G53400,-0.18348598513522063
AT1G07877,
AT1G53410,
AT1G53420,-0.1721192106969749
AT1G53430,0.14423641671524848
AT1G53440,0.776635684943469
AT1G53450,-0.006127325695490881
AT1G53460,-0.18209785523785446
AT1G53470,0.2776043809734951
AT1G07883,
AT1G53480,-0.1065082544278663
AT1G07887,
AT1G53490,0.2961535010870379
AT1G53500,-0.3408365227737754
AT1G07893,
AT1G53510,-0.14783892945114743
AT1G53520,-0.04425210378004462
AT1G53530,0.23644080013259408
AT1G53540,0.5202184324092174
AT1G53541,0.11785883720391374
AT1G07897,0.5266354226500858
AT1G53542,0.6141710993710237
AT1G07903,
AT1G07907,-0.030046304103533032
AT1G53550,0.24674506646576472
AT1G53560,0.1368643138474112
AT1G53570,-0.26971814210784495
AT1G53580,-0.24426307559131832
AT1G53590,-0.11923913594867201
AT1G53600,0.029076578621877965
AT1G07913,0.19438656462715853
AT1G53610,-0.29493547919034324
AT1G07917,0.3704599465075629
AT1G53620,-0.8878469949664913
AT1G53625,-0.44346902849554426
AT1G53633,0.0022236994718393415
AT1G07923,0.2586270081113023
AT1G07927,
AT1G53635,0.14312241947311888
AT1G53640,-0.22707642455125288
AT1G53645,-0.2846682149032809
AT1G53650,-0.17340014240258877
AT1G53655,0.13853640570134046
AT1G53660,0.008445156567887177
AT1G53670,-0.30911737121305055
AT1G53680,0.2168174401509199
AT1G53683,0.11584249301407573
AT1G53687,-0.22367033404024547
AT1G53690,-0.07747621269446316
AT1G53700,0.1199968735396798
AT1G53705,0.2229573815380834
AT1G53708,
AT1G07933,
AT1G53710,0.10455038468297642
AT1G53720,0.37617196032385886
AT1G53730,0.2177122793859669
AT1G53750,0.3977637205348401
AT1G53760,-0.8047192852355709
AT1G53770,-0.2603641221520411
AT1G53780,0.21488537907609798
AT1G53790,0.00231675240168013
AT1G53800,0.1095672705492559
AT1G53801,
AT1G53815,-0.021757277136505455
AT1G53820,-0.07270357219232428
AT1G07937,0.20360752133884175
AT1G53830,0.14855108930740063
AT1G53840,-0.33170643883993306
AT1G53850,0.15049251615148362
AT1G53860,-0.0018141242142704207
AT1G53870,
AT1G53875,
AT1G53880,
AT1G53885,
AT1G53887,0.05612878915688702
AT1G53890,0.46169174073302005
AT1G53900,0.6792030756589118
AT1G53903,
AT1G53910,-0.018748661821871595
AT1G53920,-0.17638329145782666
AT1G53930,-0.049821832776750716
AT1G53935,0.1370132685835711
AT1G53940,-0.34647728359221847
AT1G53945,0.3070703042957883
AT1G53950,0.1575579698201458
AT1G53970,0.057300729832858305
AT1G53980,
AT1G53990,-0.1921245930193092
AT1G54000,0.3702152348530615
AT1G54010,0.036452423743856883
AT1G54020,-0.14389754456516568
AT1G54030,-0.044158961879645964
AT1G54040,-0.678864246043567
AT1G54050,-0.5501499415469442
AT1G54060,-0.1829106638293749
AT1G54070,-0.19273891141666671
AT1G54080,-0.18209832266406445
AT1G54090,-0.5204819071148827
AT1G54095,-0.03334543688117659
AT1G54100,-0.2828920627989179
AT1G54110,-0.45567775354707374
AT1G54115,-0.4629048581114112
AT1G54120,0.0034015969155182756
AT1G54130,-0.11567238809847426
AT1G54140,0.33275834096401147
AT1G54150,0.2798984476772632
AT1G54160,0.010736707484555973
AT1G07943,
AT1G54170,0.18632575049028377
AT1G07947,-0.09155702827944144
AT1G54180,-0.46756443283108007
AT1G54200,0.03264157713360764
AT1G54210,0.2863616733521418
AT1G54215,0.0802185556740587
AT1G54217,0.0822834845043758
AT1G54220,0.030665826848178653
AT1G54230,0.7116836477608627
AT1G54240,0.22189673029855836
AT1G54250,0.542099744717692
AT1G54260,0.4173533217849085
AT1G54270,0.49197434198855733
AT1G07957,
AT1G54280,-0.29286858655737336
AT1G54290,0.416443701502519
AT1G54300,0.34762152578888583
AT1G54310,0.2056908673373008
AT1G54320,0.07205983140609344
AT1G07963,
AT1G54330,0.2642240230993638
AT1G54340,0.0965916861124175
AT1G54350,-0.05470815439260006
AT1G54355,
AT1G54360,0.47451675665416054
AT1G54370,0.3116313726573755
AT1G07967,
AT1G54380,-0.3593263367032351
AT1G54385,0.18433290587203824
AT1G54390,-0.029387929097771437
AT1G54400,0.30431552855042215
AT1G54410,-0.5709523125782827
AT1G54420,-0.04263083797041379
AT1G07973,0.07559893035223102
AT1G54440,-0.2752326258503766
AT1G54445,-0.43379575861396213
AT1G54450,-0.3129607158808185
AT1G54460,0.3415841809333637
AT1G54470,-0.14539807561024073
AT1G54475,-0.16510432406093362
AT1G54490,-0.0036559431586629353
AT1G54500,-0.06155419121450604
AT1G54510,-0.30506922955432025
AT1G54520,-0.2238453171900904
AT1G54530,-0.1051004826882803
AT1G54540,0.17822423022374032
AT1G54550,0.38089530071964733
AT1G54560,-0.539142438692798
AT1G54570,-0.28581337486601777
AT1G54575,-0.016524522631829765
AT1G54580,0.11085739896039938
AT1G54590,0.39702312499686776
AT1G54610,0.18397143724687398
AT1G54620,0.0520355208129514
AT1G54630,0.07195708357875102
AT1G54640,-0.5853633328825221
AT1G54650,-0.3976371427635044
AT1G07977,0.3367180796408939
AT1G54670,0.14642867790226963
AT1G54680,0.1316580418712309
AT1G54690,0.35107117322632264
AT1G07983,
AT1G54700,0.47262488069060715
AT1G54710,-0.366756640867493
AT1G07987,
AT1G54720,0.3585170029726043
AT1G54730,0.1325433186158792
AT1G54740,0.38893848370362105
AT1G54760,-0.13886050704222014
AT1G54770,0.16475801194369014
AT1G54773,-0.6357214296166026
AT1G54775,0.20903463931808058
AT1G54780,0.2107612517134134
AT1G07993,
AT1G54790,0.44254216870147794
AT1G07997,
AT1G54820,0.18090919966158714
AT1G54830,0.17652584052512102
AT1G08003,
AT1G54840,0.20921066956141524
AT1G54850,-0.04844639226737046
AT1G54860,0.30954057185227885
AT1G54870,0.1250970184478706
AT1G54890,0.2342708716607822
AT1G54920,-0.12224175269773685
AT1G54930,0.08248814483366171
AT1G54940,-0.718477177375899
AT1G08007,0.21661977144204103
AT1G54950,0.39051961434234017
AT1G08013,0.18953015920759284
AT1G54953,0.13300531994434653
AT1G08017,
AT1G08023,-0.052339488041588014
AT1G08027,-0.09011457165005399
AT1G54957,-0.4215713779087496
AT1G54960,-0.308767145954379
AT1G54970,-0.10221718044125966
AT1G54980,-0.07908823668483098
AT1G54990,0.2032287202818802
AT1G55000,-0.15903032840900952
AT1G55010,-0.81161890122656
AT1G55020,0.05402704357084418
AT1G55030,-0.38658929201816916
AT1G55040,-0.004261517638189156
AT1G55050,-0.034799026271948086
AT1G55060,-0.6018161688953865
AT1G55070,-0.23998052739477865
AT1G55080,0.20613292861393442
AT1G55090,-0.14906367969853573
AT1G55110,-0.0673681949582446
AT1G55120,0.2892299504633758
AT1G55130,0.0005354270245777218
AT1G55140,0.4061185401815753
AT1G55150,0.45468651775501856
AT1G55160,-0.41551222117875697
AT1G55152,
AT1G55170,0.22521865727045193
AT1G08033,0.06431245199132699
AT1G55175,-0.3741234379811087
AT1G55180,-0.21506388481404118
AT1G08037,0.09651013642332414
AT1G55190,
AT1G55200,0.16198048125924544
AT1G55205,0.3894949169145522
AT1G55207,0.19999677086148046
AT1G55210,0.41742046335781413
AT1G55220,0.2751788525072462
AT1G55230,0.5543825544588404
AT1G55240,0.42388508956469617
AT1G55250,0.037754614618825025
AT1G55260,-0.3064005928241339
AT1G55265,0.34626434049473426
AT1G08043,
AT1G55270,-0.3961752392245661
AT1G08047,
AT1G08053,-0.03922533144628361
AT1G55280,-0.4718872147282794
AT1G55290,-0.047977762833132834
AT1G55300,0.6367904841340433
AT1G55310,0.13089724574611236
AT1G55320,-0.5734222693065
AT1G55325,-0.4185124233813228
AT1G55330,0.025041417087907813
AT1G55335,
AT1G55340,0.015584465657782575
AT1G55350,-0.612983026607688
AT1G55360,-0.23655998019908875
AT1G55365,-0.05241046080449812
AT1G55370,-0.46571876195843864
AT1G55380,0.2396410156605859
AT1G55390,0.26195577855795427
AT1G55420,-0.06054723421912753
AT1G55430,0.5415194117240342
AT1G55440,0.0440328858400839
AT1G55450,0.05627371381348183
AT1G55460,0.27459978635788573
AT1G55475,0.4259013554166403
AT1G55480,0.34281259735663777
AT1G55490,-0.6053263107721017
AT1G55500,0.3633281709677391
AT1G55510,-0.09791089872772465
AT1G55520,0.15288732080651274
AT1G55525,-0.47186704909448784
AT1G55530,0.16607205514778042
AT1G55535,-0.5911221249952846
AT1G55540,0.27103705479555323
AT1G55546,-0.7343393009093967
AT1G08057,0.18098130943352203
AT1G55550,0.48063580150338764
AT1G55560,0.5849306858686399
AT1G55570,-0.06322526079590922
AT1G55580,-0.46117043558667103
AT1G55590,0.10518580001344478
AT1G55591,-0.08830422748153559
AT1G55600,0.26933226268377863
AT1G55610,0.3469600988502926
AT1G55620,-0.10274470142412467
AT1G55625,-0.411318071067273
AT1G55630,0.32192880392307005
AT1G55640,0.028728377970707392
AT1G55650,-0.3449658574713883
AT1G08063,0.22688589848247123
AT1G55660,0.1672322590319334
AT1G55670,-0.16574404939385162
AT1G55673,
AT1G55675,-0.18137154097785593
AT1G55680,-0.24720710585317135
AT1G55690,-0.6435528809506326
AT1G55700,0.2672490584028041
AT1G55710,0.24627308392150546
AT1G55720,-0.119330701070199
AT1G55730,0.12188657236771218
AT1G55740,0.08244253714059782
AT1G55750,-0.34983015343278234
AT1G55755,0.07765278929885397
AT1G55760,0.0616484266552823
AT1G55770,0.08483570994808796
AT1G55775,-0.13164653665118314
AT1G55790,0.005526846208005907
AT1G55800,0.26231625413426535
AT1G55803,-0.40604432369617804
AT1G55805,0.3153107618354141
AT1G55810,-0.42187847483883184
AT1G55820,-0.47194079261168914
AT1G55830,0.39790586515057946
AT1G55840,-0.25316868027261574
AT1G55850,0.10393319108447761
AT1G55860,-0.25595495762340026
AT1G08073,
AT1G55865,0.04547886067297971
AT1G55870,-0.41099112890095213
AT1G55880,-0.4943418164815415
AT1G55890,-0.3229654741584786
AT1G55900,-0.5528870310282541
AT1G55910,-0.1530242553856158
AT1G55915,0.07795578242984741
AT1G55917,-0.20813855517843743
AT1G55920,0.09164589009188251
AT1G55928,0.1370723195937593
AT1G55930,-0.5514807239105486
AT1G55940,-0.09924456653801451
AT1G55945,
AT1G55947,-0.43130924326107
AT1G08077,-0.05613462424668605
AT1G55950,-0.1111741827273452
AT1G55960,-0.6616160210337203
AT1G55970,0.05220740968563514
AT1G55980,0.13328035290204948
AT1G55990,0.071072246041338
AT1G56000,-0.179824187668158
AT1G56010,-0.007419932190081886
AT1G08087,
AT1G56020,0.5288149148506596
AT1G56030,-0.21916124319535385
AT1G56040,0.5111909267825367
AT1G56045,0.6440968303365798
AT1G56050,-0.0365819417898787
AT1G56060,0.24224547053672366
AT1G56070,-0.060619309983515855
AT1G56080,-0.1177969738391475
AT1G56085,0.35268761212562827
AT1G56090,0.25001119810369243
AT1G56100,0.032461184224926776
AT1G56105,0.011800662174554093
AT1G56110,-0.14676873600287052
AT1G56120,-0.36030047550936245
AT1G56130,-0.17231190759759105
AT1G56140,0.01743197140570909
AT1G56145,-0.25704439778814264
AT1G56150,-0.02683523032823235
AT1G56160,-0.23873203122889097
AT1G56165,-0.7304311612958883
AT1G56170,
AT1G56180,-0.022947495983386156
AT1G56190,0.26347082795677673
AT1G56200,-0.15099862119859242
AT1G56210,-0.08057726404935626
AT1G56220,-0.061814418667198535
AT1G56225,0.10116026611989391
AT1G56230,0.257132935570059
AT1G56233,-0.19270354255736052
AT1G08093,
AT1G08097,
AT1G08103,-0.09550134820418443
AT1G08107,
AT1G08113,
AT1G08117,
AT1G08123,
AT1G56240,-0.04145762155649793
AT1G56242,0.130668341855827
AT1G08127,0.022900816296117198
AT1G56250,-0.03954145701068191
AT1G56260,-0.07898822724354525
AT1G56270,-0.028782939522304506
AT1G56280,0.0987060070698363
AT1G56290,-0.10624969528844119
AT1G56300,-0.07430543570666076
AT1G56310,-0.08400089178724533
AT1G56320,-0.22442496689491703
AT1G56330,-0.6551997022869226
AT1G56340,0.6444430468040928
AT1G56345,0.074449684665782
AT1G56350,0.28161332877436573
AT1G56360,-0.015227531535955668
AT1G56380,-0.3182800493355665
AT1G56385,-0.2806815643187604
AT1G56400,-0.06436689423720948
AT1G56410,-0.1286809534157034
AT1G56415,0.08243982202696608
AT1G56418,-0.03199051735989752
AT1G56420,-0.2263899131818634
AT1G56423,0.007536286786206247
AT1G56430,-0.0819538864509313
AT1G56440,-0.5324041305317688
AT1G56450,-0.03929084013066075
AT1G56460,0.01508519951260433
AT1G56500,-0.3161080779577005
AT1G56510,0.26426017054013706
AT1G56520,0.09458144954798649
AT1G56530,-0.027742498382469137
AT1G56540,-0.31248961437649414
AT1G56550,0.37889305595895156
AT1G56553,-0.03569882961554931
AT1G56555,-0.4276231251783475
AT1G56560,0.06323279619306905
AT1G56570,-0.31738751781960384
AT1G56580,
AT1G56590,-0.2226354713095605
AT1G56600,-0.1476148510817329
AT1G56610,0.1096585621542255
AT1G56612,-0.06867711050610234
AT1G56620,-0.014816033212509341
AT1G56630,0.08581980969084073
AT1G56650,-0.24320104541670196
AT1G56660,-0.11198070559962711
AT1G56670,0.2865095043272013
AT1G56680,-0.13365527822319767
AT1G56690,0.3460189382954257
AT1G56700,0.37876455520789937
AT1G56710,0.21283485010797962
AT1G08133,-0.05102411898543652
AT1G08137,
AT1G56720,-0.07233930845216498
AT1G08143,-0.0031989700879851896
AT1G08147,-0.1344607455384063
AT1G56730,
AT1G56740,
AT1G56750,
AT1G56760,
AT1G56770,
AT1G56780,
AT1G56790,
AT1G56800,
AT1G56810,
AT1G56820,
AT1G56830,
AT1G56840,
AT1G56850,
AT1G56860,
AT1G56870,
AT1G56880,
AT1G56890,
AT1G56900,
AT1G56910,
AT1G56920,
AT1G56930,
AT1G56940,0.29419707920627974
AT1G56950,
AT1G56960,
AT1G56970,-0.16285234090351136
AT1G56980,
AT1G56990,0.0208673145841671
AT1G57000,
AT1G57010,-0.054366548396829285
AT1G57020,
AT1G57030,-0.21178228064408494
AT1G57040,0.2152662906260358
AT1G57050,
AT1G57060,
AT1G57070,
AT1G57080,
AT1G57090,
AT1G57100,
AT1G57110,
AT1G57120,
AT1G57130,
AT1G57140,-0.19238291108921404
AT1G57150,
AT1G57160,
AT1G57170,
AT1G57180,
AT1G57190,
AT1G57200,
AT1G57210,
AT1G57220,
AT1G57230,
AT1G57240,
AT1G57250,
AT1G57260,
AT1G57270,
AT1G57280,
AT1G57290,
AT1G57300,
AT1G57310,
AT1G57320,
AT1G57330,
AT1G57340,
AT1G57350,
AT1G57360,
AT1G57370,
AT1G57380,
AT1G57390,0.2897755748622402
AT1G57400,
AT1G57410,-0.15969852769245949
AT1G57420,
AT1G57430,
AT1G57440,
AT1G57450,
AT1G57460,0.1327878572721361
AT1G57470,
AT1G57480,
AT1G57490,
AT1G57500,
AT1G57510,
AT1G57520,0.24488088272500627
AT1G57530,
AT1G57540,0.2690260116313511
AT1G57550,-0.4518969050706841
AT1G57560,-0.3726614914758888
AT1G08153,-0.061398573437287246
AT1G57565,0.10958897954753825
AT1G57570,-0.1771556882245707
AT1G57580,0.2514891455702649
AT1G57590,-0.5177351113625306
AT1G57600,-0.619886474790066
AT1G57610,-0.18293330159459098
AT1G57613,0.48387242535818475
AT1G57620,-0.028839495314462057
AT1G57630,0.38456322358082556
AT1G57650,-0.10525554499261972
AT1G57660,-0.10397109721009805
AT1G57670,0.24504741037300612
AT1G08157,
AT1G08163,
AT1G57680,-0.041173059396105646
AT1G57690,-0.1013195910258094
AT1G57700,-0.05915876615519629
AT1G08173,-0.3381203408748451
AT1G57720,-0.2919743475269725
AT1G57730,0.08383135289280191
AT1G57750,0.20482415636121107
AT1G57760,-0.27217041128418357
AT1G57765,0.303370748126534
AT1G57770,-0.1356982112727476
AT1G57775,0.14925312559991377
AT1G57777,-0.11883662632019594
AT1G57780,0.4851132355815048
AT1G57790,-0.13303596777594276
AT1G08177,0.11389638169374584
AT1G57800,0.19724189148634175
AT1G57820,0.2533431702590095
AT1G57830,-0.12241746028177244
AT1G08183,0.11860615644907055
AT1G57835,-0.20489012987988284
AT1G57850,-0.10042163433481063
AT1G57860,0.3205049736584267
AT1G57870,-0.1475986309890097
AT1G57906,-0.2245345800721224
AT1G57943,0.01405715881556374
AT1G57980,0.18784992280256066
AT1G57990,0.017245732781562436
AT1G58007,0.3411824724691105
AT1G58025,-0.25688462166104864
AT1G58030,0.4375826066637608
AT1G58037,0.1961153001060287
AT1G08193,0.1846698824670954
AT1G58050,0.4395541915200693
AT1G58055,0.30824716650490724
AT1G58060,0.019954805942181117
AT1G58070,-0.43504731889557346
AT1G58080,0.2218770658757312
AT1G58090,-0.25883355866979585
AT1G58100,0.019506553613010832
AT1G58110,-0.1778982264851194
AT1G58120,0.16593002936173676
AT1G58150,0.36601974693577477
AT1G58160,-0.3286117231768785
AT1G58170,0.18214032712065759
AT1G58180,0.4061434992233765
AT1G58190,-0.15536668380592714
AT1G58200,0.26123008160742317
AT1G58210,0.20897934800459247
AT1G58215,-0.03158129302476074
AT1G58220,-0.06817097159707396
AT1G58223,
AT1G58225,-0.20747031548509565
AT1G58230,-0.4250731394095017
AT1G58235,0.5453351447182956
AT1G08207,-0.32731023228747724
AT1G58242,-0.00032274579123101266
AT1G58245,-0.08406791756594262
AT1G58248,0.09348371460377972
AT1G58250,-0.13777878345679798
AT1G58260,-0.3132072818611614
AT1G58265,-0.26115841456380706
AT1G58270,0.206369700275554
AT1G08213,0.057982325235091184
AT1G08217,0.16065165138576232
AT1G08223,
AT1G08227,
AT1G58280,-0.11456387572053595
AT1G58290,-0.5661764852953686
AT1G58300,-0.2569473083745864
AT1G58310,-0.4012355492380348
AT1G58320,0.19095309398161606
AT1G58330,0.00254493078297582
AT1G08237,0.3435613694963235
AT1G58340,0.45113490162200376
AT1G58350,-0.008377555069883635
AT1G58360,-0.09572439968672439
AT1G58370,0.2444078780842635
AT1G58380,-0.27108019945076145
AT1G58390,-0.4175056140155265
AT1G58400,0.07600152541590441
AT1G58410,0.0059305412667262115
AT1G58420,0.21324866286545135
AT1G08247,-0.012963890036567815
AT1G58430,-0.07576558851031312
AT1G58440,0.3649853987083438
AT1G58450,-0.10696780742120601
AT1G58460,0.10561614637350329
AT1G58470,0.23212892022643525
AT1G58525,
AT1G58520,-0.4240000908814297
AT1G58590,-0.04959939583236791
AT1G58602,-0.15593757022506746
AT1G58643,
AT1G58684,
AT1G58725,
AT1G58766,
AT1G58807,0.7390149234842393
AT1G58808,-0.022985221304201026
AT1G58848,0.26673893796400044
AT1G58936,
AT1G58983,
AT1G59030,
AT1G59077,
AT1G59124,-0.07255164446366273
AT1G59171,0.6792030756589118
AT1G59218,-0.3482633949057965
AT1G59312,
AT1G59359,
AT1G59406,
AT1G59453,-0.021871683320835944
AT1G59460,-0.3959864662164532
AT1G59470,-0.17448295883475126
AT1G59500,0.15205235840194198
AT1G08253,0.3288638362732112
AT1G59510,-0.05973685119468634
AT1G59520,0.4966485261172911
AT1G59530,-0.016107215931926874
AT1G59540,0.28706187798753846
AT1G59550,0.1049030922352394
AT1G59560,-0.09303874521613817
AT1G59570,
AT1G59580,-0.05785693589329035
AT1G59590,0.1847127757689502
AT1G59600,0.27728710183969013
AT1G59610,-0.19706066621129747
AT1G08257,-0.03975498148667844
AT1G59620,0.28669116378268655
AT1G59630,-0.668846436984001
AT1G59640,-0.15057959036538168
AT1G59650,0.006927739198929146
AT1G59660,-0.2525349500908323
AT1G59670,-0.11071975241499815
AT1G59675,0.30312996757273786
AT1G59680,0.025175796012438183
AT1G59690,0.05655685678485191
AT1G59700,-0.5198534126945755
AT1G59710,-0.42457850274248965
AT1G59720,-0.022841876943796538
AT1G59722,-0.059995790413823295
AT1G59723,0.2554742384573272
AT1G59724,-0.19763362053756028
AT1G59725,0.02539452169662125
AT1G59730,0.6673722381742003
AT1G59740,-0.3243598762174444
AT1G59750,0.44072223545627925
AT1G59760,-0.3406228421598966
AT1G59780,0.5682792394527899
AT1G59790,-0.2690955341266212
AT1G59800,-0.13966879915907812
AT1G08263,0.30756629273578256
AT1G59810,-0.030805245178646464
AT1G59820,0.3405948319074834
AT1G59830,-0.23746268808429008
AT1G59833,0.2563402153471625
AT1G59835,0.26375311554967673
AT1G59840,0.012277015743251442
AT1G08267,
AT1G59850,-0.5786385326129156
AT1G08273,0.09363846146244938
AT1G59860,0.015769940196273712
AT1G59865,0.06609135013178967
AT1G59870,0.027170385055220236
AT1G59880,
AT1G59885,-0.21711666261197302
AT1G59890,-0.6629392892151853
AT1G59900,-0.23982395807637785
AT1G59910,-0.3996570504407355
AT1G59920,0.4118349990732017
AT1G59930,-0.4349948754673271
AT1G59940,0.20145815280737178
AT1G59950,0.17048336858194593
AT1G59960,-0.1657364019285948
AT1G59970,0.08272538996515238
AT1G08277,
AT1G08283,0.004530527608527301
AT1G59980,0.09446478552404841
AT1G08287,
AT1G08293,0.18080784755691992
AT1G59990,0.0716974190974095
AT1G60000,0.15929907777094626
AT1G60010,0.5396766520352736
AT1G60025,0.14845429818908032
AT1G60030,-0.05708940709007723
AT1G60040,-0.004939118291521327
AT1G60050,-0.009652636747129965
AT1G08297,0.4371448009851051
AT1G60060,0.08177885119457756
AT1G60070,-0.3156172351187705
AT1G60072,0.3336597847670682
AT1G60073,0.6317665492802875
AT1G08303,-0.10480950449955034
AT1G60080,-0.12854304390246085
AT1G60090,0.46996336364939606
AT1G60095,0.4872154080596797
AT1G60110,0.14356313222362033
AT1G08307,0.2016740713151485
AT1G60130,0.01912818309458817
AT1G60140,-0.11345561713136548
AT1G60160,-0.03766382385908415
AT1G60170,-0.37332728874180904
AT1G60190,0.23889608361022024
AT1G60200,-0.4550991454243285
AT1G60220,-0.11531062485195592
AT1G60230,-0.2584659184384286
AT1G60240,0.29873755549557923
AT1G60250,0.3357850524056808
AT1G60260,0.045691131274984614
AT1G60270,-0.1192025300109209
AT1G60280,0.29734418016802844
AT1G60300,0.41040103142516027
AT1G60320,0.06210076579119384
AT1G60340,0.3008035439218228
AT1G60350,-0.44951333963142914
AT1G60360,0.1811978881082288
AT1G08313,0.21635636728792954
AT1G60370,0.4527208055886136
AT1G60380,0.10427284941914867
AT1G60390,-0.06723385940958045
AT1G60400,0.16030468698520542
AT1G60410,0.33369047041962097
AT1G60420,-0.2553095462582291
AT1G08317,
AT1G60430,-0.022306874936743493
AT1G60440,0.42158329684610185
AT1G60450,0.2679008167690661
AT1G60460,0.10743689622378726
AT1G08323,
AT1G60470,-0.3574455941555181
AT1G60490,-0.09747986206138409
AT1G60500,-0.04864961110764459
AT1G60505,0.5064709395234269
AT1G60525,0.2917889525348873
AT1G60530,
AT1G60545,-0.5404888150042148
AT1G60550,-0.00432102988941011
AT1G60560,-0.27981841568152926
AT1G60570,0.23492968883541215
AT1G08327,-0.13496702079202763
AT1G60580,
AT1G60590,-0.03643366868830301
AT1G60600,-0.4241708424212776
AT1G60610,-0.15103650704519805
AT1G60620,-0.12418377100465228
AT1G60625,0.23593222376032294
AT1G60630,-0.19605207257448815
AT1G60640,0.23851711257610228
AT1G60650,-0.5292567863001366
AT1G60660,-0.18831116268216197
AT1G60670,0.31401211629361386
AT1G08333,
AT1G60680,0.14966203588291646
AT1G60690,-0.1620110024533072
AT1G60700,-0.0474504805380433
AT1G60710,0.43986571926359835
AT1G60720,0.3370427347059032
AT1G60730,0.15165473637430169
AT1G60740,0.15340211303664222
AT1G60750,0.20597505844260156
AT1G60760,-0.24906965355158286
AT1G60770,-0.567612600771781
AT1G60780,-0.10307274978872784
AT1G08337,-0.006246978161982293
AT1G08343,-0.7333255569525666
AT1G60783,0.05370924830059248
AT1G60787,-0.15459013805026758
AT1G60790,0.18449393973908787
AT1G60800,0.07440115052550328
AT1G60810,0.06551588925564564
AT1G60815,0.17670011280549855
AT1G08347,0.1310842626234649
AT1G60820,0.08408076013539453
AT1G60830,0.26217842043069395
AT1G60840,0.1194726912524568
AT1G60850,-0.0956530897992224
AT1G60860,0.18969171567961965
AT1G60870,0.019835623486196285
AT1G60880,0.5937205377088889
AT1G60890,-0.3342999802548491
AT1G60900,-0.2419716505367461
AT1G60910,
AT1G08353,0.1507855636059034
AT1G60913,0.10398099720308611
AT1G60920,-0.32001216209129174
AT1G60930,0.12402356019129633
AT1G60940,0.3538443837352342
AT1G60950,-0.0022014207415070033
AT1G60960,-0.06882618756937461
AT1G60970,0.01977971356084013
AT1G60980,0.3838221462557214
AT1G60983,0.19686943793107148
AT1G60985,0.031487045150204215
AT1G60986,0.14749390952189315
AT1G60987,0.1290172092039136
AT1G60990,0.29475708023225633
AT1G60989,
AT1G60995,0.19025909423305473
AT1G61000,0.18700074891589233
AT1G61010,-0.2023577307253204
AT1G61020,
AT1G61030,0.1442721681332351
AT1G61040,0.4901046772727928
AT1G61050,0.14596147522139236
AT1G61060,-0.17454920854282024
AT1G61065,-0.26392322634911275
AT1G61070,0.16670296805321871
AT1G61080,-0.3810498195155156
AT1G61090,-0.052204811376688545
AT1G61093,0.20996449059814318
AT1G61095,-0.11042714961828881
AT1G61097,-0.6695955603078632
AT1G61100,0.48370838836359453
AT1G61105,0.2684328362277274
AT1G61110,0.45201995357260466
AT1G08357,0.11812882166352622
AT1G61120,-0.1448675477110914
AT1G61130,0.2205120635323504
AT1G61140,-0.0061276067180194155
AT1G61150,-0.28459844162475584
AT1G61160,0.3176137098243528
AT1G61165,0.26833819885733384
AT1G61170,-0.6148176051508678
AT1G61180,0.557048616568103
AT1G61190,-0.2144694669554769
AT1G61200,-0.2034530904767135
AT1G61210,-0.3697843637188719
AT1G61215,0.03291663348779068
AT1G61224,0.12499384230744087
AT1G61226,0.047926984880403346
AT1G61230,0.12185739658194412
AT1G08363,0.06916427061772729
AT1G61240,0.3006141778330851
AT1G61250,0.21432399700091098
AT1G61255,0.06921731100588843
AT1G61260,0.17904553304138868
AT1G61270,0.098495352830638
AT1G61275,0.3104665458338573
AT1G61280,0.03238516169952732
AT1G61290,-0.4760660193556284
AT1G08367,-0.2109666752401194
AT1G61300,-0.5929910746773883
AT1G08377,0.08257075135621522
AT1G61310,-0.028803881332563265
AT1G61320,-0.7815637144897741
AT1G08383,0.23264242989316009
AT1G61330,0.41766452501051915
AT1G61340,-0.015023817704270982
AT1G61350,0.3479229202320482
AT1G61360,-0.008420340202961528
AT1G61370,-0.2938948758396214
AT1G61380,-0.07701138173536146
AT1G61390,-0.05168743351946358
AT1G61400,-0.28430745695869275
AT1G61410,0.5021694506078308
AT1G61415,-0.1397202715290925
AT1G61420,0.21199706554818523
AT1G08387,
AT1G61430,-0.5907381525791557
AT1G61440,0.22729325977411174
AT1G61450,0.23288409511676353
AT1G61460,-0.3884187489866942
AT1G61470,0.8011282827718318
AT1G61475,0.5005577054220862
AT1G61480,-0.13262211183047765
AT1G61490,-0.09414832939617145
AT1G61500,0.08972850863984942
AT1G61520,-0.057222641866665695
AT1G61540,0.03570216376660775
AT1G61550,-0.42349433574291795
AT1G61560,-0.08969835514670611
AT1G61562,
AT1G61563,0.15438035248948523
AT1G61565,0.059268950440375785
AT1G61566,
AT1G61570,0.5941442104690714
AT1G61575,0.29499678624412246
AT1G61580,0.17254660261279564
AT1G61590,0.02962264411456861
AT1G08393,-0.20650871820042066
AT1G61600,-0.3838557615864528
AT1G61610,-0.43226785358745007
AT1G61620,0.07867409638954435
AT1G08397,-0.10028987590921551
AT1G08403,0.14300177249294102
AT1G08413,0.06434183842101626
AT1G08417,0.12108717669539273
AT1G61630,0.10269282144116963
AT1G61640,-0.03593301325678731
AT1G61660,-0.5944747612637252
AT1G61667,-0.08670202252968447
AT1G61670,0.09303518418801632
AT1G08427,
AT1G61680,0.28884729780543517
AT1G61688,0.23679448945263976
AT1G61690,0.06280699797304838
AT1G61700,-0.46081731706196954
AT1G61710,0.005465755547747292
AT1G61720,0.269571432802943
AT1G61730,0.37170299174881055
AT1G61732,0.06905277714853193
AT1G61740,-0.013898885310049371
AT1G61750,-0.40008131589110624
AT1G61760,-0.24298647550404995
AT1G61770,0.14044720265390281
AT1G61780,0.0233719134851221
AT1G61790,0.4143028850081112
AT1G61795,0.3295626486993213
AT1G61800,-0.09138742598733796
AT1G61810,-0.5723722591921268
AT1G08433,
AT1G08437,0.06338105848414331
AT1G61820,-0.007979308957497497
AT1G61840,0.17287566505918892
AT1G61850,-0.08479019318824765
AT1G61860,-0.2562643063372522
AT1G61870,0.26462894075441185
AT1G61880,0.2526404653735534
AT1G08443,0.06491748808050953
AT1G61890,-0.3449189112932281
AT1G61900,-0.2930315969615744
AT1G61910,-0.05700957601047075
AT1G61920,0.1724008286480771
AT1G61930,-0.5172281400314868
AT1G61940,-0.11496251519673667
AT1G61950,0.4183891744157282
AT1G61960,0.5425453108254386
AT1G61970,0.17411262066771072
AT1G61980,0.3089613242659269
AT1G61990,-0.09641041174239172
AT1G62000,0.3184584650956393
AT1G08447,0.3825321745354798
AT1G62010,0.005359130586282286
AT1G08453,0.19250579591212125
AT1G62020,0.10116511473794693
AT1G62030,-0.8877287165686238
AT1G62035,-0.061886745426041334
AT1G62040,-0.15529820491859117
AT1G62045,0.1684035121111673
AT1G62050,0.28066561684118857
AT1G62060,0.2696557946009622
AT1G62070,-0.11885680542707823
AT1G62080,0.026179624917622497
AT1G08457,0.09398063997097912
AT1G08463,
AT1G62085,-0.4938354731694574
AT1G08473,-0.4701538701689992
AT1G62110,0.3915678743116688
AT1G62120,0.16255817162749817
AT1G62130,-0.37805288318094027
AT1G62150,0.3292696975690345
AT1G62160,0.17123575300477392
AT1G62170,0.00038159268227952063
AT1G62180,-0.4522093444516139
AT1G08477,
AT1G62190,-0.111367142070938
AT1G62200,0.3216612738365583
AT1G62210,0.08061803237295294
AT1G62220,-0.1577364912073583
AT1G08483,0.027974260114078185
AT1G62225,0.19174184317893805
AT1G62250,-0.11645531762557447
AT1G62240,
AT1G62260,-0.03940736741583532
AT1G62262,-0.2342084932846822
AT1G08487,-0.03517122396726457
AT1G62270,-0.2386123404471669
AT1G08493,
AT1G62280,0.16492532240670785
AT1G62290,-0.1333099553679924
AT1G62300,0.3237590461294332
AT1G08497,0.0830888331607666
AT1G62305,0.07706130071360104
AT1G08503,-0.15459032439129772
AT1G08507,-0.0022944917446289883
AT1G62310,0.2659424473085624
AT1G08513,
AT1G62320,0.3779058340078385
AT1G62330,-0.29309581219008257
AT1G62333,0.1390893355499622
AT1G62340,0.4902816288781095
AT1G62350,-0.043739560383479474
AT1G62355,0.22369657741325463
AT1G62360,-0.22362362722927057
AT1G08517,0.4249516973585244
AT1G62370,-0.10916923589350999
AT1G08523,-0.27511740455609224
AT1G62380,0.3645646508055364
AT1G62390,0.5259577937019081
AT1G62400,-0.40200318059507323
AT1G62410,0.12385876594837554
AT1G62421,0.42786715329265046
AT1G62422,0.02488865466118735
AT1G62420,-0.003853928096261948
AT1G62430,0.08857604193796388
AT1G62440,-0.2334631502740918
AT1G62450,-0.046690157918409254
AT1G62480,-0.3000073273696867
AT1G62490,-0.18751881206123144
AT1G62500,0.05318559731962586
AT1G62510,0.1470320160784071
AT1G62515,0.037170534929136724
AT1G62520,0.13666652464048618
AT1G62530,0.14192645237754514
AT1G62540,-0.5597288142968954
AT1G62560,-0.4410653165043116
AT1G62570,-0.2770613174905119
AT1G62580,-0.16705173830049147
AT1G08533,
AT1G62590,0.19321269263430316
AT1G08537,
AT1G08543,-0.6670179792509655
AT1G62600,-0.37027212673787396
AT1G62610,0.027496802135859102
AT1G08547,
AT1G62620,0.10546301672553202
AT1G62630,0.005150939081238817
AT1G62640,0.34508165402322455
AT1G62660,-0.21017648433161992
AT1G62670,-0.28275659453084084
AT1G62680,-0.06941271144138192
AT1G62690,-0.15795090563091876
AT1G62700,-0.18685014872860095
AT1G08553,-0.06933944572746899
AT1G62710,0.3449550774606444
AT1G62720,-0.43588862359985814
AT1G08557,
AT1G62730,0.11847949137149554
AT1G62740,-0.2274298107012121
AT1G62750,-0.48449748287240185
AT1G62760,0.1772877440213344
AT1G62770,0.15838886658679355
AT1G62780,0.169119343665673
AT1G62790,-0.2797682128877927
AT1G08563,
AT1G62800,-0.19707732277224105
AT1G08567,
AT1G62810,-0.20875114057512228
AT1G08573,0.03452150432526773
AT1G62820,0.1449830076949774
AT1G62830,0.03593901139831315
AT1G62840,0.603806632025872
AT1G08577,
AT1G62850,-0.1832865030909567
AT1G62870,0.10304336018127597
AT1G62880,-0.37490326709231553
AT1G62886,
AT1G62895,-0.16825909692455784
AT1G62900,-0.013013538110885103
AT1G62910,-0.08083047264243241
AT1G62914,0.2670068157112081
AT1G62915,0.2349913529594096
AT1G62920,0.27504787156299904
AT1G62930,-0.30966265325070147
AT1G62935,-0.06279728427028307
AT1G62940,-0.03795470430118771
AT1G08583,0.1047808975190055
AT1G62950,0.05774648589571423
AT1G62960,-0.05938371008767175
AT1G62970,-0.49230112035316004
AT1G62975,-0.19932085379829184
AT1G62978,0.08763171064250622
AT1G62980,0.06178646022531598
AT1G62981,0.15788655993797296
AT1G62990,-0.25151592440775294
AT1G63000,0.10156653671124216
AT1G63005,-0.10964494814769829
AT1G63010,0.27130145421424556
AT1G63020,-0.5243271211628743
AT1G08587,0.2586336883561952
AT1G63030,-0.20730830487046684
AT1G63050,0.4142132722967753
AT1G63055,
AT1G63057,0.5847862626364231
AT1G63060,-0.3001077587627545
AT1G63070,0.11379402740290841
AT1G63080,0.2935438519365535
AT1G63090,0.3728786781529336
AT1G63100,-0.4233056446099282
AT1G63105,0.2947737029480435
AT1G63110,-0.31970479487175874
AT1G63120,-0.4016701034373366
AT1G63130,0.4766489408526245
AT1G08597,
AT1G08603,0.44943830055456363
AT1G63140,0.3878609580383225
AT1G63150,0.14062288298674558
AT1G63160,-0.14502221342784796
AT1G63170,-0.08400994227934766
AT1G63180,-0.27568950225057304
AT1G63190,0.21535557097288505
AT1G63200,-0.06449367613450675
AT1G63205,0.2943913957115202
AT1G63206,0.14851822625576303
AT1G63210,-0.387995037978408
AT1G63220,-0.24367121828970542
AT1G63230,0.10595632364174809
AT1G63240,0.5026117199180299
AT1G63245,-0.32110680287036464
AT1G63250,0.4924264703415462
AT1G63260,0.05021344160496534
AT1G63270,0.021131817021822076
AT1G63280,0.03521830664575589
AT1G63290,0.09176883886368384
AT1G63295,-0.3325115200437224
AT1G63300,0.32014637529381446
AT1G63310,-0.47607600610189393
AT1G63320,0.4326809100375262
AT1G63330,-0.3461587101169069
AT1G63340,0.1977415110765976
AT1G63350,0.2824439397686577
AT1G08607,0.16678947609506006
AT1G63360,-0.23928679569871636
AT1G63370,0.1449120683137049
AT1G63380,0.11930216787631129
AT1G63390,0.4482498983035006
AT1G63400,-0.4514510372601305
AT1G63410,0.3696897354193628
AT1G08613,0.20916820226004038
AT1G63420,0.4298475441453143
AT1G63430,0.39494023724930155
AT1G63440,0.4685515608199101
AT1G63450,0.014891889814977256
AT1G63460,-0.4857695238822104
AT1G63470,-0.17838440153943863
AT1G63480,-0.5086603215092753
AT1G63490,-0.17521218988490656
AT1G63500,0.32631261159156666
AT1G63510,0.13613439008511832
AT1G63520,0.26136178718753333
AT1G63522,-0.0505219435454205
AT1G63530,-0.3426098783063218
AT1G63535,-0.007662930108865498
AT1G63540,-0.610446152773374
AT1G63550,-0.4328130060890802
AT1G63570,0.23171369587717153
AT1G63580,0.1562859425960697
AT1G63590,-0.08262316093957126
AT1G63600,0.48269412684762225
AT1G63610,-0.14117655723463474
AT1G63615,0.32722586839250006
AT1G63630,0.05236097453086694
AT1G63640,-0.2532935018576513
AT1G63650,-0.04056077678030219
AT1G63660,-0.13813943618267135
AT1G63670,-0.39808288279243326
AT1G63680,0.4369772490288179
AT1G63690,-0.006721354750915332
AT1G63700,-0.03627608152311689
AT1G63710,-0.10209263007963379
AT1G63720,0.24378304111588323
AT1G08623,0.2229159685231361
AT1G08627,0.22834340411558512
AT1G63730,-0.03052621291435436
AT1G63740,0.37150766170471844
AT1G63750,-0.008706505349250498
AT1G63770,-0.049738296175025225
AT1G08633,
AT1G63780,0.33680613054480757
AT1G63790,
AT1G63800,-0.02298172575048156
AT1G63810,-0.3310664286971455
AT1G63820,0.33806467268897517
AT1G63830,0.4824548919810265
AT1G63840,0.15318156535942806
AT1G08637,-0.008440646201110808
AT1G63850,-0.2791856833824094
AT1G63855,0.45891816788693895
AT1G08643,0.1296230300962593
AT1G63860,-0.39329834307377587
AT1G63870,0.24837046636835303
AT1G63880,0.4312530966142168
AT1G63900,-0.35446533210360215
AT1G63910,-0.005040527520683548
AT1G63930,0.6015659105972467
AT1G63940,-0.13457567286659147
AT1G63950,-0.18063118266055264
AT1G63960,0.1104655622947143
AT1G63970,0.4049284387141844
AT1G63980,-0.08765248236152719
AT1G08647,
AT1G63990,-0.07691357110946442
AT1G64000,-0.5473410133598539
AT1G64010,0.47052674544427053
AT1G64020,-0.011011168780747859
AT1G64030,0.40058292350875224
AT1G64040,0.36433642044934184
AT1G64050,-0.5484771806973502
AT1G64060,0.4115480426313339
AT1G64065,-0.12636767846629202
AT1G64070,-0.42920275664210206
AT1G64080,0.2830117364545241
AT1G64090,0.3845471067824271
AT1G64100,-0.05096878217827431
AT1G64105,0.4425896051842089
AT1G64107,0.1969992946477031
AT1G64110,0.004837771418180571
AT1G64120,0.07478523618252954
AT1G64130,0.1858934305136367
AT1G64140,-0.04686768647163347
AT1G08653,0.041873779241692666
AT1G64150,0.28920973342051154
AT1G64160,0.14460865504271045
AT1G64170,-0.5494891977052211
AT1G64180,0.3827838411229175
AT1G64185,-0.27507454942882814
AT1G64190,-0.04853585717401533
AT1G08657,
AT1G64195,0.07832004781939245
AT1G64200,0.045859691374019615
AT1G64210,0.4463580718962273
AT1G64220,0.08379450763262118
AT1G64230,-0.5694215238912396
AT1G64235,-0.02029478141921514
AT1G64253,0.0001018318024293905
AT1G08663,
AT1G64255,0.327468899854402
AT1G64260,0.2611513036348376
AT1G64280,-0.04471815788790919
AT1G08667,
AT1G64290,0.08479443394574993
AT1G64295,-0.03194820685888864
AT1G64300,0.24595112007650638
AT1G64310,-0.3791206204952083
AT1G64320,0.40993998468415166
AT1G64330,-0.18606876944704587
AT1G64340,-0.2402899333584299
AT1G64350,0.15478425924606984
AT1G64355,0.3996507903139968
AT1G64360,-0.052337623271834735
AT1G64370,-0.21884550303216802
AT1G64380,0.31632422262890436
AT1G08673,-0.0538602501670319
AT1G64385,0.2929129528874733
AT1G64390,-0.39252610045355885
AT1G64400,-0.0958084677824044
AT1G64405,-0.0010908825763575026
AT1G64420,0.1085697771150579
AT1G64430,-0.1663846515389621
AT1G64440,0.1354886570633534
AT1G64450,-0.24317847215612912
AT1G64455,
AT1G64460,0.2956297160107577
AT1G64480,0.2363048225770523
AT1G08683,
AT1G08677,
AT1G64490,-0.6795875560871253
AT1G64500,0.1061840836209338
AT1G64510,0.6031846074938795
AT1G64520,-0.22367033714034779
AT1G64530,-0.7105733067744774
AT1G08697,-0.8265423122450205
AT1G08703,0.22913747673214052
AT1G64540,-0.25133983244070807
AT1G64550,-0.1699150188560099
AT1G64561,0.2792824582898871
AT1G08707,
AT1G64563,-0.5073697397631278
AT1G08713,
AT1G64570,-0.2493522966860952
AT1G64572,-0.014742939320142163
AT1G64580,-0.10351590390190378
AT1G64583,0.23975736535920675
AT1G64584,0.32045751646800047
AT1G64585,0.27291453958289696
AT1G64590,0.3702727845650828
AT1G64600,0.32973734747113126
AT1G64610,0.38543054416394223
AT1G64618,0.20560783915034225
AT1G64620,0.20186055393188646
AT1G08717,0.07443925448196052
AT1G64625,-0.16023282029793573
AT1G08723,
AT1G64630,0.48743635778720934
AT1G64633,
AT1G64640,-0.12356826368285047
AT1G64650,-0.2917831609336573
AT1G64660,0.4372978803602625
AT1G64670,0.0626712586474306
AT1G64680,0.12365738034273015
AT1G64690,-0.2059639824893507
AT1G64700,0.10681676418459106
AT1G64710,0.1002574493390698
AT1G64720,-0.18062338801778488
AT1G64740,0.11969725458364168
AT1G08727,
AT1G64750,0.3931868759289283
AT1G64760,-0.3422740601456715
AT1G64770,-0.2532632409705502
AT1G64780,0.04619827737733787
AT1G64790,-0.12193025411746244
AT1G64795,
AT1G64800,0.23500043645122598
AT1G64810,-0.027209975357178645
AT1G64820,-0.48905138974290757
AT1G64830,0.4985796419075844
AT1G64840,0.025851372901378927
AT1G64850,0.37652674485748167
AT1G64860,-0.6625796649097911
AT1G64870,-0.01445759068880194
AT1G64880,-0.2376194773839664
AT1G64890,0.24497451850369645
AT1G64900,0.1889729362139053
AT1G64910,0.11324203424037184
AT1G64920,0.578989269960278
AT1G64930,-0.004124081492565062
AT1G64940,0.3454764183797995
AT1G64950,0.4132429308002642
AT1G64960,-0.11897360224275115
AT1G64970,0.20906151768146145
AT1G08733,
AT1G64980,-0.4909280778956166
AT1G64990,0.3852342160065823
AT1G65000,0.20959167359936115
AT1G65010,-0.08865738541602937
AT1G65020,0.06285449344516365
AT1G65030,0.13531739730861717
AT1G65032,0.4895551728181076
AT1G65040,-0.44299239086836084
AT1G65050,0.3244013586092713
AT1G65060,-0.5021238395662887
AT1G65070,0.2439351720789615
AT1G65080,-0.10047751235014285
AT1G65090,-0.3357803756392867
AT1G65110,-0.07054640831840528
AT1G65113,0.11891742759155562
AT1G65120,-0.20721624014274
AT1G08737,
AT1G65130,0.16148520099907546
AT1G65140,0.049322620448615774
AT1G65150,0.24312947092372914
AT1G65160,0.2457132402332278
AT1G65165,-0.27496462630548
AT1G65170,0.2989790247312695
AT1G65180,0.11055829410600487
AT1G65190,0.2258501645624705
AT1G65200,0.4369433639960262
AT1G08743,-0.18202927312150835
AT1G65210,0.10961016792493421
AT1G65220,-0.5901276327397286
AT1G65230,-0.2779602927517861
AT1G08747,
AT1G65240,-0.26149840020423526
AT1G65250,0.20316579907072832
AT1G65260,-0.329343661419416
AT1G65270,0.1849461602097989
AT1G65280,0.09289811981307237
AT1G65290,0.555533591931544
AT1G65295,-0.025075097495476276
AT1G65300,0.12529910111298564
AT1G65310,-0.33952246271484404
AT1G65320,0.11161293661953382
AT1G65330,0.2956063629994226
AT1G65340,5.609033193416075e-05
AT1G65342,-0.23863293866193197
AT1G65350,-0.25439792564806274
AT1G65346,
AT1G65349,0.12850047491898597
AT1G65352,0.21031493255035053
AT1G65360,0.6363107281848075
AT1G65370,0.03678062549737652
AT1G65380,0.4948601137032727
AT1G65390,-0.01143409457520019
AT1G65410,0.5245089512696345
AT1G65420,0.1416335366012906
AT1G08753,
AT1G65425,-0.12612057000296578
AT1G65430,0.29494994317267914
AT1G65440,-0.03741407792405047
AT1G65450,0.6595124005305251
AT1G65470,-0.34656333053814187
AT1G65480,0.08965747361827012
AT1G08757,0.14301974608198692
AT1G65481,-0.2695056896522498
AT1G65483,0.016161462413893136
AT1G08763,0.00461860141179452
AT1G65484,0.11345849958102684
AT1G65486,0.19561808306877576
AT1G65490,0.17484175692323922
AT1G65500,0.04140284889827237
AT1G65510,-0.3183911066767347
AT1G65520,-0.35050277736604807
AT1G65540,0.16464995985627545
AT1G65541,
AT1G65550,-0.012547706221690502
AT1G65560,-0.06446921701402915
AT1G65570,0.2934949486344616
AT1G08767,0.179471746030911
AT1G65580,-0.25251785153575834
AT1G65590,-0.18078655971641153
AT1G65610,-0.034654212770638994
AT1G65620,-0.2969969396125941
AT1G65630,0.5615472201216458
AT1G65640,0.03634246156771117
AT1G65650,0.49040955972795125
AT1G65660,-0.16386649347364204
AT1G65670,-0.10710156591887547
AT1G65680,-0.07368809017607439
AT1G65681,0.462533182806884
AT1G65690,-0.14839582702813892
AT1G65700,-0.19540646777197826
AT1G65710,-0.40178613523111834
AT1G65720,-0.005620817692887871
AT1G65730,0.40019518231560525
AT1G65735,0.28820219337692043
AT1G08773,-0.17932395888419553
AT1G65740,0.45742893829739695
AT1G65760,0.15433567895622924
AT1G65770,0.11358627051396093
AT1G65780,-0.05117058578986065
AT1G65790,0.037045057083097306
AT1G08777,0.15297220531229794
AT1G65800,-0.5616544005818499
AT1G65810,-0.504449176553647
AT1G65820,0.11799636724121464
AT1G65830,0.011321970117908562
AT1G65840,-0.6828426093458565
AT1G65845,0.0064718766327922705
AT1G65850,-0.0318525168172769
AT1G65860,-0.7502465129290595
AT1G65870,-0.2677467642384953
AT1G65880,0.13700477460156144
AT1G65890,-0.3646066178131862
AT1G65900,0.22757300095431496
AT1G65910,0.055850537834160094
AT1G65920,-0.3927369552830615
AT1G65930,-0.03938512733239621
AT1G08783,-0.02647721639668888
AT1G08787,0.19728894258965538
AT1G65950,-0.20429817054905836
AT1G65960,0.15124723160095166
AT1G08793,
AT1G08797,
AT1G65970,0.2341150608718318
AT1G08803,
AT1G65980,-0.14826557627074105
AT1G65985,-0.08399915015266074
AT1G65990,0.1194116507773379
AT1G66000,-0.47388993952836334
AT1G08807,0.06736017652840616
AT1G66020,-0.43989253565391323
AT1G66030,0.1998945732209167
AT1G66040,-0.050018892405308796
AT1G66045,0.3221312904870774
AT1G66050,0.18432376749625964
AT1G66060,0.25699474265412264
AT1G66070,0.09635501234563791
AT1G66080,-0.3302869228183394
AT1G66090,-0.3633882757116931
AT1G08813,-0.2332252896362067
AT1G66100,-0.7269564911528992
AT1G66110,0.3259105228388228
AT1G66120,0.3546219568704877
AT1G66130,-0.13781993955415411
AT1G66140,0.6321611612933792
AT1G66145,0.3327322414989875
AT1G66150,-0.2301659374409432
AT1G66160,0.31563567374796164
AT1G66170,0.0558222047687253
AT1G66173,-0.1319877522882511
AT1G66180,0.15373020257067765
AT1G66190,0.07541682883873173
AT1G66200,-0.10022356649409772
AT1G66210,0.19456987250580765
AT1G66220,0.13018023957030317
AT1G08817,-0.07858707685476089
AT1G66230,0.11314924398853961
AT1G66235,0.10455233467143558
AT1G66240,0.48643912927190097
AT1G66245,0.123411589243827
AT1G66250,-0.5265377617617437
AT1G66260,0.32483310392380893
AT1G66270,-0.5668649536464034
AT1G66280,0.21987372302584912
AT1G08823,
AT1G08827,0.1148772936642453
AT1G66290,-0.20886887993916398
AT1G66300,0.2544023801787853
AT1G08833,-0.19536157787405012
AT1G66310,0.10641856172807182
AT1G66320,0.012302710078544658
AT1G66330,-0.7201488755585117
AT1G66340,-0.35885568317097194
AT1G66345,-0.21530394182943327
AT1G08843,
AT1G66350,-0.09278448597032997
AT1G66360,0.17354789705242898
AT1G66370,0.05593709689259956
AT1G66380,0.27206879151836455
AT1G66390,-0.2890512897473188
AT1G66400,0.08202047724056127
AT1G66410,-0.03406097338715549
AT1G66420,0.19572780635639378
AT1G66430,-0.050091746278043636
AT1G66440,-0.018639135755064
AT1G66450,-0.22902617942136594
AT1G66465,-0.48647877347994
AT1G66460,-0.048857901421913374
AT1G66470,-0.28975840607052344
AT1G66480,-0.46538906028679855
AT1G66490,-0.38674653150154253
AT1G66500,0.03749978788655368
AT1G66510,-0.21878768137223878
AT1G66520,0.3861902138210933
AT1G66530,-0.05532492349216144
AT1G66540,-0.20860012195967273
AT1G66550,-0.3835834923508468
AT1G66560,0.17273096049633874
AT1G66570,0.008579377202059792
AT1G66580,-0.03375197598406794
AT1G66590,-0.1182557509925519
AT1G66600,0.026448522159851363
AT1G66610,-0.13815030841848625
AT1G66620,0.06833984177994656
AT1G66630,-0.41017256725798
AT1G66640,0.1675171500515166
AT1G66650,-0.27734682938364497
AT1G66660,-0.28587299470273025
AT1G66670,0.024668005586794464
AT1G66680,0.19474357867569034
AT1G66690,-0.14686602455140024
AT1G66700,0.042301995189588174
AT1G66720,0.34884076758011134
AT1G66725,-0.20331464488704376
AT1G66730,0.018019992286045148
AT1G66740,0.3739826771495859
AT1G66750,0.2319639783888535
AT1G66760,0.02145847766762034
AT1G66770,-0.09984097560418186
AT1G66780,-0.22680675095987832
AT1G08847,0.3082663512389923
AT1G66783,-0.17850455643454288
AT1G66795,-0.0835190291870631
AT1G66800,0.0193609010811084
AT1G66810,0.12117249526150732
AT1G66820,
AT1G66830,-0.17094014756932108
AT1G66840,-0.1583627834596711
AT1G66850,0.3032800239945815
AT1G66852,0.0905845573954887
AT1G66855,0.0677590098313069
AT1G66860,-0.04575988919923604
AT1G66870,0.6316472630541458
AT1G08853,
AT1G66880,-0.22153866738151687
AT1G08857,
AT1G66890,-0.30007709020564827
AT1G66900,-0.11106399339051441
AT1G66910,-0.4694717584295215
AT1G08863,0.2381552560824849
AT1G66920,-0.48472571744742193
AT1G08867,0.18121067481817124
AT1G66930,-0.027171840335797854
AT1G66940,0.03056549278265461
AT1G66950,0.0629171072385861
AT1G66960,-0.20852764035584562
AT1G66970,0.16352682429635398
AT1G66980,0.05828851541592712
AT1G67000,0.43746183056005505
AT1G67020,0.19088720209892598
AT1G67025,-0.07074524641621836
AT1G67030,-0.42434984213508264
AT1G08877,-0.2570841558463998
AT1G67035,-0.3754059103889771
AT1G67040,-0.04789000140117273
AT1G08883,0.1281853954051048
AT1G08887,-0.15355019930466854
AT1G67050,-0.23679306370882902
AT1G08893,-0.23560556175205
AT1G08897,
AT1G67060,0.3842145694110974
AT1G67070,-0.3744779872443629
AT1G67080,0.044470119362328135
AT1G67090,-0.5932056184125577
AT1G67100,0.5671917820219838
AT1G67105,0.16875612956049366
AT1G67110,-0.23470534110067306
AT1G67120,0.022608337841520006
AT1G67130,0.3825713921384571
AT1G67140,0.027917792637282553
AT1G08903,0.05925308898836907
AT1G67148,-0.2871212166246543
AT1G67150,0.44895450850426977
AT1G67160,0.13394288874447519
AT1G67170,0.19203256586255638
AT1G67180,-0.1798054914040849
AT1G67190,-0.17674300804217996
AT1G67195,0.25574611240635464
AT1G08907,-0.051135190156613296
AT1G67210,0.39892654487471824
AT1G08913,0.0951100792684082
AT1G67220,-0.23098765361647372
AT1G67230,0.14974603290755087
AT1G67238,0.47272184257083394
AT1G67235,-0.06899263850438904
AT1G67250,-0.46394856332843903
AT1G67260,0.08140239980385926
AT1G08923,0.1596670718190268
AT1G67265,0.36125701693001705
AT1G67270,-0.01133690073954556
AT1G67280,-0.21865483255972587
AT1G67290,-0.04555489063483019
AT1G67300,-0.4463033718499891
AT1G67310,0.047084567587826094
AT1G67320,-0.45429308331657886
AT1G67325,-0.1722807924038713
AT1G67330,0.009953581206692149
AT1G67328,0.11315095115961687
AT1G08927,0.07656608295104078
AT1G08933,0.1920168906646204
AT1G67340,-0.09033192600995095
AT1G67350,-0.30439644262328325
AT1G67360,-0.24561473563669597
AT1G67365,0.008252036623102931
AT1G67370,-0.2064246073331669
AT1G67390,0.323750547935434
AT1G67400,0.04678816244420726
AT1G67410,0.13391882903855853
AT1G67420,-0.16824432666491113
AT1G67430,0.4381346019847232
AT1G08937,
AT1G67440,0.533018073778798
AT1G67450,0.40576635175561326
AT1G67455,0.13755957227022383
AT1G67460,0.24275823736936472
AT1G67470,-0.16462280228803078
AT1G67480,-0.17963160150445812
AT1G67481,0.278266910977854
AT1G67490,-0.1532469121050558
AT1G67500,-0.02993242849002039
AT1G67510,0.21316661442199591
AT1G67520,-0.050274101125707946
AT1G67530,0.013821013356564322
AT1G67540,0.2244920627410362
AT1G67550,0.3555239739267938
AT1G67560,0.05516870094340355
AT1G67570,-0.3150223888994977
AT1G67580,-0.02958479364394178
AT1G67590,0.31469729289177906
AT1G67600,-0.15209873114862457
AT1G08947,-0.056112055482589455
AT1G67620,0.2799854882915908
AT1G67623,0.2538364923891007
AT1G67630,-0.2626229505334857
AT1G67635,0.33465382669660065
AT1G67640,-0.27856788364333546
AT1G67650,0.22275525744946328
AT1G67660,0.11927795964578491
AT1G67670,-0.08368139226671575
AT1G67680,0.5251043817518503
AT1G67690,-0.03886991619560409
AT1G67700,-0.19720635371419307
AT1G67710,0.07447094828937431
AT1G08953,0.03181515541184967
AT1G67720,0.16674946696620882
AT1G67730,0.04423764084336122
AT1G67740,0.28850208305328534
AT1G67750,-0.21987299923148118
AT1G67760,-0.42056915712973336
AT1G67770,-0.16900983894411267
AT1G67775,-0.022154098791990432
AT1G67780,0.2382890796674639
AT1G67785,0.427278682073943
AT1G67792,0.2382570263348071
AT1G67790,
AT1G67800,-0.5372568459101076
AT1G67810,-0.08154117847599915
AT1G67820,-0.43562730084439255
AT1G67830,-0.5988673160327767
AT1G67840,-0.02433259829404075
AT1G67850,0.06526106956998429
AT1G67855,-0.13861599791017043
AT1G67856,-0.19248932664155927
AT1G67860,-0.5144234974454984
AT1G67865,-0.10094636156890564
AT1G67870,-0.36306133583164435
AT1G67880,-0.3457728362544459
AT1G67890,-0.022472400961175813
AT1G67900,-0.24251691789642416
AT1G67910,-0.21564616144282772
AT1G67920,-0.32389029432975963
AT1G67930,-0.06129283467830277
AT1G67940,-0.03399292356524418
AT1G67950,0.09469405001310112
AT1G08963,
AT1G67960,-0.35642132552902817
AT1G67970,-0.1120042321473698
AT1G67980,0.087510113150352
AT1G67990,0.10909166864835991
AT1G68000,-0.43624103374955675
AT1G68010,-0.026735279472132393
AT1G68020,0.3302344088221686
AT1G68030,0.1364137996365452
AT1G68040,0.285835083423458
AT1G68050,0.2877995340706247
AT1G68060,-0.05771063334607057
AT1G68070,-0.042117738393604456
AT1G68080,-0.21110153493744233
AT1G68090,-0.5505660141042518
AT1G68100,0.0872025142462236
AT1G68110,-0.5239224545169926
AT1G68120,-0.055579451718462645
AT1G68130,-0.2598278257804018
AT1G08967,0.6180417149588624
AT1G68140,0.4098945698497736
AT1G68150,0.2164062042417645
AT1G68160,0.3241263804985299
AT1G68170,0.278389550806293
AT1G68180,0.06285086319926174
AT1G68185,0.13367859392871567
AT1G68190,-0.77808687846108
AT1G68200,0.015354165294171556
AT1G68210,-0.2819603955193421
AT1G68220,-0.08216798650663733
AT1G68230,-0.11811811457127923
AT1G68238,0.4331580858269141
AT1G68240,0.06239532609637024
AT1G68250,0.14987838912299342
AT1G68260,0.05923869920276983
AT1G68270,-0.4622695091369062
AT1G68280,-0.3595007113348281
AT1G08973,-0.07365087419315029
AT1G68290,
AT1G68300,0.22327683322802808
AT1G68310,0.2003306392725893
AT1G68320,0.22343978684464463
AT1G68325,-0.36863575929748904
AT1G68330,-0.1672896192733731
AT1G08977,0.17151788279583582
AT1G68340,0.23098346806889622
AT1G68350,-0.14307718649188275
AT1G08983,0.04048092768143693
AT1G68360,-0.15266043486796185
AT1G68370,-0.11190365590969813
AT1G68380,-0.07214235469176962
AT1G68390,0.3515542838030149
AT1G68400,-0.2891828206060378
AT1G08987,
AT1G68410,0.2714470448608362
AT1G68420,0.36343417814149614
AT1G68430,-0.12377032084753153
AT1G68440,-0.027154471900729366
AT1G68450,-0.03452332209509623
AT1G68460,-0.04674249387181901
AT1G68470,-0.6858887102043625
AT1G68480,-0.19163303167236312
AT1G68490,0.05128509538383292
AT1G68500,0.29876719301782917
AT1G68510,0.39541282714700626
AT1G68520,0.13849906023595837
AT1G68526,-0.3080208412265697
AT1G68530,-0.3421700468336097
AT1G68540,-0.1303724959720812
AT1G68550,-0.4177229334119297
AT1G68560,-0.32326006552288034
AT1G08993,0.07265725355640762
AT1G68570,-0.41655865145276666
AT1G68568,
AT1G08997,-0.12236914002865194
AT1G68580,0.018931651090539597
AT1G68585,0.3409602444920561
AT1G68590,0.22312634999486353
AT1G68600,0.7087970983292364
AT1G68610,0.3640342779059231
AT1G68620,-0.2035755158424283
AT1G68630,-0.7115779399445747
AT1G68640,-0.18963587515261293
AT1G09003,
AT1G68650,-0.5098326049698882
AT1G68660,-0.09162694031331156
AT1G68670,0.008204278497729886
AT1G68680,-0.5201811083856481
AT1G09007,-0.061659381155418906
AT1G68690,0.5662308112857695
AT1G68700,0.01392301911657269
AT1G68710,0.4181248298928859
AT1G68720,0.008790326637220123
AT1G68723,0.31324940634736914
AT1G68725,0.21297545376028418
AT1G68730,0.01716365485802336
AT1G68740,-0.38039939441950515
AT1G68750,0.45888513848779217
AT1G68760,-0.25180315267154646
AT1G68770,
AT1G68765,0.06170735033568251
AT1G68780,-0.3349328565121669
AT1G68790,0.11677154603738467
AT1G68795,-0.6797518751139112
AT1G68800,-0.2966561654327747
AT1G09013,
AT1G68810,-0.1832778455481205
AT1G68820,0.20757127374349
AT1G68825,0.07102673026592221
AT1G68830,0.11383007351201059
AT1G68840,0.31897618829916985
AT1G68845,-0.6053451175724316
AT1G68850,-0.28353469210625776
AT1G68860,-0.04534799510560822
AT1G68862,0.4883060591347988
AT1G68870,-0.2449028816297624
AT1G68872,0.556332991996799
AT1G68875,-0.13131969001273375
AT1G68877,-0.05063692095877774
AT1G09017,-0.14625480929177062
AT1G68880,-0.2658501533349701
AT1G68890,-0.1436370543078093
AT1G68905,-0.1887768000688633
AT1G68907,0.07990380573207255
AT1G68910,-0.6444747924089812
AT1G68920,0.38972422787651406
AT1G68930,0.2535440939535468
AT1G09023,0.12223272297198429
AT1G68940,
AT1G68935,
AT1G68937,
AT1G68945,0.19504635548878035
AT1G09027,
AT1G68950,0.133701720089848
AT1G68960,0.1614721321566096
AT1G68970,0.5682082599797089
AT1G68980,0.2703054093508765
AT1G68990,-0.20233104831458187
AT1G69000,0.11680794985904167
AT1G69010,0.5233218043097135
AT1G69020,0.3133775883689239
AT1G69030,-0.07188254210287706
AT1G09033,
AT1G09037,-0.2998707477226929
AT1G69040,-0.6776294977109792
AT1G69050,-0.04538906469952016
AT1G69060,-0.2639552324552748
AT1G69070,0.2789784752438681
AT1G69080,-0.01914175314050376
AT1G69085,-0.08709372400418201
AT1G69090,0.05501323576824976
AT1G69100,0.44683525906317567
AT1G69120,0.38199704293296627
AT1G69130,0.3768461994369335
AT1G69150,0.32682276090026385
AT1G09043,0.06562248216959729
AT1G09047,0.06795673470798044
AT1G69160,-0.4821543905540354
AT1G69170,0.44701648844712505
AT1G69180,0.26143072377949095
AT1G69190,0.02661892687735729
AT1G69200,0.8442040379615103
AT1G69210,-0.15104518318708213
AT1G69220,0.1667160653023983
AT1G69230,-0.36489593681219407
AT1G69240,-0.12021949468244433
AT1G69250,0.35621249032113955
AT1G69252,0.373558155155704
AT1G69260,0.04719666167892759
AT1G69270,-0.03797777897198796
AT1G09053,
AT1G69280,0.2922633441551022
AT1G69290,0.2069488999713013
AT1G69300,-0.0689558027345509
AT1G69295,0.26027942307417257
AT1G69310,0.0610450918358583
AT1G69320,0.1372938332056281
AT1G69325,0.23074334547670305
AT1G69330,0.292441563484968
AT1G69340,-0.14602255614835388
AT1G69350,-0.44370926114429415
AT1G69360,0.5663676355643367
AT1G69370,0.10547998777118414
AT1G69380,-0.3149097263253188
AT1G69390,0.4464568962347698
AT1G69400,-0.21312999939682806
AT1G69410,0.031480421435589656
AT1G69420,-0.03919029300999445
AT1G69430,-0.057290343749018875
AT1G69440,0.253386732102364
AT1G69450,-0.07424056444362262
AT1G09057,-0.10310747833519725
AT1G69460,0.5294101624127989
AT1G69470,-0.03820505434433362
AT1G69480,0.16054365000678222
AT1G69485,-0.613240025870145
AT1G69490,0.4893015012012212
AT1G69500,-0.020377091871796107
AT1G69510,0.2117450324480874
AT1G69520,0.6743260643903979
AT1G69523,0.2715145446353909
AT1G69526,0.4272781657734015
AT1G09063,0.14282119708800944
AT1G69530,-0.4665506378347052
AT1G69540,0.09740988947104032
AT1G69550,0.04669760094439258
AT1G09067,
AT1G69560,0.2206270864908994
AT1G69570,0.11118934926388936
AT1G69572,
AT1G69580,-0.18898900322861653
AT1G69587,-0.033578464353009894
AT1G69588,
AT1G69600,0.18867695390673167
AT1G09073,
AT1G09077,0.07100733503167644
AT1G69610,0.14972102111034624
AT1G69620,-0.15278727235949702
AT1G09083,
AT1G09087,
AT1G69630,-0.3691535044861011
AT1G69640,-0.4540390781589543
AT1G69650,-0.2061059417221881
AT1G69660,-0.02807429354679649
AT1G69670,-0.2781756092114227
AT1G69680,0.5737609968424983
AT1G09097,-0.013473842904037173
AT1G09103,-0.3981039362021937
AT1G69690,-0.13005255286152753
AT1G69700,-0.1661211287727925
AT1G69710,-0.26942325545902346
AT1G69720,0.0707456558742029
AT1G69730,-0.21828648312804277
AT1G69740,0.2358932626361489
AT1G69750,0.2582618947844459
AT1G69760,0.23309044085466335
AT1G69770,0.29557949409804285
AT1G69780,0.13253332109447927
AT1G69790,0.4014133263153219
AT1G69792,-0.0809097141026366
AT1G09107,0.07876731192735856
AT1G09113,0.1976837459961547
AT1G69795,0.20270311538469007
AT1G69797,0.1294985511040446
AT1G69800,-0.23137274930864493
AT1G69810,-0.0014206176297419618
AT1G09117,0.26499559453678034
AT1G69818,0.02943683006821352
AT1G69820,0.23334535434548487
AT1G69825,0.3324095082765911
AT1G69828,-0.10408509590922246
AT1G69830,-0.6693932260889218
AT1G69840,0.21896816665132524
AT1G69850,0.1448644685671964
AT1G09123,0.47018873912261444
AT1G69860,-0.25620926098908575
AT1G69870,-0.26000995382776015
AT1G69880,-0.14306571470224985
AT1G69890,0.3306519508875375
AT1G69900,0.1871470040516967
AT1G69910,-0.2461673632339335
AT1G69920,0.13891098106499458
AT1G69930,-0.5052942992676707
AT1G69935,0.2563194500496432
AT1G69940,0.43521415927115636
AT1G69960,-0.2269981845609684
AT1G69970,0.6026900894822347
AT1G09127,0.020182477429820107
AT1G69980,-0.29111164111781745
AT1G69990,-0.0626782668927859
AT1G70000,-0.21471879851172548
AT1G70020,0.13420231201148852
AT1G70030,0.06155540738576723
AT1G70040,0.18598020686148825
AT1G70050,-0.025078580096742974
AT1G09133,-0.5688157424713652
AT1G70060,-0.3604987762093406
AT1G70070,-0.22161663631277767
AT1G70080,0.055696605130267085
AT1G70090,0.07762462904012667
AT1G70100,0.38538036186706914
AT1G70110,-0.05259751589574048
AT1G70120,0.11731667005444325
AT1G70130,-0.33275297498721695
AT1G70140,0.64060968241212
AT1G70150,-0.0864439305158186
AT1G70160,0.0023882738462228832
AT1G70170,0.22416226121921207
AT1G70175,
AT1G09137,0.1349417075736836
AT1G70180,-0.37021969023996937
AT1G70185,0.10384440640010562
AT1G70190,-0.24291867123097818
AT1G70200,0.3345778180551158
AT1G09143,
AT1G70210,0.3882914261155236
AT1G70209,
AT1G09147,0.06006818755209472
AT1G09153,0.07515904687739045
AT1G70220,0.038560921131448926
AT1G70230,0.3276955417763755
AT1G70250,-0.05069757747616834
AT1G70260,-0.032002567056388626
AT1G70270,-0.038272318462780855
AT1G70280,-0.378448081848659
AT1G70290,0.12288955102541607
AT1G70300,0.03126734521562596
AT1G70310,0.4714457850146301
AT1G09163,-0.39041960135137466
AT1G70320,-0.03468213329330828
AT1G70330,0.07251802022878485
AT1G70335,
AT1G70340,0.05390872988330468
AT1G09167,
AT1G70350,0.22138755694559067
AT1G70360,-0.13767677125732797
AT1G70370,0.22126047364489715
AT1G70380,0.3206875675252728
AT1G70390,0.2846788297828044
AT1G70400,0.0375138777230307
AT1G70410,0.3499479982134531
AT1G70420,0.0688030107892298
AT1G09173,0.07486419740561379
AT1G09177,
AT1G09183,0.0885084945740736
AT1G70430,0.2874672905254598
AT1G70440,0.29476017599672333
AT1G70450,0.472517609743152
AT1G70460,0.0578631253804553
AT1G70470,0.12259271091902212
AT1G70475,0.1281371512645632
AT1G70480,0.305155477122033
AT1G70490,-0.39654079200158854
AT1G70500,0.4459100552853667
AT1G09187,-0.057661911530262434
AT1G70505,-0.0862661673009523
AT1G70510,0.1134997732099471
AT1G70518,0.21189201995250184
AT1G70520,-0.35818090606467
AT1G70530,0.29174152021775457
AT1G70540,0.20787913953346585
AT1G70550,-0.45966044418983193
AT1G70560,-0.18668697073086546
AT1G70570,0.4948662081897203
AT1G70580,-0.05634167763402068
AT1G70581,-0.16144719925663492
AT1G70590,-0.40469657799867986
AT1G70600,0.11518200684523018
AT1G70610,-0.15909272952326653
AT1G70620,0.006197765352261725
AT1G70630,0.48088862508165064
AT1G70640,0.16129459565337548
AT1G70645,-0.10244972121286247
AT1G70650,0.13190383470095945
AT1G70660,
AT1G70670,-0.8120947956492889
AT1G70680,-0.18274317316354144
AT1G70690,0.18047325873370207
AT1G70700,-0.13106568765750654
AT1G70710,-0.31665305744059763
AT1G70720,0.17457668501824333
AT1G70730,-0.35815817381126014
AT1G70740,0.4637583692716222
AT1G70750,-0.17239157166744476
AT1G09193,-0.09037200143199163
AT1G70760,
AT1G70770,-0.23639996223707974
AT1G70780,0.5995583600185045
AT1G09197,0.34532249657507313
AT1G70790,-0.22365682376857066
AT1G70800,-0.4554717913315818
AT1G70810,-0.08704208016210184
AT1G70820,-0.31589666225186713
AT1G70830,-0.08706553775701899
AT1G70840,0.24212014171305032
AT1G70850,-0.24094612355966305
AT1G70860,0.3468408393134723
AT1G70870,0.3200043159024385
AT1G70880,-0.310593581626371
AT1G70890,-0.44070183734886154
AT1G70895,-0.27464293849840493
AT1G70900,-0.36538806747905733
AT1G70910,-0.27453028186430306
AT1G70920,-0.22082965327066298
AT1G70940,-0.26197442154309675
AT1G70944,0.1294076230525451
AT1G70949,0.05084182416892046
AT1G70950,-0.04834879927719226
AT1G70960,0.1148591295583136
AT1G70970,0.08165110306064405
AT1G70980,-0.09260438347988235
AT1G70985,0.1564234770448765
AT1G70990,0.15283740327130316
AT1G71000,-0.44232078288817445
AT1G09207,-0.09040303615157155
AT1G09213,-0.4771303452991594
AT1G71002,0.13262988431806294
AT1G71010,-0.15805212673732694
AT1G71015,-0.11646580784938361
AT1G71020,0.027591702079833313
AT1G09217,0.3857178553215667
AT1G71030,-0.20377561873169
AT1G71040,0.38059772873122855
AT1G71050,0.21630665274870628
AT1G71060,0.07887549913018793
AT1G71070,0.2535815604688995
AT1G71080,0.14834545691803835
AT1G71090,0.056941798442841716
AT1G71100,-0.23514298134884545
AT1G71110,0.5538191338044303
AT1G71120,0.3278036631506574
AT1G71130,0.4101559824622007
AT1G71140,-0.6302299049318684
AT1G71150,0.03433041837100265
AT1G71160,-0.4724271592076376
AT1G71170,-0.07948021587948301
AT1G71180,0.06460639095842935
AT1G71190,0.1460970307650898
AT1G71200,0.13786701608338747
AT1G71210,0.4349976364012168
AT1G71220,0.3317357095260575
AT1G71230,0.0018143816387736363
AT1G71235,-0.0006799084835899032
AT1G71240,0.09738162629973217
AT1G71250,0.18699357985444423
AT1G71260,0.45849118122008214
AT1G09223,
AT1G71270,0.06753665349863378
AT1G71280,0.12091097047774847
AT1G71290,0.25678802207582974
AT1G09227,0.0592584312361586
AT1G71300,0.08911741990003527
AT1G71310,0.45278283267202224
AT1G09233,
AT1G71320,0.5396411692606199
AT1G71330,0.14322555193617068
AT1G71340,-0.05336967976718944
AT1G71350,0.07519531228898356
AT1G71360,-0.020175374897013786
AT1G09237,0.6883964356281296
AT1G71370,-0.19399054865850654
AT1G71380,0.13840763375260598
AT1G09243,-0.19765264473712416
AT1G71390,0.1737967991807208
AT1G71400,0.13521205094089514
AT1G71410,0.4119410188100479
AT1G71420,-0.3071709909899243
AT1G09247,0.16287463015053405
AT1G71430,-0.3334562648003579
AT1G71440,0.20578486011721175
AT1G71450,-0.015394640683278624
AT1G71460,-0.04079905146991369
AT1G71470,-0.36936270734914006
AT1G71480,0.19864477313550247
AT1G09253,
AT1G71490,0.6516189148076722
AT1G09257,
AT1G71500,0.2333925561739548
AT1G71520,0.1266812108488266
AT1G71528,-0.337229534975892
AT1G71530,
AT1G71680,0.42120023080406177
AT1G71690,0.027578518287930672
AT1G71691,-0.17211042317101907
AT1G71692,-0.016841333268541817
AT1G71695,0.16134272511261247
AT1G71696,0.38397472469696664
AT1G71697,-0.335881471863956
AT1G71700,
AT1G71710,0.1349330761727739
AT1G09263,
AT1G71720,-0.05566546577277289
AT1G71730,0.35137704552348215
AT1G71740,0.2919246549963588
AT1G71750,0.2470421247849302
AT1G71760,-0.20547236588043413
AT1G71770,0.35533436911641575
AT1G71780,0.39438194165027335
AT1G71790,0.4530626408306436
AT1G71800,0.3974182497826068
AT1G71810,-0.017850740759821345
AT1G71820,0.31542034563605464
AT1G71828,0.16382705173566883
AT1G71830,0.5964030057310421
AT1G71840,0.5795750010636443
AT1G71850,-0.10305945779162479
AT1G71860,-0.8332732544171811
AT1G71865,0.14214338838965956
AT1G09267,
AT1G71866,0.0646495863031103
AT1G71870,-0.4526834417743449
AT1G09273,0.24056503927215786
AT1G71880,0.1952272989266529
AT1G71890,-0.2752480308891481
AT1G71900,0.0345073754536168
AT1G71910,0.23997963861781396
AT1G71920,0.3827570370972616
AT1G09277,0.27920241035997595
AT1G09283,0.24240756136068992
AT1G71930,-0.005706818751909183
AT1G71940,0.11717108937767852
AT1G71950,-0.02437885623801282
AT1G09287,
AT1G71960,-0.2638608763168409
AT1G09293,0.2128662393410673
AT1G71970,0.30540169142841317
AT1G71980,-0.019781110835900333
AT1G71990,-0.6071805062341611
AT1G72000,0.5252212256710647
AT1G72010,-0.07577556925889586
AT1G72020,0.3809024361516482
AT1G72030,0.40203985485751603
AT1G72040,-0.07860294273721088
AT1G72050,0.22124078626920393
AT1G72060,0.01807910367614026
AT1G72070,0.11072156294745909
AT1G09297,
AT1G72080,-0.18168621275581148
AT1G09303,-0.15351300962403994
AT1G72090,0.23584277644020868
AT1G72100,0.10775625736036015
AT1G72110,0.2125890053769919
AT1G72120,0.13041336295653477
AT1G72125,0.23197597953195812
AT1G72130,0.2049929075597441
AT1G72140,-0.14891552161852054
AT1G72141,0.15006883402308982
AT1G72150,0.18878538986268772
AT1G72160,0.4761840546057449
AT1G72170,0.11559338234691609
AT1G72175,-0.1070018127219536
AT1G72180,-0.08616114196934808
AT1G72190,0.24275998248715253
AT1G72200,-0.07892164020791195
AT1G72210,-0.3136235810649126
AT1G72220,-0.03218633237486571
AT1G72230,-0.4659066702819616
AT1G72240,0.07055766035544245
AT1G72250,0.15821966222692993
AT1G72260,0.17561264459141168
AT1G72270,0.16026553217214204
AT1G72275,0.335524507438467
AT1G72280,-0.4509334475808216
AT1G72290,0.18794534755539904
AT1G72300,-0.24957751861066527
AT1G72310,0.5243267393267945
AT1G72320,-0.3070758108857322
AT1G72330,-0.1882493013010402
AT1G72340,0.11993852644732805
AT1G72350,0.038518359162092806
AT1G72360,0.19599434071194427
AT1G72370,0.1288105658084652
AT1G72390,-0.1108407752040813
AT1G72410,-0.11522218546227789
AT1G72416,-0.21526683185737866
AT1G72420,0.1426120288280619
AT1G72430,0.15139040475623403
AT1G72440,-0.3576291575339974
AT1G72450,-0.0171281637424162
AT1G09307,0.14205830793659122
AT1G72460,-0.4014974904489257
AT1G72470,0.1484541255604145
AT1G72480,-0.537818328314019
AT1G72490,-0.09679845848852382
AT1G72500,-0.27454279034376017
AT1G72510,0.3784537119555214
AT1G09313,0.16135188373296327
AT1G72520,0.6037276240821049
AT1G72530,0.08753886077175593
AT1G09317,
AT1G72540,0.47017712619559304
AT1G72545,
AT1G72550,-0.15831816695699374
AT1G72560,0.07016525600527146
AT1G09323,
AT1G72570,0.5759755522561519
AT1G72580,0.23459579735063105
AT1G72590,0.015597493077919512
AT1G72600,-0.013106747935909914
AT1G09327,
AT1G72610,
AT1G72620,-0.5366423890035112
AT1G72630,0.11719400619805442
AT1G72640,0.4134391504028228
AT1G72645,-0.16104175055229294
AT1G09333,
AT1G72650,0.22927124106016586
AT1G72660,0.05693802725959204
AT1G72670,-0.06971388531462303
AT1G72680,-0.08840100770135939
AT1G72690,-0.3082821625622467
AT1G09337,0.28606046031980975
AT1G72700,0.15448029731823937
AT1G72710,0.1813539931274319
AT1G72720,-0.3385804643153237
AT1G72730,0.038120725378747514
AT1G72740,-0.20382147924712427
AT1G72750,0.06775205152139883
AT1G72755,
AT1G72760,0.03818548320996532
AT1G72770,0.3336651119911769
AT1G72780,0.07447439885640618
AT1G72790,0.38593379339312756
AT1G72800,0.5040537762801579
AT1G72810,-0.35664762813371326
AT1G72820,-0.4089394350670616
AT1G72830,0.10723196090198468
AT1G72840,0.14817930304475854
AT1G72850,0.04825768559336699
AT1G72852,-0.1583153895943003
AT1G72855,0.021604186302285344
AT1G72860,0.21106241654348856
AT1G72870,0.028599308717230598
AT1G72880,-0.12137684636541644
AT1G72890,0.18244377421891475
AT1G72900,-0.4818868978976017
AT1G72910,0.005930453402408704
AT1G09343,0.4598323451449924
AT1G72920,0.08419576413166314
AT1G72930,0.20856737830010064
AT1G09353,0.1713664511680348
AT1G72940,-0.23935182522733317
AT1G09357,0.18753101356000731
AT1G72950,-0.03340278579449953
AT1G72960,-0.03741871038085432
AT1G72970,-0.21025175566374407
AT1G72980,0.28608642353163033
AT1G72990,0.274918614879266
AT1G73000,-0.235655008634161
AT1G73010,0.04850050651435578
AT1G73020,0.2933836162117367
AT1G73030,-0.007336380932581992
AT1G09363,
AT1G73040,-0.18652580113089615
AT1G73050,0.5175786745104248
AT1G73060,-0.29700178268227695
AT1G73065,0.35662216786199286
AT1G73066,0.4307659504038266
AT1G73080,0.03318511350649876
AT1G73090,-0.34696821023667146
AT1G73100,-0.29366791800837927
AT1G09367,
AT1G73110,0.033504460093748877
AT1G73120,0.19996721061966702
AT1G73130,-0.10999050701628728
AT1G73140,0.438488140473948
AT1G73150,0.2158827200872258
AT1G73160,0.2415258652428058
AT1G73165,0.1779672866585678
AT1G73170,-0.06504763216810938
AT1G73177,0.22679420925601787
AT1G73180,-0.6266419853248241
AT1G73190,0.2912247721561593
AT1G73200,0.4297515748703844
AT1G73210,0.16105369196207334
AT1G09373,-0.038701066444838075
AT1G73220,-0.04418363607520168
AT1G73230,0.07144587260664158
AT1G73240,-0.17541862765081062
AT1G73250,0.2636899462523301
AT1G73260,-0.17810708030532663
AT1G73270,0.23480552794575274
AT1G73280,0.22254551611934184
AT1G73290,-0.1983521875768953
AT1G73300,-0.04526017825085076
AT1G73310,0.04792735130236682
AT1G73320,-0.4119564788275847
AT1G73325,0.02314254348232231
AT1G73330,0.09164925875999688
AT1G73340,0.15294052818207612
AT1G73350,0.5181788775509205
AT1G09377,0.10638291511475739
AT1G73360,-0.09764017592769443
AT1G73370,-0.27130105367214397
AT1G73380,0.4712124383283013
AT1G73390,0.4287606513103646
AT1G73400,-0.3920131767023944
AT1G73410,-0.4988863003074324
AT1G73430,-0.43492391642880807
AT1G73440,0.059478435351592175
AT1G09383,
AT1G73450,0.028518144320037485
AT1G73460,0.21702322104985863
AT1G73470,-0.5294726931487289
AT1G73480,0.1204712732474923
AT1G73490,0.09602846999114092
AT1G73500,0.28698261191390445
AT1G09387,0.3291779853006296
AT1G73510,1.1130646070427512e-05
AT1G73530,0.5025720735635598
AT1G73540,-0.3896298809325631
AT1G73550,-0.15515690607202476
AT1G73560,-0.32863401876995413
AT1G73570,-0.2788865740255728
AT1G73580,-0.15394636049868274
AT1G09393,
AT1G09397,
AT1G73590,-0.04717731897656083
AT1G73600,-0.522267286078729
AT1G73603,0.1742876460810289
AT1G73607,0.014085276392939132
AT1G73610,0.6192523978964205
AT1G73620,-0.4066130358671236
AT1G73630,-0.3223873167044205
AT1G73640,-0.09201538759384423
AT1G73650,0.08129688918814919
AT1G73655,0.4268535141419309
AT1G73660,0.24193016946205234
AT1G73670,-0.0767994317978284
AT1G73680,-0.3398041343058372
AT1G73687,0.49067074403026134
AT1G73690,-0.0011108678638318424
AT1G73700,0.3388893762191263
AT1G09407,0.0669067119140175
AT1G73710,-0.39036604389576846
AT1G73720,-0.11305413030158971
AT1G73730,0.008245930864595134
AT1G73740,-0.4154974190131556
AT1G73750,-0.16398519995424898
AT1G73760,-0.31533041449891047
AT1G73770,0.560649189334266
AT1G73780,0.04507081137075149
AT1G73790,-0.1646290522748929
AT1G73805,-0.0795441162476701
AT1G73810,0.010818110052665801
AT1G73820,0.10622111704558677
AT1G73830,0.10347784813755505
AT1G09417,-0.10186485712925789
AT1G73840,0.16541809591920628
AT1G73850,0.44346970454755935
AT1G73860,-0.09946211186239758
AT1G73870,0.34035600544852296
AT1G73875,-0.3121847008916749
AT1G73880,-0.013410992560988204
AT1G73885,0.4201096743520852
AT1G73890,0.08517707122585134
AT1G73900,0.17734881311596715
AT1G73910,-0.3427214554591932
AT1G73920,0.4489421807965781
AT1G73930,-0.20991809812697568
AT1G73940,-0.22158925470241464
AT1G73950,-0.10903580510852261
AT1G73960,-0.5790616079998512
AT1G73965,0.12240033145719226
AT1G73970,0.10612189920819236
AT1G73980,-0.1556206024964401
AT1G73990,0.1423988794351338
AT1G74000,-0.3073702716928007
AT1G74010,-0.47139463303121004
AT1G74020,0.09480590699795788
AT1G74030,-0.10954502512495999
AT1G74035,
AT1G74040,0.14541436607040928
AT1G74045,0.23437550173037958
AT1G74050,-0.022059951994359752
AT1G74060,0.2587097239051162
AT1G74055,
AT1G74070,-0.03325390703525048
AT1G74080,0.4892427549152157
AT1G74088,0.13313413260157297
AT1G74090,-0.45676528674222233
AT1G74100,0.08090448127525522
AT1G74110,-0.08237794222897493
AT1G74120,-0.2793395142884915
AT1G74130,0.31319523200284966
AT1G74140,0.12109082036946865
AT1G74150,-0.2381697600396743
AT1G74160,0.14001124752895217
AT1G74170,0.09212602246816544
AT1G74180,0.190922938020095
AT1G09423,
AT1G74190,-0.10391357348007578
AT1G74200,-0.5074174060981707
AT1G74205,0.385484341967881
AT1G09427,0.07312700265650063
AT1G74210,-0.14114463392344392
AT1G74220,-0.8705341250354129
AT1G74230,-0.413434733704558
AT1G74240,-0.4688712857591192
AT1G74250,0.02696805931278586
AT1G74260,-0.46319780030598384
AT1G74270,0.12301452426473858
AT1G74280,-0.3620456297316251
AT1G74290,0.4105652955226188
AT1G74300,0.2373445887331481
AT1G09433,
AT1G74310,-0.5446596436551028
AT1G74320,0.19808136795902354
AT1G74330,-0.4615274226939589
AT1G74340,-0.21544835936361145
AT1G74350,
AT1G74360,-0.24128614598635711
AT1G09437,
AT1G74370,-0.01665811458043214
AT1G09443,
AT1G74380,0.5417454459318725
AT1G74385,
AT1G74390,-0.308039034990089
AT1G74400,0.01010635010007047
AT1G74410,-0.1566705999986758
AT1G09447,
AT1G09453,
AT1G74420,-0.1420865301290778
AT1G74430,0.47394452788695396
AT1G09457,
AT1G74440,0.005306970424694122
AT1G09463,
AT1G74450,-0.1240098362283738
AT1G74453,0.0948522504966346
AT1G74456,0.24087052795134142
AT1G09467,0.6796046354589681
AT1G74458,-0.6993406405618455
AT1G09473,
AT1G74460,-0.27967414341887475
AT1G74470,-0.48485199644764126
AT1G74480,0.2389928166117601
AT1G74490,0.5547354292756818
AT1G74500,-0.039739032841288206
AT1G74510,-0.47742244718951987
AT1G74520,0.20692763859769095
AT1G74530,0.6009314059956994
AT1G09477,0.0820998405381093
AT1G74545,0.08885609402639257
AT1G74540,
AT1G74550,0.4849626576725064
AT1G09487,
AT1G74560,0.30632646558105997
AT1G74570,0.18511935289316608
AT1G74580,0.04807066489531084
AT1G74590,0.17352273314986824
AT1G74600,0.6784804858468383
AT1G74610,
AT1G74620,-0.11105734699925529
AT1G74630,-0.23889014837895603
AT1G74640,0.15810354705790003
AT1G74650,0.26518812984838835
AT1G09493,-0.11709467466563192
AT1G74660,-0.4570607606158236
AT1G09497,
AT1G74670,0.2751949582647548
AT1G74675,0.09034110918756626
AT1G09503,
AT1G09507,
AT1G74680,0.1668294146607714
AT1G74690,0.4939241368721609
AT1G74700,0.11512013550862615
AT1G74710,-0.24295214671565285
AT1G74720,0.18436397268109525
AT1G74730,-0.10330932597060451
AT1G09513,
AT1G74740,0.17176545994762374
AT1G74750,-0.05502296575941818
AT1G74770,-0.046706503352948736
AT1G74780,-0.07860634562793717
AT1G74790,-0.19174863694320485
AT1G74800,0.06306635965906038
AT1G74810,0.1960539569640402
AT1G74820,0.30066992840102724
AT1G74830,0.11741852288890706
AT1G74840,0.27494502240701263
AT1G74850,0.3574603713300275
AT1G74860,-0.2676766645391042
AT1G74870,0.2763016273672992
AT1G74875,-0.2213396027967782
AT1G74880,-0.11483556112312791
AT1G74890,-0.4896898699399276
AT1G74900,-0.0650011629311902
AT1G09517,
AT1G74910,-0.3739547549979002
AT1G74920,0.349336013724889
AT1G74930,0.15580215208548068
AT1G74929,
AT1G74940,-0.044783857977461664
AT1G74950,0.567518801910641
AT1G74960,0.43738382428575867
AT1G74970,0.36883738099155555
AT1G74990,0.38762857307209686
AT1G75000,-0.29858047354652106
AT1G75010,0.2629396648912061
AT1G75020,0.292867753083218
AT1G75030,0.30186476391207345
AT1G75040,-0.1432462419689017
AT1G75050,-0.15392946136963007
AT1G75060,-0.20432009796832182
AT1G75070,-0.11551410029661702
AT1G75080,-0.49664721871530454
AT1G09523,
AT1G75090,-0.1369400366373609
AT1G09527,
AT1G75100,-0.5001327950527401
AT1G75110,-0.39397877613069315
AT1G75120,-0.423995841831201
AT1G75125,0.18794112749054268
AT1G75130,0.1856972787936264
AT1G75140,-0.21489169499949654
AT1G75150,0.7469442008079462
AT1G75160,0.2189879347784248
AT1G09533,0.2696922334743141
AT1G75163,-0.08538737487439095
AT1G75166,0.021783482126585093
AT1G75170,0.155974323056633
AT1G09537,
AT1G75180,-0.44710150042564667
AT1G09543,0.04697503552592516
AT1G75190,0.39420697392993187
AT1G75200,-0.2613412068907697
AT1G75210,0.35354682326706827
AT1G75220,-0.1598945590489325
AT1G75230,-0.05677043374652244
AT1G75240,0.3205975516262112
AT1G75250,0.4327718031904624
AT1G75260,-0.1376653607505963
AT1G75270,0.2530605400823821
AT1G75280,0.25891734880146944
AT1G75290,0.13170773779337971
AT1G75295,0.35918206015759285
AT1G75300,
AT1G75310,0.1372032333632572
AT1G75330,-0.1922597667593502
AT1G75335,-0.06420269111355272
AT1G75340,-0.0013513629451281444
AT1G75350,-0.13410034714538235
AT1G75360,0.023139395568280895
AT1G75370,0.3425966313546533
AT1G75380,-0.034916207533164455
AT1G09547,-0.09053886230538145
AT1G75390,0.2899678751318673
AT1G75400,-0.014540528352932066
AT1G75410,0.061159987058504
AT1G75420,0.20551956206274322
AT1G75430,0.4049335583843617
AT1G75440,0.5116632856809061
AT1G09553,
AT1G75450,-0.4293433256942113
AT1G09557,
AT1G75460,0.1592893889872151
AT1G75470,0.24026945053065082
AT1G75490,0.1675245428671308
AT1G75500,-0.12400871385296508
AT1G09563,
AT1G09567,
AT1G75510,-0.05668373528301516
AT1G75520,-0.0027760592484112963
AT1G75530,0.3102919453310186
AT1G75540,0.331726091366338
AT1G75550,-0.300303246715506
AT1G75560,-0.716940042424152
AT1G75570,
AT1G75580,0.4727861352161743
AT1G75590,-0.15551101399621078
AT1G75600,0.2508296797657529
AT1G75620,-0.31718332464445215
AT1G75630,0.12598130082265974
AT1G75640,-0.17710595625958367
AT1G75650,-0.1258680786947157
AT1G75660,-0.367814449224739
AT1G75670,0.16664856554337606
AT1G75680,-0.1348511682294855
AT1G09573,-0.07826929927447941
AT1G75690,0.04353699502030899
AT1G75700,-0.09446230850524513
AT1G75710,-0.15581348296009367
AT1G75717,0.2583931907952813
AT1G75720,-0.05638414529822699
AT1G75730,-0.2441796349553293
AT1G75740,
AT1G75750,-0.5345493076075747
AT1G75760,-0.033285574443933395
AT1G75770,0.40422502198562105
AT1G75780,0.1934111406656875
AT1G75785,
AT1G75790,-0.20274962032232116
AT1G75800,-0.2399752931551039
AT1G75810,0.40889897026123273
AT1G75820,0.6051264305718121
AT1G09577,0.1605091268178238
AT1G09583,0.22075958955646593
AT1G75830,-0.019197562287347633
AT1G75840,-0.02085259121362718
AT1G75850,-0.31145170347813383
AT1G75860,-0.41160078161744595
AT1G75870,0.05757815578592376
AT1G09587,0.2696494155514292
AT1G75880,-0.3071749197768966
AT1G75890,-0.06160663946215149
AT1G75891,
AT1G09593,
AT1G09597,
AT1G75900,-0.16095113504643052
AT1G75910,0.045999379039421445
AT1G09603,0.2521630542297464
AT1G75920,-0.19301828048768171
AT1G75930,0.3988212989712524
AT1G75940,0.3812148080477375
AT1G75945,0.10728422783682731
AT1G75950,0.3001457061933217
AT1G75960,-0.494202122668231
AT1G75970,0.18109809204327737
AT1G75980,-0.30712270655607776
AT1G75990,0.3252268145124312
AT1G76000,0.14943237960153508
AT1G76010,0.16318382635755577
AT1G76020,0.273909907430977
AT1G76030,-0.14985879578381153
AT1G76040,0.07060093205581638
AT1G76050,0.24398060971793442
AT1G76060,-0.47329000883717937
AT1G76065,-0.266097814098271
AT1G76062,
AT1G76070,-0.1173442181252577
AT1G76080,0.08404905334389243
AT1G76090,-0.16750487001069636
AT1G76100,0.08391339559151145
AT1G76110,-0.04450227250377787
AT1G76120,0.046153338783021004
AT1G76130,0.5491421968699312
AT1G09607,0.12541527913410655
AT1G76135,-0.04583757277602783
AT1G76140,-0.2581672247652308
AT1G76150,-0.18867446083418596
AT1G76160,-0.32415055686244065
AT1G76170,0.23111277933427682
AT1G76180,0.2033904811664104
AT1G76185,0.3116253380557722
AT1G76190,-0.4388949568358648
AT1G76200,-0.34012230799589666
AT1G76210,0.0815187961067067
AT1G76220,-0.4391390189041825
AT1G76230,-0.2523998544110219
AT1G09613,0.07867972645069206
AT1G76240,-0.016160102072341084
AT1G76250,0.12920059097896588
AT1G76260,-0.4840159399328864
AT1G76270,0.4769906171896181
AT1G76280,-0.22243822141909916
AT1G76290,0.4667640308177332
AT1G76300,0.3422390898631174
AT1G76310,0.15650768780226693
AT1G76320,0.43743532651680195
AT1G76330,
AT1G76340,-0.14609825144617888
AT1G76350,-0.2616768641318615
AT1G09617,
AT1G76360,-0.18288424912437726
AT1G09623,
AT1G76370,0.013830592730438079
AT1G76380,0.22336377577305375
AT1G09627,
AT1G76390,0.03344041367880079
AT1G76400,0.40855692784192144
AT1G76405,-0.31376366364076225
AT1G76410,-0.31837322161170295
AT1G76420,-0.03615846307758576
AT1G76430,0.2184997660745042
AT1G76440,-0.16197655737701827
AT1G76450,0.4736930871090206
AT1G76460,0.5139983896378538
AT1G76465,
AT1G76470,0.0021131454093139667
AT1G76480,-0.1235137719161977
AT1G76490,0.3634361199119027
AT1G76500,0.18001968349681627
AT1G76510,0.11061758732174931
AT1G76520,0.10252456237970128
AT1G76530,-0.05094751407006022
AT1G76540,0.16875800321543286
AT1G76550,-0.7319280981682884
AT1G76560,0.32623622019902754
AT1G76570,0.36247312290206674
AT1G76580,-0.1765316321523169
AT1G09633,0.06369877898854469
AT1G76590,-0.17981081832905438
AT1G76600,0.40940005664609164
AT1G76610,-0.015814006492189312
AT1G76620,-0.4410050420798823
AT1G76630,-0.4687357229981104
AT1G76640,-0.48368356613860497
AT1G76650,-0.08268636152183151
AT1G76660,0.15106575600359004
AT1G76670,-0.07310911591466297
AT1G76680,-0.015321321817483146
AT1G76690,-0.15479538313692978
AT1G76700,0.6191448658842998
AT1G09637,
AT1G09647,-0.10876199335150102
AT1G76705,-0.33255265364469966
AT1G76710,0.24854566285362303
AT1G76720,0.05953911786674333
AT1G09653,0.032566002903223486
AT1G76728,0.14013009267876855
AT1G76730,0.3153089818120922
AT1G76740,0.20219891203266632
AT1G76750,0.2495632663777318
AT1G09657,
AT1G76760,0.21109676244670786
AT1G09663,
AT1G09667,0.002567745454118267
AT1G76770,0.044120679215690954
AT1G76780,-0.23581852628322528
AT1G09673,
AT1G76790,0.05437918481601781
AT1G76800,-0.3363593436725246
AT1G76810,0.18897340983002384
AT1G76820,0.6989271808126257
AT1G76830,0.22378432263690634
AT1G76840,0.05550573576959482
AT1G76850,-0.06220319011062419
AT1G09677,
AT1G76860,0.29242026711251795
AT1G76870,0.02120279348495105
AT1G76878,-0.27689591524212337
AT1G76880,
AT1G76890,0.1882622733766778
AT1G76892,
AT1G76900,0.09046963577734594
AT1G09683,
AT1G76910,0.0912844087085321
AT1G09687,0.04262564624291001
AT1G09693,0.21619351867042308
AT1G76920,0.16287366129160996
AT1G76930,0.03871194342077205
AT1G76940,0.6393070507996316
AT1G76950,-0.13325870290204855
AT1G76952,-0.2208833266482083
AT1G76954,0.2615750805155263
AT1G76955,-0.16614496481238433
AT1G76960,0.36705026581697897
AT1G76965,0.24064299672655884
AT1G76970,0.10845180856404005
AT1G76980,-0.11771572075285436
AT1G09697,-0.1541072236911017
AT1G76990,0.05511904033643475
AT1G76994,0.14968382180985607
AT1G77000,-0.3105924296536375
AT1G77010,-0.1865662965335851
AT1G77020,0.10727649836063516
AT1G77040,0.18639403407158556
AT1G77030,-0.35754671532044613
AT1G77060,0.10237452791911436
AT1G77080,0.25095161964168805
AT1G77090,0.4451555861804965
AT1G77093,0.2872537847852938
AT1G09703,0.09942241655666807
AT1G77100,-0.061047096977610626
AT1G77110,0.2125341631155763
AT1G77120,0.12737283657666337
AT1G77122,0.27337731376869184
AT1G09713,
AT1G77130,0.11361908228354553
AT1G77138,0.390417159036126
AT1G77140,-0.49843613124507297
AT1G77145,-0.16093614924387883
AT1G77150,0.2758835002643846
AT1G77160,-0.483359746026361
AT1G77170,0.46809165113635526
AT1G77180,-0.05019151588078127
AT1G77190,
AT1G77200,0.071753658148069
AT1G77210,-0.33069594827676074
AT1G77220,0.3651943349867
AT1G77230,0.03211492703420444
AT1G77235,
AT1G77240,
AT1G77250,-0.09532146042340665
AT1G77260,0.48749128449874213
AT1G77270,-0.12725306096164848
AT1G77280,-0.05014294015736398
AT1G77290,-0.3006855198789962
AT1G77300,-0.1244576787081007
AT1G77310,-0.20121283948517427
AT1G77320,-0.05777779232379867
AT1G77330,0.11253165509184108
AT1G77340,0.07501305920219131
AT1G77350,-0.5826660698458754
AT1G77360,0.10467402320438375
AT1G77370,0.5405130971149991
AT1G77380,0.4589658908481722
AT1G09717,-0.9515449485074567
AT1G09723,0.17129065847137082
AT1G77390,-0.3198604103893198
AT1G77400,0.06163344260848625
AT1G77405,-0.5128533712558461
AT1G77410,0.4730105504570211
AT1G77420,0.6253864418056031
AT1G77440,0.32441025288770536
AT1G09733,0.1545178143751005
AT1G77450,0.1962658590692258
AT1G77460,0.34065171087449736
AT1G77470,-0.48082922304480274
AT1G77480,-0.05088097796568218
AT1G77490,0.25613505640352063
AT1G77500,-0.050251860115924835
AT1G77510,0.12680268334896957
AT1G77520,0.09528291986229522
AT1G77525,0.13911932725681841
AT1G77530,-0.034142874323914635
AT1G77540,0.04826813439425613
AT1G77550,0.19159018097089986
AT1G77560,
AT1G77570,-0.04492470189341836
AT1G77580,-0.350849862724386
AT1G77590,0.1796972071282575
AT1G77600,-0.4976909168623196
AT1G77610,0.32735628652273374
AT1G77620,0.08862004163213011
AT1G09737,-0.7411230241375217
AT1G77630,-0.6636428077932405
AT1G77640,0.27908597639581395
AT1G77650,-0.11387785493413143
AT1G77655,0.06184554889244102
AT1G77660,-0.2091382611430386
AT1G77670,0.2343978259051732
AT1G77680,0.007550221299323909
AT1G77682,-0.23902768562195226
AT1G09743,0.02943340546554844
AT1G09747,-0.11539273542350102
AT1G77690,-0.5001872398066591
AT1G77700,0.18862307593291128
AT1G77710,0.13595149628776884
AT1G09753,-0.20331024239094073
AT1G77720,-0.2399713262700094
AT1G77730,0.5166366111407946
AT1G77740,-0.04664807237430566
AT1G77750,0.07084549669257502
AT1G77760,0.14362085916284076
AT1G77765,0.48845576011880115
AT1G77770,0.23136288062783594
AT1G77780,-0.1948734413778616
AT1G77790,0.1752757570219819
AT1G77800,-0.2735588453360293
AT1G09757,
AT1G77810,-0.6778198329405672
AT1G77815,-0.06789654128026669
AT1G77830,0.09025293264519287
AT1G77840,0.7300004329925175
AT1G77850,0.438243000935455
AT1G77855,-0.05476226101369943
AT1G09763,-0.08178923388668165
AT1G77860,0.12841907311287792
AT1G77870,0.09222038319947168
AT1G77880,0.1698914706247869
AT1G77885,-0.21066678472034975
AT1G77890,-0.29612914749471475
AT1G77910,0.01645014998430691
AT1G09767,0.22328021134167272
AT1G77920,-0.25392484500937057
AT1G77930,-0.009687696192533395
AT1G77932,
AT1G77940,-0.5015895026134987
AT1G77950,0.13403387220041266
AT1G77960,0.3138939503538875
AT1G77980,0.6414704914884886
AT1G77990,0.5530920250441216
AT1G77992,
AT1G78000,-0.14271753389471045
AT1G78010,-0.04457269610326568
AT1G78020,0.47663944827765625
AT1G78030,0.2794236346570015
AT1G09773,0.26489376648497986
AT1G78040,0.13568361691687097
AT1G78050,0.1642689394979151
AT1G78060,0.2665843485799378
AT1G09777,
AT1G78070,-0.27707563894345677
AT1G78080,0.2106315332938943
AT1G78090,0.07585781674575948
AT1G78100,-0.09295128776792186
AT1G78110,-0.026782654080173215
AT1G78120,-0.423696810303858
AT1G09783,-0.3800229352519563
AT1G78130,-0.17882412659545863
AT1G78140,-0.224395733254895
AT1G78150,0.2757578166982361
AT1G78160,-0.15295771216209966
AT1G78170,-0.1292612740320791
AT1G78172,0.2738594433932144
AT1G78180,-0.16717336619431236
AT1G78190,0.16341288113320696
AT1G78200,0.08230139401615275
AT1G09787,-0.2854884884478179
AT1G78206,0.1800847011665945
AT1G78210,-0.003383154556205492
AT1G78220,-0.1060569119549696
AT1G09793,0.17161477168161451
AT1G09797,-0.6124759433176324
AT1G78230,-0.1042889081713812
AT1G78240,-0.5398225900939556
AT1G78250,
AT1G78260,-0.19086872512245426
AT1G78265,
AT1G78270,
AT1G78280,-0.2726453707915658
AT1G78290,0.14718261139335362
AT1G09803,0.10259803133978519
AT1G78300,-0.3442137428749989
AT1G78310,0.3798933109281154
AT1G09807,0.21726642422791534
AT1G78320,0.23868712173948778
AT1G78340,-0.37475314824926464
AT1G78360,-0.12313394995072435
AT1G78370,-0.14538479445779376
AT1G78380,0.48363582241853864
AT1G78390,-0.05148039498186429
AT1G78400,-0.0013679186958563635
AT1G78410,0.12619950842996927
AT1G78420,-0.09157768802366517
AT1G78430,0.4596290720657994
AT1G78440,0.10835226910023375
AT1G78450,0.24120280934969074
AT1G78460,-0.13998492467357102
AT1G09813,0.1324502295993814
AT1G78470,-0.09131315737614724
AT1G78476,-0.4850634106729927
AT1G78478,
AT1G09817,
AT1G78480,0.042069283904648445
AT1G78490,0.30347976006277794
AT1G78500,-0.16684043956760417
AT1G78510,-0.3524149325317445
AT1G78520,0.4346343631948218
AT1G78530,-0.3056059931596439
AT1G78540,-0.3933749102232002
AT1G78550,-0.1706313909739605
AT1G78560,0.5253984050516015
AT1G78570,-0.7535457729432242
AT1G09823,
AT1G78580,-0.46821698520544114
AT1G09827,
AT1G78590,0.0991222455256158
AT1G78600,0.6022438443482385
AT1G78610,0.06601814263225306
AT1G78620,-0.10196583602553531
AT1G78630,0.44707390487307924
AT1G78635,0.34823077132840063
AT1G78640,0.05591183803267242
AT1G78650,-0.3245432170348717
AT1G78660,-0.4009024815467149
AT1G78670,-0.12972946434998914
AT1G78680,-0.13381412533267065
AT1G78690,-0.5967737215556628
AT1G78700,0.35916337314088853
AT1G78710,-0.29291498116992504
AT1G78720,0.14935580434863382
AT1G78730,-0.37424272225704386
AT1G78740,-0.12896191366049245
AT1G78750,0.3610794820763798
AT1G78760,0.011980058256015006
AT1G78770,-0.24628866902252816
AT1G78780,-0.3303370641430401
AT1G78790,0.019440804865469702
AT1G78800,0.49146947210255026
AT1G78810,0.22806054433306203
AT1G78815,-0.07518720704853227
AT1G78820,0.4027704060213258
AT1G78830,0.020229710725991983
AT1G78840,0.021728338325195894
AT1G78850,-0.044742565068259146
AT1G78860,-0.3186115385673562
AT1G78865,-0.17677110192873383
AT1G09833,
AT1G78870,0.4642142171428557
AT1G78880,-0.22736055497051472
AT1G78890,0.30366657606564307
AT1G78895,0.1874673206677372
AT1G78900,0.2050218256428122
AT1G78910,-0.0244832398020262
AT1G78915,0.43915987778793314
AT1G09837,
AT1G78920,-0.21468370158827838
AT1G78922,0.0416726342659943
AT1G78930,0.02333218137399958
AT1G78940,0.3210021223555342
AT1G78950,0.3142261831635046
AT1G78955,-0.28558599481017855
AT1G78960,0.2696092102136867
AT1G78970,-0.018007218851686168
AT1G78980,0.005465175750831689
AT1G78990,0.37341095521428325
AT1G78995,0.34702764870679725
AT1G79000,-0.21945356479435552
AT1G79010,-0.4758088996241161
AT1G79020,0.3169993849964051
AT1G79030,-0.037004590911411374
AT1G79040,-0.3881769571734639
AT1G79050,-0.2880156263891991
AT1G09843,
AT1G79060,0.24111815777106801
AT1G79070,-0.21670529972420827
AT1G79075,-0.13614205089277687
AT1G79080,0.16310700077732976
AT1G79090,-0.6259521785972584
AT1G79100,0.3925448346583408
AT1G79103,-0.1146217720672378
AT1G79110,0.10623066742409325
AT1G79120,0.32261061000483543
AT1G09847,-0.320046760559727
AT1G09853,-0.2135525683938371
AT1G09857,0.1475515153510479
AT1G79130,0.012323601167240333
AT1G79150,-0.30410845255656943
AT1G79160,0.1714796651628726
AT1G79170,0.473578627660877
AT1G79180,-0.45218044115247946
AT1G79190,-0.1305768892850421
AT1G79200,-0.29258100157193184
AT1G79210,0.0993237811825329
AT1G79220,-0.06555171852294059
AT1G79230,0.46459999284236586
AT1G79240,0.031246063269230562
AT1G79250,-0.02251049600766131
AT1G79260,0.017445016760432194
AT1G79270,-0.197482670822612
AT1G79280,-0.0743868533975562
AT1G79290,0.11154484140907237
AT1G79300,
AT1G79310,-0.025410247241273907
AT1G79320,0.0944355084597915
AT1G79330,-0.43124340242376197
AT1G79340,0.5679576597156599
AT1G79350,-0.3314213884612447
AT1G79360,-0.9207489331763291
AT1G79370,0.16700040108866313
AT1G79380,-0.23865273205508447
AT1G79390,0.36163563808666693
AT1G79400,0.09599910084118428
AT1G79410,-0.10579187747511944
AT1G79420,0.09060953508084907
AT1G79430,-0.19021308217924288
AT1G79440,-0.190239136474899
AT1G79450,-0.1653897322115213
AT1G79460,-0.17154773130951786
AT1G79470,-0.22251143918242644
AT1G79480,0.46784080937284517
AT1G79485,
AT1G79490,-0.28638221443478706
AT1G79500,-0.06931437707683163
AT1G09863,-0.367021245209691
AT1G79510,0.22824475756770468
AT1G09867,-0.09190585973603067
AT1G79520,0.2697261762779529
AT1G09873,
AT1G09877,
AT1G09883,
AT1G79529,-0.44436976314158666
AT1G79530,-0.20094973661554172
AT1G79540,0.0034898546386738644
AT1G09887,
AT1G79550,0.22000432879264364
AT1G79560,-0.5612797079221729
AT1G09893,
AT1G79570,-0.34448855478850177
AT1G79580,0.2497108513763648
AT1G79590,0.4702563534309964
AT1G79600,-0.32920144590203104
AT1G79610,0.3404631649488206
AT1G79620,-0.19733502547418846
AT1G79630,0.03459922546671885
AT1G79640,0.015738742257799677
AT1G79650,-0.4688164516338269
AT1G79660,0.1612716471105224
AT1G09897,
AT1G79670,0.04587531248038326
AT1G09903,
AT1G79680,-0.13119010947513926
AT1G79690,-0.3313720016387541
AT1G79700,0.10629851327073504
AT1G09907,
AT1G79710,-0.07821028386437613
AT1G79720,0.37837025342050085
AT1G09913,
AT1G79730,-0.40864871031436534
AT1G79740,-0.4634371228875155
AT1G79750,0.4238996915882875
AT1G79760,0.07181172459446608
AT1G79770,0.3617051723468926
AT1G79780,0.2061743451404591
AT1G79790,-0.5689999239189761
AT1G79800,0.26343628077049075
AT1G79810,-0.3006260811338457
AT1G09917,
AT1G79820,0.2493382686719998
AT1G09923,
AT1G79830,-0.41146443297803853
AT1G79840,-0.1950504682313698
AT1G79850,
AT1G09927,
AT1G79860,0.21911258756105373
AT1G79870,0.3698568681069649
AT1G79880,0.4799090562595488
AT1G79890,0.0797751953985529
AT1G79900,-0.2510251073735128
AT1G79910,-0.5586399956497962
AT1G79915,0.3014836842497816
AT1G79920,-0.509348917644739
AT1G79930,-0.23944883954573482
AT1G79940,0.10424532741473481
AT1G79950,-0.42355287346638626
AT1G79960,
AT1G09937,0.4556738662805912
AT1G79970,0.19706376218297356
AT1G79980,0.11724611683815185
AT1G79985,-0.10389774010319285
AT1G79990,-0.2738767670259049
AT1G09947,
AT1G80000,-0.6541456440535485
AT1G80010,0.17437586628711704
AT1G80030,0.047720871177509845
AT1G80040,-0.26817562285040614
AT1G80050,0.056071489346731895
AT1G80060,0.09084034669969418
AT1G80070,-0.22777254502566574
AT1G80080,0.1115552390154605
AT1G80090,-0.549118373019139
AT1G80100,-0.03088736143039998
AT1G80110,-0.12384501984586198
AT1G80120,-0.4404130902744358
AT1G80130,0.07573061537162153
AT1G80133,0.08045695318654346
AT1G09953,0.0485678232212034
AT1G09957,
AT1G80140,0.11134921032150559
AT1G80150,-0.09735640074126964
AT1G80160,-0.08241426658746981
AT1G80165,
AT1G80170,0.3587246925469525
AT1G80180,0.09764936852641773
AT1G80190,-0.19967576225858766
AT1G80200,-0.058216837420414204
AT1G80210,0.18892978368869143
AT1G80220,0.11458064023111394
AT1G80230,0.29792569682715386
AT1G80240,0.08567730200445431
AT1G80250,-0.00548992903698953
AT1G80245,-0.05307989650526184
AT1G80260,-0.24438546967048166
AT1G80270,0.33024754277766283
AT1G80280,-0.3787741829276848
AT1G80290,-0.002164953930216591
AT1G80300,-0.027037025334536724
AT1G80325,-0.4761783537550803
AT1G80310,
AT1G80315,
AT1G80320,
AT1G80330,-0.0068499475623328
AT1G80340,0.003497942103695878
AT1G80350,0.23296061626316908
AT1G80360,0.4856832231808479
AT1G80370,-0.009830097589511963
AT1G80380,0.03176228333875462
AT1G80390,-0.10583800894035314
AT1G80400,-0.10987726636571311
AT1G80410,-0.3543659452472911
AT1G09963,
AT1G80420,0.09414632132690622
AT1G80430,
AT1G09967,-0.1977944173888404
AT1G09973,0.04471517673517685
AT1G80440,-0.37413846818428853
AT1G80450,0.11117309195117017
AT1G80460,-0.23397185762073067
AT1G80470,0.16665280249692077
AT1G80480,0.5734172844879972
AT1G80490,-0.21209924612211517
AT1G80500,-0.0293344970688135
AT1G80510,0.057017361212550965
AT1G09977,-0.3243953813309893
AT1G80520,-0.03649605651730506
AT1G80525,0.06338164640194671
AT1G80530,0.006643420969204136
AT1G80540,0.1716023861638003
AT1G80550,-0.003031429363691092
AT1G80555,0.08331102578666941
AT1G80560,0.041423861918272485
AT1G80570,-0.2263631669603526
AT1G80580,0.17079828605917796
AT1G80590,0.07176672821918785
AT1G09983,
AT1G80600,0.004397256314568621
AT1G80610,0.4896396381526877
AT1G80620,-0.1735917585286268
AT1G80625,0.01576238853286604
AT1G80630,-0.593470550802861
AT1G80640,0.09735183685442099
AT1G80650,-0.7733735723024715
AT1G80660,-0.11951166432003552
AT1G80670,0.3407738731057399
AT1G80680,-0.3444477510394672
AT1G80690,0.09159008874026146
AT1G80700,0.1693523751235571
AT1G80710,0.1455636633453653
AT1G80720,0.051622104683946526
AT1G80730,0.07981988756361114
AT1G80740,0.5018940412445199
AT1G80745,0.3500061399391854
AT1G80750,0.6234602094996644
AT1G80760,-0.20312682362997078
AT1G80770,0.05123963758603957
AT1G80780,0.4807897734787333
AT1G80790,-0.22448746971845734
AT1G80810,-0.24216155834314795
AT1G80820,-0.01946499021503496
AT1G80830,0.42664620896049954
AT1G80840,-0.40947865997535343
AT1G80850,-0.5732692267404441
AT1G09987,
AT1G80860,0.5349625468732229
AT1G80865,0.10747726376518214
AT1G80870,0.5345311008155492
AT1G80880,-0.18059420776240204
AT1G80890,0.16695425049120688
AT1G09993,
AT1G80900,0.23008784821577244
AT1G80910,0.28327896573110395
AT1G80920,0.21685321266322605
AT1G80930,-0.4573534122172341
AT1G80940,-0.08659502947883504
AT1G80950,-0.0433729458943983
AT1G80960,-0.20926504801046855
AT1G09997,
AT1G80970,-0.02104796823339501
AT1G80980,0.13294691411959958
AT1G80990,0.11423230865300693
AT2G01008,0.3737200225354487
AT2G03855,-0.42310890965117415
AT2G01010,0.2731466429531031
AT2G01020,-0.2492417949373188
AT2G01021,0.05510458205259107
AT2G01023,0.13585789681637003
AT2G01035,-0.0804531766585163
AT2G01045,-0.14999883128050362
AT2G01050,-0.7383189221650692
AT2G03885,0.40476111765992234
AT2G01060,0.42263026002283544
AT2G01070,-0.18102921286449153
AT2G01080,-0.48467731565308225
AT2G01090,0.625462091830517
AT2G01100,-0.2244732389648388
AT2G01110,0.16730780772439477
AT2G03895,
AT2G01120,0.14170448024476878
AT2G01130,0.1570855804027386
AT2G01140,-0.06867527670213815
AT2G01150,0.1517574816508611
AT2G01160,
AT2G01170,-0.1426795690874673
AT2G01175,0.002256412624315171
AT2G01180,0.15436394887645344
AT2G01190,-0.04572675342603855
AT2G01200,-0.020294463532874597
AT2G01210,-0.12755078678555276
AT2G03905,0.13938820978700514
AT2G01220,-0.326518615191406
AT2G01240,-0.05605480340710035
AT2G01250,-0.37013151403674527
AT2G01260,0.10566481523382487
AT2G01270,-0.05033460022448902
AT2G01275,0.025633603679643235
AT2G01280,-0.18130240628876454
AT2G03925,
AT2G01290,0.28162503996384725
AT2G01300,0.2759138100873803
AT2G01310,0.10164606547455383
AT2G01320,-0.48549699494898896
AT2G01330,0.2370066962915795
AT2G01340,6.375415552310739e-05
AT2G01350,-0.011589310116900151
AT2G01360,-0.33983188405598824
AT2G01370,-0.39090277499813475
AT2G01379,0.09833396808881076
AT2G03945,
AT2G01390,0.01970425845955901
AT2G01400,0.16946657523896846
AT2G01410,0.14912608057159085
AT2G03975,
AT2G03985,0.08976082261585076
AT2G01420,0.34489922165821124
AT2G01422,-0.2419026124333702
AT2G01430,-0.2926432626679365
AT2G01440,0.26058720423353127
AT2G03995,
AT2G01450,-0.4070189583747524
AT2G01460,0.265695015588244
AT2G01470,0.020507839218008753
AT2G01480,0.27649068829290013
AT2G01490,0.05236137668828618
AT2G01500,0.19099096226116286
AT2G01505,0.30684260142003983
AT2G01510,-0.4096904461788002
AT2G01520,0.27695688455504935
AT2G04005,0.2949296048594605
AT2G01530,-0.7174863695537513
AT2G01540,0.3279224068924612
AT2G01554,-0.07664897728312399
AT2G01560,-0.0477643101966091
AT2G01570,0.5068723475391502
AT2G04015,0.14967399111035207
AT2G01580,0.03787248767304303
AT2G01590,-0.3827999575545306
AT2G01600,0.41593271006821825
AT2G01610,-0.44432494529909217
AT2G01620,-0.13533726706860752
AT2G01630,0.235773772901905
AT2G04065,
AT2G01640,-0.13634071980434512
AT2G01650,-0.08107465368660194
AT2G04075,
AT2G04085,0.17898400963780967
AT2G01660,-0.08656101332415381
AT2G01667,0.24254999482756295
AT2G01670,9.298386445669718e-05
AT2G01680,-0.008600785834269438
AT2G01690,-0.09069264463861783
AT2G01710,0.10906404994457831
AT2G01720,0.0011741176077702923
AT2G01730,-0.23882122560453561
AT2G01735,-0.4001991760080702
AT2G01740,0.37901467221863283
AT2G01750,0.6663064787419858
AT2G01755,
AT2G01760,-0.23474645881201514
AT2G01770,-0.06982677459066153
AT2G01780,0.4057149493205852
AT2G04095,0.2794932106419738
AT2G01790,-0.2813541010893773
AT2G01800,-0.017223706673008144
AT2G01810,0.46729768911533176
AT2G01818,-0.6590437513166121
AT2G01820,0.20986431497181054
AT2G01830,-0.19815489526738403
AT2G01850,0.3189708201783781
AT2G01860,-0.3771928956399345
AT2G04125,
AT2G01870,-0.5259781040934395
AT2G04145,0.10460835357724531
AT2G01880,-0.053095477006720744
AT2G01890,-0.10221584294454913
AT2G01900,-0.5325785235595061
AT2G01905,0.31094129598467374
AT2G01910,-0.01831806928047603
AT2G01913,-0.14070865731199025
AT2G01918,-0.22391495585384272
AT2G01920,-0.05976792578423628
AT2G01930,0.1805033138863781
AT2G01940,-0.2871752720056186
AT2G01950,-0.05166418929027652
AT2G01960,-0.33211750850247407
AT2G01970,-0.2901519522863951
AT2G01980,0.3483964714646515
AT2G01990,-0.6073701252320491
AT2G02000,0.1955539792649327
AT2G02010,-0.15296235596785052
AT2G04155,
AT2G02020,0.01398502468931837
AT2G02023,0.13843302086686413
AT2G02026,
AT2G02030,0.29722645600052544
AT2G04175,0.054633967611936785
AT2G02040,-0.17392483794099087
AT2G02050,-0.24516105396985555
AT2G02060,-0.02030678721179903
AT2G02061,-0.24997772314871552
AT2G02070,-0.20510436141318644
AT2G02080,0.03683387834272597
AT2G04185,0.3314760716867289
AT2G02090,-0.7087943319090179
AT2G02100,-0.6555206473213628
AT2G02103,-0.07021606128209688
AT2G02120,-0.0070732600871343
AT2G02130,0.25858980213497856
AT2G04195,-0.10066304782753706
AT2G02140,0.25863633224727406
AT2G02147,-0.021222240700689045
AT2G02148,-0.5151102009046794
AT2G02150,-0.039430348043401696
AT2G02160,-0.17010097946404618
AT2G02170,-0.3028969095241131
AT2G02180,-0.28318518514849156
AT2G04205,0.2442019940645643
AT2G04215,
AT2G02220,-0.3478871500432491
AT2G02230,0.17893507487554144
AT2G02240,0.28764461308664885
AT2G02250,0.5202239141784676
AT2G02280,0.03621531905393746
AT2G02290,-0.09720660385210722
AT2G02300,0.2796918406845019
AT2G02310,-0.05030955820055391
AT2G02320,0.3346321272163378
AT2G02340,-0.3415073872212053
AT2G02350,0.10598745831163264
AT2G02360,-0.21386824807264548
AT2G02370,-0.03526925785955679
AT2G02380,0.6056340254928813
AT2G02390,-0.2686860379688201
AT2G02400,0.14655387022244773
AT2G02410,-0.33484682353343753
AT2G02440,-0.0174733990915468
AT2G02450,0.05535071472245371
AT2G02455,
AT2G02470,0.38543057051893315
AT2G02480,-0.3276703382051317
AT2G02490,0.07467093191135057
AT2G02493,
AT2G02497,0.19084325876599953
AT2G02498,-0.08930526026740179
AT2G02500,0.6710811662036075
AT2G02510,-0.004302609053159656
AT2G02515,0.32029371664762946
AT2G02520,0.6271029799738979
AT2G02525,-0.10037258232733828
AT2G04225,-0.5780863821397539
AT2G02540,0.039307189856164056
AT2G02550,0.2888246351096468
AT2G02560,0.024408464617646862
AT2G02570,-0.025741835662113098
AT2G02580,0.2293334631031835
AT2G02590,0.14209598500477089
AT2G02600,
AT2G02610,0.2361139237037811
AT2G02620,0.03510989927286321
AT2G04255,0.08412085645830993
AT2G02630,0.013797253431392697
AT2G02635,0.30810260484038254
AT2G04265,
AT2G02640,-0.21327348943528682
AT2G02650,-0.45625837469350317
AT2G02660,0.14280514499876829
AT2G02680,0.014514301353873377
AT2G02690,-0.2643920131080377
AT2G02695,-0.011744497401839337
AT2G02700,0.04317500274359547
AT2G02710,0.13729218101557444
AT2G02720,-0.07057309278398768
AT2G04285,
AT2G02730,-0.36901026831139877
AT2G02740,-0.09768143047498659
AT2G02750,0.17808728679354802
AT2G02741,
AT2G04295,
AT2G02760,0.23595362164201636
AT2G02765,-0.44453851855393467
AT2G02770,-0.12377099952242963
AT2G04315,0.247773072845329
AT2G02780,-0.2970141900672838
AT2G02790,0.10662700418522385
AT2G04325,0.08110996840512986
AT2G02800,0.16326821886764303
AT2G02795,
AT2G02810,-0.09491715152048179
AT2G02820,0.3640894552503282
AT2G04335,-0.011333583112235661
AT2G04345,0.07001043762287534
AT2G04355,
AT2G02835,-0.046063433253765364
AT2G02840,0.4031196509442886
AT2G04365,0.12475780589710393
AT2G02850,-0.018904160083236192
AT2G02860,-0.2701377044154955
AT2G02870,0.6043357919927849
AT2G02880,0.26313919177895745
AT2G02890,0.1584406515075291
AT2G02900,-0.1553543268633815
AT2G02910,0.11008643537700392
AT2G04375,0.03823884001474017
AT2G04405,0.038077975480233284
AT2G02930,0.201144442062648
AT2G04435,0.12829194658798498
AT2G04455,
AT2G04465,-0.002202324697912136
AT2G02950,-0.35577664292136923
AT2G02955,0.21351751142551145
AT2G02960,0.675089937288535
AT2G02970,-0.20484650254513606
AT2G02980,0.26375292374194714
AT2G02990,-0.01041048227043544
AT2G03000,0.11153926047966298
AT2G03010,0.1627392447766216
AT2G03020,0.26087273110700643
AT2G03030,0.20186782670341905
AT2G03040,-0.22831912064226623
AT2G03050,-0.06710155702432562
AT2G03060,-0.040575065608408685
AT2G03070,0.09252820750302312
AT2G03090,-0.49684440594038165
AT2G03110,-0.09719858532264715
AT2G03120,0.10725496730405538
AT2G03130,0.28186585324806235
AT2G03140,-0.390665963123731
AT2G04485,0.3919292804107195
AT2G03150,0.020062858003374637
AT2G03160,0.09224224109953005
AT2G03170,-0.16396529038117508
AT2G03180,-0.3348195771222261
AT2G03190,0.08014104797004015
AT2G03200,-0.17284217105452052
AT2G03210,0.16236175896978391
AT2G03220,-0.5882758923500403
AT2G03240,-0.015581074687063963
AT2G03230,
AT2G04505,0.19156575313876284
AT2G03250,-0.02161791576426824
AT2G03260,0.1551122871713812
AT2G03270,-0.22329982331857162
AT2G03280,0.7194259127333713
AT2G03290,-0.17263013945681546
AT2G03300,0.17743423463202618
AT2G03310,-0.09079975362515498
AT2G03320,-0.34036647840419043
AT2G03330,0.6472133607955791
AT2G03340,0.14711029635467093
AT2G03350,0.01072279358951426
AT2G03360,0.4105003562282553
AT2G03370,-0.005344949017277794
AT2G03380,-0.1838483502842757
AT2G03390,-0.49619542546136575
AT2G03420,0.0507123480507536
AT2G03410,
AT2G03430,0.2572102730142428
AT2G03440,0.18820719429843089
AT2G03445,0.009954231355828633
AT2G03450,-0.3232956642285244
AT2G03460,0.05046855470622059
AT2G04525,
AT2G03470,-0.40547941253515574
AT2G03480,0.5027245095786153
AT2G03490,0.08613022812686254
AT2G03500,0.5397586947830828
AT2G03505,-0.08068587433376383
AT2G03510,-0.35077001076845976
AT2G03520,0.17655209729564228
AT2G03530,-0.7728667283516423
AT2G03550,-0.0293102611998679
AT2G03560,-0.09710602074104295
AT2G03565,-0.9064802169556648
AT2G03567,0.010484263408299225
AT2G03570,
AT2G03580,0.1098130253018889
AT2G03590,0.19190777098601539
AT2G03600,-0.18294946862087139
AT2G03610,0.033833889526841514
AT2G03620,0.15497563106622095
AT2G04535,
AT2G03630,0.1922379593997715
AT2G03640,0.13958328974794118
AT2G03660,
AT2G03667,-0.25408954495340963
AT2G03670,-0.3615319731054294
AT2G03680,-0.07908584384309009
AT2G04545,
AT2G03690,-0.2555352685524039
AT2G04555,
AT2G03700,0.16199427841341305
AT2G03710,0.27820705309087634
AT2G03720,-0.23807575793613742
AT2G04565,-0.05652339073588297
AT2G04575,
AT2G03730,0.040608720886001475
AT2G03740,-0.06821782601934642
AT2G03750,-0.0575739146549014
AT2G03760,0.41551443075122313
AT2G03770,0.11700800991386459
AT2G03780,-0.348593148301631
AT2G03790,0.03400221925772119
AT2G03800,0.05020107301199348
AT2G03810,-0.2641941739139273
AT2G03820,0.12043630926256321
AT2G03821,-0.8157682533665521
AT2G03823,
AT2G03822,0.09604699997842966
AT2G03830,0.01026893032486862
AT2G03840,0.30604549824509053
AT2G03850,0.27742712265402886
AT2G03870,0.5388697234099189
AT2G03880,-0.11968436962508035
AT2G03890,-0.10813967667368614
AT2G04595,-0.09480686770044104
AT2G03913,0.25553099709067345
AT2G03930,0.340588652228501
AT2G03932,0.32759416189272156
AT2G03931,0.24437614193457838
AT2G03933,-0.2522323405479091
AT2G04605,-0.6963585396783633
AT2G03936,0.14373885019891608
AT2G03937,-0.11087684612754761
AT2G04615,0.4842403581259286
AT2G04635,
AT2G03955,0.33913639249386596
AT2G04645,-0.06546698104085201
AT2G03965,-0.18866087952181754
AT2G04655,
AT2G03980,-0.26723197619101996
AT2G04020,0.09689086696388616
AT2G04025,0.1917806614650993
AT2G04030,0.042290389109360706
AT2G04665,0.3265521295201338
AT2G04685,-0.01577601886944266
AT2G04032,-0.14050294787203302
AT2G04034,-0.33351774381459226
AT2G04031,-0.23549224716920644
AT2G04037,-0.40240948230161433
AT2G04041,-0.07501284841549831
AT2G04695,-0.26446057493541003
AT2G04045,0.049730293708934475
AT2G04046,0.07812826847041274
AT2G04705,-0.23569146992897874
AT2G04038,-0.3966702042683193
AT2G04137,-0.02142375801022653
AT2G04039,-0.20124596800073122
AT2G04040,-0.12740427176461738
AT2G04050,-0.4035303369952949
AT2G04060,0.2662157894247767
AT2G04062,0.24800505883546806
AT2G04063,0.27578815416976615
AT2G04066,-0.6258297335644176
AT2G04070,-0.28291414963099015
AT2G04080,-0.25767444464782197
AT2G04090,-0.2951372076308247
AT2G04715,-0.3627189430254958
AT2G04100,-0.12301950366957526
AT2G04115,0.39149034814498856
AT2G04160,-0.21548220995957362
AT2G04725,
AT2G04170,0.5782834955943152
AT2G04735,0.5921008190112399
AT2G04190,-0.3972810115918496
AT2G04745,0.302474259830438
AT2G04220,0.2623517868465705
AT2G04230,-0.23214775279078653
AT2G04235,-0.5857208241781968
AT2G04240,-0.03470481313850759
AT2G04270,-0.4448174456850635
AT2G04280,0.2564554030213508
AT2G04755,
AT2G04765,-0.17166095613638524
AT2G04300,0.06941723401921039
AT2G04305,-0.2989298831274146
AT2G04340,0.30522665573012525
AT2G04350,-0.1358062218621957
AT2G04360,0.04550109992809309
AT2G04378,-0.6968236270548517
AT2G04380,
AT2G04390,-0.2213790124573602
AT2G04395,-0.1781743459971047
AT2G04400,-0.45387321605303493
AT2G04410,-0.39745022929455126
AT2G04420,0.2923365471557579
AT2G04425,0.3963632649823915
AT2G04430,0.13105755781324596
AT2G04440,0.1400660678965358
AT2G04450,0.18400431716686913
AT2G04480,-0.0013212116222609963
AT2G04495,-0.5060121456004844
AT2G04500,0.23123473177417883
AT2G04515,-0.009649172568018996
AT2G04520,-0.1994625366337543
AT2G04530,-0.31628723190254304
AT2G04540,-0.44622529246663734
AT2G04550,-0.09953354300804985
AT2G04560,0.15325526080591864
AT2G04570,-0.3552011679837717
AT2G04775,-0.04129996792746056
AT2G04785,
AT2G04805,0.07929190371359149
AT2G04620,0.3315581431441835
AT2G04621,
AT2G04622,-0.3526542587258364
AT2G04630,-0.24234025207169413
AT2G04650,-0.13057199219451207
AT2G04660,-0.2239519020352612
AT2G04675,0.5534361516205843
AT2G04680,-0.008265431940100628
AT2G04690,0.753997290362551
AT2G04700,-0.37673339572969367
AT2G04740,0.08920304963777467
AT2G04750,0.365248470252058
AT2G04780,0.2735924979878361
AT2G04790,0.11924235298854573
AT2G04795,-0.24507578520216497
AT2G04800,-0.0145370579558209
AT2G04810,0.4081788384422182
AT2G04830,0.18294327681771794
AT2G04815,-0.008244231197973986
AT2G04840,0.4493160512778988
AT2G04842,-0.026152774847721192
AT2G04845,-0.18115250893035734
AT2G04850,-0.1626153598127641
AT2G04852,-0.10248314132230969
AT2G04860,-0.022895778381031913
AT2G04865,-0.2403916618563224
AT2G04870,0.3910903749513496
AT2G04880,-0.19969167008851946
AT2G04890,-0.04560527687136638
AT2G04900,-0.8721307548984516
AT2G04910,-0.432767819048515
AT2G04920,-0.4486400051261696
AT2G04925,-0.21407742904330337
AT2G04930,0.2053179738522513
AT2G04940,-0.04767617239751679
AT2G04835,
AT2G04825,-0.09910074894406261
AT2G05050,-0.23663669934945616
AT2G05060,-0.3051266051576274
AT2G05070,0.08768046905729135
AT2G05100,-0.2795696456551614
AT2G05105,0.15525518837931895
AT2G04855,0.042040635787470054
AT2G05117,0.17057782346813521
AT2G04875,0.408525081871169
AT2G05120,-0.07907451422469798
AT2G05140,0.11027110644830149
AT2G05160,-0.17485933884612118
AT2G05170,0.16351628654127515
AT2G05180,-0.31031259568633945
AT2G05185,-0.03913776492925984
AT2G05210,-0.187507593819537
AT2G05220,-0.3689565767526211
AT2G05230,0.924090467262889
AT2G05250,-0.15619943849534773
AT2G05260,0.6972517642445571
AT2G05270,-0.011532678082084849
AT2G04885,-0.4834518640912083
AT2G05294,-0.11724580170863377
AT2G05310,0.19134514989178514
AT2G05320,-0.046680458735959086
AT2G05330,0.17654392238249936
AT2G05335,0.21689541817411348
AT2G04895,-0.004157816293008285
AT2G05350,-0.18255614023080402
AT2G05360,-0.14348816360232286
AT2G05370,-0.33969595762034793
AT2G05380,0.021707695953014968
AT2G05400,0.2196122731581837
AT2G05410,0.1217181022498901
AT2G05420,-0.1845392662994437
AT2G05430,0.15870250198572997
AT2G05440,-0.19067382030345373
AT2G04905,0.20087626606122347
AT2G05510,0.057554253469653184
AT2G05518,0.12765734458050507
AT2G05520,-0.4121847025216939
AT2G05530,-0.8556498116744125
AT2G05540,-0.0994773426535101
AT2G05580,-0.0820275201150573
AT2G04915,0.20390392290102866
AT2G04935,-0.006039613634378558
AT2G05590,0.00703060952523623
AT2G05600,0.09436804771586706
AT2G05620,0.5617892031671815
AT2G05630,0.22663899170156207
AT2G05632,-0.7744261233925253
AT2G05635,-0.616195778044043
AT2G05642,-0.2731692092935676
AT2G05645,-0.2526218398045741
AT2G05655,0.13468444512111494
AT2G04945,
AT2G05710,-0.4415134642976592
AT2G05720,0.17491598163237373
AT2G05752,-0.5533728634453301
AT2G05755,0.032996640972222165
AT2G05753,
AT2G05760,-0.16101168267110424
AT2G05765,-0.2284580222123325
AT2G04955,-0.5775866628237971
AT2G04965,0.4207615877160342
AT2G04975,-0.19237987027339
AT2G04985,0.05192744035080757
AT2G04995,-0.09286132972183216
AT2G05786,-0.06410028586058347
AT2G05790,0.23258255857165863
AT2G05005,-0.12287089833503963
AT2G05810,0.7808160804253262
AT2G05812,-0.22451892696990322
AT2G05830,-0.3091853816329816
AT2G05840,0.17388319112804976
AT2G05850,0.059436915214034804
AT2G05900,0.47936865032051296
AT2G05910,-0.4340914658660363
AT2G05914,-0.2755910821943767
AT2G05915,
AT2G05920,-0.2661175399441316
AT2G05940,0.12198999973646849
AT2G05970,0.33887323082310933
AT2G05990,-0.06347952510793643
AT2G05995,-0.6928110045695428
AT2G06000,-0.33122417978111374
AT2G06002,-0.10477595106986308
AT2G06005,-0.48436458966686563
AT2G06010,0.35565129171683385
AT2G06020,0.17184975520174764
AT2G06025,-0.03312146329244323
AT2G06040,-0.39402558821076317
AT2G06050,0.2673844583211303
AT2G06090,0.12094550105208801
AT2G06095,-0.10704534884593886
AT2G06105,-0.11372041083870996
AT2G06166,0.20482694745339391
AT2G06200,0.1706111516040593
AT2G06210,-0.4641736633751106
AT2G06255,-0.04582088631173417
AT2G06265,0.28755656041167144
AT2G06420,-0.20557106218197765
AT2G06425,-0.11988556255511591
AT2G06500,-0.20585436580958408
AT2G06510,-0.14998701986089924
AT2G06520,0.1700043138682154
AT2G06530,0.2981970944264572
AT2G06541,0.4499782199312434
AT2G06555,-0.5434705148669509
AT2G06562,-0.3342013799994011
AT2G06565,0.10467294322852959
AT2G06570,0.3644300322811088
AT2G06645,-0.04307670715911054
AT2G06667,-0.4660855143112542
AT2G06675,-0.3719054993925963
AT2G05015,0.14718898886571635
AT2G06845,-0.3439880873847029
AT2G06850,-0.1097298053336876
AT2G06904,-0.525353388403214
AT2G06906,0.06474638268259567
AT2G06908,-0.23044565219477725
AT2G06925,-0.373307511271045
AT2G05035,0.2454204311233062
AT2G05045,-0.08906125896636352
AT2G06960,0.41445135925868604
AT2G06983,0.06743917612520442
AT2G05065,0.12693519100642564
AT2G06990,-0.28050781971063693
AT2G07000,0.03915925718670322
AT2G07020,-0.16544428330649533
AT2G07040,-0.6097100573998533
AT2G07042,0.23429267375273183
AT2G07050,0.04535531287707808
AT2G05075,-0.43426038814015877
AT2G07110,0.17376369567609037
AT2G07120,-0.07013634484027984
AT2G07140,0.07039298165553401
AT2G05085,-0.10224257617471103
AT2G07170,-0.2524823765625816
AT2G05095,0.09156481055002809
AT2G05125,0.051406265159290886
AT2G07180,0.3559490185781763
AT2G07190,0.02930699173624706
AT2G07200,-0.1622724970565185
AT2G07213,0.0003057034259170968
AT2G07215,
AT2G07240,-0.5330392929196996
AT2G07280,-0.08419057184630237
AT2G07290,0.1912241635546705
AT2G07310,-0.12722564699637395
AT2G07340,0.052597464425754754
AT2G07360,0.16964788105711726
AT2G07440,0.18771484277755143
AT2G07505,0.5291746274034533
AT2G07560,0.22175294124456693
AT2G07565,-0.5047028762594683
AT2G07640,0.2147849402693272
AT2G07771,
AT2G07773,0.1613818777548645
AT2G07655,-0.6658984578622253
AT2G07776,
AT2G07749,-0.07968780820572012
AT2G05145,
AT2G07777,0.18101853559144299
AT2G07671,0.8072089741531221
AT2G07779,0.2615417820974408
AT2G07743,
AT2G07672,-0.06688036741251457
AT2G07613,0.44916622916627713
AT2G07684,
AT2G07617,
AT2G07621,0.16573932226427146
AT2G05155,-0.3509198164399686
AT2G07673,-0.1329481923151011
AT2G07745,
AT2G07674,0.0783803588385162
AT2G07751,-0.17130482934104213
AT2G07675,
AT2G07676,0.3729641084597833
AT2G07768,0.10332530380885369
AT2G07746,
AT2G07623,
AT2G07748,
AT2G07678,-0.020846443086684707
AT2G07669,-0.35010773118047384
AT2G07625,
AT2G07681,-0.7330752292410748
AT2G07626,0.27433494311019846
AT2G07627,
AT2G07772,0.030823783267621065
AT2G07628,
AT2G07752,
AT2G07753,
AT2G07754,
AT2G07774,0.3733681402397278
AT2G07687,-0.16990902221294724
AT2G07629,-0.30195096695880536
AT2G07631,0.005041740367446257
AT2G07632,0.49194950506348933
AT2G07755,
AT2G07633,0.4878451289068888
AT2G07792,-0.09939548555967198
AT2G05205,
AT2G05215,
AT2G07689,0.3967270674266806
AT2G07634,
AT2G07691,
AT2G07636,0.09981301761983051
AT2G05245,
AT2G07692,
AT2G07637,0.20441475646539248
AT2G07695,-0.2682213053979274
AT2G07785,
AT2G05255,
AT2G07599,0.3344021443160199
AT2G07696,-0.30435909635233094
AT2G07798,0.28790867596149994
AT2G07698,-0.20591556365377991
AT2G07667,0.3205622846136418
AT2G07793,
AT2G07701,
AT2G07702,0.011965019870563426
AT2G07638,0.2956112417882483
AT2G07705,
AT2G07706,0.2616738382519713
AT2G07794,
AT2G07707,
AT2G07708,-0.07530468669047977
AT2G07641,
AT2G07642,0.3665220374771262
AT2G07643,0.05271242201811707
AT2G07644,-0.4048840847217569
AT2G07713,
AT2G07714,-0.12710160123996264
AT2G07646,-0.014467126055543908
AT2G07715,-0.2777101221066738
AT2G07718,0.14962570035133757
AT2G07648,0.07196479350899973
AT2G07719,
AT2G07721,0.09785806853204417
AT2G05315,
AT2G07722,0.23430327011712157
AT2G07652,
AT2G07815,0.12033689363533172
AT2G07756,
AT2G07724,-0.44499215627046473
AT2G07725,-0.12369380323250283
AT2G07727,0.2355975119121302
AT2G07757,
AT2G07728,-0.21612240902016147
AT2G07654,-0.16296497330686183
AT2G07820,
AT2G07656,-0.2969144746383717
AT2G07758,
AT2G07732,-0.34075679144750237
AT2G07734,0.24481010659801172
AT2G07825,
AT2G07827,0.040604327777874386
AT2G07830,
AT2G07787,0.06663237311944323
AT2G07658,
AT2G07659,0.1659474193122353
AT2G07775,0.4980050714357784
AT2G07661,
AT2G07806,0.26106900005543415
AT2G05355,
AT2G05365,0.04811654377420888
AT2G07738,-0.11260138673725033
AT2G07795,0.045671614701170246
AT2G07759,
AT2G07761,
AT2G07762,
AT2G07763,-0.10931336447792732
AT2G07739,-0.23212140999899242
AT2G07764,
AT2G07662,-0.30359459770576147
AT2G07765,
AT2G07665,-0.34758766700277705
AT2G07835,-0.21874210326008864
AT2G07741,-0.012369624227102248
AT2G07766,
AT2G05395,0.34542773991439896
AT2G07680,0.5878450571883937
AT2G05405,
AT2G05415,
AT2G07690,0.20997516683593254
AT2G05425,-0.0909975256469301
AT2G05445,0.041569742934923444
AT2G07750,-0.5865182346643453
AT2G07760,-0.17794227379932392
AT2G07800,-0.006761892866715619
AT2G07810,0.36381967895018075
AT2G07981,-0.6591094178988852
AT2G08986,-0.6296584103277354
AT2G09388,0.08438233875322229
AT2G09795,0.25095659314245294
AT2G09838,0.23563437158031475
AT2G09840,-0.303865382153106
AT2G05455,0.06114362980704341
AT2G09970,-0.34685996446672257
AT2G09990,0.3749901105614457
AT2G10020,0.32251141122618965
AT2G10025,-0.006274311471840159
AT2G05465,0.5003250877836232
AT2G05485,
AT2G05495,0.1094820225031895
AT2G10260,-0.4791089083446612
AT2G05505,0.1351237410190882
AT2G10440,0.0048729928405615575
AT2G05515,0.06390610841667854
AT2G10450,0.18765703475606513
AT2G05525,0.29156097156655225
AT2G05535,0.1836229902834401
AT2G10455,0.15653807880946613
AT2G05545,0.17279985068617174
AT2G10535,0.2458615477333248
AT2G10537,0.16294931154120607
AT2G10545,-0.23461415816627165
AT2G10550,0.19260172329437006
AT2G10553,-0.25498477668822067
AT2G10556,-0.6252721552902624
AT2G10557,0.39974744877982166
AT2G10560,0.062259605200720734
AT2G10602,-0.025222233378340113
AT2G10606,0.1474940036242366
AT2G10608,-0.16576866518474945
AT2G05555,-0.15978131345356186
AT2G05565,0.2015206228427012
AT2G10615,-0.21519496917443734
AT2G05575,
AT2G05585,0.007668256579753648
AT2G10625,0.16509369636456817
AT2G10920,0.33311940084869296
AT2G10921,-0.05840963470589687
AT2G10930,-0.5649669882112891
AT2G10931,0.32789810543855996
AT2G10940,-0.6223423300234678
AT2G10950,-0.22477155379652014
AT2G10955,-0.5511197534458382
AT2G10965,0.012060208849951421
AT2G10970,0.17579246674398935
AT2G10975,0.07317377058979949
AT2G11000,-0.2378601335924041
AT2G11005,0.22676987698350656
AT2G11010,-0.2298506541260065
AT2G11015,0.4958149774892398
AT2G11025,0.2020779172075279
AT2G11035,-0.32110070951107705
AT2G11045,0.4312266494550622
AT2G11200,0.22285939437756103
AT2G11205,0.4949196594520881
AT2G11215,0.7016271910723284
AT2G11225,-0.4813733494658867
AT2G11270,0.2926698914303246
AT2G11271,
AT2G11405,-0.3556217836923852
AT2G11462,0.5151522556586384
AT2G11520,-0.04849542459296969
AT2G11522,-0.2558814143315055
AT2G11570,-0.04010780107050351
AT2G11620,-0.1757573799321544
AT2G11623,0.05949820762077771
AT2G11626,-0.5940244669354693
AT2G05605,-0.20377580653010968
AT2G11773,-0.3075912745953802
AT2G11778,-0.2692367174379063
AT2G11810,-0.2965385029418206
AT2G11815,0.031197366205276036
AT2G05615,0.1438612511767143
AT2G11851,-0.09602367863087467
AT2G11852,
AT2G05625,0.2250019316542875
AT2G11890,0.05928019057965834
AT2G11891,0.0001724682967877536
AT2G11910,-0.37189138496174057
AT2G05665,0.05647438371898503
AT2G05675,
AT2G12170,0.14121305463562098
AT2G12190,0.16709590850887637
AT2G12200,0.0985617714834653
AT2G12205,0.2584333999959203
AT2G12280,-0.15361533546531783
AT2G12290,-0.21812550093690086
AT2G05685,0.4591816560076608
AT2G12400,-0.2872286581515097
AT2G05695,-0.37497321305204495
AT2G12405,0.01894210830281661
AT2G05705,-0.05356229919847772
AT2G05725,0.17670158366763708
AT2G05785,0.200482852809978
AT2G12461,-0.09174985223009398
AT2G12462,0.22693787736028448
AT2G12465,0.12242727437116371
AT2G12475,0.19713545142605055
AT2G12480,0.4408733741943645
AT2G05815,0.036523895976721184
AT2G05825,-0.24381050059550535
AT2G05835,
AT2G12550,-0.2855789880779747
AT2G12646,-0.19370565066765913
AT2G12875,-0.1614837787950299
AT2G12880,0.0952673039078692
AT2G12900,-0.7141038213521336
AT2G12905,0.24271751930815416
AT2G12935,0.06440567165073678
AT2G12940,0.3383628551734677
AT2G12945,0.25972927704092363
AT2G13100,-0.09546047528193215
AT2G05855,-0.04259347122712928
AT2G13105,-0.21603775077160492
AT2G05865,
AT2G13125,0.35825071538361847
AT2G13126,0.1052861597571763
AT2G13150,-0.482197203081268
AT2G05875,0.1938645260551719
AT2G13275,0.12965655639997037
AT2G13290,-0.32772673267883934
AT2G13295,-0.08722898185940678
AT2G13350,-0.029690779241079573
AT2G13360,-0.615414772966338
AT2G13370,-0.2636952312603401
AT2G05885,-0.2522847544402763
AT2G05895,0.4995728847445442
AT2G13422,0.20534926687657104
AT2G13430,-0.5012905064324074
AT2G13440,-0.09280128263678691
AT2G13450,-0.5102637385734023
AT2G13463,0.004084288822243455
AT2G05905,0.20611014385033072
AT2G13500,0.370863792622709
AT2G13510,-0.6706986004175903
AT2G13540,-0.34745186752032714
AT2G13542,0.1983086182838765
AT2G13547,0.27445282654955766
AT2G13550,0.19452952516639602
AT2G13555,
AT2G13560,-0.5239902252819444
AT2G13570,-0.3931576279510401
AT2G05925,0.08046719665836613
AT2G05945,0.029952973181573063
AT2G05965,0.07497179500106049
AT2G05975,
AT2G06035,0.08502823221744127
AT2G13600,0.40241992066584137
AT2G13610,-0.012837373343496597
AT2G13620,-0.2875128496816671
AT2G13630,0.21847481769846994
AT2G13640,-0.22887837752919835
AT2G13650,-0.5700667701466217
AT2G13665,0.01603182316597509
AT2G13660,
AT2G13680,-0.3796686012727268
AT2G13690,-0.34542203275810957
AT2G13720,0.16386076712456424
AT2G13760,0.15128358508915787
AT2G06065,0.19575612307677684
AT2G13770,-0.19090958149110604
AT2G13790,0.09978486816181895
AT2G13800,0.36277620660407667
AT2G13810,0.09849279965600502
AT2G13820,0.3190402055135248
AT2G13840,0.3939972611379944
AT2G13845,0.16357383891679975
AT2G13895,-0.044708769226652754
AT2G13900,0.1345885315653037
AT2G13905,
AT2G06075,0.09257539501191034
AT2G13950,-0.2593452804289469
AT2G13960,-0.22215861716050414
AT2G13965,0.2363093663560111
AT2G13980,-0.1257170437253184
AT2G13985,0.34445926357117035
AT2G14000,-0.04136234406909519
AT2G14045,0.11906713392539094
AT2G14050,-0.013740116647519233
AT2G14060,-0.2351332044639491
AT2G14070,-0.004741881951015828
AT2G14080,-0.06567358210396163
AT2G14095,0.03488400559803519
AT2G14100,0.0195510140720934
AT2G14110,-0.12949446334093329
AT2G14115,0.4618189638807533
AT2G14120,-0.6208281030937296
AT2G14160,0.026870697578528547
AT2G14170,-0.2773783764488286
AT2G14210,-0.03365998410917756
AT2G14247,-0.3294591566693637
AT2G06085,
AT2G14255,-0.001475868214677514
AT2G14260,-0.11869083599654073
AT2G14265,0.07214067188764685
AT2G14270,0.19588701875784173
AT2G14282,-0.06799616907274193
AT2G14285,0.44849651130369667
AT2G14288,-0.08581991434037947
AT2G14289,0.13866011817819718
AT2G14290,0.3046972979151464
AT2G14365,0.07895215341061587
AT2G14378,-0.1612129459253957
AT2G14390,0.2322224693710884
AT2G14395,-0.3614478358022424
AT2G06135,
AT2G06115,0.3129381720018621
AT2G14440,0.1810957359176326
AT2G14460,0.44718850514349123
AT2G14500,0.4663103556954493
AT2G06145,0.10183399446945196
AT2G14510,-0.156583529305279
AT2G14520,0.22508675435193404
AT2G14530,-0.00552190583266172
AT2G06175,-0.35562082080782076
AT2G14540,-0.29509578716935453
AT2G06185,0.16270871732258038
AT2G14560,-0.5999929031242724
AT2G14580,-0.1381556176864473
AT2G14610,-0.5769842276326661
AT2G14620,-0.052756959565097634
AT2G14635,0.018423508689448965
AT2G14660,-0.3971211238756664
AT2G14670,0.13868370167826774
AT2G14680,-0.7291835935979082
AT2G06215,
AT2G14690,0.2884248798899934
AT2G14692,-0.007074222609329426
AT2G14695,0.12221398989305542
AT2G14700,-0.5633647822832033
AT2G14710,0.36125597306712787
AT2G14720,-0.30460623058611297
AT2G14740,-0.6097184021492797
AT2G14750,-0.6768793352210031
AT2G14755,0.48100441971078534
AT2G14760,0.016556983517199426
AT2G14765,0.10967382866863395
AT2G06225,0.06889489395041255
AT2G14775,-0.2213000271422306
AT2G14800,-0.2218056424983275
AT2G14810,-0.25562944280067335
AT2G14820,-0.08976369932091448
AT2G14825,0.1626574746393941
AT2G14830,0.11177983427495142
AT2G14835,-0.24569355006074803
AT2G06275,-0.22724181353623074
AT2G14846,0.31263112925047365
AT2G14850,0.08028220042684028
AT2G14860,0.08122000414039128
AT2G14870,0.40076715767072285
AT2G14878,-0.23447600559585788
AT2G14880,-0.49364859395969546
AT2G14890,-0.19567381500044967
AT2G14900,0.0034717563138451975
AT2G14910,0.25164102676295547
AT2G14920,-0.22616479036694875
AT2G14935,0.17060668373464524
AT2G14945,0.11133109374118823
AT2G06305,0.1792349325953837
AT2G14960,-0.6114112164542458
AT2G15000,0.36914929041570865
AT2G15010,-0.2235319034380288
AT2G15020,-0.2130994284651917
AT2G15025,0.07500493819110986
AT2G06315,-0.08764055103659385
AT2G06345,0.09319070111895526
AT2G15029,0.10902939624556764
AT2G06355,-0.03437474476526275
AT2G15042,-0.6366720215939695
AT2G15050,-0.6667905561358233
AT2G15080,-0.4502236359666002
AT2G15090,-0.10754900839733139
AT2G06365,-0.4196359825071543
AT2G15110,-0.36403710903459957
AT2G15128,0.0019852691946885726
AT2G15130,0.09198832875936665
AT2G15170,-0.004548037017948648
AT2G15180,-0.594444963097758
AT2G06375,0.15165112634980782
AT2G15185,0.11032722265798726
AT2G15220,0.34903947147931474
AT2G06385,0.33719770190880416
AT2G15230,0.18795906968561682
AT2G15240,-0.6758558358516679
AT2G15260,-0.2101781495779939
AT2G15270,-0.2005514318936946
AT2G15280,0.10745440694046046
AT2G15290,-0.24180962537419393
AT2G15292,-0.3500382659790556
AT2G06395,-0.20683250151388768
AT2G15300,0.6568407114414685
AT2G15310,0.38322907219464103
AT2G15318,-0.6711957078113061
AT2G06405,-0.09821760338094866
AT2G15320,0.04782993253615234
AT2G15325,0.41294840785362424
AT2G15327,0.245082799723766
AT2G15340,0.06655382152432537
AT2G06415,0.23519212364219755
AT2G15345,-0.6078923455014072
AT2G15350,0.12398968870515646
AT2G06435,-0.013011972997166409
AT2G15360,-0.13473191092182746
AT2G15370,0.002966035013901201
AT2G15390,-0.544988406186713
AT2G15400,0.1297441931658219
AT2G15420,-0.46245634418504067
AT2G15430,-0.6185231967734449
AT2G06445,-0.09203055411935257
AT2G15440,0.2424916376388416
AT2G15450,-0.20683091275016546
AT2G15460,0.16529638562828367
AT2G15470,0.2249379781007648
AT2G15480,-0.17549804495903856
AT2G15490,
AT2G15500,-0.5911238008316284
AT2G15530,-0.1851296796109875
AT2G15535,0.10134117207404748
AT2G06455,0.13499937287741678
AT2G15555,-0.19757793288692055
AT2G15560,0.20355579537877042
AT2G15570,0.049424302597352254
AT2G15580,-0.07755741865156844
AT2G15590,0.00971568403860643
AT2G15610,-0.0659847911915694
AT2G15620,-0.5277696975684998
AT2G15630,-0.07482027102864547
AT2G15640,0.06577274136280833
AT2G15660,-0.0737150648783252
AT2G15670,-0.060340872133653495
AT2G15680,
AT2G15690,-0.048953505043267474
AT2G06465,
AT2G15695,0.23982543884087756
AT2G15710,-0.019274252552648037
AT2G15730,-0.16383246621259806
AT2G15740,0.4192959669304344
AT2G15760,-0.5233421874242004
AT2G15770,0.2654190422922086
AT2G15780,-0.36727579495266804
AT2G06475,0.43955070596532303
AT2G06485,-0.053583906050933806
AT2G15790,-0.21233683996130115
AT2G15820,0.19864362067814467
AT2G15830,-0.660086724858676
AT2G06495,0.04778407593011885
AT2G15860,-0.7274123864827452
AT2G06505,-0.017693619726429945
AT2G15880,0.02564522585945779
AT2G15890,0.301906920019702
AT2G06515,-0.0021271045086205848
AT2G15900,0.2269635154182747
AT2G15910,-0.021346391475282094
AT2G06525,
AT2G15950,0.142317631226554
AT2G15960,0.2979677793955971
AT2G15970,0.0569384962663385
AT2G15980,-0.2895354223028731
AT2G16005,-0.15963273137934572
AT2G16015,0.38073546952277865
AT2G16016,0.18579579134089774
AT2G06535,0.2902535814321341
AT2G16018,-0.3813096781634863
AT2G16019,
AT2G16020,
AT2G16030,-0.4034838265527195
AT2G16040,-0.07705442930781346
AT2G06575,-0.3277186210770496
AT2G16050,0.344077344410124
AT2G16060,0.19524650388727313
AT2G16070,-0.04872385068411063
AT2G16090,-0.22938765937658392
AT2G16120,0.16184410559176587
AT2G16130,0.1816317134775126
AT2G16145,0.20263166062142346
AT2G16190,0.39106297533050255
AT2G16200,0.20358245547365314
AT2G06585,0.19794225893345507
AT2G16210,-0.24014139715398605
AT2G16220,0.29517404404172237
AT2G16225,-0.39604198294629733
AT2G16230,-0.4693167872217606
AT2G16240,0.031422120159312325
AT2G16245,0.0027327619397471688
AT2G16250,0.3139468069783915
AT2G16270,0.3217072181543037
AT2G06595,0.35731858996994376
AT2G16280,-0.4988293707207649
AT2G06605,0.014855908020725284
AT2G16290,-0.09644844129711386
AT2G16300,0.10838379105175051
AT2G16340,0.392701102627331
AT2G16365,0.12509224590690904
AT2G06615,
AT2G16360,
AT2G16370,-0.5149778823439676
AT2G16380,0.13131013517203827
AT2G16385,0.19218426982807257
AT2G16390,-0.28028095550931287
AT2G16400,0.009320289825009953
AT2G16405,-0.16638531876232637
AT2G16430,-0.19384383443950984
AT2G06625,-0.038335695643776695
AT2G06635,0.3466689308913878
AT2G16440,0.19524640730424908
AT2G16450,-0.009115607547703537
AT2G16460,0.10922431942657576
AT2G16485,-0.6767898738913828
AT2G16490,0.3667626937234842
AT2G16500,-0.29484076245077495
AT2G16505,-0.006668618695983838
AT2G16510,0.3885712652807239
AT2G06655,
AT2G16520,0.2282651809996616
AT2G16530,0.11307594761437088
AT2G16535,0.4632692437278701
AT2G06665,-0.0012046128654155464
AT2G06685,0.19339153563875996
AT2G16570,-0.061136358987799184
AT2G16580,-0.33328490982406217
AT2G16575,
AT2G06695,0.2365283895855997
AT2G16586,-0.17887822886657945
AT2G16592,0.21339582082692884
AT2G06705,0.18495794289636716
AT2G16594,0.2704472469093168
AT2G16595,-0.4206605004481808
AT2G16600,-0.33133967680221293
AT2G16620,0.07495226838587636
AT2G16630,-0.5280687259886128
AT2G16640,0.06264369736127551
AT2G16650,-0.46910559134475444
AT2G16660,-0.2448507947184294
AT2G16676,-0.3847771567402617
AT2G16700,0.012180081489733529
AT2G16710,-0.3198255641494903
AT2G06725,
AT2G06745,
AT2G06755,0.16068219878169204
AT2G16720,-0.49919845193258855
AT2G16730,0.3573208961130319
AT2G16740,-0.282476463291956
AT2G06765,-0.08235279497497866
AT2G16750,-0.4779653371653624
AT2G16760,-0.4411527547979781
AT2G16770,-0.05001472411705003
AT2G16780,0.3874065777780859
AT2G16790,0.0762758791648789
AT2G16800,-0.45189868517771853
AT2G16810,-0.2417305704236074
AT2G16835,0.09980131916654345
AT2G16850,-0.2971855771264961
AT2G16860,-0.16515106143974786
AT2G16870,-0.23015179753115567
AT2G16880,-0.3332436990692769
AT2G16890,-0.3611357404050188
AT2G16900,0.34737032422708075
AT2G06785,0.1976426344831463
AT2G16910,0.251573245155164
AT2G06795,
AT2G16920,-0.023275587144173066
AT2G16930,-0.1394036909371737
AT2G16940,-0.5722172485762614
AT2G16950,-0.23679053455031251
AT2G16953,0.09527889956311467
AT2G16960,-0.14459149736488447
AT2G16970,0.12080551297977038
AT2G16980,-0.45129556760506523
AT2G06805,-0.3450181083319852
AT2G16990,-0.39332377072421065
AT2G17000,-0.3936690325998973
AT2G17010,0.04386376259957297
AT2G17020,-0.1387259870481467
AT2G17030,-0.6210877841491401
AT2G17033,-0.22728365280775537
AT2G17036,0.284604345652961
AT2G17040,-0.7047416495573516
AT2G17043,-0.4044494941332353
AT2G17050,-0.1572288287225714
AT2G17055,0.31403737022175787
AT2G17060,-0.38550929690296576
AT2G17070,-0.06764106865288659
AT2G17080,-0.3003211867952344
AT2G17090,0.29861873819222856
AT2G06815,0.1880378432950611
AT2G17110,0.0439826282168116
AT2G17120,0.14644381700014858
AT2G17130,-0.18798928345807792
AT2G17140,0.23893892872534175
AT2G17150,-0.24337139454685985
AT2G17160,0.4733930612425759
AT2G17170,0.33027366126263275
AT2G17180,-0.2342736821512041
AT2G17190,-0.13181302879466036
AT2G17200,0.23202223151111415
AT2G17210,-0.17353290835732227
AT2G17220,0.4721282671112347
AT2G17230,-0.09093268052621503
AT2G17240,0.034513815151314
AT2G17250,-0.4416091442039731
AT2G17260,-0.04721816484676184
AT2G17265,-0.044859749419997534
AT2G17270,-0.6129364506719988
AT2G17280,0.2938745692049857
AT2G17290,-0.45548922401131947
AT2G06835,0.10775369989463367
AT2G06855,
AT2G06865,
AT2G17295,0.018554718759624368
AT2G17300,0.44415154484524283
AT2G06905,0.27856447811724677
AT2G06935,0.011744210266418642
AT2G17305,-0.10781951868939832
AT2G17310,0.21525123167036586
AT2G17320,0.18113644672604967
AT2G17340,0.30765529613287496
AT2G17350,0.13062866842616477
AT2G17360,-0.09394355022231125
AT2G17370,0.5430180019772421
AT2G17380,-0.18922151757192054
AT2G17390,-0.12735244225176073
AT2G17410,0.14667921632417458
AT2G17420,0.1056447637438492
AT2G17430,0.0008734286730025432
AT2G17440,-0.31555632830015107
AT2G17442,0.07014232602316359
AT2G17450,0.006208984379656568
AT2G17470,-0.17771192811308079
AT2G17480,0.11175863104140872
AT2G06945,0.03228376001568022
AT2G06955,0.064487783555218
AT2G17500,-0.21070840141179248
AT2G17510,-0.5515369101937492
AT2G17520,-0.44120220239564106
AT2G06975,0.219483647858888
AT2G17525,-0.2938720800995573
AT2G17530,0.020037072943378757
AT2G17540,-0.5637812756245747
AT2G06995,-0.5604070271111262
AT2G17550,-0.008825362209827894
AT2G07005,0.08096330225455921
AT2G17560,0.11604101902199067
AT2G17570,-0.6435936553215396
AT2G17580,-0.4945680953657905
AT2G17590,0.19057523636303947
AT2G17600,-0.14400064081257177
AT2G17620,-0.3231849097114777
AT2G17630,-0.6524586164847733
AT2G17640,-0.02886510312010333
AT2G17650,0.23327163838983403
AT2G17660,-0.10248022778990616
AT2G17670,0.3629168331316328
AT2G17680,0.2693106837921089
AT2G17690,-0.09879881929533485
AT2G17695,-0.3981404287712557
AT2G17700,0.0227482225472947
AT2G17705,-0.11071861929962927
AT2G17710,-0.2928696642277133
AT2G17720,-0.4109563827456937
AT2G17723,-0.09488862726912643
AT2G17730,0.39752557658494847
AT2G17740,0.30359891811498535
AT2G17750,-0.4269046790833046
AT2G17760,-0.13162994623552707
AT2G17770,-0.3747929518683325
AT2G17780,-0.3284237350796085
AT2G17785,0.388431819039247
AT2G17787,0.05621470185681162
AT2G17790,-0.3182286275391036
AT2G17800,-0.02944657283241379
AT2G17810,0.05713219971039438
AT2G17820,-0.09940827319188843
AT2G17830,-0.4007590401932173
AT2G17840,0.18023743148481672
AT2G17845,0.11150401808013446
AT2G17850,0.4261650657755702
AT2G17860,-0.1268937891453066
AT2G17870,0.09223473448855593
AT2G17880,0.22297754241782672
AT2G17890,0.044676503940483926
AT2G17900,0.1011064880288905
AT2G17905,0.5765761718106902
AT2G17920,-0.2710928368966411
AT2G17930,-0.31501140862345656
AT2G17940,-0.16489045973491925
AT2G17950,-0.25581009674783883
AT2G17960,0.16017301307155418
AT2G17970,-0.6076222756649762
AT2G17972,
AT2G07015,
AT2G17975,0.14159648971703873
AT2G17980,-0.14064115063203375
AT2G17990,0.1742177327759863
AT2G18000,-0.2907462635006914
AT2G07025,0.002769329814808331
AT2G18010,0.1311120783429556
AT2G18020,0.16527473056768074
AT2G18025,-0.04854018195791658
AT2G18030,0.04870930030360821
AT2G18040,-0.22703705914314457
AT2G18050,0.2307689775530849
AT2G18060,-0.5815573695560801
AT2G18070,0.4920580961648904
AT2G07035,0.10265625722856708
AT2G18080,-0.18618680960520956
AT2G07045,-0.0017046522714245175
AT2G18090,-0.09315413331551782
AT2G18100,-0.19502264512120054
AT2G18110,0.1973007995108791
AT2G18120,0.30713966716008667
AT2G18130,-0.28024273622975093
AT2G18140,0.007549135139642219
AT2G18150,-0.22089746423277376
AT2G18160,-0.04044866564917884
AT2G18170,0.028885800931242416
AT2G18180,-0.38211999027663346
AT2G18190,-0.07198477048812707
AT2G18193,-0.4875586163905365
AT2G18196,0.0986039873863293
AT2G18200,0.09361744532995
AT2G18210,0.3249260729651017
AT2G07055,0.08546991949884224
AT2G18220,-0.18884156605739516
AT2G18230,0.720547194556999
AT2G18240,0.4902069205527505
AT2G18245,-0.01878457103456935
AT2G18250,-0.150781346086827
AT2G18260,-0.37909186719971183
AT2G18280,-0.43202228025134215
AT2G18270,
AT2G18290,-0.021325170030884
AT2G18300,0.48005458059442
AT2G18310,-0.0786407459661362
AT2G18320,0.028129885112515546
AT2G18328,-0.4125196556290897
AT2G18330,-0.3382787518865877
AT2G18340,-0.06444339612729616
AT2G18350,0.048154576991338724
AT2G18360,-0.023349666552709664
AT2G18370,-0.478208732003244
AT2G18380,-0.17252221170233675
AT2G18390,-0.05656378874514028
AT2G18400,0.26110092472536384
AT2G18410,0.2400024157450103
AT2G18420,-0.1751356924930091
AT2G18440,0.017203575831377587
AT2G18450,0.27202514536307876
AT2G18460,0.35756544544541213
AT2G18465,-0.3524832235604164
AT2G18470,-0.13593848655354887
AT2G18480,-0.4836686991864842
AT2G18490,-0.08885225690163398
AT2G18500,-0.5297429464980014
AT2G18510,0.13423722281287345
AT2G18520,-0.2755082765649104
AT2G18530,-0.11078056398299264
AT2G18540,-0.23438830669959845
AT2G18550,-0.4012813178184759
AT2G18560,0.0516562644175648
AT2G18570,-0.10747994120610407
AT2G18590,-0.30684034857185594
AT2G18600,-0.11965950970072606
AT2G18620,-0.5915662752027764
AT2G18630,0.24309824722838175
AT2G18640,-0.025097509952835804
AT2G18650,-0.34937244043663546
AT2G18660,-0.3487215771570054
AT2G18670,0.09694329159276574
AT2G18680,-0.35418652397566736
AT2G18685,
AT2G18690,0.10865919410188629
AT2G07085,-0.10394599906592898
AT2G18700,0.3795038564574224
AT2G18710,-0.12942951810454495
AT2G18720,0.18837285782768592
AT2G18721,
AT2G18730,-0.12049429767582807
AT2G18735,0.11552489313234748
AT2G18740,-0.25374994327026845
AT2G18750,-0.19125507219927207
AT2G18760,0.09506956872755262
AT2G18770,0.49860828082647646
AT2G18780,0.055861648586775385
AT2G18790,-0.27083109190648336
AT2G18800,0.08830937179872897
AT2G18810,0.3027437222799318
AT2G18830,0.1019359393369691
AT2G18840,-0.11708987868497023
AT2G18850,0.3826495792335836
AT2G18860,0.19400349878912065
AT2G18870,-0.26913325729675686
AT2G18876,-0.5369050499282
AT2G18880,0.11412992668788785
AT2G18890,-0.3480332698096415
AT2G18900,-0.4270355670053336
AT2G18910,-0.12832374336307661
AT2G18915,-0.47490584407773884
AT2G18917,0.05565323466704281
AT2G18920,
AT2G07095,-0.0034827373592166504
AT2G18938,0.5171310762153765
AT2G18940,-0.06055489664510307
AT2G18950,0.07782676416871463
AT2G18960,-0.2898535259861702
AT2G18969,0.11414647320196644
AT2G18970,0.20792961133144489
AT2G18980,-0.44321647865887953
AT2G18990,0.4392701041264741
AT2G19000,-0.10190829851529806
AT2G19010,-0.09078633968802653
AT2G19020,-0.09584847128464503
AT2G19030,0.25159368644292035
AT2G19040,0.13837463227505903
AT2G19045,-0.162076963645836
AT2G19050,0.37106517166099806
AT2G19060,-0.21006090013634035
AT2G19070,0.2274470541956826
AT2G19080,0.1559648577011001
AT2G19090,0.36704969934843884
AT2G07115,0.0022470012499856986
AT2G19110,0.6182929160397899
AT2G19120,0.16845070955658412
AT2G19130,-0.5588307563148912
AT2G07135,-0.006706445588033343
AT2G19146,0.3608058871959329
AT2G19150,-0.4857175057690062
AT2G19160,-0.3717353349335673
AT2G19170,-0.3604687805102732
AT2G19180,-0.07218357501153562
AT2G19190,-0.14883876462851864
AT2G07165,-0.2082254156389306
AT2G19210,0.03196583380537512
AT2G19220,0.28000936852145647
AT2G19230,0.1037219759116375
AT2G19240,0.30681887964365306
AT2G19260,-0.4143426333380972
AT2G19270,0.24426836335650332
AT2G19280,0.049342118187404575
AT2G19290,0.3769213012794329
AT2G19300,-0.07626168908052319
AT2G19310,0.24750247786372112
AT2G19320,0.0715680088266272
AT2G19330,0.006688188938241235
AT2G19340,-0.17026962285890296
AT2G07175,
AT2G19350,0.028350231804107697
AT2G19360,-0.24284431387501018
AT2G19365,
AT2G19380,0.36245931065684545
AT2G19385,0.2733779069193663
AT2G19390,0.338515533758259
AT2G07195,
AT2G19400,-0.8266593331181573
AT2G19410,0.24183496165017862
AT2G19420,0.2855699458316235
AT2G19425,
AT2G19430,0.11199165335512887
AT2G19440,-0.6910368039696281
AT2G19450,0.0821699407481899
AT2G19460,-0.28402930528912695
AT2G07205,-0.134334081119554
AT2G19470,0.6682699043344467
AT2G19480,0.00912403282941809
AT2G19490,-0.10891360902297438
AT2G19500,-0.17535719299934563
AT2G07225,0.4799313741393688
AT2G07235,
AT2G19510,-0.06871918520851215
AT2G19520,-0.1491370445289542
AT2G19530,0.1527143365267779
AT2G19540,-0.42014688003704675
AT2G19550,-0.15226927418957584
AT2G19560,0.20408923830085615
AT2G19570,
AT2G19572,-0.03366520151269621
AT2G19580,-0.4448716389564993
AT2G19582,-0.18250305702994354
AT2G19590,-0.09680137706835358
AT2G19600,-0.07450234971379308
AT2G19610,0.3617781324389865
AT2G19620,-0.5062302852724592
AT2G07245,
AT2G19630,0.13019820707592264
AT2G19640,-0.415571889629959
AT2G19650,-0.2732207523727446
AT2G19660,-0.11174568302580268
AT2G19670,-0.32031419782044895
AT2G19680,-0.34971840866598275
AT2G19690,0.40683395724542243
AT2G19700,0.18326398145560013
AT2G19710,0.20509240912337007
AT2G19720,0.11902870448563864
AT2G19730,0.2595889492686007
AT2G19740,-0.05191306344624
AT2G19750,0.046432925042280845
AT2G19760,-0.24021726057742204
AT2G19770,-0.005613630111956051
AT2G19780,0.3346249463397747
AT2G19790,-0.36469821621508036
AT2G19796,0.0014597606370818639
AT2G19800,-0.7127985640265295
AT2G19802,0.2285682856864737
AT2G19810,0.7196671450355683
AT2G19820,0.20920404881392718
AT2G19830,0.1693866463836983
AT2G19850,0.14622708455734842
AT2G19860,0.2535029291795736
AT2G19870,-0.2321963970190038
AT2G19880,-0.10140195961642604
AT2G19890,0.42051157262103006
AT2G19893,0.263924138728317
AT2G19900,0.16964317522341582
AT2G19910,0.8677938188603292
AT2G19920,-0.14342767559370503
AT2G19930,-0.08346076364832068
AT2G19940,-0.11930352644690326
AT2G19950,0.12924086502225415
AT2G19960,0.07141248185655671
AT2G07255,0.3318166692136919
AT2G19970,-0.13174197814489852
AT2G19980,0.043352517268267395
AT2G19990,0.600294701935824
AT2G20000,0.418589588091793
AT2G20010,0.044670202233148645
AT2G20020,-0.32921144526681173
AT2G20030,0.006025464064853932
AT2G20050,-0.19879739875978836
AT2G20060,-0.18629757415673162
AT2G20070,-0.04087966076636295
AT2G20080,-0.04301595595068351
AT2G20100,-0.2465926134814174
AT2G20110,0.012695336913421732
AT2G20120,-0.14978236451420146
AT2G20130,-0.13886605875014624
AT2G20140,-0.14543758943869814
AT2G20142,-0.8021083004242797
AT2G20150,0.08044718809453368
AT2G20160,0.1949433903347883
AT2G20170,0.38322019408914426
AT2G20180,-0.39844616584841075
AT2G20190,-0.07481022308335436
AT2G20208,-0.28951124929711286
AT2G20210,0.42200229681533113
AT2G20230,0.10733206371433798
AT2G07265,
AT2G20240,0.19106905056458265
AT2G07275,
AT2G07285,0.25858965799018213
AT2G20250,0.17756226385404278
AT2G20260,0.31592706011370786
AT2G20270,0.1551044091130932
AT2G20280,-0.7806593504125561
AT2G20290,-0.058159810840924676
AT2G20300,0.19144735379141384
AT2G20310,0.23193970513471043
AT2G20320,-0.10739552964669663
AT2G20330,-0.24281031221369367
AT2G20340,0.4042264191907225
AT2G20350,0.4168015402770274
AT2G20360,0.06339037014447502
AT2G20362,-0.22083223697123822
AT2G20370,0.5092979831448433
AT2G20380,0.0708488730705597
AT2G20390,0.06485805488913701
AT2G20400,0.12324306547173422
AT2G20410,-0.12030854322096356
AT2G20420,-0.20178758499354946
AT2G20430,0.346889004883357
AT2G07295,
AT2G20440,0.014646728517153849
AT2G20450,0.3359677735261084
AT2G20463,-0.12986885417180832
AT2G20465,0.10673053657849085
AT2G20470,0.16185791621761939
AT2G20480,-0.5116105520598131
AT2G20490,0.08592481794353618
AT2G20495,-0.1034969938176295
AT2G07305,
AT2G20500,
AT2G20510,0.14382533572066933
AT2G20515,0.06804474509432021
AT2G20520,-0.35537868970546344
AT2G20530,-0.582250680116327
AT2G20540,0.1600573164658275
AT2G20550,0.02434263931813875
AT2G20560,0.046828398788342544
AT2G20562,0.2641857229327623
AT2G20570,-0.32708936863740157
AT2G20580,-0.1937278703998003
AT2G20585,0.07843342296553218
AT2G20590,-0.3122128373654662
AT2G20595,0.18133629644777707
AT2G20597,-0.3233736234757667
AT2G20605,0.507996122693826
AT2G20610,-0.4442334449086654
AT2G20613,0.022512789138030866
AT2G20616,0.0933376094523634
AT2G20618,0.32387697250570807
AT2G20619,0.14010781755884028
AT2G20620,0.3886446273851584
AT2G07315,-0.03149210950248036
AT2G20625,-0.14956889577562368
AT2G20630,0.34496490492492415
AT2G20635,-0.23346385945054807
AT2G20650,0.36274629584184537
AT2G20660,0.10006798224936447
AT2G20670,-0.06141354066752126
AT2G20680,0.26433612168354015
AT2G20690,0.1416631112264027
AT2G20700,-0.0796794601619111
AT2G20710,0.12826058703339688
AT2G07325,
AT2G20720,-0.3334723280832673
AT2G07335,
AT2G20721,0.21806991104024834
AT2G20722,0.48890312204154396
AT2G20723,0.22278305783274166
AT2G20725,0.39619949663357557
AT2G20740,0.22251857005842182
AT2G20750,-0.18174659946134233
AT2G20760,-0.14732971706027506
AT2G20770,-0.311737645246356
AT2G20780,0.290484219680656
AT2G20790,0.18198298887462205
AT2G20784,
AT2G20800,-0.6698299850320337
AT2G20805,0.2042548477556451
AT2G20810,-0.14079582120932777
AT2G20815,-0.10012492070780141
AT2G20820,0.3301957801936326
AT2G20825,0.15897899871825194
AT2G20830,-0.295403241731524
AT2G20835,0.221705047266873
AT2G20840,-0.3631726683318639
AT2G20850,-0.65531729444844
AT2G20860,0.018407672442043957
AT2G20870,0.09761638181805708
AT2G20873,
AT2G20875,0.1547324871262568
AT2G20880,0.0468294007972236
AT2G20890,-0.14106726946732612
AT2G07345,
AT2G20900,0.5969674775082846
AT2G07355,
AT2G20920,0.028378924348375734
AT2G20921,0.18798059083891377
AT2G20930,0.39978809208140803
AT2G20940,0.29350160046437496
AT2G20950,-0.5078487094507272
AT2G20960,0.15300348331802763
AT2G20970,-0.01038140168712211
AT2G20980,-0.1695078030191613
AT2G20990,-0.517752638418659
AT2G21010,0.3717153000648839
AT2G21030,-0.40133045236764997
AT2G21040,0.19146160529280892
AT2G21045,-0.08489879589864226
AT2G21050,-0.22494991544607792
AT2G21060,-0.27705635302911485
AT2G21070,0.13326317512153296
AT2G21080,0.06065925325465559
AT2G21090,-0.5679829019748274
AT2G21100,-0.6389401031199945
AT2G21105,
AT2G21110,0.18927235759372962
AT2G21120,0.10044704623442816
AT2G21130,0.22072248279137915
AT2G21140,-0.17726658134710685
AT2G21150,-0.2512600919098156
AT2G21160,0.18589711965371752
AT2G21170,0.19616428322177343
AT2G21180,-0.13368443976278516
AT2G21187,0.20317890227679142
AT2G21185,
AT2G21188,-0.18152572404045092
AT2G21190,-0.5671360539095323
AT2G21195,0.5173205393923646
AT2G21200,0.08863744059741346
AT2G21210,0.31816104637949005
AT2G07375,0.05503565040443904
AT2G07385,-0.3070882586637853
AT2G21220,0.14515502393946442
AT2G07405,0.1491361407111828
AT2G21230,-0.07650450862870664
AT2G21235,-0.11086118583073881
AT2G21237,-0.32224168072746606
AT2G21240,0.3815052419616992
AT2G21250,-0.16491681604879954
AT2G21260,0.140983961034667
AT2G21270,-0.4905821046774347
AT2G21280,-0.04935589626869653
AT2G21290,0.2398730968892023
AT2G21300,-0.12701012029345718
AT2G21320,0.3078906767902415
AT2G21330,0.11266430089698877
AT2G21340,-0.3554995699445349
AT2G21350,-0.09944436990553546
AT2G21360,-0.09325516985103073
AT2G21370,-0.5038539546715187
AT2G21380,-0.30681370948934544
AT2G21385,-0.015428623370986603
AT2G21390,-0.07005302892602487
AT2G21400,0.10175638586988897
AT2G21410,0.3082879149341136
AT2G21420,0.023175654418602643
AT2G21430,0.05187397714612809
AT2G21440,-0.5299104016067779
AT2G21450,-0.3726975050698154
AT2G21455,-0.3511630033578256
AT2G07415,
AT2G21465,-0.4796744457800609
AT2G21470,-0.026681985129476907
AT2G21480,-0.48167893562256053
AT2G21490,-0.21368381887854562
AT2G21500,0.2777053373382021
AT2G21510,-0.016851458243182935
AT2G07425,-0.5250031387919252
AT2G21520,0.37315659692169223
AT2G21530,0.1469661315310746
AT2G21540,0.3260385033495185
AT2G21550,0.03938258086485827
AT2G21560,-0.3309597448393177
AT2G21570,0.1460857251701632
AT2G21580,0.03502025683132487
AT2G21590,0.24454087339541872
AT2G21595,-0.023631660189727146
AT2G21600,0.22332379763558804
AT2G21610,-0.14611510154933377
AT2G21620,-0.31844909063836363
AT2G21630,0.472127930051111
AT2G21640,-0.4420635860459918
AT2G07435,0.09617275162838872
AT2G07445,0.021897716722670196
AT2G21650,-0.611751700551842
AT2G21655,0.41247829840587125
AT2G21660,-0.03958061783701138
AT2G21670,-0.13296087809007634
AT2G21680,-0.12315112649873641
AT2G21690,0.32288176298594945
AT2G21700,
AT2G21710,0.0732556941630145
AT2G21720,0.007151415626081082
AT2G21725,-0.1218317118674934
AT2G21727,-0.2603753930795048
AT2G21730,-0.19594037176830573
AT2G21740,-0.12720238426562633
AT2G21750,0.2923009737778587
AT2G21770,0.030045095247479215
AT2G21780,0.4118709824382738
AT2G21790,-0.6565022813918088
AT2G21800,0.2983115854611285
AT2G21810,0.0695111143840897
AT2G21820,-0.05755666453979387
AT2G21830,0.22242357038372562
AT2G21840,0.11341637492937308
AT2G21850,-0.07853365820759828
AT2G21860,-0.07490616160036209
AT2G21870,-0.16550599629189047
AT2G21880,0.1143671433546985
AT2G21890,0.012204556730767604
AT2G21900,0.48114809586557666
AT2G21910,0.051845652855130486
AT2G21920,-0.3431203626235848
AT2G21930,0.3964292437520006
AT2G21940,-0.2958756031672396
AT2G21950,0.3105312274899216
AT2G07475,0.2404098647346388
AT2G21960,-0.10253136592922181
AT2G21970,-0.13675195722091446
AT2G21980,0.1705589254950234
AT2G21990,-0.23727469037920199
AT2G22000,-0.0432320662880327
AT2G07485,
AT2G22010,-0.6597215057589386
AT2G07495,
AT2G22030,-0.09269221901003423
AT2G22040,-0.14423997530929886
AT2G22050,-0.15227371638737386
AT2G22055,0.18730169463342
AT2G22060,0.16929887698869173
AT2G22070,-0.38393100329701657
AT2G22080,0.6247100930591016
AT2G22090,0.30528771376234454
AT2G22088,
AT2G07515,
AT2G22100,0.6060887121920338
AT2G22110,-0.11704759972416445
AT2G22120,0.2854626455568146
AT2G22121,-0.11412168839556794
AT2G22122,-0.15426828795925124
AT2G22125,0.038789712427778116
AT2G22140,0.057050525676545574
AT2G22145,0.11773503925767362
AT2G22155,0.1619921799779171
AT2G22160,0.13878868547787399
AT2G22170,-0.12293966927255984
AT2G22180,-0.11850427680865626
AT2G07525,0.45937456236046886
AT2G07535,-0.1049026951629832
AT2G07545,0.37298169693866007
AT2G22190,0.617292937485746
AT2G22200,0.34798247936924137
AT2G22220,
AT2G22230,-0.4163974582247987
AT2G22240,-0.20024704749498698
AT2G22241,0.056519475806661466
AT2G22250,-0.21086298185384864
AT2G22260,-0.5636030563635135
AT2G22270,-0.19153686029713904
AT2G22280,-0.14039330646823436
AT2G22290,0.04394786823288299
AT2G22300,-0.14666944048557146
AT2G22310,0.25782560500380125
AT2G22320,-0.16433770204091466
AT2G07555,-0.11242991990521478
AT2G22330,0.13448364976394908
AT2G22340,-0.30033657866960817
AT2G07575,0.10679085892530474
AT2G22345,0.10392282766472442
AT2G22360,-0.14409198422234218
AT2G22370,0.22032896337980654
AT2G22380,
AT2G22400,0.19417952873611624
AT2G22410,0.1944839697901779
AT2G22420,0.37436731471731105
AT2G22425,-0.3152445541097455
AT2G22426,0.5712584989811311
AT2G22430,0.26882063030651426
AT2G22440,-0.03256883209528193
AT2G22450,-0.057027151467749664
AT2G22460,0.02354740649911941
AT2G22465,
AT2G22470,0.19396195077110764
AT2G22475,0.061714950095775496
AT2G22480,-0.2222420799029403
AT2G07585,0.3110136784759223
AT2G22482,
AT2G07595,
AT2G22490,-0.2511026055961804
AT2G07605,-0.017888050419680702
AT2G07615,-0.6813191961617842
AT2G22496,0.1812734424139187
AT2G22500,0.45808794112372947
AT2G22510,-0.06333750101333076
AT2G22520,0.009512103036256074
AT2G22530,0.12987302484128588
AT2G22540,0.020465916435158625
AT2G22560,0.12664556243940542
AT2G22570,0.4889545723221256
AT2G22580,
AT2G07645,0.3114130191528882
AT2G22590,-0.16354194528215085
AT2G22600,-0.30856549549548107
AT2G22610,-0.23698818333963645
AT2G07805,
AT2G22620,-0.3081988193263016
AT2G07840,0.20273094877395986
AT2G22630,0.002861680480435547
AT2G22640,0.03222974037231415
AT2G22650,-0.10618888381773559
AT2G22660,0.045244179719337196
AT2G22668,0.17238580926693672
AT2G22670,0.06246366187691791
AT2G22680,0.10019970721781565
AT2G22690,0.25772435582835196
AT2G22720,-0.10148373087134668
AT2G22730,0.19806480251198283
AT2G22740,0.21671799782575926
AT2G07845,
AT2G22750,0.1572007736626801
AT2G22760,-0.31108623145512054
AT2G22770,-0.3475685149099617
AT2G22780,0.02742498770390033
AT2G22790,-0.052877085112818134
AT2G22795,0.3608565398896164
AT2G22800,0.20798319508505708
AT2G22805,0.19055900240992701
AT2G22807,-0.04010142135446114
AT2G22810,-0.5175606396935185
AT2G22820,-0.12049340696944062
AT2G22821,-0.4920464414179427
AT2G22830,0.40856560237198636
AT2G22840,0.010911883935454222
AT2G22850,-0.05072071702797337
AT2G07850,
AT2G22860,-0.12733704197548038
AT2G22870,0.03906114404603667
AT2G22880,
AT2G22890,0.0504996690201659
AT2G22900,-0.023372953407075372
AT2G22905,-0.7625918204564917
AT2G22910,0.05578476777615838
AT2G22920,-0.5364586903417605
AT2G22930,-0.04158347893998522
AT2G22940,-0.18345661766531865
AT2G22941,
AT2G22942,-0.7197027775660517
AT2G22950,-0.31866145821832337
AT2G22955,
AT2G22960,-0.22330758994024083
AT2G22970,-0.264421980071424
AT2G22980,-0.5093042266067492
AT2G22990,0.00014865306573962726
AT2G07855,0.16853685351758105
AT2G23000,-0.489692590155936
AT2G23010,-0.34890954256275003
AT2G23020,0.22954234136239393
AT2G23030,-0.35828020027121354
AT2G23040,0.2961898872294756
AT2G23050,-0.40174542517151046
AT2G23060,-0.3232838473562887
AT2G07860,0.48831378617635696
AT2G07865,
AT2G07870,
AT2G23067,0.24671781787260028
AT2G23070,-0.42697224979350246
AT2G23080,-0.25292927822104627
AT2G23090,0.3307200198532967
AT2G07875,
AT2G23093,-0.20477238321433894
AT2G23096,0.09595311776434363
AT2G23100,-0.16689213736034375
AT2G23110,0.4174081972539777
AT2G23120,0.3895660696085955
AT2G23118,
AT2G23130,-0.06776666344197305
AT2G23140,0.10072112644686351
AT2G23142,0.32691488575230515
AT2G07885,0.03465300790033658
AT2G23148,-0.013731110805572225
AT2G07890,0.14213570885234764
AT2G23150,0.6077591445715333
AT2G23160,0.14719798053581848
AT2G23170,-0.0031940832865370392
AT2G23180,-0.2860600101271087
AT2G23190,-0.0016173497910188638
AT2G23200,0.011539682853153167
AT2G23210,0.2013892271039799
AT2G23220,0.08134657802228105
AT2G23230,0.19636121333957646
AT2G23240,0.03372960254644615
AT2G23250,0.015580804398697818
AT2G23260,0.3754886938979941
AT2G23270,0.1926142073761896
AT2G23290,0.029265631934670543
AT2G23300,0.15033715619587212
AT2G23310,0.145841627506049
AT2G07895,0.052827293701397875
AT2G23320,-0.12984375868283712
AT2G23321,0.7884942206040326
AT2G07900,0.11823768349513732
AT2G23340,-0.38104708203667714
AT2G23348,-0.2905988890792742
AT2G23347,
AT2G23350,-0.34007345948430434
AT2G23360,-0.23781993473463695
AT2G23370,0.29169513470039443
AT2G23380,0.12599236096683503
AT2G23390,0.14007193918008867
AT2G23400,-0.09513150598920059
AT2G23410,-0.022047717270396377
AT2G23420,-0.19453591750146998
AT2G23430,0.17078889130916383
AT2G23440,0.1690779861458241
AT2G07905,0.09889257298180243
AT2G23445,-0.01949025520989501
AT2G23450,0.26377495478570473
AT2G23460,-0.026058667654832047
AT2G23470,-0.3250536560397095
AT2G23510,-0.30826272939600885
AT2G23520,-0.5535136477640537
AT2G23530,-0.08937839197418412
AT2G23540,-0.81256948970403
AT2G07910,
AT2G07915,
AT2G23550,0.2596180213795743
AT2G23560,0.07695641138543323
AT2G23570,-0.032730122985818684
AT2G23580,0.4514866893058992
AT2G23590,0.09705298159085121
AT2G07925,0.4276526129421744
AT2G23600,-0.4533565303326033
AT2G23610,-0.6298667531423643
AT2G23620,-0.2918115915066425
AT2G07935,-0.1103094903387163
AT2G23630,0.17549180199777348
AT2G07940,0.17375019711856296
AT2G23640,-0.35336320311513025
AT2G23650,-0.12492834365058443
AT2G23660,0.09907400677622051
AT2G23672,0.04475544599370934
AT2G23670,
AT2G23680,0.03956549794409369
AT2G23690,0.1506043594749533
AT2G23700,-0.2851749790290041
AT2G07945,0.5357410036029767
AT2G23740,-0.2968590104836153
AT2G07950,
AT2G23755,0.025594754310118616
AT2G23760,-0.21032062333978618
AT2G23770,-0.02167876889494191
AT2G23780,0.09013684650528594
AT2G23790,0.0027189693480616705
AT2G23800,0.43038515451647036
AT2G23810,-0.5604865797048132
AT2G23820,-0.2033057527657309
AT2G23830,-0.27322086614460933
AT2G23834,-0.12384992151125043
AT2G23840,0.08394125703037268
AT2G07960,-0.4283733541218002
AT2G23890,0.37815167947410083
AT2G23900,0.17584698474781588
AT2G23910,-0.16420029735400757
AT2G23930,0.0909758553406974
AT2G23940,0.3155166958746483
AT2G23945,0.08684736294538078
AT2G07965,
AT2G23950,-0.21167593760151748
AT2G23960,-0.35273361116327984
AT2G23970,0.13054920190619865
AT2G23980,-0.3804633575256956
AT2G23985,0.39328331998463434
AT2G23987,
AT2G23990,0.36604117812157505
AT2G24000,-0.21612934257358155
AT2G24010,-0.6380765025055154
AT2G24020,0.36141941727670374
AT2G24030,-0.852740832087442
AT2G24040,-0.052504713057123883
AT2G24050,-0.058476928944988994
AT2G24060,0.14852542408208488
AT2G24070,-0.27761877617868197
AT2G24080,0.12453882506680564
AT2G24090,-0.008570277670097699
AT2G24100,-0.31877829743001657
AT2G24103,0.24484439561998214
AT2G24120,-0.022941381484981534
AT2G07970,-0.16078136972085416
AT2G24130,-0.2035896830983891
AT2G24140,-0.6275331643007833
AT2G24150,0.17018996857615892
AT2G24170,0.7199053847780081
AT2G24180,-0.09423364963189515
AT2G24190,-0.31675939757585536
AT2G24195,-0.21283113412915586
AT2G24200,0.4427680716106662
AT2G24205,-0.3064727863946703
AT2G24210,-0.7347580215273998
AT2G07975,0.06720745901465724
AT2G07985,
AT2G24220,0.374852456871932
AT2G24230,-0.21042895442181067
AT2G07990,0.3392229432995963
AT2G07995,-0.24272241788919124
AT2G24240,-0.11894788008611476
AT2G24250,-0.08576668326407286
AT2G24255,-0.09110313581167108
AT2G24260,-0.3117884271311828
AT2G24270,-0.1339914636976913
AT2G24280,-0.24929030704134927
AT2G24285,-0.2990296804067174
AT2G24290,-0.1829197749907199
AT2G24300,0.3164054825016135
AT2G08000,0.059029771802322516
AT2G24310,
AT2G24320,0.006214013009010952
AT2G24330,-0.043643163095747804
AT2G08005,0.15040340544172787
AT2G08010,
AT2G24340,-0.26744011610424695
AT2G08015,
AT2G24350,-0.3794784326912603
AT2G08020,
AT2G24360,-0.5548328393840566
AT2G08025,
AT2G24370,0.0703416418075778
AT2G24390,0.12748937266481328
AT2G24380,
AT2G24395,-0.30493259699899605
AT2G24400,-0.03872852236522728
AT2G24410,-0.004434078122826925
AT2G24420,0.11524714446018615
AT2G24430,-0.7441102474459232
AT2G24440,0.15189757823775848
AT2G24450,-0.20873005431687233
AT2G24460,-0.030011674265552277
AT2G08030,0.11609287343236277
AT2G24470,0.0726354331780527
AT2G24490,0.5958603398434004
AT2G24480,
AT2G24500,-0.09424559580716561
AT2G08035,0.28973394966880556
AT2G08040,-0.4488997116927392
AT2G24510,0.12570690291733685
AT2G08045,0.08585576671480294
AT2G08050,0.29061195317418803
AT2G08055,0.4941073305741079
AT2G24520,-0.16520844326871761
AT2G24530,-0.03005336981700695
AT2G24535,-0.31761993481862894
AT2G24545,0.27236155973978254
AT2G24540,0.19343496545719058
AT2G24550,0.3159487324415568
AT2G24560,-0.12105701452277963
AT2G24570,0.28920095758995684
AT2G24580,-0.18962328311352958
AT2G24590,-0.04695669418482806
AT2G24592,-0.31446581082983704
AT2G24600,-0.4618727726308401
AT2G24610,-0.10627840019413148
AT2G24615,-0.18864195209985118
AT2G24617,0.0007938979729493066
AT2G24620,0.11170791760750655
AT2G24625,0.32045973677263945
AT2G24630,-0.2496170909336769
AT2G24640,0.49836342116250193
AT2G24645,-0.13997150830914604
AT2G24650,0.634416496553533
AT2G24670,0.3249068221351701
AT2G24680,-0.2257747829447884
AT2G24681,0.22877125610880422
AT2G24683,-0.057422946962254744
AT2G24690,-0.3856162924374288
AT2G24692,-0.06403284905571552
AT2G24693,0.24307832447884986
AT2G24696,0.24556635460483114
AT2G24700,-0.17483694451635753
AT2G24710,0.6523410567396534
AT2G24720,-0.12158206863362345
AT2G24735,-0.3951633848990575
AT2G24740,
AT2G24755,-0.3028566121705045
AT2G24762,-0.5832320726504299
AT2G24765,0.21808182362875858
AT2G24780,0.25581617933417256
AT2G24790,0.22545182037031336
AT2G24800,-0.11674328461242191
AT2G24810,-0.3975131225862277
AT2G24820,-0.3202868670935379
AT2G08060,
AT2G24830,0.07639508675219099
AT2G24840,-0.08854151066806219
AT2G24850,-0.37667495645128884
AT2G24860,-0.21926423684234086
AT2G24870,-0.3085579426505269
AT2G24880,0.11591444219787751
AT2G08075,
AT2G08070,
AT2G24940,-0.41836371670459593
AT2G24945,0.19624458065597908
AT2G24950,0.22815675170832136
AT2G24960,-0.16687084564888816
AT2G24970,0.1834135788551041
AT2G24980,-0.7181086993899729
AT2G24990,0.6371024214993365
AT2G25000,0.3066281106311859
AT2G25010,-0.5073536770080933
AT2G25011,0.24040275568212632
AT2G08085,0.26943958904175863
AT2G08090,-0.08785850491358815
AT2G08095,0.4211350462847936
AT2G25050,-0.5962006572632005
AT2G25055,-0.3621696079513455
AT2G25060,-0.06427467935818147
AT2G25070,-0.03110440941924432
AT2G25080,-0.08048020695619247
AT2G25090,-0.43509888923461154
AT2G08100,-0.1650335379071535
AT2G25095,0.07426007425431717
AT2G25100,-0.18091218311123197
AT2G25110,0.5675687978386719
AT2G08105,0.06430882847686507
AT2G08110,-0.25393342453202394
AT2G25120,-0.04035758152722657
AT2G08115,0.15381209208735
AT2G25130,-0.25562504577628764
AT2G25140,-0.024867621125957824
AT2G25150,-0.035729931747255375
AT2G25160,0.1093738452687171
AT2G25169,0.10502872113740475
AT2G25170,-0.06631497680244705
AT2G25171,
AT2G08120,
AT2G25180,0.34749349115358885
AT2G25185,0.18708947742351956
AT2G08125,-0.03811126379642902
AT2G25190,-0.34818344402358475
AT2G25200,-0.12374872516709791
AT2G25210,0.07156802805593254
AT2G25215,-0.004669795079425076
AT2G25125,
AT2G25220,-0.12361722160997246
AT2G25230,0.3072293275802536
AT2G25240,-0.46231006776430256
AT2G25250,-0.5767104934114824
AT2G25260,0.06617533259441429
AT2G25270,0.017027570983359573
AT2G25280,-0.31057913761648237
AT2G08130,
AT2G25290,0.19507022260272647
AT2G25295,0.43738108840024126
AT2G25297,0.18726791772715193
AT2G25300,0.3522760177408158
AT2G25305,-0.0004610336034095858
AT2G25310,-0.32098922444457595
AT2G25312,0.12157330650768611
AT2G25320,-0.4215206700046818
AT2G25330,0.3868651892587359
AT2G25340,-0.25684121510270397
AT2G25344,0.14355319172959302
AT2G25350,-0.08631289776291955
AT2G25355,0.4582962413332366
AT2G25360,-0.08069445663181314
AT2G25370,-0.04482337120505346
AT2G25400,
AT2G25410,-0.13629333011187142
AT2G25409,
AT2G25420,-0.22520713221237934
AT2G25430,-0.06970191469429421
AT2G25440,-0.5385953803888053
AT2G25450,-0.3354667982457435
AT2G25460,-0.4521396385952229
AT2G25470,-0.35534852715076987
AT2G25480,-0.23242053141315464
AT2G25482,-0.12226040791209161
AT2G25490,-0.5424911456009338
AT2G25500,0.07227185371896984
AT2G25510,-0.027048359821033856
AT2G25520,-0.3078874618819401
AT2G25530,-0.14096424106704866
AT2G25540,-0.03413338838204787
AT2G25560,-0.12655215316766164
AT2G25565,-0.6993510626211206
AT2G25570,-0.0694521945326383
AT2G25580,-0.5761035291004288
AT2G25590,-0.6014563257285813
AT2G25600,0.1647965410775916
AT2G25605,0.08832725171182247
AT2G25610,0.2557907542105932
AT2G25620,0.12192905656051928
AT2G25625,0.44833611470278234
AT2G25630,-0.22986332104704155
AT2G25640,0.24671092858752686
AT2G25650,-0.6046193105789379
AT2G25660,0.21596541898860422
AT2G25670,0.2170013999739715
AT2G25680,0.10680289298091045
AT2G25685,0.1365625942846681
AT2G25690,-0.12969933119433488
AT2G25700,-0.14908795374968645
AT2G25710,0.0029504327239308777
AT2G25720,-0.43895202737107886
AT2G25730,-0.13849431675411034
AT2G25735,0.06082495549555485
AT2G25737,-0.5813504961266959
AT2G25740,-0.13819628031836345
AT2G25760,0.18166221376897604
AT2G25770,-0.29368248640197153
AT2G25780,0.3300989468435536
AT2G25790,-0.5763467304699265
AT2G25800,-0.11171417238987014
AT2G25810,-0.11632340253715225
AT2G25820,-0.5544974143179352
AT2G25830,-0.05591636792649743
AT2G25840,0.15742610080145433
AT2G25850,0.13700318753119725
AT2G25870,-0.03531031763194319
AT2G25880,-0.3232849176947533
AT2G25890,
AT2G25900,0.21204318185474363
AT2G25905,-0.21897512011861459
AT2G25910,-0.05227701964705525
AT2G25920,0.18067356843341403
AT2G25930,0.6864285772109572
AT2G08135,
AT2G25940,-0.22047324397540177
AT2G25950,0.42193450914635394
AT2G25964,0.13204903676071103
AT2G25970,0.46935205570642174
AT2G25980,0.11221866143881495
AT2G25990,0.0837558203747822
AT2G26000,-0.3560719733609214
AT2G26010,0.5916398020266359
AT2G26020,0.12371420705198238
AT2G26030,-0.17921909366088043
AT2G26040,0.10230866078736092
AT2G26050,-0.11197386780104546
AT2G26060,-0.39893839106171974
AT2G26070,0.15725229854492714
AT2G26080,-0.7303688692612538
AT2G26090,-0.06915422812721915
AT2G26100,-0.28291158740576355
AT2G26110,-0.045839409209449226
AT2G26120,0.29707625204768373
AT2G26130,0.07406795943420898
AT2G26135,0.16502721332015274
AT2G26140,-0.29439268068520996
AT2G26150,0.4327903100471528
AT2G26160,0.31063959985033557
AT2G26170,0.2999814200278668
AT2G26180,-0.18493490446829924
AT2G26190,-0.5952301098684868
AT2G26200,0.3288868651544375
AT2G26210,0.2562500776224039
AT2G26211,0.4977114758937726
AT2G26230,0.48465247109752196
AT2G26240,-0.15783984025589992
AT2G26250,-0.828827021155304
AT2G26260,0.2691857669193893
AT2G26270,0.5552032070995664
AT2G26280,-0.3954114923631644
AT2G26290,-0.32892143764785997
AT2G26300,-0.2837401112338458
AT2G26310,0.6610276273150313
AT2G26320,-0.3157242836887624
AT2G26330,-0.3780917086324048
AT2G26340,0.3120110034733323
AT2G26350,0.08877153808222782
AT2G26355,0.21278607477265687
AT2G26360,-0.5348595672756522
AT2G26370,0.01232472881893415
AT2G26380,0.037859110509995644
AT2G26390,0.19275017911684988
AT2G26400,-0.26191767134252025
AT2G26410,0.47035857866986763
AT2G26420,-0.6034529072336492
AT2G26430,-0.14175407819780175
AT2G26440,0.0739832679970949
AT2G26450,-0.24088311756646133
AT2G26460,-0.2629791212315537
AT2G26470,0.12204416610886672
AT2G26480,-0.03295573022494144
AT2G26490,0.30064586172180097
AT2G26500,0.09396603780361862
AT2G26510,0.04695889412962217
AT2G26515,-0.02126894429041416
AT2G26520,0.14265095802977126
AT2G26530,0.014399638386267904
AT2G26540,0.22171434820997352
AT2G26550,0.12436206190746736
AT2G26560,-0.18845853585899427
AT2G26570,-0.2824776890852337
AT2G26580,0.174314059598217
AT2G26590,-0.480827747252046
AT2G26600,0.07661493969520364
AT2G26610,0.5464452687827005
AT2G26620,-0.11586309695562969
AT2G26640,-0.4120807100391728
AT2G26650,0.29869989192070956
AT2G26660,0.2944930628672161
AT2G26670,-0.21113294512728836
AT2G26680,-0.42540038787585394
AT2G26690,-0.06558067789017064
AT2G26692,0.14625321660322296
AT2G08150,-0.05003153764845621
AT2G08155,-0.16972792028598344
AT2G08160,0.1048618220579959
AT2G08165,0.20102636821160721
AT2G26695,0.38167600323348977
AT2G26700,0.10221558196290946
AT2G26710,0.18272071528661618
AT2G26720,0.3582512846778853
AT2G26730,0.2836319135031019
AT2G26740,0.2064200153578479
AT2G26750,0.2350631963397944
AT2G26760,-0.23461520646706185
AT2G26770,-0.3887369210949939
AT2G08175,0.10123790265677343
AT2G26780,-0.04799881427522276
AT2G08180,
AT2G26790,-0.020140685133778948
AT2G26800,-0.4888648578353427
AT2G26810,0.31873970073738844
AT2G26820,-0.004014292823274637
AT2G26830,0.6224610866209871
AT2G26840,-0.23188111755339802
AT2G26850,-0.06289631077246233
AT2G26860,-0.34950068278762525
AT2G26865,0.14117095262136722
AT2G26870,0.2454587139828718
AT2G26880,0.24909616980551147
AT2G26882,
AT2G26890,0.2055657911407716
AT2G26900,-0.11446078460335388
AT2G26910,0.16741568967346243
AT2G26920,0.6479145120794279
AT2G26930,-0.1805607030990472
AT2G26940,0.42979721219198114
AT2G26950,-0.2347902226995219
AT2G26960,0.1733319358746431
AT2G08190,0.30032607048469206
AT2G26970,0.2729858586691505
AT2G26975,0.3311006514630228
AT2G26980,0.07274628062801769
AT2G26990,-0.289333473228986
AT2G27000,-0.2983610574764107
AT2G27010,-0.22791235001205182
AT2G27020,-0.9111189475006378
AT2G27030,0.5345481521431317
AT2G27035,-0.05225072208753345
AT2G27040,-0.5884521135269787
AT2G27050,-0.6174479267966341
AT2G27060,-0.20337993689143585
AT2G27070,-0.1980294383414796
AT2G27080,-0.07263943306145058
AT2G27090,-0.07971659572471125
AT2G27100,-0.5199004682135505
AT2G27110,-0.19882811796047672
AT2G27120,-0.30029644160858976
AT2G27130,0.3596221449738699
AT2G27140,0.33573021847487194
AT2G27145,0.17169250376125103
AT2G27150,-0.5273526129483055
AT2G27160,
AT2G27170,-0.7147447120898383
AT2G27180,0.16385424569455262
AT2G27190,-0.06568647494290424
AT2G27200,-0.20868696194376224
AT2G27210,-0.0879887369235756
AT2G27220,-0.00655692092256799
AT2G27229,0.4829447317766741
AT2G27230,0.029537270549701542
AT2G27240,-0.0724481765693408
AT2G27250,-0.43960831862515076
AT2G27260,0.06843094302481725
AT2G27270,0.1670551053442743
AT2G27280,-0.04975216779107911
AT2G27285,-0.015459203892598404
AT2G27290,-0.4075146624989006
AT2G27300,-0.38036278497148784
AT2G27310,0.13641422784755383
AT2G27313,0.11362167087869122
AT2G27315,0.21293115462628426
AT2G27320,-0.06194531306612553
AT2G27330,-0.3118685209143164
AT2G27340,-0.06544864743514428
AT2G27350,0.03632814038101736
AT2G27360,-0.10334386435558954
AT2G27370,0.23506989787222574
AT2G27380,-0.16326789407073972
AT2G27385,0.16948234153359065
AT2G08195,0.13758233584558882
AT2G08200,
AT2G27389,-0.04838658157721715
AT2G27390,
AT2G27400,-0.31163492321398806
AT2G27402,-0.09143687174343505
AT2G27410,0.4844279987492269
AT2G27420,0.19878126965224607
AT2G27430,0.12798280337884527
AT2G27450,-0.036655638523776984
AT2G27460,-0.1535690971287462
AT2G27470,-0.023977864475271917
AT2G08205,
AT2G27480,-0.4147202288711904
AT2G27490,0.29202185520120966
AT2G27500,-0.3600689839811587
AT2G27505,0.00996083560603484
AT2G27507,
AT2G27510,-0.30639966615996417
AT2G27520,-0.003948006362979284
AT2G27530,-0.2182830876163518
AT2G27535,-0.0037212398671963094
AT2G27540,0.04349593926662908
AT2G27550,-0.12604979263049323
AT2G27560,-0.15981950631150332
AT2G27570,0.30103810299641126
AT2G27580,0.16562973029289793
AT2G27590,0.11746436991606589
AT2G27600,0.25107804274281614
AT2G27610,-0.3395949515254849
AT2G27630,-0.29099992056186585
AT2G27650,0.5289981282609318
AT2G27660,0.20668883698241103
AT2G27670,0.13979601751842863
AT2G27680,-0.4208311968077711
AT2G27690,-0.03938346867759265
AT2G27700,0.1769222060536575
AT2G27710,0.011313227705077485
AT2G27720,-0.06667733183394468
AT2G27730,-0.1396559694104009
AT2G27740,-0.10099629058860297
AT2G27750,-0.19929189757674454
AT2G27760,-0.5517614647341983
AT2G08210,0.21333952898122346
AT2G27770,-0.13839834433407833
AT2G27775,-0.49117003826745914
AT2G27780,0.00651657736406181
AT2G27790,0.06690828155818217
AT2G27800,0.37539390394242683
AT2G27810,-0.09648072603080862
AT2G27820,-0.0756430399277828
AT2G27830,-0.3955233722181343
AT2G27840,-0.1113499353281866
AT2G27850,
AT2G27860,0.5651803912795017
AT2G27880,-0.17778261093236605
AT2G27900,0.6604011723402451
AT2G27920,0.17924301912586493
AT2G27930,-0.13012702888733735
AT2G27940,0.21407735319409368
AT2G27950,0.3255688578011983
AT2G27960,0.3139390655022607
AT2G27970,0.04515932170344147
AT2G27980,-0.20849741550847664
AT2G27990,-0.17252458497213918
AT2G28000,0.2823392433027253
AT2G28010,0.1645776027701838
AT2G28020,-0.7260158313577548
AT2G28030,0.24346039533771174
AT2G28040,-0.003487399247787417
AT2G28050,-0.19674591137116063
AT2G08215,0.46496444482234767
AT2G28056,-0.216757944702647
AT2G28060,0.11286714295460834
AT2G08220,-0.6876733386446352
AT2G08230,
AT2G28070,-0.1431887188493006
AT2G28080,-0.013351775649300481
AT2G28085,-0.07090845057036732
AT2G28090,0.5013049784262249
AT2G28100,0.011874707567048542
AT2G08235,
AT2G28105,0.1687231620957469
AT2G28110,-0.1452028813965091
AT2G28120,-0.18396108104897582
AT2G28130,0.23884832820801646
AT2G28140,-0.12181734280005901
AT2G28150,-0.07442226155454129
AT2G28160,-0.03625170383672379
AT2G28170,-0.31072333271726216
AT2G08240,0.04197861785431788
AT2G28180,-0.19244115855429603
AT2G28190,0.20286402517932872
AT2G28200,-0.0813114321690887
AT2G08245,0.30074312007692233
AT2G08250,-0.04453515122576968
AT2G28210,0.1427633813261965
AT2G28220,0.318179435177344
AT2G28225,0.030330561556899376
AT2G28230,-0.2945132645348069
AT2G28240,-0.1911039621233752
AT2G28250,-0.11854612475250202
AT2G08255,
AT2G28260,-0.32515674640476216
AT2G08260,
AT2G28270,-0.1482221887707026
AT2G28290,-0.30426381380779977
AT2G28305,0.23782946610328345
AT2G28310,0.2153911853296463
AT2G28315,-0.0929492340825856
AT2G28320,-0.07129419864656211
AT2G28330,0.3949595091341295
AT2G28340,0.05500446943064369
AT2G28350,0.040162432860502265
AT2G28355,0.3066375197714921
AT2G28360,-0.10425657786512695
AT2G28370,-0.5225990413762935
AT2G28380,-0.08067360504519339
AT2G28390,0.053323790294332575
AT2G08265,-0.11407102193210993
AT2G28400,0.1260489930044677
AT2G28405,-0.3068238133005332
AT2G28410,-0.06674338164321503
AT2G28420,0.07728110397644858
AT2G28426,0.13969745403193518
AT2G28430,0.40384655785213897
AT2G28440,-0.030528880533149737
AT2G28450,0.0036649078065144067
AT2G28460,-0.29318050484317476
AT2G28470,-0.33349365012676174
AT2G28480,0.4160074788097419
AT2G28490,0.23361682071976694
AT2G28500,0.19310916945530357
AT2G28510,-0.10777788117185365
AT2G28520,-0.2035246543113144
AT2G28540,0.31764758931474674
AT2G28550,-0.26330324740832006
AT2G28560,-0.36707435142231104
AT2G28570,-0.07222354317070989
AT2G28580,-0.04042534759951958
AT2G28590,-0.3519787891008454
AT2G28600,0.23272597062623343
AT2G28605,0.17812867349085354
AT2G28610,0.1250645893096541
AT2G08270,-0.19751077217323235
AT2G28620,0.686370825783166
AT2G08275,
AT2G08280,0.16812988580255853
AT2G28625,-0.08317136311878325
AT2G08285,0.06338767633922683
AT2G28630,-0.7803653880632754
AT2G28640,-0.4655241793374457
AT2G28650,-0.3338759241519748
AT2G28660,-0.26708588125044214
AT2G28671,-0.5383264640465374
AT2G28670,-0.400339113046032
AT2G28680,0.3358420541637181
AT2G28690,-0.25562351785179127
AT2G28700,-0.16678595823564318
AT2G08290,0.184670556375409
AT2G28710,-0.1626798688532577
AT2G28720,-0.23063541534561205
AT2G28725,0.07022807809025786
AT2G28730,0.21847868436906903
AT2G28740,0.19473361972636077
AT2G28755,-0.026910511399915564
AT2G28760,-0.29949653623960987
AT2G28770,
AT2G28780,-0.13892202178584306
AT2G08295,0.1728799445776046
AT2G28790,-0.27987215924662834
AT2G28800,0.11260230535573564
AT2G28810,-0.2138451563409586
AT2G28815,-0.04823097854444131
AT2G28830,0.1945815545807314
AT2G28840,-0.16708498532732252
AT2G28850,0.4977445228864737
AT2G28860,-0.16234501083262268
AT2G08300,-0.5384858730715963
AT2G28870,-0.6163404817030133
AT2G28880,-0.4562546336269826
AT2G28890,0.040697365001898855
AT2G28900,0.05087833367390743
AT2G28910,-0.3148515738983643
AT2G28920,-0.5039910730128261
AT2G28930,0.24865002385091176
AT2G28940,0.04397411150110526
AT2G08305,0.3652999660263474
AT2G28950,-0.11019446922099012
AT2G28960,-0.21554326152755565
AT2G28970,0.053186993107322986
AT2G08310,
AT2G28990,-0.29036653008822355
AT2G29000,-0.26866601092428866
AT2G29020,0.14649731278427447
AT2G29030,0.705308519333389
AT2G29040,0.05912321115432934
AT2G29045,-0.06681114881219942
AT2G29050,-0.3710586773126862
AT2G29060,-0.13721576253380272
AT2G29065,-0.6159181844218706
AT2G29070,-0.0920805616069234
AT2G29080,-0.48696465379084714
AT2G29090,-0.3979127294559382
AT2G08315,0.31454732514638606
AT2G29100,-0.166264209675325
AT2G29110,-0.24443587753637858
AT2G29120,-0.6444258420109332
AT2G08320,-0.7238304615603417
AT2G29125,0.21476447652498243
AT2G29130,-0.1901866219022689
AT2G29140,-0.009722725990545142
AT2G29150,0.35736741823251233
AT2G29170,0.02925020875518923
AT2G29180,0.44394088487641126
AT2G08330,
AT2G29190,-0.48294884833749047
AT2G08335,
AT2G29200,-0.15800743939976977
AT2G29210,-0.1268899757891377
AT2G29220,-0.42051289221245514
AT2G29250,-0.17382610839572854
AT2G29260,-0.06921936856762002
AT2G29263,0.08381497183742669
AT2G29290,-0.2897621924516722
AT2G29300,-0.5606247399849091
AT2G29310,0.01694146480543789
AT2G29320,-0.3402305086510839
AT2G29330,-0.15785693846729873
AT2G29340,-0.4854829272430934
AT2G29350,0.06442192578779829
AT2G29360,-0.09432523955334009
AT2G29370,0.2998501594530447
AT2G29380,-0.011909151473977413
AT2G29390,0.1141843840337998
AT2G29400,0.3973446737951383
AT2G29410,-0.24872797416431772
AT2G29420,-0.03541136373856976
AT2G08340,
AT2G29430,-0.14293175159963334
AT2G29440,-0.16783823784914717
AT2G29450,0.02383561301006422
AT2G29452,0.33345572294599274
AT2G29460,-0.42701812622286855
AT2G29470,0.05884554997210773
AT2G29480,-0.10865983214979477
AT2G29485,
AT2G29490,0.4724843017076504
AT2G29500,0.10553898618994059
AT2G29510,-0.170887255344771
AT2G29520,
AT2G29525,0.45948129311180125
AT2G08345,
AT2G29530,0.4013760465018909
AT2G08350,
AT2G29540,0.7665151843729338
AT2G29550,0.009438865458867131
AT2G29560,0.3475720805122613
AT2G29570,0.5348371871481946
AT2G29580,0.11417502128334363
AT2G29590,0.24528962179344407
AT2G29600,0.03948966279350465
AT2G29605,-0.17152498163476218
AT2G29620,0.3027266970659351
AT2G29628,0.10340839869121661
AT2G29630,-0.6474468689113975
AT2G29640,-0.09322209379642908
AT2G29650,-0.28048010118749006
AT2G29654,0.2769541578165092
AT2G29660,0.20712523995851745
AT2G29670,0.011542563193687539
AT2G29680,0.15362988607266864
AT2G29679,
AT2G29690,-0.04531584604645911
AT2G29700,-0.24652404137398218
AT2G29710,0.10952339015016531
AT2G29720,0.059141297971598485
AT2G29730,0.0504295594782453
AT2G29735,0.08149594584854615
AT2G29740,-0.579066882344936
AT2G29750,-0.025037326116796432
AT2G29760,-0.42793323032460295
AT2G29770,-0.13710482026979995
AT2G29780,0.18945813592287308
AT2G29790,0.44456592425703295
AT2G29800,0.1575997730626726
AT2G29810,0.0021303896444410503
AT2G29820,-0.3840118339226187
AT2G29830,0.36608799301368555
AT2G29840,0.5731827601976626
AT2G29850,-0.3273756202508981
AT2G29860,0.11168604091776882
AT2G29870,-0.03938638902954288
AT2G29880,0.2808052871516322
AT2G29890,0.24033974812902617
AT2G29900,0.39887218846638434
AT2G29910,-0.051096161674896896
AT2G29920,-0.05361126300278491
AT2G29925,0.20297902814498558
AT2G29930,-0.139219186529718
AT2G29940,-0.1964052812816621
AT2G29950,
AT2G29960,-0.07223315927201804
AT2G08355,-0.07844311272116536
AT2G29970,-0.42989644650352316
AT2G29980,-0.21414286022222492
AT2G29990,-0.16240818249786443
AT2G29995,-0.21109206519028742
AT2G30000,-0.3861338176593915
AT2G30010,0.03239350136971451
AT2G30020,-0.15695548371185347
AT2G08360,-0.14682661719754656
AT2G30040,0.20193594362501502
AT2G30050,-0.35111779046231767
AT2G30060,-0.6230510422511119
AT2G30070,0.1650069242870736
AT2G30080,-0.19216945900476948
AT2G30090,-0.39550463779116923
AT2G30100,0.1506122482950328
AT2G30105,-0.20401024787321453
AT2G30110,0.4597424050058036
AT2G30115,-0.0070629646682305
AT2G30120,0.43538109435771394
AT2G08365,0.4842556176166924
AT2G30130,-0.31185465200804363
AT2G30140,-0.4204602119218883
AT2G30150,0.4421724785246994
AT2G30160,0.0007590955709754917
AT2G30170,-0.025797386025397478
AT2G30180,
AT2G08370,0.011965019870563426
AT2G30190,0.046314774822159246
AT2G08375,-0.01423784248236042
AT2G30200,-0.19971930143649147
AT2G30210,-0.3450403843022248
AT2G30220,-0.23436680103122068
AT2G30230,-0.3018156196570912
AT2G30240,0.052824158801789096
AT2G30250,0.021961523948403797
AT2G30260,-0.0955681337108768
AT2G30270,-0.02946180922562454
AT2G30280,-0.3157031466092583
AT2G30290,0.15791564897250146
AT2G30300,-0.11930054319832231
AT2G30310,0.10374159141351853
AT2G30320,0.45474014213872516
AT2G30330,-0.08386925700400943
AT2G30340,-0.15675948071291584
AT2G30350,0.46139175538139604
AT2G30360,
AT2G30362,0.32905803071204265
AT2G30370,0.14964378671772235
AT2G08380,0.08171250500925738
AT2G30380,0.09728127785048532
AT2G30385,-0.1294098047887479
AT2G30390,0.0629835918992478
AT2G30395,0.013473363470378879
AT2G30400,-0.1895284774743365
AT2G08385,-0.43977325026743835
AT2G30410,0.02654525242281489
AT2G30420,-0.3605678137750728
AT2G30424,-0.1766414960120929
AT2G30430,-0.022197602825959416
AT2G30432,-0.008714806571853582
AT2G30440,-0.08067780672472165
AT2G08390,0.011965019870563438
AT2G30450,
AT2G30460,0.21904255312509202
AT2G30470,-0.029821829248254515
AT2G30480,-0.315113219468405
AT2G30490,-0.5563429569827009
AT2G30500,-0.7892751293315985
AT2G30505,-0.06325703040514102
AT2G30520,-0.21474516857795606
AT2G08395,-0.06023430305488435
AT2G08400,0.11188832329016368
AT2G30530,-0.3630361931403426
AT2G30540,0.39004613389911563
AT2G30550,-0.11632765036718869
AT2G30560,0.12301974575787346
AT2G30570,0.25211508309936215
AT2G30575,0.40119994670364056
AT2G30580,0.23955577473821343
AT2G30590,-0.20267484084961507
AT2G30600,0.19467293196352664
AT2G30615,0.08221596751592189
AT2G08405,
AT2G30620,-0.33506474075174036
AT2G30630,0.1299833894313459
AT2G08410,0.2604061743406041
AT2G30650,-0.21764995933262937
AT2G30660,-0.014509320304637075
AT2G30670,-0.2904112549006733
AT2G30680,-0.23097319932448293
AT2G30690,-0.25818616934764843
AT2G30695,-0.4250532996132169
AT2G30700,0.049212833098015135
AT2G30710,0.06690374733401754
AT2G30720,0.3895475343083944
AT2G30730,-0.10417964152955908
AT2G30740,0.16353982968007164
AT2G30750,0.005994125229968261
AT2G30760,-0.19003524957608936
AT2G30766,-0.4905369494577912
AT2G30770,0.042201555632084685
AT2G30780,-0.2756274520294007
AT2G30790,0.26471923619316134
AT2G30800,-0.3880509039886516
AT2G30810,0.3027675876641785
AT2G30820,-0.02330946660607658
AT2G30830,-0.17862704301750737
AT2G30840,-0.8296205720306187
AT2G30850,-0.14480689676178485
AT2G30860,-0.7182636893024319
AT2G30870,-0.2564809873109107
AT2G30880,0.2862089907951684
AT2G30890,-0.18042396337906935
AT2G30900,0.37660436778867534
AT2G30910,-0.04084126646013557
AT2G30920,-0.14704959582478444
AT2G30925,0.334307707071683
AT2G30930,-0.04997684331033792
AT2G30933,-0.48319541633011315
AT2G08415,0.23435032124038002
AT2G30940,-0.1376754568468753
AT2G30942,0.30720843180097246
AT2G30945,-0.2505620889597584
AT2G30950,-0.09635683297371148
AT2G08420,
AT2G30960,-0.17006743287365572
AT2G08425,
AT2G30970,-0.1559913212097392
AT2G30980,-0.23669329091615782
AT2G30984,0.10864393286153147
AT2G30985,
AT2G30990,-0.15357460413533666
AT2G31005,-0.5004004980441401
AT2G31010,0.008738237821088273
AT2G31020,-0.24535226848607847
AT2G31018,
AT2G31030,0.5787187686366604
AT2G31040,0.033416927639405104
AT2G31035,
AT2G31050,0.43585393185383403
AT2G31060,0.16027714478597854
AT2G31070,0.27064451781421495
AT2G31081,-0.0917032268226887
AT2G31082,0.45555306002594087
AT2G31083,0.2738285237099567
AT2G31085,-0.7378092693737052
AT2G31090,-0.14098941990654953
AT2G31100,0.14416029293998403
AT2G31110,-0.1257931551938904
AT2G31130,0.011635609142849826
AT2G31140,0.38222540089687124
AT2G31141,-0.18859459366894613
AT2G31150,-0.1089490215711155
AT2G31160,-0.08101377923049659
AT2G31170,0.4262314461743623
AT2G31180,-0.13384026914914987
AT2G31190,-0.03630888032351455
AT2G31200,0.2849488904691457
AT2G31210,-0.2669488285785101
AT2G31215,-0.023493156032915432
AT2G31220,0.09969751138305723
AT2G31230,0.12431692508618067
AT2G31240,0.1000923851395053
AT2G31250,0.1472848222502988
AT2G31260,-0.840346321367999
AT2G31265,
AT2G31270,-0.32745378776781325
AT2G31280,-0.13210150572932067
AT2G31290,-0.23372577244756884
AT2G31300,-0.04875987927970695
AT2G31305,-0.12113392386436413
AT2G08430,0.15030910875817877
AT2G31310,0.2009129432159211
AT2G31320,-0.22676883329672362
AT2G31335,0.35911000197807913
AT2G31340,-0.3735266544698235
AT2G31345,
AT2G31350,0.081792610755909
AT2G31360,0.0960463324084196
AT2G31370,0.46717982785908435
AT2G31380,-0.2796177012044036
AT2G31390,-0.4795012066145241
AT2G08435,
AT2G31400,0.12001026729460157
AT2G31410,0.2593019302363063
AT2G31420,-0.11228339590591882
AT2G31425,0.6037214653663608
AT2G31430,0.23778561239766768
AT2G31432,-0.4932486427774054
AT2G31440,-0.12435686406217021
AT2G31450,0.21430466366384107
AT2G31460,0.11404835986088133
AT2G31470,-0.1425115642848207
AT2G31480,0.13801153431874927
AT2G31490,0.056959693318828636
AT2G31500,-0.3852477605098073
AT2G31510,-0.09344067511902575
AT2G31530,0.1964102879956008
AT2G31540,-0.46176409012707953
AT2G31550,-0.5124786829856108
AT2G31560,-0.0529233055721088
AT2G31570,0.18923774500753732
AT2G08440,
AT2G31580,-0.12807987109608243
AT2G31585,-0.012973054149713226
AT2G31590,0.1765883514950304
AT2G31600,0.23837610395227987
AT2G31610,-0.6029293783229313
AT2G31620,-0.26032206095084165
AT2G31650,-0.20432668218924174
AT2G31660,0.3461860514392356
AT2G31670,-0.2494991856513748
AT2G31680,-0.15618243972545834
AT2G31690,0.6570463953343241
AT2G31700,0.10930650328783761
AT2G31710,-0.6277064448616508
AT2G31720,0.012112547814511293
AT2G31725,-0.6499446763557502
AT2G31730,0.009890645160352592
AT2G31740,-0.2735262710387424
AT2G31750,-0.1362659108723768
AT2G31751,-0.11176678857693957
AT2G08445,0.11839425082005962
AT2G08450,0.3479088758479537
AT2G08460,
AT2G08455,0.09388398546015267
AT2G08465,0.02310676987016368
AT2G31760,0.017573230798756504
AT2G31770,-0.3019141040132733
AT2G31780,0.22488968867265122
AT2G31790,-0.34199613049799726
AT2G08470,
AT2G31800,-0.21627501733714008
AT2G31810,0.11135364658053942
AT2G31820,-0.2877299819924232
AT2G31830,0.15022929122035772
AT2G31840,0.10150512290278373
AT2G31850,-0.1302602411213361
AT2G31862,0.3138458946346119
AT2G31865,-0.06969379069208617
AT2G31870,-0.1591024402885136
AT2G31880,-0.11587684047727605
AT2G08475,
AT2G31890,-0.18527870194869664
AT2G08480,
AT2G31900,0.32614434916676105
AT2G31902,
AT2G08485,
AT2G31910,0.46355989876143106
AT2G08490,
AT2G31920,0.06447264187826028
AT2G08495,-0.18181328965383067
AT2G31930,0.1171526281631794
AT2G31940,0.6953554370530962
AT2G31945,0.2832186879476021
AT2G31953,0.2179417136103839
AT2G31955,-0.32064060718945564
AT2G31957,-0.19962777148815736
AT2G31960,-0.6034474041519676
AT2G08500,
AT2G31970,-0.3003538608310514
AT2G31980,-0.016032116529598947
AT2G31981,0.0964937747495363
AT2G31990,0.5615276059606674
AT2G31985,0.39484057765786174
AT2G32000,-0.5013344181150438
AT2G32010,-0.28318721966248117
AT2G32020,0.1242391558137023
AT2G32030,-0.08334664266301732
AT2G32040,-0.209960366204357
AT2G32050,-0.11546560068767775
AT2G32060,0.06790530272690447
AT2G32070,0.0116023541572926
AT2G32080,-0.46637006412010285
AT2G32090,0.17348622082341847
AT2G32100,-0.04306404108510234
AT2G32110,
AT2G32120,0.3765581892169528
AT2G32130,0.1589780424981367
AT2G32140,0.6931714883759688
AT2G32150,0.10772423253316897
AT2G32160,-0.06330749249165188
AT2G32170,-0.31027943286368764
AT2G32179,-0.2622838593413192
AT2G32180,
AT2G32190,0.06145818696938774
AT2G32200,-0.012803059617364259
AT2G32210,0.40428985957272084
AT2G32220,0.046139098628272104
AT2G32230,-0.5174021956508699
AT2G32235,-0.17349921895061465
AT2G32240,0.3024381811374418
AT2G32250,-0.217863810753478
AT2G32260,-0.3297532497003844
AT2G08505,-0.022324218551558174
AT2G32270,-0.295310324078922
AT2G08510,0.11256831888841325
AT2G08515,
AT2G32273,-0.10345528613966319
AT2G32275,0.3255114613416799
AT2G32280,-0.2483199265397516
AT2G32290,0.19439857415047787
AT2G32295,0.41305810615522287
AT2G32300,-0.34355031951946347
AT2G32310,-0.24477633043005217
AT2G32315,0.09031817969112677
AT2G32320,-0.3134719403714229
AT2G32340,0.31736303887358125
AT2G32350,-0.4880495487587032
AT2G32360,0.2528755188516446
AT2G32370,-0.4941194364483233
AT2G32380,0.22301214508432574
AT2G32390,0.0903582230427349
AT2G32400,0.09843814212042691
AT2G32410,-0.13640005751005763
AT2G32415,-0.48802672754173126
AT2G32430,0.029939387486638845
AT2G32440,-0.4869402530349437
AT2G32450,0.27077266618054624
AT2G32460,-0.34189716846786905
AT2G32470,0.0822058471812745
AT2G08520,
AT2G32480,-0.04967610675040719
AT2G08525,
AT2G32487,0.18461437544243942
AT2G32500,-0.04663214872646222
AT2G32510,0.03834954805863354
AT2G32520,-0.15141246355625715
AT2G32530,0.11434578225988462
AT2G32540,-0.291519754175083
AT2G32550,-0.24627162484669543
AT2G32560,0.13483672271626476
AT2G32580,0.10676190060755891
AT2G32590,0.18758299610422444
AT2G32600,0.464176343043975
AT2G32610,-0.09546874218044261
AT2G32620,0.23347770319365296
AT2G32630,-0.26319368305451785
AT2G32640,0.3880418126328343
AT2G32650,0.23638613164777164
AT2G08530,
AT2G32645,0.009897224947061882
AT2G32660,-0.4253428350640139
AT2G08535,-0.3201708986783395
AT2G32670,0.15139681319702006
AT2G32680,0.047882444912119924
AT2G32690,-0.30625786064095967
AT2G32698,-0.6480849830667705
AT2G32700,-0.37635256292488595
AT2G32710,-0.07100850072373613
AT2G32720,-0.1473211232954059
AT2G32730,-0.15322075322192294
AT2G32740,0.22338601508320918
AT2G32750,0.32500934591459857
AT2G32760,-0.22213975145794054
AT2G32765,-0.11568932123412286
AT2G32770,-0.3972256347903647
AT2G32780,0.11109116220214137
AT2G32785,-0.2056530710115492
AT2G08540,-0.07388017674528623
AT2G32788,0.3550985388695802
AT2G32790,0.21480123053412314
AT2G32795,0.22086240777724503
AT2G08545,-0.13092937533569218
AT2G32800,-0.1954292519304909
AT2G32810,-0.7633672616860718
AT2G32820,-0.2363801061817566
AT2G32830,0.1047089419066753
AT2G32835,-0.14597898251164002
AT2G08550,0.07049467936811346
AT2G32840,0.004815529299793992
AT2G32850,0.4891038657909448
AT2G32860,-0.5424254079866841
AT2G32870,-0.10926313765206946
AT2G32880,0.027004068751438584
AT2G32885,0.051535755369547895
AT2G32890,0.2252585699920357
AT2G32900,0.043493267876629556
AT2G32905,0.14748790576114867
AT2G32910,-0.1467277027991772
AT2G32920,-0.08105878043558615
AT2G32930,0.0051789552160073395
AT2G32940,0.3112704975528956
AT2G32950,0.08119442633006212
AT2G32960,0.14638406036000057
AT2G32970,-0.6132254302254677
AT2G32980,-0.41334388628110214
AT2G32990,-0.22383664963189465
AT2G33000,0.2265780726689636
AT2G33010,0.08045856147805101
AT2G33020,-0.32928186837916523
AT2G33030,0.28606062771194907
AT2G33040,0.15223512099390524
AT2G33051,-0.08424807274781496
AT2G33050,
AT2G33060,-0.9003226644865724
AT2G33070,-0.4051058578408786
AT2G33080,0.5170125875923978
AT2G33090,0.25546230832218836
AT2G33100,0.4063625981506556
AT2G33110,0.15074903768050257
AT2G33120,0.27285957601144717
AT2G33130,-0.46032910166358804
AT2G33140,-0.09426590457845499
AT2G33150,0.0031057451522079516
AT2G33160,-0.3874681287619183
AT2G33170,0.12090280279052285
AT2G33175,-0.18297417597815566
AT2G33180,-0.30448644914744893
AT2G33190,0.6105233651088163
AT2G33200,0.26205223172459946
AT2G33205,-0.20331367336253356
AT2G33210,0.2952379793908877
AT2G33220,0.39131794193915354
AT2G33230,-0.21988043059206622
AT2G33233,0.09652302559417449
AT2G33240,0.14100590657330817
AT2G33250,0.07720266686724069
AT2G33255,0.19216550470543334
AT2G08555,
AT2G33260,-0.002901000736859633
AT2G33270,-0.23042565144702207
AT2G33280,-0.07970542376891199
AT2G08560,
AT2G08565,0.0903216941031066
AT2G33290,-0.16401764689861065
AT2G33300,
AT2G33310,-0.37158167852174406
AT2G33320,0.08450069271589751
AT2G33330,0.34481434602526567
AT2G08570,
AT2G33340,0.06718435473484193
AT2G33350,-0.1265430646535358
AT2G33360,-0.5656886576429893
AT2G33370,0.049455323826384574
AT2G33380,0.1194567403725048
AT2G33385,-0.08883512091473111
AT2G33390,0.767264468902277
AT2G08575,
AT2G33400,0.5985115660134327
AT2G33410,0.17932452848262545
AT2G33420,0.2758855071929236
AT2G08580,0.37643619186686245
AT2G08585,-0.2606846654680941
AT2G33435,-0.03882297485899155
AT2G33450,0.20860055249254256
AT2G33460,0.0840968709021398
AT2G33470,0.25127103522337163
AT2G33480,-0.09958189477603506
AT2G33490,0.16933207850414725
AT2G33500,0.02031435628225999
AT2G08590,0.1111833958391047
AT2G33510,0.11522516962574816
AT2G33520,-0.2783801849673163
AT2G33530,-0.42560363576850196
AT2G33540,-0.38033109381106467
AT2G33550,0.020398024376213752
AT2G33560,-0.4735386413766216
AT2G33570,-0.031045824052083646
AT2G33580,-0.17249169796274905
AT2G33585,-0.4143392826929979
AT2G33590,0.2933883352897881
AT2G33600,0.4367662633116706
AT2G33610,0.45273645435192694
AT2G33620,0.07739042865498233
AT2G08595,
AT2G33630,-0.6669055322197492
AT2G33640,0.3435619522564458
AT2G33655,0.3554309022830969
AT2G33650,
AT2G33660,0.04960207484306324
AT2G33670,0.16582908731804558
AT2G33680,0.013728688922818944
AT2G33685,0.11651091386444357
AT2G33690,
AT2G33700,-0.22857057331623273
AT2G33705,0.012347576544402408
AT2G33710,0.09294778632628367
AT2G33720,0.26377396898569816
AT2G33730,0.13351882923250705
AT2G33735,-0.41393192053619504
AT2G33740,-0.2873324754202123
AT2G33750,0.3363387389818095
AT2G33760,0.10948130753054597
AT2G33770,-0.1386316076207078
AT2G08610,-0.18285902965524695
AT2G33775,0.09778351746687904
AT2G33780,-0.1468444998806411
AT2G08620,
AT2G08625,0.1495965885858806
AT2G33790,0.06627285821980855
AT2G33793,-0.3055516218339945
AT2G33796,
AT2G33800,0.03435340838165141
AT2G08630,0.2080744638563803
AT2G33810,-0.5169966981881496
AT2G33815,
AT2G33820,0.38873542456177657
AT2G33830,0.7080658554855669
AT2G33835,0.09835971089873098
AT2G33840,-0.20003638695798084
AT2G33845,0.024347191309796675
AT2G08635,
AT2G33847,-0.42720371923460027
AT2G08640,
AT2G33850,0.020714319548533557
AT2G33855,0.335905814497441
AT2G33860,0.12181938841401456
AT2G08645,0.2920049630813591
AT2G33870,-0.14757782917461798
AT2G33880,-0.11593830379116943
AT2G33980,0.33213165773000036
AT2G33890,
AT2G33900,
AT2G33910,
AT2G33920,
AT2G33930,
AT2G33940,
AT2G33950,
AT2G33960,
AT2G33970,
AT2G33990,-0.3217352540343092
AT2G34000,0.18316857655853228
AT2G34010,0.05643647690303924
AT2G34020,0.2257260477811978
AT2G34030,0.16439752044057857
AT2G34040,0.2787527548160616
AT2G34050,-0.041325343186973854
AT2G34060,-0.21975118180091888
AT2G34070,0.09977202638393473
AT2G34110,-0.7098698536940174
AT2G34080,
AT2G08650,
AT2G34090,
AT2G34100,0.35349368540107134
AT2G34120,
AT2G34123,
AT2G34140,0.23256737686088488
AT2G34150,-0.21160634370262418
AT2G34160,-0.31010079437209565
AT2G34170,0.1578858602806708
AT2G34180,-0.35451339807190335
AT2G08655,
AT2G34185,0.17885412378580123
AT2G34186,
AT2G34190,-0.09624482823111441
AT2G34200,-0.2705713182256669
AT2G34202,0.07376013991661866
AT2G34204,0.035185211844058616
AT2G34208,-0.02743304824840365
AT2G34210,-0.0627219261000964
AT2G34220,-0.17675075581588207
AT2G34224,-0.5491639082381151
AT2G34230,0.25572910171897706
AT2G34238,0.11036726242988097
AT2G34240,-0.24405153769286697
AT2G34250,-0.7467317442472778
AT2G34260,-0.22268388932088604
AT2G34270,0.1543114923820539
AT2G34280,0.21342318144495195
AT2G34290,-0.2116219866607839
AT2G34300,-0.06310680433500106
AT2G34310,0.16655394292456208
AT2G34315,-0.05957560097786442
AT2G34317,-0.05804826211222349
AT2G34320,0.3925022286582083
AT2G34325,0.3963467483021483
AT2G34330,
AT2G34340,-0.09342483215461282
AT2G34350,0.5084470314365298
AT2G34355,-0.0832464194611575
AT2G34357,0.33972250678730753
AT2G34360,0.16504286210193925
AT2G34370,0.33414053358968
AT2G34380,0.17132060241394387
AT2G08660,
AT2G34390,-0.33750603550017394
AT2G34400,-0.03593030017550926
AT2G34410,0.23075685702621848
AT2G08665,
AT2G34420,
AT2G34430,-0.6781417701497453
AT2G34450,0.08455904326327925
AT2G34440,
AT2G34460,0.3454921530812897
AT2G34470,0.004322064020715892
AT2G34480,-0.07344068424824159
AT2G34490,0.025545804918460528
AT2G34500,0.1185452452098647
AT2G34510,-0.15570884823316927
AT2G34520,-0.1594571564677226
AT2G34530,0.003657374949242699
AT2G34540,0.3187106580822092
AT2G34555,0.020698908429672147
AT2G34560,0.010784110412100704
AT2G34570,0.5212615579072639
AT2G34580,-0.1639932844320443
AT2G34585,-0.06166713108927236
AT2G34590,0.012033489630302242
AT2G34600,-0.11014911638187255
AT2G34610,-0.39876701919219504
AT2G34620,0.42246906759785857
AT2G34630,-0.0607343531589443
AT2G34640,0.14422201062790926
AT2G34650,-0.40086694188993827
AT2G34655,0.6330237450769106
AT2G34660,-0.12672112052225254
AT2G34670,-0.24409562364281337
AT2G34680,0.4954970812012826
AT2G34690,0.4632999345030638
AT2G08670,0.09138270185042913
AT2G34700,-0.538082031727641
AT2G34710,-0.22177135794052583
AT2G08675,-0.02157605442458157
AT2G34720,0.44760370387176274
AT2G34730,-0.5835259889370553
AT2G34740,0.27236394915467343
AT2G34750,-0.04833220118061023
AT2G34770,0.30158386891996275
AT2G08680,
AT2G34780,-0.2398822870071716
AT2G34790,-0.22798276423639027
AT2G08685,
AT2G34810,-0.020236147111769052
AT2G34820,-0.24004284797156505
AT2G34825,-0.03179964371826903
AT2G34830,-0.3544392858531893
AT2G34840,-0.2054097966851739
AT2G34850,-0.6821516290733792
AT2G08690,
AT2G34860,0.21995398914598943
AT2G34870,-0.635289936064301
AT2G34880,-0.15397660725767037
AT2G34890,-0.08113448052920598
AT2G34900,0.03782950199971966
AT2G34910,0.028842872869333472
AT2G08695,
AT2G34920,-0.6894858187912679
AT2G08700,
AT2G08705,0.5493574224552673
AT2G34925,-0.18790650126457983
AT2G34930,-0.247162009368411
AT2G34940,0.35543958001004256
AT2G34950,
AT2G34960,0.08537957268362674
AT2G34970,-0.28493809648074353
AT2G34980,0.4658778575043915
AT2G34985,-0.06736923137609052
AT2G34990,0.4843055067008273
AT2G35000,-0.012276904356461237
AT2G35010,-0.1498819653821646
AT2G35020,0.48354844458347307
AT2G35030,0.3212579351753421
AT2G35035,-0.38584218255750363
AT2G35040,-0.06386306445954307
AT2G35050,0.19376487053705455
AT2G35060,-0.49641458993179566
AT2G35070,0.09824451452591688
AT2G35075,0.08103150738825789
AT2G35080,-0.062402687325179514
AT2G35090,0.27601985592380407
AT2G35100,0.2594936402769529
AT2G35110,0.27157061861336074
AT2G35120,-0.40102673817484374
AT2G35130,0.07073197205534491
AT2G35140,-0.15702201116224573
AT2G35150,0.29501492455384615
AT2G35155,0.0015455299222839754
AT2G35160,-0.08413131772044592
AT2G08710,0.12643545912204487
AT2G35170,-0.2298483173628314
AT2G35190,-0.6344197346968203
AT2G35200,0.005446843595146992
AT2G08715,0.314383274215997
AT2G35210,-0.2613454360329388
AT2G35215,0.11042294581951688
AT2G08720,-0.39961413601749735
AT2G35220,-0.1779520126663922
AT2G35230,0.24106377434931217
AT2G35240,0.31301912504532964
AT2G35250,0.21314012015231823
AT2G35260,-0.02798597651908376
AT2G35270,-0.3916236648821193
AT2G35280,-0.15895021767071682
AT2G35290,-0.2569499286641788
AT2G35300,-0.427583051733753
AT2G35310,0.3572883918763592
AT2G35320,-0.579802235452526
AT2G35330,-0.05693251770641269
AT2G35340,-0.0670973498650017
AT2G35343,0.3178336263036926
AT2G35345,0.10930195391648422
AT2G35350,-0.32511101252724767
AT2G35360,-0.19079818284181746
AT2G35370,0.24962489718110106
AT2G35380,-0.17348441452979838
AT2G35382,-0.22643374813094044
AT2G35384,-0.0700366845608026
AT2G35387,0.21426973331740395
AT2G08725,0.056027394609781754
AT2G35390,0.38913659553957486
AT2G35410,0.17956067173703796
AT2G35420,-0.018726892478977367
AT2G08730,
AT2G35430,-0.23652060270055153
AT2G35450,-0.40433585582984144
AT2G35460,-0.20888381502935036
AT2G08735,-0.20250212464901865
AT2G35470,-0.04502347500791978
AT2G35480,-0.23417393419357724
AT2G35490,-0.4211796330604936
AT2G35500,0.31576142033968035
AT2G35510,-0.005195339867222243
AT2G35520,0.19755665528609484
AT2G35530,-0.2689374465326684
AT2G35540,-0.20607714791341422
AT2G35550,0.4331079904937489
AT2G35555,-0.07356032678659749
AT2G35580,-0.5337295744974376
AT2G35585,0.29315986707773467
AT2G35600,-0.16803936607400402
AT2G35605,-0.07291076475514946
AT2G35610,0.38346585026134644
AT2G35612,0.18963491383235245
AT2G35615,-0.27090377775060226
AT2G35620,-0.059167329460337
AT2G35630,-0.4334214570942245
AT2G35635,-0.04892089802820085
AT2G35637,-0.0041215794777201735
AT2G35640,
AT2G35650,0.26823171938815404
AT2G35660,-0.07598131253506733
AT2G08740,
AT2G35658,0.17288112461585978
AT2G08745,
AT2G35670,0.3325063163167351
AT2G35680,-0.22340779125640076
AT2G08750,
AT2G35690,-0.23583897221075345
AT2G35700,-0.1829933576244089
AT2G35710,-0.10396877075509767
AT2G35720,-0.0728533199018894
AT2G35730,-0.017372966235435064
AT2G35736,0.31199921903068356
AT2G35733,
AT2G35738,-0.3192819602840199
AT2G35740,
AT2G35742,-0.039269156888819164
AT2G08755,-0.12250463225740978
AT2G08760,0.24602505695188057
AT2G08765,0.6355172874871018
AT2G35744,0.2128728135643444
AT2G35750,0.06649161616885128
AT2G35747,
AT2G08770,
AT2G35760,0.09982699164023374
AT2G35765,-0.2257344164363955
AT2G35770,0.15278228791399062
AT2G35780,-0.0016754615449998355
AT2G35790,0.011402912513566673
AT2G35795,0.02134707223285547
AT2G35800,0.1591401781668287
AT2G35810,0.14492866236215735
AT2G35820,0.4691208567191569
AT2G35830,0.15976836112108375
AT2G35840,-0.09396733704508739
AT2G35850,
AT2G35859,0.2165613222168735
AT2G35860,0.552318361891578
AT2G35880,0.2294746003412671
AT2G08775,0.12373529800245063
AT2G35890,0.47594736569137386
AT2G35900,-0.3739742075405375
AT2G35910,-0.2560454059550841
AT2G35920,-0.057715180287255245
AT2G35930,0.13475222112690272
AT2G35935,
AT2G35940,0.31954455497117423
AT2G35945,
AT2G35950,0.3336551513557849
AT2G35960,-0.2214712064876042
AT2G35965,0.2592154012860792
AT2G35970,0.19332247655946688
AT2G35980,0.005636384196803085
AT2G35990,-0.18953571480923415
AT2G36000,0.3480250868153383
AT2G36010,0.18348782161124064
AT2G36020,0.17368911646875537
AT2G36026,-0.09635102641347905
AT2G36030,
AT2G36050,-0.21975478368538076
AT2G36060,-0.41462797248475675
AT2G36070,0.022687130984286413
AT2G36080,-0.40719870383424756
AT2G36090,0.01505433465414711
AT2G36100,-0.2700647165264745
AT2G36110,0.2591357381957956
AT2G36120,-0.11883176500912249
AT2G36130,0.2651547299163871
AT2G36145,0.32356679144679634
AT2G36140,
AT2G36150,0.20267148497778634
AT2G36160,0.06435356394846828
AT2G36170,-0.1417526393417285
AT2G36180,-0.06535448268929288
AT2G36190,-0.26298809400696505
AT2G36200,-0.13329618607731944
AT2G36210,-0.3647207503402699
AT2G36220,0.3097549371703785
AT2G08780,
AT2G36230,0.5536437683310925
AT2G36240,-0.39502762144183734
AT2G36250,0.048232227708511335
AT2G36255,-0.04606845965416082
AT2G36260,0.3923309108337103
AT2G36270,-0.49195556843566624
AT2G36280,
AT2G36290,-0.18350303823578423
AT2G36295,-0.43371618307564364
AT2G36300,0.36952630954885235
AT2G36305,0.13571290245367254
AT2G36307,0.5950266541768745
AT2G36310,0.3345419291714067
AT2G36320,-0.2992324683686518
AT2G36325,-0.1560855367159217
AT2G36330,0.43720973764751364
AT2G36340,0.11340356963252811
AT2G36350,0.0879803002065922
AT2G36355,-0.04986608438190249
AT2G36360,0.3413454411760415
AT2G36370,-0.4333654464587095
AT2G08790,0.04714886358385999
AT2G36380,-0.4330205216678602
AT2G36390,0.12780819664520737
AT2G36400,-0.0025422211142340813
AT2G08795,
AT2G36410,-0.365218776602788
AT2G36420,-0.20557771199824368
AT2G36430,-0.058277417361236226
AT2G36440,-0.6115822768295024
AT2G36450,0.6159921198647077
AT2G36460,-0.2826796663559216
AT2G36470,0.41807906727637584
AT2G36480,-0.34264211491632723
AT2G08800,
AT2G36490,0.07120752866232627
AT2G36500,-0.275642574945664
AT2G36510,0.09060468686546091
AT2G36520,0.3327398343939093
AT2G36530,-0.3056465737758518
AT2G36540,0.1281589949358553
AT2G36550,0.25641809383080394
AT2G36560,-0.12984572635503594
AT2G36570,-0.40217014309965143
AT2G36580,-0.13355707895075902
AT2G36590,-0.3470797672948668
AT2G08805,
AT2G36600,0.0981021773794031
AT2G36610,0.06474949507658061
AT2G36620,-0.2803788226862262
AT2G36630,0.07540735500185901
AT2G36640,0.08722582167253358
AT2G08815,0.04484379712846949
AT2G36650,-0.25313710086614144
AT2G36660,0.4555614949299533
AT2G36670,-0.05143524649585215
AT2G36680,-0.4758562930570155
AT2G36690,0.2848139010023192
AT2G36695,0.6079888085569515
AT2G36700,0.358387276881655
AT2G36710,-0.4704467561613714
AT2G36720,-0.17066365658676894
AT2G36724,-0.20611879372033798
AT2G08820,0.07012322040506629
AT2G08825,
AT2G36730,-0.07108936173770379
AT2G36740,-0.32693763999348163
AT2G36750,-0.715744764344657
AT2G36760,-0.1443267495115249
AT2G36770,-0.11284084993413204
AT2G36780,0.2732932430171999
AT2G36792,-0.18279320878172128
AT2G36790,
AT2G36800,-0.563652696022201
AT2G36810,-0.19567643541290436
AT2G36815,0.23315441341046883
AT2G08830,0.16671008827746017
AT2G08835,-0.7455220214316292
AT2G36830,-0.33425261481640794
AT2G36835,-0.1813018134504527
AT2G36840,-0.19700812599712483
AT2G36850,-0.5400259402972443
AT2G36854,
AT2G36860,0.06319054859268448
AT2G36870,-0.0427265641882783
AT2G36880,0.05462810234331785
AT2G36885,-0.13425009732931797
AT2G36890,0.11014608034433596
AT2G36895,-0.17076206401246488
AT2G36900,-0.45982133555747795
AT2G36910,-0.16492275317418909
AT2G36920,-0.2981777228799221
AT2G36930,0.29867879688950855
AT2G36950,0.05397160901978669
AT2G08845,0.1254011507693719
AT2G36960,-0.12312972679410104
AT2G36970,-0.07602782425159947
AT2G36980,0.03312982647162033
AT2G36985,0.17284075079976982
AT2G36990,0.2866049652360867
AT2G37000,-0.07263390580048483
AT2G37010,0.2300285095049176
AT2G37020,0.46555312456219056
AT2G37025,-0.23643089845463863
AT2G37030,-0.11011319079882664
AT2G37035,0.25891491503171565
AT2G37040,-0.19378479601661822
AT2G08850,0.14731858522665595
AT2G37050,0.33268875919970115
AT2G37060,-0.14002564631933762
AT2G37070,0.17526230641117646
AT2G37080,0.21156588074907598
AT2G37090,0.2466625381325605
AT2G37100,-0.6055420166641099
AT2G37110,0.26943153471199704
AT2G37120,-0.03008857689525487
AT2G37125,0.601410734840375
AT2G37130,0.31553381908060457
AT2G37140,0.15943600146666229
AT2G37150,0.5438598600231218
AT2G37160,-0.35130042373098674
AT2G08855,
AT2G37170,-0.0982008534045734
AT2G37180,-0.14256931241580398
AT2G37190,-0.10615229190923874
AT2G37195,0.5171114529490941
AT2G37200,0.41806611887827494
AT2G37210,0.20595804888922803
AT2G37220,-0.29484458987832374
AT2G37230,-0.1742094616424554
AT2G37240,0.14634487134596577
AT2G37250,-0.481778654538056
AT2G08860,
AT2G37260,-0.30701259540977177
AT2G37270,0.08663204007437089
AT2G37280,0.38157805828654723
AT2G37290,0.2569936988891728
AT2G37300,-0.11826794175677527
AT2G37310,-0.0416236384383687
AT2G37320,-0.3547041544838343
AT2G37330,0.29116768762324163
AT2G37340,-0.40852052680253653
AT2G08865,
AT2G37360,0.6348331515178343
AT2G37362,-0.04633762593956607
AT2G37370,0.006394717050044608
AT2G37380,0.2613188321154852
AT2G08870,0.1936383414491293
AT2G37390,0.1995655975446843
AT2G37400,-0.347910316037534
AT2G37410,-0.049757509428792014
AT2G37420,0.06942713509648855
AT2G37430,-0.3590024147565612
AT2G37435,0.505471668694092
AT2G37440,-0.3162489021109832
AT2G37450,-0.17631165350281897
AT2G37460,-0.411054045601663
AT2G08875,0.12812486090056152
AT2G08880,0.3681088463353766
AT2G37470,-0.2384505176179392
AT2G37480,0.165317787962564
AT2G37500,-0.1518240728614397
AT2G37510,-0.42010385590686244
AT2G37520,-0.3253712447567387
AT2G37530,-0.3510273161701189
AT2G37540,0.5631540115431294
AT2G37550,0.616457595867584
AT2G37555,-0.18372131347802947
AT2G37560,0.21244678558204924
AT2G37570,0.08586452745727043
AT2G37580,0.3047075664037386
AT2G37585,-0.18810102504054507
AT2G37590,-0.27335726790947595
AT2G37600,-0.10395971220170085
AT2G37610,0.2020339505753575
AT2G37620,0.26507685217048294
AT2G37630,0.26374260496728646
AT2G37640,0.1409256437189483
AT2G37650,-0.17078450036522946
AT2G37660,0.018511592510918384
AT2G37670,0.2293957421348715
AT2G37678,-0.6758420065983056
AT2G37680,-0.5929513852144784
AT2G37690,-0.28081489665111226
AT2G37700,0.3611246717423393
AT2G37710,0.25968590075759507
AT2G37720,-0.1307982333371666
AT2G08885,0.39420816004119946
AT2G37730,0.4932833040863207
AT2G37740,-0.3345200079395696
AT2G37750,-0.04679872981571827
AT2G37760,0.0011119094683669838
AT2G37770,-0.25167274577756527
AT2G37780,0.008872843984484366
AT2G37790,0.3209031263554738
AT2G37800,0.39379931607276725
AT2G37805,0.2526800163493784
AT2G37810,0.06606301267291152
AT2G37820,-0.23068420811404913
AT2G37840,0.09881401021181359
AT2G37860,0.12976646698693414
AT2G37870,-0.033233165743597554
AT2G37880,0.06443874667390036
AT2G37890,0.11778945339633967
AT2G37900,0.16539087546615358
AT2G08890,-0.024476677437112553
AT2G37920,0.2850855474913038
AT2G37910,
AT2G37925,-0.01770251578311147
AT2G37930,-0.2258037796621791
AT2G37940,-0.1033454214889039
AT2G08895,0.0243659999254324
AT2G37950,0.07326782609339577
AT2G37960,0.11219144428520632
AT2G08900,-0.023023575569892443
AT2G08905,-0.11101984753248524
AT2G08910,0.1277953879272773
AT2G08915,-0.3872763631359272
AT2G37970,0.30961003499151524
AT2G37975,0.32234184670881605
AT2G37980,-0.6174993813864023
AT2G37990,0.2398138588604309
AT2G38000,-0.043136915745631846
AT2G38010,0.03921624118062662
AT2G38020,-0.5188721409688989
AT2G38025,0.14415668299653203
AT2G38030,
AT2G38040,-0.016463654415154523
AT2G38050,0.5611059423559884
AT2G38060,0.006686940646079466
AT2G08920,0.34070113232610993
AT2G38070,0.043269437658362386
AT2G08925,0.144543343123359
AT2G38080,-0.1247310501494019
AT2G38090,0.3940714325918731
AT2G38100,0.7063101435306482
AT2G38110,-0.22571030982920803
AT2G08930,0.2177701227274859
AT2G38120,-0.532126651848752
AT2G08935,0.36844226495242793
AT2G38130,0.4002036610569829
AT2G38140,0.32019523851328835
AT2G38150,-0.30817858734383674
AT2G38152,-0.5146607587987124
AT2G38160,-0.3439572858236039
AT2G38170,-0.5115855771906205
AT2G08940,0.09569066488236634
AT2G38180,0.26391828015498037
AT2G38185,-0.3237841910899169
AT2G38195,-0.2713790247203313
AT2G38210,-0.22400814128546162
AT2G38220,-0.11023363577417021
AT2G38230,-0.2455234862723337
AT2G38240,-0.2736052270747233
AT2G38250,-0.5277371599720349
AT2G38255,0.049155933430854455
AT2G38270,0.12151792604379182
AT2G38280,-0.12768722998978446
AT2G38290,-0.35306412566395184
AT2G38300,-0.36344015770353166
AT2G38310,0.2764494587747419
AT2G08945,0.11784897051402479
AT2G08950,0.024170158944167904
AT2G38320,-0.13879591301511504
AT2G38325,0.11141210114524164
AT2G08955,0.10381592886781153
AT2G38330,0.603696078438612
AT2G38340,-0.16733995467967333
AT2G08960,
AT2G38350,-0.34439111029766317
AT2G38360,-0.6395197029216746
AT2G38365,0.15980595831163621
AT2G38370,0.22002000627149446
AT2G38380,-0.47147500318679475
AT2G38390,0.01140941258019017
AT2G38400,-0.42468458845660123
AT2G38410,-0.15373270211714532
AT2G38420,-0.09912311853231948
AT2G38430,0.08894770399151516
AT2G38440,-0.08274334126441422
AT2G38450,-0.052298624682640675
AT2G38460,0.21804067657857
AT2G38465,0.20225956438423542
AT2G38470,-0.22630328129339228
AT2G08965,
AT2G38480,-0.6170951636280265
AT2G38490,0.07023165601751429
AT2G38500,0.034211809505719705
AT2G38510,-0.430081983833232
AT2G38530,-0.016944439433724454
AT2G38540,0.0735890739303502
AT2G38550,0.40982925413016347
AT2G38560,-0.06323415888605592
AT2G38570,-0.27170434876977123
AT2G38580,-0.058094025959333224
AT2G38590,-0.2056244320518496
AT2G08970,
AT2G38600,0.17137315980968637
AT2G38610,0.29081323449554836
AT2G38620,0.0014061696431977157
AT2G38630,0.33522230548082166
AT2G38640,-0.47839500410793107
AT2G08975,-0.15055482295558134
AT2G38646,0.17552413008900955
AT2G38650,-0.5552621191694536
AT2G38660,-0.13183918950666507
AT2G38670,0.04445870092275298
AT2G38680,-0.1714394079160724
AT2G38690,0.21335355338928264
AT2G38695,-0.04504602519700219
AT2G38700,0.01398422278801039
AT2G38710,-0.25185044067829515
AT2G38720,-0.062266713045958245
AT2G38730,0.21515424191639115
AT2G38740,-0.38627287245004455
AT2G38750,-0.16778563614678288
AT2G38760,-0.39851393551879816
AT2G38770,0.3549873686978123
AT2G38780,-0.13594713147992513
AT2G38790,
AT2G38800,0.22095016355450756
AT2G38810,0.2330574491408299
AT2G38820,-0.3990390086512185
AT2G38823,0.007017171667792232
AT2G38830,0.2165206764787957
AT2G38840,-0.3466594697085441
AT2G38860,-0.27810037231599194
AT2G38870,-0.10861114800070545
AT2G38880,0.16036857759762443
AT2G08980,
AT2G38890,0.11692997080374763
AT2G38900,0.035539891584957836
AT2G38905,0.2800014704042414
AT2G38910,-0.17082252955015492
AT2G38920,-0.05627046861251727
AT2G38940,-0.4686709373453468
AT2G38950,0.08765554024152165
AT2G38960,0.7114792790149488
AT2G08985,0.09095192679305913
AT2G38970,0.2139080564516912
AT2G38995,-0.047622185582009674
AT2G39000,-0.33202134663434213
AT2G08990,-0.004315357544636927
AT2G39010,0.25741854583066714
AT2G39020,0.10150258641342774
AT2G39030,0.0908341193075818
AT2G39040,0.6513106753293084
AT2G39050,0.3060066733613371
AT2G08995,
AT2G39060,0.2696812041072124
AT2G39080,0.08095361997778357
AT2G39090,-0.12474398010060031
AT2G39100,0.5316011948796528
AT2G39110,-0.5912028567692839
AT2G39120,0.04498101856357891
AT2G09000,
AT2G39130,-0.5418776016859158
AT2G09005,0.1284187815278692
AT2G39140,0.10240515844554643
AT2G39160,-0.6820243704078369
AT2G39170,0.21725162051311242
AT2G09010,-0.10301986532711054
AT2G39175,-0.5029581969793593
AT2G39180,0.09755469656173503
AT2G39190,0.095304426645078
AT2G39200,-0.3302960400492737
AT2G39210,-0.046996994960513815
AT2G39220,-0.19485039481060618
AT2G09015,0.04701527084583749
AT2G09020,-0.03162176548466336
AT2G39230,-0.05319558629976705
AT2G39240,0.03935685239140239
AT2G39250,-0.4829503451351759
AT2G39260,-0.4396368917620119
AT2G39270,0.07463802760555814
AT2G09025,
AT2G39280,-0.023024004900482804
AT2G39290,-0.06336648601190042
AT2G39300,0.5104592903724645
AT2G39310,-0.2966834449547493
AT2G39320,-0.5333260231036993
AT2G39330,-0.3144980573191581
AT2G39340,-0.5075567712579994
AT2G09035,
AT2G39350,-0.2501697931485154
AT2G09040,-0.46332161552764883
AT2G39355,-0.1797248182174187
AT2G39360,0.5742278358246107
AT2G39370,0.7609314584637803
AT2G39375,-0.34064422170603
AT2G39380,
AT2G39390,0.059864436910595294
AT2G39400,-0.17071143656194293
AT2G39410,-0.35190692632105064
AT2G39415,-0.06344698505095493
AT2G39420,-0.16694664522827726
AT2G09045,
AT2G39430,0.07329857917894136
AT2G39435,-0.2096574391761873
AT2G39440,0.045227735433369866
AT2G39445,-0.29414184149156286
AT2G39450,0.007584516144129552
AT2G39460,-0.6130074114637977
AT2G39470,-0.20509920707799015
AT2G39480,-0.2755723487954589
AT2G09050,0.06768156699174074
AT2G39490,0.1653589859849265
AT2G39500,0.3825561038349419
AT2G09055,
AT2G39510,0.19486860617252685
AT2G39518,0.04984063900157156
AT2G39520,0.24600568230430025
AT2G39530,0.08710128709555615
AT2G39540,0.21800023374391878
AT2G39550,-0.17003093394881796
AT2G39560,0.08215377662999276
AT2G39570,0.10330580260433188
AT2G39580,0.006582557835750148
AT2G39590,0.2552905134041946
AT2G39600,-0.07129205658663133
AT2G39610,
AT2G39620,0.4190758910290468
AT2G39630,0.10660934247589407
AT2G39640,0.2907028486485533
AT2G39650,-0.06389710686826224
AT2G39660,0.06780524608264708
AT2G39670,0.18242648398940398
AT2G39675,0.6385190151938627
AT2G39681,-0.39111902669708565
AT2G39690,-0.3834101061848203
AT2G39700,-0.1758294044392574
AT2G09060,-0.024117384824590624
AT2G09065,
AT2G09070,0.03494418010029474
AT2G09075,0.3897730988711761
AT2G39705,-0.2756022460606319
AT2G39710,-0.06907088772745047
AT2G39720,-0.31701737974146404
AT2G39725,0.24911085253698378
AT2G39730,-0.07206756732454406
AT2G39740,-0.14130687026403663
AT2G39750,-0.44693670911955163
AT2G39760,-0.389684892010542
AT2G09080,-0.3600100527728573
AT2G39770,-0.12261938146413157
AT2G39780,0.08065973867551697
AT2G39782,0.42948923183351073
AT2G39790,0.024383565263834714
AT2G39795,0.1371170799468179
AT2G39800,-0.22483498828170934
AT2G39805,0.46341691561578885
AT2G39810,-0.2567377935622983
AT2G39820,-0.32860360992222387
AT2G39830,-0.1557194207816537
AT2G39840,-0.3030929252097596
AT2G39850,-0.06400316835910622
AT2G39851,-0.45246309155734743
AT2G39855,0.10672064430862067
AT2G39860,
AT2G39865,-0.08348588346376908
AT2G39870,0.09591741586117482
AT2G39880,-0.35264921276663397
AT2G39885,-0.16370128632141928
AT2G09085,0.13328858298530713
AT2G39890,-0.2544681829104275
AT2G39900,-0.4303543993588186
AT2G39910,-0.4596804726071179
AT2G39920,-0.05716456847007775
AT2G39930,-0.6589943052981818
AT2G09090,
AT2G39940,0.07641206063297384
AT2G39950,-0.22038680153268544
AT2G39960,0.604390784616601
AT2G39970,0.4950612140142375
AT2G39980,0.17756968741113138
AT2G39975,
AT2G09095,0.04310294860288222
AT2G09100,0.16005463425030886
AT2G39990,-0.1089577951747161
AT2G40000,0.10450453726335956
AT2G40004,0.13134530402602207
AT2G09105,
AT2G40008,0.2812796676641595
AT2G40010,0.397796171949921
AT2G40020,0.5545437157786188
AT2G40030,0.24593024872796868
AT2G40050,0.290777620197735
AT2G40060,0.5211792591731917
AT2G40070,0.02338040534495034
AT2G40080,0.08931219786907107
AT2G09110,-0.09641537872602164
AT2G40085,-0.2902245476120102
AT2G40090,0.30604658273507734
AT2G40095,0.37000575258541957
AT2G40100,0.5522336997409429
AT2G40110,-0.22368791301212
AT2G40113,0.07277509091266499
AT2G40116,0.0676367508245791
AT2G40120,-0.14703738146608553
AT2G09115,-0.020062221601402995
AT2G40130,0.08137224028647859
AT2G40140,-0.318528510136365
AT2G40150,-0.235236053776485
AT2G40160,-0.6362111225303578
AT2G40165,
AT2G40170,-0.11714369278195831
AT2G40180,-0.035856659080272885
AT2G40190,0.08157229982589782
AT2G40200,-0.6624630617862763
AT2G40205,-0.11179776148361598
AT2G40210,-0.20460148136387532
AT2G40220,-0.1366150003671907
AT2G09120,0.07188570924804236
AT2G09125,-0.42801234409160904
AT2G40230,0.005186081653463034
AT2G40240,0.0861692821656487
AT2G40250,0.5757872556935993
AT2G40260,-0.07357282622366289
AT2G09130,0.08620833121014633
AT2G09135,0.14258800839205554
AT2G40270,0.02950934155345813
AT2G09140,0.06251984836558012
AT2G40280,-0.4610070149138388
AT2G40290,-0.512623958783086
AT2G40300,-0.8165067509217357
AT2G40310,0.2398915481126586
AT2G40316,0.36865307262254055
AT2G40320,-0.11489742180192394
AT2G40330,0.2295352659935069
AT2G40340,-0.2919710611031293
AT2G40350,0.06488414412902753
AT2G40360,-0.0962739484031996
AT2G40370,0.291145553481738
AT2G40380,0.006922714150456397
AT2G40390,-0.010073632796301189
AT2G40400,-0.44795881551165845
AT2G40410,-0.04759229608553282
AT2G40420,0.1492027336728412
AT2G40430,0.02114770705562978
AT2G40435,-0.4729797548597996
AT2G40440,0.2351620068553091
AT2G09150,0.19389034338988967
AT2G40450,-0.2275681583006037
AT2G09155,-0.03876583857593542
AT2G40460,-0.1473124716766578
AT2G40470,-0.07387194085640365
AT2G40475,-0.05128103226111272
AT2G40480,-0.05062738903619348
AT2G40490,-0.4020306538525248
AT2G40500,0.16069316272065703
AT2G40510,0.04626508803483593
AT2G40520,0.18821105967957932
AT2G40530,0.17685713992891844
AT2G40540,0.07435002818962765
AT2G40550,-0.0016060306186399167
AT2G40560,0.17812320798073705
AT2G40570,-0.09785201168015392
AT2G40580,0.09463542232019766
AT2G40590,-0.49652255346017876
AT2G40600,0.17136773487135742
AT2G40610,-0.3091897278628876
AT2G40620,0.2802534899827612
AT2G40630,0.2648491870572772
AT2G40640,-0.09699471455941938
AT2G40650,-0.18979859593748707
AT2G40660,-0.15602256353262117
AT2G40670,-0.1350620709992862
AT2G40690,0.4073730884598236
AT2G40700,-0.3905937259356741
AT2G09160,0.2509473348726052
AT2G40710,-0.19859289793765733
AT2G40711,-0.03079993311764333
AT2G09165,0.053597044084946435
AT2G40715,0.1256463657155862
AT2G09170,
AT2G40720,-0.24904165109146534
AT2G09175,
AT2G40730,-0.2838972494191296
AT2G40740,-0.4825819359231509
AT2G40750,0.23816539339607776
AT2G09180,
AT2G09185,-0.09737202495594122
AT2G40745,0.2378659363226741
AT2G40760,-0.2772543043281825
AT2G40765,0.023372577784845742
AT2G09190,
AT2G40770,-0.6874034301255244
AT2G40780,0.06253256410572529
AT2G40790,0.04137196583963223
AT2G40800,0.7362836027741133
AT2G40805,-0.2933040583897307
AT2G09195,-0.05040445452260017
AT2G40810,-0.15937285210350782
AT2G40815,0.3951937189836657
AT2G09200,
AT2G40820,0.026968727119014477
AT2G40830,-0.13181655853113103
AT2G40840,-0.2794234436203128
AT2G40850,0.5997499401808555
AT2G40860,0.6959395158039112
AT2G40880,0.3285352000339079
AT2G40890,-0.3288383403806823
AT2G09205,
AT2G40900,0.07109908034595451
AT2G40910,0.05687831898332354
AT2G40920,-0.07531674958493009
AT2G40925,0.17072818344679608
AT2G40930,-0.21578228866051355
AT2G40935,-0.10335937223638036
AT2G40940,0.055625082896255736
AT2G40950,-0.11276950950334524
AT2G40955,0.04787608494430213
AT2G40960,-0.10134232055319793
AT2G40970,0.48560086028971694
AT2G40980,0.272828608899908
AT2G40990,-0.03166862322100754
AT2G40995,0.4255563803875954
AT2G41997,0.03798167676765562
AT2G41000,0.34629786460198675
AT2G41010,0.2838714766941558
AT2G09210,0.23820928678780892
AT2G41020,0.5717485947320482
AT2G41040,-0.2297233695385586
AT2G41050,-0.6840798174109158
AT2G41060,-0.035777058790773954
AT2G41070,0.2675009129908781
AT2G09215,
AT2G41080,-0.027381140706008465
AT2G41082,-0.0752069576741438
AT2G41090,0.09454981888572048
AT2G09220,
AT2G41100,-0.4670457254472634
AT2G41105,
AT2G41110,-0.26462902870137545
AT2G09225,
AT2G41120,0.5422661578927611
AT2G09230,
AT2G41130,0.22072996604268502
AT2G09235,0.8528759336626586
AT2G41140,-0.3458807432400059
AT2G41150,0.07076734532578188
AT2G41160,0.08082690888438701
AT2G41170,-0.03133506419357964
AT2G41178,-0.15214211763789734
AT2G41180,
AT2G41190,0.15572118559194703
AT2G41200,0.006381280032552292
AT2G41210,-0.10592825696622044
AT2G41220,0.4977780195822666
AT2G41225,0.1622424411550195
AT2G41230,-0.11228592088431652
AT2G41231,0.07259605750572481
AT2G41240,0.08445976480677324
AT2G41250,0.20567054635165216
AT2G41260,0.19384911938542193
AT2G41280,-0.427919366491608
AT2G41290,0.38422381863825017
AT2G09240,0.29048621739754193
AT2G41300,-0.026682910289170306
AT2G09245,0.24074572820601745
AT2G41310,0.05029209810991725
AT2G09250,
AT2G41312,0.0960466518279448
AT2G41330,-0.1660846659579093
AT2G41340,-0.21534522451790353
AT2G41342,
AT2G41350,-0.19097547139103024
AT2G41355,
AT2G41360,-0.05482490863341517
AT2G41370,0.2928747006387367
AT2G41375,
AT2G09255,0.3520329539016816
AT2G41380,0.09975674465396328
AT2G41390,-0.20986973006200385
AT2G41400,-0.09649406147881455
AT2G09260,0.08912210636534008
AT2G09265,-0.16212558488572348
AT2G41410,-0.2535241037841396
AT2G09270,0.12912800807213193
AT2G41415,-0.025726975163188177
AT2G41417,
AT2G41420,-0.5783347367335678
AT2G41430,0.4040026924867837
AT2G41440,0.5133207135355657
AT2G41445,-0.4210426027031229
AT2G41450,0.3267241687907673
AT2G41451,0.1134249779268301
AT2G41460,-0.41881179906277205
AT2G09280,
AT2G41470,-0.0390528292566176
AT2G41473,0.10240095343025718
AT2G41475,-0.02585383589567432
AT2G41480,-0.5384952375530809
AT2G41490,-0.17415449197446717
AT2G41500,0.005598807640132533
AT2G41505,0.20061623412565338
AT2G41510,-0.2677197875835427
AT2G41515,
AT2G41520,-0.6436098566070414
AT2G41530,-0.35163852983163535
AT2G41540,-0.5027904729343492
AT2G41550,0.1620272684035764
AT2G41560,0.26192289916314165
AT2G41590,-0.08519902877176283
AT2G41600,0.042794665487544445
AT2G41610,0.09047483095275567
AT2G41620,-0.6760802858371837
AT2G41616,
AT2G41630,-0.41407451100202003
AT2G09285,-0.07673293138162093
AT2G41640,0.2442764499872509
AT2G41650,0.026905064578542713
AT2G09290,-0.07150454959477741
AT2G41660,-0.18863445046955477
AT2G09295,0.01544602788827381
AT2G41670,0.1844901382459313
AT2G41680,0.44468375772071833
AT2G41690,-0.2575470200181237
AT2G41700,0.02261804019687384
AT2G41705,0.16497397126406763
AT2G09300,
AT2G41710,-0.5798966416520295
AT2G09305,
AT2G41720,-0.304701209329525
AT2G41730,-0.31621572581304036
AT2G41740,-0.2203640675593545
AT2G41750,0.3100229061685203
AT2G41760,0.12035561151188869
AT2G41770,0.025907706149841916
AT2G09310,
AT2G41780,0.23622940781275065
AT2G41790,-0.4170612911195248
AT2G41800,-0.189178444715411
AT2G41810,-0.17685976469629142
AT2G41820,0.2073820680138288
AT2G41830,0.1083077694588617
AT2G41835,0.2519662892781947
AT2G41840,0.18593275659536435
AT2G41850,0.09242174152613053
AT2G41860,-0.09039502513974386
AT2G41870,0.029222947162668055
AT2G41880,0.35559943012465844
AT2G41890,0.2446677460086788
AT2G09315,0.18328981752605253
AT2G41900,-0.010235776920936098
AT2G41905,-0.3063766792748272
AT2G41910,0.3353554639835112
AT2G41920,-0.171114716043254
AT2G41930,-0.2061565563802796
AT2G09320,0.1722030330703378
AT2G41940,0.19424966337461905
AT2G41945,-0.36716853923197745
AT2G41950,0.0780348696782491
AT2G41960,-0.009116438079956806
AT2G09325,
AT2G41970,0.14851300961354189
AT2G41980,0.09114944365330607
AT2G41990,-0.026336219649900704
AT2G42000,0.24494628137493904
AT2G42005,0.23273762773223036
AT2G42010,-0.16844636678450522
AT2G42020,
AT2G42030,0.2783361711682103
AT2G42040,0.12130261270238961
AT2G42060,-0.3718700535449268
AT2G42070,0.07043393597032152
AT2G42065,0.15283365121604084
AT2G42080,0.06088173405101064
AT2G42090,0.4308671770331498
AT2G09330,0.23514422012988245
AT2G42100,0.2689412566118783
AT2G42110,-0.3318079420905029
AT2G42120,0.1462664450333149
AT2G42130,0.41593566441349344
AT2G42140,-0.01963594611474674
AT2G42150,-0.009112088853290451
AT2G09335,
AT2G42160,0.15659721821048025
AT2G42170,0.14215488441083657
AT2G42180,0.19588917777976603
AT2G42190,-0.08619073019348127
AT2G42200,-0.31594626836897977
AT2G09340,
AT2G42210,-0.251631506679794
AT2G42220,0.1775415352856155
AT2G42230,-0.41217440131678645
AT2G09345,
AT2G42240,0.11536990455806143
AT2G42247,-0.1793257489706985
AT2G42250,
AT2G42260,0.30113972915127735
AT2G42270,-0.2840410019703733
AT2G42280,-0.7376181547135018
AT2G09350,
AT2G09355,
AT2G09360,-0.20201338060478008
AT2G42290,-0.2894005524048952
AT2G42300,-0.47612693957572716
AT2G42310,-0.10520010429942328
AT2G09365,0.21527022263635576
AT2G42320,0.0832497252197111
AT2G42330,0.017096326953779616
AT2G09370,
AT2G42340,0.5041218473804123
AT2G42350,0.08978773253034136
AT2G42360,0.06885648595490919
AT2G42365,-0.03317031747694877
AT2G42370,
AT2G42380,0.14435046884360384
AT2G42388,0.6715578940423169
AT2G42390,0.013506908305900085
AT2G42395,0.27140709706989563
AT2G42400,-0.07642486159162866
AT2G09375,0.2547142370083182
AT2G42410,0.2282350741062659
AT2G42420,0.08843494653095496
AT2G42425,0.08161650517324051
AT2G42430,-0.4133376608020271
AT2G42440,0.38294360394934873
AT2G42450,-0.18645015593501443
AT2G42455,0.009738878199498128
AT2G42460,0.1030761218875294
AT2G42465,0.0847047244816765
AT2G42470,0.1938903358060084
AT2G42475,-0.5418595374367418
AT2G42480,-0.33081555194675055
AT2G42485,0.05732147670630699
AT2G42490,0.42176790159478494
AT2G42500,-0.727711379109232
AT2G42510,-0.023330861730003857
AT2G42520,0.6655239702384647
AT2G42530,-0.01578779224434128
AT2G42540,0.029481872036892398
AT2G42550,0.0678824094376633
AT2G42560,0.16104094050941506
AT2G42570,0.1459470272156399
AT2G42580,0.05458205162800891
AT2G42590,0.47460590768891203
AT2G42600,-0.21258367303559803
AT2G42610,-0.34490430981886355
AT2G09380,0.18259138850422063
AT2G42620,-0.1036626427200107
AT2G42640,-0.31196007143411086
AT2G42650,-0.30041169152758024
AT2G42660,-0.023390584927556496
AT2G09385,0.21952162364384661
AT2G09390,0.08851319832866966
AT2G42670,0.36819039320878816
AT2G42680,0.22625291551042948
AT2G42690,0.21929293599559674
AT2G09395,
AT2G42700,0.13929005392942465
AT2G42710,-0.517663071583061
AT2G42720,0.12210844977071887
AT2G42725,0.33983534120123626
AT2G42730,-0.36708213112074084
AT2G42740,0.14719165279075982
AT2G42750,-0.1384377374231114
AT2G42760,0.2519880762202283
AT2G42770,0.4030993468055717
AT2G42780,0.24712224642199312
AT2G42790,-0.3419912657774441
AT2G09400,
AT2G42800,-0.4085567918563295
AT2G42810,0.22568663108774856
AT2G42820,0.062044171270199046
AT2G42830,-0.021764529464639536
AT2G42835,0.11025875749883879
AT2G42840,0.02799163241877565
AT2G42850,0.06551977178014701
AT2G42860,0.50820838984979
AT2G42865,0.4374601711811742
AT2G42870,0.0536314069755739
AT2G09405,-0.3699852837451546
AT2G42880,0.6675042233323017
AT2G42885,-0.7794268682994607
AT2G42890,0.20745024289696934
AT2G42900,-0.3245496035148218
AT2G42910,-0.0689783644439538
AT2G42920,-0.46029040307665947
AT2G42930,
AT2G42940,
AT2G42950,-0.33040471536287247
AT2G42955,0.041810440716366026
AT2G42960,0.040623187012822595
AT2G42970,0.14898125106691285
AT2G42975,0.2277188741357186
AT2G42980,-0.2867012184452679
AT2G42990,-0.18627117505884416
AT2G43000,-0.25613458573405595
AT2G09410,-0.1043566024803191
AT2G43010,0.4386866473313231
AT2G43020,0.16608291140138406
AT2G43030,0.15644583751761665
AT2G43040,0.18641373548031875
AT2G43050,0.12508683995136627
AT2G43060,-0.34071307490847336
AT2G43070,-0.331174785028394
AT2G43080,0.16558605858194092
AT2G43090,0.1440324015082091
AT2G43100,-0.34850620116721226
AT2G43110,-0.3131672656988306
AT2G43137,
AT2G43138,
AT2G43139,
AT2G43141,
AT2G09415,0.00175025982749378
AT2G43120,-0.4373759986159519
AT2G43130,0.14507474180722374
AT2G43140,-0.30064877401624773
AT2G09420,
AT2G43150,0.18139965372108982
AT2G43160,-0.013679535026503795
AT2G09425,
AT2G43180,0.21986509943322327
AT2G43190,-0.17950985679131654
AT2G43200,-0.00013755469167024773
AT2G43210,0.06663461797869184
AT2G43220,0.0850459100247361
AT2G43230,0.11828282557875983
AT2G43235,-0.10386439169848345
AT2G09430,
AT2G43240,0.026679634579524006
AT2G43250,-0.3364418625632985
AT2G43255,0.37092170105972017
AT2G43260,0.26292136292745827
AT2G43261,0.31891990307453827
AT2G43270,-0.1336589253010695
AT2G43280,-0.008660777198424915
AT2G43290,0.005389335961037507
AT2G43300,-0.10466594052115302
AT2G43310,0.6438192812387056
AT2G09435,
AT2G43320,-0.03965922811862813
AT2G09440,
AT2G43330,0.061767349787404655
AT2G09445,0.18905719935367463
AT2G09450,-0.0874350759673153
AT2G43340,-0.6923017250658934
AT2G43350,-0.3111768568537922
AT2G09455,
AT2G43360,0.21239608875985908
AT2G43370,-0.4058699622600822
AT2G43375,0.32650666719341725
AT2G09460,
AT2G09465,
AT2G43386,0.09807135126206039
AT2G43390,-0.21546971355317604
AT2G43400,-0.23532710465091217
AT2G43410,0.139103693777017
AT2G09470,
AT2G43420,0.24135535052367904
AT2G43430,-0.3706351170574761
AT2G43440,0.021399956696587934
AT2G43445,-0.0941171371393335
AT2G43450,-0.04199926694439994
AT2G09475,0.3382690079446878
AT2G43460,0.37336752839974535
AT2G43465,0.16538888401661278
AT2G43470,-0.19538871603378336
AT2G43480,-0.036284587420705214
AT2G43490,-0.34810395611838646
AT2G09480,0.2924017920639883
AT2G43500,-0.0004112839754543809
AT2G43510,0.07532977146720274
AT2G43520,0.4766104355635983
AT2G43530,0.17429723284650853
AT2G43535,0.43276488453418316
AT2G43540,0.2732306649279574
AT2G43550,0.29117705583737247
AT2G43560,-0.38755826057877263
AT2G43570,-0.033065845983659185
AT2G43580,-0.18820871190146066
AT2G43590,0.1979226520715246
AT2G43600,-0.017367328442340058
AT2G43610,-0.028667675450237327
AT2G09490,0.39839976728868776
AT2G43620,0.06801841289892085
AT2G43630,-0.44237594922098605
AT2G43640,0.3390403525871214
AT2G09495,
AT2G43650,0.12621669067799476
AT2G43660,0.04025185847148451
AT2G43670,0.006583303708378284
AT2G43680,0.44074388589358565
AT2G43690,0.06796443964066946
AT2G43700,-0.05906752271824761
AT2G43710,-0.22930047917160262
AT2G43720,-0.2310712702637971
AT2G43730,-0.28039066853252437
AT2G43740,-0.1025152092051222
AT2G43745,0.04408770810360615
AT2G43750,0.47082945319717634
AT2G43760,-0.4309547352955361
AT2G43770,0.4611626956557298
AT2G43780,0.36138723461876476
AT2G43790,-0.2956740279644869
AT2G09500,
AT2G43795,0.2200084079743029
AT2G43800,-0.10897183958787267
AT2G43810,0.29415722914968423
AT2G43820,0.08711673034363308
AT2G43840,0.29153938906428956
AT2G09505,
AT2G43850,-0.2753777702709618
AT2G43860,0.2768215785742549
AT2G43865,0.1132285586564343
AT2G43870,0.2966995078801018
AT2G43880,-0.40954167479887776
AT2G43890,-0.2435585287602965
AT2G43900,-0.04295663044290776
AT2G43910,0.32152583359183395
AT2G43920,0.4128714854271878
AT2G43930,-0.5089898012924122
AT2G43940,0.07753709999761288
AT2G43945,0.16900914290726968
AT2G43950,0.31478913878414
AT2G43960,-0.44612754869159776
AT2G43970,0.1188070381447949
AT2G43980,0.46763150761438094
AT2G43990,-0.13453515431224392
AT2G44000,-0.2674404506653654
AT2G44010,-0.4003167452670058
AT2G44020,0.3385017773619694
AT2G44030,0.5325283506458477
AT2G44040,-0.3313610984482575
AT2G44050,-0.27587730871375366
AT2G44060,0.3589183650149632
AT2G44065,0.17021287248448008
AT2G44070,0.307291753438226
AT2G44080,0.019702090856542794
AT2G44090,-0.48490785802261566
AT2G44100,-0.0652701433024919
AT2G09510,
AT2G44110,-0.07629711709564803
AT2G44120,0.3686302458760613
AT2G44140,-0.7584041776270287
AT2G44130,
AT2G44150,-0.35395581743006765
AT2G44160,0.3204777439018272
AT2G44175,0.07628382458836122
AT2G44180,-0.5540477354313239
AT2G44190,0.1106659671333382
AT2G44195,0.33113418679201795
AT2G44198,
AT2G44200,-0.20727150961395965
AT2G44210,-0.019497411272642217
AT2G44220,-0.3612598164486644
AT2G44230,-0.2722330900030819
AT2G44240,0.0424420446351072
AT2G44250,0.08965198068323735
AT2G44255,0.21824333516941274
AT2G44260,
AT2G44270,0.4437069930555064
AT2G09515,0.1261365747908109
AT2G44280,-0.5926820501155868
AT2G44290,-0.4597060077412385
AT2G44300,-0.351024454817999
AT2G44310,0.17546181194132673
AT2G44320,0.18239794540007115
AT2G44330,-0.18353046766505002
AT2G44340,0.028306441282415357
AT2G44350,-0.11696159805735798
AT2G44360,0.671727904099069
AT2G44370,0.08493432493295607
AT2G44380,0.17646321575479104
AT2G44390,-0.15132791374812815
AT2G44400,-0.3087387374374257
AT2G44410,-0.03832452484435047
AT2G44420,-0.07164614956817242
AT2G44430,0.29808686144649355
AT2G44440,0.30794424835823625
AT2G44450,-0.3733858394473716
AT2G44460,-0.4291737900278733
AT2G09525,-0.6087335845141688
AT2G44470,-0.025492021230542297
AT2G44480,-0.5386564072945228
AT2G44490,-0.3210995881487773
AT2G09530,0.3942985636846131
AT2G44500,-0.33029002448556727
AT2G44510,0.41861969195760407
AT2G44520,-0.08213410453557517
AT2G44525,0.25076094165457313
AT2G44530,-0.6130426325272068
AT2G44540,-0.633561996102308
AT2G44550,0.1946404221291469
AT2G44560,0.06122692465880839
AT2G44570,-0.25632275432751755
AT2G44581,0.10295963259350183
AT2G44578,0.2534040902718174
AT2G44580,0.1045903636405142
AT2G44590,-0.04608080340100023
AT2G44600,-0.12628868646413893
AT2G44610,-0.4579358945145072
AT2G44620,0.05019554002039243
AT2G44630,0.07827349838794316
AT2G44640,0.1595445088276773
AT2G44650,0.5762709174824673
AT2G44660,-0.07208565671671968
AT2G09535,0.10902914543196758
AT2G44670,0.10502404204333368
AT2G44680,-0.16297342465250134
AT2G44690,-0.16902328450380477
AT2G44700,-0.3253837086009483
AT2G44710,-0.37987144536176676
AT2G44730,0.3079063355335872
AT2G44735,0.029929546966411313
AT2G44740,-0.6302505144892989
AT2G44745,-0.06104163315940714
AT2G44750,-0.07147833616370351
AT2G44760,-0.26194914821777354
AT2G44770,-0.08286494186901858
AT2G44790,-0.3841475736061103
AT2G09540,0.0918366870519882
AT2G09545,
AT2G44798,-0.23915958369840407
AT2G44800,
AT2G44810,0.1097422944530007
AT2G44820,0.040859801577890535
AT2G44830,0.30888228434123477
AT2G44840,0.35186145781883227
AT2G09550,-0.3780773641507897
AT2G09555,-0.45218066864237544
AT2G44850,0.5323426084968964
AT2G09560,
AT2G44860,-0.1320335917105828
AT2G09565,
AT2G44870,0.09054370333038236
AT2G44880,0.34800158744629195
AT2G09570,
AT2G44890,-0.2576282457868403
AT2G09575,-0.14152911682792754
AT2G44900,-0.26785103112219166
AT2G44910,0.24920664432939688
AT2G09585,-0.17028845434783613
AT2G09590,-0.3023610152777531
AT2G44920,0.26753232604922283
AT2G44925,-0.07649557009586151
AT2G44930,0.3813628160586085
AT2G44940,0.37417320355161987
AT2G44950,-0.18346662698153818
AT2G44970,-0.38423091521100367
AT2G44980,-0.12369485321985285
AT2G44990,-0.12827128969171475
AT2G44995,0.18817115910758672
AT2G44993,0.14374468618157407
AT2G45000,0.40748193562128854
AT2G45010,-0.6211539629316607
AT2G45020,
AT2G45023,0.23115598521850844
AT2G45030,-0.20896561609699202
AT2G45040,0.12767785367043263
AT2G45050,-0.010556819238915811
AT2G45060,0.4321436815573762
AT2G45070,0.00512764387770571
AT2G45080,-0.3469287827561175
AT2G45100,-0.5037453055249523
AT2G45110,0.2809999229677452
AT2G45120,-0.28250470409275663
AT2G45130,0.19217822803857973
AT2G45135,0.08533665203426402
AT2G45140,0.08745835621036897
AT2G45150,-0.30323187115480943
AT2G45160,0.5599116787230924
AT2G45170,-0.13565103321960237
AT2G45180,0.20730826033987648
AT2G45190,-0.06992212587507705
AT2G45200,-0.5269278238753509
AT2G45210,0.19765425590228453
AT2G45220,-0.3025380769353101
AT2G45240,-0.08468239265297171
AT2G45245,-0.2151848338279178
AT2G45243,
AT2G45250,-0.02342574856600706
AT2G45260,0.19871839572821967
AT2G45270,-0.34143527793300327
AT2G45280,-0.017694587442073854
AT2G45290,-0.20390904815483923
AT2G45300,0.22669697413403772
AT2G45310,
AT2G45315,
AT2G45320,-0.05940042052948076
AT2G45330,-0.22594570558407673
AT2G45340,-0.065650793120032
AT2G45350,-0.12712041497328225
AT2G45360,-0.2294901716537687
AT2G09605,
AT2G45380,-0.41668200016675944
AT2G09610,0.009146001154956156
AT2G45390,0.10097683984529132
AT2G45400,0.03240982537468548
AT2G09615,-0.08389067790688154
AT2G45403,0.3466909976590188
AT2G45405,-0.7857727741558941
AT2G45406,0.06951680303037011
AT2G45410,0.3018212644357194
AT2G45420,0.32174972573080673
AT2G09620,-0.039674075217076596
AT2G09625,
AT2G09630,
AT2G09635,0.17389710032136757
AT2G45430,-0.47540738260008414
AT2G45440,-0.05564941085737853
AT2G45450,-0.23947501305114305
AT2G45460,-0.0027523241136441536
AT2G45470,0.030440749342239018
AT2G45480,0.3088043156212003
AT2G45490,0.09347569388657204
AT2G45500,-0.2221172702594012
AT2G45510,-0.10223647091726755
AT2G45520,-0.01468631024415531
AT2G45530,0.041465724363375284
AT2G09640,
AT2G45540,0.2103368322278898
AT2G09645,
AT2G09650,
AT2G45550,0.062247115879166245
AT2G45560,-0.3117359385369103
AT2G45570,0.34306671370298825
AT2G45580,0.188093368637732
AT2G45590,-0.3231462836936203
AT2G45600,-0.350446763453686
AT2G45610,0.11826372189139366
AT2G45620,0.6165529317776932
AT2G45630,-0.3977032450002779
AT2G45640,0.06718144947914959
AT2G45650,-0.3864120587674415
AT2G45660,0.1772561227849879
AT2G09655,0.24901172842634517
AT2G45670,-0.28937776868589843
AT2G45680,
AT2G45685,
AT2G45690,0.12674177766555922
AT2G45695,-0.04179805950014541
AT2G45700,0.0979068492612054
AT2G45710,-0.12456005985349092
AT2G45720,0.15009803602538294
AT2G09660,
AT2G45730,-0.2390099078895099
AT2G45740,0.29984830901379556
AT2G45750,0.33225518634920614
AT2G45760,-0.1275606139844868
AT2G45770,0.4358161826591178
AT2G45780,0.15776543166399082
AT2G45790,0.4214381308513971
AT2G45800,0.13989516167132224
AT2G09665,
AT2G45810,0.20050828483046043
AT2G45820,0.3992866482087833
AT2G45830,0.15292668042057203
AT2G45840,-0.05987168135601242
AT2G45850,0.09065152477847911
AT2G45860,-0.045713739158702284
AT2G45870,-0.12892331757584827
AT2G45880,-0.052418736662179104
AT2G45890,-0.6511872391008164
AT2G45900,0.19987471152935998
AT2G45910,-0.00597315586783707
AT2G45920,0.13071031320758017
AT2G45930,0.06782535408028481
AT2G09670,
AT2G45940,-0.07793997235875985
AT2G45950,0.12195430889633865
AT2G45960,0.119131669997164
AT2G45970,-0.34456461185595655
AT2G45980,-0.20151918919742734
AT2G45990,-0.17174273292647702
AT2G09675,
AT2G46000,-0.06442969579421683
AT2G46020,0.07243674293141575
AT2G46030,-0.1437499767634104
AT2G46040,0.12659875436020257
AT2G46050,-0.26317472875303477
AT2G46060,0.18866983104372595
AT2G46070,-0.9100964767400443
AT2G46080,-0.012955130529681438
AT2G46090,0.026216895235188525
AT2G46100,0.4289298929486292
AT2G46110,0.30971131413846825
AT2G46120,-0.03313038167900886
AT2G46130,-0.2586891520933236
AT2G46140,-0.4125809696672639
AT2G46150,-0.24520570501838704
AT2G46160,-0.12826948298540422
AT2G46170,0.08704864501642012
AT2G46180,-0.0763161505333034
AT2G46190,0.04397571799242997
AT2G09680,
AT2G46192,-0.06846293845123584
AT2G09685,
AT2G09690,
AT2G09695,
AT2G09700,
AT2G09705,0.00425918420684932
AT2G46200,-0.1410382200891562
AT2G46210,0.023724663774706303
AT2G46220,0.408799904140686
AT2G46225,0.29400351932527624
AT2G09710,
AT2G46230,0.506429786412377
AT2G46240,0.3842840131088072
AT2G46250,0.21800488408686622
AT2G46255,-0.49330932749908707
AT2G46260,0.12216913317183198
AT2G46270,0.03986355739798109
AT2G46280,-0.13982406430863276
AT2G46290,0.016947771998283498
AT2G46300,-0.02515883151287667
AT2G46308,-0.7070101249433748
AT2G46310,0.05829227268244703
AT2G09715,0.03769220072504327
AT2G46320,0.4241196967607526
AT2G46330,-0.39313698114856516
AT2G46340,0.026615689310188612
AT2G46360,-0.022799594213555947
AT2G46370,0.4178676910191835
AT2G46375,0.029656945576375292
AT2G46380,0.057874922690439534
AT2G46390,0.5005670014799107
AT2G46400,0.29476308257550937
AT2G46410,0.09728684383204465
AT2G46420,-0.5723992262845611
AT2G46430,-0.057062876462083745
AT2G46440,-0.2538142872419892
AT2G46450,0.3080309998324493
AT2G46455,-0.09313449462643789
AT2G46460,0.09358619491076112
AT2G46470,-0.37752586444362907
AT2G09720,0.09769902650752992
AT2G46480,0.21917863891332665
AT2G46490,-0.2674762068618069
AT2G46493,0.2654244832487273
AT2G46494,-0.18764170762440682
AT2G46495,0.3698019752555696
AT2G46500,-0.5369419337531549
AT2G46505,-0.18001286242086878
AT2G46510,-0.27916320766624064
AT2G09725,-0.20073846865963177
AT2G46520,-0.13766393342186753
AT2G09730,0.3656184439278693
AT2G46530,-0.06969750991926776
AT2G46535,-0.06905603365911983
AT2G46540,0.014333301241044375
AT2G46550,0.3788375070073795
AT2G46560,-0.33666065673217976
AT2G46572,-0.027702409698404304
AT2G46570,
AT2G46567,
AT2G46580,0.24574277774287226
AT2G46590,-0.5001376207471622
AT2G46600,-0.22063101689620226
AT2G09735,
AT2G46610,0.30993316779417657
AT2G09740,
AT2G46620,0.0509324767790501
AT2G46630,0.48119749781226945
AT2G46640,-0.38155413209681954
AT2G46650,-0.25043669261963647
AT2G46660,0.21823707259485445
AT2G09745,0.08722721592856696
AT2G46670,0.19799043464801783
AT2G46680,-0.46983828891681884
AT2G46685,0.20457663664659914
AT2G09750,-0.34099653944914793
AT2G46690,0.5383653959103538
AT2G46700,0.40393272472106434
AT2G09755,-0.027589795719597913
AT2G46710,-0.1596509807491927
AT2G46720,0.2895537828766661
AT2G46735,-0.11706512951907318
AT2G46740,0.11491715483034395
AT2G46750,-0.5185928541807336
AT2G46760,-0.031386422348131486
AT2G46765,0.23635399164817597
AT2G46770,-0.1438579501809354
AT2G46780,-0.18277811622537649
AT2G46790,0.16248866680107873
AT2G46800,-0.5738401901954294
AT2G46810,0.45349543714271906
AT2G46820,0.1944088844358831
AT2G46830,-0.04374430940855704
AT2G46840,-0.07063919942660007
AT2G46850,-0.0075147457346097755
AT2G46860,0.49246454355619285
AT2G46870,0.09638174816097861
AT2G09760,0.3296431503581886
AT2G46880,0.0033642369720777317
AT2G46890,-0.33245128641000526
AT2G46900,-0.46623614918506445
AT2G46910,-0.3164857493588462
AT2G46915,-0.24920896866037984
AT2G46920,0.01130198339556288
AT2G46930,-0.3428304376127905
AT2G46940,-0.06294508793967131
AT2G09765,-0.0166847139040629
AT2G46950,-0.2587752412446742
AT2G46960,-0.06952064505633015
AT2G46970,-0.07676304532113676
AT2G46980,0.5299960642517443
AT2G09770,-0.32766836502596786
AT2G46990,0.40458973809505233
AT2G46995,0.36606544864678736
AT2G47000,-0.3654407263719534
AT2G09775,
AT2G09780,
AT2G47010,-0.3130804398295681
AT2G47020,0.48467473210566103
AT2G47015,
AT2G47030,0.023581529451565244
AT2G47040,-0.07503088211234822
AT2G47050,0.004053567766857002
AT2G47060,0.41968737850472454
AT2G47070,-0.026320042156115327
AT2G47090,0.14378084945705116
AT2G47100,0.06659627759568101
AT2G47110,0.3609593446549388
AT2G09785,
AT2G47115,-0.18385117699243017
AT2G47120,0.13694382396212765
AT2G47130,0.38909596816406644
AT2G47140,-0.05651381658723818
AT2G47150,0.21373488993084827
AT2G47160,0.006785009026332848
AT2G47170,-0.03306281093560232
AT2G09805,
AT2G09815,
AT2G47180,-0.20595036805917197
AT2G09825,0.26516611649228344
AT2G47190,0.16617578859030857
AT2G47200,-0.35701290819715953
AT2G47210,-0.3200300639531764
AT2G09835,0.1091945956858752
AT2G47220,-0.2679205160103319
AT2G47230,-0.23417950024166262
AT2G47240,-0.0622633087957744
AT2G47245,0.13052002165186852
AT2G47250,-0.10701368545514713
AT2G47260,-0.389785370687405
AT2G47270,0.30352658868796817
AT2G47275,-0.2674399148502269
AT2G09845,-0.213672055941209
AT2G47280,0.21777905450803192
AT2G47300,0.1509983181427911
AT2G09875,-0.1675643767264054
AT2G47310,0.12018044176561514
AT2G47320,-0.5366462617088936
AT2G47330,0.14042794752872662
AT2G47340,0.18629230114091996
AT2G47350,-0.05729366204330106
AT2G47360,0.100923497987414
AT2G47370,-0.06088979166813541
AT2G47380,0.056148821074545344
AT2G09885,
AT2G47390,-0.03578576931364848
AT2G09895,
AT2G47400,0.5432756661043964
AT2G47410,-0.06109524831833118
AT2G47420,-0.1577940630259018
AT2G47430,0.1769629587410673
AT2G47440,0.46642418138826336
AT2G47450,0.5991303670037972
AT2G47460,-0.4212177540187208
AT2G47470,0.010795938036514817
AT2G47480,0.08204693007528918
AT2G09905,
AT2G47485,-0.1510457853269075
AT2G47490,-0.20995861436708485
AT2G09915,-0.48475607312759156
AT2G47500,0.560724560279945
AT2G47510,-0.3879583080394764
AT2G47520,0.14732343585661103
AT2G47530,0.18616290530436494
AT2G47540,0.2435594698338089
AT2G47550,0.6334370277064862
AT2G09925,
AT2G47560,0.14651173867792885
AT2G09935,
AT2G47570,-0.2403697557787299
AT2G47580,-0.09238321223083622
AT2G09945,
AT2G47585,-0.006229478573647979
AT2G47590,0.4948992032567557
AT2G47600,0.20734072622406077
AT2G47610,0.1721519739277789
AT2G47620,-0.4828658836429396
AT2G47630,-0.2196068536644116
AT2G47640,-0.05746792068633402
AT2G47650,0.66301594560353
AT2G47670,-0.2909042362440882
AT2G47680,0.1191548237873525
AT2G47690,-0.2584515904282775
AT2G47700,0.606990220855072
AT2G47710,0.5205640542631264
AT2G47730,-0.20959775406454983
AT2G47720,
AT2G47740,0.04839118175525977
AT2G47750,0.13030654784371942
AT2G09955,0.20986253909933938
AT2G47760,-0.07697588616387635
AT2G09965,
AT2G47770,0.22068164842341514
AT2G47780,-0.9604407382044107
AT2G47790,-0.15953957806115895
AT2G47800,0.16092310751991148
AT2G47810,-0.5899721751626426
AT2G47820,-0.20507886294576602
AT2G47830,-0.11572040261332288
AT2G47840,0.314980249414158
AT2G47844,-0.03194167259335152
AT2G47850,-0.15628002248772374
AT2G47860,-0.45015324102613646
AT2G47870,0.07964238448746086
AT2G47880,-0.539015721465281
AT2G47885,
AT2G47890,0.16004162866875501
AT2G47895,0.4818216141215443
AT2G47900,0.08965762573929108
AT2G47910,0.28945255665961844
AT2G47920,0.25729927778270867
AT2G47930,-0.3923005071158952
AT2G47935,0.16853395419784079
AT2G47940,-0.349297739931042
AT2G47950,0.14530247676525143
AT2G47960,-0.14396466651364925
AT2G47970,0.3718507184729978
AT2G47980,-0.28740604421886834
AT2G47990,-0.3827232263175555
AT2G09975,
AT2G48000,0.2944674132599498
AT2G48010,-0.26921091986736545
AT2G48020,0.30691964866141186
AT2G48030,0.3277505710093562
AT2G48060,-0.029375225487629112
AT2G48070,-0.19374815769764508
AT2G48075,0.12522432569101172
AT2G48080,0.2867852160560029
AT2G48090,-0.16657269745413406
AT2G48100,-0.1434736423943982
AT2G48110,-0.2317089972987714
AT2G48120,-0.5470212749130806
AT2G48121,-0.007368976035807197
AT2G48130,0.08577611404442352
AT2G48140,-0.19841958633160184
AT2G09995,
AT2G48150,-0.1712359419120318
AT2G48160,0.17786102687685476
AT3G01015,0.4349772023305995
AT3G01010,0.14706823456100448
AT3G01020,-0.05564741389851402
AT3G01030,0.010878732000839322
AT3G01040,-0.440244418085383
AT3G01050,-0.14677438780615132
AT3G00970,0.13344226594188918
AT3G01060,0.024431715365827965
AT3G01070,0.3219992175798588
AT3G01080,-0.0031120636101968488
AT3G01085,0.05754311487966542
AT3G01090,0.5477537274229339
AT3G01100,-0.3760710986534844
AT3G01120,-0.7006773045097147
AT3G01130,0.09167335672257666
AT3G01140,0.12039417675132769
AT3G01142,
AT3G00975,0.03507356156200551
AT3G01150,-0.14340473864301007
AT3G01160,-0.34063099801791147
AT3G01170,0.6690577560904282
AT3G01175,-0.22111526725088843
AT3G01180,-0.5632110598927891
AT3G01185,-0.34138892368450124
AT3G01190,-0.06512486561103106
AT3G01200,0.024575454482456467
AT3G01202,-0.062036489600343386
AT3G01210,0.1549241133594448
AT3G01220,0.1245639854010441
AT3G01230,0.038949609049508754
AT3G01240,-0.11434608415473056
AT3G01250,0.38154020209416994
AT3G01260,0.04878373505977383
AT3G01270,0.18845075082194634
AT3G01280,0.20708905531367386
AT3G01290,-0.32849162303906826
AT3G01300,-0.2127054114809307
AT3G01310,-0.2732297290912495
AT3G01311,-0.045182436077506036
AT3G01313,-0.1924252422529761
AT3G01316,0.02757099132158384
AT3G00980,-0.037284873620804446
AT3G00985,
AT3G01320,0.1058033703596933
AT3G01319,
AT3G01322,0.4752861129812115
AT3G01326,-0.04150348197944569
AT3G01327,0.036104733971043836
AT3G01328,-0.6255832536632073
AT3G01329,-0.6832971534974066
AT3G01331,0.38823288939836054
AT3G01323,-0.2127659641269121
AT3G01324,0.12718768060574062
AT3G01325,-0.29535851899973475
AT3G01330,0.7249921436646977
AT3G01340,-0.011680672933537523
AT3G01345,-0.26536859326591916
AT3G00995,0.005825755889973508
AT3G01350,0.378660809045033
AT3G01360,0.47773599198593864
AT3G01005,
AT3G01370,-0.4402823680024212
AT3G01380,-0.5853030499937306
AT3G01390,-0.27319313580259574
AT3G01400,-0.12325248431708251
AT3G01410,0.12164096499104918
AT3G01415,-0.4873109625607675
AT3G01025,0.11843029123129763
AT3G01420,0.19955888411352352
AT3G01430,0.47886863446883476
AT3G01435,-0.17112769172235465
AT3G01440,0.2640678816075869
AT3G01450,-0.053180982427390985
AT3G01460,-0.02535240176438995
AT3G01470,-0.16015366188399405
AT3G01035,
AT3G01475,
AT3G01480,-0.17463554450940807
AT3G01490,-0.057666190151949646
AT3G01500,0.08477747251625344
AT3G01510,-0.18380932517238904
AT3G01513,0.15538088211685736
AT3G01516,-0.4487960251404137
AT3G01520,-0.23495170339422067
AT3G01530,0.2488522827533956
AT3G01540,-0.39937944183663515
AT3G01550,-0.1299091254154195
AT3G01560,0.4048848513932901
AT3G01570,-0.05011423273523016
AT3G01572,0.34779666225914857
AT3G01580,0.19147841982387237
AT3G01590,0.11257025567518113
AT3G01600,-0.14802828650706262
AT3G01610,0.04560040531323775
AT3G01620,-0.05522513064272332
AT3G01045,
AT3G01630,0.2941442576138869
AT3G01640,0.039943709004069405
AT3G01650,0.4996454779369596
AT3G01660,-0.09878012145493427
AT3G01670,0.7384626309084549
AT3G01680,-0.0008097607632827454
AT3G01690,-0.10954795351558382
AT3G01700,0.18144209559719088
AT3G01705,
AT3G01710,-0.13913792143172024
AT3G01720,-0.2155093351861646
AT3G01730,0.1387122797509829
AT3G01740,-0.5427113281693824
AT3G01750,-0.5627539337932536
AT3G01760,0.3458072117416135
AT3G01770,0.26040602899327087
AT3G01780,-0.08469047084021514
AT3G01790,0.007979411808174887
AT3G01800,-0.26839638721871584
AT3G01810,-0.06668943727413967
AT3G01820,-0.2525240740306797
AT3G01055,
AT3G01830,-0.2881837002212417
AT3G01840,
AT3G01850,0.27279429737501915
AT3G01860,-0.0860546829484569
AT3G01870,0.277856092901302
AT3G01880,0.3820407126757645
AT3G01890,0.14188767963234056
AT3G01900,0.2753447630931817
AT3G01910,0.10995536053027255
AT3G01920,-0.053497008183161436
AT3G01930,0.23070051355467197
AT3G01065,
AT3G01940,0.10411116699189478
AT3G01960,-0.7235725304091704
AT3G01950,
AT3G01961,
AT3G01970,0.1277880178747831
AT3G01980,-0.201528893942168
AT3G01990,0.1679156054456542
AT3G02000,
AT3G02020,-0.6078128873608006
AT3G02010,
AT3G02030,0.7762623059592477
AT3G02040,-0.051310660848704504
AT3G02050,-0.3745783770213175
AT3G02060,-0.22864275970181686
AT3G02065,0.10559920139760932
AT3G02070,-0.25532166026491365
AT3G02080,0.03062074809692125
AT3G02090,0.024198950304862975
AT3G02100,0.24122853787879675
AT3G02110,-0.061184900349539544
AT3G01075,-0.15873990247329278
AT3G02120,-0.2875240904420286
AT3G02125,0.3139298188648757
AT3G02130,0.3235057095593948
AT3G02140,0.46620035456844766
AT3G01095,0.10499064092350156
AT3G02150,0.4099057096582249
AT3G02160,-0.03620946984523463
AT3G02170,-0.094534675338031
AT3G02180,0.4007881954464659
AT3G02190,0.3284874789997766
AT3G02200,0.5668272094430001
AT3G02210,-0.0664075608365806
AT3G02220,-0.34520348344244933
AT3G02230,-0.4341496383006351
AT3G02240,0.1876037243635705
AT3G02242,0.14488202565023692
AT3G02245,0.009320213809994897
AT3G01105,
AT3G02250,0.08324724959874363
AT3G02255,
AT3G01115,0.18656169069666473
AT3G02260,0.021750567757597736
AT3G02270,0.5398856526407967
AT3G01125,-0.08138840444831034
AT3G02280,0.1986303266762646
AT3G02290,0.4489944939516228
AT3G02300,-0.39714627330633356
AT3G02310,-0.027737807852050423
AT3G02315,0.15534523485548885
AT3G02320,-0.2611131768053604
AT3G02330,-0.05697011511552117
AT3G02335,0.07555174092231855
AT3G02340,-0.028197657827054943
AT3G02350,0.07607294443518148
AT3G02360,0.17043192286839387
AT3G02370,0.47743913621141293
AT3G02380,0.2100064162338354
AT3G02390,0.10828983854924669
AT3G02400,
AT3G02410,0.042133413936392285
AT3G02420,0.11581818992865316
AT3G02430,0.11990085072382817
AT3G02440,-0.049501994916938345
AT3G02450,-0.3656890622239401
AT3G02460,0.23713876590850266
AT3G02470,-0.21240434980377612
AT3G02480,-0.5039463728776282
AT3G02490,0.27406313377833
AT3G02493,0.37488538598442206
AT3G02500,-0.08351544935549035
AT3G02510,-0.5084246475708578
AT3G02520,0.0052011737286670814
AT3G02530,-0.5000966907624098
AT3G02540,0.359810680035749
AT3G02550,-0.16887956855197722
AT3G02555,-0.22807294316157525
AT3G02560,0.194857157855353
AT3G02570,-0.5255952865459065
AT3G02580,0.11022400481103346
AT3G02590,0.22499612964654933
AT3G02600,-0.33079929894067756
AT3G02610,0.4446341739353205
AT3G02620,0.07963687570761092
AT3G02630,0.30944903513701316
AT3G02640,0.017430516421286898
AT3G02645,-0.029807876500209284
AT3G02650,0.1212080677694838
AT3G02660,-0.2798269437927893
AT3G02670,0.41824127363435853
AT3G02673,
AT3G02677,0.2222589598412859
AT3G02680,0.020861273650662406
AT3G02690,0.050468802075431064
AT3G02700,-0.28136032532320565
AT3G01135,
AT3G02710,0.2016184498529318
AT3G02715,0.02503113046173588
AT3G02720,0.13053147917432686
AT3G02730,-0.3234475764420528
AT3G02740,0.04839713835622556
AT3G02750,-0.2828344345126357
AT3G02760,-0.3161454179916803
AT3G02770,0.2795468495290255
AT3G02780,-0.19926919187141462
AT3G02790,
AT3G02800,0.24640563741412613
AT3G02810,-0.004029286091761481
AT3G02820,0.34560825106005255
AT3G02830,0.4150152124658748
AT3G02832,-0.23276835493790277
AT3G01145,
AT3G01155,
AT3G02840,0.17832053962943606
AT3G01165,
AT3G02850,-0.01944216977553125
AT3G02860,-0.09560313234671369
AT3G02870,-0.18104758167068002
AT3G01195,-0.001319621399604259
AT3G02875,-0.3608529233084981
AT3G02880,-0.6577327449831016
AT3G02885,-0.2845939508486595
AT3G02890,-0.03217136627732304
AT3G02900,0.13436383696367385
AT3G01205,0.3106569833387833
AT3G02910,
AT3G02920,0.3792339531025219
AT3G01215,
AT3G02930,0.038044257941922704
AT3G02940,-0.3392267052997612
AT3G02950,0.35789421867721366
AT3G02960,0.044378550224210854
AT3G02970,-0.19676534342397015
AT3G02975,
AT3G02980,0.48947120480459994
AT3G01225,0.03282011007138349
AT3G02990,-0.018821522130926156
AT3G03000,-0.164895408163043
AT3G03010,0.18295246474073196
AT3G03020,0.0586271849326137
AT3G03030,-0.4496498559570217
AT3G03040,-0.19399200047403
AT3G03050,-0.2737579511171794
AT3G03060,-0.17278623597884266
AT3G03070,-0.03579566576180701
AT3G03080,0.2488481724146743
AT3G03090,-0.07929272792222349
AT3G03100,-0.27089467412376633
AT3G03110,-0.5666255636984752
AT3G03120,-0.1427720512089323
AT3G01235,0.43723797102812834
AT3G03130,-0.029232802886546377
AT3G03140,-0.346418267665533
AT3G03150,-0.25283763680887583
AT3G03160,0.11805951073648643
AT3G03170,0.07446506323230785
AT3G03180,0.04377392258881161
AT3G03190,
AT3G03200,-0.42005007669696304
AT3G03210,-0.050091796986228836
AT3G03220,-0.3711277694330204
AT3G03230,-0.21403631698346454
AT3G03240,0.21409812342406961
AT3G03250,-0.3806107423740725
AT3G03260,0.2210550881890253
AT3G03270,0.21208436811908835
AT3G03272,-0.03269356373530237
AT3G03280,0.21980081627142864
AT3G03290,-0.400481113835977
AT3G03300,-0.3430856939314493
AT3G03305,0.10762010115563792
AT3G03310,0.6648649583194353
AT3G03320,-0.34406747739115784
AT3G03330,-0.06804047842691971
AT3G03340,0.22948946224155575
AT3G03341,-0.5684327533989879
AT3G03350,-0.061360246249662034
AT3G03360,0.07728395202978053
AT3G03370,-0.02113580000592738
AT3G03380,0.1868916506293088
AT3G03400,-0.22009838703464712
AT3G03405,-0.08269762448780198
AT3G03410,-0.48724894960114784
AT3G03420,0.07019469039891155
AT3G03430,-0.2585971286738283
AT3G03440,-0.22365177785406018
AT3G03450,0.2956707621309564
AT3G03460,0.08122267564941084
AT3G03470,0.11716840434166584
AT3G03480,-0.11107025274456733
AT3G03490,-0.11463931671871148
AT3G03500,-0.19550349511537687
AT3G01255,0.33483863633733596
AT3G03510,-0.13041042844876913
AT3G03520,-0.1401402072732451
AT3G03530,-0.2325421557993094
AT3G03540,0.36537456677902946
AT3G03550,0.2311190417778485
AT3G03560,-0.2142653056690252
AT3G03570,0.38312592241035154
AT3G03580,-0.014544949559108617
AT3G01275,
AT3G01285,0.10746521741041773
AT3G03590,0.4333515718491707
AT3G03600,0.18604737980037403
AT3G03610,0.048146478417670245
AT3G01295,-0.08981255166523208
AT3G03620,-0.6623526109437436
AT3G03630,0.45571781250599996
AT3G03640,-0.04960747382331493
AT3G03650,0.08268854303522466
AT3G03660,0.5282504173851033
AT3G01305,0.05919320791393049
AT3G01315,
AT3G03670,0.34645522268945383
AT3G03680,-0.32755694114565037
AT3G03690,-0.46676327814559737
AT3G03702,-0.4770641087766908
AT3G03700,
AT3G03710,0.09314344770780039
AT3G03720,-0.029161591833112593
AT3G03726,0.3024561572054886
AT3G03730,0.10552209555218102
AT3G03740,0.07023937068432684
AT3G03750,-0.2528946405078691
AT3G03760,0.13603206541724358
AT3G03770,-0.5457242517504433
AT3G03773,0.1665888045668587
AT3G03776,-0.21682143413056118
AT3G03780,-0.4719811425244134
AT3G03790,-0.3051946555161657
AT3G03800,-0.2821428695407835
AT3G03810,0.30885588932014235
AT3G03820,0.22128600614518795
AT3G03826,0.14470762864073936
AT3G03828,0.26445718664543466
AT3G03830,0.40088032679495617
AT3G03840,0.14766748255222203
AT3G03845,0.1469786011773939
AT3G03847,-0.29690866474744226
AT3G03850,-0.05967829924661183
AT3G03852,0.35721948055436303
AT3G03860,-0.08624657580636079
AT3G03870,-0.1513899555871436
AT3G03880,0.31785194516812926
AT3G03890,0.15371747534116828
AT3G03900,0.25424102012686806
AT3G01365,0.32547330667358276
AT3G03910,-0.29270713000918175
AT3G03920,-0.6906188200255614
AT3G01375,
AT3G03930,0.349879977667716
AT3G03940,-0.37840739766108267
AT3G03950,-0.4857086238043888
AT3G03960,-0.14903364751781492
AT3G03970,0.021454774184493364
AT3G03980,0.480989430964547
AT3G03990,-0.21476085737879722
AT3G04000,0.051521031355684116
AT3G04010,-0.16502004842445153
AT3G04020,0.14765496653477878
AT3G04030,-0.5374508645339143
AT3G01385,-0.11864913648139719
AT3G04040,0.19970238798384338
AT3G04050,-0.15790403604959788
AT3G04060,0.2806802462312994
AT3G04070,-0.4672613453466194
AT3G04080,0.5313629383694276
AT3G04090,0.42865049105097436
AT3G04100,-0.4685071883692312
AT3G01395,0.057447549717770115
AT3G04110,-0.2653001510503636
AT3G04120,0.15120941950794212
AT3G04130,-0.3382244869746751
AT3G04140,-0.03768062451147011
AT3G04150,0.17579301681471207
AT3G04160,-0.03631300241055937
AT3G04170,-0.11526200602912805
AT3G04180,0.15679563215262615
AT3G04181,-0.04848011723449937
AT3G04184,-0.027000392869304734
AT3G01425,0.22414059208790227
AT3G04190,-0.6209099997195867
AT3G04200,0.24788279014165454
AT3G04210,-0.6056041034587208
AT3G04220,-0.626169104833801
AT3G01445,
AT3G04230,-0.4739738063396701
AT3G04240,-0.12344502586945234
AT3G04250,0.22067493078025105
AT3G04260,-0.23651613934093677
AT3G04270,-0.4239161803425809
AT3G04280,0.02918725760679744
AT3G04290,-0.4097616525099132
AT3G04300,0.3110806533971323
AT3G04310,0.26256529479903146
AT3G04320,0.34496213006390586
AT3G04330,0.29629219593471917
AT3G04340,-0.27412082988016573
AT3G04350,-0.3390001403352845
AT3G04360,-0.37195767855737216
AT3G04370,0.18243880434388537
AT3G04380,-0.0035430535115587827
AT3G04390,-0.050159794229341255
AT3G04400,0.05347436409409677
AT3G04410,0.151282762462569
AT3G04420,-2.8826844398859135e-05
AT3G04430,0.3016969585945531
AT3G04440,
AT3G04443,0.20875409042192902
AT3G04450,-0.3007859795648236
AT3G04460,0.11601227731084607
AT3G04470,-0.034304669245778345
AT3G04480,-0.257585857107698
AT3G04485,-0.09989233712646213
AT3G04490,-0.50669011022306
AT3G04500,-0.11440004975589639
AT3G04510,0.388932163868664
AT3G04520,-0.17113739137245845
AT3G04525,-0.5907232807104574
AT3G04530,-0.08974073695782388
AT3G04540,0.102678904892843
AT3G04545,-0.2958103697072309
AT3G04550,-0.324435372391783
AT3G01485,
AT3G04560,-0.1844936713357467
AT3G01495,
AT3G04570,0.09353763436526015
AT3G04580,-0.01424410059048804
AT3G04590,0.28608546068719004
AT3G04600,-0.5017850063683242
AT3G04610,-0.07427114170753928
AT3G04620,-0.1552201702230344
AT3G04630,-0.41876137806680513
AT3G04640,-0.16315058073438943
AT3G04650,-0.04762991577108025
AT3G04660,-0.3004172348509356
AT3G04670,0.17802975532603785
AT3G04680,-0.5740865935055567
AT3G04690,0.18915599490419344
AT3G04700,
AT3G04710,-0.5257286178290265
AT3G04720,0.21834167524605513
AT3G04730,0.40856751389784446
AT3G04735,0.2068130345020081
AT3G04740,0.4197019773476983
AT3G04750,-0.23457120075357435
AT3G04760,-0.3636511944042594
AT3G04765,-0.08032059835835369
AT3G04770,-0.12484568390713727
AT3G04780,0.15106378843433263
AT3G04790,0.029513753903925338
AT3G01505,
AT3G04800,-0.4209463960371961
AT3G04810,0.08746184919184394
AT3G01515,
AT3G04820,0.29683733235985205
AT3G04830,0.15606294880495739
AT3G04840,-0.016099730832811594
AT3G04850,-0.12738827678393896
AT3G04854,0.13376312898983062
AT3G04855,0.14126723502578367
AT3G04860,-0.23493006937894895
AT3G04870,-0.13521004605632272
AT3G04880,0.22752092620214032
AT3G01525,
AT3G04890,0.10573355798339487
AT3G04900,
AT3G04903,0.28185400095484203
AT3G04910,-0.1562409574500957
AT3G04920,0.352508564359455
AT3G04930,-0.44994108389378296
AT3G04940,-0.14872895758551688
AT3G04943,0.09469093792318034
AT3G04945,0.02891491772397889
AT3G04950,0.27128616445072046
AT3G04960,-0.03502658122045702
AT3G04970,0.28092206041626294
AT3G04980,-0.1803332239977424
AT3G01535,0.13167023107553005
AT3G04990,0.041105714904113945
AT3G05000,0.03659801965539101
AT3G05010,0.5417109259302704
AT3G01545,
AT3G05020,0.39529067001294776
AT3G05030,-0.1573867183179299
AT3G01555,
AT3G05035,0.3239766661648184
AT3G01565,
AT3G01575,0.16133712995590954
AT3G01585,0.2780297014130692
AT3G05040,0.08277931459596224
AT3G05050,0.14412801942506703
AT3G01595,
AT3G05060,0.2730825872326279
AT3G05070,0.27808630714806026
AT3G05090,0.010426267862427136
AT3G05080,
AT3G01605,
AT3G05100,0.1776190996239514
AT3G05110,0.43053138022081344
AT3G05120,0.3410736645379666
AT3G05130,0.36968439615006254
AT3G05140,-0.3220677163686485
AT3G05150,0.463581674394099
AT3G05152,0.33456409119615055
AT3G05155,0.10374735402343548
AT3G05160,-0.36258977028964684
AT3G05165,0.43163574550153266
AT3G05170,0.31623326031048404
AT3G05180,0.2681765825639862
AT3G01615,
AT3G05190,-0.19961282028118255
AT3G05200,0.056447381134802674
AT3G05210,-0.12045895574706245
AT3G05220,0.2032839394728086
AT3G05230,-0.3296829197921301
AT3G05240,
AT3G05250,-0.626533284897759
AT3G05260,0.34636719719812203
AT3G05270,0.008656142950521339
AT3G05280,-0.0517469572621954
AT3G05290,-0.08998493793799373
AT3G05300,-0.1472634896429789
AT3G05310,0.2437473237180231
AT3G05320,0.1726216659959911
AT3G05327,-0.1957924421446027
AT3G05330,0.1793681563910615
AT3G05345,0.2828302048777729
AT3G05340,0.8135183582197121
AT3G05350,-0.23600755475522955
AT3G05360,
AT3G05365,0.2847281849061523
AT3G01625,
AT3G05370,-0.4153569248608639
AT3G05380,-0.4969914163201009
AT3G01635,
AT3G05390,-0.26655461415554493
AT3G05400,0.12818956805145412
AT3G05410,0.4641572061719433
AT3G05420,0.013941801280042241
AT3G05425,0.11190433704009627
AT3G05430,-0.16178893924901677
AT3G05440,-0.15132211435639553
AT3G05450,0.46237695731709466
AT3G01645,0.41941686702757397
AT3G05460,0.28881464162087817
AT3G05470,0.10017757192954813
AT3G05480,0.17376231241683232
AT3G05490,0.11351818854906535
AT3G05500,0.09644071879069648
AT3G05510,-0.17333803667660885
AT3G05520,0.06414552575995223
AT3G05525,
AT3G05530,0.09667525157956558
AT3G05540,-0.3375193093619473
AT3G05545,0.2993354805040075
AT3G05550,0.5628584648316468
AT3G05560,0.5244239878752329
AT3G05570,0.3268202488973611
AT3G05580,-0.655641060169564
AT3G01655,-0.33688426749186423
AT3G05590,0.43660553758746146
AT3G05600,-0.006094151433950387
AT3G05610,-0.04253175995065845
AT3G05620,-0.5387921724399769
AT3G05625,0.19029177945928416
AT3G05630,-0.5585474338972041
AT3G05640,-0.3910420893449925
AT3G01665,-0.1388691621918928
AT3G05650,0.09142564730258844
AT3G01675,
AT3G05660,-0.2139131756899366
AT3G05670,0.25872564266640974
AT3G05675,0.05173243225945809
AT3G01695,
AT3G05680,0.07511679233984046
AT3G05685,-0.6886263209244988
AT3G05690,0.3247447464785056
AT3G01715,
AT3G05700,-0.006927915093520674
AT3G05710,-0.16724073797493436
AT3G05720,-0.22530847306615484
AT3G05725,0.06860555517507366
AT3G05727,-0.002126817244738419
AT3G01735,-0.13892756010545462
AT3G05730,0.08412234290501452
AT3G05740,-0.03430826183715345
AT3G05741,0.27398019125421985
AT3G05746,0.03799699206933343
AT3G05750,-0.3193720350105252
AT3G05755,
AT3G05760,0.0442050572488296
AT3G01745,
AT3G05770,0.24937153075774082
AT3G01755,
AT3G05775,0.12878285350828486
AT3G05780,-0.04422351790492226
AT3G05790,-0.1569971420923959
AT3G05800,0.10976718629826215
AT3G01765,-0.06061078781096636
AT3G01775,-0.25026308248540613
AT3G05810,0.2320910375981167
AT3G05820,0.21811423079731565
AT3G05830,0.09668906248596056
AT3G05835,
AT3G05840,0.5703221797043154
AT3G05850,-0.20852367804251198
AT3G05858,0.1425143024819156
AT3G01785,-0.4553568849233786
AT3G05860,0.4987592959885643
AT3G05870,0.09232662610746167
AT3G05880,0.2457076179748408
AT3G01795,
AT3G05890,-0.10238484173647791
AT3G05905,-0.03209045500813158
AT3G05900,
AT3G05910,0.029420130771474907
AT3G05920,0.211247583588479
AT3G05932,-0.2437430438985002
AT3G05930,
AT3G05935,
AT3G05936,0.3785409441167433
AT3G05937,0.5598693020147182
AT3G05940,0.41469524346980924
AT3G05950,0.29776468455739225
AT3G05960,-0.5447087191895872
AT3G05970,-0.12181434603912154
AT3G05975,0.5279327186317969
AT3G01805,0.2956510185987634
AT3G05980,-0.08862956042280197
AT3G05990,-0.13477389500453543
AT3G06000,0.027379654674156484
AT3G06010,-0.21675659175869363
AT3G06019,-0.07465666594114029
AT3G06020,-0.6313413022676989
AT3G06030,-0.007348446820604203
AT3G06035,-0.34073475688249877
AT3G06040,-0.4630094823701559
AT3G06050,-0.14030209707192814
AT3G06060,-0.14215129084133724
AT3G06070,-0.021601727353799595
AT3G06080,0.0938297354493569
AT3G06085,0.25960823231217967
AT3G06090,0.19456069094506392
AT3G06100,-0.20136842145170103
AT3G06105,0.20111909236594191
AT3G06110,0.3754532183705706
AT3G06120,-0.14243522357025737
AT3G06125,-0.18027733770146132
AT3G01815,0.13346335530537112
AT3G06130,0.15225791065615707
AT3G06140,-0.10853878666979087
AT3G06145,0.13563582221491718
AT3G06150,0.14642583834452055
AT3G06160,-0.015101687683286227
AT3G06170,0.032251396440301484
AT3G06180,-0.06994210237641418
AT3G06190,0.44045740268246336
AT3G06200,-0.23753729618059402
AT3G06210,-0.14217948575847963
AT3G06220,-0.37841359794847357
AT3G06230,0.07210074756122362
AT3G06240,0.13595243760389306
AT3G06250,-0.30713214957711515
AT3G06260,0.009265361484163098
AT3G06270,0.018138246384942325
AT3G06280,-0.0191486418064805
AT3G06290,-0.44047616056239447
AT3G06300,-0.2518277400322912
AT3G06310,0.41625558991643574
AT3G06320,0.45592677125936365
AT3G06330,0.3485337176240488
AT3G06335,
AT3G06340,0.027734836528216955
AT3G06350,0.09488123595219407
AT3G06360,0.15878342886165825
AT3G06370,0.15499026380379166
AT3G06380,0.3770178338964397
AT3G06390,-0.2637709952571298
AT3G06400,-0.3979101862309295
AT3G06410,0.7472782375955722
AT3G06420,-0.03852629925707569
AT3G06430,-0.04378801514758296
AT3G01835,0.12090885807870139
AT3G01845,0.21356617030344902
AT3G06435,-0.47111503626313767
AT3G06436,0.08159757863951872
AT3G06440,-0.31650912131575076
AT3G06450,0.15041010037961944
AT3G06455,-0.5932886492909614
AT3G06460,-0.03278054455266736
AT3G06470,-0.034659775228441596
AT3G06480,-0.555074837375435
AT3G06483,-0.0019743465679469066
AT3G06490,0.04761274906985679
AT3G01855,0.14634511062638578
AT3G06500,0.030366506174549758
AT3G06510,-0.5702771443021488
AT3G06520,0.11400032846538773
AT3G06530,0.33127673954655584
AT3G06540,0.2517058006857583
AT3G06545,0.01894295944287654
AT3G06550,-0.3820506981474246
AT3G06560,-0.2558383889088496
AT3G06570,-0.2914206547145404
AT3G06580,0.15292755365932517
AT3G06590,0.3376983664917478
AT3G06600,0.3349713877034257
AT3G06610,-0.3340846275064442
AT3G06620,-0.1838567009474153
AT3G01865,-0.4143543985819371
AT3G06630,-0.013011778484766869
AT3G06640,0.14422486444934995
AT3G06650,0.5810710215349895
AT3G66652,-0.04281744053625107
AT3G66654,-0.5610531473100185
AT3G66656,0.37765990404509725
AT3G66658,-0.1585324600678597
AT3G36659,0.05116245207327999
AT3G06660,-0.3860099452502363
AT3G06665,0.06997753950262763
AT3G06670,0.21142313363322954
AT3G06680,-0.31025788237038443
AT3G06690,-0.07495135802545572
AT3G06700,0.0996405106713273
AT3G06710,-0.4082670876455926
AT3G06720,0.6502405689720665
AT3G06730,0.2081327204569781
AT3G06740,0.41410495782607454
AT3G01885,-0.05191339528366542
AT3G06750,-0.33440970720634966
AT3G06760,-0.5251573513093415
AT3G06770,0.37018132129765846
AT3G06778,0.0710192709093487
AT3G06780,0.41067689410579833
AT3G01895,
AT3G06790,-0.5077022601609581
AT3G06810,0.28502748910370196
AT3G06820,0.08967755866061754
AT3G06830,-0.06210177857002728
AT3G06840,-0.02858211376552267
AT3G06850,0.16379367010576645
AT3G06860,0.18691775418846443
AT3G06868,-0.14184915970900622
AT3G06870,
AT3G06880,-0.2681188273415354
AT3G06890,0.32150086645197434
AT3G06895,
AT3G06900,-0.1153107009514209
AT3G06910,-0.04711007045155543
AT3G06920,0.20849358087318878
AT3G06930,-0.09463854872468436
AT3G06950,0.6459199136763881
AT3G01905,
AT3G06960,0.21637161563981555
AT3G01915,
AT3G06962,0.2827030025059217
AT3G06970,0.660166617559222
AT3G06980,-0.052174085279958746
AT3G06985,0.5936799380199681
AT3G06990,-0.027964382130371453
AT3G07000,0.19891012106346126
AT3G07005,0.35762634484957995
AT3G07010,0.05781832430063775
AT3G07020,-0.08250681551293727
AT3G07025,0.11785110674349397
AT3G07030,-0.21459963053165595
AT3G07040,0.1552467627802817
AT3G07050,0.5674546321009882
AT3G07055,
AT3G07060,-0.13148815873148847
AT3G07070,-0.3410265490066189
AT3G07080,-0.18181482292009665
AT3G01925,
AT3G07090,0.06270286893201837
AT3G07100,-0.5357164695080829
AT3G07110,0.14862063257161864
AT3G07115,
AT3G01935,
AT3G07120,0.06080232526898057
AT3G07130,-0.23908310479654832
AT3G07140,0.16533019078899805
AT3G07150,0.7236315047729232
AT3G07160,-0.40376851143284503
AT3G07170,-0.1817970146611128
AT3G01945,
AT3G07180,0.41235350169867696
AT3G07185,
AT3G07190,0.4186011856829199
AT3G07195,-0.1269152868003825
AT3G07200,0.4349502481011543
AT3G07210,0.04253936115535291
AT3G07215,0.5727499696871657
AT3G07220,0.16207069939275962
AT3G07230,-0.09239871148159622
AT3G07250,-0.04030379968624428
AT3G07255,-0.2172581527693297
AT3G07260,-0.10427841415908976
AT3G07270,0.3358775858701873
AT3G07273,0.3741877593365051
AT3G07290,-0.03413783986402145
AT3G07300,0.2875486984749424
AT3G07310,0.237679369403507
AT3G07320,0.0565894130636574
AT3G07330,-0.12390555680416065
AT3G07340,-0.4015132881840971
AT3G01965,-0.1870356645426947
AT3G07350,0.15511278770400497
AT3G01975,-0.07895854459340056
AT3G01985,0.3090566779785716
AT3G07360,-0.03063224333483643
AT3G07370,0.23895733256828708
AT3G07380,-0.013729468589522576
AT3G07390,0.06094002333796077
AT3G07400,-0.01637655281861888
AT3G07410,0.05113697623660072
AT3G07420,-0.2840205550153713
AT3G07425,0.04918704760418928
AT3G07430,-0.10339132661638237
AT3G07440,0.10146673323772656
AT3G07450,-0.4816939487664564
AT3G07460,0.17915974483918623
AT3G07470,-0.10828360976032766
AT3G07480,0.5436041500234485
AT3G07490,0.04508320421977149
AT3G07500,0.34056645507347344
AT3G07510,-0.16025508078850423
AT3G01995,
AT3G07520,-0.08311072910326184
AT3G07522,0.42193577447602604
AT3G07525,0.44172548753165797
AT3G07530,0.38040131035656616
AT3G07540,0.25418536290169474
AT3G07550,0.20718380798886066
AT3G07560,-0.29286319441193026
AT3G07565,-0.21094456173707535
AT3G07568,-0.17355977017998447
AT3G02015,
AT3G07570,-0.30566626986371737
AT3G07580,-0.40059251910871146
AT3G07590,0.30161200805431754
AT3G07600,-0.6199535855000842
AT3G02025,
AT3G07610,0.3764600035558727
AT3G07620,0.06820264010069066
AT3G07630,-0.19475901677363697
AT3G07640,0.07604223800093818
AT3G07650,-0.04960314181961265
AT3G07660,0.1516540415325817
AT3G07670,0.4356794107293132
AT3G07680,-0.5467761624823055
AT3G07690,0.2554163875746237
AT3G02035,
AT3G07700,0.2674602700139161
AT3G07710,0.30427759559313644
AT3G07720,0.3148206573310075
AT3G07730,0.01842437696868401
AT3G07740,0.013237325023057647
AT3G07750,0.2849529562510612
AT3G07760,-0.09898095963914216
AT3G07770,-0.4878879577620387
AT3G07780,0.4271886822868017
AT3G07790,0.23359940285994324
AT3G07800,0.373277289310911
AT3G07810,0.49374200201796076
AT3G07820,0.2113970186352733
AT3G07830,-0.2733264721501124
AT3G07840,0.04226031898087261
AT3G07850,0.2700335011638619
AT3G07860,-0.08623878509378752
AT3G02045,
AT3G07870,0.6150169339529723
AT3G02055,0.07630927133920062
AT3G07880,-0.3307236565657433
AT3G07890,-0.39742192399813603
AT3G07900,-0.5798387330281028
AT3G07910,-0.08092443472434388
AT3G07920,-0.12553062567386292
AT3G07930,-0.6194907654227305
AT3G07940,-0.42876296880572606
AT3G07950,0.2215163436465184
AT3G07960,-0.1359093027297083
AT3G07970,0.07999119052579903
AT3G07980,0.21340004137618773
AT3G07990,-0.2702381368564427
AT3G02075,
AT3G08000,0.3482974194579144
AT3G08010,-0.23933907683477149
AT3G08020,-0.34628592536236735
AT3G08030,0.38113736641528306
AT3G08040,-0.5918519067123403
AT3G08490,-0.07915613589272437
AT3G08500,0.24489380347995618
AT3G08505,-0.15181112381855064
AT3G08510,0.07951840668265739
AT3G08520,0.033704817566089736
AT3G08530,-0.523758798798273
AT3G08550,0.06343008276752742
AT3G08560,-0.34229452807056165
AT3G08570,-0.45106841534082354
AT3G08580,-0.24056003473676438
AT3G08590,0.08406100917692036
AT3G08600,0.38611843694950043
AT3G08610,-0.03224614279268623
AT3G08620,0.39042641943785306
AT3G08630,-0.17557757898069443
AT3G08636,-0.20267497291732756
AT3G08640,-0.7141747145782854
AT3G08650,0.19158641592125228
AT3G08660,0.2461252366426706
AT3G08670,0.12646823960180012
AT3G08680,0.1919133005745124
AT3G08690,-0.1570890835974923
AT3G08700,-0.24464910408845322
AT3G08710,-0.23388989707331082
AT3G08720,-0.339002317133606
AT3G08730,-0.1313284138726505
AT3G08740,-0.10768766046265679
AT3G08750,0.26395392001136053
AT3G08760,0.09152860637729894
AT3G08770,0.0170342625405803
AT3G08780,0.40305208176171387
AT3G08790,0.23212499466864397
AT3G08800,0.056684902757123165
AT3G08810,-0.08402884531137061
AT3G08820,-0.022722875517992697
AT3G08840,-0.04723776395068299
AT3G08850,-0.17727098271763625
AT3G08860,0.06503596309081765
AT3G08870,-0.23089722952085986
AT3G08880,0.4615832282218685
AT3G08890,-0.37813255700436893
AT3G08900,0.18889129020522696
AT3G02085,
AT3G08910,-0.08161086369062974
AT3G08920,0.30055489984313216
AT3G08930,0.07444894560369783
AT3G08940,-0.03478240819017364
AT3G08943,0.3434683437340044
AT3G08947,-0.4326404766877003
AT3G08950,-0.24812691457841413
AT3G08960,0.017815238475552782
AT3G08970,0.22286973282861336
AT3G08980,0.04341677354870375
AT3G08990,-0.1926700602504704
AT3G09000,-0.1933247172841442
AT3G09010,-0.18343610655731674
AT3G09020,0.2896932674674278
AT3G09030,-0.1443381537095665
AT3G09032,-0.17367258176566827
AT3G09035,-0.1810572516201045
AT3G09040,-0.07712868705666921
AT3G09050,0.3477839693211661
AT3G09055,
AT3G09060,-0.06252667728363123
AT3G09070,-0.40912824060761194
AT3G09080,-0.15750249377250347
AT3G02095,
AT3G09085,0.24399319792202023
AT3G09090,-0.075214284049378
AT3G02105,
AT3G09100,-0.29688131067665685
AT3G09110,0.059524695891976856
AT3G09120,-0.41914609890888804
AT3G09130,0.07848712825728167
AT3G09140,-0.08402552026895073
AT3G09150,-0.03146760959890355
AT3G09160,0.33203035252635743
AT3G09162,0.23294703274078685
AT3G09180,-0.45408336931367543
AT3G09190,-0.41727694527493264
AT3G09200,0.34349252938539954
AT3G09210,0.22824001836243207
AT3G09220,0.06671725454787229
AT3G09230,0.12010199320933278
AT3G09240,-0.0030893502256730734
AT3G09250,0.13711779365750704
AT3G02115,
AT3G09260,-0.11835497654159488
AT3G02135,0.33880093199403083
AT3G09270,-0.10092584922075927
AT3G02145,0.05034840290268282
AT3G09280,-0.07931086265824312
AT3G02155,0.28465692102139367
AT3G09285,
AT3G09290,-0.2630468665732936
AT3G09300,0.4220094835753418
AT3G02165,
AT3G09310,-0.31347731025135567
AT3G09320,0.6084305309759034
AT3G09330,0.049967943313595754
AT3G09340,-0.14181720907261872
AT3G02195,0.3445335895753589
AT3G09350,-0.6428264923452158
AT3G09360,-0.4219157079758762
AT3G09370,-0.6771106135825482
AT3G09380,0.3438280783278117
AT3G09390,-0.20026795440486841
AT3G09400,-0.5571622835090031
AT3G09405,-0.4005076631287864
AT3G09410,-0.0462519844486112
AT3G09430,0.2831025327835289
AT3G09440,0.26766248516625774
AT3G02205,
AT3G09450,-0.7109004651826186
AT3G09455,-0.03213509174533987
AT3G09470,0.35337357831473526
AT3G09480,0.04426438625237809
AT3G09490,0.02504554141026737
AT3G09500,-0.23370670333468652
AT3G09505,0.07148952408501065
AT3G09510,-0.025480610380456483
AT3G09520,0.34078639633649666
AT3G09530,-0.1954903495816319
AT3G09540,-0.20724070880207326
AT3G09550,0.6306627693762072
AT3G09560,0.26108967373895764
AT3G09570,0.05489045510766537
AT3G09580,0.2848815694365115
AT3G09585,0.16063477067537285
AT3G09590,0.1460960913763987
AT3G09595,-0.044603000995564274
AT3G09600,0.2725193914487722
AT3G09620,-0.4682712972852004
AT3G09630,0.2458164400494297
AT3G09640,-0.05388234781012453
AT3G09650,-0.10240636028532378
AT3G09660,-0.028588059984213748
AT3G09670,-0.21564173581166948
AT3G09680,-0.228013912559727
AT3G09690,0.14881923428314814
AT3G02215,
AT3G09700,0.4164444841418402
AT3G02225,
AT3G09710,0.2732546949476568
AT3G09720,0.4519051686678635
AT3G09730,0.48944723152266817
AT3G09735,0.21323660398039643
AT3G09740,-0.3285413291678621
AT3G09750,-0.03401987509935117
AT3G09760,-0.6110646681146111
AT3G09770,8.263052613472608e-06
AT3G09780,-0.1515304701689314
AT3G09790,-0.3703429986675625
AT3G09800,0.3145844503321136
AT3G09810,-0.19257758685301526
AT3G09820,0.2941443960853001
AT3G09830,0.1507896001081176
AT3G09840,-0.11985598287022013
AT3G09850,-0.4293209493151104
AT3G09860,-0.11730781284564004
AT3G09863,0.03584061053799033
AT3G09870,-0.1553290009086485
AT3G09880,0.6778348847185864
AT3G09890,-0.36824225657565535
AT3G09900,-0.08293986571527796
AT3G09910,-0.17649478506460567
AT3G09920,-0.10460090559817896
AT3G09922,-0.22632304660017827
AT3G09925,-0.016078037843658608
AT3G09930,-0.19100909692556015
AT3G09940,-0.3967639333877449
AT3G09950,0.09335339590439384
AT3G09960,0.14274349183926888
AT3G09970,0.211850606734579
AT3G09980,0.3564711031904381
AT3G09990,-0.19946250586476508
AT3G10000,-0.04861605580315667
AT3G10010,0.14770854752758744
AT3G10015,
AT3G10020,0.09823622917304786
AT3G10030,0.5239183316318915
AT3G10035,0.345555405832851
AT3G10040,-0.2327031996277619
AT3G10050,-0.0984769827170235
AT3G10060,0.32440747229829603
AT3G10070,-0.36939921730407965
AT3G10080,-0.3460102714527614
AT3G10090,-0.09553914925691386
AT3G10110,-0.0940924457668548
AT3G10113,0.10446227462398847
AT3G02235,-0.040768149627941425
AT3G10116,-0.09546681164909375
AT3G02265,-0.3320260357734936
AT3G10130,0.05764464245536154
AT3G10120,
AT3G10140,-0.15830419508469531
AT3G02275,
AT3G10150,0.30555495524039183
AT3G02285,
AT3G10160,0.11455349059673246
AT3G10185,0.24595530555323125
AT3G10180,-0.143987718029397
AT3G10190,-0.11418840873639415
AT3G10195,0.31904365631374326
AT3G10200,0.48400896738568666
AT3G10210,0.023408985040244728
AT3G10220,-0.5772011102080551
AT3G02295,
AT3G10230,-0.30383501063981827
AT3G02305,-0.4655586150475588
AT3G10240,0.14565673777302424
AT3G10250,-0.4982230596017975
AT3G10260,-0.15763914993703582
AT3G10270,-0.2971984262937011
AT3G10280,0.36835365533667974
AT3G10290,0.06864056247135895
AT3G10300,-0.6756406657074588
AT3G10310,-0.10793914985523773
AT3G10320,0.013532370429828683
AT3G10330,-0.3362149552690941
AT3G10340,-0.015023501551310119
AT3G10350,0.180675493262674
AT3G10360,-0.5366848804698894
AT3G10370,0.07764809182029346
AT3G10380,0.04179977117739761
AT3G10390,0.3537005650358058
AT3G10405,0.7325411537966086
AT3G10400,
AT3G10410,0.046558481833549895
AT3G10415,
AT3G10420,0.3714861399699239
AT3G10430,0.13572096406253262
AT3G10439,0.16908372601737975
AT3G10440,0.0731313329375808
AT3G10450,-0.3539752791991142
AT3G10455,0.21062432081270274
AT3G02325,
AT3G02345,0.07727708729715072
AT3G10460,0.2253196873130705
AT3G10470,0.4053395350631771
AT3G10480,-0.0898521381361565
AT3G10490,-0.00701645274321181
AT3G10500,-0.4214622402127754
AT3G10510,0.08806634567639432
AT3G10520,0.2539999812901276
AT3G10525,0.0018650146343630995
AT3G10527,
AT3G10530,-0.22043203939288628
AT3G10540,0.12274288508359799
AT3G10550,-0.31024380003566665
AT3G10560,0.15090359440623377
AT3G10570,0.43635777139231485
AT3G10572,-0.13281679232383095
AT3G10580,-0.20734827755448118
AT3G10585,-0.3520528864536229
AT3G10590,0.5719483634167315
AT3G10595,-0.33102450501886116
AT3G10600,-0.037162232405194645
AT3G10605,-0.1391311083650994
AT3G10610,0.4193872831647088
AT3G10620,-0.2549420387285422
AT3G10630,0.10447015358328342
AT3G02365,
AT3G10640,0.41924075689647833
AT3G10650,0.1907134421645545
AT3G10660,0.11906952261931979
AT3G10670,-0.089621660452413
AT3G10680,0.10373295396243552
AT3G10690,-0.14569899390184146
AT3G10700,-0.5021303099601132
AT3G10710,0.3645146734579678
AT3G10720,-0.11110561424065901
AT3G10730,0.3278743051227576
AT3G10740,-0.11551264956615079
AT3G10745,0.206464814268061
AT3G10750,-0.08614429007995954
AT3G10760,-0.28798153232441775
AT3G10770,0.004028328711206734
AT3G10780,-0.2824612861460368
AT3G10790,0.3078309466722096
AT3G10800,-0.08179116141337496
AT3G10810,-0.12017718923005166
AT3G10815,0.13612540944749346
AT3G10820,0.013381580658064659
AT3G10840,0.42826669885380714
AT3G10845,0.41897259765946043
AT3G10850,-0.20655414883807213
AT3G10860,-0.10785571264202846
AT3G10870,-0.23003349575134033
AT3G10880,0.02309347061226591
AT3G10890,0.31112243220929964
AT3G10900,0.397852234759702
AT3G10910,-0.4270069223335156
AT3G10915,-0.38038085896983015
AT3G10920,-0.16380043340500666
AT3G10930,-0.5068873741740494
AT3G10940,0.1569942676027402
AT3G10950,0.36694433496443823
AT3G10960,0.27937888084333934
AT3G10970,-0.3616790509381576
AT3G10974,-0.45363673732203863
AT3G10980,0.3938342221577856
AT3G10985,0.08736248666463102
AT3G10986,0.016049666485762316
AT3G10990,-0.18103973844525242
AT3G11000,-0.3464654039605957
AT3G11010,-0.27982229934999625
AT3G11020,0.11433661625060464
AT3G11030,0.38511520499143204
AT3G11040,-0.0949050924002683
AT3G11050,0.04626473191841466
AT3G11060,0.41266090073285266
AT3G11070,-0.06287250213082639
AT3G11080,-0.05729202203974425
AT3G11090,0.25176342533269563
AT3G11100,0.3811274275553695
AT3G11110,0.013513221831727547
AT3G11120,0.4732518976981673
AT3G11130,0.1985966269502883
AT3G11150,0.02799680437935031
AT3G11160,-0.12611166067753132
AT3G11165,0.1731639042871095
AT3G11170,0.31136872710356905
AT3G11180,-0.3201388793862007
AT3G11200,-0.025838321355714906
AT3G11210,0.19236610366231588
AT3G11220,-0.04707830684219774
AT3G11230,-0.09980539922492614
AT3G11240,-0.15284480519072266
AT3G11250,0.20438350428732918
AT3G11260,-0.24010182102930994
AT3G11270,-0.00859768316503949
AT3G11280,-0.03845796757328877
AT3G11285,0.27322074007038144
AT3G11290,-0.23471915835079585
AT3G11300,-0.21497516598466665
AT3G11310,-0.25083273710425114
AT3G11320,0.0825332062834668
AT3G11325,-0.016880540291242665
AT3G11330,0.4237413756202812
AT3G11340,-0.11021984718420441
AT3G11350,0.420228326714059
AT3G11370,-0.01166087768587204
AT3G11380,-0.2582566953611981
AT3G11385,-0.4709254038664758
AT3G11390,-0.7005141775303343
AT3G11402,-0.3452880974637551
AT3G11395,-0.4271096418120321
AT3G11397,0.5190828914136049
AT3G11400,0.09664609703334368
AT3G02385,
AT3G11405,0.17692951417659727
AT3G11410,-0.2808448725363953
AT3G02395,-0.03657951208306483
AT3G11415,-0.09483470638242758
AT3G02405,0.06070231262303626
AT3G11420,0.2804003777682104
AT3G02415,
AT3G11430,-0.29104404138663464
AT3G11435,0.037792105314262275
AT3G11440,0.058728053121721455
AT3G11450,-0.1130103285684468
AT3G11460,-0.04689111648423305
AT3G11470,0.25535377440410745
AT3G11480,0.2763346493417435
AT3G11490,0.021224908310740923
AT3G02425,0.309617146681875
AT3G11500,0.031513802217237506
AT3G11505,0.07473636319159267
AT3G11510,0.2588102746308532
AT3G11520,-0.1371643787147609
AT3G02435,0.10965045772309309
AT3G02445,0.3573292257731293
AT3G11530,0.4770938009700223
AT3G11540,0.15576361815714426
AT3G11550,0.24742600874774331
AT3G11560,-0.27110655488356666
AT3G02455,
AT3G11570,-0.02964921089731393
AT3G02465,
AT3G11580,0.36982434767792216
AT3G11590,-0.3728230669590404
AT3G11591,0.29551705604340883
AT3G02475,
AT3G11600,0.09068397103775562
AT3G11620,-0.09313043762984015
AT3G11630,0.2935616136305147
AT3G11640,0.023303496445661685
AT3G11650,-0.1415692480591733
AT3G11660,-0.47807396776104283
AT3G11670,-0.6339544798044662
AT3G11680,0.2265631357732405
AT3G11690,0.04358505192862977
AT3G11700,0.528455987598521
AT3G11710,0.3955223857966549
AT3G11720,0.030626911552247782
AT3G11730,-0.23354462408233304
AT3G11740,0.047320189086776834
AT3G11745,-0.28962466437272405
AT3G11750,0.36044398590905424
AT3G11760,0.2940708247678075
AT3G11770,0.17701036454520983
AT3G11773,0.3213247180859119
AT3G11780,0.28470280283536603
AT3G11800,0.11487037355341433
AT3G11810,0.32702943489447817
AT3G11820,0.21048864660213037
AT3G11825,0.12125564287200573
AT3G11830,0.6061551138764879
AT3G11840,0.03306555496888947
AT3G11850,-0.25056283467897883
AT3G11860,-0.19677824235968044
AT3G11870,-0.06465013768096413
AT3G11880,-0.17014498724763688
AT3G11890,-0.026651663757487228
AT3G11900,-0.00841384550644756
AT3G11910,-0.22334852355468987
AT3G11920,-0.10581576795253977
AT3G11930,0.0813807059216988
AT3G11940,-0.044722443923225004
AT3G11945,0.2268245484543245
AT3G11950,0.4122711592014735
AT3G11960,-0.1098250604978788
AT3G11964,0.3486350293735521
AT3G11980,0.2116292986583516
AT3G11990,-0.4737723844073771
AT3G12000,0.015719131700793896
AT3G12010,0.21624324501476272
AT3G12020,-0.3797955522842646
AT3G12030,
AT3G12040,0.11348095124591977
AT3G12050,0.18878492700011995
AT3G12060,-0.25994001245542664
AT3G12070,-0.36594688342148657
AT3G12080,-0.6398915106910423
AT3G12090,0.4116494969935814
AT3G12100,0.3482230919180731
AT3G12110,0.24035867544449535
AT3G12120,-0.44101205745229144
AT3G12130,0.31269922157005303
AT3G12140,-0.19984866667723908
AT3G12145,-0.11570729601210471
AT3G12150,0.02616965174261681
AT3G12160,0.19767100063547224
AT3G12170,0.5751852168517267
AT3G12180,-0.17312459000318361
AT3G12190,0.3438374928672898
AT3G12200,0.5843179125364436
AT3G12203,0.18014310693682054
AT3G12210,0.3373808192331355
AT3G12220,-0.40219437684521286
AT3G12230,0.3763402107690987
AT3G12240,0.0026024306294364532
AT3G12250,0.07769243906092098
AT3G02485,
AT3G12260,0.23780500601080554
AT3G02495,
AT3G12270,0.34340499607982194
AT3G12280,-0.31322088678480375
AT3G12290,0.37810282722295707
AT3G12300,0.49345669615274024
AT3G12320,0.6034354095843142
AT3G12340,0.1788567868239323
AT3G12345,0.33179722805983314
AT3G12350,-0.08435756917111535
AT3G12360,-0.4659883875221502
AT3G12370,-0.23073927810401385
AT3G12380,-0.24100590127619614
AT3G12385,
AT3G12390,-0.44443480229952903
AT3G12400,0.2753472105600079
AT3G12410,0.07161555517256388
AT3G12420,-0.34086127188171894
AT3G12430,-0.07608102279710827
AT3G12440,0.3588336838116472
AT3G12460,-0.3744282746151736
AT3G12470,0.11739475587069473
AT3G12480,-0.12184876647456637
AT3G02505,
AT3G12490,0.410873887509573
AT3G02525,
AT3G12500,-0.08114439191760645
AT3G12502,0.16686022832110314
AT3G12510,0.09369675823959188
AT3G02535,
AT3G12520,0.4879114316359946
AT3G02545,
AT3G12530,0.22673795251966186
AT3G12540,0.1253149030172043
AT3G12545,0.09476422385749796
AT3G12550,-0.14011574142987973
AT3G12560,0.02680415950327863
AT3G12570,-0.9091214484545765
AT3G12580,-0.36169951343354995
AT3G12587,0.1507387566144633
AT3G12585,
AT3G12590,-0.45049653761666825
AT3G12600,-0.04147679929386819
AT3G12610,-0.09714123582191805
AT3G12620,0.29273128617441474
AT3G12630,-0.10301990872281806
AT3G12640,-0.05840443007698401
AT3G02565,
AT3G12650,-0.4438921819038253
AT3G02575,0.6760096964845898
AT3G12670,-0.6492415148244636
AT3G12660,
AT3G12680,0.4420485818239514
AT3G12685,0.22299731862532837
AT3G12690,-0.17718401959741578
AT3G12700,0.29648949307404227
AT3G12710,-0.5220143122906246
AT3G12720,0.15436053113440046
AT3G12730,-0.14171504663065784
AT3G12740,-0.4357967901436943
AT3G02585,
AT3G12750,-0.5981207277120258
AT3G12760,0.24776935340133538
AT3G12770,0.01699654927091273
AT3G12775,-0.0031799571447838552
AT3G12780,-0.23843835437223268
AT3G12800,-0.5454226369480987
AT3G12810,-0.4638818359055156
AT3G12820,-0.18922250746788857
AT3G12830,-0.01778481080735605
AT3G12833,0.15276187879205727
AT3G12835,
AT3G12840,-0.46201091844328684
AT3G12850,0.29799000592634467
AT3G02595,0.09481471040328898
AT3G12860,0.48697441207584563
AT3G12870,-0.26194953843752383
AT3G12880,-0.3687487157032699
AT3G12890,-0.14871953102597146
AT3G12900,-0.5513022356640777
AT3G12910,-0.1372321336636062
AT3G12915,-0.05773228272945583
AT3G12920,-0.23024396464988484
AT3G02605,-0.15841816768202713
AT3G02615,0.085807498427653
AT3G12930,0.4279662151006136
AT3G12940,0.36742491938067073
AT3G12950,-0.17228961211698518
AT3G12955,0.10970284988728367
AT3G12960,-0.2831099537883841
AT3G12965,0.41502843542158757
AT3G02625,0.05237319784134666
AT3G02635,0.2822223050517965
AT3G12970,-0.07304834208249138
AT3G12977,0.2843850427216886
AT3G12980,-0.0771909443295184
AT3G12990,0.2520516950161393
AT3G13000,-0.6722422403259823
AT3G13010,0.07127072359976352
AT3G13020,-0.32927073029002885
AT3G13030,0.5298181771429712
AT3G13040,-0.4791017533332496
AT3G13050,-0.13410571760697465
AT3G02655,0.08198831560989076
AT3G13060,-0.5517953472095852
AT3G13061,
AT3G13062,-0.0056808571369609635
AT3G13065,-0.14399235254614287
AT3G13070,-0.16810241283713748
AT3G13075,
AT3G13080,0.26890061468221815
AT3G13090,0.2013908265261393
AT3G13100,-0.35623845842419866
AT3G13110,0.2734041964747172
AT3G13120,-0.22154346657601276
AT3G13130,-0.1889195586594844
AT3G13140,0.15993425668635755
AT3G13150,0.17417840912957158
AT3G13160,-0.04782312202194038
AT3G13170,0.18510463774758612
AT3G13175,0.03778898430719933
AT3G13180,-0.045983948219359465
AT3G13190,0.23738843209629498
AT3G13200,-0.21069122340385454
AT3G13210,-0.10716910315149161
AT3G13220,0.2955534636529878
AT3G13222,-0.40796467424827293
AT3G13223,
AT3G13224,-0.06509224894115309
AT3G13227,0.08794630971994497
AT3G13225,-0.11151257491571681
AT3G02665,-0.13195004563567272
AT3G13226,-0.23774767457471804
AT3G13228,0.07952320078410949
AT3G13229,-0.042289446897593244
AT3G13230,-0.21791462380613977
AT3G13235,-0.09542797546155668
AT3G13240,0.5004612409560695
AT3G13275,0.5062360912361714
AT3G13277,-0.658244601654472
AT3G13276,0.21634811061725787
AT3G13280,-0.7568997723738059
AT3G13290,0.5123990481559532
AT3G13300,-0.27477971976608384
AT3G13310,-0.1907466971605286
AT3G13320,-0.19964576658384176
AT3G13330,0.0874991239740602
AT3G13335,0.4484941700790632
AT3G13340,0.18555458048599782
AT3G13350,0.31903637708339583
AT3G13360,0.16994943139851534
AT3G13370,-0.4024512664244206
AT3G02685,-0.03711810943268567
AT3G13380,0.4639474640495279
AT3G13390,0.2817502743497944
AT3G13400,-0.04244940481549701
AT3G13404,0.39130470054500743
AT3G13403,
AT3G13405,0.48756040708520193
AT3G13410,0.35988210771023127
AT3G13420,0.12077704237510806
AT3G13430,-0.37603791962132144
AT3G02695,-0.11593699609382542
AT3G13432,0.02593729887175413
AT3G02705,0.162561574313998
AT3G13433,0.24703191002558916
AT3G13435,0.04599435439132124
AT3G13437,0.1279907921143879
AT3G13440,-0.17630155990846494
AT3G13445,0.5556278073632895
AT3G13450,-0.6915760042786246
AT3G13460,0.19244624656412096
AT3G13470,-0.13071433749448036
AT3G13480,0.1032304967924648
AT3G13490,0.08180571505255389
AT3G13500,-0.5286518036473532
AT3G13510,0.5302200924027942
AT3G13520,0.513944185142342
AT3G13525,0.23682363483841654
AT3G02725,0.28874097221713013
AT3G13530,-0.6574133519949563
AT3G13540,
AT3G02735,
AT3G13550,-0.10907145990125663
AT3G13560,0.3893439039957932
AT3G13570,-0.07525314664870705
AT3G13580,-0.421756015574256
AT3G13590,0.17061246936627678
AT3G13600,0.3583225204442631
AT3G13610,0.3021501559379194
AT3G13620,-0.18501818423315405
AT3G13630,-0.39578400571034356
AT3G13640,0.15182381652503799
AT3G13650,0.09125887116398088
AT3G13660,-0.005500902156934542
AT3G13662,0.3940009232823227
AT3G13670,0.37310370692523004
AT3G13672,0.32891830578841197
AT3G13674,0.5033165076007966
AT3G13677,0.2335246212775359
AT3G13680,-0.09576863801030774
AT3G13682,0.21388547802115784
AT3G13690,-0.17485400135681795
AT3G13700,
AT3G13710,-0.020022483328543145
AT3G13720,-0.7294807461165455
AT3G13724,-0.027892848403018027
AT3G13730,0.09876378514258653
AT3G13740,0.3464980208259117
AT3G02745,-0.03392706054302982
AT3G13750,-0.22047426247977506
AT3G13760,0.02960814433266137
AT3G13770,-0.28984421157983403
AT3G02755,
AT3G13772,-0.48099806768303954
AT3G02765,
AT3G13780,0.6992839330436983
AT3G13782,-0.45898221731052863
AT3G13784,0.12417622935131664
AT3G02775,0.04357457617449751
AT3G13790,-0.09099424923203886
AT3G13800,-0.4199649012126715
AT3G02785,
AT3G13810,-0.3858618000952306
AT3G13820,-0.5137297999948132
AT3G13830,-0.09433487240076889
AT3G13840,0.09029206114117065
AT3G13845,0.3141411355479353
AT3G13850,-0.16172311392373007
AT3G13857,0.020312243922631704
AT3G13855,
AT3G13860,0.10576625192307554
AT3G13870,-0.38699802677029066
AT3G13880,0.2642415387536664
AT3G13882,-0.48272191117884156
AT3G13890,0.35016529925414275
AT3G13898,-0.018991624557968653
AT3G13900,-0.42820022514160455
AT3G13910,-0.05336450058373436
AT3G13920,-0.11892824351592435
AT3G02795,
AT3G13930,-0.07615688822622727
AT3G13940,0.24062273746121
AT3G13950,-0.33907286779900875
AT3G13960,-0.13823980513604564
AT3G13970,0.08168953242846978
AT3G02805,0.003267202034124334
AT3G02815,0.17574834008071852
AT3G13980,0.018613120475192285
AT3G13990,-0.09960107323796459
AT3G14000,-0.10892341561578439
AT3G14010,0.009876466553443104
AT3G02825,
AT3G14020,-0.10673862777471602
AT3G14030,0.14796878551691164
AT3G02835,0.1270193251296558
AT3G14040,0.08969849768229314
AT3G14050,-0.481526869932666
AT3G14060,-0.01030953576656236
AT3G14067,0.5559040126721645
AT3G14070,-0.12535440474775625
AT3G14075,-0.07383513149065625
AT3G14080,0.036277136466110686
AT3G14090,0.2890087425180337
AT3G14100,0.27742294849647076
AT3G02845,
AT3G14110,0.14961770488084167
AT3G14120,0.034213691385186464
AT3G14130,-0.15464401444007256
AT3G02855,
AT3G14140,0.4682421252065228
AT3G14150,-0.09879080427136028
AT3G14160,0.24215691973335204
AT3G14170,-0.16682369745362047
AT3G14172,0.26287422947825445
AT3G14180,0.11522947471277449
AT3G14185,0.07898596591234919
AT3G14190,-0.028038648883687015
AT3G14200,-0.2570331484844067
AT3G14205,0.46948620685324194
AT3G02895,-0.04775697316136363
AT3G14210,0.14083229115776577
AT3G14220,0.1146414871041204
AT3G14225,0.07379943903570231
AT3G14230,-0.31065265806975345
AT3G14240,-0.41546325741482004
AT3G14250,0.4634108218128537
AT3G14260,-0.23666919054405955
AT3G14270,-0.4951151104214275
AT3G14280,-0.33235140000276675
AT3G02905,0.08699849543958293
AT3G14290,-0.6364617850883921
AT3G14300,0.08850163698957064
AT3G14310,-0.359762941165639
AT3G14320,-0.7005011882056268
AT3G14330,0.1947246446162746
AT3G14340,
AT3G14350,-0.03731969877405324
AT3G02915,
AT3G14360,0.2968351273754651
AT3G02925,
AT3G14362,0.26890395911011705
AT3G02935,
AT3G14370,-0.221959816814071
AT3G14380,0.21310807010023208
AT3G14385,0.38978829526283365
AT3G14390,-0.5950219137780318
AT3G14395,-0.2895373924423217
AT3G14400,-0.08812333891369382
AT3G14410,0.6581833350759686
AT3G14415,-0.02561928561822428
AT3G14420,-0.6411091022612162
AT3G14430,0.21814067859954403
AT3G14440,0.5015624094715331
AT3G14450,0.1737520132793643
AT3G14452,-0.18005349712046115
AT3G14460,-0.42745310103635586
AT3G14463,
AT3G14467,0.307948941101169
AT3G02945,
AT3G14470,0.012986095841417244
AT3G14475,
AT3G14480,
AT3G02955,-0.11179426922491138
AT3G14490,0.15442841610831654
AT3G14510,-0.013886003004991612
AT3G14520,0.27232946624539833
AT3G14530,0.33903967843997473
AT3G14540,-0.4110147277108047
AT3G14550,-0.23448298474355464
AT3G02985,
AT3G14560,-0.06346994571436437
AT3G14570,-0.022588929695548446
AT3G14580,0.16549285926067636
AT3G14590,0.570730636604658
AT3G14595,-0.2172706638053219
AT3G14600,-0.22999814986001993
AT3G14610,-0.4756223085336133
AT3G14620,0.30507573460099613
AT3G14630,-0.6340794928671816
AT3G14640,0.05085877037910326
AT3G14650,-0.5942789085354784
AT3G14660,-0.6706716302148397
AT3G14670,0.1310639732414886
AT3G14680,-0.059918177990634834
AT3G14690,-0.11925090991293293
AT3G14700,-0.23040958848698728
AT3G14710,0.12501451091096355
AT3G14720,0.04615524548673602
AT3G14730,0.00712156862799037
AT3G14735,-0.07126086158538422
AT3G14740,0.6170113446009676
AT3G14750,-0.08906946716572582
AT3G14760,0.03111724147027731
AT3G14770,-0.08295512277807719
AT3G02995,0.03680181697131252
AT3G14780,-0.055059683012717776
AT3G14790,0.3857932947255205
AT3G14810,-0.3339141555270944
AT3G03005,0.16384912728547535
AT3G14820,0.20024151534304263
AT3G14830,0.1627507294409998
AT3G14840,-0.10130019399562955
AT3G14850,0.008717322491201848
AT3G14855,-0.02450922187378513
AT3G14860,-0.38904511358601024
AT3G14870,0.09668989520629172
AT3G14880,0.13760404951455701
AT3G14890,0.09295625280071466
AT3G14900,0.3495688123064645
AT3G14910,0.17042881243482266
AT3G14920,0.2055453000657726
AT3G14930,0.25760574446239765
AT3G14940,0.7306884622713983
AT3G14950,-0.29606387646163
AT3G14960,-0.19846137345362208
AT3G14970,-0.5640553665434639
AT3G14980,0.2426855244161804
AT3G14981,
AT3G14990,0.0018504985178570263
AT3G15000,0.17583313967077616
AT3G15010,0.028326617032606843
AT3G15020,-0.2199261997009501
AT3G15030,-0.10520881841912788
AT3G15040,0.15751402199477646
AT3G15050,0.14989142651639473
AT3G15055,0.22906746871739697
AT3G15060,-0.1933494377064061
AT3G15070,0.4600154059803988
AT3G15080,-0.5066412241749326
AT3G15090,0.5309860100302787
AT3G15095,0.5752763533342506
AT3G15110,0.315225521959148
AT3G15111,
AT3G15115,0.30721909186694357
AT3G15120,0.015637887273429223
AT3G15130,-0.08306044694422059
AT3G15140,-0.4999053465492349
AT3G15150,0.2732793525430141
AT3G15160,0.5697152167901026
AT3G15170,0.20188280907342307
AT3G15180,0.2246188583414426
AT3G15190,-0.13381078769420762
AT3G03025,
AT3G15200,0.09595188904707395
AT3G15210,-0.14637663893769265
AT3G03035,-0.1936101314483697
AT3G03045,
AT3G15220,0.22680277965789028
AT3G03055,-0.04479042145663979
AT3G03065,
AT3G15240,0.15460181765646988
AT3G15250,0.02893303189489071
AT3G15251,
AT3G15260,-0.2519411415262932
AT3G15270,
AT3G03075,0.09815150920051577
AT3G15280,-0.21615890018164877
AT3G15290,0.35000046467373275
AT3G15300,-0.45211495293142107
AT3G03085,0.29873289941429054
AT3G15340,0.0833954276362014
AT3G15350,-0.2603600083739151
AT3G15354,0.1581738459048409
AT3G15359,0.24631174130405242
AT3G15356,0.11478560241871852
AT3G15351,-0.2421016251514235
AT3G15358,0.3125673311531337
AT3G15352,0.5718229274706093
AT3G03095,
AT3G15353,0.19007594857943966
AT3G03105,
AT3G15355,0.3438874370857933
AT3G15357,0.2208154419067676
AT3G15360,0.30095338586379594
AT3G15370,0.4982402603714203
AT3G15380,0.14435019566364976
AT3G15390,0.0056222253880739564
AT3G15395,0.06564490809463801
AT3G15400,-0.1772841865371495
AT3G15410,0.37644085879929073
AT3G15420,0.42623577684206776
AT3G15430,-0.05283990845097855
AT3G15440,-0.030185368782432304
AT3G15450,-0.17874581361223546
AT3G15460,0.18933961846871045
AT3G15470,-0.23367456037966483
AT3G15480,0.20389269743277114
AT3G15490,-0.5565944525415772
AT3G15500,0.30396990222009224
AT3G03115,0.09178364897045171
AT3G15510,0.14533361011002643
AT3G03125,0.16781132633656595
AT3G15518,
AT3G15520,-0.02274115634507728
AT3G03135,
AT3G15530,-0.06775574854590724
AT3G15534,0.1590818386925246
AT3G15536,0.27901957853001397
AT3G15540,0.5442335834975195
AT3G15548,
AT3G15550,0.24344953338063752
AT3G15570,-0.5603578620461759
AT3G03145,
AT3G15580,-0.09198604236929525
AT3G15578,
AT3G15585,0.13123447276367883
AT3G15590,0.1753999455953729
AT3G15605,-0.05130448681889597
AT3G15604,
AT3G15610,-0.10081930006115561
AT3G03155,
AT3G15620,-0.3702443329693049
AT3G15630,-0.32288085111214815
AT3G15635,
AT3G15640,0.08882177133270702
AT3G15650,0.22220719083008386
AT3G15660,0.32291179851185337
AT3G15670,-0.004222359559504276
AT3G15680,-0.6338813232698205
AT3G15690,0.40956978957126
AT3G15700,0.07430219899061495
AT3G15710,-0.45185195297115593
AT3G15720,-0.45399870420404553
AT3G15730,0.37816623494648444
AT3G15740,0.11926536490575494
AT3G15750,0.17183445827109892
AT3G15760,0.137425507474152
AT3G15770,0.23363997056329963
AT3G15780,0.3724584526619934
AT3G15790,0.16476686721729294
AT3G15800,-0.18985460595205222
AT3G15810,-0.42382188844434915
AT3G15820,0.4230953957376622
AT3G15830,-0.2970766708189648
AT3G15840,0.12072848518427033
AT3G15850,-0.6190981353790141
AT3G15860,0.017557014857201687
AT3G15870,-0.24699232513928296
AT3G15880,0.363102964668225
AT3G15890,0.42684061793643013
AT3G15900,0.2032682292330116
AT3G03165,-0.3718757339495877
AT3G15909,-0.11783425531927638
AT3G15910,-0.2901727181592766
AT3G15920,0.37664278433858395
AT3G03175,
AT3G15930,
AT3G15940,0.6156905358630381
AT3G03195,0.1033064552901122
AT3G15950,0.16060177166678655
AT3G15960,0.2971876580378308
AT3G15970,0.060758056499121645
AT3G15980,0.2576215175996838
AT3G03205,-0.3417250393082507
AT3G15990,-0.1935993200823424
AT3G16000,0.3311241274316313
AT3G16010,-0.11945440233990996
AT3G16020,-0.23738878506857827
AT3G16030,-0.17663186313437546
AT3G16040,0.026698011931955902
AT3G16050,-0.3313990006915329
AT3G03215,
AT3G16060,-0.21882307797003567
AT3G16070,0.13465568073145207
AT3G16080,0.0009260859095376728
AT3G16090,0.09070290433937529
AT3G16100,0.13338486093464436
AT3G16110,0.1171175919148562
AT3G16117,0.07632225795330569
AT3G16120,-0.43457704299368427
AT3G16130,-0.13904315682165977
AT3G16140,-0.3936326453041509
AT3G16150,-0.19114314221113304
AT3G16160,-0.1309327589617681
AT3G16170,0.1435690990303684
AT3G16175,-0.5142169204755874
AT3G16180,-0.5933672786823302
AT3G03225,
AT3G16190,0.5313442046098061
AT3G16200,-0.12401247469690416
AT3G16210,-0.017260279735875447
AT3G03235,-0.991506418497029
AT3G16220,0.1811893164983903
AT3G03245,
AT3G03255,
AT3G16230,0.4351777067671791
AT3G16240,-0.0007946406529337636
AT3G03265,
AT3G16250,0.28800303183172427
AT3G03275,
AT3G16260,-0.06579529362977825
AT3G16270,-0.5958080217592077
AT3G16280,0.07563344506345705
AT3G16290,0.248636404690136
AT3G16300,0.06715622385876754
AT3G16310,-0.04552263903687348
AT3G16320,0.3427982179974558
AT3G16330,0.020862861531021442
AT3G16340,-0.5171788758280284
AT3G16350,0.334192317128339
AT3G03285,0.0008592317567975539
AT3G16360,0.1771846970111298
AT3G03295,
AT3G16370,-0.5710717823542274
AT3G16380,0.12850209244108793
AT3G16390,0.15403558630239103
AT3G16400,-0.09812239494570905
AT3G16410,-0.38110543809027386
AT3G16420,-0.3301673259453128
AT3G16430,-0.4801690633483592
AT3G16432,-0.1775834791627973
AT3G16440,-0.4148114313501163
AT3G16450,0.035751535655184664
AT3G16460,-0.13130176638650787
AT3G16470,-0.563415255417749
AT3G16480,0.5598687267478911
AT3G16490,-0.16935434623459508
AT3G03325,0.04862835286123209
AT3G16500,0.21180832391488227
AT3G03335,-0.06505431354166655
AT3G16510,-0.49777893532885226
AT3G16520,0.5015377486858433
AT3G16525,-0.3627359166324549
AT3G16530,-0.12477269947466758
AT3G16540,0.7496426738726837
AT3G16550,0.6395900732691313
AT3G16552,-0.06919105780508826
AT3G16555,-0.08851160890561617
AT3G16560,-0.07044110979591466
AT3G16565,0.06434632928548976
AT3G16570,-0.35013191851304376
AT3G03345,0.29978502359364556
AT3G16580,-0.022395267968216306
AT3G16590,-0.40568286499995404
AT3G16600,-0.23322011062063602
AT3G16610,0.3437340570677975
AT3G16620,0.4707958353404216
AT3G16630,0.3756280307467728
AT3G16640,-0.24585260352354474
AT3G16650,-0.19618858261282876
AT3G16660,0.4073291202706742
AT3G03355,0.1650944801989957
AT3G03365,-0.014553437482782431
AT3G16670,0.19562009130346023
AT3G16680,-0.14904550862760182
AT3G16690,-0.024949966386847426
AT3G16700,0.017201804242045267
AT3G16710,-0.2664270586458183
AT3G16712,0.15523877068103376
AT3G16720,-0.16607029471934173
AT3G16730,0.19333848992689498
AT3G16740,-0.28289449707206415
AT3G16750,0.15242512380364726
AT3G16760,-0.29504716559922073
AT3G16770,0.21081542140375978
AT3G16780,0.16494859935784661
AT3G16785,0.1336629896023282
AT3G16800,0.22559770328344173
AT3G16810,-0.49357948906628873
AT3G16820,0.1847985469428109
AT3G03375,0.1737131648299528
AT3G16830,-0.1944259443429098
AT3G16840,-0.23351409978172583
AT3G16850,0.22659772554822957
AT3G16857,0.11800897962971812
AT3G16860,-0.2984470719822473
AT3G03385,
AT3G16870,0.3938479027517228
AT3G16880,-0.06961391111805462
AT3G16890,-0.15342102317829107
AT3G16895,0.19674290991162896
AT3G16900,0.25385626527422706
AT3G16910,-0.06546502115395801
AT3G16920,0.07878784474510807
AT3G16930,-0.3141383239390178
AT3G16940,-0.6248642473520556
AT3G16950,-0.09174963322328454
AT3G16960,0.2891682805304435
AT3G16970,0.12292762527651172
AT3G16980,0.18313313654731445
AT3G16990,-0.7454167677356067
AT3G17000,0.5778700667339084
AT3G17010,0.5359314030374871
AT3G17020,0.06920939281246266
AT3G17030,-0.5702815198467952
AT3G17040,0.0756692482993344
AT3G17060,-0.25267890432743784
AT3G17070,-0.03862635692053396
AT3G17080,-0.3564193934388599
AT3G17090,-0.2759104958378829
AT3G03415,0.13211885632944964
AT3G03425,0.3436272890644013
AT3G03435,-0.2381301726101776
AT3G03445,
AT3G17100,-0.12445607062912113
AT3G03455,0.007697505607613593
AT3G17120,-0.08158356705283375
AT3G17130,-0.004013131346192734
AT3G17140,-0.02596303035059403
AT3G17150,0.1431065509617562
AT3G17152,0.25321725434278824
AT3G17155,0.3767414959860277
AT3G17160,0.22621514530564044
AT3G17170,0.12766159254893655
AT3G17180,0.05409345053624346
AT3G17185,0.05948217763424969
AT3G17190,-0.39162726944544546
AT3G17205,-0.35892553398692373
AT3G17210,0.03376371072256769
AT3G17220,-0.383355278972963
AT3G17225,0.3507497770554412
AT3G17227,0.25252700030150915
AT3G17230,0.27673488654494816
AT3G17240,0.1902265448790957
AT3G17250,0.609761328073358
AT3G17261,-0.3520454387700868
AT3G17265,0.07974205030618871
AT3G17270,0.10104177236368056
AT3G17280,0.3471184916195705
AT3G17300,0.2772075291711715
AT3G17310,0.10517871153690238
AT3G17320,-0.007544597967206115
AT3G17330,-0.23964806508647013
AT3G17340,-0.2521905967919353
AT3G03465,-0.4055878022794627
AT3G17350,-0.21333838828354432
AT3G17360,0.16773031577408304
AT3G17365,0.2656312778342105
AT3G17370,0.013133237761055521
AT3G17380,-0.3688138366825843
AT3G17390,-0.333438076557856
AT3G03475,
AT3G17400,0.3270460941332915
AT3G17410,0.32585048039784786
AT3G17420,0.46144231348759224
AT3G17430,0.06690251146604727
AT3G17440,-0.16779228916220698
AT3G17450,-0.292848347807264
AT3G17460,0.038718882151602914
AT3G17465,-0.30713349070923507
AT3G17470,0.01671247207406327
AT3G17480,0.13228107991777788
AT3G17490,-0.12766321957692656
AT3G17500,0.21644203098734746
AT3G17510,-0.17364387740519588
AT3G17520,0.2758103230125347
AT3G17530,-0.363302447560508
AT3G17540,-0.6393826849608356
AT3G17550,0.09140467036302848
AT3G17560,-0.5002408960773358
AT3G17570,-0.027830411318181446
AT3G03495,0.06286530064157708
AT3G03505,
AT3G17580,-0.29432281819816275
AT3G17590,0.4971976404404754
AT3G17600,-0.3432607248811701
AT3G17609,-0.5289819036996122
AT3G17611,-0.01376644006863201
AT3G17620,0.06145910607944308
AT3G17626,-0.20379212844859826
AT3G17630,-0.4126537813433021
AT3G03515,
AT3G17640,0.3727504155592076
AT3G17650,-0.2074068752089168
AT3G17655,
AT3G17660,-0.23163500315304586
AT3G17668,0.4239082458730771
AT3G17670,0.05240789337838716
AT3G17675,-0.06321544717037893
AT3G17680,-0.061730270768836706
AT3G17690,0.15612437821239614
AT3G17700,-0.29230190764436065
AT3G17710,0.12356540073914057
AT3G17712,0.27426406106438966
AT3G17717,-0.3636050980060549
AT3G17720,0.05793290189910281
AT3G03525,0.16284516114122505
AT3G17730,-0.041812914656836245
AT3G17740,-0.09528592314319688
AT3G17750,-0.4433493885952832
AT3G17760,0.19044839358215782
AT3G17765,
AT3G17770,-0.031472209337495186
AT3G17780,-0.2122463937736471
AT3G17790,-0.04913230991446327
AT3G17800,-0.3081180764338994
AT3G03535,
AT3G17810,0.17928617223396093
AT3G17820,-0.14157364603016323
AT3G17830,0.41463427990186724
AT3G17840,-0.1967250449447344
AT3G17850,-0.49280191858331573
AT3G03555,0.35598311168412644
AT3G17860,-0.23745223251745395
AT3G17880,-0.34456851332055694
AT3G17890,0.110708496061126
AT3G03585,
AT3G03595,
AT3G17900,0.148448988809483
AT3G17910,0.32647973408243247
AT3G17920,0.4036903718202924
AT3G17930,-0.22480100569748737
AT3G17940,-0.049460975480310435
AT3G17950,-0.218332715227043
AT3G17970,-0.18512064977102394
AT3G17980,0.10917309011901712
AT3G18000,-0.3859700385153714
AT3G18010,0.21447810266573047
AT3G18020,-0.16395410127674642
AT3G18030,0.42306588215124047
AT3G18035,0.406542325255242
AT3G18040,0.37878337618283764
AT3G03605,0.2012876017269994
AT3G18050,-0.2174133468437981
AT3G18060,0.04923473960595769
AT3G18070,0.28066913391789894
AT3G03615,0.1597658230908692
AT3G18080,-0.4484033040542228
AT3G18090,-0.15572520444710572
AT3G18100,0.04544901924876819
AT3G18110,0.05572859510269835
AT3G18120,-0.06988985390472081
AT3G18130,-0.7435436162606305
AT3G18140,0.17535404360199897
AT3G03625,0.38611974748656536
AT3G18150,0.36033156011887235
AT3G18160,0.027131191390857554
AT3G18165,0.21355706471102864
AT3G18170,-0.1316315481403043
AT3G03635,
AT3G18180,0.19410667354467326
AT3G18190,-0.4258780572475415
AT3G18200,0.3026283046233722
AT3G18210,0.09679199089003247
AT3G18215,-0.4874381783553456
AT3G18217,-0.0033441167569898157
AT3G03645,-0.613975402576002
AT3G03655,-0.14015931440957122
AT3G18220,-0.16799686553566015
AT3G18230,-0.28228582154601667
AT3G18235,0.21417388149935587
AT3G18240,0.04134680729875566
AT3G18250,0.21631040903765178
AT3G18260,-0.3617070752319418
AT3G18270,0.08927519198874044
AT3G18280,-0.0022621091701515708
AT3G18282,-0.027780508671194505
AT3G18290,-0.1747934310519306
AT3G18291,-0.15321102672967643
AT3G18295,0.1653000731008951
AT3G18300,-0.05174875758204031
AT3G18310,0.02337515965889221
AT3G18320,0.3101880615141351
AT3G18330,0.44712936781241613
AT3G18340,-0.23010994595103515
AT3G03665,0.2925887416128866
AT3G18350,-0.2970387401855959
AT3G18360,0.17214239756720312
AT3G18362,-0.041425835906776565
AT3G03675,0.028815702759166048
AT3G18370,0.11964193159808004
AT3G18380,0.11675163836307045
AT3G18390,-0.30446855971535497
AT3G18400,-0.029164755845221425
AT3G18410,0.22564529853067475
AT3G18420,-0.14626525131312418
AT3G18430,-0.5531082513844187
AT3G18440,-0.10135670897929977
AT3G18450,0.5709462832757781
AT3G18460,0.08247025092143594
AT3G18470,-0.0811911397760869
AT3G18480,-0.1253930473323718
AT3G18485,0.3098804382698118
AT3G03685,0.2459122828924057
AT3G03695,0.0675768846458808
AT3G18490,0.320145744803842
AT3G18500,0.16580510925402758
AT3G18510,0.2415815055817778
AT3G18518,-0.4347336324880801
AT3G18520,-0.441521764738563
AT3G18524,-0.19946307834555033
AT3G18530,0.16553548661651427
AT3G18535,0.18849998360482273
AT3G03705,-0.3157102346518779
AT3G18550,0.41392523610656695
AT3G03715,-0.5185238422275938
AT3G03725,0.13513792301680955
AT3G03735,-0.082459321116195
AT3G18560,-0.12263636495909366
AT3G18570,0.05309954818832631
AT3G18580,0.3658795095788927
AT3G18590,-0.18794555880203603
AT3G18600,0.08402598122642216
AT3G18610,0.048822468581036345
AT3G18620,-0.30581559389182866
AT3G18630,-0.26300919145944607
AT3G18640,0.5571321198334432
AT3G18650,0.44598744448391664
AT3G18660,-0.3931515550923153
AT3G18670,-0.3400931513096953
AT3G18680,-0.36116965192386624
AT3G18690,-0.21102180625893163
AT3G03745,
AT3G18700,-0.7278223161358576
AT3G18710,-0.029693594247023156
AT3G18715,-0.04829371024894317
AT3G03755,0.1871014796455828
AT3G18720,0.16661577345450837
AT3G18730,-0.037475230904889245
AT3G18740,0.45510518228843233
AT3G18750,0.22130660136891409
AT3G18760,-0.2543139298232786
AT3G18770,-0.2683962776625394
AT3G18773,-0.3873403039468003
AT3G18775,0.14741400950530245
AT3G03765,-0.001524930830523618
AT3G03775,0.38779019616399135
AT3G18780,0.08058083763798557
AT3G18790,-0.03146210419561942
AT3G18800,0.18898261300220653
AT3G18810,0.2088598464155713
AT3G18815,-0.07176958145491273
AT3G18820,0.10119761752096405
AT3G18827,0.08949168206842421
AT3G18830,-0.2861168284616122
AT3G18840,-0.3808416512015927
AT3G18850,-0.19403549979329954
AT3G18860,-0.4521116297187474
AT3G18870,0.31007114853589335
AT3G03785,
AT3G18880,0.2892156318561027
AT3G18890,0.5527091994161005
AT3G18895,
AT3G18900,0.17297245233967135
AT3G18905,-0.2893280764588407
AT3G18910,-0.0035593511587925157
AT3G18930,-0.3911625275581125
AT3G18915,
AT3G18940,-0.5131345688397652
AT3G18950,0.40581472955387643
AT3G18952,0.1937383194002908
AT3G18957,0.15526445219738003
AT3G18960,-0.13287820653562196
AT3G18970,-0.04774009098344824
AT3G18980,-0.1851343793287264
AT3G18990,-0.15868296514322558
AT3G19000,0.18558437769162248
AT3G19002,0.22251200296557802
AT3G19010,-0.27862701782918636
AT3G19020,-0.5192327716832159
AT3G19030,0.06852052733247824
AT3G19035,-0.15133692933879883
AT3G19040,0.2915919085215763
AT3G03795,0.30520417615927403
AT3G19050,-0.1436792866310129
AT3G19055,0.4187307596301191
AT3G19070,-0.10965918886428438
AT3G19080,0.3524988758208777
AT3G19085,-0.24135035734312793
AT3G19090,0.44729931750031116
AT3G19100,-0.010528241327844762
AT3G19120,0.09481497117583094
AT3G19130,-0.02219046269396163
AT3G19140,0.1441753998286191
AT3G19150,0.06226232089165203
AT3G19160,-0.12337121442408798
AT3G19170,-0.25173396366787787
AT3G19180,0.3303505519921043
AT3G19184,0.7069396762646997
AT3G19190,-0.15348663774204827
AT3G19200,-0.04275980870903677
AT3G19210,-0.1529056385306482
AT3G19220,-0.2308589665260447
AT3G19230,-0.08403813698330863
AT3G19235,-0.008359311020865106
AT3G19240,-0.3628890254522386
AT3G19250,0.19264053969220876
AT3G19260,-0.08239563077378294
AT3G19270,0.14573080147004117
AT3G19274,0.5145821496684432
AT3G19280,-0.6757663988499841
AT3G03805,0.11587494803068789
AT3G19290,-0.6478079285303099
AT3G03815,
AT3G19300,-0.48935053816433405
AT3G19310,-0.7009262594926352
AT3G19320,0.03472010267066301
AT3G19330,-0.09680541199650668
AT3G19340,0.1894764396546085
AT3G19350,0.11393573425981049
AT3G19360,-0.2987122440399391
AT3G19370,-0.48381296730485845
AT3G19380,0.09417302183306106
AT3G19390,-0.028770088460454472
AT3G19400,-0.32292826169703237
AT3G19410,0.20523792221169562
AT3G19420,0.08275400337181069
AT3G19430,-0.230603215858134
AT3G19440,-0.33375674598024335
AT3G19450,0.028769999529374906
AT3G19460,-0.3215725978346325
AT3G19470,-0.20946701046204025
AT3G19480,-0.11924589930346358
AT3G19490,0.45419350511732387
AT3G19500,-0.24658693210195054
AT3G19508,-0.22198211375754123
AT3G19510,0.4326969953451131
AT3G19515,0.27384123303077745
AT3G19520,-0.039497807466190624
AT3G19530,0.16875143815067686
AT3G19540,-0.30347771142798907
AT3G03825,0.0992937269955623
AT3G19550,-0.2529238571442888
AT3G19552,
AT3G19553,-0.25744572256307224
AT3G19560,0.175823107570348
AT3G03835,0.2465342344968415
AT3G19565,0.08506063574777019
AT3G19570,0.5258495213806451
AT3G19580,0.09411255069153951
AT3G19590,-0.39641042941135185
AT3G03865,
AT3G19595,
AT3G19600,-0.5611867594746502
AT3G19610,0.634583662221548
AT3G19613,
AT3G19615,
AT3G19620,0.05014275849833799
AT3G19630,0.24956319014776315
AT3G19640,0.6930322592603039
AT3G19650,0.059203543465744676
AT3G19660,0.08881111036551362
AT3G19663,0.06284972526822163
AT3G19670,-0.3369242333793788
AT3G19680,0.06136724623125861
AT3G19690,0.18579340823154988
AT3G03875,0.22456762981057385
AT3G19700,-0.3421561433256185
AT3G19710,-0.49860512465775075
AT3G19720,0.1523655676462268
AT3G19740,-0.4292668865804489
AT3G19760,-0.6374206812412068
AT3G19770,0.29327010260235054
AT3G19780,-0.3415632524348775
AT3G03895,
AT3G19790,-0.008190488168137845
AT3G19800,0.22684669630561802
AT3G19810,-0.5261691383371891
AT3G19820,0.129273249379536
AT3G19830,0.2510850185506587
AT3G03905,0.15841091793981568
AT3G19840,-0.014280533515303416
AT3G19850,0.15619214757313654
AT3G19860,0.26802891624003056
AT3G03915,0.1315924450122375
AT3G19870,-0.19070533891203864
AT3G19880,0.009626423845394234
AT3G19890,0.1267277802548445
AT3G19895,-0.3391245808933898
AT3G03925,0.3535264667978896
AT3G19900,0.28623497533148
AT3G19910,0.027877578926472215
AT3G19920,-0.008838928299200468
AT3G19930,-0.13740882058004728
AT3G19940,0.4599137098226138
AT3G19950,0.11999105320794304
AT3G19960,0.20879818019670904
AT3G19970,-0.42567957615363305
AT3G19980,-0.604314115306355
AT3G19990,0.388774217870701
AT3G20000,-0.19056881944412452
AT3G20010,0.23861723172602475
AT3G03935,0.06681677020995688
AT3G20015,-0.5808752023864627
AT3G20020,-0.10619701171815739
AT3G03945,-0.03309582253523589
AT3G20030,0.15119832730873822
AT3G20040,0.36458175545552884
AT3G20050,0.2897841661580303
AT3G20060,0.35582063172726053
AT3G20070,0.4657860895033934
AT3G20080,0.330979397078163
AT3G20090,-0.2518504031012974
AT3G20100,-0.5764782012711567
AT3G20110,-0.07784030527254196
AT3G20120,0.4060701008586704
AT3G20130,0.25820317918739394
AT3G20140,-0.0739154734006216
AT3G20150,0.07161159151155927
AT3G20155,0.42853387997160225
AT3G20160,-0.1303516075104095
AT3G20170,0.6475426662434157
AT3G20180,-0.16731460964166467
AT3G20190,-0.12735894028299197
AT3G20200,-0.01116990093183861
AT3G20210,0.15489700147782962
AT3G03955,
AT3G20220,0.09836227938370008
AT3G20230,0.00823563321988262
AT3G03965,
AT3G20240,0.6486185109104214
AT3G20250,-0.08514105504373462
AT3G20260,-0.23505896994247832
AT3G20270,0.1826572245995953
AT3G20280,-0.07282681868840173
AT3G20290,0.3859175932636344
AT3G20300,0.24058966830086967
AT3G20310,0.20942832404939138
AT3G20320,0.2482671574563878
AT3G20330,-0.15029649169000836
AT3G20340,0.09930780984617381
AT3G20350,-0.3629123444248784
AT3G20360,-0.08133884141842222
AT3G20362,0.29372475708106566
AT3G20370,-0.1905612864215969
AT3G20380,-0.01034369395634882
AT3G20390,-0.10955726598009931
AT3G20395,-0.27393026757463745
AT3G20400,-0.15922442447566512
AT3G20410,-0.037596976260547976
AT3G20420,0.1699264118786813
AT3G20430,-0.31475682932662796
AT3G20440,0.011987407179287956
AT3G20450,0.12936294729635525
AT3G20460,-0.2666032790393038
AT3G20470,-0.5462471093887735
AT3G20475,0.13681096078343868
AT3G20480,-0.37017677348556444
AT3G20490,0.4139824044303766
AT3G20500,0.4909404641256566
AT3G20510,0.13883737438620453
AT3G20520,0.05882353414280662
AT3G20530,-0.14017321362965043
AT3G20540,-0.4729131600963382
AT3G20550,-0.15016674991503157
AT3G20555,-0.07104849377634158
AT3G20557,0.17122783521563095
AT3G20560,0.4255783344643709
AT3G20570,0.21968905192019864
AT3G20580,0.39371053580030163
AT3G20590,0.2934202551585587
AT3G20600,-0.3852742123255999
AT3G20610,0.34854063188433837
AT3G20620,0.00018634062706557382
AT3G20630,0.3210566862479225
AT3G20640,-0.306289844343007
AT3G20650,0.22737868287066454
AT3G20655,0.1940158008375933
AT3G20660,0.13344009325545778
AT3G20670,0.1493336121990769
AT3G20680,-0.5711778867416639
AT3G03975,
AT3G20690,0.1926005999392714
AT3G20700,-0.05823744624822891
AT3G03985,-0.1183860175708388
AT3G03995,-0.003035961140017701
AT3G04005,0.43534339070590916
AT3G20710,0.32230367312066877
AT3G20720,-0.3798475334523407
AT3G20730,0.23702646534408506
AT3G04015,
AT3G20740,0.05448161655142896
AT3G04025,
AT3G20750,0.13829055252213723
AT3G20760,0.1674983929027831
AT3G20770,0.4376327911663252
AT3G20780,-0.08320870065751856
AT3G20790,0.09533175115421579
AT3G04035,
AT3G20800,-0.1799637044443237
AT3G20810,0.061668529289170146
AT3G20820,-0.030050917948432135
AT3G20830,0.18695014250339773
AT3G20840,0.32831758518667575
AT3G20850,0.39191187272160816
AT3G20860,-0.10806720881447217
AT3G20865,0.4681289467336206
AT3G20870,0.024137595381455886
AT3G20880,0.5104549479929256
AT3G20885,0.08660088033737287
AT3G20890,-0.017286936002638368
AT3G20898,-0.18204819515022444
AT3G20900,-0.22464567804901872
AT3G20910,-0.024573391460489466
AT3G20920,0.36136135624883364
AT3G20930,0.29096620437226506
AT3G20935,0.1788360832778978
AT3G20940,-0.158875894800486
AT3G20950,0.6321687142885668
AT3G20960,-0.2190193380664102
AT3G20970,0.13955843800522844
AT3G20978,-0.1087145342214916
AT3G20980,-0.17196711199821157
AT3G20993,-0.2217605889216248
AT3G20997,0.3735896040494061
AT3G21000,-0.47687314308559425
AT3G04045,
AT3G21055,0.21364582384090058
AT3G21060,0.27715323767104844
AT3G21070,-0.2334137030758754
AT3G21080,-0.05088432884733646
AT3G21090,-0.07431935304018876
AT3G21100,0.3689143550175621
AT3G21110,-0.08959023174258245
AT3G21120,0.3941408851249723
AT3G21130,-0.2503707171377839
AT3G21140,-0.13861265873797668
AT3G21150,0.21912674246437797
AT3G21160,0.5007728994732644
AT3G21165,0.16095405412768596
AT3G21170,-0.08150632157194337
AT3G21175,-0.19084258085420053
AT3G21180,-0.6024785815226633
AT3G21190,-0.19236560731806665
AT3G21200,0.14092273355371926
AT3G04055,
AT3G21210,-0.3614609453758286
AT3G04065,0.030268772946647707
AT3G21215,-0.09005226841730049
AT3G21220,0.2629082812221237
AT3G21230,-0.709953151811751
AT3G21240,-0.3118640520581577
AT3G21250,0.17159880072072398
AT3G04085,
AT3G21260,0.023656350047456063
AT3G04095,0.015650931739821728
AT3G04115,-0.20749392984388387
AT3G21270,-0.03649552163734522
AT3G21280,-0.5390458196366795
AT3G21290,-0.46813142671949143
AT3G21295,0.24961922970669978
AT3G21300,0.17997963657818528
AT3G21305,
AT3G21310,0.3479605697927205
AT3G21320,0.3872124231589803
AT3G21330,-0.1297160139261219
AT3G21340,-0.3837198605656728
AT3G21350,0.021473553127217996
AT3G21351,0.09643211118928142
AT3G21352,0.3662177933808841
AT3G21360,0.149207556258089
AT3G21370,-0.4710366185586729
AT3G21371,0.16470347801533747
AT3G21380,0.3297640325027735
AT3G21390,0.07861909518566888
AT3G21400,0.0773793213662625
AT3G21405,
AT3G21410,0.5883996012586873
AT3G04125,0.2439793236336074
AT3G21420,0.2695126419363185
AT3G21430,-0.008340147820736459
AT3G21450,0.01649087733383045
AT3G21460,0.4416533648938795
AT3G21465,-0.21003945630654955
AT3G21470,0.3876446411373753
AT3G21473,-0.5700042931178761
AT3G21475,
AT3G21480,0.029570645505190254
AT3G21490,-0.23724860674044954
AT3G21500,0.4020150904744148
AT3G21510,-0.4070164474737737
AT3G21520,-0.5457807638245308
AT3G04135,
AT3G21530,0.28606841641304526
AT3G21540,-0.1650505600102145
AT3G21550,0.06456068629545322
AT3G21560,0.0983627295499968
AT3G21570,-0.28081128996897897
AT3G21580,0.4291775018884303
AT3G21590,0.4349972706252143
AT3G21600,0.4677518611701881
AT3G21610,-0.12513097889703417
AT3G21620,-0.2308439889317015
AT3G21630,0.10059467286747113
AT3G21640,0.09568465843109406
AT3G21650,0.029816667171185734
AT3G21660,0.03984350569675821
AT3G21670,-0.5757658081640075
AT3G21680,-0.04930617585221825
AT3G04145,0.260721536829297
AT3G21690,0.7548897386672412
AT3G21700,-0.11577300770090858
AT3G21710,-0.07555516862309984
AT3G21720,-0.31445197378156153
AT3G21730,0.35386128919882526
AT3G21740,-0.5232197162733258
AT3G21750,-0.174385554692549
AT3G21755,0.19009734668487238
AT3G21760,
AT3G21770,-0.10449262026089012
AT3G21780,
AT3G21781,
AT3G21790,-0.1890766700697581
AT3G21800,0.16030057378189302
AT3G21805,-0.3058083560896674
AT3G04155,0.1556624580887177
AT3G04165,-0.12888264843461747
AT3G04175,0.2084820966630323
AT3G21810,-0.6424844150739824
AT3G04185,
AT3G21820,0.12875559649461982
AT3G04195,
AT3G21825,0.21362569572964232
AT3G21830,0.10359829631947826
AT3G04205,0.12512859646948257
AT3G21840,-0.08837120752155637
AT3G21850,-0.5999942731232447
AT3G21860,-0.3134726948498286
AT3G21865,-0.7978081640429697
AT3G21870,-0.07430425597457763
AT3G21880,0.27083942000062206
AT3G21890,-0.21754643524443093
AT3G21900,-0.04088003098340374
AT3G21910,-0.625381345672718
AT3G21920,-0.6436629534159569
AT3G21930,-0.12636921861357966
AT3G21940,0.29322542163843446
AT3G21945,-0.19536428637775527
AT3G21950,-0.3762777066593821
AT3G21960,0.13816377577792618
AT3G21970,0.49920176439566155
AT3G21980,-0.45553968436042275
AT3G21990,0.029398019529077165
AT3G22000,0.43311648991042645
AT3G22010,0.05934219589398634
AT3G04215,0.15925331352041616
AT3G22020,0.2548247749755018
AT3G22022,-0.02156273799288059
AT3G22030,-0.29260452256143216
AT3G04225,0.25717615799361954
AT3G22040,-0.35465487309195415
AT3G22050,-0.10719534798221024
AT3G22053,-0.3461155892823353
AT3G22057,-0.08439114446748505
AT3G22060,0.11429937130487353
AT3G22070,-0.30327034892157356
AT3G22072,-0.22463890110171303
AT3G22080,-0.35790282253112127
AT3G22085,0.505739792750534
AT3G22090,0.15095118350531364
AT3G22100,-0.2435128177280407
AT3G22104,-0.008403130531888153
AT3G22110,-0.26489910593780797
AT3G22120,-0.025837243166033644
AT3G22121,
AT3G04235,-0.19343052006345973
AT3G22125,0.19098668055123394
AT3G22142,
AT3G22150,-0.42474254283758617
AT3G22160,-0.2939618899539163
AT3G04245,0.06174022575544621
AT3G22170,-0.49960083409862277
AT3G22180,-0.058000110819370176
AT3G22190,-0.3331706299716886
AT3G22183,
AT3G22200,-0.2744966963071414
AT3G22210,0.3208634713579891
AT3G04255,
AT3G22220,-0.30970985823622493
AT3G22230,0.05286063284037176
AT3G22231,0.5557353207375744
AT3G22235,0.158815081662429
AT3G22240,-0.29777039224025786
AT3G22250,0.257101900861913
AT3G22260,-0.007975300164376345
AT3G22270,-0.2329640970394636
AT3G22275,0.10930853046865223
AT3G22290,-0.33328661704266366
AT3G22300,0.23861395838586708
AT3G22310,-0.27416568008779
AT3G22320,0.23717284014787782
AT3G22330,-0.38968764566855574
AT3G22333,0.017711418957133296
AT3G22337,0.03648249270523256
AT3G22345,-0.22071395948993514
AT3G04265,-0.0596084471357344
AT3G22350,-0.2565530461071485
AT3G22360,-0.22462862144261186
AT3G22370,-0.1958509230908649
AT3G22380,0.49157991727401107
AT3G22400,-0.06625401373131698
AT3G22410,-0.5963891982114347
AT3G22415,-0.19154117633287654
AT3G22420,0.04175671019960924
AT3G22421,0.3475329603582219
AT3G22425,0.02875506566951703
AT3G22430,0.025688652414302092
AT3G22436,-0.12739023060647717
AT3G22440,0.13075906706836263
AT3G22450,-0.24464288863775704
AT3G22460,-0.08455479408610063
AT3G22470,0.0968519773970547
AT3G22480,0.5009430646452644
AT3G04275,
AT3G22490,0.2158924834095609
AT3G22500,-0.32787195974265226
AT3G22510,0.16724849800014396
AT3G22520,0.32552161844546595
AT3G22530,
AT3G22540,-0.09470453715861851
AT3G22550,-0.328933284525152
AT3G22560,0.03993005616581582
AT3G22565,-0.37892527580576446
AT3G22570,
AT3G22580,0.26651699108060767
AT3G22590,0.526094046576405
AT3G22600,-0.37188605057521945
AT3G22620,-0.008818454484016039
AT3G22630,0.048817187214251385
AT3G04285,
AT3G22640,-0.262660721792515
AT3G22650,0.12047847955162476
AT3G22660,0.1542199398685276
AT3G22680,0.6786665786811577
AT3G22670,
AT3G22690,0.231636065451074
AT3G22700,0.038323642838795594
AT3G22710,-0.5018493609210978
AT3G04295,0.3424764157184168
AT3G22720,-0.11875557140493492
AT3G22723,0.08030698461658278
AT3G22730,0.3262523359300769
AT3G22740,-0.4424902969140946
AT3G22750,0.01425319532627451
AT3G22760,-0.5891588931795181
AT3G22770,-0.1632151679692464
AT3G22780,-0.20125058636199955
AT3G22790,0.2717507645644687
AT3G22800,0.1932733129089947
AT3G04305,0.22192779581713049
AT3G04315,0.14175644948673913
AT3G22810,0.2835712830462862
AT3G22820,-0.12017132905746958
AT3G22830,0.6063195512795108
AT3G22840,-0.26353090494157844
AT3G22845,0.3075761933207942
AT3G22850,-0.061068438197672506
AT3G22860,0.20017537239072858
AT3G22870,0.4457952269603525
AT3G22880,0.40299369660965495
AT3G04325,0.18013710065561286
AT3G22886,0.07602424670942494
AT3G22890,-0.4502553015734392
AT3G22900,-0.06380694407620291
AT3G22910,-0.03512280365482842
AT3G22920,0.16218815437679598
AT3G22930,0.014513691656113529
AT3G22935,0.43269163787773995
AT3G22940,0.08304774263760258
AT3G04335,0.23953695976564984
AT3G04345,
AT3G22942,-0.16048309810912456
AT3G22950,0.1895570125494265
AT3G04355,
AT3G22960,0.5275181527637387
AT3G22961,0.02649681017071401
AT3G22970,0.05674335956294004
AT3G04365,0.06554281420141335
AT3G22980,0.08658385749972121
AT3G22990,-0.311257116334057
AT3G23000,-0.15997810359108985
AT3G23010,0.2910328443772514
AT3G23020,-0.23269476691263727
AT3G23030,-0.33250742518529486
AT3G04375,0.20170293286372157
AT3G23050,-0.02960832790438413
AT3G23060,-0.5862849787184052
AT3G23070,0.1448823240118119
AT3G23080,-0.10970724625374562
AT3G23090,-0.38106014851922704
AT3G23100,0.0424832660875745
AT3G23110,
AT3G23120,-0.42398594960903363
AT3G04385,
AT3G04395,-0.21058205954292092
AT3G23122,0.18415842536087074
AT3G23123,
AT3G23125,0.2857819933392108
AT3G23130,-0.09419377088517701
AT3G23140,-0.1328686720985554
AT3G23145,-0.7043266200810226
AT3G23150,-0.016769058334412956
AT3G23160,-0.2791345744925321
AT3G23165,0.09872137798864197
AT3G23167,0.10993743163219614
AT3G23170,0.4086680378437059
AT3G04405,-0.0827001592919622
AT3G23172,0.5621935780134221
AT3G04415,0.1629649118236268
AT3G23175,0.06876350586805709
AT3G23180,-0.23566621550063344
AT3G23190,-0.11776602768880473
AT3G23200,0.1201442741023826
AT3G23210,0.0094360984874455
AT3G23220,0.645763566892501
AT3G23230,-0.01900849094186355
AT3G23240,-0.4580264545579124
AT3G23245,-0.3772168741659106
AT3G23250,0.014247433400960238
AT3G23255,0.24754076841735437
AT3G23260,-0.08191379519235563
AT3G04425,0.08701921001219712
AT3G04435,0.29157225288390143
AT3G23270,-0.09978358309092497
AT3G23280,-0.6060038468067107
AT3G23290,0.2868080819268225
AT3G23300,-0.36712942056714687
AT3G23310,-0.404282257745984
AT3G23320,-0.5550840595974476
AT3G23325,-0.0431321464400672
AT3G23326,
AT3G23330,-0.4731300587930406
AT3G23340,0.3462030288732017
AT3G23350,-0.2994646021477247
AT3G23360,0.46347975682816406
AT3G23370,0.2623347386545108
AT3G23380,0.006270716968980697
AT3G23390,-0.034782924725047126
AT3G23400,0.06063888838529752
AT3G23410,0.1376140893124617
AT3G23420,0.056145557925715364
AT3G23430,-0.34209669194366216
AT3G23440,0.4345296172307376
AT3G23450,-0.8388390443314873
AT3G23460,-0.19154421216196602
AT3G23470,-0.2255933871031262
AT3G23480,0.377812680390004
AT3G23490,-0.17406055813294927
AT3G04455,0.3509695061887496
AT3G23510,-0.17166574838393625
AT3G04475,
AT3G04495,-0.21254626810374067
AT3G23530,-0.07203594055817021
AT3G23540,0.11901165892070943
AT3G23550,-0.08344899947047152
AT3G23560,-0.4158054272008708
AT3G23570,-0.03803689066523284
AT3G23580,0.24964871598511942
AT3G04505,0.023081117651291894
AT3G04515,-0.03170343477190463
AT3G04535,-0.30366067442561756
AT3G23590,0.1653085981973568
AT3G23600,0.031258210350727
AT3G23605,-0.1360077696318954
AT3G04555,-0.28156711915310034
AT3G23610,-0.11813957540405624
AT3G23620,0.028197270399359986
AT3G23630,0.05291068338292855
AT3G04565,-0.0840988560832408
AT3G04575,
AT3G23633,0.04882989083920337
AT3G23635,0.24813538415814218
AT3G23637,-0.031173358326866466
AT3G23640,-0.19150118659077672
AT3G23650,0.04353623540584075
AT3G04585,0.199833901518409
AT3G23660,0.0917124342750516
AT3G23670,0.07033834828063157
AT3G23680,0.19723742520958765
AT3G23685,-0.05017199149363973
AT3G23690,-0.5260594915631613
AT3G23700,0.29505108229155036
AT3G23710,-0.1247204345198829
AT3G23715,0.01569419890070533
AT3G23727,0.2628372748986848
AT3G23730,0.45493843447761523
AT3G23740,0.02734626668666263
AT3G23750,-0.774027584647069
AT3G23760,0.1462686817304911
AT3G23770,0.4498250226100408
AT3G23780,-0.4792095059163169
AT3G23790,-0.2416637556246816
AT3G23800,0.010572918924507521
AT3G23805,-0.08961388628447318
AT3G23810,-0.7381937874969788
AT3G04595,-0.12681795069616733
AT3G23820,0.024296137153680872
AT3G23830,0.07311137115715856
AT3G23840,-0.1292836405521638
AT3G23860,0.20973000189872007
AT3G23870,-0.2385968623257572
AT3G23880,-0.09359002125864109
AT3G23890,0.39681322627359006
AT3G23900,-0.31561686534208877
AT3G23910,-0.19070474505177853
AT3G23920,0.4707009511974133
AT3G23930,-0.23121180770433497
AT3G23940,0.04512876567364045
AT3G23950,-0.06935336692056641
AT3G23955,-0.061849932782715465
AT3G23960,0.12605446074174012
AT3G23970,-0.2416506898134221
AT3G23980,-0.5078941412503606
AT3G23990,-0.14929958215733075
AT3G24000,-0.5740348904264586
AT3G24010,0.3659362121784402
AT3G24020,0.2037767704175783
AT3G04615,
AT3G24030,0.2289733362282728
AT3G24040,0.4801686273683182
AT3G24050,0.6252700055422514
AT3G24060,-0.10103962706398889
AT3G24065,0.06661927374738831
AT3G24068,0.12056366246020396
AT3G24070,-0.05550904206390049
AT3G24080,-0.07148733196330342
AT3G24090,-0.578557741492804
AT3G24093,0.23500061679070106
AT3G24100,0.45716032222523517
AT3G24110,-0.2893414185553084
AT3G24120,0.10498646178891308
AT3G24130,0.44963081304199853
AT3G24140,-0.6186258328836661
AT3G04625,-0.11128418519348747
AT3G24150,-0.5356645231411842
AT3G24160,0.042748020614539584
AT3G24170,0.311124787824301
AT3G24180,-0.21617898008669598
AT3G24190,0.1754345068294168
AT3G24200,0.1354870322673628
AT3G04635,
AT3G24210,-0.24345345440596383
AT3G24220,0.4486180338481419
AT3G24225,-0.27627173002249117
AT3G04645,-0.22164204175239127
AT3G24230,0.1293773379453577
AT3G24240,-0.2644331716344966
AT3G24250,0.1182354665319294
AT3G24255,-0.5032564848234882
AT3G24260,0.08421489154373497
AT3G24270,0.4844437267221182
AT3G24280,0.22705162899083475
AT3G24290,0.10881802038302271
AT3G24300,0.13636717056134293
AT3G24310,0.1720350051748874
AT3G24315,-0.3410773970359903
AT3G24320,-0.13105044381297548
AT3G24330,
AT3G24332,
AT3G24340,0.31079484772741583
AT3G04655,-0.5227149721704307
AT3G24350,-0.47076463947625985
AT3G24360,0.33595611581872337
AT3G24420,0.23009226198963575
AT3G24430,-0.38028122437189604
AT3G04665,0.15923920805340624
AT3G24440,-0.44270512326257394
AT3G24450,-0.15435491288052677
AT3G24460,-0.10356226914965416
AT3G24463,
AT3G24465,0.3583856326839033
AT3G04675,-0.0427683432510675
AT3G24480,-0.4623121519048673
AT3G24490,-0.135764704202172
AT3G24495,-0.008306763588960708
AT3G24500,-0.0799813989872324
AT3G04685,
AT3G24503,-0.19339638579510887
AT3G04695,
AT3G24506,-0.10411936822791751
AT3G24508,0.10530828173291969
AT3G24510,0.3952635310971956
AT3G24513,0.45918635460547663
AT3G24515,0.03260376632846262
AT3G24514,-0.07598695360794841
AT3G24516,
AT3G24517,
AT3G24518,0.12542272655912576
AT3G24520,
AT3G24530,-0.047362156523855656
AT3G04705,-0.011286695361584718
AT3G04725,-0.23830220160809426
AT3G24535,-0.016038090909328954
AT3G24540,-0.24292955167208494
AT3G24542,-0.39780330928670565
AT3G04745,0.6958472112020373
AT3G24550,-0.4224470503582145
AT3G24560,-0.09308782901038741
AT3G24570,0.10739577655781588
AT3G04755,
AT3G24575,
AT3G24580,0.03324779380780848
AT3G24590,0.22454297524635156
AT3G24600,-0.3207925546854058
AT3G24605,-0.03635876924078617
AT3G24610,0.16321889905999631
AT3G24612,0.28221539604039586
AT3G04775,0.29866711509790866
AT3G24614,
AT3G24615,
AT3G24620,-0.3865956053965084
AT3G24630,-0.02667225175215175
AT3G24640,0.00011603793126860982
AT3G24650,-0.5096556494752729
AT3G24660,-0.145073264526405
AT3G24670,0.14433001926847114
AT3G04785,
AT3G04795,0.2514470361511414
AT3G24690,-0.04449631372178631
AT3G24700,-0.033605087517348906
AT3G24710,-0.05444787788958989
AT3G24715,0.009821857363272768
AT3G24730,0.4743788809148145
AT3G24740,0.09636305541045966
AT3G04805,
AT3G24750,-0.28617343571369297
AT3G24760,-0.5012849531007574
AT3G24770,0.7272484411810485
AT3G04815,0.6045917243063809
AT3G24780,0.6486998333969238
AT3G24790,-0.23541849016252192
AT3G24800,-0.44980286700705774
AT3G24810,-0.0005582776532356886
AT3G24820,-0.24662202136207367
AT3G24830,0.18406862626311457
AT3G24840,0.6590750213360715
AT3G24850,0.17395630269130408
AT3G24860,0.1977065948569691
AT3G04825,
AT3G24870,-0.4560357030084816
AT3G04835,
AT3G24880,-0.1990547199353927
AT3G24890,-0.3086911593851533
AT3G24900,-0.13937867139019075
AT3G04845,0.0038882785703350333
AT3G24929,-0.26507795453428934
AT3G24982,0.46631076295138685
AT3G25010,0.5290078601471998
AT3G25012,
AT3G25011,0.30659870621797464
AT3G25013,0.22083265162748147
AT3G25014,
AT3G25020,-0.5020254756249524
AT3G25030,-0.40468537899875023
AT3G25040,-0.39255362745558925
AT3G25050,0.210557046732663
AT3G25060,0.24877764117152507
AT3G25070,-0.06489775917712917
AT3G25080,0.1584326598104327
AT3G25090,-0.3678447306811468
AT3G25100,0.3078865676637438
AT3G25110,-0.30460506502473017
AT3G25120,-0.4716805361850525
AT3G25130,-0.22599195076779385
AT3G25140,-0.38678261042956175
AT3G25150,-0.3472276205713277
AT3G25160,0.10609558334491954
AT3G25165,-0.36706934659262064
AT3G25170,-0.3079166289941791
AT3G04875,-0.014335083231815579
AT3G25180,0.02308210650915188
AT3G25190,-0.19084759486225517
AT3G25200,0.43168102778723594
AT3G04895,-0.03837273785045816
AT3G25210,0.1271843751971199
AT3G25220,-0.41339434592626234
AT3G25221,-0.861916061605611
AT3G25230,-0.2670765770711858
AT3G25240,0.08287271158167135
AT3G25250,-0.05293442245618844
AT3G25260,0.4782013624065021
AT3G25265,0.11509615896374167
AT3G25270,0.5113202840408025
AT3G25280,0.3952649061756869
AT3G25290,-0.4626495780201031
AT3G25400,0.30734505459370576
AT3G25410,-0.19298253917971145
AT3G25420,0.12868724228779732
AT3G25430,0.2850724572448186
AT3G25440,0.27533917050738915
AT3G04905,0.4237242701823922
AT3G25460,0.3078345248510538
AT3G25470,-0.2356988182551755
AT3G25480,0.05961058738718069
AT3G25490,-0.4298420268435689
AT3G25493,0.28213947536119804
AT3G25500,0.05342153033561542
AT3G25505,0.1324077658330019
AT3G25510,-0.02691741916550306
AT3G25520,0.3504535325656377
AT3G25530,0.2985132720604483
AT3G25540,-0.06726918110752708
AT3G25545,0.15605981428577342
AT3G25550,0.2245016877318352
AT3G25560,-0.10632343637696737
AT3G04915,
AT3G25570,-0.026377945818850494
AT3G25573,0.5084745122508442
AT3G25577,0.1552054167189355
AT3G25580,0.20701342645390136
AT3G25585,-0.15509716268250837
AT3G25590,-0.008589774606959954
AT3G25597,-0.7313595314138858
AT3G25600,-0.4330455343113043
AT3G25610,0.5252690360888607
AT3G25620,0.1358166227026861
AT3G25640,-0.401034424224635
AT3G25650,0.09354725511475263
AT3G04925,0.27405256037861503
AT3G25655,0.01637984678107645
AT3G25660,-0.3796052740792145
AT3G25670,0.10504524974567228
AT3G25680,-0.5433565804776171
AT3G25690,-0.47135738120883536
AT3G25700,-0.14300950193972065
AT3G25710,0.22847643425399916
AT3G25715,
AT3G25716,-0.23878521779410244
AT3G25717,0.05215498009612134
AT3G04935,-0.2051077265401701
AT3G04955,
AT3G25719,0.35429922039023304
AT3G25720,-0.7759778298159956
AT3G25727,0.27639086842568455
AT3G25730,-0.37319753919424864
AT3G25740,-0.1264625807273184
AT3G25750,0.06371198737604315
AT3G25760,0.32132182782263274
AT3G25770,0.14814157810624892
AT3G25780,-0.19852492419464993
AT3G25790,-0.0657693903272812
AT3G25795,0.04906506795100144
AT3G25800,-0.3599416576439679
AT3G25805,-0.020769785495299026
AT3G25810,0.12207121686279294
AT3G25820,
AT3G25830,
AT3G25840,-0.1975528078443536
AT3G25850,-0.11363916649457194
AT3G25855,0.4811016290857855
AT3G25860,-0.2581806250975423
AT3G25870,-0.4110360821205119
AT3G25880,0.16072025385483663
AT3G25882,0.021370020316728293
AT3G25890,0.12244483930267971
AT3G25900,-0.06722523048603143
AT3G25905,-0.014245557363409335
AT3G25910,0.3105325180975542
AT3G04965,
AT3G25920,-0.29019507273221523
AT3G25930,0.13217864742569504
AT3G25940,-0.3295767310086957
AT3G25950,-0.17225860178244695
AT3G25960,-0.1847177823107142
AT3G25970,0.050742654949171115
AT3G25980,-0.106385887266039
AT3G25990,0.06553320386767787
AT3G26000,-0.40868740166618145
AT3G26010,0.13582084991362733
AT3G26020,0.35038219277027766
AT3G26030,0.14329566093852747
AT3G26040,0.0770506735491794
AT3G26050,0.05729634384640922
AT3G26060,0.5318073680180985
AT3G26070,0.21982662485020257
AT3G26080,-0.27302567364708175
AT3G26085,0.30863136857138584
AT3G26090,0.014032793634831287
AT3G26100,0.16660297063964524
AT3G26110,-0.07356263580016653
AT3G26115,0.614316428023382
AT3G26120,-0.10161979287915854
AT3G04975,0.1399292162970624
AT3G04985,
AT3G26130,-0.24631250165884144
AT3G26125,
AT3G26135,0.03875069004604372
AT3G04995,
AT3G26140,-0.3875935945260161
AT3G26147,0.31002785887335793
AT3G26150,-0.22085301429351512
AT3G26160,-0.7381305314549284
AT3G26170,-0.3252476150250005
AT3G26180,0.43754907265579396
AT3G05005,0.11181316367708591
AT3G26190,0.3317837428896233
AT3G26200,-0.18696986487922065
AT3G26210,-0.438007498087364
AT3G26220,0.14304376936000093
AT3G26230,-0.46383300857167553
AT3G26235,0.032049094869656444
AT3G26237,0.06261270522935784
AT3G26240,-0.17813853581100236
AT3G26250,0.3487489288381316
AT3G26270,-0.05107761201212823
AT3G26280,-0.30223139771978547
AT3G26290,-0.6021448879546701
AT3G26300,-0.38465590373786396
AT3G26310,-0.5244280350064506
AT3G26320,0.40764316933127787
AT3G26330,0.2179438783649255
AT3G26340,-0.46647998170692034
AT3G26350,-0.0331987728779929
AT3G26355,
AT3G26360,-0.16813073605533366
AT3G26370,-0.5675712541626152
AT3G26380,-0.11451185291960986
AT3G26390,0.26128515975431565
AT3G26395,0.3539012647922151
AT3G26400,0.3112541751465975
AT3G26410,-0.21760383108165807
AT3G26430,
AT3G26420,-0.28608805204997617
AT3G26440,-0.27639089142852297
AT3G26445,
AT3G26450,-0.3898044861244465
AT3G26460,-0.49665407269326006
AT3G26470,0.14484031995483188
AT3G05015,
AT3G26480,-0.003585182229809685
AT3G26490,0.20622807349861555
AT3G05025,0.03991494396449285
AT3G26500,-0.5758696745317047
AT3G26510,0.10687864824495297
AT3G26512,
AT3G05045,0.1372784789603414
AT3G05055,0.31304945834126063
AT3G26520,0.46263453500075186
AT3G26539,0.15179396712540563
AT3G26540,0.1567444187396548
AT3G26550,-0.23834159637023036
AT3G26560,0.28500371184324913
AT3G26570,0.011939677505751008
AT3G26580,0.19315868419906398
AT3G26590,-0.2618742816800422
AT3G26600,0.31628745252372786
AT3G26610,0.12165998929317677
AT3G26612,-0.09416191190700693
AT3G26616,-0.4306069915758681
AT3G26618,-0.46272133456834985
AT3G26620,-0.16598426944422406
AT3G26630,-0.27098169727441934
AT3G26640,-0.18773538876223125
AT3G26650,-0.6787433396513491
AT3G26660,0.09636289419698015
AT3G26670,-0.011051973918998533
AT3G26680,0.5972204276214563
AT3G05075,
AT3G26690,0.0815917446491073
AT3G26700,-0.24482920613614867
AT3G26710,-0.16972218693419916
AT3G26720,-0.04742707136693719
AT3G26730,-0.34800803511108397
AT3G26740,0.07920897957725333
AT3G26742,0.283251289150298
AT3G26744,0.3836645684849935
AT3G26747,-0.24135612894183978
AT3G26750,0.16812720561778519
AT3G26760,-0.533162342542526
AT3G26770,-0.022696375454688313
AT3G26780,-0.7116822331763687
AT3G26782,0.5922527070007431
AT3G26790,0.11415602678276317
AT3G05085,-0.09748260283281256
AT3G26800,0.08075315704788434
AT3G26810,0.0717153185220883
AT3G26812,-0.16115825837333483
AT3G26813,0.11569111939725263
AT3G05095,-0.40674980885919676
AT3G05105,0.07824835308039826
AT3G26815,-0.06978134923184963
AT3G26816,0.25762361924706845
AT3G26818,-0.0939848945336386
AT3G26819,0.032588662419832076
AT3G26820,-0.4054143118024579
AT3G05115,
AT3G26830,0.46852806384885193
AT3G26840,-0.3125747482055174
AT3G26850,0.554312547669391
AT3G26855,-0.5700728465950363
AT3G26860,-0.5495710571375788
AT3G26870,-0.36733459228159965
AT3G26880,0.3178491701129569
AT3G26890,0.2495975478288946
AT3G26900,0.23001761760413522
AT3G26910,-0.3566071153023869
AT3G26920,0.27282758174129823
AT3G26922,-0.16137142914976296
AT3G26930,0.10713392458115979
AT3G26934,-0.05360307887593199
AT3G05125,
AT3G26932,-0.48674585045454205
AT3G26935,0.22843390490179147
AT3G26940,-0.2801158612259595
AT3G26950,-0.19438478463750558
AT3G26960,-0.542203999868228
AT3G26980,-0.09103809345634149
AT3G05135,
AT3G26990,0.029341618057353434
AT3G27000,-0.590194257974671
AT3G27010,0.36182899000565805
AT3G27020,0.3311205772476006
AT3G27025,-0.04751788384011003
AT3G27027,-0.004825576144200833
AT3G27030,0.17253468766659566
AT3G27040,-0.2353263129118723
AT3G27050,-0.09914820670396617
AT3G27060,0.4628466086856947
AT3G27070,-0.016376236703506786
AT3G27080,-0.22121031019612902
AT3G27090,-0.16825220939814775
AT3G27100,-0.1094705656386703
AT3G27110,-0.5247089721673497
AT3G27120,0.020608065551958942
AT3G27140,0.31319500232048475
AT3G27150,-0.1617817453419044
AT3G27160,0.23955572655493065
AT3G27170,0.11872970883582518
AT3G05145,
AT3G27180,-0.005125648381317263
AT3G05175,-0.15537628268445547
AT3G27185,-0.014685974819994901
AT3G05185,
AT3G05195,0.09524822101116798
AT3G05205,0.24895160946665343
AT3G27190,-0.25279344235486945
AT3G27200,-0.16594330550385436
AT3G27210,-0.366115340532033
AT3G27220,-0.017509678798100378
AT3G27230,0.19194534034753824
AT3G27240,0.18514730600497398
AT3G05215,0.19527326089745048
AT3G27250,-0.0024590390387931186
AT3G27260,0.6581242104276273
AT3G27270,0.49947434791232803
AT3G27280,0.28050262747916005
AT3G27290,0.3153967558599572
AT3G27300,-0.0636127839436229
AT3G27310,-0.3629584585290476
AT3G27320,-0.33468326295435286
AT3G05225,0.057892000283066944
AT3G27325,0.10267427569053997
AT3G27329,-0.24177295259984527
AT3G27331,-0.268835631578594
AT3G27330,0.020210159161369052
AT3G27340,0.4146006669355219
AT3G27350,0.3634734214220913
AT3G27355,0.261066494622409
AT3G27360,0.08281850130697414
AT3G27380,-0.16968591925770055
AT3G27390,-0.14472498521171603
AT3G05235,0.4012252917537027
AT3G27400,0.17048438773909963
AT3G27410,0.014232587028545927
AT3G27415,-0.2681523419500827
AT3G27416,
AT3G27420,0.17879331877891413
AT3G27425,0.2621845502852409
AT3G27430,0.27157196596481636
AT3G27440,-0.3369995207170095
AT3G27460,0.6102493771261527
AT3G27470,-0.31918571373312055
AT3G27473,-0.4473719135341836
AT3G05245,0.05660078968804797
AT3G27475,0.03851884127862278
AT3G27480,
AT3G27490,0.3488948681501975
AT3G27495,
AT3G27500,-0.05460349593671673
AT3G27503,-0.29123727547983963
AT3G05265,0.6545770725896229
AT3G27510,-0.029850220575204017
AT3G27520,0.22544182585605962
AT3G27530,0.33125326206744937
AT3G27540,0.3146121881182657
AT3G27550,-0.15610567569339276
AT3G27555,0.14876497715230097
AT3G27560,0.02133279187724788
AT3G27570,-0.6002458579543615
AT3G27580,0.6951484552167485
AT3G27590,-0.2688632671595885
AT3G27600,-0.216119989157174
AT3G27610,-0.13742041555535528
AT3G27620,0.12414374137936258
AT3G27630,-0.3706543087678825
AT3G27640,0.04472215677449756
AT3G05275,0.24158731128591523
AT3G27650,0.05413549738982694
AT3G27660,0.02874531489046658
AT3G27670,-0.2412946193724123
AT3G27680,0.058937302139861834
AT3G27690,0.14625256166697675
AT3G27700,-0.13211640108150016
AT3G27710,-0.20911461912264165
AT3G27720,-0.47107540951739474
AT3G27730,-0.32185709334209317
AT3G27740,0.10425486744092664
AT3G05285,0.1464626762649246
AT3G27750,0.21428325240331086
AT3G27770,0.28755404189906486
AT3G27785,-0.13650973086487544
AT3G05295,0.3898462549564539
AT3G05305,0.21189550012246025
AT3G27810,0.08616230518114924
AT3G05315,
AT3G27809,
AT3G27820,0.04973415536020777
AT3G27825,
AT3G27830,-0.06326488552681106
AT3G27831,-0.02598694849392911
AT3G27835,-0.045288927788583
AT3G27840,-0.15576311737666756
AT3G27845,0.187992097400781
AT3G27850,0.09490440648767647
AT3G27860,-0.2051795465021942
AT3G27865,0.21622516369257916
AT3G05325,0.5420967751570573
AT3G05335,-0.21248325005830143
AT3G05355,-0.04464652118301188
AT3G27870,0.08552825293926387
AT3G27880,0.02708648203859329
AT3G27884,-0.039767188102130605
AT3G27890,-0.5260538234665936
AT3G27900,0.02311871358941811
AT3G27906,0.16496341185788688
AT3G27910,0.22363596633476618
AT3G27920,-0.09795389372577284
AT3G05375,
AT3G27925,-0.09020892194590227
AT3G27930,0.3235313265617377
AT3G27940,-0.4300854949853956
AT3G27950,-0.013675462159135971
AT3G27960,-0.14472753751929035
AT3G27970,0.22822281267224273
AT3G27990,0.3642501489871578
AT3G27980,
AT3G27999,0.2682895201104465
AT3G28007,-0.27155902944225363
AT3G28020,0.0608785823541582
AT3G28030,0.3159348590074104
AT3G28040,0.10629208551228812
AT3G28050,0.08582328671205809
AT3G28060,-0.04858390010392066
AT3G28070,-0.17948244461244967
AT3G28080,0.04177007494024311
AT3G28100,-0.2968052181558853
AT3G28120,0.1098932990154295
AT3G28130,0.1731225260765751
AT3G28140,0.2042893586835862
AT3G28150,0.1696667179785629
AT3G05385,0.06814063703911204
AT3G05395,0.09091223526297156
AT3G28155,0.12143932393727815
AT3G05445,-0.06183704414411334
AT3G28170,-0.19581291243351862
AT3G28180,0.028720595857844707
AT3G28190,0.22035840351105235
AT3G28193,0.2167752711326228
AT3G28200,-0.2975153715330857
AT3G28210,0.33531615732309006
AT3G28216,-0.21423186366147812
AT3G28220,-0.632341836784756
AT3G28223,0.21176644966937475
AT3G28230,-0.0070573920969456945
AT3G05455,0.35025867731016597
AT3G28243,0.03515047464207274
AT3G28250,-0.158802851204189
AT3G28270,-0.48642418745488897
AT3G28280,0.02483086338301332
AT3G05465,0.18228259594074833
AT3G28290,0.6792030756589118
AT3G28291,0.6792030756589118
AT3G05475,-0.15230813605856147
AT3G05485,-0.3336492652545802
AT3G28300,0.6792030756589118
AT3G28310,0.39749586043502555
AT3G28320,-0.10516696808339913
AT3G28330,-0.029335245573328058
AT3G28335,-0.4109531059988761
AT3G28340,0.21704774413358466
AT3G28345,0.06149096247735479
AT3G28360,0.23903372010226348
AT3G05495,-0.4225900596761524
AT3G28370,-0.29942308491544367
AT3G28380,-0.05159118544252136
AT3G28390,0.24673481758124333
AT3G28410,-0.4625038799545941
AT3G28415,0.46571961958783575
AT3G28420,0.10151822875445754
AT3G28430,-0.16044557209865098
AT3G28450,0.024433455522333374
AT3G28455,0.24862355281787057
AT3G28460,0.12763026549615483
AT3G28470,-0.14130181415880547
AT3G28480,-0.6795700570608949
AT3G28490,-0.11619891606624508
AT3G28500,0.13113192419372519
AT3G05505,0.1940331343125498
AT3G28510,0.3029020265389115
AT3G28520,-0.4234183984063662
AT3G28530,0.3345302019058257
AT3G28540,-0.30903219577311186
AT3G28550,0.10965752568672525
AT3G05515,-0.03395749638987168
AT3G28560,0.5737852227228005
AT3G28570,-0.034735861714338755
AT3G05535,0.0512942157187671
AT3G28580,-0.2163136308246437
AT3G28590,0.10808723404881539
AT3G28600,-0.03623991501522839
AT3G28610,0.20614088372514852
AT3G28620,-0.31548746699368857
AT3G28630,-0.5016008319278569
AT3G28635,0.3349358581131065
AT3G28640,0.26557383625058895
AT3G28650,0.0396729311358374
AT3G28660,-0.045436235289195596
AT3G28670,-0.43003587556915535
AT3G28674,-0.05958307946585768
AT3G28680,-0.4893787812180016
AT3G05555,0.21381476602823954
AT3G28685,0.18555791918503067
AT3G28690,0.4733909536823205
AT3G28695,0.19850125559471873
AT3G28700,-0.29053694925980167
AT3G28710,-0.26693622700236164
AT3G28715,-0.032947078100888816
AT3G28720,0.5232771865396719
AT3G28730,-0.3688843014291375
AT3G28740,-0.004915100069864863
AT3G28750,-0.038758839274245206
AT3G28760,-0.25966540406375777
AT3G28770,-0.14235852326057077
AT3G28780,-0.1290930010618404
AT3G28785,0.45993267378307495
AT3G28790,0.5745458751701559
AT3G28810,-0.19982004177806575
AT3G28820,-0.2619136477069749
AT3G28830,0.43047156804626663
AT3G28840,-0.2586990790974288
AT3G28850,0.2068836148550379
AT3G28853,-0.14096298235642676
AT3G28857,-0.13243008165761228
AT3G28860,-0.2837709296675604
AT3G28870,0.003950061330977896
AT3G28875,-0.09097065463903754
AT3G28880,-0.3939069702338906
AT3G05575,
AT3G28890,-0.42905175850122723
AT3G28900,0.3968461751522923
AT3G28899,
AT3G05585,0.0028696103043438885
AT3G28910,0.39173347263743946
AT3G28917,0.45612307217108755
AT3G05595,0.44199802194667404
AT3G28918,0.15240816880531538
AT3G28920,-0.3741584265811811
AT3G28922,0.07329705856314407
AT3G05605,-0.0309132656791195
AT3G28925,-0.20249632072154586
AT3G28930,-0.19934305981188938
AT3G05635,-0.17385562234421878
AT3G28940,-0.16416033096836294
AT3G28950,-0.45622266952714524
AT3G28956,-0.33675876041319663
AT3G28958,0.1478906064330829
AT3G28960,-0.4880422016677663
AT3G28970,-0.24523214501003568
AT3G05645,0.014981946450798126
AT3G28980,-0.1092959201778217
AT3G28990,-0.20740350632904755
AT3G29000,-0.9666359024565709
AT3G29010,-0.2333194327978675
AT3G29020,-0.32934928139503084
AT3G29030,-0.09590127859814224
AT3G29033,0.22091294409099974
AT3G29034,-0.09510682105540014
AT3G29035,-0.12021264666333807
AT3G05655,-0.16933900589777282
AT3G29040,-0.15715701673384197
AT3G29050,0.09017460828179456
AT3G29060,-0.5479263030252238
AT3G29070,0.3031241559483776
AT3G29075,-0.27453996360854005
AT3G05665,0.4357070425270889
AT3G29080,-0.10720300847405291
AT3G29090,-0.3528341645686482
AT3G29095,0.10550154937689003
AT3G29100,-0.17260741619414036
AT3G29110,0.4641408775692049
AT3G05695,0.356596636963913
AT3G29130,0.2210571049887143
AT3G29140,-0.16684130204075845
AT3G05705,-0.015948839059289857
AT3G29152,0.2241097018359672
AT3G29160,-0.3728347871769604
AT3G29170,0.48174126180877835
AT3G29173,-0.4525625315097579
AT3G29180,-0.22991245594721
AT3G05715,0.14435343072811177
AT3G29185,0.19988442561527914
AT3G29190,-0.03259160889192569
AT3G29200,0.2123597160782409
AT3G29230,0.3802175617433925
AT3G29240,0.6648977608190256
AT3G29250,-0.06927748218812468
AT3G29255,-0.29266204887181746
AT3G29260,0.14737812709525341
AT3G29270,-0.34343149139136425
AT3G29280,0.34265551281712386
AT3G29290,0.3339798525669177
AT3G29300,0.40760146095498856
AT3G29305,0.2512349966824305
AT3G29310,0.27980202066944154
AT3G29320,0.29272616308448757
AT3G29330,0.036268219257027876
AT3G29340,-0.015895701519479135
AT3G29350,0.4832223481308433
AT3G29360,-0.004636810617247335
AT3G29370,0.10153953577309856
AT3G29375,0.30663097777390574
AT3G29380,0.17299073809346283
AT3G29385,-0.19106881544226698
AT3G29390,-0.32819053474281473
AT3G29400,0.24488268620273584
AT3G29410,-0.08791910374755138
AT3G29430,0.20142072362408325
AT3G29450,0.27425393375507795
AT3G29455,-0.3037061098685464
AT3G29560,0.1698602717307241
AT3G29570,0.5428001837520275
AT3G05735,-0.20670347901007083
AT3G29575,-0.3552554861893656
AT3G05745,-0.3328453523106661
AT3G05765,0.08063907199412104
AT3G29580,-0.04929429367747197
AT3G29590,0.009906957235983942
AT3G05785,0.17094826028282964
AT3G05795,-0.13909828206651176
AT3G05805,-0.30295509272483034
AT3G29630,0.0666300144380736
AT3G05815,0.5903111601020277
AT3G05825,-0.24812775575649737
AT3G29633,0.38933695255423684
AT3G29635,-0.5849692355797277
AT3G29636,-0.36599163020074826
AT3G29631,-0.06658060436850123
AT3G05845,-0.020244189580942977
AT3G29637,-0.2129292109661305
AT3G05855,
AT3G29638,-0.5854769824500137
AT3G29639,0.038847067543895414
AT3G29645,0.04825082640092786
AT3G05885,
AT3G05895,0.03970229835076785
AT3G05915,-0.10467086062267594
AT3G05925,0.31735988667503373
AT3G29644,0.2951604347543106
AT3G05945,-0.2016580990420479
AT3G29670,-0.15387344488513777
AT3G29680,-0.09988977502813219
AT3G29690,-0.37861007090080406
AT3G29720,0.21755289787433843
AT3G29740,-0.09242485082523468
AT3G29750,-0.7381569161366307
AT3G05955,0.07051380776537472
AT3G29760,-0.3362656120118392
AT3G29763,0.2101511929089898
AT3G29765,0.47729397520527017
AT3G29785,-0.22749566668738855
AT3G29770,0.6738406396124536
AT3G29780,-0.6945136700866668
AT3G29790,-0.18905403161562742
AT3G29791,0.15521782845963325
AT3G29796,0.015439912214514375
AT3G29797,0.3148584448503962
AT3G29800,-0.21539398532694892
AT3G29810,-0.04753904954777744
AT3G05965,-0.7163431008356747
AT3G29830,0.24934432230588863
AT3G29970,0.05501988379606813
AT3G05985,0.02521755001806586
AT3G05995,0.2731812864165693
AT3G06015,0.09008255692576062
AT3G30160,0.3264046985506614
AT3G30165,-0.28746123616863617
AT3G30180,0.10701602818821136
AT3G30200,-0.2417258230016132
AT3G30210,0.11098463148594467
AT3G30220,0.5259538677273546
AT3G30222,-0.2969172008083988
AT3G30230,-0.37680890356417174
AT3G30235,-0.09257791584853288
AT3G30247,0.1404193833896052
AT3G06025,0.1634189712736549
AT3G30260,0.41032973660354527
AT3G30280,0.16333849529587957
AT3G30290,0.18013268111090489
AT3G30300,0.060805978120590354
AT3G30305,0.28581320503160196
AT3G06045,
AT3G30320,-0.3233955827411308
AT3G30340,0.39389848519460563
AT3G30345,-0.06630527320953424
AT3G30350,-0.23705060046058182
AT3G30370,0.16025811533763867
AT3G30380,-0.0852152762521614
AT3G30390,0.21514430864793482
AT3G30383,-0.3408034133185164
AT3G30385,
AT3G30387,
AT3G30430,-0.03664228240103236
AT3G30460,0.44989718362573644
AT3G30520,-0.41789887433086675
AT3G30525,0.5061218104103282
AT3G30530,0.5735509168751317
AT3G30540,0.239327035109179
AT3G30580,0.08529679787932834
AT3G06055,-0.10599878321395541
AT3G30705,-0.0077193226243140655
AT3G06065,0.18408561785589672
AT3G30720,0.2934158929614174
AT3G30725,0.11736113929305472
AT3G30730,0.1662765191851517
AT3G30739,0.42232514925472187
AT3G06075,0.18033684196906866
AT3G30770,-0.4414496807835995
AT3G30775,-0.2304397196994147
AT3G06095,-0.5197725547093219
AT3G30805,-0.06196780194257892
AT3G30820,-0.287497093812212
AT3G06115,-0.27319711424391313
AT3G30823,-0.26319818676217094
AT3G06135,0.1964614980411655
AT3G06155,0.30093045712844374
AT3G30840,0.5562350189213495
AT3G30841,-0.07204770019398797
AT3G30842,-0.4330674429498884
AT3G30845,0.41091854951669565
AT3G06165,0.40050951775378574
AT3G06185,-0.23176530194096162
AT3G31350,0.14941462595962834
AT3G31402,-0.4093082091529482
AT3G31430,0.2181492618602932
AT3G31550,0.044302116189175345
AT3G31560,-0.00929781928978143
AT3G31900,-0.6448294253939972
AT3G06205,0.45380834807982284
AT3G06215,-0.396676891165976
AT3G31910,-0.28034092588602827
AT3G31925,0.5570186567540982
AT3G31950,-0.24994167866151146
AT3G06225,
AT3G06235,
AT3G06245,0.30038078956390685
AT3G32030,0.005920420173247492
AT3G06255,-0.27879205362209386
AT3G32040,0.5900066878434075
AT3G32047,-0.5294278266592813
AT3G32050,-0.10030178583701968
AT3G06265,0.3360761161908546
AT3G06275,
AT3G32090,-0.37255791657735055
AT3G32130,0.37860161719047397
AT3G32150,-0.35577458225270403
AT3G32160,-0.5273272140018569
AT3G32180,0.30047192392654276
AT3G32190,0.1081828150295739
AT3G32200,-0.018799447083344193
AT3G32260,0.11191995456881855
AT3G32280,-0.09785263676221845
AT3G32330,-0.23356977502646895
AT3G06285,-0.7170363610538152
AT3G32380,-0.10804044228331416
AT3G32400,-0.7271973649224667
AT3G32410,-0.044630123475012044
AT3G32420,0.6048485815051757
AT3G32896,-0.4044562637762448
AT3G32904,-0.5608072929463015
AT3G06295,0.20162123939272483
AT3G32920,-0.3304812911838674
AT3G32930,0.4776385567431959
AT3G32940,-0.2860359580137435
AT3G32960,0.39404700146606264
AT3G32980,-0.029473059634428277
AT3G06315,-0.13670463737005595
AT3G33187,0.006617929141644888
AT3G33293,0.2024732493200588
AT3G33393,0.3266420071769391
AT3G33494,-0.33059383557971944
AT3G33528,-0.15316670020560078
AT3G33530,-0.25108889586357996
AT3G33520,0.3282954971156064
AT3G41762,0.42673424098128804
AT3G41761,
AT3G06325,
AT3G06345,0.11521558770651691
AT3G41768,-0.06805286053553984
AT3G06355,0.013916370633943157
AT3G41979,
AT3G42050,-0.4409106558551334
AT3G42060,-0.32220562142652714
AT3G42075,-0.025520412640050952
AT3G42130,
AT3G42140,0.3113807702446085
AT3G42148,0.11349488293230918
AT3G42150,0.033980558161022995
AT3G42153,0.2453458796324063
AT3G42155,0.44422288164869256
AT3G42160,-0.04753411300142318
AT3G42170,0.12177368818847999
AT3G42180,0.13145143442990204
AT3G06375,0.2618748657668442
AT3G42310,-0.40819222650274956
AT3G42390,0.32363602987298845
AT3G06385,0.24599508304563292
AT3G42473,0.004164997027845222
AT3G06395,-0.11902947192612538
AT3G42550,-0.2841242876060143
AT3G06405,-0.00520099782972071
AT3G06415,
AT3G42560,0.2953990159596079
AT3G42565,0.03381616082629323
AT3G42570,-0.45750281988935954
AT3G42628,0.20388938719511532
AT3G42630,0.2738469326578619
AT3G06425,-0.11591102966628532
AT3G42640,-0.04434473572489575
AT3G06445,0.0834710565300111
AT3G42660,0.0760468096271288
AT3G42670,-0.11801407329552412
AT3G06465,-0.6256470686610018
AT3G42723,-0.4311002023539931
AT3G42725,0.20195983914941554
AT3G42770,-0.3742674527182746
AT3G42780,0.08687044817523239
AT3G42786,0.04746472791952482
AT3G42790,-0.29196883812976643
AT3G29794,0.319097149626215
AT3G06475,0.07871868822456247
AT3G42800,0.0284349752405358
AT3G42830,0.6396299253184289
AT3G42850,-0.681805831575079
AT3G42860,-0.19035407501271392
AT3G42870,0.21035533200775175
AT3G06485,-0.2285310487240889
AT3G42880,-0.644130339407184
AT3G42940,-0.26300438322316316
AT3G42950,0.2533489951396681
AT3G42960,0.1815398872825163
AT3G42990,0.24067729280905115
AT3G42995,0.23671469842208606
AT3G43083,0.43959429920610016
AT3G06495,0.3489224530896422
AT3G06515,0.1262940503307696
AT3G06525,
AT3G43110,0.05939451456848395
AT3G43120,-0.39057433321740764
AT3G43148,-0.6572670052000893
AT3G43150,0.19974048608599712
AT3G43153,-0.41914180137685714
AT3G43160,-0.252969927713798
AT3G06535,-0.16801036359072405
AT3G06555,-0.018090634117756042
AT3G43170,0.22502088122550185
AT3G43180,0.0832192223122038
AT3G43190,0.2683536724593459
AT3G43210,0.4943551358694516
AT3G43220,0.17230370062801684
AT3G43230,0.048027853185805484
AT3G43240,0.03854906614611452
AT3G43250,0.19133879115032706
AT3G43260,-0.20405043242464105
AT3G43270,-0.2782843338352164
AT3G06565,-0.28535593093366063
AT3G43280,0.0661852799294195
AT3G43290,0.3417389970113601
AT3G43291,-0.03964289382253548
AT3G06575,0.3385368961494371
AT3G43300,-0.3622979085470129
AT3G43340,0.3886060508823398
AT3G06585,-0.27147653748933964
AT3G43400,0.05030784217480159
AT3G06595,0.241993598789404
AT3G06605,-0.030686726860210806
AT3G43410,0.6028244562601527
AT3G43415,-0.2721362763244312
AT3G43420,0.42213067436852875
AT3G43430,-0.6741345076032789
AT3G06615,0.3364630490924707
AT3G43432,0.06252531994241999
AT3G06625,0.20013872250033918
AT3G43440,0.026407445450137547
AT3G43470,-0.3416240989679564
AT3G43480,0.3677041596821824
AT3G43490,-0.3375878100706528
AT3G43500,0.23618124286773312
AT3G43503,0.22849511469205697
AT3G43505,0.32443648130955444
AT3G43520,-0.023847890492579828
AT3G06635,0.2380173268297793
AT3G43540,0.44761787212210574
AT3G43550,-0.12816299332922176
AT3G43570,0.2023118675947273
AT3G43572,0.20195829518719902
AT3G43574,0.3265696668294321
AT3G43580,0.2001396487202583
AT3G43583,0.3150083813520846
AT3G43590,0.12969479017834556
AT3G43600,0.04252541187349171
AT3G43610,0.21135401774536966
AT3G43630,-0.14833298169313142
AT3G43645,0.18996606901131086
AT3G43660,0.29012985956336373
AT3G43670,-0.03837110332318455
AT3G06645,-0.024698938247643864
AT3G43682,0.06786511190150207
AT3G43700,-0.5942960984866426
AT3G43710,0.3055539623707315
AT3G06655,0.1786241062293684
AT3G43720,-0.13211894360755513
AT3G43740,0.502224907277924
AT3G43750,0.010480696407664095
AT3G43790,-0.2098724658352494
AT3G43800,-0.433016981815002
AT3G43810,-0.0024180389203355534
AT3G06675,0.1476220050348651
AT3G43833,-0.07640614260730381
AT3G43837,-0.04936933876105569
AT3G43840,0.05103755522800787
AT3G06685,
AT3G43850,-0.24211321366920507
AT3G43860,0.13474400805948303
AT3G43870,0.3294759213898362
AT3G43880,-0.550443218167052
AT3G43890,-0.07740152284305099
AT3G06695,-0.20720422745647693
AT3G43910,0.31852504886092203
AT3G43920,-0.09534226153703501
AT3G43930,-0.03693034496443995
AT3G43940,-0.050957239438675146
AT3G43950,0.3386346569564973
AT3G43960,-0.15216079129511376
AT3G43970,0.11819768026035471
AT3G43980,-0.10515472069514845
AT3G43990,0.014977921985326598
AT3G44006,0.3258064120091795
AT3G44010,0.41787728179516564
AT3G44020,0.1858687507183215
AT3G44050,0.20828942037247164
AT3G44060,0.10041678007386876
AT3G44070,-0.03102463737075723
AT3G06715,
AT3G44080,0.37390049885910814
AT3G06725,-0.04820354046222606
AT3G44090,0.28740130041446493
AT3G06735,0.10377485066596666
AT3G44100,-0.2793854729278621
AT3G44110,0.37945412521333044
AT3G06745,0.43168763887293554
AT3G44115,0.31038472182819
AT3G44120,0.019663418128276766
AT3G44130,-0.037692151528818656
AT3G44140,0.6431239693945682
AT3G44150,-0.565878643399955
AT3G44160,-0.5049814085072307
AT3G44170,0.42897570000217694
AT3G44180,0.009201853091915471
AT3G44190,0.5968827988841752
AT3G44200,0.19167455503153882
AT3G44210,0.24401294951032276
AT3G44220,0.105650924255164
AT3G44230,-0.1149219335826468
AT3G44235,0.11015419089738747
AT3G44240,0.03467652226583283
AT3G44250,-0.397523373907593
AT3G44260,0.3367081171167676
AT3G44261,0.2517771518622588
AT3G44265,-0.5862616023508909
AT3G44280,0.17850041574705594
AT3G06755,0.29687105827033144
AT3G44290,-0.11370156219686166
AT3G06765,-0.0871665001266085
AT3G44300,-0.023220689530937574
AT3G44310,0.3097702341646569
AT3G44320,0.5269720944110777
AT3G44326,0.17786865263973015
AT3G44330,0.26496793074417135
AT3G44340,0.0007727391650663763
AT3G06775,0.14045337338360878
AT3G44350,0.2676315454632403
AT3G06785,0.29953445946461893
AT3G44370,-0.042640803582733346
AT3G44380,0.4380050107295387
AT3G06795,0.3536315971237683
AT3G44400,0.2232869063821559
AT3G44405,0.09780442086418566
AT3G06805,
AT3G06815,0.3702396653757085
AT3G44428,-0.5838323098006822
AT3G44430,0.23455623680116877
AT3G44435,
AT3G44440,0.2337053581444772
AT3G06835,0.20685587634836064
AT3G44444,-0.11007262437005384
AT3G44450,0.012506690601055434
AT3G44460,-0.13888474703890916
AT3G44480,-0.18731452531987172
AT3G44485,0.1551528707933294
AT3G44490,0.14914002274457128
AT3G44510,-0.07514772349379
AT3G44530,-0.1434696291693948
AT3G06845,0.15467935962898266
AT3G44540,0.7969033379702052
AT3G06855,
AT3G44550,-0.014599097353244488
AT3G44555,0.20354061110103436
AT3G44560,-0.4841568587744832
AT3G44570,0.11018431906245328
AT3G44580,0.3502199763965346
AT3G44590,-0.33119058149041897
AT3G44600,-0.24473491351329346
AT3G44610,0.21071073383287023
AT3G44620,-0.4093927148923065
AT3G44630,0.32909375131917035
AT3G44635,
AT3G44660,0.20446888372410096
AT3G44665,0.2073104464182534
AT3G44670,-0.09629898122135887
AT3G44680,0.33760928196449597
AT3G44690,0.47843619407444976
AT3G44695,-0.3100894638313552
AT3G44700,-0.04397962161765849
AT3G44703,0.14457735368670602
AT3G44704,
AT3G44710,-0.3148942910657297
AT3G44713,-0.40566485137954905
AT3G44716,0.03616413409685159
AT3G44718,0.14669378536647074
AT3G44720,0.24435730399635047
AT3G44730,0.00848379883622404
AT3G44735,0.06969004180555434
AT3G44740,-0.418666910321623
AT3G44750,-0.08313053751940822
AT3G44753,-0.22454117950185334
AT3G44755,
AT3G06905,0.37843213109260615
AT3G44760,-0.18530747250645468
AT3G06915,-0.11103180142733289
AT3G44763,-0.18597535847478322
AT3G06925,-0.06524808508011687
AT3G44766,0.2323066970259652
AT3G44765,-0.014814395546498871
AT3G44769,0.2845878514535843
AT3G44770,-0.09889138633282364
AT3G44780,-0.4112760582546486
AT3G44785,-0.2581433576372831
AT3G44790,0.33534645972848964
AT3G44798,0.17039180855514807
AT3G44800,0.26018514283932315
AT3G44805,0.4005911327134647
AT3G44810,0.2081093468309427
AT3G06935,-0.0791211824789025
AT3G44820,-0.5919145843589804
AT3G44830,0.3406487740901995
AT3G44840,0.2451329547475687
AT3G44850,0.13095344360687544
AT3G44860,-0.7023216829380705
AT3G44870,-0.04550982698219927
AT3G44880,-0.09786641580802255
AT3G44890,-0.005635262735898856
AT3G44900,-0.16689165120499752
AT3G44910,0.276142907408951
AT3G44920,0.1555643319506304
AT3G44930,-0.22432398616227625
AT3G44935,0.6104617739661687
AT3G44940,-0.09039142943773272
AT3G44950,0.1326223799244031
AT3G44955,0.10842761373819929
AT3G44960,-0.15380581244449923
AT3G44970,-0.5662109729029389
AT3G44980,-0.20240490808588707
AT3G44990,0.26902998495203906
AT3G45000,0.0044063182423707105
AT3G45010,-0.35993342503154985
AT3G45020,0.33994473690095517
AT3G45030,0.3196880813302772
AT3G45040,0.07950987032015458
AT3G45050,-0.13896776285367862
AT3G45060,0.8324004610359095
AT3G45070,-0.3963279713332864
AT3G45080,0.17467356562826455
AT3G45090,0.030693842867096748
AT3G45093,0.34317232899605377
AT3G06955,0.05992034080524747
AT3G45100,-0.2565504707255758
AT3G45110,-0.3073716650668445
AT3G45130,-0.21190965114898064
AT3G06975,0.22372312719549314
AT3G07045,0.06077624364705294
AT3G45140,-0.5362898528133877
AT3G45150,0.41278007308958126
AT3G45160,0.19951941923276517
AT3G45170,0.009722225669400541
AT3G45180,-0.056836143495774566
AT3G07065,
AT3G45190,-0.013382721616232308
AT3G45200,0.26964970423968565
AT3G07075,0.10830983445510514
AT3G45210,0.0004961628489350034
AT3G45220,-0.2802322582415217
AT3G45230,-0.18993155041027154
AT3G45240,-0.30929542330834847
AT3G45243,-0.05103184871930615
AT3G45245,-0.17804507013540333
AT3G45248,0.14446711449908106
AT3G07085,-0.03947659993647082
AT3G45252,-0.2576222526067109
AT3G07095,-0.24094325708441305
AT3G45260,-0.01707783458479251
AT3G45275,-0.16859171610734433
AT3G45280,0.040097038805131886
AT3G45285,-0.2634791642923664
AT3G45290,-0.38059109002710123
AT3G07105,
AT3G45300,0.27328248694958485
AT3G45310,-0.42246011393564203
AT3G45320,-0.2640739138503957
AT3G45330,0.07990411816730207
AT3G45390,0.32170994313064366
AT3G45400,-0.19608112846458448
AT3G45410,-0.3912590444083588
AT3G45420,-0.33750147284269627
AT3G07125,
AT3G45430,-0.06873807473626808
AT3G45440,0.612363939188502
AT3G45443,-0.3413085225847425
AT3G45450,0.22694350902288932
AT3G07135,0.02641757424459835
AT3G45460,0.49515819526805266
AT3G45470,0.25527400112229787
AT3G45480,0.09897315889171153
AT3G45490,-0.06078107240815389
AT3G45500,0.2727182521528714
AT3G45510,-0.19032250475544765
AT3G45525,0.3161721045409785
AT3G45530,0.02656194800596965
AT3G45540,-0.42587977774805996
AT3G45555,0.024104029851806864
AT3G07155,-0.09284808313631437
AT3G45560,0.2238964767240251
AT3G07165,0.09442245659528445
AT3G45570,0.27932066496829366
AT3G45577,-0.018351671546363316
AT3G45580,-0.08123117803627873
AT3G45590,-0.051463354773110495
AT3G07175,
AT3G45600,-0.044589647210947665
AT3G07205,
AT3G45610,-0.29891911648388797
AT3G45620,-0.18139104855614485
AT3G45630,-0.18972939427778238
AT3G45638,0.1663226790375404
AT3G45640,-0.15087901385600044
AT3G45645,
AT3G45650,0.29431332036845936
AT3G45660,-0.6186339155943273
AT3G45670,0.3710619939638167
AT3G07225,0.12896715362158023
AT3G07235,0.11286782551805925
AT3G45673,0.10837301654887191
AT3G45680,-0.3306534430562785
AT3G45690,-0.09850302072976459
AT3G45700,-0.3128685853330999
AT3G07245,-0.15455490337979
AT3G45710,-0.2859109406519086
AT3G45720,-0.1260470983300897
AT3G45730,-0.006280966505382583
AT3G45740,0.5588731418329198
AT3G07265,
AT3G45750,0.3025497141216809
AT3G45760,-0.5698605570082151
AT3G45770,0.4424071249750302
AT3G45780,0.31680227857877036
AT3G45790,-0.036401071774382
AT3G07275,0.16008671220970253
AT3G45800,0.11060919491226451
AT3G45810,-0.421658546923427
AT3G45820,0.46314154835576116
AT3G45830,-0.4616066745865098
AT3G45840,-0.23652569161564405
AT3G45850,0.08267683608633228
AT3G45851,
AT3G07295,0.9870780405068853
AT3G45860,-0.37334943524723546
AT3G45870,0.5097239010141533
AT3G07305,
AT3G45880,0.25113283232973765
AT3G45890,-0.19554331708922895
AT3G45900,0.0838973404268741
AT3G45910,0.1802581471457609
AT3G45920,0.21085133293156558
AT3G45930,0.08036827827482836
AT3G45935,-0.16617054657099609
AT3G45940,0.07067791570483133
AT3G45950,-0.10437096970342699
AT3G45955,
AT3G45960,0.057461508924607524
AT3G45965,
AT3G45970,0.20975666744989668
AT3G45980,0.25870542698499405
AT3G07315,
AT3G45990,-0.057191114878716344
AT3G46000,-0.30157438838075196
AT3G46010,0.08731767459090975
AT3G46020,0.32756146873508807
AT3G46030,-0.15454347933975696
AT3G46040,0.20378440662327726
AT3G46050,0.3095102402334833
AT3G46060,0.3942878541059975
AT3G46070,0.13363811956673902
AT3G46080,-0.15365876859939706
AT3G46086,-0.23286354959457284
AT3G46090,-0.07942717473605149
AT3G46100,-0.3937368206293038
AT3G46110,-0.0542054545041021
AT3G46120,0.05619939961552708
AT3G07325,0.1438793209631894
AT3G46130,-0.33364160984833674
AT3G46140,0.16282291071741767
AT3G46150,-0.34351220203568555
AT3G46160,-0.25638257083329147
AT3G46170,-0.08050107905950735
AT3G46180,0.4186602294758383
AT3G46190,-0.31848349535883336
AT3G46200,-0.33384603195694396
AT3G07335,0.26451092424615874
AT3G07345,0.20166393246167555
AT3G46210,-0.06424171356508884
AT3G46220,-0.3665758706691516
AT3G07355,
AT3G46230,0.3503857380700638
AT3G07365,
AT3G46240,-0.1780886128641152
AT3G46260,0.2924292719440202
AT3G46270,0.4823375245638637
AT3G46280,0.11956483224705183
AT3G46290,-0.3794358425676239
AT3G07375,
AT3G46300,
AT3G07385,-0.04201185764205989
AT3G46310,0.09412003433422271
AT3G07395,-0.13686796975921103
AT3G46320,0.0689204477119258
AT3G46330,0.04195578254739093
AT3G07405,-0.11930012043538063
AT3G07415,
AT3G46340,-0.17776398059251625
AT3G46350,0.5566945247987957
AT3G46355,0.020764207163802662
AT3G46360,-0.026915587499226304
AT3G46370,0.05304412552510154
AT3G46380,-0.261789458712683
AT3G46390,0.019058831656261075
AT3G46400,0.103500325701457
AT3G46410,0.13150148455773122
AT3G46420,-0.03222093105666363
AT3G46430,0.09518821305855034
AT3G46440,0.4809457563337153
AT3G46450,-0.3290594991594742
AT3G46460,-0.16392663534283325
AT3G46470,0.2516906610077923
AT3G46480,-0.4454845111534187
AT3G46490,0.08330120083670114
AT3G46500,0.24393074577302437
AT3G46510,0.08402909852804062
AT3G46520,-0.22698613844353527
AT3G46530,-0.3426242194951384
AT3G46540,-0.22430355036850372
AT3G07435,
AT3G46550,-0.03316791525641836
AT3G46560,0.2157255185386235
AT3G46565,-0.42958405936126204
AT3G46570,0.018434564098647657
AT3G46580,0.1691185173177277
AT3G46585,-0.14974544938743353
AT3G46590,-0.2841232483530686
AT3G46600,-0.037978607007345545
AT3G46610,-0.32962895188882135
AT3G46613,0.18522056872383924
AT3G07465,-0.09115795079398092
AT3G46614,-0.07511044065085827
AT3G07475,
AT3G07485,0.1457679904523191
AT3G07495,0.07751863261262046
AT3G46616,-0.38279349307119853
AT3G46617,0.03511662937632755
AT3G07505,0.01353768173932925
AT3G07515,0.03424620134372461
AT3G46620,-0.18503202694874787
AT3G46630,0.06645986767866907
AT3G46640,-0.10638641318325749
AT3G46650,-0.06055208277681576
AT3G46658,-0.42339560114728814
AT3G46660,
AT3G46666,0.09471898587981546
AT3G46668,0.21638801667115057
AT3G46670,
AT3G46680,-0.5064073590256791
AT3G46690,-0.15734158418672578
AT3G46700,-0.48696027126274183
AT3G46710,-0.19869740967131935
AT3G46720,-0.19994339095036873
AT3G46730,-0.003859073688048336
AT3G46735,
AT3G46740,-0.08700364878476909
AT3G46750,-0.2791678191387504
AT3G46760,0.5464327473652131
AT3G46770,0.13254402374055477
AT3G46780,0.24719364297235585
AT3G46790,0.15724236294122182
AT3G46800,-0.15778097381169032
AT3G46810,0.31074216212381645
AT3G46820,-0.40766254025264254
AT3G46830,-0.49412339387593684
AT3G07545,0.29165025755519286
AT3G46840,-0.2696055465872922
AT3G46845,-0.3135121848102036
AT3G07555,
AT3G46850,0.118145618675482
AT3G46860,-0.03757298500008181
AT3G07585,0.27927672156815253
AT3G46870,0.33587687394171345
AT3G46875,-0.10705467629939393
AT3G46880,-0.34952488288933337
AT3G46890,-0.11313269439074819
AT3G46900,0.3522750543660033
AT3G46910,-0.27052184921621497
AT3G46920,0.11924248226690966
AT3G46930,-0.22921731495257383
AT3G46940,0.21771816124174895
AT3G46950,0.44236813197320624
AT3G07605,
AT3G46960,-0.5469807764045763
AT3G46970,-0.7461411991589143
AT3G46980,0.22917357799055563
AT3G46990,-0.6169497637452357
AT3G07615,
AT3G47000,0.5773351242788471
AT3G07625,
AT3G47010,-0.16662401438487845
AT3G47020,0.32551927422367
AT3G47030,0.5966981459205456
AT3G47040,0.3953683774022009
AT3G47050,-0.2048938977166921
AT3G47060,-0.48361589459589205
AT3G47070,0.22818572048270885
AT3G47080,0.5591364837337139
AT3G47090,-0.5880404583019674
AT3G07635,0.40259893503415983
AT3G47100,-0.6913554601474499
AT3G47110,-0.20245934677486946
AT3G47120,-0.04760580083396503
AT3G47130,-0.2461929820957857
AT3G47140,-0.13662912858059972
AT3G47150,-0.2835924340652983
AT3G47160,-0.3794884405653627
AT3G47170,0.14378820505923887
AT3G07645,0.16443749686405698
AT3G47180,0.09030574257817132
AT3G47190,-0.13198868122857305
AT3G47200,0.24935406414718064
AT3G07655,0.14861650410946298
AT3G07665,
AT3G47210,0.0405854999425778
AT3G47220,-0.04539502572406576
AT3G07675,0.45514668517625473
AT3G47250,-0.0383031340944401
AT3G07685,-0.1855609154463619
AT3G07695,0.05170882593948193
AT3G47290,0.3917026033056863
AT3G47295,0.024212311961412016
AT3G07705,
AT3G47300,0.07012688733779471
AT3G47340,-0.053194096547916125
AT3G47341,0.20956193287008051
AT3G07715,-0.02481779235652894
AT3G47342,0.30146150477899925
AT3G07725,0.43365875716839614
AT3G07735,0.16640857279750745
AT3G47347,0.1508086595086891
AT3G47348,-0.09214395062581728
AT3G47350,-0.25979404709515375
AT3G47360,-0.38937574145789844
AT3G47370,0.19256475265200598
AT3G47380,-0.00205985508224348
AT3G47390,-0.11333153402719595
AT3G07745,
AT3G47400,-0.19874106141956857
AT3G47410,0.2305761726727474
AT3G07755,-0.1003736534872366
AT3G47420,-0.11480709009202685
AT3G47430,0.3755516980693199
AT3G47440,-0.008561457821500865
AT3G47450,0.12403212205287578
AT3G47460,0.015936131845743527
AT3G47470,-0.1098048791507318
AT3G07765,0.25999081269378116
AT3G47480,0.04660608055388953
AT3G47490,0.3055648301815149
AT3G47500,-0.28264666170759123
AT3G47510,0.09448597163172946
AT3G47520,0.12421110839266523
AT3G47530,-0.09730644068988592
AT3G07775,-0.0571404648832781
AT3G47540,0.49741468871018785
AT3G47550,-0.32105032086391916
AT3G47560,0.2349603835274741
AT3G47570,0.5965835284396602
AT3G47580,0.29564540059089883
AT3G07785,
AT3G47590,0.09533659088647906
AT3G47600,-0.4063230507561971
AT3G47610,0.011993263203210355
AT3G47620,0.25170796217555336
AT3G47630,-0.01630912841852141
AT3G47640,-0.3703466074410862
AT3G47650,0.15565143950703672
AT3G47660,-0.32831248894611864
AT3G47670,-0.05238045816474731
AT3G07795,
AT3G47675,0.3270110277036668
AT3G47680,0.3264348634260583
AT3G47690,-0.37687020073570576
AT3G47700,-0.1854947788226764
AT3G47710,0.2776026058514872
AT3G47720,0.5230154235684745
AT3G47730,0.3010955073237666
AT3G07805,
AT3G07815,0.13668139747607713
AT3G47740,-0.16961810962917057
AT3G47750,-0.05803892473093246
AT3G47760,-0.6141264762069247
AT3G47770,-0.36618182035670377
AT3G47780,-0.36707725918809025
AT3G47790,0.3973273256633363
AT3G47800,-0.1745758435241309
AT3G47810,-0.2756615405461043
AT3G07825,
AT3G47820,0.3602381621787098
AT3G47830,-0.058495803423248276
AT3G47833,0.24510374559882148
AT3G47836,0.5754705853324366
AT3G47840,-0.12817843049441477
AT3G47850,-0.1290338785798814
AT3G47860,0.6010308625667982
AT3G47870,0.03464572012023189
AT3G47890,0.5387734910720525
AT3G47910,-0.3292393906013147
AT3G47920,0.3703708306098661
AT3G47930,-0.3141339151290814
AT3G47940,0.19867732142525163
AT3G47950,-0.3214852051544061
AT3G47960,0.571922407828605
AT3G07835,
AT3G07845,0.04054298641725164
AT3G47965,0.3043327158845468
AT3G47980,-0.1467432132105763
AT3G47990,-0.3001904577945681
AT3G48000,0.15448959445616345
AT3G48010,-0.32922372459671456
AT3G48020,-0.15961286307935899
AT3G48030,-0.024264594873261564
AT3G07855,0.21983204310198518
AT3G48040,0.043573990425739076
AT3G48050,0.04712182860889855
AT3G48057,0.08361104286977508
AT3G48060,0.023042267888200445
AT3G48070,-0.7946512103536346
AT3G48080,0.08300011939424853
AT3G48090,-0.600866289073005
AT3G48100,0.4507981421610749
AT3G07865,0.2928251363671363
AT3G48110,-0.29277652540643334
AT3G48115,0.38510752189503966
AT3G48120,-0.48935471219456694
AT3G48131,-0.5991236297153096
AT3G48140,0.3417652481198274
AT3G48150,-0.11120701807252001
AT3G48160,0.018991684727387742
AT3G48170,0.43131426527363304
AT3G48180,0.10485241938011412
AT3G48185,0.36542564903991415
AT3G48187,-0.29256984673791725
AT3G07875,-0.4517272914107475
AT3G48190,-0.015023443607242504
AT3G48195,-0.8148942866607709
AT3G07885,
AT3G48200,-0.28879097700497125
AT3G48201,-0.29006610226355745
AT3G07895,0.10255881075018465
AT3G48205,0.2518523304979598
AT3G07905,0.06917171586234323
AT3G48208,0.11925114718210812
AT3G48209,0.04526976504255061
AT3G48210,-0.02473120929481212
AT3G48220,0.34704347834567584
AT3G48230,0.22333777271193786
AT3G48231,0.03617600225430667
AT3G07915,0.09336830199281408
AT3G48240,0.19042650822160728
AT3G48250,0.1752854649989318
AT3G48260,-0.049602697103678484
AT3G48270,0.14862981650216459
AT3G48280,-0.13351075775118929
AT3G48290,-0.5559171122222997
AT3G48300,0.1357532576428597
AT3G48298,
AT3G48310,0.5741424233368276
AT3G48320,-0.516245772967421
AT3G07925,
AT3G48330,-0.35628029715994386
AT3G48275,0.11509803431109104
AT3G48340,-0.009947881463598419
AT3G48343,-0.2249498036219823
AT3G48344,0.30096209704033094
AT3G48346,0.1762929618368127
AT3G07935,-0.0006890937018105639
AT3G48350,0.12781013045696593
AT3G48360,-0.39410063830641917
AT3G07945,0.43998263262281245
AT3G48380,0.27352937550837403
AT3G48390,0.2382035438864951
AT3G48410,-0.1553530056894254
AT3G48400,
AT3G48420,0.4961566347390394
AT3G48425,0.6138662360626254
AT3G48430,-0.24687415624495196
AT3G48440,0.26102307885095216
AT3G48450,0.11531566050353503
AT3G48460,-0.030551023893833133
AT3G48470,0.1144311336457824
AT3G48475,
AT3G48480,-0.5540023361035237
AT3G07955,0.2334521037745369
AT3G07965,0.2789226879443256
AT3G48490,-0.37590564112522507
AT3G48500,0.09964612159470958
AT3G07975,-0.1477567634832115
AT3G48510,0.49792554878991785
AT3G48515,
AT3G48520,0.08999256184381663
AT3G07985,0.05143903550879451
AT3G48530,-0.5818287928863287
AT3G48540,0.2080362989247523
AT3G48550,-0.24120546205510815
AT3G48560,-0.24874182283495685
AT3G48570,-0.018115773867600878
AT3G48580,0.3587786283069908
AT3G48590,-0.06738832903732259
AT3G48600,-0.00789304020587431
AT3G48610,0.3336115516226963
AT3G48620,-0.38061622035339465
AT3G48630,0.5687635511486376
AT3G48640,0.38629081974312396
AT3G48660,0.16312351219794577
AT3G48670,0.2660355410351122
AT3G48675,-0.29423121306112354
AT3G48680,-0.41451076256456504
AT3G48690,0.2971720100790707
AT3G48700,-0.13658285588911642
AT3G48710,-0.22275504115216202
AT3G48720,0.008741921156613727
AT3G48730,-0.4876224354791763
AT3G48740,-0.21511708913771826
AT3G48745,0.3039214294152598
AT3G48750,0.13179924054838552
AT3G48760,0.21703798542501337
AT3G48770,0.34504449056868175
AT3G07995,
AT3G08005,0.1359779261009465
AT3G48780,-0.4429230770879484
AT3G48790,0.3279755544411749
AT3G48800,-0.05375138908422454
AT3G48810,-0.6439178484415577
AT3G48820,-0.11059702660812401
AT3G48830,-0.2873097260689394
AT3G48835,-0.6326235838364535
AT3G48840,0.04492597200321346
AT3G48850,0.2789884862177113
AT3G48860,-0.430299701255493
AT3G48870,-0.11865295704202994
AT3G48880,0.29026320324528293
AT3G48890,-0.11020376491229933
AT3G48900,0.3266740059490376
AT3G48920,0.062309492595580246
AT3G48930,0.1474209308277009
AT3G48940,0.47029907267029136
AT3G48950,0.4300277169417005
AT3G48960,0.2330107728474096
AT3G48970,-0.6591960121978216
AT3G48980,0.5106962133241179
AT3G48990,0.07564010822807453
AT3G49000,-0.03664364657252067
AT3G49010,0.19483989330616724
AT3G49020,0.22940190844845446
AT3G49030,-0.22152620311705362
AT3G08025,-0.03853039191703353
AT3G08035,-0.02589896650434633
AT3G49040,-0.8229867063873877
AT3G49045,0.3374997789186172
AT3G49050,0.19986229868714034
AT3G49055,0.050567311325664256
AT3G49060,-0.5953236348422533
AT3G49070,0.33125226418588555
AT3G49080,-0.05198027840360021
AT3G49100,-0.6127863890101668
AT3G49110,0.08420395703732217
AT3G49115,0.6000795881847585
AT3G49120,-0.6553874603451294
AT3G49130,0.043091102474559974
AT3G49140,-0.25643096920382263
AT3G49142,-0.08533241013689297
AT3G49150,0.08305191859146765
AT3G49155,0.11962736010033256
AT3G49160,-0.12447955140264094
AT3G49170,0.5540385204175066
AT3G49180,-0.2762266714851152
AT3G08045,
AT3G49190,0.37884418775491335
AT3G49200,-0.03326772327284009
AT3G49210,0.20633532474014735
AT3G49220,0.22474333355508005
AT3G49230,0.040778350607175835
AT3G49250,0.3648984921465349
AT3G49240,
AT3G49260,-0.14509156993947045
AT3G49270,0.5937246610217507
AT3G49290,0.22005923762350565
AT3G49300,0.4976530553398361
AT3G08050,
AT3G08055,
AT3G49305,0.1283046118326522
AT3G49307,0.27219035908573613
AT3G49310,-0.4212090791792314
AT3G49320,-0.23012713955841732
AT3G49330,-0.43923600619774983
AT3G49340,0.1338949715137951
AT3G49350,-0.31085888185279487
AT3G49360,-0.5996629692637747
AT3G49370,0.17450469613956476
AT3G49380,-0.2308926600357916
AT3G49390,-0.4336015472587958
AT3G49400,0.1947813836077278
AT3G49410,-0.45813415708295346
AT3G49420,-0.3099342205372366
AT3G49430,-0.46901913510914556
AT3G49440,0.6568216626268485
AT3G49450,-0.18215565843012713
AT3G49460,0.14805133966427342
AT3G49470,-0.060407826536928375
AT3G49480,0.13760125803830925
AT3G49490,0.3805163989475211
AT3G49500,-0.02705421455849849
AT3G49510,-0.15221351317660403
AT3G49520,-0.007617747384370425
AT3G49530,-0.062435015221453005
AT3G49540,0.08815588689491201
AT3G49550,0.3696416531374585
AT3G49551,0.24418660030327052
AT3G08065,-0.255212964237493
AT3G49560,0.1800804502258456
AT3G49570,-0.5003138034413184
AT3G49580,0.4346531146231703
AT3G49590,-0.10772958387264439
AT3G49600,-0.16689335528014165
AT3G49601,-0.1418100154035394
AT3G49610,0.07170487279803267
AT3G49620,-0.16539191726045194
AT3G49630,0.41663330236505514
AT3G49640,-0.09307388338278502
AT3G49645,0.09348588625540884
AT3G49650,-0.2543479761773269
AT3G49660,0.07636837204759807
AT3G49670,0.4432844051219638
AT3G49668,
AT3G49680,-0.44259169949265015
AT3G49690,-0.3202287252960669
AT3G49700,0.09802714097986097
AT3G49710,0.1606228897535444
AT3G08070,
AT3G49720,0.2254928787883612
AT3G08075,
AT3G49725,0.11991560716095696
AT3G49730,-0.25804832727584914
AT3G49740,
AT3G49744,0.21895017082628276
AT3G49750,-0.7380975126589416
AT3G08080,0.0007864263596976728
AT3G49760,0.08600299821363508
AT3G49770,0.13446444787855583
AT3G49780,0.14565946488259573
AT3G49790,0.5037413777552215
AT3G49796,0.2382944663132403
AT3G49800,0.281990048618366
AT3G49810,0.5045356556473288
AT3G49820,-0.07541236900021787
AT3G49830,-0.20484814797209408
AT3G49840,0.07772288704085983
AT3G49845,0.08122459645088227
AT3G49850,-0.021673618412721026
AT3G49860,-0.23297853676417032
AT3G49870,-0.6533176486594602
AT3G49880,0.13184928357248352
AT3G49890,0.22415201280703026
AT3G49900,-0.5664608684382212
AT3G08085,
AT3G49910,0.12193634438482791
AT3G49920,0.036187478793558076
AT3G49925,
AT3G49930,-0.08302083753903707
AT3G49940,-0.3532258000797221
AT3G08090,-0.13620575250073433
AT3G49950,0.49193946176226594
AT3G49960,0.0958025178238147
AT3G49970,-0.4764648608488689
AT3G49980,-0.20159111575553826
AT3G49990,-0.28939153528161615
AT3G50000,-0.3735786245989239
AT3G50010,0.5731316487551331
AT3G50020,-0.20504062827067163
AT3G50030,0.2302774789717555
AT3G50040,-0.6297187848968867
AT3G50050,0.04844780687747712
AT3G50060,-0.1142857053895765
AT3G50070,0.2516071988406965
AT3G50080,0.5340820945416649
AT3G50090,-0.5448313557995547
AT3G50100,0.1498276051995347
AT3G50110,-0.09220968477764632
AT3G50120,0.02179973158967747
AT3G50123,0.366347426200204
AT3G50130,0.540748159925275
AT3G50140,0.15317904702461
AT3G50150,-0.014770350837359902
AT3G50160,0.15305844942807553
AT3G50170,-0.5653731239166997
AT3G50180,-0.35364912199124704
AT3G50190,-0.00972460125596687
AT3G08100,
AT3G50200,0.07865885503711831
AT3G50210,0.4699379273194961
AT3G50220,-0.017862038512528218
AT3G50230,0.2023449124055284
AT3G50240,-0.3270303419146121
AT3G50250,0.2935886761790129
AT3G50260,0.036455506292320125
AT3G50270,-0.0673065312193668
AT3G50280,0.22630783893483578
AT3G50290,0.4405438014018084
AT3G50300,-0.277579930389021
AT3G50310,-0.07276894417192457
AT3G50320,0.1764103741002233
AT3G08105,0.17906377803800852
AT3G08110,
AT3G50330,0.3174164644368306
AT3G50340,0.09184908261591337
AT3G50350,-0.3345832907409004
AT3G50360,-0.030533364754406763
AT3G50370,-0.4938613334212448
AT3G50373,0.1140018151522289
AT3G50380,-0.6533498411638651
AT3G50390,0.25868962230178855
AT3G50400,0.1698200198358755
AT3G08115,-0.10953408662143446
AT3G50410,-0.08459231188505911
AT3G50420,-0.19803588846071588
AT3G50430,-0.263166149148412
AT3G50440,-0.395597130612234
AT3G50450,-0.004467084373392619
AT3G50460,-0.4514370299140803
AT3G50470,-0.2392307654762204
AT3G50480,-0.4293303089042153
AT3G50500,-0.3741459710083238
AT3G50505,
AT3G50510,0.40278456489908715
AT3G50520,0.27343947741031666
AT3G50530,-0.22356170992529514
AT3G50540,0.13299197564582038
AT3G50550,-0.11080056478901719
AT3G50560,-0.1939456578497833
AT3G50570,-0.6042227918960965
AT3G50580,0.23496941340940738
AT3G50590,-0.23802431797668155
AT3G50610,-0.03374499262471481
AT3G50620,0.12357233698663353
AT3G08120,-0.044253219054849406
AT3G08125,
AT3G08130,0.03685744562000818
AT3G50630,-0.06448794577238419
AT3G50640,-4.219714657019254e-05
AT3G50650,0.20999861349041576
AT3G08135,-0.12276642246921365
AT3G50660,-0.09787706363298886
AT3G50665,0.13802419572598632
AT3G50670,-0.18744100348827358
AT3G08140,0.15561794809520052
AT3G50685,0.13156806701351026
AT3G50690,0.3034559455641946
AT3G50700,-0.11517920892035877
AT3G08150,0.14347447836934352
AT3G50710,-0.4857665852248278
AT3G50720,-0.35729262604137035
AT3G50730,-0.040597298919530574
AT3G50740,0.1542534135998145
AT3G50750,0.25181561859411294
AT3G08155,0.10368785243156593
AT3G08160,0.2757707708034936
AT3G50760,-0.38464336645191516
AT3G50770,0.3890175154336824
AT3G50780,-0.23818911999380094
AT3G50790,0.13021681428168716
AT3G50800,0.3886516479720474
AT3G50808,0.37778886983676474
AT3G50810,0.05638665668245299
AT3G50820,0.44591582819631603
AT3G08165,0.5081001221650308
AT3G50825,0.26363824898474403
AT3G50830,0.17279202251139
AT3G50840,0.09556273357301094
AT3G50835,
AT3G50845,0.18216247090601662
AT3G50850,-0.7167138560139725
AT3G50860,-0.47690522288397635
AT3G50870,0.5922170366916345
AT3G50880,0.09186225865611444
AT3G50890,0.07265792980352923
AT3G50895,
AT3G50900,0.14159245574881696
AT3G50910,-0.421362953813837
AT3G50920,-0.2923882141621442
AT3G50925,0.09477819995583137
AT3G50930,0.08599799314411773
AT3G50940,-0.2572223367675578
AT3G50950,0.5544864193352679
AT3G08170,
AT3G50960,-0.328179749813642
AT3G50970,-0.29070570968628995
AT3G50980,-0.5278054206335633
AT3G50990,0.1865116045052019
AT3G51000,-0.15512211871918993
AT3G51010,0.28171246842402253
AT3G51020,0.1015378889665742
AT3G51030,-0.2043094116076861
AT3G51040,-0.3113815441927453
AT3G51050,-0.01199374457085125
AT3G51060,-0.7066529748217425
AT3G51075,-0.023963342783828775
AT3G51070,
AT3G08175,
AT3G51080,-0.0020832199592253353
AT3G51090,0.1172569155190716
AT3G51100,0.3871057033269822
AT3G51110,0.46028290471189637
AT3G51120,0.17605922898368467
AT3G51130,-0.06381917360632612
AT3G51140,0.015407999361132348
AT3G51135,
AT3G51150,0.14757803126815774
AT3G51160,-0.10979454581479425
AT3G51171,0.14317855889649977
AT3G08185,-0.04251738348877696
AT3G51180,-0.026280053170366826
AT3G51190,-0.34652424611566807
AT3G51200,0.1510259761449353
AT3G51210,-0.10856989755697706
AT3G51220,0.18912439135876816
AT3G51230,-0.03217050908558293
AT3G51238,-0.39967760440860894
AT3G51240,-0.4950247242668981
AT3G51250,0.48388922620604263
AT3G51260,-0.6446109658342292
AT3G51265,
AT3G51270,-0.6300250206522181
AT3G51280,-0.09696255471666523
AT3G51290,-0.19611221407071347
AT3G51300,
AT3G51310,-0.5755236099086444
AT3G51320,-0.07414934523235088
AT3G51325,-0.017757370739852986
AT3G51330,-0.22246651712773996
AT3G51340,0.1150859162641516
AT3G51350,-0.5666738712707728
AT3G51360,0.06698565950345418
AT3G08190,-0.26253839733173956
AT3G51370,-0.12735258847120082
AT3G51375,0.09599537004820942
AT3G51380,-0.18882887098249534
AT3G51390,-0.037118501173144684
AT3G51400,-0.5098583287137913
AT3G08200,0.1561846193562685
AT3G51410,-0.07678860666518306
AT3G51420,0.01832687610940929
AT3G51430,0.01268445585780155
AT3G51440,-0.18567066761040818
AT3G51450,0.2232097203511066
AT3G51460,0.01568205187420855
AT3G51470,0.5468932664722024
AT3G51480,-0.0015674326731373658
AT3G51490,0.2757496647872305
AT3G51500,-0.4979292607563736
AT3G51510,0.08939156296775365
AT3G51520,0.4126391406865782
AT3G51530,0.2745228413379085
AT3G51540,0.4260569201028162
AT3G51550,0.08484122287353074
AT3G51560,-0.01646587945185358
AT3G51570,-0.38526959956060247
AT3G51580,0.12355993602647942
AT3G51590,-0.18517320687010863
AT3G51600,-0.2462658968564074
AT3G51610,0.2689240382238522
AT3G51620,-0.3782464971898014
AT3G51630,-0.6031979480292494
AT3G51640,-0.6085505551846256
AT3G51642,0.1600885060724716
AT3G51644,-0.13046471901736537
AT3G51650,0.3079206061078111
AT3G51660,0.11637093112647444
AT3G51670,0.36454797052145915
AT3G51680,0.15343688542912792
AT3G51690,-0.1870209613772595
AT3G51700,0.13376344981853852
AT3G08205,0.19004592802991227
AT3G51710,-0.19106642230668214
AT3G51720,0.11363280533334887
AT3G51730,-0.1914080714546479
AT3G51740,-0.3893284363675845
AT3G51750,-0.05108926475692865
AT3G51760,0.3090179389483404
AT3G51770,-0.4908408554793244
AT3G51780,-0.4050647801874916
AT3G51790,-0.0024181861194807796
AT3G51800,0.1406195021149102
AT3G08210,
AT3G51810,0.06398134288487196
AT3G51820,0.019314193234603972
AT3G51830,-0.3010109439891711
AT3G51840,-0.42485452882170854
AT3G51850,-0.35301556154762875
AT3G51860,0.0697263932751878
AT3G51870,0.1400828249794756
AT3G51880,-0.03522956694617226
AT3G51890,0.00046002293483442204
AT3G51895,-0.4169552038351781
AT3G51910,-0.09452707091606904
AT3G51920,-0.02292465111931662
AT3G51930,-0.41836801350430597
AT3G51940,0.15999154335788987
AT3G51950,-0.36028306090708045
AT3G51960,-0.17990252481446348
AT3G51970,-0.42667843176462256
AT3G08215,
AT3G51980,-0.2132021168323575
AT3G51990,-0.34603396655310176
AT3G52000,0.03493489383433499
AT3G52010,0.34368171404371367
AT3G52020,-0.0741471237181056
AT3G52030,0.31576587750994417
AT3G08220,
AT3G52040,0.18212270709430858
AT3G08225,
AT3G52050,0.22223196844680343
AT3G52060,0.6104580300668458
AT3G52072,0.4780605522856259
AT3G52070,
AT3G52075,
AT3G52080,0.1030359630899727
AT3G52090,-0.34935922801318614
AT3G52100,-0.3990839385090018
AT3G52105,-0.13355459061991265
AT3G08230,
AT3G52110,0.06280817326766204
AT3G08235,
AT3G52115,0.016236917658046118
AT3G52120,-0.1996179188068907
AT3G08240,
AT3G52130,0.09977438092524876
AT3G08245,
AT3G52140,0.19822831303079883
AT3G52150,-0.17483425209538073
AT3G52155,-0.5290525353417416
AT3G52160,0.10483836402840281
AT3G52170,0.024431120756996952
AT3G52180,-0.029357402835448205
AT3G52190,0.2252254865818013
AT3G52200,-0.057089674995885555
AT3G52210,0.08559399941629614
AT3G52220,0.35844032783036556
AT3G52230,0.09727991050425144
AT3G52240,-0.07060393430660403
AT3G52250,0.3699354225492603
AT3G52260,-0.15730162878717896
AT3G52270,0.07137182871408787
AT3G52280,0.4411698146938654
AT3G52285,
AT3G52290,0.21692805043132032
AT3G52300,0.02670608238829822
AT3G52310,-0.10433742575881845
AT3G52320,0.0003444555684460169
AT3G52330,0.016410904659504795
AT3G52340,-0.2721111663610444
AT3G52345,
AT3G52350,-0.08098275038953479
AT3G52360,0.43888074190090676
AT3G52370,-0.06509541165895139
AT3G52380,0.6390626759621184
AT3G52390,0.09131206039889332
AT3G52400,-0.004778161660063627
AT3G52420,0.2117719886637559
AT3G52430,-0.14472905046296677
AT3G52440,0.2687804585412974
AT3G52450,-0.01827971569761376
AT3G52460,0.10115520102322598
AT3G52470,-0.026177095748977988
AT3G52480,-0.431110626986188
AT3G08250,-0.18719473948302803
AT3G52490,0.3721905670638422
AT3G08255,0.16264183451921405
AT3G08260,0.21373414290770354
AT3G52500,0.1331609431842587
AT3G52510,-0.2419119495281822
AT3G52520,-0.07360604849787153
AT3G52525,0.22156834544338835
AT3G08265,-0.017035883658567782
AT3G08270,
AT3G52526,-0.15418304150233425
AT3G52530,
AT3G52535,0.06813551189781494
AT3G52540,0.2748898361104091
AT3G52550,0.14445612630330407
AT3G52560,-0.40691154325602197
AT3G52561,0.0006857294578392623
AT3G52565,0.10621447705334712
AT3G52570,-0.33304658997011594
AT3G52580,-0.6235391025918682
AT3G52590,-0.18005789471325004
AT3G08275,
AT3G52600,-0.04914133070765898
AT3G52605,0.3508531108149935
AT3G52610,0.4069376405222052
AT3G52620,0.2221337627834599
AT3G52630,0.2795447645356832
AT3G52640,-0.3286498733196191
AT3G52660,-0.6112056896573856
AT3G52680,0.1858238565409194
AT3G52690,0.01550648343313421
AT3G52700,0.3546911380021589
AT3G52710,
AT3G52720,-0.08416909475864824
AT3G08280,0.1535765506188655
AT3G52730,-0.21760520799616878
AT3G08285,-0.17063858025990003
AT3G08290,0.2462273720946381
AT3G52740,0.19379163194986632
AT3G52742,0.20803558279260798
AT3G52748,-0.28811227695129044
AT3G52750,-0.5542694266375192
AT3G52760,-0.04537376649819415
AT3G52765,0.07211434941991353
AT3G52770,0.10218101582036805
AT3G08295,0.13311799085629128
AT3G52780,-0.10722220578985155
AT3G52790,0.3560658244676463
AT3G52800,-0.13466586976958297
AT3G52810,0.1825219694132392
AT3G52820,-0.03474503401661057
AT3G52830,-0.1112650221830103
AT3G52840,-0.08564707071410894
AT3G52850,-0.11590843282927998
AT3G52860,0.2772261557134458
AT3G08300,
AT3G52870,-0.6186774492416914
AT3G52880,-0.5695640571379067
AT3G52890,-0.5282524644110241
AT3G52900,-0.8206618667741984
AT3G52905,-0.25185044126319134
AT3G52910,0.44937821005710493
AT3G52920,-0.010261830563752863
AT3G52930,-0.24743456352277104
AT3G52940,0.3210947924216398
AT3G52941,
AT3G52950,-0.6411073190151154
AT3G52955,0.07719553771101961
AT3G52960,0.061104672865192326
AT3G52970,0.4530621426948313
AT3G08310,0.1135496914679142
AT3G52980,0.18538639441623242
AT3G52990,0.014691280961630814
AT3G53000,0.08634267752320245
AT3G53010,0.14846595967523477
AT3G53015,-0.13718968596176326
AT3G53016,0.11316445666262812
AT3G53020,0.05208878952435762
AT3G53030,0.31841882684911627
AT3G53040,-0.34395634177194023
AT3G53050,-0.455566513870427
AT3G53060,-0.06368925954138967
AT3G08315,0.15160945861862432
AT3G53065,0.2743102773748791
AT3G53070,0.08088049437281335
AT3G08325,0.32901102033520324
AT3G53075,0.10963215707545604
AT3G53080,0.33140118133507435
AT3G53090,-0.01640171587899158
AT3G53100,-0.37265449605996104
AT3G53110,0.1518344938368661
AT3G53120,0.15551480363184897
AT3G53130,0.0336840697947806
AT3G53140,
AT3G53150,-0.3368101193971191
AT3G08330,0.12752745680020589
AT3G53160,-0.261063577271631
AT3G53170,0.4689629305390189
AT3G53180,0.19771220428759168
AT3G53190,0.08803634520090778
AT3G53200,0.3648749974039605
AT3G53210,0.1888853202919803
AT3G53220,0.3220904007880872
AT3G53230,0.20864404796303734
AT3G53232,-0.011933904480632643
AT3G53240,-0.18066293993717195
AT3G53235,
AT3G53250,0.004108394941358855
AT3G53260,-0.06672744018360091
AT3G53270,-0.08548726476815223
AT3G53280,-0.10592041224415823
AT3G53290,0.15279966643119697
AT3G53294,-0.5512929866960894
AT3G08335,-0.07021204108298598
AT3G53300,-0.056939531447098575
AT3G53305,-0.008646024001653282
AT3G53310,0.03573547330958595
AT3G53320,-0.05364728623625488
AT3G53330,0.25790602428900766
AT3G53340,0.1901506317894245
AT3G53342,0.581267063437833
AT3G53350,0.2759629745856083
AT3G53360,-0.08225876488005804
AT3G53365,0.11064331336169422
AT3G53370,0.303890808066854
AT3G53380,-0.17771808002247336
AT3G53390,-0.6432557537609417
AT3G53400,0.4601002956707126
AT3G53410,0.29333856472205283
AT3G53420,-0.2167641822269544
AT3G53430,0.38929474550534315
AT3G53440,-0.20094434431214314
AT3G53450,-0.38832594782980234
AT3G08340,-0.05909828801488646
AT3G08345,-0.05385263520998566
AT3G53460,0.052599150898374955
AT3G53470,0.16857083904412437
AT3G53480,-0.035271914754477066
AT3G53490,-0.43290292648499606
AT3G53500,-0.26689044491509906
AT3G53510,-0.1363653324429501
AT3G53520,-0.5101182920531581
AT3G53530,0.19939808874808035
AT3G08350,
AT3G53540,0.06466320024109383
AT3G53550,-0.017657577745880285
AT3G53560,0.6514679002386227
AT3G53570,0.6189923440636412
AT3G53580,0.11420978421417895
AT3G53590,0.09419486773042196
AT3G08355,
AT3G08360,0.1412032518324433
AT3G53600,-0.11154732561255383
AT3G53610,0.2059007655605078
AT3G53611,
AT3G53620,-0.69473299939721
AT3G53630,0.2803165276886417
AT3G53640,0.25125887597029867
AT3G53650,0.11833313719104342
AT3G53670,-0.07383432222734376
AT3G53680,0.22332251638818465
AT3G53690,-0.34819492407387986
AT3G53700,-0.2615167131370956
AT3G53710,-0.192776619815231
AT3G53720,-0.20640737503147266
AT3G53730,0.10274546659245691
AT3G53740,-0.04303957265647153
AT3G53750,-0.1943494074155524
AT3G53760,-0.3032394671956844
AT3G53770,-0.336638643417531
AT3G53775,-0.6884912571658375
AT3G53780,0.29739142577738936
AT3G53790,-0.2456745727616975
AT3G53800,-0.16867018735625905
AT3G53810,0.057798286860443075
AT3G53820,0.424528526161003
AT3G53830,-0.7727619267510842
AT3G53840,-0.14584909764526097
AT3G53850,0.07755568854640905
AT3G53860,0.17007186453059703
AT3G53870,0.4931603459012191
AT3G53880,0.17898237465969744
AT3G53890,-0.216567512009805
AT3G53900,0.36921026721870864
AT3G53910,-0.40036592598936804
AT3G53920,-0.22952041371017703
AT3G53930,0.09715101933282558
AT3G53940,-0.1429475541970799
AT3G53950,-0.11706255672174322
AT3G53960,-0.26090851546944704
AT3G53965,
AT3G53970,0.0720431414866946
AT3G53980,-0.3237357161604117
AT3G53990,-0.2038281997692755
AT3G54000,-0.14463931930553134
AT3G54010,-0.6515051149647986
AT3G54020,-0.020628258846192897
AT3G54030,0.03414771823490873
AT3G54040,-0.4224778094813874
AT3G54050,0.16840675946625241
AT3G54060,-0.19143068617539982
AT3G54065,-0.24712247731428164
AT3G54070,-0.1611816435032227
AT3G54080,-0.03274767773654073
AT3G08365,
AT3G54085,-0.3181121877485432
AT3G54090,0.10247749892712489
AT3G08370,0.0805423936117154
AT3G54100,-0.4813242088615236
AT3G54110,-0.0793769265640346
AT3G54120,-0.18060248833131815
AT3G54130,-0.295732637397384
AT3G54140,0.009108289742009992
AT3G54150,0.012124697462543858
AT3G54160,0.1112753170947687
AT3G54170,-0.38776944379759515
AT3G54180,-0.051188858733713524
AT3G54190,0.09369534671094262
AT3G54200,-0.032825208664490194
AT3G54210,0.4372044537961174
AT3G54220,0.07369508549820256
AT3G54230,0.055965452126020145
AT3G54240,0.1616079789866696
AT3G54250,-0.0658482965209628
AT3G54260,-0.11318876398634309
AT3G54270,0.11890506519398195
AT3G08380,-0.32057248565650703
AT3G54280,-0.285688803096134
AT3G54290,-0.48965146800015735
AT3G54300,0.09685265540630765
AT3G54310,0.12524571758695535
AT3G54320,0.14965813419095667
AT3G54340,-0.05529755767753527
AT3G54350,0.2947565990258605
AT3G54360,-0.3460723728223216
AT3G54363,0.38571686397463795
AT3G54366,0.6128737425368362
AT3G54380,-0.33736924212082803
AT3G54390,-0.34663634804276183
AT3G54400,0.07517773514403212
AT3G54410,-0.36807541001121963
AT3G54420,0.03508049294977768
AT3G54430,
AT3G54440,-0.4229311237472367
AT3G08390,-0.14189469186347614
AT3G08395,0.10636467910060222
AT3G54450,-0.2577152291631584
AT3G54460,-0.07093161385402613
AT3G54470,0.20555103434422414
AT3G54480,0.08036582214608086
AT3G54490,0.042025462037879935
AT3G08400,
AT3G54500,-0.013480961465607733
AT3G08405,
AT3G54510,0.14482227246949236
AT3G54520,0.32446178461118447
AT3G54530,0.5400128437091695
AT3G08410,0.030911822641998103
AT3G54540,-0.021442857266056124
AT3G54550,0.33756434689277653
AT3G54560,-0.03355657324875301
AT3G54570,0.16677320711350913
AT3G54580,-0.36254164074220085
AT3G54590,-0.15500398553690944
AT3G54600,0.15023904107770644
AT3G54610,0.41872805241757177
AT3G54620,-0.28257568406889605
AT3G54625,0.6640877068730693
AT3G54630,
AT3G54640,0.09087968125565604
AT3G54650,0.4093555784744766
AT3G54660,0.39974556048875926
AT3G54670,-0.23119958488912312
AT3G54680,0.04028587665308866
AT3G54690,-0.41052390365444
AT3G54700,-0.012455511841113764
AT3G54710,0.40599353137030925
AT3G54720,-0.4435908698863743
AT3G54730,0.3014007140267925
AT3G54740,-0.04131045497391072
AT3G54750,-0.3561228294428511
AT3G54760,-0.17436484452514925
AT3G08415,-0.01845760813626835
AT3G54770,0.06198147788585598
AT3G08420,0.25660732512637696
AT3G54780,-0.12994807568233424
AT3G54790,-0.3945019723988166
AT3G08425,
AT3G54800,-0.16421613995455972
AT3G54810,0.17035801750785312
AT3G54820,-0.3057375180573453
AT3G54826,0.442982379671747
AT3G54830,-0.1920793223700455
AT3G08430,0.334405350903113
AT3G08435,-0.44877124420268366
AT3G54840,-0.022622654655855
AT3G54850,-0.2706480999282971
AT3G54860,-0.22769358041072296
AT3G54870,0.8210961893299072
AT3G54880,-0.007743452555424964
AT3G54890,-0.616910198403174
AT3G54900,0.18320974146607338
AT3G54910,0.17619742794120585
AT3G54920,-0.03632706704526877
AT3G54925,-0.4115591725280246
AT3G54930,0.15289222907262986
AT3G54940,-0.5212007042142404
AT3G54950,-0.0386626160586179
AT3G54960,0.8139020673240491
AT3G54970,0.21213687232594894
AT3G54980,-0.028740059302717176
AT3G54990,-0.1754476894877537
AT3G55000,0.2104704075773251
AT3G55005,0.13167101130335293
AT3G55010,-0.599208410321859
AT3G55020,-0.5589572985121188
AT3G55030,0.5922384705779138
AT3G55040,0.2841484999012149
AT3G55050,-0.2735999638538231
AT3G55060,0.07554273588372633
AT3G55070,0.008098038534205996
AT3G55080,-0.01438276095416631
AT3G55090,0.3331935254141293
AT3G55100,0.04132972118465325
AT3G55110,-0.11878187509162345
AT3G55120,-0.4026262752504479
AT3G55130,-0.6297741567573603
AT3G55140,-0.44091288711761045
AT3G55150,0.5663473498034692
AT3G08450,
AT3G55160,0.06333927949923063
AT3G55170,-0.3912073341047707
AT3G55180,0.3727094176842042
AT3G55190,0.06343292622589904
AT3G55200,-0.2723985739164682
AT3G55210,0.2163069993489253
AT3G55220,0.420849991443381
AT3G55230,0.0830745768596002
AT3G55240,0.31028306534144173
AT3G08455,0.16693245956001573
AT3G08460,0.29056206322862405
AT3G08465,
AT3G55250,-0.03600957981677548
AT3G55252,0.4595411752408996
AT3G55254,0.1705422860284969
AT3G55260,0.4166136122386316
AT3G55270,0.39707051716666625
AT3G55280,0.47439391708382933
AT3G55290,-0.28286499045007335
AT3G55310,-0.13047938368684617
AT3G08470,
AT3G55320,-0.052821501528928026
AT3G08475,
AT3G55330,-0.11992798668774454
AT3G55340,-0.16813260154533496
AT3G55350,-0.2013025214498114
AT3G55360,-0.6618765072074981
AT3G55370,-0.6564398530559425
AT3G55380,-0.15160201270282728
AT3G08480,
AT3G55390,-0.43394474156853696
AT3G55400,0.034001635366466276
AT3G55410,-0.22103726158198653
AT3G55420,0.11737343496099517
AT3G55430,-0.34756518543828574
AT3G55440,-0.6360057618983659
AT3G55450,-0.2538332535175459
AT3G55460,0.0912525002050988
AT3G55470,0.027369518047228567
AT3G55480,-0.06327436769029174
AT3G55485,0.2114691915036052
AT3G08485,
AT3G55490,-0.39630921818352727
AT3G55500,-0.008929583534570516
AT3G55510,-0.2004691940225261
AT3G55513,
AT3G08495,0.07142479869666248
AT3G55512,0.12974728733117916
AT3G55515,-0.029959084309596564
AT3G55520,-0.1297922842724145
AT3G08515,
AT3G55530,0.15763904310760235
AT3G08525,
AT3G55540,0.3351985662469423
AT3G55550,-0.5004824181797507
AT3G55560,0.3542577646472147
AT3G55566,-0.08914220550469829
AT3G55570,0.02289246536276337
AT3G55580,-0.0791735273621062
AT3G08535,0.4831138726099718
AT3G55590,-0.4514008625366666
AT3G08545,0.16473846869349
AT3G55600,0.5449712556694578
AT3G55605,-0.14503991527355445
AT3G55610,-0.18390727874004453
AT3G55620,-0.3522145542212476
AT3G55630,-0.11204858874854985
AT3G55640,-0.2413661966103042
AT3G55646,0.18409815140761457
AT3G55650,0.19349375154583603
AT3G55660,0.23885577340684122
AT3G55665,0.2594469524629801
AT3G08575,
AT3G55670,0.2240432958165264
AT3G55672,0.14243523952874257
AT3G55677,0.33878906869148945
AT3G55680,0.2324285111252548
AT3G55690,0.06094574404109629
AT3G55700,-0.24951243210228094
AT3G55710,0.2622042635253756
AT3G55720,-0.19381310927640608
AT3G55730,-0.265668692770776
AT3G08585,0.0787787497102173
AT3G55734,0.12270093424585922
AT3G08595,-0.037758650135021
AT3G55735,-0.08011894564453002
AT3G55740,0.11621642619416289
AT3G55750,0.18362714380252804
AT3G55760,-0.36147273362893
AT3G55770,0.26690534035992786
AT3G55780,-0.47189414604943125
AT3G55790,-0.16962834278564967
AT3G55795,
AT3G55800,-0.7727411609442433
AT3G55810,-0.23135178206813262
AT3G55820,0.06506885654300869
AT3G55830,-0.18395737081732497
AT3G55840,-0.5965524598466047
AT3G55850,-0.38593231395227484
AT3G55860,0.1018062444570107
AT3G55870,0.023690424609770923
AT3G55880,0.0001453052348083192
AT3G08605,
AT3G08615,-0.10532012143388697
AT3G55890,-0.3791101065855447
AT3G55900,0.28828455583605944
AT3G55910,0.1326254428572943
AT3G55920,0.19866442132099874
AT3G55930,-0.44210323619793623
AT3G55935,-0.18531184802468853
AT3G55940,-0.038366961040402214
AT3G55950,0.5601685041681442
AT3G55960,0.043577516760560986
AT3G55970,-0.3917779883747889
AT3G55980,0.5126000754502101
AT3G55990,0.07769181150329603
AT3G56000,-0.38634117319638406
AT3G56010,0.40211369770193567
AT3G56020,0.16292746726405344
AT3G56030,0.22213691644709815
AT3G56040,-0.26616536687710396
AT3G08635,
AT3G56050,-0.27719092337486406
AT3G56060,-0.08908882636892448
AT3G56070,-0.3321769604110822
AT3G56080,0.031141286784815404
AT3G56085,
AT3G56090,0.2690263722967642
AT3G56100,0.08394781766366044
AT3G56110,-0.007572125457117233
AT3G56120,-0.5376848899163843
AT3G56130,-0.15145176030986846
AT3G56140,0.3429072550933486
AT3G56150,0.3589245233104591
AT3G56160,0.26985864690503153
AT3G56170,-0.0952010492445022
AT3G56180,-0.35801613131503207
AT3G56190,0.2643807287826239
AT3G56200,-0.3473124059856304
AT3G56210,-0.05403517597875882
AT3G56220,-0.33017615492315655
AT3G56230,0.11301247899471416
AT3G56240,0.31007702934546477
AT3G56250,0.08961836503131408
AT3G56260,-0.7919418105262076
AT3G56270,0.3725843734484869
AT3G56290,0.03303517829181548
AT3G56300,-0.33614405530672686
AT3G56310,-0.5246495654199304
AT3G08645,
AT3G56320,-0.033759291097728766
AT3G56330,0.22826522366454466
AT3G56340,0.03765918604162187
AT3G56350,-0.31683591187825333
AT3G56360,-0.45023751153755437
AT3G56370,-0.25326539171017654
AT3G56380,0.4704753168448492
AT3G56390,-0.7760088892572901
AT3G56400,-0.40843730896427194
AT3G56408,-0.15183192567716217
AT3G56410,
AT3G56420,-0.3631972177968487
AT3G56430,0.4778689999151741
AT3G56440,-0.4934433939889844
AT3G56450,-0.2931690867866497
AT3G08655,
AT3G56460,0.25180520289507363
AT3G08665,
AT3G56470,0.11574999044947178
AT3G08675,
AT3G56480,-0.19461108513967773
AT3G08685,
AT3G56490,0.2062102806484169
AT3G56500,0.06002611923624132
AT3G56510,0.4150098731672541
AT3G56520,0.12454535040329705
AT3G56530,-0.1909076602468049
AT3G56540,0.27400526572486494
AT3G56550,0.03742988516617258
AT3G56560,0.08731904997483787
AT3G56570,-0.009411257184897647
AT3G56580,0.6080156496681005
AT3G56590,0.2522418469043054
AT3G56600,-0.6793542931801236
AT3G56610,-0.1970889043498284
AT3G56620,-0.7069042693945484
AT3G56630,0.012583976514390664
AT3G56640,0.040778216050078746
AT3G56650,-0.0377583446488751
AT3G56660,0.016237528405467817
AT3G56670,0.49065300923148386
AT3G56680,0.2879193931926638
AT3G56690,-0.10125044807893874
AT3G56700,-0.09763181318716649
AT3G56705,-0.14295952849951493
AT3G56710,0.2927616643063625
AT3G56720,0.3490812381308388
AT3G56730,-0.11465042476638887
AT3G56740,0.26088345116509887
AT3G08695,
AT3G56750,0.05411330599281231
AT3G08705,
AT3G56760,-0.40547540196850385
AT3G08715,0.10222755557465799
AT3G08725,-0.020913982304343954
AT3G56770,0.16619821715958175
AT3G56780,-0.24733716876366096
AT3G56790,0.23099243288981705
AT3G56800,0.014936712817629129
AT3G56810,-0.1729682305677439
AT3G56820,0.5061454079632081
AT3G56825,0.252524676841182
AT3G56830,0.5863082987315374
AT3G56840,0.058002471317957896
AT3G56850,0.23464723194563794
AT3G56860,0.13730187947808867
AT3G56870,0.29437500950668816
AT3G08735,
AT3G08745,
AT3G08755,
AT3G56880,0.4653939533847189
AT3G08765,0.027138244581018177
AT3G08775,-0.0021098031666426094
AT3G56890,0.22646114920639676
AT3G56891,-0.023221246150989715
AT3G56900,0.13878467188879087
AT3G56910,0.3030056621929206
AT3G08785,
AT3G56920,0.36432962661118706
AT3G56930,-0.21123023193551632
AT3G56940,-0.49331073697061
AT3G08795,
AT3G56950,-0.005909063726372584
AT3G08805,
AT3G56960,-0.2482202241709454
AT3G56970,0.3134595219609612
AT3G56980,0.3096947283396837
AT3G56990,0.4693174106710076
AT3G57000,-0.1557422518967486
AT3G57010,0.23644433242421942
AT3G57020,-0.4711544912395518
AT3G57030,-0.4375357616877112
AT3G08815,0.08244754063501289
AT3G57040,0.3257490463866184
AT3G08825,
AT3G57050,-0.37106783058688114
AT3G57060,0.4840638332338186
AT3G57062,0.10037366677863584
AT3G08835,
AT3G57070,0.5582876817584468
AT3G57072,
AT3G57080,0.10223099296961854
AT3G57090,0.2867457217527529
AT3G08845,0.018857394205338614
AT3G08855,0.14471519711776243
AT3G57100,-0.20135091838473765
AT3G57110,0.28676926016982923
AT3G57120,-0.395961366320818
AT3G57130,0.006642297432961667
AT3G57140,0.370489041024596
AT3G57150,-0.10344078680625736
AT3G57157,0.21115787842719747
AT3G57160,0.23449887294074093
AT3G57170,-0.11730900287035664
AT3G57180,0.4929799441824113
AT3G57190,0.03543699875903919
AT3G57200,-0.04056161969320324
AT3G57210,0.5288164881907558
AT3G57220,0.35603582080415913
AT3G57230,-0.4063404427734494
AT3G57240,-0.16597372034253652
AT3G08875,-0.023810776367414847
AT3G57250,-0.43952139206502217
AT3G57260,-0.08090832634700365
AT3G57270,0.48318609405501295
AT3G57280,0.12540994501549238
AT3G57290,-0.01876109658124486
AT3G57300,-0.02888097012601294
AT3G57310,0.03514701740627799
AT3G57320,-0.10357071783517938
AT3G57330,0.013882967144714218
AT3G57340,-0.09044729014335623
AT3G08895,
AT3G57350,-0.24740580750847604
AT3G57360,0.23054113892489897
AT3G57370,-0.044392755386762565
AT3G57380,-0.024804906934475613
AT3G57390,-0.5594324654790085
AT3G08905,0.10559104681274208
AT3G57400,0.44860335208729796
AT3G08915,0.02102570841924796
AT3G08925,0.1955924131615811
AT3G57410,0.45308272020357204
AT3G57420,0.09064817259541362
AT3G57430,0.3407001379676754
AT3G57440,0.15724591015088898
AT3G57450,0.19479602904582977
AT3G57460,0.634835308080408
AT3G08935,-0.4111235725204692
AT3G57465,0.35895047478585757
AT3G57470,0.023440734864768515
AT3G57480,-0.07103192647370232
AT3G57490,-0.008376211438715066
AT3G57500,-0.32488519371604657
AT3G57510,0.23813488970731844
AT3G57520,-0.038860925534635674
AT3G57530,-0.03010672196527248
AT3G57540,0.5404602301519383
AT3G57550,-0.7166551260732491
AT3G57560,-0.16847955003320017
AT3G57570,-0.06839476862267134
AT3G57580,-0.011366165436217669
AT3G57587,0.3528330885652878
AT3G57590,0.16610471620757464
AT3G57600,-0.7318092724534621
AT3G57610,0.3505483437749106
AT3G57620,0.08944448749620494
AT3G57630,0.3502547138491363
AT3G57640,0.3280001925116885
AT3G57645,0.17238420437908372
AT3G57650,-0.06208171170262547
AT3G57660,-0.20413389213681818
AT3G08945,
AT3G57670,-0.13892707350844452
AT3G08965,0.29418307147021816
AT3G57680,-0.3611579231941253
AT3G57690,0.10365470557346551
AT3G57710,0.1757201717365491
AT3G57700,
AT3G08975,
AT3G57720,0.1388830098954098
AT3G57730,
AT3G57740,0.304766038693679
AT3G57750,0.02861001528891562
AT3G57760,0.1886578291965824
AT3G57765,0.19209979147902054
AT3G57770,0.15467917549177088
AT3G57780,0.14896574067893573
AT3G08985,0.10076086707086565
AT3G57785,0.09964111556384464
AT3G57787,
AT3G57790,0.12118696276132407
AT3G57800,0.3146941608314234
AT3G09005,
AT3G57810,-0.22163345493998826
AT3G57830,0.05890242086842853
AT3G57840,0.1507725158071921
AT3G09015,
AT3G57850,-0.016337568113530244
AT3G57860,-0.010404530306132304
AT3G57870,0.036366614215967104
AT3G57880,-0.05505696809987851
AT3G57890,-0.11167917645914091
AT3G57900,-0.06507138913464638
AT3G57910,0.3601986908686596
AT3G57920,
AT3G57930,-0.26953519369012563
AT3G57940,0.22507237078707404
AT3G57950,0.16090333295225745
AT3G57960,-0.27881254999154037
AT3G57965,-0.11377188872085733
AT3G57970,
AT3G57980,0.6234629351723905
AT3G57990,-0.18411696226903737
AT3G09025,-0.7857534409329127
AT3G58000,-0.2624617145421758
AT3G58010,-0.06181246928360223
AT3G58020,-0.07353379103812968
AT3G58030,0.07508206458691741
AT3G58035,0.5380169901208982
AT3G58040,0.2763388330623776
AT3G58050,-0.49600365967001625
AT3G58060,0.07182774836295096
AT3G09045,0.067307174019644
AT3G09065,0.10672591973518954
AT3G58070,0.16857172063901318
AT3G58090,0.17624305153652028
AT3G09075,0.08632493924557508
AT3G58100,-0.3212665835944001
AT3G58110,0.1420103465328937
AT3G58120,0.05070962501791093
AT3G09095,0.24740176717648496
AT3G58130,-0.13161913311917203
AT3G58140,-0.5784597895983734
AT3G58150,0.4464856483404807
AT3G58160,0.18223939476751969
AT3G58165,0.08260529476484296
AT3G58170,0.5038683281501728
AT3G58180,0.07710735183077976
AT3G58190,0.3874906509935677
AT3G09105,0.5063660731742854
AT3G58193,
AT3G58196,
AT3G58200,-0.07880243516847572
AT3G58210,0.00982492355143523
AT3G58220,0.2632639349018691
AT3G58230,0.3883324339287377
AT3G58240,0.11636776239046927
AT3G58250,-0.24843100653960143
AT3G58260,0.33175965564598847
AT3G58270,0.41804797656877285
AT3G58280,0.20498646918156238
AT3G58290,0.14568450385165269
AT3G58300,0.15770036938987173
AT3G58310,0.2016991481006501
AT3G58320,0.07819279946624441
AT3G58330,-0.17217943759078025
AT3G09115,0.23632087927115383
AT3G58340,0.5690309604438444
AT3G58350,0.14117193152395258
AT3G58360,0.3113380015263393
AT3G58370,0.2883024162173042
AT3G58380,0.22797587237624545
AT3G58390,-0.2777300607476062
AT3G58400,0.1361064446399318
AT3G58410,-0.09640673686934716
AT3G58415,-0.022200580897108968
AT3G09125,
AT3G58420,-0.5390282496400295
AT3G58430,0.33799011506965326
AT3G58440,0.23448262298958736
AT3G58450,-0.09531961482267425
AT3G58460,-0.154292989198008
AT3G58470,-0.004321942615276639
AT3G58480,-0.041925025654133925
AT3G58490,0.08609761072159738
AT3G58500,-0.42272002229975836
AT3G58510,-0.00930463101858962
AT3G58520,0.0033343180611539887
AT3G58530,0.3075355346154128
AT3G58540,0.09989018339713582
AT3G09135,
AT3G58550,0.06280379732232819
AT3G58560,-0.3979576004059649
AT3G58570,0.094732417891883
AT3G58580,-0.2715599041302608
AT3G58585,-0.0012225539326872876
AT3G58590,0.46544773168256265
AT3G58600,0.027796945592511554
AT3G58610,0.03640973133573397
AT3G58620,0.02939025224108811
AT3G58630,0.07349127255940648
AT3G58640,-0.7210346832237771
AT3G58650,-0.3046137887098457
AT3G58660,0.1304344537731751
AT3G58670,0.0884894291163184
AT3G58680,0.4412819796858036
AT3G58690,-0.6394355902691867
AT3G58700,0.33766729715632077
AT3G58710,0.1553341071995058
AT3G09145,
AT3G58720,-0.4112229794363772
AT3G58730,0.3619961950267435
AT3G58740,0.16440379804140562
AT3G58750,-0.2633220117840827
AT3G58760,-0.11413877796264407
AT3G58770,-0.07731117689357021
AT3G58780,0.023074073851735207
AT3G09155,
AT3G58790,0.33219480797768086
AT3G58795,-0.11591972683363043
AT3G58800,-0.1791691609933877
AT3G58810,-0.09370112232332777
AT3G58820,0.17031142108780103
AT3G58830,-0.022637574002362597
AT3G58840,0.3017265917663441
AT3G58850,-0.11814633432603255
AT3G58860,0.05181339623729369
AT3G58875,-0.08073649887664743
AT3G58877,-0.25378150407810585
AT3G58880,0.22565354271714208
AT3G58890,-0.09119763267915477
AT3G58900,-0.11904810242901369
AT3G58910,-0.13403202727228739
AT3G58920,-0.2653726575389386
AT3G58930,0.2118805620085894
AT3G58940,-0.01998501810268495
AT3G58950,-0.0021349651096964663
AT3G58960,0.2034649309477433
AT3G58970,0.5053091387761565
AT3G58980,-0.5405924180284184
AT3G58990,-0.17871260141450432
AT3G59000,-0.041697650138311323
AT3G59010,-0.11115202910598482
AT3G59020,-0.4985563493692553
AT3G59030,-0.3214617696770857
AT3G59040,-0.1912783505856397
AT3G09175,
AT3G59050,-0.05725724336062824
AT3G59060,0.2244453388630238
AT3G09185,0.18692848447631827
AT3G59068,0.1035457410982741
AT3G59070,0.03948263462437393
AT3G59080,0.7540894099717431
AT3G59090,-0.10126871979656388
AT3G59100,-0.18295688421010023
AT3G59110,-0.0155493014807181
AT3G59120,0.27591518210063576
AT3G59130,0.11041320775036884
AT3G59140,-0.010210942574074438
AT3G59150,-0.06616660424635303
AT3G59160,-0.029828322653698995
AT3G59170,0.26838912262621856
AT3G59180,0.2779818236264825
AT3G09195,0.11194314545680983
AT3G59190,0.08511760632321917
AT3G59200,-0.41687587064361464
AT3G59210,-0.2040730558373683
AT3G59220,-0.04849669738131598
AT3G59230,-0.7377873924738558
AT3G59240,0.29961291734801154
AT3G59245,0.07588773635988018
AT3G59250,0.5169647440386961
AT3G59260,0.0008733970239118674
AT3G59270,0.17185712806363085
AT3G59280,0.49434046869525305
AT3G59290,-0.10721518647149342
AT3G59295,
AT3G59300,-0.40499118931956757
AT3G59310,-0.11879347062121189
AT3G59320,-0.22793228668245485
AT3G59330,0.4946536651043127
AT3G59340,0.15329554415259392
AT3G59350,-0.26568803867074375
AT3G59360,0.10197812708859141
AT3G59370,0.016043703743232062
AT3G59380,0.08819542168679557
AT3G59390,0.14918428342698756
AT3G59400,-0.4675590974396583
AT3G59410,-0.16858025764661638
AT3G59415,
AT3G59420,-0.08531033094827255
AT3G59430,-0.08672621663630005
AT3G59435,-0.23272817492914752
AT3G59440,
AT3G59450,0.11909921371217708
AT3G09205,-0.5493728350393225
AT3G59455,0.014537236457507924
AT3G59460,0.2618629376364341
AT3G59470,-0.5868944354599538
AT3G59480,0.3621601579210323
AT3G59490,0.28455360548960335
AT3G59500,-0.08882806657260493
AT3G59510,-0.8678585506122363
AT3G59520,0.16948519235557916
AT3G59530,-0.23485701520436397
AT3G59540,-0.20005576207608794
AT3G59550,0.3758017907383125
AT3G59570,0.02002651645450586
AT3G59580,-0.24495795792124905
AT3G59590,0.25335752088659175
AT3G59600,0.025310356757633424
AT3G59610,-0.26553846922894925
AT3G59620,0.0021871517578829556
AT3G59630,0.1557591236625256
AT3G59640,0.3215793502811132
AT3G59650,-0.08903882521848974
AT3G59660,-0.42527614185674983
AT3G59670,0.010420383010579027
AT3G59680,0.03233814432864225
AT3G59690,0.4467215214654689
AT3G59695,
AT3G59700,-0.26121320986095575
AT3G59710,-0.1431200086325112
AT3G09225,
AT3G09245,0.046454568128266455
AT3G59730,0.15353033214725798
AT3G59740,0.3464024654701561
AT3G59750,0.3527764680325859
AT3G59760,0.4100655161232933
AT3G59765,0.005025201284071431
AT3G59770,0.23833349167345946
AT3G59780,0.07648400659919255
AT3G59790,-0.0015622036058657975
AT3G59800,-0.167859170834562
AT3G59810,0.24232596934660844
AT3G59820,0.29010395869086913
AT3G59830,0.33966561269230905
AT3G59840,-0.6873845010680703
AT3G59845,0.3076631316112964
AT3G59850,0.030006291165726357
AT3G59870,0.358867347121531
AT3G59880,-0.1400745445097671
AT3G59884,0.22965853071732442
AT3G59890,-0.21578956568161292
AT3G59900,0.18336743768533756
AT3G59910,-0.31416675623224904
AT3G09255,-0.08957323605718849
AT3G59920,-0.4353050334571663
AT3G59923,0.052577460450332826
AT3G59926,-0.12790151057791085
AT3G59930,-0.39031757452370114
AT3G09265,0.22807647157017027
AT3G59940,0.369786206426396
AT3G09275,
AT3G59950,-0.3674461858421087
AT3G09295,
AT3G59960,0.2968582335515813
AT3G59970,-0.1862556062686253
AT3G09305,
AT3G59980,0.5192171531604771
AT3G59990,-0.21903934149541857
AT3G60000,-0.08911961951327371
AT3G60010,-0.10603617662664153
AT3G60020,0.3082327507243769
AT3G60030,-0.015774482514227472
AT3G09315,0.011534480011658356
AT3G09325,0.11245026800928504
AT3G09335,-0.41049426615179974
AT3G09345,
AT3G60040,0.5811624607653878
AT3G60050,-0.133522286990268
AT3G60060,0.05533727851416908
AT3G60070,0.2842460575624511
AT3G60075,-0.026328477673690405
AT3G60080,-0.17439028762900294
AT3G60090,0.24522653765592073
AT3G60100,-0.007651232668111831
AT3G09355,0.023319353127491033
AT3G60110,0.11989002193850071
AT3G60120,-0.08904655686345525
AT3G60130,0.2905647086867891
AT3G60140,-0.1266459282641392
AT3G60150,-0.13574921618803304
AT3G60160,-0.4731458529879672
AT3G60176,-0.44909792221808587
AT3G60180,0.05324752212624794
AT3G60190,-0.039386633931595603
AT3G60200,0.47826837280105056
AT3G60210,0.29002328353511486
AT3G60220,-0.15440457898185367
AT3G60238,-0.20274897666451622
AT3G60240,-0.49668978855047907
AT3G60245,0.16201982837139822
AT3G60250,-0.24427198511297668
AT3G60260,0.4914533856605027
AT3G60270,-0.158778020845842
AT3G60280,0.4680611574259511
AT3G60286,0.2206146013233524
AT3G60290,0.14861019442652415
AT3G60300,0.10854071061575854
AT3G60310,-0.10646957802983355
AT3G60320,-0.1953894463586777
AT3G60328,
AT3G60330,0.04771806103285655
AT3G60340,-0.2759811300040283
AT3G60350,-0.05132807635638422
AT3G60360,-0.002643939694914528
AT3G60370,0.4340737359766509
AT3G60380,0.4658481166870182
AT3G60390,0.6786941049655737
AT3G09365,-0.3258295066768031
AT3G60400,0.023108600829267145
AT3G60410,-0.1558770307701438
AT3G60415,0.2436262047253934
AT3G60420,0.25719186186812787
AT3G60440,0.07504581649343578
AT3G09395,-0.0005702224995378717
AT3G60450,-0.19694859877694992
AT3G60460,-0.204216439676177
AT3G60470,-0.5191331473575711
AT3G60480,0.020204230099844102
AT3G60490,-0.4353435900970987
AT3G60500,-0.008172305808804313
AT3G60510,-0.7786857111151695
AT3G60520,0.370326710061071
AT3G09415,-0.01027202328256898
AT3G09435,
AT3G09425,0.27038921956463147
AT3G09445,0.42021067901411413
AT3G60530,0.12664167528092565
AT3G60540,-0.047221148592734526
AT3G09465,-0.08157911024490233
AT3G60550,0.019998634017033102
AT3G60560,0.1931845108907169
AT3G60570,-0.0294416255290719
AT3G60580,-0.8384535931607059
AT3G09475,-0.11716464644382765
AT3G60590,0.05318823950204911
AT3G60600,0.4311780950171434
AT3G60620,-0.11976681402590471
AT3G09485,-0.18364747699495582
AT3G60630,0.09513807242228633
AT3G60640,-0.24772300888443807
AT3G60650,-0.33428456486726404
AT3G60660,0.42017561345484306
AT3G60670,-0.3025900489153817
AT3G60680,-0.22090045189130172
AT3G60690,-0.18634454846448756
AT3G60700,-0.23491164179755908
AT3G60710,-0.3586549656399605
AT3G60720,-0.24970931630170093
AT3G60730,-0.031729187571334375
AT3G60740,-0.0382175782042661
AT3G60750,-0.4462911152049327
AT3G60760,0.3253097735914366
AT3G60770,-0.1205622967764145
AT3G60780,0.229362737054726
AT3G60790,0.02248994243701631
AT3G60800,0.383448677297803
AT3G60805,
AT3G60810,-0.2796057439701818
AT3G60820,-0.41679486192190895
AT3G60830,0.5063443930350574
AT3G60840,-0.05088657436331024
AT3G60850,-0.5279939855158322
AT3G60860,0.3672940772544676
AT3G60870,-0.35188914902994856
AT3G60880,-0.3064645722943492
AT3G60890,-0.13632095659811938
AT3G60900,0.5740040961283415
AT3G60910,-0.06726634198020673
AT3G09495,
AT3G60920,-0.09264346707330569
AT3G60940,0.09192107018875165
AT3G60950,-0.20679331807163448
AT3G60960,-0.17552382320867838
AT3G09515,
AT3G60961,0.05968177359693492
AT3G60966,-0.017096381629760914
AT3G09525,-0.0580770014898075
AT3G09545,
AT3G60970,0.36133099285141257
AT3G60972,0.17164736402552674
AT3G09555,-0.4530076720556205
AT3G60975,0.2339099114919797
AT3G60980,-0.11578230521447969
AT3G60990,0.3167079633994344
AT3G61010,-0.44907795189823935
AT3G61028,0.1046705817968055
AT3G61030,0.20702837507178354
AT3G61035,0.21030568187900764
AT3G61040,0.10168253264934232
AT3G61050,0.14232065986867073
AT3G61060,-0.019025744871909202
AT3G61070,-0.13508611236561677
AT3G61080,0.42806068988545803
AT3G61090,-0.05631778346129167
AT3G61100,0.03125671172281849
AT3G61105,
AT3G61110,0.2938441333736415
AT3G61111,-0.08654855868370036
AT3G61113,0.3241055792961512
AT3G09565,-0.16711524654062027
AT3G61117,0.26181558452356296
AT3G61118,0.19203277401491928
AT3G61120,0.18203158119824772
AT3G61130,-0.06702388162271634
AT3G61140,-0.0610593304740895
AT3G61150,0.05171566562158729
AT3G61160,0.07235579960100741
AT3G61170,0.5424583193371288
AT3G61172,0.403952925627999
AT3G61175,0.01670690739087516
AT3G61177,0.039042691096995236
AT3G61180,-0.2959146864951478
AT3G61182,-0.02244943976659583
AT3G61190,-0.19267756827960203
AT3G61198,-0.40180459278759184
AT3G61200,-0.3621291979507518
AT3G61210,-0.41540688561170097
AT3G61220,-0.07175669634063926
AT3G61230,0.20962776626731797
AT3G09575,
AT3G61240,-0.03430497291690008
AT3G61250,-0.049524141608412536
AT3G09605,0.13300937841559113
AT3G61260,0.09688346257287891
AT3G61270,-0.2020600842456867
AT3G09615,
AT3G61280,0.3265098786696719
AT3G61290,-0.5113360341747474
AT3G61300,
AT3G61310,-0.18422298057773792
AT3G61320,0.20563689133160656
AT3G61340,-0.12172908054828563
AT3G61350,0.09446978582058525
AT3G09625,
AT3G61360,0.18256908466099636
AT3G09635,
AT3G61370,0.1435729700303716
AT3G09645,
AT3G61380,-0.22416899471495383
AT3G09655,
AT3G61390,0.11691659478001612
AT3G61400,-0.21781191472835668
AT3G61410,0.3134756860813948
AT3G61415,-0.11615634719021203
AT3G61420,0.21725307710619257
AT3G61430,0.06617170253733883
AT3G61440,-0.12846581960060574
AT3G61450,-0.011958756428806278
AT3G61460,-0.334899422036227
AT3G61470,-0.7533100588333318
AT3G61480,0.005377247824918175
AT3G61490,0.012486210194399182
AT3G61500,-0.2034049545558558
AT3G61510,0.1897741552810352
AT3G61520,-0.667293043570425
AT3G61530,0.22151406485287742
AT3G61540,0.3914442153517664
AT3G61545,
AT3G61550,0.4585284981198752
AT3G61560,-0.7585506624199876
AT3G61570,-0.6077946121382258
AT3G61571,0.20860591001648918
AT3G61580,0.4621408744294404
AT3G61590,-0.1870844065967643
AT3G61600,-0.07156613681126522
AT3G61610,-0.11443766108471719
AT3G61620,0.36076433803814284
AT3G61630,0.15804379675914645
AT3G09665,-0.17372155881682083
AT3G09675,
AT3G61640,-0.2506370208463094
AT3G61650,-0.2938607056909301
AT3G09685,
AT3G61660,0.21334361551233938
AT3G61670,0.014290715144772901
AT3G61680,0.5666572037593677
AT3G61690,0.18085348849329727
AT3G09695,0.1251309326401826
AT3G61700,-0.350315796756393
AT3G61710,0.21751045743290773
AT3G61715,
AT3G61720,-0.019286394613912
AT3G61723,0.03878709183598933
AT3G09705,-0.19152913386181722
AT3G61730,0.2831034491069947
AT3G61740,-0.4543801504451419
AT3G61750,0.3101919962355416
AT3G61755,0.06358604911808342
AT3G61760,0.262707991717689
AT3G61770,-0.013831242288918938
AT3G61780,-0.5098042800575471
AT3G61790,0.03042660359881738
AT3G61800,0.26720694183291505
AT3G61810,
AT3G61820,0.11360423590109306
AT3G61825,
AT3G61826,0.03945156004930479
AT3G61829,0.15479711166537552
AT3G61830,0.029196489744448058
AT3G61840,-0.1420744795849184
AT3G61850,0.11435557002610529
AT3G61860,0.04227252090917626
AT3G61870,-0.34994953101053855
AT3G61880,0.013666211653834026
AT3G61890,-0.7639505085501983
AT3G61897,-0.2648229789217821
AT3G61898,0.17089258775903649
AT3G61900,0.2089873651797893
AT3G61910,0.4935477830432226
AT3G61920,-0.06459754741068419
AT3G61930,-0.12079722363696505
AT3G61940,0.26874822883599564
AT3G61950,-0.33881475896261415
AT3G61960,-0.0431360503180762
AT3G61962,-0.09227592227409817
AT3G61970,0.422310898323941
AT3G61980,0.23583743914505945
AT3G61990,-0.5386154088539638
AT3G62000,-0.6093244965419921
AT3G62010,0.02483596803132215
AT3G62020,-0.30966524132516704
AT3G62030,-0.05866495648372904
AT3G62040,0.2958418275726485
AT3G62050,0.04474490723471292
AT3G62060,-0.1798017836645766
AT3G62070,-0.11604775009321426
AT3G62080,-0.5390698545282445
AT3G09725,
AT3G62090,
AT3G09745,-0.08386270563508134
AT3G62100,-0.27288880095305273
AT3G62110,-0.4163996726378605
AT3G62120,-0.32112746368652634
AT3G62130,-0.23540803496307036
AT3G62140,-0.3609825778832582
AT3G62150,-0.38869818811330636
AT3G62160,0.2061465431129557
AT3G62170,-0.061611030785316254
AT3G62180,-0.22768635809310311
AT3G62190,0.5061176928427448
AT3G62200,-0.2152221063576063
AT3G09755,
AT3G62210,-0.48400653257105003
AT3G62220,-0.3499317835889559
AT3G62230,-0.33541378933803
AT3G62240,-0.13870520691499838
AT3G62245,
AT3G62250,-0.47998627016752754
AT3G62260,0.13971937138393312
AT3G62270,-0.11407520771036322
AT3G62280,0.12473259086223054
AT3G62285,0.04800190406284017
AT3G62290,0.12926623083792108
AT3G62300,0.13811101829673791
AT3G62310,-0.1025360222253857
AT3G62320,0.3529136365702338
AT3G62330,-0.696055971612075
AT3G09765,-0.028617275413728837
AT3G62340,0.5832431711411766
AT3G62350,0.24091399882274445
AT3G62360,0.47764354336685216
AT3G62370,0.4320600129011621
AT3G62380,-0.027534320098562447
AT3G62390,0.3331471206811469
AT3G62400,0.6313329539009218
AT3G62410,-0.01670231792315313
AT3G62420,0.12400124824500737
AT3G62430,0.04412257131246404
AT3G62440,-0.7066892834142431
AT3G62450,-0.0801108897754511
AT3G62460,-0.08500578139905
AT3G62470,0.28593142531674415
AT3G09775,0.25191340538469154
AT3G62499,0.09777860163015858
AT3G62500,0.2009676146358301
AT3G62510,0.5344809135290297
AT3G09785,0.18997300650844237
AT3G62528,0.04881507652359787
AT3G62530,0.46640520267616065
AT3G62540,0.07654897439655031
AT3G62550,0.18295421452164884
AT3G62560,-0.312927220948781
AT3G62570,0.5091830488256464
AT3G62580,-0.3028723483813831
AT3G09795,
AT3G62590,0.1696257706355168
AT3G09815,
AT3G62600,0.1710838790209798
AT3G62610,0.003105051432669085
AT3G62615,
AT3G09825,-0.7691841902063534
AT3G09835,0.24653311835305228
AT3G09845,-0.10620206130256948
AT3G62620,-0.18314895505815273
AT3G62630,0.43173726726693
AT3G62640,0.10053878269117657
AT3G62650,-0.0621337023051399
AT3G62660,0.1179779786665452
AT3G62670,-0.10183018993163681
AT3G09855,-0.12676792793406064
AT3G09865,
AT3G62680,-0.05383596740768326
AT3G62690,-0.18568848389539222
AT3G62695,
AT3G62700,-0.41465385284025574
AT3G62710,-0.2450909104420947
AT3G62720,-0.3884156769866188
AT3G62730,-0.1481746910913747
AT3G62735,0.30098498879273866
AT3G62740,-0.020319286850407448
AT3G62750,0.10306105011690364
AT3G62760,0.03795229120386253
AT3G62770,0.4840790522778949
AT3G62780,0.28125800653393823
AT3G62790,-0.08090791534179136
AT3G62800,-0.33624589851277226
AT3G62810,0.06342840995963839
AT3G62820,0.35580198846782657
AT3G62830,0.061607221141721624
AT3G09875,
AT3G62840,0.3915207103181445
AT3G62850,-0.24655649063592736
AT3G62860,-0.14794665779301358
AT3G62870,0.3057501823214565
AT3G62880,-0.5950907217836313
AT3G62890,-0.005896028894009092
AT3G62900,-0.43615926966220836
AT3G62910,-0.1412578783072811
AT3G62920,0.5854533112020488
AT3G62930,0.19195119870066074
AT3G62940,-0.09367806562571795
AT3G62950,-0.026578103086966984
AT3G62960,-0.5434406566001913
AT3G62970,0.3089047979119701
AT3G62980,-0.08850850298948633
AT3G62990,0.11912115674523481
AT3G63000,-0.2522549536288069
AT3G63003,0.07361030558647517
AT3G63006,0.13787167649416182
AT3G63010,0.23580391558132735
AT3G63020,-0.20804220296928172
AT3G63030,0.03250389468697998
AT3G63040,0.1838856733022074
AT3G63050,-0.16131710903446825
AT3G63052,-0.513121430754388
AT3G63060,0.28656843704729734
AT3G63070,-0.15309035569457027
AT3G63080,-0.007971405675374098
AT3G63088,0.14075357538583716
AT3G63090,0.23844941125548466
AT3G63093,-0.25994236980045327
AT3G63095,
AT3G63110,0.26724764463378786
AT3G63120,0.062361014242932875
AT3G63130,-0.22650122587643556
AT3G09895,
AT3G63140,-0.6197008793663922
AT3G09905,
AT3G63150,-0.727878830313014
AT3G63160,0.23772091785020835
AT3G63170,0.16798900153670124
AT3G63180,0.15577413542177165
AT3G63190,0.2439661881995673
AT3G63200,0.06422774108113243
AT3G09935,0.23679563382739333
AT3G63210,0.0035464448606726253
AT3G63215,
AT3G63220,-0.1850069848499403
AT3G63230,0.4818256477727641
AT3G63240,-0.1275402174411859
AT3G09945,-0.07658992851738518
AT3G63250,0.36204485954704296
AT3G63255,
AT3G63260,0.020994346509873894
AT3G63270,0.030779471873544725
AT3G63280,0.41624190540429534
AT3G63290,0.3030160731914594
AT3G63300,0.16225100724464314
AT3G63310,0.31450758332337025
AT3G63320,0.27050664334605107
AT3G63340,-0.2574216844622509
AT3G63350,-0.05750659855666272
AT3G63360,0.24023569573509784
AT3G63370,-0.185771082338351
AT3G63375,0.8367696917720764
AT3G63380,-0.13585038490844198
AT3G63390,-0.49733889471645537
AT3G63400,0.23113229465454155
AT3G09955,
AT3G63410,0.43397665085610543
AT3G63420,-0.018472103859125743
AT3G63430,-0.16049511236990227
AT3G63445,0.8223075530814116
AT3G63440,-0.2118913660586975
AT3G63450,0.28200375969307
AT3G63460,-0.20634428897757864
AT3G63470,-0.0935716617167485
AT3G09965,
AT3G63480,0.07116488347006752
AT3G63490,0.33422600694512494
AT3G09985,
AT3G63500,0.28746154081442593
AT3G09995,
AT3G63510,-0.31855172498322243
AT3G63520,-0.34634787782529364
AT3G63530,0.09808386195173546
AT3G63540,0.04461792643829218
AT4G00005,0.3026836314577467
AT4G00020,0.008790043605527475
AT4G00026,-0.024452140243886464
AT4G00030,-0.38896506346096527
AT4G00040,0.1702258984730367
AT4G00050,-0.43845358723548905
AT4G00060,0.13032554017067446
AT4G00070,-0.5981892451916736
AT4G00080,-0.20500194168781094
AT4G00085,-0.0803142490236853
AT4G00090,-0.4976719791448868
AT4G00100,-0.28938361911076177
AT4G00110,0.16533193749033348
AT4G00120,-0.5893670308174976
AT4G00130,0.007370637487656333
AT4G00140,-0.2660265720422105
AT4G00150,-0.14820470720303522
AT4G00155,-0.10363142580766892
AT4G00160,-0.38974846232368393
AT4G00163,-0.45252724359888075
AT4G00165,-0.11433117656980185
AT4G00170,0.6053487719426752
AT4G00180,0.012062077127049061
AT4G03525,0.17608423563619777
AT4G00190,-0.22014441709413166
AT4G00200,0.04150527064320361
AT4G00210,0.23419414278037914
AT4G03535,0.10365700166324027
AT4G03545,
AT4G00220,0.12258483243602296
AT4G00230,-0.3702316598030507
AT4G00231,0.007923992093769653
AT4G00232,-0.27368418579952475
AT4G00234,-0.713428682395675
AT4G00238,0.02043875657975935
AT4G00240,-0.5176752169885908
AT4G00250,-0.14450329484895566
AT4G00260,0.318682785368323
AT4G00270,0.05170312373453107
AT4G00280,-0.06538869868551957
AT4G00290,-0.2916991477402395
AT4G00295,0.23205454647549562
AT4G00300,0.043834870792907925
AT4G00305,-0.5932426222364025
AT4G03555,0.4747755147886639
AT4G03575,
AT4G00310,-0.6633566982665604
AT4G00315,0.02528744680517307
AT4G00320,-0.09976332482391506
AT4G00330,-0.129758518960042
AT4G00335,0.20538387035855044
AT4G00340,0.10975215971888597
AT4G00342,0.053694621811543074
AT4G00350,0.11113663759352028
AT4G00355,0.023522047440494367
AT4G00360,0.12060656645037142
AT4G03585,
AT4G00370,0.0035511647747635236
AT4G03595,
AT4G00380,0.1963757264664707
AT4G00390,-0.01574666013905555
AT4G00400,-0.5198836989460796
AT4G03605,0.04096326434555182
AT4G00416,0.26183618508979817
AT4G00420,-0.18243995749732472
AT4G00430,-0.412958391661355
AT4G00440,0.4206402291116637
AT4G00450,-0.269315217434465
AT4G00460,0.15634182204775926
AT4G00467,0.2668834901177642
AT4G00480,0.3091059338313512
AT4G00490,-0.16985029561159795
AT4G00500,-0.25667478048728254
AT4G00520,-0.23906408670323945
AT4G03655,
AT4G00525,-0.5083115885562736
AT4G00530,-0.40556149379920775
AT4G00540,-0.21027712808449764
AT4G00550,-0.16538332521197877
AT4G00560,0.3630293606561067
AT4G00570,-0.029432420551239322
AT4G03665,0.47171128182748645
AT4G00580,0.5528082200847081
AT4G00585,-0.42471005684287527
AT4G00590,-0.2864447162153556
AT4G00600,0.3053200688569963
AT4G00610,0.16694189878567886
AT4G00620,0.2282315456297305
AT4G00630,0.2105641656626956
AT4G00650,-0.5826718894422178
AT4G03675,
AT4G00651,-0.12277417309638336
AT4G03685,
AT4G00660,-0.27552484575188874
AT4G03705,
AT4G00670,-0.074324991152136
AT4G00680,0.2701277979492689
AT4G00690,-0.2089052303022864
AT4G03715,
AT4G00695,0.6901353107746642
AT4G00700,0.011318336570867709
AT4G00710,-0.11020872739170381
AT4G00720,-0.47691551804578014
AT4G00730,0.0845808776164731
AT4G00740,-0.12427355697695733
AT4G00750,-0.07397116532333993
AT4G03725,
AT4G00752,0.0010359653481307118
AT4G00755,-0.6016018279868577
AT4G00760,-0.25953198876795625
AT4G03755,
AT4G00770,
AT4G00780,0.2883862990877748
AT4G00800,-0.03168580987372958
AT4G00810,-0.29979597784547274
AT4G00820,0.16034930958653446
AT4G00830,-0.10097303002377116
AT4G00840,0.12549139916975632
AT4G00850,0.005618385726835525
AT4G00860,0.4535092922799351
AT4G00870,0.15824381254230455
AT4G00872,0.13244341257217374
AT4G00880,-0.008277387617744028
AT4G00883,
AT4G00885,0.13183281716960005
AT4G00890,-0.5289102647725676
AT4G00889,
AT4G03765,-0.5188305749863774
AT4G00893,0.43822246969696765
AT4G00895,-0.10535912746287635
AT4G00900,-0.3019411799777354
AT4G00910,0.1596420715418511
AT4G00905,
AT4G00920,-0.1389981460552329
AT4G00925,
AT4G03785,
AT4G00930,-0.5193241024919536
AT4G00940,-0.3107173306892978
AT4G00950,-0.45430110276078156
AT4G00953,0.33104133256030027
AT4G00955,0.011743622416437753
AT4G00960,-0.4972886822228941
AT4G00970,-0.11848345637292607
AT4G00975,0.715317791137294
AT4G00980,-0.31667173539538
AT4G00985,0.007661861805549506
AT4G03805,0.06761921799679135
AT4G03815,
AT4G00990,-0.20709292490485567
AT4G01000,-0.31318147010127984
AT4G01010,0.46934601083950267
AT4G01020,0.1978185760527647
AT4G01023,0.06923989566292223
AT4G01026,-0.19769135313958364
AT4G03845,
AT4G01030,-0.38530958456743053
AT4G01037,0.3977171644424131
AT4G01040,-0.45944656297494774
AT4G01050,0.1511031124812476
AT4G01060,0.05121498171632147
AT4G01070,-0.06448959843379505
AT4G01080,0.21754287107113113
AT4G03855,0.09341461715375314
AT4G01090,-0.1316961887225003
AT4G01100,-0.4854186825113911
AT4G01110,0.23178881058171374
AT4G01120,-0.3527646242961765
AT4G01130,-0.49886751848764294
AT4G01140,-0.018928575440407647
AT4G01150,-0.04564560080224519
AT4G01160,-0.1290374353573849
AT4G01170,-0.19640334611422727
AT4G01180,-0.27625617592047413
AT4G01190,0.033480326242828116
AT4G01200,-0.4362425551159422
AT4G01210,0.10570984825498791
AT4G01220,-0.2374597605336469
AT4G01230,-0.0023898480627781676
AT4G01240,-0.29887638802407834
AT4G01250,-0.2817465811342219
AT4G01245,0.16715662383526877
AT4G01260,-0.06283218824405838
AT4G01270,0.005239935268218259
AT4G01280,0.18054808197761257
AT4G01290,-0.2993446277337445
AT4G01310,0.05543461197599692
AT4G01320,0.28492497411728673
AT4G01330,-0.44334437672913923
AT4G01335,0.06811998963292822
AT4G01340,0.28206594689948833
AT4G01350,-0.4162444132357518
AT4G01355,
AT4G01360,0.22816680645645646
AT4G01370,-0.11512962560007277
AT4G01380,
AT4G01390,-0.28645478537277286
AT4G01395,-0.33487189412589496
AT4G01400,-0.17033689879361857
AT4G01410,0.30257837398392706
AT4G01420,0.46399301434326734
AT4G01430,-0.3696925010874332
AT4G01435,-0.11817334724310545
AT4G01440,-0.19003284447255747
AT4G01450,-0.18910394943746578
AT4G01460,0.18339975119960117
AT4G01470,-0.08701333298344162
AT4G01480,-0.43255226054964835
AT4G03875,-0.09333442058570614
AT4G01500,0.13931646087091792
AT4G01510,0.09992991217616996
AT4G01516,
AT4G01520,-0.4109386277145555
AT4G01533,-0.09741111571886077
AT4G01535,0.14735317230931544
AT4G01540,-0.43910810723056815
AT4G01550,-0.5174336341518184
AT4G01560,-0.18855182501755463
AT4G01570,-0.23884159220309506
AT4G01575,
AT4G03895,0.056167987591731
AT4G01580,0.23304333523558735
AT4G03905,-0.6596626434700023
AT4G03915,
AT4G03925,-0.5077088682786803
AT4G01590,0.135620244908819
AT4G01593,0.008251803353414813
AT4G01595,
AT4G01600,0.23198170614385946
AT4G01610,-0.046626222676639996
AT4G01630,0.11764690853356934
AT4G01640,0.19146548865065197
AT4G01650,0.10664469975041463
AT4G01660,0.29577697051427715
AT4G01670,-0.16101373906695443
AT4G03955,
AT4G01671,0.23435224889403863
AT4G01680,-0.15349559028135515
AT4G01690,-0.6116046597306081
AT4G01700,0.09781678938548587
AT4G03985,
AT4G01703,0.046092638722454456
AT4G01710,-0.5596750546820496
AT4G01720,-0.5132681154651043
AT4G01730,0.028230620551876678
AT4G01735,-0.2555870365240563
AT4G01740,0.4497082582612673
AT4G01750,-0.03076686223060246
AT4G01760,0.42044279823521025
AT4G01770,-0.09228782944717351
AT4G01780,-0.12423983707274566
AT4G01790,-0.4386367974796252
AT4G01800,-0.3830770551267022
AT4G01810,-0.4028875187374828
AT4G01820,-0.0013994748196420324
AT4G01830,-0.45859325421197955
AT4G01840,-0.45790488664263684
AT4G01850,0.45378689270478867
AT4G01860,-0.33498540405466154
AT4G01865,0.10566861129381437
AT4G01870,0.39927922296916846
AT4G01880,0.43509469423455893
AT4G01883,0.41047243836399333
AT4G03995,0.09294203630460039
AT4G01890,-0.07158044278999476
AT4G01895,0.24960796355273887
AT4G01897,0.4573456264554775
AT4G04005,
AT4G01900,-0.1963022016079108
AT4G01910,0.5495110403622508
AT4G01915,-0.15412563659460501
AT4G01920,-0.5467214278718678
AT4G01925,-0.2583164791412394
AT4G04015,0.04590908755201229
AT4G01930,0.2228538517249898
AT4G01935,-0.04177807563810618
AT4G01940,-0.4627357226117718
AT4G04035,
AT4G01950,-0.2248278856276847
AT4G01960,0.3812729060237284
AT4G01970,0.010069371951662309
AT4G01985,0.08042789414401344
AT4G01990,-0.043032283724075214
AT4G01995,0.029264806557101248
AT4G02000,-0.09092486371540467
AT4G02005,-0.08430523910742309
AT4G02010,0.27644621244256895
AT4G02020,0.09521892239079738
AT4G02030,-0.052672867921051886
AT4G04055,0.18759463219049566
AT4G02040,
AT4G02050,0.09716168072729792
AT4G02060,0.09525784343578739
AT4G02055,
AT4G02070,-0.22597093112129688
AT4G02075,0.1494219799935272
AT4G02080,-0.48948132124013694
AT4G02090,-0.29540416510337036
AT4G02100,-0.4152301606493126
AT4G02110,-0.38713192065186
AT4G02120,0.06344232132445118
AT4G02130,-0.46085993430536254
AT4G02140,-0.003488239082121991
AT4G04065,
AT4G02150,-0.21546952042807604
AT4G02160,0.22446086695062492
AT4G02170,-0.21573696901443581
AT4G02180,-0.13238499862130182
AT4G02190,-0.2371486750632643
AT4G02195,-0.0801386851041727
AT4G02200,0.2706121582937814
AT4G04075,
AT4G02210,-0.1945965558206286
AT4G02220,0.254678053320859
AT4G02230,-0.551321378763095
AT4G02235,0.2513688661784617
AT4G02250,0.41103988194004715
AT4G02260,-0.2325693663015418
AT4G02270,0.2826774152654767
AT4G02280,0.008604402368744908
AT4G02290,-0.07086283650888543
AT4G04085,0.34579316329788296
AT4G02300,-0.30960786521649153
AT4G02310,-0.48176638959841833
AT4G02320,0.37839035315813785
AT4G04095,
AT4G04115,0.21213197160969952
AT4G02330,-0.4074589775873478
AT4G02340,0.3047476180769052
AT4G02350,-0.10402810981913871
AT4G02360,0.15620497801515396
AT4G02370,-0.3814772303973328
AT4G02380,0.20171597615296288
AT4G04125,
AT4G02390,0.02404743001942085
AT4G02400,0.19000505834721557
AT4G02405,-0.4118144394178165
AT4G02410,-0.026077717372874173
AT4G02420,0.5058328235384171
AT4G02425,-0.12410852505612086
AT4G02430,-0.19491931453788314
AT4G02440,0.3614715512899885
AT4G02450,0.1355555151104602
AT4G04135,
AT4G02460,-0.43823943805517973
AT4G02465,-0.08901191221608629
AT4G02480,0.015422173631496693
AT4G02482,0.4031969575080317
AT4G02485,-0.46924157232553965
AT4G02489,-0.01993336957029184
AT4G02500,0.7123184988813114
AT4G02510,-0.35019452322562444
AT4G02520,-0.20246081468398083
AT4G02530,0.23052625287143164
AT4G04185,
AT4G04195,0.30567467676805105
AT4G02540,-0.20051501800386368
AT4G02541,0.5515192584475214
AT4G02550,0.022633907431337256
AT4G02555,0.6552765383837735
AT4G04205,0.350819173065995
AT4G02560,-0.7464508512381063
AT4G02570,0.32445199440181616
AT4G02580,-0.6497531874061327
AT4G02590,-0.4906201289775913
AT4G04215,0.2663430480766358
AT4G02600,-0.3108361471643257
AT4G02610,0.30303237222124674
AT4G02620,0.07560129975974798
AT4G04225,
AT4G02630,0.15300116058910343
AT4G02640,-0.017988419668929476
AT4G02650,-0.13833449356958735
AT4G02655,0.4554244486809198
AT4G02660,0.41976917507192496
AT4G02670,-0.05925672914188642
AT4G04235,
AT4G02680,0.275059354450792
AT4G02690,-0.05112471275804026
AT4G02700,-0.4019221686163743
AT4G02710,0.37941310470482714
AT4G04275,
AT4G02715,-0.5045838709643505
AT4G04285,
AT4G02725,0.06270516108584219
AT4G02720,
AT4G02730,0.21353193081911806
AT4G04295,0.18070388301040582
AT4G02733,0.3106148758820317
AT4G02735,0.1419857495833775
AT4G02740,0.20158872233868544
AT4G02750,0.16079155637054243
AT4G02760,0.1475106763325642
AT4G02770,-0.056295599201485934
AT4G02780,-0.08306549933325111
AT4G02790,-0.04723636846011278
AT4G02800,-0.07731373942583024
AT4G02810,-0.3841756997411602
AT4G02820,-0.41777640923687476
AT4G02830,-0.47262684596820526
AT4G02840,0.038331712772294274
AT4G02850,-0.46403949814959405
AT4G02860,-0.7503063623307688
AT4G02870,0.22582642673738368
AT4G04305,0.10586374409813329
AT4G02880,-0.4652503459544199
AT4G04325,
AT4G02890,-0.551377392626477
AT4G04335,
AT4G02900,0.1924790324938572
AT4G04345,
AT4G02910,0.39376239228600746
AT4G02920,-0.6282499433911002
AT4G02930,0.09975252712768472
AT4G04355,0.09264144492136124
AT4G02940,-0.024247677795743675
AT4G02950,-0.07475331988609968
AT4G02970,0.4333271132700744
AT4G02980,0.7816451990149995
AT4G02990,0.7547442339799989
AT4G03000,-0.6215503583880911
AT4G03010,0.28326853862270407
AT4G03020,0.12982485416430856
AT4G03030,0.16623222952889719
AT4G03038,0.09532149744593027
AT4G03039,
AT4G04365,
AT4G03040,0.36227054356526067
AT4G03050,0.0439655705887681
AT4G04385,0.2840036970691249
AT4G03070,0.18784595881045243
AT4G03080,-0.6105418843045856
AT4G04425,
AT4G03090,-0.2234798247874015
AT4G03100,0.021664426043401082
AT4G03110,0.6405852584312732
AT4G03115,-0.3358087680589907
AT4G03113,
AT4G03120,0.10611719620264212
AT4G03130,-0.03509439713674868
AT4G03135,
AT4G03140,-0.5898258600252699
AT4G04435,
AT4G03150,-0.33383035744534595
AT4G03153,0.15225243546540337
AT4G03156,0.07826914366591073
AT4G03157,0.23061032137884266
AT4G03160,0.44874704515544495
AT4G03165,-0.018200118365263165
AT4G03170,0.11088548262706135
AT4G03175,0.027485147139371793
AT4G03180,0.07102522265481984
AT4G04445,
AT4G03190,-0.5120403369470181
AT4G04455,
AT4G03200,-0.30454911086140746
AT4G03205,-0.302745746326112
AT4G03210,-0.9018314842102455
AT4G03220,0.0738045705548899
AT4G03230,0.2722343189894496
AT4G03240,0.2094130869255398
AT4G03250,-0.29292191808276624
AT4G03260,-0.2886589422312523
AT4G03270,0.1833727115492245
AT4G03280,0.32081453424008755
AT4G03285,-0.427552551799661
AT4G03290,0.25810884850172355
AT4G03292,0.013333491487316407
AT4G04465,0.2328966360065571
AT4G03295,-0.23950295081476075
AT4G04475,0.010040980683433108
AT4G04485,0.015024240287737894
AT4G03298,0.036412395816728886
AT4G03320,-0.6908793757966921
AT4G03330,0.06321852259755716
AT4G04505,
AT4G03340,0.1423413515120409
AT4G04515,
AT4G04535,-0.0667135466267444
AT4G04565,-0.0443960507788283
AT4G04585,0.24197929747847954
AT4G03350,-0.43965906898226953
AT4G03360,0.13798926721414784
AT4G03370,-0.0393598741022744
AT4G04615,0.04687592409501624
AT4G03380,-0.24837134513007753
AT4G03390,0.08140421604315243
AT4G04625,0.40505373489605123
AT4G03400,-0.23141793627791796
AT4G03410,-0.3558692147203146
AT4G03405,
AT4G03415,0.304527975999521
AT4G03420,-0.178010521946659
AT4G03430,-0.3289569182015675
AT4G03435,0.411101973854311
AT4G03438,-0.12064927506286836
AT4G03440,-0.16945510642454875
AT4G03443,0.2555133211612448
AT4G03445,-0.0907777457164344
AT4G03450,0.01732720888630772
AT4G04645,-0.4938889513092201
AT4G03455,0.1015636028557291
AT4G03460,-0.3082161854975618
AT4G03470,-0.18008674570882427
AT4G03480,0.022917668449527348
AT4G03490,0.04952523532821309
AT4G03495,
AT4G03500,0.1735342428790983
AT4G03505,0.13916991303608636
AT4G03510,-0.46745742602778834
AT4G03520,0.1574970772273377
AT4G03540,-0.32825266176549056
AT4G03550,-0.33570503309945143
AT4G03560,0.3721667853961942
AT4G03565,-0.0008313171885428976
AT4G03566,0.15897825438362345
AT4G03570,-0.6162051417424594
AT4G03580,-0.681782518007891
AT4G03590,-0.08046888618675431
AT4G03600,0.2642772938162728
AT4G03610,0.4351535946454824
AT4G03620,-0.2625715585231764
AT4G03625,
AT4G03630,-0.10657675721333959
AT4G03635,-0.03793333713750226
AT4G04665,0.3240688908200156
AT4G03645,-0.08974084027995208
AT4G03728,-0.22107405821217985
AT4G03740,0.20723023835559076
AT4G03811,0.018954103101032932
AT4G04675,-0.37442480799589534
AT4G03820,-0.15757293851126503
AT4G04755,-0.6985937120596222
AT4G04765,
AT4G03830,-0.6365726628671025
AT4G03935,0.24561411774632458
AT4G03930,0.4859351529862179
AT4G03940,-0.2953329934523801
AT4G03945,0.1884720437923818
AT4G03950,0.08793765963946704
AT4G03960,-0.12429220317408388
AT4G03965,0.11737053712530196
AT4G04020,-0.6248013925335938
AT4G04025,0.2862312632392814
AT4G04030,-0.19206125779500113
AT4G04040,0.2798895889739886
AT4G04077,0.10722875105902123
AT4G04078,
AT4G04080,-0.06229683969293555
AT4G04090,0.24148724073537803
AT4G04110,-0.5710677055124891
AT4G04785,0.15889868723294906
AT4G04180,-0.26244171999789634
AT4G04190,0.49029368187176425
AT4G04200,0.08131310638307278
AT4G04210,0.43854398082595497
AT4G04220,
AT4G04221,-0.33715726157740855
AT4G04223,-0.25770830445999504
AT4G04260,0.0891057220873586
AT4G04265,0.23348617558373308
AT4G04795,-0.1467716497076389
AT4G04805,-0.2829636616764136
AT4G04315,0.4305881734000969
AT4G04320,-0.16566227373763046
AT4G04330,-0.32003273157094286
AT4G04340,-0.5466237890313872
AT4G04350,-0.4020598338331653
AT4G04360,0.26149922784401275
AT4G04370,-0.02602103355690047
AT4G04402,0.11226836479256609
AT4G04404,-0.03976366930877872
AT4G04815,0.42556933363582444
AT4G04825,-0.012364972310362586
AT4G04835,-0.3764571806774119
AT4G04855,0.2890513084588303
AT4G04865,-0.40535699717447227
AT4G04415,-0.12256259594664985
AT4G04875,
AT4G04895,0.2191270796905814
AT4G04423,0.15916078278372398
AT4G04450,-0.4618496774838454
AT4G04460,-0.009877713128315162
AT4G04470,0.010061333812745382
AT4G04480,-0.09650886825317587
AT4G04490,0.24905401124101484
AT4G04500,-0.1723046529812942
AT4G04510,0.14307102735189137
AT4G04540,-0.4238561849882448
AT4G04555,0.0881638742853176
AT4G04570,-0.3021974634115705
AT4G04580,-0.11062024133757035
AT4G04601,-0.26621928254050936
AT4G04605,0.10337361840733736
AT4G04905,0.19789361609800918
AT4G04610,-0.3689484845304101
AT4G04614,-0.022342698325840838
AT4G04620,-0.48756229972534243
AT4G04630,-0.12631554116681837
AT4G04632,-0.1294894778531937
AT4G04640,0.0960703071335294
AT4G04650,-0.1455927500752495
AT4G04945,-0.0408465733850058
AT4G04670,-0.41030027680385533
AT4G04680,0.11006895150168337
AT4G04690,0.18377611738433625
AT4G04695,0.07258571091896826
AT4G04700,-0.45640684610435034
AT4G04710,-0.04146113451907585
AT4G04720,-0.018842390608161747
AT4G04730,-0.37324859302715946
AT4G04740,-0.6054264557720872
AT4G04745,-0.141580865114964
AT4G04965,0.4836381700702973
AT4G04750,-0.2661017208135539
AT4G04760,0.04176305166390318
AT4G04770,-0.5059131340231899
AT4G04775,0.17569849600585088
AT4G04780,0.1443514984597145
AT4G04975,0.12922854573238954
AT4G04790,0.22123104279794664
AT4G04800,-0.07107001723830897
AT4G04810,-0.38009803886915505
AT4G04830,0.12371798449694077
AT4G04995,0.1306707754110758
AT4G04840,-0.5023306052253278
AT4G05005,-0.059968106711695786
AT4G04850,0.28734097761074406
AT4G04860,0.3780954324313795
AT4G05015,
AT4G04870,0.410773578799475
AT4G04880,-0.1658678480506146
AT4G04885,-0.4155705621460965
AT4G04890,0.19307466114731453
AT4G04900,0.39180872641431796
AT4G04910,0.433996556149317
AT4G04920,0.03448468804319204
AT4G04925,-0.22416531127481404
AT4G04930,-0.15097652744968165
AT4G04940,-0.08675953094515579
AT4G04950,-0.2620334028184932
AT4G04955,-0.3052154852796069
AT4G04957,-0.06038889177915085
AT4G04960,-0.05922414120787555
AT4G04970,0.5663175301578994
AT4G04972,0.09847458594276459
AT4G04980,0.12406585164604945
AT4G04985,0.1742548802371822
AT4G04990,0.051024805641559395
AT4G05000,-0.5378201853983583
AT4G05010,-0.5744315931729657
AT4G05018,0.4559055655675812
AT4G05020,-0.4207568669544225
AT4G05030,0.10137186099581412
AT4G05040,0.08816187070930473
AT4G05025,0.16747942193636606
AT4G05045,0.29409525189830693
AT4G05055,0.11300439408934831
AT4G05048,0.03684260200430292
AT4G05050,-0.10640819015959352
AT4G05060,0.1370921094689553
AT4G05065,
AT4G05070,0.06626244365179493
AT4G05071,0.06830344672214249
AT4G05080,-0.1674451601149777
AT4G05090,-0.07923993814523123
AT4G05091,0.23590364116395426
AT4G05095,-0.05476465483137972
AT4G05097,-0.49511722308621886
AT4G05100,0.2405531331096554
AT4G05110,-0.8206201972764513
AT4G05105,
AT4G05120,0.020310013653129705
AT4G05130,-0.29870869403965833
AT4G05140,0.022376319968668186
AT4G05075,0.08245852085320106
AT4G05150,0.2802589750622377
AT4G05160,0.11133084832500541
AT4G05170,-0.3321915539159926
AT4G05180,-0.3006845573903537
AT4G05190,-0.21060249046161908
AT4G05200,0.23525448797295787
AT4G05210,-0.2599445308485777
AT4G05220,
AT4G05230,-0.1602109501048904
AT4G05240,0.18494057680848153
AT4G05250,0.032593550155329165
AT4G05260,0.13615600143269985
AT4G05270,0.12274667379104909
AT4G05085,-0.17365799468050888
AT4G05310,0.022807791670092958
AT4G05320,-0.07545529544944919
AT4G05330,-0.5325975111080399
AT4G05115,0.041065858584036934
AT4G05125,0.24359214146606992
AT4G05340,-0.23876074164304967
AT4G05350,0.12127474393787388
AT4G05360,0.6764318379100815
AT4G05135,0.2034771086433385
AT4G05380,0.09285586416048622
AT4G05390,-0.19858409230718935
AT4G05400,0.16520983378500137
AT4G05155,
AT4G05410,-0.21014661771568377
AT4G05420,-0.4447704840669291
AT4G05430,-0.6055894509513747
AT4G05440,0.04996105513484262
AT4G05450,-0.01604929178309202
AT4G05460,0.24030594447391637
AT4G05470,0.44115305100175506
AT4G05475,-0.32093252768676783
AT4G05490,0.034737606977041424
AT4G05497,-0.0017301370833494297
AT4G05508,0.5043280565372017
AT4G05520,-0.23690410468500234
AT4G05523,-0.2709209942439289
AT4G05530,0.036914300580907104
AT4G05540,-0.651187811088753
AT4G05553,0.5712726647257187
AT4G05555,-0.3000114915034178
AT4G05590,-0.5815272615276611
AT4G05612,-0.442797470334341
AT4G05620,0.4060524136886401
AT4G05630,0.27663143373907106
AT4G05631,-0.03898954641885788
AT4G05632,0.0022410126163902298
AT4G06479,-0.22882411244913564
AT4G06490,0.026819708415893175
AT4G06526,-0.16637003506685827
AT4G06534,-0.18173021618987564
AT4G06536,-0.16766758670532103
AT4G06639,-0.7623581830505903
AT4G06583,-0.14424000564228492
AT4G06598,-0.25609910694257265
AT4G06599,-0.3049251385729266
AT4G05205,0.4407805645607794
AT4G06643,0.2174197036727703
AT4G06634,0.36425719259572625
AT4G06655,-0.16077919244749692
AT4G06676,0.22616173320541913
AT4G06688,-0.48425052725233864
AT4G06701,-0.3236743390546109
AT4G06744,0.2499224977873546
AT4G06746,0.5129491226945997
AT4G07325,0.3678237345464153
AT4G07350,-0.6158053005520314
AT4G07380,0.31910974054119906
AT4G07390,0.295902224152508
AT4G07400,-0.5794724289971145
AT4G07410,-0.6083187121286345
AT4G07408,
AT4G07445,-0.14980631608245365
AT4G07455,0.5308992576474001
AT4G07515,-0.21596141956638135
AT4G07524,-0.33316232568977594
AT4G07526,0.1829438071680233
AT4G07666,0.0317906157998621
AT4G07670,-0.2642363539768851
AT4G07675,0.2421372057127019
AT4G07740,0.14879740242717254
AT4G05215,0.2701397555158498
AT4G07820,0.1432874398042274
AT4G05225,0.1442173557940418
AT4G07825,0.43079035621715583
AT4G07835,0.2051151932762622
AT4G05235,
AT4G05245,-0.4279397451188947
AT4G07868,0.11214245616015665
AT4G07932,-0.4992745700656171
AT4G05255,0.2567709742963579
AT4G07940,-0.26696975664551803
AT4G05275,0.18330882589103106
AT4G07950,0.04134633770766696
AT4G07960,-0.33491071534195016
AT4G07965,0.19733680713514132
AT4G07990,0.14401687098450755
AT4G05285,
AT4G05295,0.1781642152350553
AT4G07995,-0.10917169932753837
AT4G08025,0.04134598691321991
AT4G08028,0.24102533386064323
AT4G08035,-0.17025896620902206
AT4G08039,0.1452063398723369
AT4G08040,0.2800656151674698
AT4G05305,-0.5087137207698101
AT4G05315,0.2050228093707764
AT4G05335,0.2558969873377107
AT4G08097,-0.3423295331030942
AT4G08116,0.2977422316892796
AT4G05355,0.2596774991122489
AT4G08140,0.036252922555021085
AT4G08150,-0.03758654481642183
AT4G05365,-0.08421661531436456
AT4G05375,0.21386883732167117
AT4G05385,
AT4G08160,-0.2084127214861311
AT4G08170,-0.11275703303129044
AT4G08180,0.007034469204758649
AT4G08190,0.42616384148532344
AT4G08210,0.18929967791523516
AT4G08230,-0.4489373564050485
AT4G08240,-0.3424920700842206
AT4G08250,-0.22271120349840606
AT4G08260,0.1522257050495155
AT4G08263,0.15657203121602598
AT4G08267,0.06029203321221657
AT4G08270,0.12362906484053438
AT4G08280,0.15241944752101638
AT4G08290,-0.16820968084526156
AT4G08300,-0.4097549351561171
AT4G08310,-0.6250772470167228
AT4G08320,-0.29725487365106
AT4G05395,
AT4G08330,-0.34325987426436727
AT4G05405,
AT4G08345,-0.19554839125155238
AT4G08350,0.05086487684729088
AT4G05415,
AT4G08360,-0.013825955405686945
AT4G05425,-0.6690434537617347
AT4G05435,0.0844487516221986
AT4G08370,0.4006740073384256
AT4G08380,-0.5312167974959158
AT4G08390,0.10139195944146367
AT4G05445,0.338490177074769
AT4G08395,-0.20296554110373827
AT4G05455,-0.417023459503212
AT4G08400,0.0004236478314221284
AT4G08406,0.03254022463148273
AT4G08410,0.7613633075672013
AT4G08430,-0.38130819716778636
AT4G05465,-0.19217194672395355
AT4G05485,0.15683976126488147
AT4G08450,-0.02199957528265385
AT4G05525,0.11447616111295818
AT4G05535,-0.19569368248546043
AT4G08455,0.04619629464427763
AT4G08460,-0.17220409751730867
AT4G08470,-0.4495159895109218
AT4G05545,
AT4G08480,-0.21963168864246274
AT4G08485,0.2688207612276766
AT4G08500,-0.6181029446866658
AT4G08510,0.010296159412351298
AT4G08520,0.2262970228373373
AT4G08530,0.09894244139923275
AT4G08535,0.10053166098281781
AT4G05565,0.1004351055643213
AT4G08540,0.24633289420174156
AT4G08545,-0.29681555038985885
AT4G08550,0.03142917124399691
AT4G08555,0.4408877556292694
AT4G08560,-0.006111076701144666
AT4G08570,-0.43770644373223644
AT4G08580,0.4755678212650166
AT4G08590,-0.12748238729921602
AT4G08593,-0.5169731457063924
AT4G08620,0.25750937571691757
AT4G08630,-0.18898585306810392
AT4G08640,0.1701367694826986
AT4G08670,-0.286370381740945
AT4G08685,0.4519475132347977
AT4G08690,0.6671882694682769
AT4G08691,0.19539758055934384
AT4G08700,0.3433126592571787
AT4G08730,0.12295305096003362
AT4G08740,0.14202405945699487
AT4G08760,-0.5837829772306167
AT4G08770,0.25713109713952087
AT4G08780,-0.14730336935897118
AT4G08790,0.10609664211804129
AT4G08800,0.35258037753525506
AT4G08810,-0.13294878013939135
AT4G08840,0.5521603034050679
AT4G05605,0.30561190078579875
AT4G08850,-0.46890800166513963
AT4G08870,-0.059782783708588576
AT4G05615,-0.15050060060893009
AT4G08869,0.3385658552863806
AT4G05625,
AT4G08867,-0.006843043267502167
AT4G05645,0.4468056136658999
AT4G08868,0.1213465633149894
AT4G05650,-0.08521642901285233
AT4G08874,0.20594471168982242
AT4G08875,0.15266984029665243
AT4G08876,-0.15877392468047563
AT4G08878,-0.21087291092026916
AT4G08895,0.102258539504825
AT4G05655,0.34289559825856136
AT4G05660,-0.18347421435567635
AT4G08900,-0.1725798900030671
AT4G08910,0.14617821092800054
AT4G05665,0.18071932246908506
AT4G05670,
AT4G05675,0.05130088337633833
AT4G08920,0.10833313084226542
AT4G08930,-0.10614064973605336
AT4G08940,-0.2579607961993069
AT4G05680,
AT4G08950,0.23825656908529155
AT4G08960,-0.18932979157541893
AT4G08980,-0.18024258014046468
AT4G08990,-0.3197102607039558
AT4G09000,0.368426678611283
AT4G05685,
AT4G09010,-0.16797578258169432
AT4G05690,
AT4G09012,-0.26092134257597044
AT4G09020,0.04524500745110741
AT4G09030,-0.2818189489562348
AT4G09035,
AT4G09040,0.4799888369958978
AT4G09060,-0.7209484352265483
AT4G05695,
AT4G09070,-0.47782056540630086
AT4G09080,-0.1391728713151669
AT4G09090,-0.30943027300324033
AT4G09100,-0.13318094836689054
AT4G09110,-0.018389687983145324
AT4G09120,0.16058828180965135
AT4G09130,-0.0048713719739486685
AT4G09140,0.13675498962957805
AT4G09150,0.24315601038929524
AT4G09153,-0.12439016528479062
AT4G09160,0.09376972111656702
AT4G09170,0.3270459453954659
AT4G09180,0.0030424747212978846
AT4G05700,0.10903589366997923
AT4G09190,0.11768033413049671
AT4G09200,
AT4G09210,0.12386016375353708
AT4G09250,
AT4G09260,0.3391776817929062
AT4G09300,0.023450092798309834
AT4G09310,-0.1555219811928226
AT4G05705,0.45114969681720324
AT4G05710,-0.3894472347498701
AT4G09320,0.011221969633684067
AT4G09340,0.5260160587567487
AT4G09350,-0.2994410788372481
AT4G05715,-0.16074992478848674
AT4G09355,
AT4G09360,-0.6533203510766132
AT4G09420,0.4019037474256697
AT4G09430,0.21247231855758306
AT4G09432,-0.27440784562275217
AT4G09435,
AT4G09440,0.01867129927093989
AT4G09450,0.37808258063452965
AT4G05720,0.05090835701477899
AT4G09460,0.32991629739905076
AT4G09462,-0.4332178260209549
AT4G09464,-0.11815207123247852
AT4G09465,0.14484034739849008
AT4G09466,0.24652741067630649
AT4G09467,-0.10990927120491245
AT4G09490,0.3524697493326081
AT4G09500,-0.4559761744088207
AT4G09510,-0.3047086826336339
AT4G09520,0.15252451049406854
AT4G09530,0.18295424792557802
AT4G09545,0.4378331496444277
AT4G09550,-0.044024911159891204
AT4G09560,0.27382860692279526
AT4G09570,0.40980076717003333
AT4G09580,-0.18776066590959686
AT4G09585,0.41244549419691834
AT4G09589,-0.005728095140929912
AT4G09590,0.09393332568306959
AT4G09600,0.3219571819371244
AT4G09610,-0.09086663473926572
AT4G09620,-0.013509706327015354
AT4G09630,0.10020095018697467
AT4G09640,-0.2985116512356125
AT4G05730,0.18866765849488895
AT4G09647,-0.051271364628430724
AT4G09649,-0.07252010714944673
AT4G09650,0.00645603100756735
AT4G09660,-0.39092120774417727
AT4G09670,-0.8349345409599159
AT4G09680,-0.5016437305897795
AT4G09690,0.19359330579872214
AT4G09720,0.43638282378324894
AT4G09730,0.3431974124685344
AT4G09731,0.1681971302562827
AT4G09740,-0.27677213675331275
AT4G09750,0.3845652516331599
AT4G09760,-0.3340169508712833
AT4G09770,-0.6678787643336285
AT4G09775,0.04992217765460799
AT4G09780,0.09171840468261311
AT4G09784,0.004495602218077174
AT4G09795,-0.1873526671688208
AT4G09800,-0.2875801374015871
AT4G09810,-0.19494094427518896
AT4G05735,
AT4G09820,-0.10267388959283376
AT4G09830,-0.31152883383149416
AT4G09840,-0.0513477679423493
AT4G09850,0.4763130220517329
AT4G09860,-0.44362978446287005
AT4G09870,0.2725382755647965
AT4G05740,-0.2373254309220269
AT4G05745,0.13223509007164114
AT4G09880,-0.025208217188544584
AT4G09890,-0.499194035199884
AT4G09900,0.3713364312064054
AT4G09920,0.27513965717167166
AT4G09930,0.021602671700000662
AT4G05750,0.43289758664879474
AT4G09940,0.42925269839671293
AT4G09950,-0.07696420564978156
AT4G09960,-0.05454975571607633
AT4G09965,0.10551008705551884
AT4G09970,-0.22173716682543182
AT4G09980,-0.40387252918324423
AT4G09984,0.35761386202998025
AT4G09990,0.03761295596117447
AT4G10000,-0.5013831743511858
AT4G10010,0.2171868964386019
AT4G10020,-0.2254046690645184
AT4G05755,
AT4G10030,-0.48482800532316583
AT4G10040,0.23808252207751734
AT4G10050,-0.5233660075057688
AT4G10060,0.49584395209889554
AT4G10070,-0.6605401206891186
AT4G10080,-0.37429535898948446
AT4G10090,-0.009104907022918609
AT4G05760,0.15164791032833508
AT4G10100,0.40917897899206135
AT4G10110,-0.2662689526684441
AT4G10115,0.1748944367961595
AT4G10120,-0.7512948027750173
AT4G10130,-0.35537658720398757
AT4G10140,-0.23150882315374655
AT4G10150,-0.12963527883155393
AT4G05765,-0.2914015706947758
AT4G05770,
AT4G10160,-0.18463310152832915
AT4G10170,-0.3548466892045562
AT4G10180,0.024038039126453237
AT4G10190,-0.42768220443716526
AT4G10200,0.2817719646541419
AT4G10210,0.4521977545741937
AT4G10220,-0.18033427993374318
AT4G10230,0.31807450797002096
AT4G10240,0.012404488618304071
AT4G10250,-0.34216032962520465
AT4G10260,-0.08839251390032295
AT4G10265,0.12826638428423576
AT4G05775,0.024496568590336887
AT4G10270,
AT4G10280,-0.30664128471593577
AT4G10290,0.20844540426374164
AT4G10300,0.19016837346580096
AT4G10305,0.023076867464256745
AT4G10310,-0.3157901371530514
AT4G10320,-0.16048370403216747
AT4G10330,0.11647680580488332
AT4G10340,-0.24987447817306072
AT4G10345,0.033588535981807194
AT4G10350,-0.46948096856560123
AT4G10360,0.15198239908459313
AT4G10370,0.599090716451288
AT4G05780,0.007506068938906559
AT4G10380,-0.10298456311167857
AT4G10390,0.10387337860183518
AT4G10400,0.2752795011127093
AT4G10410,0.19957428539918412
AT4G10420,-0.5253441826626386
AT4G10430,0.021000517109618397
AT4G10440,0.40423841955718104
AT4G10450,-0.16725591794568528
AT4G10457,-0.2208232871993605
AT4G10465,0.20987510235941312
AT4G10470,-0.05161522168115995
AT4G10480,0.12149541898302375
AT4G05785,
AT4G10490,0.4203090844748284
AT4G05790,0.2418547458057722
AT4G05795,
AT4G10500,-0.08357598663769582
AT4G10507,0.08340814667982846
AT4G10510,-0.061502275857892065
AT4G10520,-0.37372913612101444
AT4G10530,0.405493175761395
AT4G10540,-0.004437707282487179
AT4G10550,-0.0941624730017551
AT4G10560,0.3992070371324319
AT4G10570,-0.07581150767591266
AT4G10590,-0.4463119382978098
AT4G10595,-0.4037969970377513
AT4G05800,0.07837657892629515
AT4G10600,0.15731601530681275
AT4G10603,0.2308306878446475
AT4G10610,-0.3438454797504032
AT4G10613,-0.17276764341690065
AT4G10620,-0.08793413014831283
AT4G10630,-0.275320200477956
AT4G10640,-0.2450995130146238
AT4G10650,0.06807201731287413
AT4G05805,0.10873285431729951
AT4G10660,-0.4406659713810159
AT4G10670,0.3194477214929027
AT4G10680,0.13645902716437158
AT4G10695,-0.02233031357486792
AT4G10700,0.006575833235604203
AT4G10710,-0.2430956178788006
AT4G10720,-0.0007310922407894011
AT4G10730,-0.05617497833656848
AT4G05810,
AT4G10740,0.0702517528868904
AT4G10750,0.21883714373668026
AT4G05815,
AT4G10760,0.03519524531698466
AT4G10767,0.06909175648361589
AT4G10770,0.43128054445211306
AT4G10780,0.1603396554136794
AT4G10790,-0.190739998274946
AT4G10800,0.6903789622403058
AT4G10810,-0.14899556999667626
AT4G10815,0.20447476122051383
AT4G10820,-0.3159988210556954
AT4G10840,0.28517903028495034
AT4G10843,0.21897234851118377
AT4G05840,-0.20775149123758369
AT4G10850,0.30508485258602874
AT4G10860,0.42121517515335893
AT4G10870,-0.357779606045592
AT4G10880,0.323943552005078
AT4G10890,0.14235906015794184
AT4G10895,-0.18396803122545238
AT4G10910,
AT4G10920,0.021662446625136587
AT4G10925,0.16399634193123652
AT4G10930,-0.11533538967648423
AT4G10950,0.07415932241795657
AT4G10955,0.016157002581650183
AT4G10960,-0.08492189460137152
AT4G10970,-0.16044421711448004
AT4G11000,0.3343341466122859
AT4G11010,-0.5806364615915744
AT4G11020,0.014667331186849056
AT4G11030,0.09665688094376117
AT4G11040,0.48659256693095815
AT4G11050,0.284104958525674
AT4G11060,0.10005358212439777
AT4G11070,-0.10459196471465056
AT4G11080,0.37866907273799894
AT4G05845,0.03137278014250941
AT4G11090,0.41717404309741857
AT4G11100,0.307477795012595
AT4G11110,0.3053851969882949
AT4G11120,-0.25515032964189727
AT4G11130,0.19369836165242016
AT4G05850,0.296446192510854
AT4G05855,-0.09457405296804758
AT4G05860,0.21660917344685895
AT4G11140,0.37986163943844975
AT4G11150,-0.41502260312682204
AT4G11160,-0.7442825844203442
AT4G11170,-0.010928222374143582
AT4G11175,0.3250497392106653
AT4G11177,0.2780349897876206
AT4G11180,0.4827765269539033
AT4G11190,-0.23209964207743872
AT4G11210,-0.16074079248396175
AT4G11211,-0.19336087295490423
AT4G11213,
AT4G11216,0.1113956520976857
AT4G11220,-0.41195016508781857
AT4G11230,-0.1264186698556827
AT4G11240,0.46206788528175435
AT4G11250,0.321554414126528
AT4G11260,0.3839219521352035
AT4G11270,-0.07174641852219447
AT4G11280,0.3565150532353541
AT4G11290,0.10954508105419868
AT4G11300,0.36962867721610926
AT4G05865,
AT4G05870,
AT4G11310,-0.04207704011613865
AT4G05875,0.21556946088632828
AT4G11320,0.2551596059554465
AT4G11330,-0.23585374940409215
AT4G11340,0.5224411861063926
AT4G11350,0.030762705094654366
AT4G11355,
AT4G11360,0.36883474694404067
AT4G11370,0.21216635783819338
AT4G11373,-0.4409404712811229
AT4G11380,0.37681689333060103
AT4G11385,-0.0074704248183177216
AT4G11390,-0.41119550420933193
AT4G11393,0.11464498166802682
AT4G11400,0.06271627027413447
AT4G11402,0.16155133135320773
AT4G11405,0.3843259122308693
AT4G11410,0.0553059202202606
AT4G11420,-0.29004448372373637
AT4G11430,0.010187976602158555
AT4G05885,
AT4G05880,
AT4G11440,-0.6582637592093591
AT4G11450,-0.28867003972329464
AT4G11460,0.20520519387729957
AT4G11470,-0.3334104674497479
AT4G11480,0.06182514976008216
AT4G11485,0.33605446454216575
AT4G11490,-0.4146468550706365
AT4G11510,0.2369773614920952
AT4G11521,-0.17577498867745256
AT4G11530,-0.3854220647792344
AT4G05890,0.21404121939457493
AT4G11540,-0.023364531314523703
AT4G11543,-0.010287917015804261
AT4G11547,-0.058927487610232435
AT4G05895,-0.9029158698370628
AT4G11550,0.005324716175680529
AT4G11560,0.14589195241726574
AT4G11570,-0.43873755630092165
AT4G11580,0.25450512557468474
AT4G11590,0.09479763146858532
AT4G11600,0.02831173602545611
AT4G05900,0.4120531982980609
AT4G11610,-0.041552645327079446
AT4G11630,-0.4989631469960748
AT4G11640,-0.023940331185259654
AT4G05905,0.02849506699475517
AT4G11650,0.04760166181419102
AT4G11653,-0.055979757454782134
AT4G11655,0.11031821922672436
AT4G11660,-0.09209142296947445
AT4G05910,
AT4G11670,-0.317169465229807
AT4G05915,
AT4G11680,-0.605302585661011
AT4G11690,0.7306672719698236
AT4G11700,0.3638858108473707
AT4G11720,0.2129088005812717
AT4G11730,-0.12296070201492981
AT4G11740,0.24726848182880118
AT4G11745,-0.14812805560507109
AT4G11750,-0.2694645752530663
AT4G11760,0.07959627872499442
AT4G05920,-0.22949384777657422
AT4G11770,-0.24289318451831737
AT4G11780,-0.1849956972382205
AT4G11790,-0.35363045457052605
AT4G11800,-0.1632705942050799
AT4G05925,0.6629149612084615
AT4G11810,-0.5474642123823874
AT4G11820,0.3211193283404625
AT4G11830,0.5139272395639951
AT4G11840,-0.3265515697170265
AT4G11845,0.706156149410039
AT4G11850,-0.4064395656140996
AT4G11860,0.527537900057891
AT4G11870,-0.05587304220844802
AT4G11880,-0.04243565582684932
AT4G11890,0.1195904350390102
AT4G11900,-0.3573539114711381
AT4G11910,0.06317474626308481
AT4G11911,-0.1377308953962184
AT4G11920,-0.3455181172457737
AT4G05930,
AT4G11930,0.058805114835349455
AT4G11940,0.06990683195391628
AT4G11950,0.24132354413318693
AT4G11960,-0.2847401112749769
AT4G11970,-0.10957808533132729
AT4G05935,
AT4G11980,0.2787065765558358
AT4G11985,0.0749846770717276
AT4G11990,-0.5322486774738724
AT4G12000,-0.2627427949219006
AT4G12005,-0.026857120003712855
AT4G12010,-0.011209018798906858
AT4G12020,-0.5459811150774925
AT4G12030,-0.17940394084847489
AT4G12040,-0.08460600299186138
AT4G05940,
AT4G12050,0.18773520434889568
AT4G05945,
AT4G05950,0.1986342432353493
AT4G12060,0.010898713287250276
AT4G12070,0.4421187091637266
AT4G12065,
AT4G12080,0.08886639657679922
AT4G12090,-0.29954715022513917
AT4G12100,-0.2340298958062779
AT4G12110,-0.14417932330010605
AT4G12115,
AT4G12120,0.46997942864965514
AT4G05965,0.17026886258077364
AT4G05970,
AT4G12130,0.021040484598077204
AT4G12140,0.14533968737814712
AT4G12150,-0.13162310900974936
AT4G12170,-0.06490537580516009
AT4G05975,0.11503277150463333
AT4G12190,0.09095978631387014
AT4G12210,0.23444460903864117
AT4G12220,0.2744414112431707
AT4G12230,0.5385409105707125
AT4G12240,0.6429264723831182
AT4G12250,0.0002441981693129802
AT4G05980,0.17632841261754703
AT4G12270,0.18870278232219087
AT4G12280,0.4931648861864151
AT4G12290,-0.11318199739799095
AT4G12300,-0.24265113726992246
AT4G12310,-0.19604698277175514
AT4G12320,-0.3624602281365255
AT4G12330,0.2520985135902031
AT4G12334,0.25294012481370426
AT4G12340,-0.0027732155571404335
AT4G12350,-0.20818114388220235
AT4G12360,0.353415376490756
AT4G05985,-0.15515490586304653
AT4G12370,0.14600911650949067
AT4G12380,-0.047528796246309915
AT4G12382,-0.1845206899967016
AT4G12390,0.008652815766913938
AT4G12400,0.4145277270950721
AT4G12405,
AT4G12410,0.2965280523667062
AT4G12420,0.13263240149864955
AT4G12430,-0.27338073095826754
AT4G12440,-0.7345750378792443
AT4G12450,0.24066473068741806
AT4G12460,-0.2618073954146595
AT4G12470,-0.08822934150957616
AT4G12480,0.003318104100056219
AT4G12485,
AT4G12490,0.11366086053597987
AT4G12495,
AT4G12500,-0.17026295810067982
AT4G12510,0.2822138468690245
AT4G12520,0.09827987602589319
AT4G12530,-0.04624424696342046
AT4G12540,-0.3679619344838399
AT4G12543,0.12698654231764295
AT4G12545,0.07957236617570784
AT4G12550,0.47307108051206437
AT4G12555,-0.027893582699994413
AT4G12560,-0.6030085447839302
AT4G12570,0.1083988693454459
AT4G12580,0.38184657559588936
AT4G12590,0.16035829536231924
AT4G12600,-0.14721045019041432
AT4G12610,-0.41652702836685745
AT4G12617,0.24617602427259766
AT4G12620,-0.11623108947588306
AT4G12640,-0.04033594016687649
AT4G12650,-0.1984299985573747
AT4G12670,-0.3130440618704294
AT4G12680,0.5040827825983795
AT4G12690,-0.14414932221635732
AT4G12700,-0.4875875623676407
AT4G12710,0.24428562269686552
AT4G12720,-0.500764246963554
AT4G12730,0.043901502360283326
AT4G12731,0.07383423558720825
AT4G12735,-0.0004309833751858853
AT4G12740,0.029088074499933312
AT4G12750,-0.050489505464577575
AT4G12760,-0.008278820329100753
AT4G12770,0.05344719557669091
AT4G12780,0.09704515174581567
AT4G12790,-0.21692425127866438
AT4G12800,0.35224022220395473
AT4G12810,-0.12211957827731781
AT4G12820,-0.40661400321707386
AT4G12825,0.29139598622926777
AT4G12830,-0.5692544944038692
AT4G12840,0.594375489821231
AT4G12850,-0.5672885699925612
AT4G12860,
AT4G05990,0.17400406725296863
AT4G12870,0.2761944081986664
AT4G12880,-0.5072792764650812
AT4G12890,0.031438519898784524
AT4G12900,-0.13998194788861915
AT4G12910,0.3486268216121029
AT4G12917,-0.3872107132491468
AT4G12920,0.4496559807018246
AT4G12930,-0.7518649193278111
AT4G12940,-0.10702861021998465
AT4G12950,0.18734343719338062
AT4G12960,0.1935249474455345
AT4G12970,0.08537136168181031
AT4G12980,0.2779436673079235
AT4G05995,0.08817883496379753
AT4G12990,0.08703840188912665
AT4G06000,0.2413613107176981
AT4G13000,0.24299931821549933
AT4G13010,0.21499679884141923
AT4G13020,0.17120583220150157
AT4G13030,-0.10289831020676338
AT4G13040,-0.16251052584669134
AT4G13050,-0.426077413090603
AT4G13060,0.08821610491713391
AT4G13070,0.08929436440961686
AT4G13075,0.20449681205777476
AT4G13080,0.3733666509370741
AT4G13090,-0.19676673486926416
AT4G13095,-0.3236101531719789
AT4G13100,-0.3710263342197821
AT4G13110,-0.5470700024163947
AT4G13130,0.13067706455064435
AT4G13150,-0.1549406420603058
AT4G13160,
AT4G13170,0.1740746960508384
AT4G13180,-0.1935384181222057
AT4G13190,-0.17590955141729428
AT4G13195,0.36824772119453
AT4G13200,-0.6003078866637244
AT4G13210,-0.09146711878312251
AT4G13220,0.13413061723000258
AT4G13230,-0.6003699039047161
AT4G13235,-0.04728817273583375
AT4G06005,0.11346524739640314
AT4G13240,-0.480785324274192
AT4G06010,-0.18439280153968698
AT4G06015,-0.17306020628776206
AT4G13245,0.19811628430463318
AT4G13250,0.05710001393154146
AT4G13266,0.08846102010686895
AT4G13261,0.22532491630864857
AT4G13263,0.4207388704951163
AT4G13260,-0.02526150407491767
AT4G06045,0.22280895001517612
AT4G06050,
AT4G06055,0.04157592220042638
AT4G13265,0.151699419287709
AT4G13270,0.4376624607782789
AT4G06060,
AT4G13280,-0.11635767271732184
AT4G13290,0.16955640756775034
AT4G13300,-0.002749401120075867
AT4G13310,0.2746558656220236
AT4G13330,-0.1383562630765432
AT4G13320,
AT4G13340,0.05716254577505636
AT4G13345,-0.15958666200677837
AT4G13350,0.10284630118758191
AT4G13360,0.03878374104446141
AT4G13370,0.41701499879953163
AT4G13380,0.008797275643598713
AT4G13390,0.2981971403090764
AT4G13395,0.1225278046101191
AT4G13400,0.2484185941895168
AT4G13410,-0.07746199586452884
AT4G13420,-0.2890624108701857
AT4G13430,-0.8462825123740719
AT4G06065,-0.5248572828713541
AT4G13440,-0.32202754740531236
AT4G13445,0.08606636454367947
AT4G13450,-0.5152396335966148
AT4G13460,-0.2493838941628059
AT4G06070,0.05598607130451377
AT4G13480,0.05688638927164128
AT4G13490,0.29351341981573315
AT4G13495,-0.6535719984484805
AT4G06075,
AT4G13493,
AT4G13494,0.019973307481233316
AT4G06080,-0.2955478232427977
AT4G06085,0.11337394630194954
AT4G06090,0.2069011282313459
AT4G06095,0.04411406669102891
AT4G13500,0.05267275424598664
AT4G13505,0.023384595294555145
AT4G13510,0.1430929963011647
AT4G13520,0.06741998185512493
AT4G13530,0.3313497249112096
AT4G13540,-0.3062934952711723
AT4G13550,-0.5979563249089487
AT4G13554,-0.5948505730165353
AT4G13555,-0.5059722225477439
AT4G13560,-0.4740515259123152
AT4G06105,
AT4G06110,
AT4G13570,-0.123210320137354
AT4G13564,
AT4G13572,0.19263817319523593
AT4G06115,-0.01948245965026578
AT4G13575,-0.35514263187264705
AT4G06130,
AT4G13577,-0.29474710053637815
AT4G13580,-0.1033116907168797
AT4G06135,
AT4G13590,-0.6457837722639346
AT4G06140,-0.20942057949577003
AT4G13600,0.5551621523356899
AT4G13610,0.4822034304129547
AT4G13615,0.22642355137333217
AT4G13620,-0.7667467065522912
AT4G13630,0.0031235534984364703
AT4G13640,-0.20457673711912633
AT4G13650,0.21107451344099523
AT4G13660,0.13446608622000197
AT4G13670,0.3928597445448767
AT4G13680,0.20273727270342887
AT4G13690,-0.05958423364426383
AT4G13700,0.43895541264691673
AT4G13710,-0.8276656386765929
AT4G13720,-0.9353834850735459
AT4G13730,0.5003760172961746
AT4G13750,0.2555740773440037
AT4G13760,-0.11335356799433632
AT4G13770,-0.761969021617494
AT4G13780,-0.03361820639918295
AT4G13790,0.075056949757955
AT4G13800,0.2589428281955587
AT4G13810,0.09018291220386346
AT4G13820,-0.1185064987656036
AT4G13830,0.1848554881594883
AT4G13840,0.008902714934941082
AT4G13850,-0.379097290370221
AT4G13860,0.5037187076985835
AT4G13870,0.28711071865003185
AT4G13880,-0.537773848775886
AT4G13885,-0.02430985923702279
AT4G06145,0.0387439003050249
AT4G13890,0.02224153395134879
AT4G06155,0.09617172946577815
AT4G06160,0.011673373087413681
AT4G13918,0.058836827027872476
AT4G13920,
AT4G13930,-0.07501389315916754
AT4G13940,0.32433191031689795
AT4G13950,0.0880566425014455
AT4G13955,-0.5990390813049883
AT4G13960,-0.09893265055736943
AT4G06165,0.19288585801078828
AT4G13965,0.20786854917294068
AT4G13968,0.18593537258867995
AT4G13970,0.2555450571138424
AT4G13980,0.45342357139645034
AT4G13985,0.05232619490052381
AT4G13990,-0.13719100583371202
AT4G13992,-0.08118326003768646
AT4G14000,-0.2995593261078418
AT4G14010,
AT4G14020,0.513834675025566
AT4G14030,0.3877235760109711
AT4G14040,-0.39164267675481235
AT4G14050,-0.7246122871508924
AT4G14060,-0.31840266598987166
AT4G06170,-0.1421522470097326
AT4G14070,0.19774150660978573
AT4G14080,0.23387705078922716
AT4G14100,0.3355962494918225
AT4G14090,0.2928527897306651
AT4G06175,
AT4G14096,-0.1009518679317421
AT4G14103,-0.460458639706088
AT4G14104,0.1340772181516832
AT4G14105,-0.029087455579037316
AT4G14110,0.4986234471965472
AT4G14120,0.06640705793177157
AT4G14130,-0.30810685133074517
AT4G14140,0.15287107528017263
AT4G14145,-0.336613745870359
AT4G14147,0.005571734531221446
AT4G14150,0.03348980795373036
AT4G14160,-0.3680086674552768
AT4G14165,-0.18327135547325557
AT4G14170,-0.4151542210014279
AT4G14180,0.7208921006518452
AT4G14190,0.16441890820799626
AT4G14200,0.24408854939016555
AT4G14210,-0.3120758899550632
AT4G14220,-0.1445293651308047
AT4G14225,-0.024068391805730515
AT4G14226,0.7432949606816421
AT4G14230,0.0325412401476536
AT4G14240,-0.4148008985822421
AT4G14245,0.07054110125650614
AT4G14250,0.47941821574466764
AT4G06185,-0.5471363659687835
AT4G14260,0.14927157170491093
AT4G14270,-0.24063824299043543
AT4G14272,0.1873567389476966
AT4G14276,0.27180056202891617
AT4G14280,-0.42277663126725173
AT4G14290,0.5392868123111824
AT4G14300,0.3949490033493228
AT4G14301,
AT4G14305,-0.11450773309468096
AT4G14310,-0.12004182470328353
AT4G14315,-0.09077842940643394
AT4G14320,0.0809434484449506
AT4G14330,0.2823306778722929
AT4G14340,-0.1598045873484458
AT4G14342,-0.010405684107580533
AT4G14345,-0.009710776935894188
AT4G14350,-0.47067895503506524
AT4G14360,-0.01676463340322633
AT4G14358,
AT4G14365,-0.09195259921452048
AT4G14368,-0.173223956606028
AT4G14370,0.05307565088706522
AT4G14380,-0.1881344558626623
AT4G14385,0.2851895027369736
AT4G14390,0.2907655899574667
AT4G14400,-0.2949152226273218
AT4G14410,0.06980661238911315
AT4G14415,-0.27377485120043266
AT4G14420,0.3188986545320745
AT4G14430,0.3435864350049805
AT4G14440,-0.009100536369701831
AT4G14450,0.0461208806119106
AT4G14455,0.3578809297385108
AT4G14465,0.042445506752919984
AT4G14480,-0.07264941089050003
AT4G14490,-0.22571141942281228
AT4G14500,0.04603519390634527
AT4G14504,
AT4G14510,0.17229435461004533
AT4G14520,-0.015324821060342164
AT4G14530,0.2245197660620181
AT4G14540,0.3791387562510542
AT4G06195,-0.03736232043601956
AT4G14548,-0.5154066232252346
AT4G14550,-0.13696611914315412
AT4G06200,0.05519584537055108
AT4G14560,-0.015985950105334365
AT4G14570,0.06120414669702224
AT4G14580,-0.26484238874865995
AT4G06205,0.44040057106122943
AT4G14590,-0.10548914430093112
AT4G14600,-0.19089772672383254
AT4G14605,-0.6299790172214315
AT4G14615,-0.11497286180200375
AT4G14620,0.41594042101645984
AT4G14630,-0.13797579521622885
AT4G14640,-0.2449338421872816
AT4G14650,0.1712057090564738
AT4G14660,0.1770254657550984
AT4G14670,-0.46281379311256066
AT4G14675,0.18699496323584794
AT4G14680,-0.34581801397197887
AT4G14690,0.32085857737010487
AT4G14695,0.08402414844185514
AT4G14700,-0.0912708961573768
AT4G06210,
AT4G14710,-0.05745265194160392
AT4G06215,
AT4G14713,-0.33054685730917627
AT4G14716,-0.26109016814939695
AT4G14720,0.32985554011316
AT4G14723,-0.021130243091253224
AT4G14730,-0.19497325966741594
AT4G14740,0.09545139223176988
AT4G06225,0.0519497258923444
AT4G06235,
AT4G06240,
AT4G06245,
AT4G06250,-0.3607471613222729
AT4G06255,-0.009008475402230562
AT4G06260,0.013499349232954054
AT4G06265,-0.23057106271900366
AT4G14746,-0.2197861407246681
AT4G06280,0.22290914525691177
AT4G14750,-0.3684208555617294
AT4G14760,0.04175783991290604
AT4G14770,-0.13342651006723738
AT4G14780,0.07771090934044167
AT4G14785,0.4059756973958273
AT4G14790,-0.11556335543008281
AT4G14800,-0.06030686764976569
AT4G14805,0.17579004879144153
AT4G14811,
AT4G14810,0.002548574422156557
AT4G14815,0.20243484782762777
AT4G14819,
AT4G14820,-0.43935551179426213
AT4G14830,-0.4408717280414331
AT4G14840,0.6602606512027152
AT4G14850,0.11987299557969036
AT4G14860,0.444202649461909
AT4G14870,-0.2759282077427575
AT4G14880,-0.6774157964092209
AT4G14900,0.1442500548152656
AT4G14890,
AT4G14905,0.1304814528783806
AT4G14910,0.1647195698360431
AT4G14920,0.09817638006568215
AT4G06285,0.25754120541667347
AT4G14930,-0.46444005349295664
AT4G14940,0.40880256483728783
AT4G14950,0.197763685910786
AT4G14960,-0.023277438703584556
AT4G14965,-0.23554215841526913
AT4G14970,-0.34878780612470234
AT4G14980,-0.4251258654508641
AT4G14990,-0.6781780053876371
AT4G15000,-0.3114806009096284
AT4G15010,-0.2763427153510409
AT4G15020,0.23295402698836634
AT4G15025,
AT4G15030,0.14196339093513852
AT4G15040,0.49309096599475827
AT4G15050,0.4617435837348118
AT4G15053,0.15850971993074167
AT4G15056,-0.4718641906530201
AT4G15060,-0.4999288844350206
AT4G15070,-0.18680828288885143
AT4G15075,0.2696153054664765
AT4G15080,0.004484975436332234
AT4G15090,0.24825610128233125
AT4G15093,-0.15856197302757255
AT4G15096,0.03882036369113862
AT4G15100,0.6704755413743965
AT4G15110,-0.2551714053743542
AT4G15120,0.6378627833427553
AT4G06290,0.13445594875781003
AT4G15130,-0.005290510776275029
AT4G15140,-0.05028468409373396
AT4G15150,-0.18559122255351615
AT4G15160,0.5460622342236768
AT4G15165,0.31830201567211575
AT4G15180,-0.23802853737927565
AT4G15200,-0.13237540133885695
AT4G15210,-0.025192143786785776
AT4G15215,0.006550738791688743
AT4G15230,0.23967847743105558
AT4G15233,0.017199608764691343
AT4G15236,0.3622316875991044
AT4G15240,-0.37610735479678353
AT4G15242,0.27603735577511357
AT4G15245,0.2656725515294118
AT4G06295,-0.1370276892252609
AT4G15248,0.2407395302082075
AT4G15250,-0.20238004823830336
AT4G06300,0.14900830951501903
AT4G06305,0.17497606959432935
AT4G06310,-0.20158261921548287
AT4G06315,-0.04674381687951935
AT4G06320,0.3541634985852734
AT4G15258,0.21217239851243933
AT4G15260,-0.7431647168052276
AT4G15270,0.16418516793333177
AT4G15280,0.6119972999459787
AT4G15290,-0.2660598586230406
AT4G15300,0.10520075237909401
AT4G15310,0.32250516019257375
AT4G15320,-0.25219804508856475
AT4G15330,-0.3044705102283241
AT4G15340,-0.29824310865143505
AT4G15350,0.5474884463187247
AT4G15360,0.6066270995864091
AT4G15370,0.0566124756674947
AT4G15380,-0.3210950123072926
AT4G15390,0.19663440403570687
AT4G15393,0.21577787951960237
AT4G15396,0.06887834131342956
AT4G15400,-0.05237025654415992
AT4G15410,-0.3809105759096858
AT4G15415,0.1587609363595995
AT4G15417,-0.7254538653491178
AT4G15420,-0.32610946241675143
AT4G15430,-0.06444399403982354
AT4G15440,0.23256471306058232
AT4G15450,-0.29080198692990233
AT4G15460,-0.4127098281721732
AT4G15470,-0.1846832309842666
AT4G15475,0.11810627322597607
AT4G15480,0.4286995295227824
AT4G15490,0.20848610466381104
AT4G15500,-0.009170851685844899
AT4G06330,0.06801493505175313
AT4G15510,-0.2264908696467031
AT4G15520,-0.5570177174311207
AT4G15530,-0.4689186885339713
AT4G15540,-0.6376453515527648
AT4G15545,-0.3450036645709357
AT4G15550,-0.24917341265627047
AT4G15560,-0.5854602867572177
AT4G15562,0.14963170258728847
AT4G15563,0.21197935815777227
AT4G15570,-0.2709991355758851
AT4G15610,0.0784403446602546
AT4G15620,-0.31875713029454295
AT4G15630,-0.4434889243371563
AT4G15640,-0.43627608052008854
AT4G15650,0.5532707068137679
AT4G15660,-0.0010123033170660431
AT4G15670,-0.9188263117049847
AT4G15680,0.1700194784413173
AT4G15690,-0.22559145367066677
AT4G15700,-0.5155888325441189
AT4G15710,-0.48344464799615194
AT4G15715,0.586652904737022
AT4G15720,-0.07716489020840384
AT4G15730,0.2569665392045931
AT4G15733,-0.5056429569605995
AT4G15735,0.16122942218153052
AT4G15740,-0.14960450124926164
AT4G15750,0.4861226760318876
AT4G15755,-0.08918905542015182
AT4G15760,-0.450226670511313
AT4G15765,0.055982217392446985
AT4G15770,-0.5221584477624251
AT4G15775,
AT4G15780,0.40571679090284557
AT4G15790,0.4951200924413355
AT4G15800,-0.3471704949005125
AT4G06335,
AT4G15802,0.358843513617262
AT4G15810,-0.0717358132842668
AT4G15820,-0.05192526148798608
AT4G06340,
AT4G15830,0.42222820731881966
AT4G15840,-0.2686701331283816
AT4G15850,-0.1334904828494674
AT4G15870,-0.08299133501984222
AT4G15880,-0.1677060510848355
AT4G15885,0.23768510676564986
AT4G15890,-0.15407473931090027
AT4G15900,0.2551008499247296
AT4G15910,-0.11951598260687739
AT4G15920,0.2841545154018088
AT4G15930,-0.3739096341812569
AT4G15940,-0.2025374445745838
AT4G15950,-0.09285824115879229
AT4G15953,0.13019406423038124
AT4G15955,0.11633367375938515
AT4G15960,0.2083809253308342
AT4G06345,0.2414471816328118
AT4G15970,0.13018063546376488
AT4G15975,0.16327156147044677
AT4G15980,-0.5495466907861244
AT4G15990,0.11164685068288453
AT4G16000,-0.2054592353112359
AT4G16008,-0.764522652784539
AT4G16015,0.22260192085125569
AT4G16024,-0.36081234428155395
AT4G16030,0.23256507916540836
AT4G06365,-0.24091745637045467
AT4G06370,
AT4G16040,0.29041616995636915
AT4G16045,0.47092743046300733
AT4G16050,-0.4788588963876415
AT4G16060,-0.12673614372336545
AT4G06375,
AT4G16070,-0.057111620802841025
AT4G16080,0.4910460417589363
AT4G16090,0.30095631757729313
AT4G06380,-0.3968544520480072
AT4G16095,0.19994130056578957
AT4G16100,-0.14495811507713033
AT4G16105,-0.10664712464955484
AT4G16110,0.29234085904876395
AT4G16120,-0.11045224674306588
AT4G16130,-0.07884191225286509
AT4G16140,-0.2207013560342859
AT4G16141,-0.33246366676274314
AT4G16143,0.6693781840047682
AT4G16144,-0.5032337589286581
AT4G16146,0.006090679107907846
AT4G16150,-0.533371264123768
AT4G16155,-0.1293334139727106
AT4G16160,-0.26500937433643557
AT4G16162,0.12681460883014098
AT4G16165,0.13079106823321326
AT4G16180,-0.09367714406429715
AT4G16190,0.03576690060881087
AT4G16195,
AT4G16200,0.3034635725025269
AT4G16210,-0.43076648133923773
AT4G16215,0.31230239777310037
AT4G16220,0.5637304370958884
AT4G16230,0.24309837548628604
AT4G16233,0.15502532410593736
AT4G06385,
AT4G16235,0.3251693603689763
AT4G16240,0.2088795845960229
AT4G16250,-0.34488263176399236
AT4G16260,0.36860707730627396
AT4G16265,-0.2618063974086652
AT4G16270,-0.1816378716504858
AT4G16280,-0.37173497474757605
AT4G16295,0.45694481460489145
AT4G16310,-0.3583218561254539
AT4G16330,0.4301853595581392
AT4G16340,-0.23710099446755634
AT4G16350,-0.06243778526301071
AT4G16355,-0.04278323624905366
AT4G16360,0.29418009267867606
AT4G16370,-0.28328405842342413
AT4G06390,-0.26426715073698126
AT4G16380,-0.007490491146396516
AT4G16390,0.03801302517490493
AT4G06395,0.24397252237997125
AT4G16400,-0.32059824913319707
AT4G16410,
AT4G16420,-0.44198859805709156
AT4G16430,-0.02285564798028661
AT4G16440,-0.026183211455813437
AT4G16442,-0.041764666967568656
AT4G16444,0.30791129567682457
AT4G16447,-0.08941663455073705
AT4G16450,0.0183209830298004
AT4G16451,0.3522241308295391
AT4G16460,0.09135462943127008
AT4G16465,0.04478878183847878
AT4G16470,0.013720716532806583
AT4G16475,0.0458354657437514
AT4G16480,-0.025323324276183355
AT4G16490,0.07252589001680333
AT4G16500,0.15013331441933436
AT4G16510,0.18843969490078122
AT4G16515,
AT4G16520,0.04632947773001643
AT4G16530,-0.3063662058967512
AT4G16535,
AT4G16540,0.09531655749474488
AT4G16545,-0.14804646395538668
AT4G16550,
AT4G16555,-0.41053027144343407
AT4G16560,0.18883212075580136
AT4G16563,0.16814977001590126
AT4G16566,0.3453616257010582
AT4G16570,-0.034704088463980536
AT4G16580,0.5400273848611243
AT4G16590,0.08692185206096696
AT4G16600,-0.23768342213084373
AT4G16610,0.0998833309623076
AT4G16620,0.20491210882921357
AT4G06400,-0.41530783937350685
AT4G16630,-0.3802141705986138
AT4G16640,0.2575467132852003
AT4G06405,-0.17509231652429622
AT4G16650,0.011767068531091307
AT4G16660,-0.30264817985090614
AT4G16670,-0.040793055969635464
AT4G06410,
AT4G16680,-0.009792933253258472
AT4G06415,
AT4G16690,0.14124421741544932
AT4G16695,0.1078306185014556
AT4G16700,0.10646368562307507
AT4G16710,-0.4208738363668617
AT4G16720,0.2882163882384645
AT4G16730,0.05912295313784222
AT4G16740,-0.0033590291175379866
AT4G16745,-0.36274363226234096
AT4G06425,
AT4G16748,0.10632325908166304
AT4G16750,0.16259605140387293
AT4G16760,-0.38034569070333196
AT4G16765,-0.16846730247224428
AT4G16770,0.217844870843723
AT4G16780,-0.07306674905946348
AT4G16790,-0.03623985225559804
AT4G16800,-0.2122984689898931
AT4G16807,0.22150191820676787
AT4G16810,0.34289380431647515
AT4G16820,0.2731382889972745
AT4G16830,0.3074071112275934
AT4G16835,0.17843982722655993
AT4G16840,0.0028592947130535204
AT4G16845,0.34707609469674094
AT4G16850,-0.040225313096382456
AT4G16855,0.1658873209720157
AT4G16857,0.02217271514440259
AT4G16860,-0.252989786177324
AT4G16880,-0.33610676906798426
AT4G16890,-0.013253413466430134
AT4G16892,0.2750649571778758
AT4G16900,-0.4079831627094058
AT4G16915,0.2817503527676876
AT4G16920,-0.16683840529987845
AT4G06440,-0.0620380550713536
AT4G06445,0.164251363935359
AT4G06450,
AT4G06455,0.3566004319728998
AT4G16930,-0.17506356410475024
AT4G06460,
AT4G16940,-0.3906698729309468
AT4G16950,-0.18814366966117194
AT4G16955,
AT4G16957,-0.12464561738471133
AT4G16960,-0.20653629426591216
AT4G16970,0.06608492600831832
AT4G16980,0.5609778374163743
AT4G16983,
AT4G16990,-0.5800073641017337
AT4G17000,-0.025863225188306693
AT4G17010,0.40220422225221875
AT4G17020,0.01017229829172073
AT4G17030,0.11994209121192963
AT4G17040,-0.0034255839466643735
AT4G17050,0.0098398666638473
AT4G17060,-0.020993045614657035
AT4G17070,0.45346087401985746
AT4G17080,-0.7105687556545849
AT4G17085,0.11019324541623383
AT4G17090,-0.5118106013065208
AT4G06665,
AT4G17098,0.031054037562264877
AT4G17100,0.2545243564304495
AT4G17140,-0.3092972140329972
AT4G17150,-0.03586569186326446
AT4G17160,-0.02227818111158141
AT4G06675,-0.018835833444844026
AT4G17170,-0.3619230118763786
AT4G17180,-0.17376108884402663
AT4G17190,0.015659707258837263
AT4G17200,-0.1443084177844383
AT4G17210,0.48730455474328754
AT4G17215,-0.011168235824559291
AT4G17220,0.36273160724047515
AT4G17230,-0.08963376665225535
AT4G17240,0.45562843724278135
AT4G17243,0.0855309645805332
AT4G17245,
AT4G17250,-0.3570737292270228
AT4G17260,-0.4947043781817312
AT4G17270,-0.31739303987158274
AT4G17280,-0.16709664005806774
AT4G06685,
AT4G17300,-0.18683249809733754
AT4G17310,-0.01451743007278817
AT4G17330,-0.2181919476289778
AT4G17340,-0.8214701817659215
AT4G17350,-0.4626409224692971
AT4G17360,-0.37021253100182344
AT4G17370,0.0016770629313693274
AT4G17380,-0.3341462515005854
AT4G17390,0.41902642579622496
AT4G06695,
AT4G06705,
AT4G17410,-0.20099318878522998
AT4G17420,0.07495563010681208
AT4G17430,-0.16754427620234522
AT4G17440,0.44298028359451874
AT4G17460,0.4121378178461476
AT4G17470,0.010149507209132326
AT4G17480,-0.24869107296332293
AT4G17483,0.07605327174371831
AT4G17486,0.35049618624268664
AT4G17490,-0.08743459859670782
AT4G17500,-0.13887213620733282
AT4G17505,-0.3895095267934077
AT4G17510,0.2572543841608511
AT4G17520,-0.010309718636840498
AT4G17530,-0.6931947450133252
AT4G17540,0.22346902686789444
AT4G17550,-0.007275075767020702
AT4G17560,-0.03639560482670423
AT4G17565,0.049162029211004425
AT4G17570,-0.5820069681674352
AT4G17580,0.2709142034815836
AT4G17585,0.27721370314909866
AT4G06715,0.14045496427878512
AT4G06725,
AT4G17590,0.24609403740588617
AT4G17600,0.18323665549921933
AT4G17610,-0.1854646752433842
AT4G17612,0.2083543975352369
AT4G17615,0.22612648613491834
AT4G17616,-0.3025585299515993
AT4G17620,0.17813554704313825
AT4G17640,0.12824634631062634
AT4G17650,0.10299036192170263
AT4G17660,-0.019269405232512724
AT4G17670,-0.18640159516341534
AT4G17680,0.29500153211966396
AT4G17690,0.17466529913949136
AT4G17695,0.2827450770903605
AT4G17700,0.35595350250762614
AT4G17710,0.04955154732733169
AT4G17713,0.18798130082575842
AT4G17718,-0.14499984428391008
AT4G17720,-0.318062279584632
AT4G17730,-0.030599092471136926
AT4G17740,0.6089175704313987
AT4G17750,0.273808924683098
AT4G17760,0.08706173440974041
AT4G17765,-0.451135397551884
AT4G17770,0.24393332981029367
AT4G17780,-0.06461029825720803
AT4G17785,-0.020397806770490117
AT4G17788,0.07220770379085188
AT4G17790,0.336925570013387
AT4G17800,0.07819124411954673
AT4G17810,0.05247121740055768
AT4G17830,0.30525082610265675
AT4G17840,0.205677953737503
AT4G06745,
AT4G17850,-0.5854726460148991
AT4G17860,-0.1823947398512896
AT4G06755,-0.17302283302142574
AT4G17870,0.08657086191484173
AT4G17880,-0.030624496040139722
AT4G17890,-0.5829018960566587
AT4G17895,-0.3616185278121372
AT4G17900,0.437454725242803
AT4G17905,-0.34424279694057275
AT4G17910,0.12185987448957801
AT4G17920,0.17270097585509164
AT4G17940,-0.055642103785140194
AT4G17950,-0.19444042343494986
AT4G17960,0.2708421721242397
AT4G17970,0.40581792453717774
AT4G17975,-0.047309740738220994
AT4G17980,0.12209400170660911
AT4G17990,-0.4826738161239259
AT4G18010,0.19047191153980575
AT4G18020,-0.5933647309125071
AT4G06760,-0.18293486345344173
AT4G18030,-0.013762097371809091
AT4G18040,0.4000918573946623
AT4G18050,0.09201162784954042
AT4G18060,0.4998897118863825
AT4G18070,-0.29705453382792935
AT4G18080,0.39359424361408135
AT4G18090,0.09044883986993581
AT4G18100,0.1382219672964126
AT4G18110,0.38051463825261256
AT4G18130,-0.2594254980230413
AT4G18140,0.17810736619035708
AT4G18150,-0.24219640767919207
AT4G18160,0.6394476560870859
AT4G18170,-0.1493908874197153
AT4G18180,0.5099611933167597
AT4G18190,0.19136101081708123
AT4G18195,0.0832569581041341
AT4G18197,0.06552094242809298
AT4G18203,0.07244756634166695
AT4G18205,-0.2059984103651553
AT4G18210,-0.0056539878907782
AT4G18215,
AT4G18220,-0.7032513920094435
AT4G18230,0.2512425977624306
AT4G18240,-0.3032847206401582
AT4G18250,0.05505121655595582
AT4G18253,-0.18916255657961337
AT4G18255,0.1285365554307377
AT4G18260,0.35132621083761834
AT4G18270,-0.25609104881047684
AT4G18280,-0.12012026026860263
AT4G18290,-0.18627692839350732
AT4G18300,-0.4052142785311479
AT4G18310,0.5346239771159107
AT4G06765,-0.3106015009450794
AT4G18320,-0.06615423581190202
AT4G18330,-0.41461558148431515
AT4G18335,-0.00041876433152499893
AT4G18340,-0.19407510176059856
AT4G18350,0.3288782927254134
AT4G18360,-0.11573805244720496
AT4G18370,0.06547870287764607
AT4G06770,
AT4G18372,0.17554912219180294
AT4G06775,
AT4G18375,-0.1283001833847127
AT4G18380,-0.39823493532485765
AT4G18390,0.12272862483592056
AT4G06780,0.27785259632580583
AT4G18395,
AT4G18400,0.3083573231683187
AT4G06785,
AT4G18422,-0.5209274546683605
AT4G06795,-0.2955835548306259
AT4G06800,-0.2528772923440819
AT4G06805,-0.03480122506004506
AT4G06810,0.000512588263839423
AT4G18425,0.0711903608320974
AT4G18430,0.40272990416715654
AT4G18440,-0.22849474218644858
AT4G18450,0.04478638312085747
AT4G18470,0.26794371709004644
AT4G18460,-0.661131255018368
AT4G18465,-0.15281163798795408
AT4G18480,-0.15856012921365584
AT4G18490,-0.19078861052526186
AT4G18500,0.20127153538195927
AT4G18501,-0.04670146852908221
AT4G06815,-0.46073392057668316
AT4G06820,-0.13449363739180023
AT4G18510,0.29963431204799745
AT4G18520,-0.46944653991916163
AT4G18530,-0.41378792598080116
AT4G18540,-0.24988309650124982
AT4G18550,0.4256890154670128
AT4G06825,
AT4G18570,-0.18491666195870335
AT4G18580,-0.18261262564829497
AT4G18590,0.3869281492675377
AT4G18593,0.05864717812470458
AT4G18596,0.08252660763492375
AT4G18600,-0.13483240435325525
AT4G18610,-0.2305419180594175
AT4G06830,
AT4G18620,-0.576271690580603
AT4G18630,-0.06445272165264475
AT4G18640,0.6518789472313887
AT4G18650,0.08969413110919358
AT4G06835,0.28450237571410236
AT4G18660,-0.29014565080644206
AT4G18670,-0.041589506268056284
AT4G18680,0.11562560643085032
AT4G18690,0.09157775706185887
AT4G18692,0.3719906160258131
AT4G18700,-0.3340103836609861
AT4G18710,-0.44039912977716084
AT4G18720,
AT4G18725,
AT4G18730,0.19978078493331697
AT4G18740,-0.2589995244349755
AT4G18750,0.37922769192264205
AT4G18760,0.24345400308899395
AT4G18770,0.37916019104087045
AT4G18780,0.36467686584353176
AT4G06845,0.028652150539166667
AT4G18790,0.44483010991141864
AT4G18800,-0.8549273380355235
AT4G18810,0.3013289419254397
AT4G18815,
AT4G18820,-0.1602030620958357
AT4G18823,0.04874103538564268
AT4G06850,-0.09417480847538112
AT4G18830,
AT4G18840,0.4658174837936266
AT4G18860,-0.1111041246800213
AT4G18870,-0.040746350675455976
AT4G18880,0.12109427561754539
AT4G18890,0.5175147930621367
AT4G06855,-0.1434504091544503
AT4G18900,-0.0989190103755307
AT4G18905,-0.34437537089014203
AT4G18910,-0.25571204925708735
AT4G18920,-0.1740589971501546
AT4G18930,0.5345650991322315
AT4G18940,0.047934611606084476
AT4G18950,0.2571990750116636
AT4G18960,-0.2753253686654344
AT4G18970,-0.6866961405962279
AT4G06860,0.23215980235619918
AT4G18975,0.25241290500852637
AT4G18980,-0.02044284826296664
AT4G18990,-0.06686413065165212
AT4G19000,-0.1710307758952148
AT4G19003,0.008252869231519461
AT4G19006,0.39951291203451106
AT4G19010,0.5297201381108639
AT4G19020,0.27923133543053125
AT4G19030,-0.2179142983146921
AT4G19035,0.6419339388099561
AT4G19038,-0.4286635796393386
AT4G19040,-0.26008478897175247
AT4G19045,-0.052040413781291046
AT4G19050,0.5424548950248417
AT4G19060,-0.5618564073122644
AT4G19070,-0.36188528163762607
AT4G19080,-0.6060414769790029
AT4G06865,
AT4G19090,-0.023928398980563193
AT4G19095,-0.1923716841731661
AT4G19100,-0.1914703525706017
AT4G06870,
AT4G19110,0.06497098714266922
AT4G19120,0.1964553487915586
AT4G19130,-0.32076861894732783
AT4G19140,-0.2996265355093538
AT4G19150,-0.05304774858988455
AT4G06875,
AT4G19160,-0.01557046630691403
AT4G19170,0.06734558855561998
AT4G19180,-0.2033871121976527
AT4G19185,0.19379086181480779
AT4G19190,0.10803190868566366
AT4G19191,-0.17904471310257175
AT4G19200,0.3050445185507334
AT4G19210,-0.04860969124030193
AT4G19220,-0.6106169361838242
AT4G19230,0.2554821623334985
AT4G19240,0.009212544607694748
AT4G19250,-0.009048428679189067
AT4G19260,0.2111229563285446
AT4G19270,-0.2227800891536103
AT4G19275,
AT4G19330,0.22789238113968743
AT4G19340,-0.316919630692849
AT4G19350,-0.28405560711617645
AT4G19360,0.009083434357073188
AT4G19370,-0.37888014795631547
AT4G19380,-0.36031697627179604
AT4G19390,-0.06564561763481129
AT4G19395,-0.1830062339707993
AT4G06880,-0.13853685150774175
AT4G19400,0.1529779746177639
AT4G19410,0.2148504495240133
AT4G19420,-0.5597770813642337
AT4G06885,
AT4G19430,0.2463504086177688
AT4G06890,0.1643118390132018
AT4G19440,-0.3983628400280224
AT4G06895,0.13492734293155698
AT4G19450,0.2446321725252897
AT4G19460,0.3454769606222545
AT4G19470,-0.048636052168244945
AT4G19480,0.321441399826421
AT4G19485,
AT4G19490,0.23223542908846181
AT4G19500,-0.09249374648668529
AT4G19510,-0.1381772499773581
AT4G19520,0.2024048331547925
AT4G19530,-0.39499213241127273
AT4G19540,0.4709432778792261
AT4G19550,-0.22899273829646252
AT4G19560,0.10537820203965347
AT4G19570,0.23900221212603978
AT4G19580,-0.040032453031791884
AT4G06900,0.17800913356749848
AT4G19590,-0.1680438185195201
AT4G19600,0.13181736184631976
AT4G19610,-0.3364446157864073
AT4G19620,-0.28934003029121275
AT4G19630,-0.651824933038867
AT4G06905,0.1780260677998051
AT4G19640,-0.07312223186305675
AT4G19645,0.229156267179522
AT4G19650,-0.18187144432527386
AT4G19660,-0.3130724392894812
AT4G19670,0.28697682566453525
AT4G19680,-0.006005211681252331
AT4G19690,-0.3716125818032215
AT4G06910,0.2512000902648388
AT4G06915,0.24822260497491835
AT4G06920,0.08079429400983716
AT4G19700,-0.3950855461698445
AT4G19710,-0.03806235040413366
AT4G19720,0.25738975459677715
AT4G19730,-0.001139620328775583
AT4G19740,0.5537487780439501
AT4G19750,0.043012786558842706
AT4G19760,-0.15725911365838147
AT4G19770,0.17363356232415975
AT4G19800,-0.24293618305066816
AT4G19810,0.1865536215980103
AT4G19820,0.26403090727413747
AT4G19830,0.5209917582030615
AT4G19840,-0.12158058139895049
AT4G19850,0.04767678887264494
AT4G19860,0.1781641916901422
AT4G19865,0.040958570680747
AT4G19870,-0.14317941523222502
AT4G19880,0.2523054474727974
AT4G19890,0.6190123280949146
AT4G19900,-0.2137027350407857
AT4G19905,0.08845255549215254
AT4G19910,0.02172647536113898
AT4G19920,0.05764554884359932
AT4G19925,-0.5715138176797921
AT4G06930,
AT4G06925,0.012680877162787367
AT4G19930,0.2015333033616517
AT4G19940,0.24740482221326013
AT4G19950,0.40134868898663173
AT4G06935,-0.08761529520333383
AT4G19960,-0.1522754491165728
AT4G19970,0.0941979012405042
AT4G19975,0.1262717607149981
AT4G19980,0.33456514212038396
AT4G19985,0.5790542920184168
AT4G19990,-0.1634297162173982
AT4G20000,0.516523391870723
AT4G20010,-0.024796270939962405
AT4G20020,0.1890722051826875
AT4G20030,-0.09785084232446813
AT4G20040,0.3703687762385035
AT4G20050,0.7514590852209341
AT4G20060,-0.6958538993656146
AT4G20070,0.060140843764924894
AT4G20080,0.1376918989957064
AT4G20090,-0.06279470148048708
AT4G20095,-0.2280542786170793
AT4G20100,0.2498004518550775
AT4G20110,0.37100129882170313
AT4G20115,
AT4G20130,0.03266050474084797
AT4G20140,0.05515997903236875
AT4G20150,-0.4565367977428562
AT4G20160,-0.07125749913550433
AT4G20170,0.10197431779689499
AT4G06945,0.09113967908165134
AT4G06950,
AT4G20190,-0.04826025429931586
AT4G20200,-0.11846773816034516
AT4G20210,0.14006012472032736
AT4G20220,-0.14398881819529752
AT4G20230,0.07272977917899805
AT4G20235,0.2908526143418869
AT4G20240,-0.7240813546183864
AT4G20250,-0.4832372648566154
AT4G20260,-0.16471833807260586
AT4G06955,-0.6215368751893402
AT4G06960,0.13096781463973564
AT4G20270,-0.20040647664068237
AT4G20280,0.31454047970663335
AT4G20290,
AT4G20300,0.4886751208053191
AT4G20310,0.12400961634468773
AT4G20320,0.048094379199193155
AT4G20325,-0.2229925476752874
AT4G20330,-0.5574839956530395
AT4G20340,-0.4823687059499367
AT4G20350,0.21016680817319433
AT4G20362,
AT4G20360,-0.23813038872945025
AT4G20370,-0.08484213794248575
AT4G20380,0.24953851885583173
AT4G20390,0.0943285661356792
AT4G20400,-0.5768239983260538
AT4G20410,-0.02061069519074188
AT4G20430,0.4676536120042039
AT4G20420,
AT4G20440,0.2919266486339527
AT4G20450,-0.22693096022419032
AT4G20460,0.01579528421931817
AT4G20470,0.04269779617436145
AT4G20480,-0.2768620843822398
AT4G20520,-0.40397072842566933
AT4G20530,
AT4G20535,
AT4G20540,
AT4G20545,
AT4G20550,
AT4G20555,
AT4G20560,
AT4G20565,
AT4G20570,
AT4G20575,
AT4G20580,
AT4G20590,
AT4G20600,
AT4G20610,
AT4G20620,
AT4G20630,
AT4G20640,
AT4G20645,
AT4G20650,-0.04767783265636269
AT4G20670,0.08521469679144807
AT4G20680,0.43043074426629374
AT4G20690,0.36625348528658613
AT4G20700,-0.4713856260004027
AT4G20703,-0.0018502629887005482
AT4G20707,0.6434400536430276
AT4G20720,-0.4243632121831639
AT4G06965,0.4823742170863819
AT4G20735,0.20281076341510407
AT4G20740,0.05385773017512774
AT4G20760,-0.615148654033253
AT4G20770,0.12031464932315704
AT4G20780,-0.01038913554317392
AT4G20790,-0.2816994252282437
AT4G20800,-0.3444127548521735
AT4G20810,0.38986648581510935
AT4G20820,-0.16317605553745307
AT4G20830,-0.05639877468676432
AT4G20835,
AT4G20840,0.16975357309586311
AT4G20850,-0.29366307022334076
AT4G20860,-0.47533781348432724
AT4G20870,-0.05972487204317568
AT4G20880,0.11028588117121353
AT4G20890,0.2713717650566963
AT4G20900,0.49122392594276315
AT4G20910,-0.010850775224714998
AT4G20920,-0.5543225844453039
AT4G20930,-0.034385839736568884
AT4G20935,0.015328235380778836
AT4G20940,0.0031621374692469783
AT4G06970,0.1808720712516989
AT4G20947,0.09767074876497299
AT4G06975,0.36249790877316335
AT4G20953,-0.5852212661247205
AT4G20960,-0.06211969330341059
AT4G20970,-0.42956028107418825
AT4G20980,0.16705718332119784
AT4G20990,0.35071645735101686
AT4G21000,0.2415784498878705
AT4G21010,-0.02105793481860626
AT4G21020,-0.10782752675317299
AT4G21030,-0.02644393040772472
AT4G21040,-0.1039655341259474
AT4G21050,0.13538594589356112
AT4G21060,-0.3340757713963921
AT4G21063,-0.23613068543424678
AT4G06980,0.1336039242668907
AT4G21065,0.1903375495527708
AT4G21070,-0.06423944428437653
AT4G21080,-0.053814793888291586
AT4G21090,-0.06775941376624768
AT4G21100,-0.2687542551776911
AT4G21105,0.024347328827907324
AT4G21110,0.48615925599896326
AT4G21120,0.14029903291648935
AT4G21130,0.30750531588872415
AT4G21140,0.2854213923624536
AT4G21150,0.2056790807702481
AT4G21160,0.11945710377683917
AT4G21170,-0.021508681330640305
AT4G21180,0.07802119054822147
AT4G06985,
AT4G21190,0.48873764101264905
AT4G21192,0.09419119202696002
AT4G21200,0.1175787614609769
AT4G21210,0.32820565407375846
AT4G21213,0.016833429180409115
AT4G21215,0.2804728474467121
AT4G21220,-0.020657494846653128
AT4G21230,0.11036312325945109
AT4G21240,0.21766440750336016
AT4G21250,-0.06599076271090663
AT4G21260,0.31242925938646926
AT4G21270,0.16490684525302712
AT4G21280,-0.45644660706256374
AT4G21300,0.3657671355887837
AT4G06990,
AT4G21310,0.21174635776183598
AT4G06995,
AT4G21320,-0.4733676975303565
AT4G21323,-0.07292818331970048
AT4G21326,0.42079394628735084
AT4G21330,0.07723701492918422
AT4G21340,-0.6268130269296507
AT4G21350,-0.25661247259471914
AT4G07000,0.03551147473390627
AT4G07005,0.2739737512924759
AT4G21362,
AT4G21366,0.08703035884770888
AT4G21380,-0.30312262672995655
AT4G21390,-0.35776292441322494
AT4G21400,0.5202261890521328
AT4G21410,-0.09798661107096401
AT4G21430,-0.23928766283726471
AT4G21440,-0.13291805891656785
AT4G21445,-0.08392241244618798
AT4G21450,0.16017176547929565
AT4G21460,0.12235855156509134
AT4G21470,0.25520662210350764
AT4G21480,0.6651176819259736
AT4G21490,0.008419338140258128
AT4G07010,0.19793470809470426
AT4G21500,0.2064183947201084
AT4G07015,-0.6151030441114113
AT4G21510,-0.2646678806415782
AT4G21515,
AT4G21520,-0.1040104213949457
AT4G21530,-0.25463146219459204
AT4G21534,0.25829120164990776
AT4G21540,-0.43179343110863033
AT4G21550,-0.03511755082919896
AT4G07020,
AT4G21560,-0.18399469802458185
AT4G21570,0.2544393751525224
AT4G21580,-0.14079955313769787
AT4G21585,0.281508139995009
AT4G21590,0.10932197164856997
AT4G21595,-0.15326148277766533
AT4G21600,0.2500194231128309
AT4G21610,-0.27196410424550915
AT4G21620,0.2702022615306396
AT4G21630,0.007685217449337312
AT4G21640,0.34578747154259104
AT4G21650,-0.12836713999265315
AT4G21660,-0.11466317491094538
AT4G21670,-0.5146045956902964
AT4G21680,0.42576335131238785
AT4G07025,0.21945322611894916
AT4G21690,0.02317321239135721
AT4G21700,-0.8335470023774869
AT4G21705,0.3583166131529525
AT4G21710,-0.515859933221944
AT4G21720,0.45032966562213766
AT4G21740,0.09074898061273694
AT4G21745,-0.08939557455601353
AT4G21750,0.30952223719820204
AT4G21760,0.22205325335108503
AT4G21770,0.2765168296037273
AT4G21780,0.41744333389025484
AT4G21790,-0.2893770802786669
AT4G21800,-0.3241245249754687
AT4G21810,-0.13291105789032134
AT4G07030,
AT4G21820,0.11577671741996755
AT4G21830,-0.027448491127293913
AT4G21840,-0.2839862353195422
AT4G21850,0.04740191321799393
AT4G21860,0.6067908479665156
AT4G21865,0.10597205593499283
AT4G21870,-0.22341350452104797
AT4G21880,0.4169103383560252
AT4G21890,-0.00581552626083631
AT4G21895,0.18016967035178855
AT4G21900,-0.3318101702334702
AT4G21902,0.13725402500649667
AT4G21903,-0.13284989032775157
AT4G21910,-0.2983329464282355
AT4G21920,0.13893423034523544
AT4G21926,0.42333100468769336
AT4G21930,-0.3783509555858986
AT4G21940,-0.4298019158381343
AT4G21950,0.2328460212127033
AT4G21960,0.0390035697547553
AT4G21970,-0.3051045298439439
AT4G21980,-0.34773877259888225
AT4G21990,-0.03242551923359364
AT4G22000,0.5543869386060691
AT4G22010,0.12481603874470996
AT4G22030,0.09174456359978324
AT4G22035,0.10494558458562077
AT4G22050,0.02958895488600607
AT4G07040,0.13694320899743512
AT4G22060,0.28550837349239516
AT4G22070,0.46579107883189674
AT4G07045,
AT4G07050,-0.4307175984480148
AT4G22080,-0.010615790575289585
AT4G22090,0.07067774540263427
AT4G22100,0.30968834603395656
AT4G22105,0.4235263753046994
AT4G22110,0.7227630213115034
AT4G22115,0.20437879769230702
AT4G22120,0.3587695125054277
AT4G22130,0.5526133773140846
AT4G22140,-0.7338111480898606
AT4G22150,-0.2402250441456748
AT4G22160,-0.39190284289321775
AT4G22165,0.029215079628396458
AT4G22170,0.4781737130102127
AT4G22180,0.02175695990345136
AT4G22190,0.33632636142251826
AT4G22200,0.11795909456315569
AT4G22210,0.48822323397389195
AT4G22212,-0.40497408323271583
AT4G22214,0.22633703562184088
AT4G07055,-0.6616877354912561
AT4G07060,
AT4G22217,0.09822232142923673
AT4G22220,0.11662755683680377
AT4G22230,0.23319202371336276
AT4G22233,-0.39037119422794436
AT4G22235,0.06039493787902309
AT4G22240,0.10014274830007473
AT4G22250,-0.12571427438870408
AT4G22260,0.33362090729727517
AT4G22270,0.15272831676426424
AT4G22265,
AT4G22280,-0.6134565843126696
AT4G07065,
AT4G22285,-0.3560649277997265
AT4G22290,0.5486439324942827
AT4G22300,0.3859931700292681
AT4G22305,-0.3253365701275727
AT4G22310,-0.06724928251901291
AT4G22320,0.30820118264859475
AT4G07070,-0.15754045826962873
AT4G07075,
AT4G07080,
AT4G22330,0.23926109903224344
AT4G22340,-0.5967052496923407
AT4G22350,0.31855014975010404
AT4G22360,0.08341674677370818
AT4G22370,-0.606610433048097
AT4G07085,
AT4G22380,-0.05286045679959747
AT4G22390,-0.06190402335423914
AT4G22400,-0.26544614659515076
AT4G22410,-0.5040590562725814
AT4G22430,0.504840559309493
AT4G22440,-0.06286866709300457
AT4G22460,0.10763888244003249
AT4G22463,
AT4G22467,0.22076534187327373
AT4G22470,
AT4G22475,0.027277772781516652
AT4G22485,
AT4G22490,0.15778318259676777
AT4G22495,
AT4G22505,
AT4G22510,0.23010697647031947
AT4G22513,
AT4G22517,
AT4G22530,0.17140889657786687
AT4G22520,
AT4G22540,-0.14365095331720365
AT4G22550,-0.5570904319269107
AT4G22560,-0.13778198136300332
AT4G22570,-0.4116069556203119
AT4G22580,-0.5851874194079824
AT4G07090,0.3799261771278587
AT4G22590,0.21809191432633074
AT4G22600,0.2446940789311189
AT4G22610,0.17549526249837594
AT4G22620,0.039924316096993914
AT4G22630,0.29346429023400317
AT4G22635,-0.05973365133376118
AT4G22640,0.10223937648482571
AT4G22650,0.20084004609475323
AT4G22660,-0.6187422382397166
AT4G22666,-0.3170166036255663
AT4G22670,-0.484798164198158
AT4G22680,0.20158409288256013
AT4G22690,-0.5706560396033651
AT4G22700,0.016193728436102995
AT4G22710,-0.8036474657760498
AT4G22720,-0.18311712136828714
AT4G22730,-0.4081140037386931
AT4G07095,
AT4G22740,-0.03649394096254154
AT4G22745,-0.1006748381919149
AT4G22750,-0.4771498564241027
AT4G22755,-0.31277580293994633
AT4G22754,
AT4G22756,0.597609779723496
AT4G22758,0.2191464088768433
AT4G22760,0.013897355831207752
AT4G07100,
AT4G22770,-0.0035565136179916213
AT4G22780,0.6392103596319633
AT4G22790,-0.6836005111490173
AT4G22810,0.21962243492660904
AT4G07105,-0.2355060970626069
AT4G22820,-0.22998090672856544
AT4G22830,0.21113529897675598
AT4G22840,0.14395319766789622
AT4G22850,-0.3524927095888746
AT4G22860,-0.47003771305538955
AT4G22870,-0.4163439610302858
AT4G22880,-0.04168748043796478
AT4G22890,-0.43035008721465096
AT4G22900,-0.23069436207873245
AT4G22910,-0.2605320462337393
AT4G22920,-0.5895465432756392
AT4G22930,0.056097381249840164
AT4G22940,-0.6101942306090988
AT4G22950,-0.08964842535066644
AT4G22960,-0.07977613952565787
AT4G22970,-0.4002619483647454
AT4G22980,-0.04039665031986109
AT4G22990,0.27717377648490066
AT4G23000,-0.0923920494592673
AT4G23010,0.1940219026388283
AT4G23015,
AT4G23020,-0.44247209563858303
AT4G23030,-0.2941718559996272
AT4G23040,-0.03417235650025651
AT4G23050,-0.3375041121534754
AT4G07110,0.2222449273338042
AT4G23060,0.473763555601402
AT4G23070,0.16774588779235677
AT4G23080,0.1415285165824493
AT4G23090,0.36843354827785013
AT4G23100,-0.5065254192214965
AT4G23110,0.1607728225827257
AT4G23120,0.38353579342484406
AT4G23130,-0.5932153804727042
AT4G23140,0.03391803055684608
AT4G23150,0.20064413051104532
AT4G23160,-0.3825254053014467
AT4G23170,0.09827155202305625
AT4G23180,-0.038065120982061364
AT4G23190,-0.5423198638471031
AT4G23205,-0.12887388362118574
AT4G23200,-0.3775817242959086
AT4G23210,-0.06655815550235793
AT4G23220,-0.24684156056472328
AT4G23230,-0.30951024520564396
AT4G23240,-0.15500773324895903
AT4G23250,0.13546088965397368
AT4G23260,0.1456800580723633
AT4G23270,-0.003439615994736545
AT4G23271,
AT4G23280,0.4506241509361876
AT4G23290,-0.0748914740062584
AT4G23300,0.1300115026538433
AT4G23310,0.12366763523573421
AT4G23320,0.45343113115572553
AT4G23330,-0.12802702836538143
AT4G23340,0.01067279143537039
AT4G23350,0.24458040648477988
AT4G23355,0.2385209217132141
AT4G23360,-0.6725010701112498
AT4G23365,0.045838480852870706
AT4G23370,0.43628370502987346
AT4G23373,0.15519585575586747
AT4G23375,0.016214910408938396
AT4G23380,0.04816395215973919
AT4G23387,-0.04338831249833282
AT4G23390,0.45938369970109216
AT4G07115,0.1266424949337793
AT4G23400,-0.7690308318035669
AT4G23410,0.10750807445339604
AT4G23420,0.3998432333166567
AT4G07120,
AT4G23430,-0.46849421823348414
AT4G23440,-0.4332823805034182
AT4G23450,0.32386460724104926
AT4G23460,-0.0903905422084444
AT4G23470,-0.33237004434393475
AT4G23490,0.03141087163435846
AT4G23493,-0.2211411228304339
AT4G23496,-0.0008525998909999919
AT4G07125,0.11387593814882614
AT4G23500,-0.447724978920746
AT4G23510,-0.13582430608227627
AT4G23515,-0.2437278695770682
AT4G23520,0.16278977892271837
AT4G23530,-0.21300632186789437
AT4G07130,
AT4G23540,-0.37946359739325836
AT4G23550,-0.20157624177653746
AT4G23560,-0.7250502260140627
AT4G07135,0.08161369826730279
AT4G07145,
AT4G23570,0.0851698274998215
AT4G23580,0.08423793532581729
AT4G07150,-0.15273281441253805
AT4G07160,
AT4G23590,-0.061957540851112415
AT4G23600,-0.06948047722887599
AT4G23610,
AT4G07165,
AT4G23620,0.42776598735532734
AT4G23630,0.15876291746104557
AT4G23635,0.20294612992095043
AT4G23640,-0.19513584085472704
AT4G23650,-0.008762751247617974
AT4G23660,0.003799565782667931
AT4G23670,-0.7930748955997826
AT4G23680,-0.6001810946295061
AT4G23690,0.06155192433882883
AT4G23700,-0.4923484429379833
AT4G23710,0.13708824138614667
AT4G23713,-0.19058332465101102
AT4G07170,-0.49436030469040726
AT4G23720,0.0785128826545388
AT4G07175,0.18342429874551272
AT4G23730,0.13807719854853193
AT4G23740,0.17202867591010967
AT4G07180,0.013709681930646903
AT4G07185,
AT4G23750,0.0031919482209223243
AT4G23760,-0.12567385150842098
AT4G23770,0.11134911815753724
AT4G23780,0.29164306593746675
AT4G23790,0.26202296013131
AT4G23800,0.24755169636354218
AT4G23810,0.16868418404002894
AT4G23820,-0.027317789717985284
AT4G23840,0.04118768426703436
AT4G23850,0.09312691285281907
AT4G23860,0.1960747083971654
AT4G23870,-0.2929052925777885
AT4G23880,0.07841222464261215
AT4G23882,0.008346895028430076
AT4G23885,0.2814420796148518
AT4G23890,0.07328587296338285
AT4G07190,0.33454429499985466
AT4G23895,0.3951830991573419
AT4G23900,
AT4G23910,-0.05784398171499492
AT4G23915,-0.25713037165807806
AT4G23920,0.2434329616213529
AT4G23930,0.032848230713184594
AT4G23940,0.08099890452224366
AT4G23950,0.1655578290012673
AT4G23960,0.04850228409366936
AT4G23970,
AT4G23980,-0.41975979820192955
AT4G23990,-0.08427987036019972
AT4G24000,0.3963786365651758
AT4G24010,-0.03764400948001274
AT4G24015,-0.3754466979756816
AT4G07195,
AT4G07200,0.12348809983838713
AT4G07205,0.20502990260887002
AT4G07210,0.07847165123093254
AT4G24020,0.026721627453201405
AT4G24025,
AT4G24030,
AT4G24026,-0.1437519877767175
AT4G24040,-0.1505231312087846
AT4G07215,0.05280744900267487
AT4G07225,
AT4G07220,0.44714982952104426
AT4G24050,0.10078992915493279
AT4G07230,
AT4G07235,0.05392144793904617
AT4G07240,
AT4G24060,0.3369217996314846
AT4G24070,-0.03834840590966281
AT4G24080,-0.21682006318502256
AT4G24090,-0.071716364368663
AT4G24100,-0.23200339585167393
AT4G24110,-0.5396967286791876
AT4G07245,0.26674955174371007
AT4G24120,0.23458159919025776
AT4G24130,0.04343846009387764
AT4G24140,-0.4090558675972425
AT4G24150,-0.14043318299586924
AT4G24160,0.4083515864454373
AT4G24170,0.2966736423924366
AT4G24175,-0.3404082684465485
AT4G24180,0.1517352788564533
AT4G24190,-0.13079652210441853
AT4G24200,-0.2800672045611494
AT4G24204,-0.09871419216381735
AT4G24210,0.5703862377160447
AT4G24220,0.015486334801729089
AT4G24230,-0.21434192983365608
AT4G24231,0.1550811460109728
AT4G07250,0.271378870767197
AT4G24240,0.3607918850290062
AT4G24250,-0.15584529933323654
AT4G24260,0.14645228437355795
AT4G24265,0.31942812218953126
AT4G24270,-0.025758995970756322
AT4G24275,0.20353416514713382
AT4G24280,0.030280557590739762
AT4G24290,0.33420616960755534
AT4G24300,0.374451625549801
AT4G24310,0.06385149382618296
AT4G24320,-0.0919205737182522
AT4G24330,0.38780883473719835
AT4G24340,0.25353096170022205
AT4G24350,0.041901533470091554
AT4G07255,
AT4G24370,-0.14773564838785685
AT4G07260,
AT4G24380,0.06064081973544137
AT4G24390,-0.010774858599045088
AT4G24400,-0.19789002443852893
AT4G24410,0.5987114408751288
AT4G24413,0.031067394605009308
AT4G24415,0.13982271013932887
AT4G24420,-0.2228178561637909
AT4G07265,-0.05891344129613468
AT4G07270,-0.03787496956528472
AT4G24430,-0.15698168484858757
AT4G24440,0.7233799228783997
AT4G24450,0.0381484166465159
AT4G24460,0.12724856548168445
AT4G24470,-0.04670205906938847
AT4G24480,-0.7018416612855177
AT4G24490,-0.3660197836526762
AT4G24500,0.27042729324886444
AT4G24510,0.12226625051828388
AT4G07275,
AT4G24520,-0.07988343506434442
AT4G24530,0.18662851070285572
AT4G24540,-0.12655256615575605
AT4G24550,-0.4336019976858359
AT4G24560,0.058256217215817044
AT4G24565,0.12320567226050735
AT4G24570,0.09081889896701044
AT4G24580,0.2952423918373328
AT4G24590,0.5526103198750582
AT4G24600,-0.15159240092683932
AT4G24610,0.12955732055614802
AT4G24615,
AT4G24620,-0.23229389242729362
AT4G24630,-0.05278073760623164
AT4G24640,-0.2988530959693136
AT4G24644,0.31161050231799187
AT4G24650,0.2324484490910783
AT4G07280,0.0808392418473992
AT4G24660,0.07686273522097996
AT4G24670,0.15658714088270081
AT4G24680,-0.12640964766146315
AT4G24690,0.028409729145108708
AT4G24700,-0.2541416931151148
AT4G24710,-0.47065861216169985
AT4G24715,-0.37469262568454853
AT4G24730,0.00328450988558166
AT4G24740,0.05923206910637659
AT4G24750,-0.5520132054973377
AT4G24760,-0.3262529831330842
AT4G24770,-0.054795188171493196
AT4G24780,0.2353284314893897
AT4G24790,-0.15891445539695512
AT4G24800,-0.1784866989216014
AT4G24805,0.5947863671996955
AT4G07285,
AT4G24810,-0.14988223043547558
AT4G24820,0.3065084565894122
AT4G07290,
AT4G24830,0.0548467429863336
AT4G24840,0.2981850666554665
AT4G24860,-0.167741853999727
AT4G24880,0.18787577431379202
AT4G24890,0.24968028543779208
AT4G24900,-0.10789651122830364
AT4G24910,-0.11312099115217798
AT4G24920,0.23290583518665534
AT4G24930,0.18077840193554054
AT4G24940,-0.3916807163342061
AT4G24950,0.23459258760671364
AT4G24960,0.049927017210923595
AT4G24970,-0.44574563885406265
AT4G24972,-0.05761748681139631
AT4G24973,-0.25272565054116436
AT4G07295,-0.04924958893785861
AT4G07300,
AT4G24974,0.13128985284902164
AT4G24975,0.18241777625343514
AT4G24980,-0.013148749790683348
AT4G24990,0.16954149119036965
AT4G25000,-0.008195205247760438
AT4G25010,0.09655693533876393
AT4G07305,-0.08538403751113566
AT4G07335,0.2503807981572127
AT4G25020,0.06122746395244347
AT4G25030,-0.28720044625109836
AT4G25040,0.3917581758581309
AT4G25050,0.3651470858294263
AT4G25070,0.6938692953899138
AT4G25080,0.07061536268551641
AT4G25090,0.1379898990997682
AT4G25100,-0.049927132840104145
AT4G25110,0.1426609577542135
AT4G25120,0.6470353931478582
AT4G25130,0.08297259702128305
AT4G25140,0.29680830991746643
AT4G25150,0.06906035605070412
AT4G25160,-0.1659452359995965
AT4G07345,
AT4G25170,0.12207009995487168
AT4G25180,0.45593854481286816
AT4G07365,
AT4G25190,0.5094618948939943
AT4G25200,0.01300843363991005
AT4G25210,0.27350696366846095
AT4G25220,0.0749665053922305
AT4G25225,0.5221678821948292
AT4G25230,-0.21586711137355039
AT4G25240,-0.05160586790539678
AT4G25250,0.4484953133848865
AT4G25260,0.11535305545081284
AT4G25270,-0.002431303913309941
AT4G25280,-0.330178353799627
AT4G25290,-0.11604202804206296
AT4G25300,-0.08056354746869746
AT4G25310,-0.2992416459760527
AT4G25315,0.2625725383312018
AT4G25320,0.17394521548806163
AT4G25330,-0.07047602328377985
AT4G25340,0.6052246531348399
AT4G25350,-0.6122477616123577
AT4G25360,0.243138531613948
AT4G25370,-0.25663914835103474
AT4G25380,-0.20502494304207863
AT4G25390,0.565098262992657
AT4G25400,-0.40691878368949996
AT4G07375,0.09607237704379382
AT4G25410,0.009071417492841202
AT4G25420,0.17741926256396093
AT4G25430,0.3527595586566096
AT4G25433,-0.34144330102743503
AT4G25434,0.4060237537493766
AT4G25435,-0.22039511808046
AT4G25440,-0.33931643088933505
AT4G25450,-0.3417664359112328
AT4G25470,0.3929541802492369
AT4G07385,0.19014041722692399
AT4G25480,0.14550653948064804
AT4G07395,0.32830747015867423
AT4G25490,-0.2706019939519033
AT4G25500,0.13688758297600837
AT4G25510,
AT4G07405,
AT4G25515,0.19951369464777394
AT4G25520,-0.22319302056701384
AT4G25530,0.40447554508509204
AT4G25540,0.0971601420718498
AT4G25550,0.3371292047158948
AT4G25560,0.26733556700012095
AT4G25570,0.3647550000022219
AT4G25580,-0.07496507099068606
AT4G25585,
AT4G25590,-0.4552867393892295
AT4G25600,-0.6127761788654884
AT4G25610,0.040178257779854676
AT4G25620,-0.054999409043492424
AT4G25630,0.0690741443369373
AT4G25631,
AT4G25640,0.13153787198028485
AT4G25635,
AT4G25650,-0.05209004776434393
AT4G25660,0.1637795640312622
AT4G25670,-0.08886379397871277
AT4G25680,-0.5296753030945391
AT4G25690,-0.13438999277202088
AT4G25700,0.3359896714316126
AT4G25707,-0.5800013302279958
AT4G25710,0.30488192384130935
AT4G25719,-0.3853715069746688
AT4G25720,-0.2180890468754068
AT4G25730,0.09535064099501937
AT4G25740,-0.5649774275505479
AT4G25750,0.011222771362818339
AT4G25760,-0.11613893840380148
AT4G25770,0.09393879155667018
AT4G25780,-0.007684215030062701
AT4G25790,-0.07562452834612093
AT4G25800,0.20884884613104512
AT4G25810,0.2603968192067037
AT4G25820,0.049524698399535806
AT4G25830,-0.20172474623995393
AT4G25835,-0.15612450431168823
AT4G25840,0.02665807734736301
AT4G25845,0.05251089343249524
AT4G25850,-0.2246914920084572
AT4G25860,-0.06690205430795128
AT4G25870,-0.0056581448100611435
AT4G07465,0.009962406325966683
AT4G25880,0.2442789416574071
AT4G25885,
AT4G25890,0.3481911429996004
AT4G25900,0.08227962212593969
AT4G25910,0.3165912265104314
AT4G25920,-0.5275470668453675
AT4G07505,-0.18896770241401348
AT4G25930,0.16561669532365111
AT4G25940,0.3518191796223901
AT4G25950,-0.33020750468293
AT4G25960,0.15736572325098938
AT4G25970,-0.08669893072535696
AT4G25980,-0.31561614640186336
AT4G25990,-0.23716124013895762
AT4G26000,-0.5511889451158662
AT4G26010,0.003964489111024367
AT4G26020,0.215034063322576
AT4G26030,0.22462264211616018
AT4G26040,-0.046288760196404946
AT4G26050,0.0003757060365345568
AT4G26055,0.31681866004283343
AT4G26060,0.17309418445863523
AT4G26070,0.513044423848466
AT4G26080,-0.5632008849594333
AT4G26095,0.2134254097700186
AT4G26090,
AT4G26100,0.1600704428922771
AT4G26110,0.026149598920726137
AT4G26120,-0.13415405522405913
AT4G26130,0.04901254262512458
AT4G26140,0.34257883492025326
AT4G26145,
AT4G07535,0.02390431490491542
AT4G07545,-0.322623518633296
AT4G26150,-0.1979865214667052
AT4G26160,-0.03181179861049794
AT4G26170,0.18545506582194957
AT4G26180,0.05237054015226311
AT4G26190,-0.4328160174800183
AT4G26200,-0.03024398868504912
AT4G26210,0.08875521251734872
AT4G26220,0.21910714036715975
AT4G26225,-0.1650919046278658
AT4G26230,0.07764252499953385
AT4G26240,0.4711395582549929
AT4G26250,0.320423356857808
AT4G26255,0.038515337573202704
AT4G26260,0.2891832129234764
AT4G26270,0.20996666291244348
AT4G26280,-0.4281783955243892
AT4G26288,0.3100047708007425
AT4G26290,
AT4G26300,-0.5930781561497771
AT4G26310,-0.6016035326142485
AT4G07565,-0.1516846714525727
AT4G26320,-0.16876895064969458
AT4G07575,0.3306011981595206
AT4G26330,0.28169455101297536
AT4G26340,0.15813534217015765
AT4G26350,-0.0912545121135428
AT4G26365,0.5601322391472257
AT4G07625,-0.0020039855467586945
AT4G07635,0.3386407261340469
AT4G26370,-0.24526444167731212
AT4G26375,-0.061501726060966676
AT4G26380,0.11672484558964626
AT4G26385,
AT4G26390,0.06047471412145933
AT4G26400,0.5173682785315266
AT4G26410,-0.713281731126085
AT4G26415,-0.2083927519220795
AT4G26420,-0.2433736090047527
AT4G07645,-0.17820252585207144
AT4G26430,0.38058766548846845
AT4G26440,-0.16232031680293346
AT4G26450,0.09501136397595641
AT4G26455,-0.06931328490004042
AT4G26466,-0.3067361878073801
AT4G26460,0.5054784169691167
AT4G26470,-0.062440724012328606
AT4G26480,-0.1020222218429756
AT4G07655,
AT4G26483,0.2510618647277739
AT4G26485,-0.22478202671284955
AT4G26488,-0.7956260938537786
AT4G26490,
AT4G26510,0.036034295350073596
AT4G26500,
AT4G26520,-0.15785661229783182
AT4G26530,0.026248646834544594
AT4G26540,0.006493409532586463
AT4G26542,
AT4G26550,-0.20302236282676758
AT4G26555,0.39917634450309986
AT4G26560,0.5222383611435161
AT4G26570,-0.20205961043476062
AT4G26580,0.05594046051000468
AT4G07665,
AT4G26582,-0.1255439780994184
AT4G26590,-0.22169794381000557
AT4G26600,-0.06742203062988945
AT4G26610,0.35688345885151135
AT4G26620,0.5680157098031574
AT4G26630,-0.2973256300989684
AT4G26640,-0.6418979000367113
AT4G26650,0.3981483256782221
AT4G26660,0.1824850437909982
AT4G26670,0.29911923362839843
AT4G26675,
AT4G26680,0.13549210366975084
AT4G26690,0.14707031778476512
AT4G26700,0.4139012321351445
AT4G26701,0.37793540342965937
AT4G26710,-0.18120576365199004
AT4G26720,0.41485438111678213
AT4G26730,0.14046106343704642
AT4G26740,-0.1410549343411205
AT4G26750,-0.28255069620940826
AT4G26760,0.10838220169349888
AT4G26770,0.08630101153648734
AT4G26780,0.08402390530748527
AT4G26795,0.4160419264251909
AT4G26790,
AT4G26800,-0.35589226101561083
AT4G26810,0.26591202338675246
AT4G26820,-0.19268411362007906
AT4G26830,0.1528657944212121
AT4G26840,-0.28073967094986985
AT4G26850,-0.32960965055782465
AT4G26860,0.16828669537171498
AT4G26870,-0.5493164654279967
AT4G26880,-0.4500538100191052
AT4G07715,0.3380914907320694
AT4G26890,-0.1955368329745788
AT4G26900,0.031764856158297085
AT4G26910,-0.2659466526398571
AT4G26920,-0.1997043324660854
AT4G26930,-0.1375884142292969
AT4G26940,0.11589985515792015
AT4G26950,0.035057310830714596
AT4G26960,-0.031157562044133464
AT4G26965,-0.07275789417499122
AT4G26970,-0.06678254863693359
AT4G07735,
AT4G26980,-0.1339158120436798
AT4G26990,-0.2751900015984902
AT4G27000,-0.14899921148779835
AT4G27010,0.23555484024867737
AT4G27020,-0.007451710457002
AT4G27030,-0.5560337174439537
AT4G27040,0.3881023093492169
AT4G27050,-0.4030396393790168
AT4G07745,-0.04293821367016831
AT4G07765,-0.21094512799196408
AT4G07775,
AT4G27060,-0.09849107273209247
AT4G27070,0.24938907486957113
AT4G27080,-0.06554461287575494
AT4G27090,0.21655114271285258
AT4G27100,0.02761151894302753
AT4G27110,-0.19565129138178108
AT4G07785,0.10413480784020256
AT4G27120,0.05681700521975661
AT4G27130,0.4152848589515315
AT4G27140,0.48173823128040655
AT4G27150,0.2686578413566841
AT4G27160,-0.06322022744662584
AT4G27170,-0.4952568997674163
AT4G27180,0.09036525825605438
AT4G27190,0.003433967787866319
AT4G27220,0.0779252885252833
AT4G27230,0.2502739114459161
AT4G27240,0.026729594174167953
AT4G27250,-0.0905032077898522
AT4G27260,0.13561289772015483
AT4G27270,0.1072635747779507
AT4G27280,0.46753375407848324
AT4G27290,-0.12345018512924555
AT4G27300,-0.37652709133537615
AT4G27310,0.3248349135516372
AT4G27320,0.134777561547779
AT4G27330,-0.08092192906854717
AT4G07805,-0.048818628894703696
AT4G27340,0.3414051195862368
AT4G27350,0.1547444529330679
AT4G27360,0.07164984176897184
AT4G27370,-0.34275795419470306
AT4G27380,0.06330184536551405
AT4G27390,0.4982607618418938
AT4G27395,0.07209238142502321
AT4G27400,0.029649718544169888
AT4G27410,0.15061306143104747
AT4G27415,0.32810802604210976
AT4G27420,0.3121717679128902
AT4G07815,-0.14842002514584682
AT4G27430,-0.04857518903927844
AT4G27435,0.42495471890156233
AT4G27440,-0.045686345235054035
AT4G27450,-0.06030656651755724
AT4G27460,-0.13074191338743926
AT4G27470,-0.16792144582743027
AT4G27480,0.48246949056946725
AT4G27490,0.41731431406190095
AT4G07845,-0.2483953022610569
AT4G27500,-0.32550594070663147
AT4G07855,
AT4G27510,-0.0904218765733268
AT4G07865,0.0130939169343612
AT4G27520,0.27719024895043015
AT4G27530,0.35888933851484023
AT4G27540,0.14824624432346228
AT4G27550,0.5717872226429724
AT4G27560,-0.1360041372009495
AT4G27565,0.09948999149719434
AT4G27570,0.05278069587198377
AT4G27580,-0.03052980337041683
AT4G27585,-0.5600563132613444
AT4G27590,0.29282645191263196
AT4G27595,0.05019021313991344
AT4G27600,0.23765523021846274
AT4G07875,
AT4G27610,-0.4769377621535932
AT4G27620,-0.008785482144382998
AT4G27630,0.09908853531551344
AT4G27640,0.06032003389988348
AT4G27650,-0.16781914110049473
AT4G27652,0.5345440018876275
AT4G27654,0.3865189143807999
AT4G27657,0.12371733926405623
AT4G27660,-0.39507749431816136
AT4G27670,-0.5586478987654113
AT4G27680,-0.25446608437145174
AT4G27690,0.6718512883398409
AT4G27700,-0.1810644339664839
AT4G27710,0.30386151353340446
AT4G27720,-0.20959074099339428
AT4G27730,0.1701163143293637
AT4G07895,
AT4G27740,-0.32782616731536607
AT4G27745,-0.037630307221710436
AT4G27750,-0.2754169423765194
AT4G27760,-0.3532401353297992
AT4G27765,0.0467800853542234
AT4G27780,0.01421304438907253
AT4G27790,0.3929455751671601
AT4G27800,-0.22651682795283176
AT4G27810,0.3470949072103717
AT4G27820,-0.09991475255664807
AT4G07905,-0.058603415247514404
AT4G27830,-0.4195703083029994
AT4G27840,0.3235017819804773
AT4G27845,-0.03798238940341873
AT4G27850,0.03756052916701019
AT4G27852,0.15281149598022034
AT4G27860,-0.5941013434389543
AT4G27870,0.10160705687889829
AT4G27875,
AT4G27880,-0.36896642176384153
AT4G27885,0.09535102362963795
AT4G27890,0.3036969590187263
AT4G27900,-0.17757454249599977
AT4G27910,0.01681369565428871
AT4G27920,0.11691957759981429
AT4G27940,-0.38943237663080427
AT4G07925,0.00961886344616291
AT4G27950,0.3863240666152157
AT4G07955,-0.1403665047029818
AT4G27960,0.21752222258241682
AT4G27970,0.046236922769505716
AT4G27980,0.35335323021784665
AT4G27990,0.00037918980133208396
AT4G28000,-0.4687649832523614
AT4G28005,0.10879600630108983
AT4G28010,0.30055730340036574
AT4G28020,0.007345983087416887
AT4G28025,-0.13193434212815328
AT4G28030,-0.10191097416553056
AT4G28040,-0.6097068650570074
AT4G28050,0.35298436260750493
AT4G28060,0.5413106949705794
AT4G28068,0.09653637500654164
AT4G28070,-0.1692630816637271
AT4G28080,-0.5609220183855699
AT4G07975,
AT4G28085,-0.6243989480646728
AT4G28088,0.2737053765859327
AT4G28090,-0.43490888799643485
AT4G28100,0.32893030078081137
AT4G07985,-0.35908984728857435
AT4G28110,-0.10280972936594955
AT4G28130,-0.1909900288655762
AT4G28140,0.04032654834041388
AT4G28150,0.12174063814626435
AT4G28162,0.3056060386840384
AT4G28160,
AT4G28170,-0.1872732857059191
AT4G08005,
AT4G28180,-0.36447471641202905
AT4G08015,
AT4G28190,0.4630317275506765
AT4G28200,0.08998656398311838
AT4G28210,-0.03882502884970039
AT4G28220,0.11184661493397027
AT4G28230,0.03618899962806394
AT4G28240,0.36407595541876686
AT4G28250,0.10494942176335684
AT4G28260,-0.5453257556478993
AT4G28270,-0.04447957562213235
AT4G28280,0.20664383555542473
AT4G28290,
AT4G28300,0.15136446642718004
AT4G28310,0.13424537343559523
AT4G28320,0.2655142215679417
AT4G28330,-0.23577260771978595
AT4G28340,-0.025848424019447876
AT4G28350,-0.19438853122829122
AT4G28360,0.5036476307132836
AT4G28362,0.14713478179079162
AT4G28365,0.10743522449522751
AT4G28370,0.3835533341928762
AT4G28380,-0.07112339714314272
AT4G28390,4.6966225553457575e-05
AT4G28395,0.03978651650618411
AT4G28397,-0.07065132133455426
AT4G28400,0.1828917630284801
AT4G28405,0.2289696602674427
AT4G28410,0.3885553898708061
AT4G28420,-0.015982886585506374
AT4G28430,0.08589882848335686
AT4G28440,0.45253293643564996
AT4G28450,-0.06793779157623905
AT4G28460,0.22267970039078147
AT4G28470,-0.018651966426556935
AT4G28480,0.3160247274651358
AT4G28485,0.07944604034439132
AT4G28490,-0.1336838564159864
AT4G28500,0.16599667306736546
AT4G28510,-0.30323101237912603
AT4G28520,-0.2930088723312057
AT4G28530,0.07478232461848992
AT4G28540,0.314892407716831
AT4G28550,0.4962166748728325
AT4G28556,0.027910606379285403
AT4G28560,0.0857999492600221
AT4G28570,0.21768927328086893
AT4G28580,0.42300613914141216
AT4G28590,0.20061965461702355
AT4G28600,-0.28951729139170623
AT4G28610,-0.42312550397723625
AT4G28620,-0.11277855099263101
AT4G28630,0.3014862424432492
AT4G28640,0.1082199335135991
AT4G28650,0.48959368526037883
AT4G28652,
AT4G28660,0.3449473170108516
AT4G28670,0.07256409135968618
AT4G28680,0.14283955672371335
AT4G28690,-0.27114146743882844
AT4G28700,0.12212874240391061
AT4G28703,0.2533012440803192
AT4G28706,0.09913515853685484
AT4G28710,0.07822573435781777
AT4G28720,-0.03624824590470941
AT4G28730,0.24275493129128115
AT4G28740,-0.22298665283130462
AT4G28750,0.20497298080019272
AT4G28755,0.49018207172250694
AT4G28760,-0.35804926198665776
AT4G28770,-0.48743338832448735
AT4G28775,0.21955722305728653
AT4G28780,-0.2525634569550564
AT4G28790,0.14753543707385944
AT4G28800,-0.5449037951407737
AT4G28811,-0.4741961145247951
AT4G28815,0.06274101374698308
AT4G28820,-0.45341215410161595
AT4G28830,0.0387076006151864
AT4G28840,0.06770702146545911
AT4G28850,0.3231766410873122
AT4G28860,0.5544677416541657
AT4G28870,-0.04896611046574736
AT4G28880,0.46351420548633293
AT4G28890,0.26180558647841157
AT4G28910,-0.13825585480242
AT4G28915,0.1867288023109428
AT4G28920,0.3299849268376426
AT4G28930,-0.4663214999082231
AT4G28940,0.44189292104567385
AT4G28950,0.21648948003508148
AT4G28980,-0.378734820712682
AT4G28990,-0.018424772139310732
AT4G29000,0.03213188495544488
AT4G29010,-0.6239924829951378
AT4G29020,-0.040001429021549066
AT4G29030,-0.20230295879866353
AT4G29033,-0.002565082732738741
AT4G29035,-0.34404430148607695
AT4G29037,0.39317596428631973
AT4G29040,-0.007555196897286447
AT4G29050,0.2644406857247974
AT4G29060,0.06751574526494553
AT4G29070,0.18759580045324428
AT4G29080,0.13379997095302484
AT4G29090,0.010981191976950137
AT4G29100,-0.5827414551888866
AT4G08045,0.05784750349676446
AT4G29103,0.33011626314644155
AT4G29110,0.12664164894965382
AT4G29120,-0.42493780349730736
AT4G29130,-0.20670128721510433
AT4G08055,
AT4G08065,-0.11799706730304559
AT4G29140,-0.17993571610251344
AT4G29150,0.07342242949266353
AT4G29160,-0.14377253231344259
AT4G29170,0.5624957662208484
AT4G29180,-0.06993775600599506
AT4G29190,0.19937037429031612
AT4G29200,-0.09563528285348921
AT4G29210,0.29393132059062554
AT4G29220,-0.3074122943557026
AT4G29230,0.16947241890648165
AT4G29240,0.30977635752907173
AT4G29250,-0.41805592970057487
AT4G29260,0.037087069077263
AT4G29270,0.15403660529686786
AT4G29273,-0.5876069016940951
AT4G29280,-0.06739221250002873
AT4G29283,0.1605490460872064
AT4G29285,0.10692779416830733
AT4G29290,0.3098592655667907
AT4G29300,0.22696453076713652
AT4G08075,-0.05516685522034562
AT4G29305,0.2741493992705553
AT4G08085,
AT4G29310,0.12721972140655463
AT4G29330,-0.1920434917455383
AT4G29340,0.09931950231334397
AT4G29350,0.05418515557854643
AT4G29360,-0.29749974984431965
AT4G29370,0.22458482552749956
AT4G29380,0.11852188804494407
AT4G29390,-0.210526647418447
AT4G29400,0.002282736348264467
AT4G29410,0.07474090295411107
AT4G08125,
AT4G08155,
AT4G08165,
AT4G08175,
AT4G29415,0.04093264227507034
AT4G29420,0.28689671664845406
AT4G29430,0.08590850337791975
AT4G29440,-0.41561252863647985
AT4G29450,-0.28616249415331907
AT4G29460,0.0747001075314044
AT4G29470,0.529756338017412
AT4G29480,0.04356819827297444
AT4G29490,0.3323964921443931
AT4G29510,0.38674704763243034
AT4G29520,0.32370490606371044
AT4G29530,-0.37162575827594546
AT4G29540,-0.28627095730390795
AT4G08185,
AT4G29548,0.26847662505964864
AT4G29550,0.25687299355678317
AT4G29560,-0.001792742835851275
AT4G29570,-0.20727312796295466
AT4G29580,0.49643562471309954
AT4G29590,-0.11198298062982008
AT4G29600,-0.1619943362086513
AT4G29610,-0.27721468636927005
AT4G29620,0.5696848339463494
AT4G29630,0.04668166108795062
AT4G29640,-0.34295877862250423
AT4G29650,0.24054828352512372
AT4G29654,-0.0850489867649297
AT4G29658,0.22504225852633322
AT4G29660,-0.2753421449175769
AT4G29670,0.43499784829055116
AT4G29680,-0.349363350088079
AT4G29690,0.05265265721544328
AT4G08195,
AT4G29700,0.12469529215630835
AT4G08205,0.06264400903301862
AT4G29710,0.17210782094657018
AT4G29720,-0.29481181548422375
AT4G29730,0.24737162852843425
AT4G29735,0.06138122825095552
AT4G29740,-0.3991644328095259
AT4G29750,-0.27447549616941513
AT4G08215,0.20077660771304814
AT4G29760,0.11042307090388478
AT4G29770,-0.30251085286467383
AT4G29780,-0.1472653591400286
AT4G29790,0.21485957542901496
AT4G29800,0.16851958208084342
AT4G29810,0.13480438875916576
AT4G29820,-0.18119563691241825
AT4G29830,0.10762974309742639
AT4G08225,
AT4G29840,-0.5803830168954193
AT4G29850,0.6848511624056607
AT4G29860,0.17159792027019918
AT4G08235,
AT4G29870,-0.007455609165850469
AT4G29880,-0.3981645999469527
AT4G29890,-0.17683659387978298
AT4G29900,-0.058712611966833354
AT4G08245,
AT4G08255,
AT4G29905,0.2825242979969632
AT4G29910,0.07469289557029786
AT4G29920,-0.28882750415420955
AT4G29930,-0.43496652145533754
AT4G29940,0.4088435304227205
AT4G29950,-0.02510877553154604
AT4G29960,0.2983363002839487
AT4G29970,0.16472143800901556
AT4G29980,-0.022620060137876305
AT4G29990,0.16049528723106618
AT4G30000,-0.5012353075668212
AT4G30010,-0.09418952339358026
AT4G30020,0.23125190186795905
AT4G30030,0.29625185159980294
AT4G08265,0.04806760131890713
AT4G30040,0.5393284677013797
AT4G30050,-0.4320517473883459
AT4G30060,-0.26357917857837554
AT4G30064,0.18283216175152614
AT4G30067,0.35916894422718343
AT4G30070,0.1609879671978148
AT4G30074,0.3760985201974815
AT4G30080,0.0800065983638936
AT4G30090,0.6670395454155844
AT4G30100,-0.5360931301786339
AT4G30097,
AT4G30110,-0.0778174343893102
AT4G30120,0.14433281465453074
AT4G30130,-0.04270586690692488
AT4G30140,0.2605689492420183
AT4G30150,0.2159319943732776
AT4G30160,-0.7292404671113474
AT4G30170,0.16744452230020287
AT4G30180,-0.08943221397496048
AT4G30190,0.31810462479110935
AT4G30200,-0.29883882456470606
AT4G30210,-0.5589881785853476
AT4G30220,0.016865869355950386
AT4G30230,0.4377437697810578
AT4G30240,0.16883628411398366
AT4G30250,-0.2877462526957068
AT4G30260,-0.2598435771951207
AT4G30270,0.23026739131283497
AT4G30280,0.23796089819632907
AT4G30290,-0.4910288109383771
AT4G30300,-0.07583083481819228
AT4G30310,0.43140293870410057
AT4G30320,-0.14537145540809
AT4G30330,-0.11048303162864546
AT4G30340,-0.3067594731021856
AT4G30350,-0.4345786946443181
AT4G30360,-0.25261140854901165
AT4G30370,0.036193319244048984
AT4G30380,-0.059417269422853046
AT4G30390,0.03865273267942337
AT4G30400,-0.8462637274328978
AT4G30410,-0.3569623677509521
AT4G30420,0.3213575615684281
AT4G30430,-0.15480595008530262
AT4G08285,
AT4G30440,0.035597358499467165
AT4G30450,0.15632370177798038
AT4G30460,0.044594580494811215
AT4G30470,-0.11194608481737496
AT4G30480,-0.1194168334033112
AT4G30490,0.29260974940585727
AT4G30500,0.22771997612629954
AT4G30510,0.32961556030672073
AT4G30520,0.14056840569880427
AT4G30530,-0.09209288803245569
AT4G30540,0.2513253836585467
AT4G30550,-0.017162817722537988
AT4G30560,-0.293153246527728
AT4G30570,-0.2142380700858469
AT4G30580,-0.35804887355551784
AT4G30590,0.4482008437837329
AT4G30600,-0.06373684690619072
AT4G30610,-0.3007751313332091
AT4G08295,
AT4G30620,-0.44229250272763876
AT4G30630,0.040502228224575526
AT4G30640,0.3083578887555877
AT4G30650,0.45980034736018865
AT4G30660,-0.06861984580337062
AT4G08305,
AT4G30662,-0.3822140622258392
AT4G08315,
AT4G30670,0.1423967591963348
AT4G30680,0.15552408757962152
AT4G08325,
AT4G30690,-0.007118748289711414
AT4G30700,-0.0005777274098489673
AT4G30710,-0.6620863890551469
AT4G30720,0.29068623330290516
AT4G30730,-0.05716332174841814
AT4G30740,0.15482340988875062
AT4G30750,0.5492359219952162
AT4G08335,
AT4G30760,-0.33664955191328355
AT4G30770,0.3408481774253789
AT4G30780,0.028753380800380254
AT4G30790,0.14902720119652163
AT4G08355,-0.05047411902304749
AT4G30800,0.2511024858650672
AT4G30810,0.2576689908230711
AT4G30820,-0.29909761980263894
AT4G30825,0.2573193877572925
AT4G30830,0.09995844139753911
AT4G30840,0.5115911973288244
AT4G30845,0.35222372660016216
AT4G30850,-0.004664816691619863
AT4G30860,-0.026723341476996038
AT4G30870,-0.20384281555738662
AT4G30872,0.06383075633393466
AT4G08365,-0.21600115361965136
AT4G30880,0.2671852885382687
AT4G30890,-0.017359986900195225
AT4G30900,0.19715733131799498
AT4G30910,0.24490628375876586
AT4G30920,0.08915054969240073
AT4G30930,-0.24624855199806153
AT4G30935,0.2396727677288583
AT4G30940,0.4122975687793017
AT4G30950,-0.3708554446450163
AT4G08385,-0.05518716053329723
AT4G30960,0.1498431219137393
AT4G30970,-0.0027616652123155943
AT4G30975,-0.033117926309429745
AT4G30972,
AT4G08415,-0.4552563697348046
AT4G30980,0.1178411501688608
AT4G30990,-0.3038418270771722
AT4G30993,0.35013100388735524
AT4G08425,
AT4G30996,-0.1132890615412315
AT4G31000,0.42004651728842257
AT4G31010,0.4576148233582989
AT4G31020,0.15868673327222016
AT4G31030,0.21849151223834837
AT4G31040,-0.19169909261899892
AT4G31050,-0.12453610444296673
AT4G31060,0.5158562368630164
AT4G31070,0.3150728543792401
AT4G31073,
AT4G31075,-0.21806923443291634
AT4G31080,0.4436242310800089
AT4G31100,0.060282752930002396
AT4G31110,-0.5352768323295942
AT4G31115,0.3336317929585806
AT4G31120,0.05931211819507962
AT4G31130,0.013449969177619427
AT4G31140,0.28770229487168547
AT4G31150,-0.034365752911712504
AT4G31160,0.007641515720900734
AT4G31170,0.2769138676985338
AT4G31180,-0.1445496911133789
AT4G31196,0.12172111144669659
AT4G31200,-0.19935629278490102
AT4G31210,-0.37862937405440805
AT4G31230,-0.08344155268743128
AT4G31240,-0.5945292551434772
AT4G31250,0.4179605259475326
AT4G31248,
AT4G31260,0.10036264897352852
AT4G31265,-0.2929453991315952
AT4G31270,-0.7676533076879004
AT4G31290,-0.24430572689068236
AT4G31280,
AT4G31300,0.3144943340562065
AT4G31310,0.2443171022303512
AT4G31320,0.31943579909888553
AT4G08435,0.33750198150891714
AT4G31330,-0.1311606199903029
AT4G31340,-0.13355750733668137
AT4G08445,0.181364467363989
AT4G08465,0.12264259646081291
AT4G08475,0.23380364617708355
AT4G08495,0.05977406411571243
AT4G31350,-0.7384214457708229
AT4G31351,0.30439889491440475
AT4G31354,-0.4793152269185823
AT4G31355,
AT4G31360,0.17994912197392604
AT4G31370,0.3315920063408072
AT4G31380,-0.12206422003219033
AT4G31390,-0.17377307132973566
AT4G31400,0.11957177183477594
AT4G31398,0.4140592603722032
AT4G08505,-0.07713775131631924
AT4G31405,-0.36098193959413066
AT4G31408,0.11093323592660916
AT4G31410,-0.5235603979443576
AT4G31420,0.2684321250312593
AT4G31430,-0.1866440446172367
AT4G31440,-0.1850587239412103
AT4G31441,0.26301463177049356
AT4G31450,-0.22590078762022608
AT4G31460,0.02235295407930109
AT4G31470,0.07065883412174678
AT4G31480,-0.6618672676201869
AT4G31490,-0.0387977937762336
AT4G31500,-0.4841552875247193
AT4G31510,0.17309744399155705
AT4G31520,-0.1864269900083164
AT4G31530,-0.07809797494152934
AT4G31540,-0.13757981791803817
AT4G08515,0.1307356796196964
AT4G31550,-0.3281640563232285
AT4G31560,0.5541599525058699
AT4G31570,-0.4533652547969471
AT4G31580,0.4579296973246708
AT4G31590,-0.17755478398935498
AT4G31600,0.34233791388176893
AT4G31610,0.025568835591907632
AT4G31615,0.09579096902723537
AT4G31620,-0.021793115676530785
AT4G31630,0.09793916565790503
AT4G31640,0.2022143730009524
AT4G31650,0.08289568861524768
AT4G31660,-0.2683616894306875
AT4G31670,0.36410262255933395
AT4G31680,0.3492051296757803
AT4G31685,0.13552250553990736
AT4G31690,-0.04455382557706626
AT4G31695,0.08578019214777788
AT4G31700,0.4341372416523242
AT4G31710,0.5248454315512235
AT4G31715,-0.04470936884936696
AT4G31720,0.5411323036651615
AT4G08525,0.13553352155416248
AT4G31730,0.6053028815553891
AT4G31750,0.3368921579389213
AT4G31740,
AT4G31760,-0.1612412154577142
AT4G31770,-0.38712301936043314
AT4G31780,-0.21927985892290028
AT4G31790,-0.17841943632514703
AT4G08565,-0.04766481473507296
AT4G31800,-0.23133277543665273
AT4G31805,0.21153153220463936
AT4G31810,-0.17441306019884278
AT4G31820,-0.08354743597890535
AT4G31830,-0.2652059993884121
AT4G31840,0.14743180200693248
AT4G31850,0.036956979771971224
AT4G08575,
AT4G31860,0.06803055512302479
AT4G31870,0.4724576669641962
AT4G31875,
AT4G31877,-0.15374775828300952
AT4G31880,-0.014218702290727057
AT4G31890,-0.6150618210684737
AT4G31895,-0.00604746931510935
AT4G31900,0.2794421876168516
AT4G31910,-0.5158428782606691
AT4G31920,-0.6706877894091757
AT4G31930,0.25687034842395456
AT4G31940,0.32615924880325203
AT4G31950,-0.10567245638836505
AT4G08585,0.3080976611966886
AT4G08595,
AT4G31960,0.38021695923696486
AT4G31970,0.16395571365282652
AT4G31980,0.5701426305590267
AT4G08615,
AT4G08625,
AT4G31985,-0.09797560775020121
AT4G31990,-0.3965677685541504
AT4G32000,-0.1439578744720492
AT4G08635,0.3228708579495205
AT4G32010,-0.2790709818794533
AT4G32020,-0.02800957926284137
AT4G32030,-0.0508790271616687
AT4G32040,-0.15446286542295812
AT4G32050,-0.5208274599699707
AT4G32060,-0.23821674196875056
AT4G32070,-0.2577588855526465
AT4G32080,-0.07060483282664622
AT4G32090,0.05745939733736782
AT4G32100,0.06968287690439906
AT4G32105,0.26759325847102133
AT4G32110,-0.2907490214382067
AT4G32120,-0.4614770682390488
AT4G32130,-0.0952856926037883
AT4G32140,-0.2131309228411288
AT4G32150,-0.2768061264443847
AT4G32160,0.20856528464369223
AT4G32170,-0.0839756205626701
AT4G32175,0.12210204700291588
AT4G32180,-0.42726076487578346
AT4G32190,0.13014472232771146
AT4G32200,-0.5983748972098367
AT4G32210,-0.7074435453379555
AT4G32208,0.22632840808826066
AT4G32230,0.30525177161560696
AT4G32240,0.35655665894090394
AT4G32250,-0.1838289177938707
AT4G32260,0.19151260196396908
AT4G32270,-0.0606816430115443
AT4G32265,-0.11984621715952445
AT4G32272,0.42902288226674723
AT4G08665,-0.183549542032853
AT4G32280,-0.042286339230973226
AT4G32285,0.02932621754545982
AT4G32290,0.3473294076587034
AT4G32295,0.2911512050588997
AT4G32300,-0.1417051973310415
AT4G32320,0.36818361332571664
AT4G32330,0.37452852949604043
AT4G32340,0.1835902718097118
AT4G32342,0.21854009268774974
AT4G32350,-0.38637169196986954
AT4G32360,0.43159918436400624
AT4G32370,0.16689832382182168
AT4G32375,0.14867693417035088
AT4G32380,0.4725058728390702
AT4G32390,0.13671410191804875
AT4G32400,-0.7420203800482761
AT4G32410,0.2618440163840658
AT4G32420,0.3958411076355969
AT4G32430,-0.149300462426778
AT4G32440,-0.5293684562730874
AT4G32445,-0.24507392635136674
AT4G32450,0.21289276878614452
AT4G32460,0.06067028747042331
AT4G32470,0.36848983535425933
AT4G32475,0.21095279441965292
AT4G32480,-0.05780192304750943
AT4G32490,0.21291105711821368
AT4G32500,-0.7332453072542854
AT4G32510,0.014984404827629461
AT4G32520,-0.3258050318861716
AT4G32530,0.7660514365836896
AT4G32535,
AT4G32540,0.07153969401715721
AT4G32551,0.07938488553820819
AT4G32560,-0.1245382191628147
AT4G32570,-0.3505741756398896
AT4G32580,0.16451224066282305
AT4G32590,0.319370408832605
AT4G32600,-0.6681974562968959
AT4G32605,0.3074734863163039
AT4G32610,-0.07881470206131798
AT4G32620,0.2949093867290309
AT4G32630,-0.28523649762074854
AT4G32640,0.0018709030830242614
AT4G32650,0.26721947466365664
AT4G32660,-0.14437954644786122
AT4G08705,
AT4G32670,-0.19169074380702247
AT4G32680,-0.4514517433798296
AT4G32690,0.07557058471885739
AT4G32700,-0.34072066006990503
AT4G32710,0.2629411392083764
AT4G32714,-0.3793967570973302
AT4G32717,0.23775255280188723
AT4G32720,0.1953855512155313
AT4G32730,-0.04388404231637523
AT4G32750,-0.08510915937071503
AT4G32760,-0.03941845419371912
AT4G32765,0.09078651731062948
AT4G32770,-0.34371722537549815
AT4G32780,0.1842986798591779
AT4G32790,-0.021322584316477933
AT4G32800,-0.13764228270927747
AT4G32810,-0.379180125388191
AT4G32820,0.07881885173448006
AT4G32830,-0.45750744094091067
AT4G32840,-0.48327365866918076
AT4G32850,0.024730372925998105
AT4G32860,0.41610431140225024
AT4G32870,0.03691286806576556
AT4G32880,-0.03376099916149001
AT4G32890,0.31207419941214226
AT4G32900,0.5007292665440961
AT4G32910,-0.37402508533436646
AT4G32915,-0.1157141668607209
AT4G32920,-0.29691205867151743
AT4G32930,-0.4792763578249546
AT4G32940,-0.3528147591233478
AT4G32950,-0.306544447576845
AT4G32960,-0.209825082601921
AT4G32970,0.09457497492270191
AT4G32980,-0.07289971416028443
AT4G08715,0.08509634017781974
AT4G32990,-0.09679590934025792
AT4G33000,-0.04568791148178154
AT4G33010,-0.6511013891915092
AT4G33020,0.4643847196010264
AT4G33030,0.06062127654665298
AT4G33040,-0.0033932297826404626
AT4G33050,-0.46781203157973755
AT4G33060,0.11214343401831975
AT4G33070,-0.004339067066879179
AT4G08725,
AT4G33080,-0.05957387549827226
AT4G08755,0.269862125850513
AT4G33090,-0.14101429300231927
AT4G33100,-0.28455219829196865
AT4G33110,-0.36761690437028327
AT4G33120,-0.4004171243205042
AT4G33130,-0.020545700689773554
AT4G33140,-0.10674495774533427
AT4G33145,0.18681931442853786
AT4G33150,-0.09040088136380511
AT4G33160,0.27373372436996257
AT4G33170,0.11615000750720471
AT4G33180,-0.25043761691287125
AT4G33200,-0.19557499214806534
AT4G33210,-5.921925432432943e-05
AT4G33220,0.014582367245131154
AT4G33230,0.4050332702490448
AT4G33240,-0.2793231210751881
AT4G08775,
AT4G33250,-0.2905466189260417
AT4G33260,0.14373741339060636
AT4G33270,0.02154875692503496
AT4G33280,-0.013567510923142803
AT4G33290,-0.5831704180200382
AT4G33300,0.08349825871246933
AT4G08785,-0.3493407934395989
AT4G33310,
AT4G33320,-0.07106619478174729
AT4G33330,0.21336975686049484
AT4G33350,0.20899650122736144
AT4G33355,-0.030810926383780607
AT4G33360,-0.4468265352989437
AT4G33370,0.4410336349717347
AT4G33380,-0.7349748681316284
AT4G33390,0.07668978449286677
AT4G33400,-0.07924136108851179
AT4G33410,-0.15079942173697594
AT4G33420,0.006259747507098082
AT4G33430,-0.2702978312935585
AT4G33440,-0.5542181662815667
AT4G33450,-0.260707852319434
AT4G33460,-0.037029174946928416
AT4G33465,0.22749179221527943
AT4G33467,0.07625019571416092
AT4G33470,0.15311342541012185
AT4G33480,-0.7221169060868491
AT4G33490,-0.2350566834320928
AT4G33495,-0.2427467256024514
AT4G33500,0.043717337119488914
AT4G33510,-0.3545435507678528
AT4G33520,-0.11740575086960117
AT4G33530,0.5060990077973122
AT4G33540,0.16774370688921883
AT4G33550,0.17343591074200781
AT4G33560,0.13761544570973885
AT4G33565,0.15067497701272065
AT4G33580,-0.028373055224520938
AT4G33585,-0.3794700990601276
AT4G33590,0.20129876673314392
AT4G33600,0.11813912268440332
AT4G33610,0.10946951095613146
AT4G33620,-0.1309752667921039
AT4G33625,0.07412171314365246
AT4G33630,-0.35864825295120994
AT4G08795,
AT4G33640,-0.37954350701450096
AT4G08805,
AT4G33650,-0.3082720470961359
AT4G33660,0.16459420770294733
AT4G33666,0.26532275066925215
AT4G08815,
AT4G33670,-0.28930928151370966
AT4G08825,
AT4G33680,0.046682083211187025
AT4G33690,0.7047107841733222
AT4G33700,0.2578886372816854
AT4G33710,0.294817299748568
AT4G33720,0.2508224300387542
AT4G33730,0.1686162821610975
AT4G33735,
AT4G33740,-0.5182395455973198
AT4G33760,-0.20394824500946004
AT4G33770,-0.03415536665237556
AT4G08835,-0.6577211695023919
AT4G08845,
AT4G33780,0.16368510756970245
AT4G33790,-0.559024300332935
AT4G33800,0.11858756491897338
AT4G33810,0.12256150923952518
AT4G08855,0.11823057471164575
AT4G33820,0.13363281748075703
AT4G33830,0.07460321025188879
AT4G33840,0.35887672182188
AT4G33860,-0.28766477833918996
AT4G33865,0.5010741785009512
AT4G33870,-0.14997284052838958
AT4G33880,0.06719489044448673
AT4G33885,-0.407899160468056
AT4G33890,0.42020357751058834
AT4G33900,-0.11172184690937963
AT4G33905,0.5401930878919741
AT4G33910,-0.08502104944490625
AT4G33920,-0.018357133376120636
AT4G33925,-0.5915662176096389
AT4G33930,0.3718105651459197
AT4G33940,0.19274639300295632
AT4G33945,-0.02202173540587024
AT4G33950,0.6190362144012361
AT4G33960,0.41046260173147886
AT4G33970,0.0095559487008718
AT4G33980,0.007468987543400967
AT4G08865,0.09249706468083357
AT4G33985,0.20291015652701266
AT4G33990,0.1565202377709672
AT4G34000,0.19617967318373142
AT4G34020,-0.3311058077821498
AT4G34030,0.058562555839258054
AT4G34035,
AT4G34040,-0.012168602989952941
AT4G34050,0.1141459318039269
AT4G34060,0.14180980485060027
AT4G08885,0.18064197449962568
AT4G08915,-0.43188804004887843
AT4G34070,-0.12103556380833715
AT4G34071,0.43748284250587866
AT4G34090,-0.041722169429900806
AT4G34080,
AT4G34100,0.06531481098148172
AT4G34110,-0.13034450208185272
AT4G34120,0.42806695545167955
AT4G08925,
AT4G34131,0.1675238300288563
AT4G08935,
AT4G34135,-0.05411109392435833
AT4G34138,-0.16869243171981488
AT4G34139,
AT4G34140,-0.495944417463791
AT4G34150,0.1869409549356815
AT4G34160,0.14773356947290223
AT4G34170,-0.1215786022608112
AT4G34180,-0.20548629460362927
AT4G34190,-0.29352907408574
AT4G34200,0.01830572607541802
AT4G34210,-0.2756175509207379
AT4G34215,0.047913189803443945
AT4G34220,-0.1580909542431568
AT4G08955,0.0008452555159439275
AT4G34230,-0.4569330020128498
AT4G34240,0.4501168714326905
AT4G34250,-0.5714510608636921
AT4G34260,-0.3645193438810649
AT4G34265,0.4155633778017589
AT4G34270,0.5056900217689742
AT4G34280,-0.009584982281490226
AT4G34290,-0.3182230403075082
AT4G34300,-0.23388132600199452
AT4G34310,-0.2252471910821345
AT4G08965,
AT4G34320,0.10076464311808453
AT4G08975,-0.03457540533514995
AT4G34330,0.01136763361010512
AT4G34332,
AT4G34340,-0.3502195390318255
AT4G34345,
AT4G34350,-0.0032917953694397276
AT4G34360,0.02786835085431869
AT4G34370,-0.14255484652443168
AT4G34380,-0.10614159963754026
AT4G34390,0.05637551346429515
AT4G34400,0.2854985300857355
AT4G34410,-0.20834897351641118
AT4G08985,
AT4G34412,0.12408043755452128
AT4G34415,0.15895745218724666
AT4G34419,-0.01374090892943264
AT4G34420,0.2958178982298477
AT4G34430,-0.30350215324179086
AT4G34440,0.3413946567805893
AT4G09005,-0.3131018914129235
AT4G34450,-0.4919098744886985
AT4G34460,0.7229956073023881
AT4G34470,0.014488264077729464
AT4G34480,0.09442578683425296
AT4G34490,0.006930067376795985
AT4G34500,0.09502022974795936
AT4G34510,-0.10677132089244003
AT4G34520,0.04519545602568758
AT4G34530,
AT4G34540,-0.12536115285590058
AT4G34550,-0.10240649248448604
AT4G34555,-0.02129033049528078
AT4G34560,0.6065688625970656
AT4G34570,0.47262437095573173
AT4G34580,-0.03757607518765357
AT4G34590,-0.1626422524524494
AT4G34600,0.14202893570728609
AT4G34610,0.3296244996078578
AT4G34620,0.1572436272693311
AT4G34630,0.22895826906559258
AT4G34640,-0.1780251799331371
AT4G34650,0.0345875349942632
AT4G34660,0.053298818485093956
AT4G34670,0.27265723104142925
AT4G34680,0.3816698866718401
AT4G34690,0.11093016560603708
AT4G34695,0.16998524247306881
AT4G34700,0.18071248180303295
AT4G34710,-0.5201766916017997
AT4G09015,-0.80989861928789
AT4G34720,0.07618862277401003
AT4G34730,-0.13001870048687086
AT4G34740,-0.6113429800131909
AT4G34750,0.24773831032118868
AT4G34760,0.3262628494374877
AT4G09025,-0.13492271363651662
AT4G09045,0.12433030395638667
AT4G09055,
AT4G34770,0.03668484033289968
AT4G34780,0.09433475339934125
AT4G34790,0.23549767419543197
AT4G34800,0.18866176596488737
AT4G34810,0.29964791325293194
AT4G34830,-0.01756100457333301
AT4G34840,-0.4593557872668977
AT4G34850,-0.16941223842395137
AT4G34860,-0.012678085814441985
AT4G34870,0.22570368221524187
AT4G34880,-0.34870852660959784
AT4G34881,0.5087092975253839
AT4G34890,-0.2805545061246631
AT4G34900,-0.1536649531153472
AT4G34910,0.05277781751298266
AT4G34920,0.12155648091164638
AT4G34930,-0.16881658283052842
AT4G34940,-0.4565605168647093
AT4G34950,0.37838311411992354
AT4G34960,0.2879555660114122
AT4G34970,-0.21804042543891625
AT4G34975,0.05722633008918964
AT4G34980,0.32067088800082055
AT4G34990,0.1601176420102021
AT4G35000,0.20059491294158105
AT4G35010,0.12673019709831704
AT4G35020,-0.49208159249068445
AT4G35030,-0.3156508923749241
AT4G35025,
AT4G35040,0.06449759005534347
AT4G35050,0.0014056221093477705
AT4G35060,0.16110841804784673
AT4G35070,-0.6861678434132152
AT4G35080,-0.255486154907961
AT4G35090,-0.545933243524117
AT4G09065,0.14069952905951355
AT4G09075,-0.4561649426849616
AT4G09085,0.12957302486320685
AT4G35100,0.26681238506600335
AT4G35110,-0.26532469266622627
AT4G35120,0.18973005277395544
AT4G09105,-0.09272730228313834
AT4G35130,0.0544647334460309
AT4G35140,0.0099019629617088
AT4G35150,-0.4232231007235349
AT4G35160,-0.3447688579338652
AT4G35165,0.3891633189284322
AT4G35170,-0.05903043524799134
AT4G35180,0.4080165674220747
AT4G09115,-0.057440448503093745
AT4G09125,-0.035496169234073637
AT4G35190,0.22363823765319263
AT4G35200,0.16992033659985678
AT4G35210,0.21223146971410772
AT4G35220,0.013508572364734383
AT4G09135,-0.14716094760626514
AT4G35230,-0.35742580683315794
AT4G35240,-0.3676023520806026
AT4G35250,0.4137768204130417
AT4G35260,-0.529092434304566
AT4G35270,-0.12325023041147479
AT4G35280,0.20179771043369812
AT4G35290,0.284825350044472
AT4G35295,-0.6217199662644405
AT4G35300,-0.3539262938539979
AT4G09145,0.14945677244819464
AT4G35310,-0.44302735460506176
AT4G35320,0.006306618677977054
AT4G35335,0.5023837949977122
AT4G35350,-0.19070013901580288
AT4G35360,0.37141662516996116
AT4G35370,0.15722965737384223
AT4G35375,-0.36294616452427364
AT4G35380,0.15453356460182693
AT4G35390,-0.3838119901363799
AT4G35410,-0.06384073545353501
AT4G35420,0.28786562642343283
AT4G35440,0.23738167658622733
AT4G35430,
AT4G35450,0.11697614814758447
AT4G35460,0.014299345807307512
AT4G35470,-0.7572121506881014
AT4G35480,-0.34048804258671755
AT4G35485,
AT4G09155,0.20430008840911254
AT4G35490,0.18661069931981358
AT4G35500,-0.8357976230703491
AT4G35510,-0.19267066954615314
AT4G35519,0.1503403932255588
AT4G35520,-0.5271649504900032
AT4G35530,0.24447548674666314
AT4G09165,
AT4G35540,0.07989089200880803
AT4G35550,-0.5700164307418771
AT4G09175,-0.16391541883882746
AT4G09185,
AT4G09195,0.07209651243695506
AT4G35560,0.36951114498017973
AT4G35570,-0.5088812676707375
AT4G35580,0.1347217820589595
AT4G35590,-0.11292638816501172
AT4G35600,-0.08155243575865823
AT4G35610,-0.5912372830446725
AT4G35620,0.5596523784253024
AT4G35630,0.3842674157390434
AT4G09225,
AT4G35640,0.34209504084108794
AT4G35650,-0.03818232255100532
AT4G35655,0.059845509718721907
AT4G35660,-0.1970199360080404
AT4G09235,0.10086615549379185
AT4G35670,0.17969839643389346
AT4G35680,0.04913630463320616
AT4G35685,-0.32570371995496356
AT4G35690,0.04547074630059027
AT4G35700,0.1185633523659059
AT4G35710,0.41294775821784024
AT4G35720,0.5182679681786779
AT4G35725,0.2006764850005109
AT4G35730,0.5102853087039068
AT4G35733,0.1761301299086765
AT4G35740,0.0012669486914748797
AT4G35750,0.4138000242600767
AT4G35760,0.18392026115930932
AT4G35770,0.013589124572331301
AT4G35780,-0.08824378957427281
AT4G35783,0.3908907653933354
AT4G35785,0.604006195262399
AT4G35790,0.42318009571365933
AT4G35800,-0.1625690158086116
AT4G35810,-0.2558851748128474
AT4G35820,0.006243382802078822
AT4G35830,-0.49033540103830725
AT4G35840,0.12584550620977808
AT4G35850,0.3215523214256183
AT4G35860,-0.02905707888461973
AT4G35870,-0.07448220022216434
AT4G35880,0.17824143186275765
AT4G35890,-0.31981807493982417
AT4G35900,0.009140057491209967
AT4G35905,-0.13439088984515912
AT4G35910,0.00201925585106812
AT4G35920,0.24999943376269548
AT4G35930,-0.22798530545409595
AT4G35940,-0.1569417977569721
AT4G35950,0.28897274750564655
AT4G09240,0.13183503184807716
AT4G35970,0.2505592685073818
AT4G35980,0.5072469983199868
AT4G35985,-0.15013420978558553
AT4G35987,0.0319788342079751
AT4G36000,-0.4974272002150077
AT4G36010,-0.22994583134330457
AT4G36020,-0.07241229388750807
AT4G36030,
AT4G36032,0.02189772091917894
AT4G36040,-0.12164925524772806
AT4G36050,0.06492036022765371
AT4G36052,
AT4G36060,-0.1611207129202976
AT4G36070,0.32084152498939766
AT4G36080,-0.29783545251404103
AT4G36090,0.26444154411903475
AT4G36100,-0.07386120684373727
AT4G36105,-0.022377227500200707
AT4G36110,0.11132150249982722
AT4G36120,0.6173115722157116
AT4G36130,0.4525992541019239
AT4G36140,0.3183817251767639
AT4G36150,0.18788145340341078
AT4G36160,0.08974327481588686
AT4G36170,-0.04220281745776224
AT4G36180,0.137537913188714
AT4G36190,0.19890533851913905
AT4G36195,-0.434306452894107
AT4G36197,
AT4G36210,-0.28648953547894
AT4G09265,0.14324590833585032
AT4G36220,-0.0328718655457586
AT4G36230,-0.3420539932406516
AT4G36240,-0.14908321361083543
AT4G36245,0.09075941048188983
AT4G36250,-0.12835794057052632
AT4G09275,0.19258388544820496
AT4G36260,0.1591145023989099
AT4G09285,0.18208303589421534
AT4G36270,0.35616147603668147
AT4G36280,0.2172944558598701
AT4G36290,0.028298462160980187
AT4G36350,0.040840148070200935
AT4G36360,-0.7934089610838913
AT4G09295,0.14554673271741905
AT4G09305,0.0883546921557307
AT4G36370,-0.013932023436778343
AT4G36380,0.16823881322735232
AT4G36390,0.4069152082938034
AT4G36400,0.30048657461422695
AT4G36410,0.1497913580757688
AT4G36420,0.2215783869727808
AT4G36430,-0.3969311929100397
AT4G36440,0.14935549384837257
AT4G36450,0.005250828745355823
AT4G36460,-0.3346832561674428
AT4G36470,0.4420714804948115
AT4G09315,0.05302557712145793
AT4G09325,
AT4G36480,0.04041956295110825
AT4G36490,-0.4070435053623761
AT4G09335,0.09573980478835316
AT4G36500,-0.08866306510868975
AT4G36510,0.1798551957056321
AT4G36515,0.38858477271541036
AT4G36520,0.15174831137733955
AT4G36530,0.17330817855908484
AT4G36540,0.10386339900914449
AT4G36550,-0.3135864186484291
AT4G36560,0.08471067254073633
AT4G36570,-0.1105436188921039
AT4G36580,-0.22089735509674982
AT4G36590,0.04590828136583793
AT4G36600,0.6980928361634043
AT4G36610,0.1965790031768275
AT4G36620,0.01866382053173759
AT4G36630,-0.10994217380018877
AT4G36635,0.08045799802063577
AT4G36640,0.1952565427677172
AT4G36648,0.07766754066740682
AT4G36650,0.014333776142931505
AT4G36660,0.44629659127247173
AT4G36670,-0.03282631471850421
AT4G36680,-0.01412729534642122
AT4G36690,-0.14850547385639945
AT4G36700,-0.138729511059365
AT4G36710,0.09090657239571323
AT4G36720,-0.10693887959663445
AT4G09365,
AT4G36730,0.041495292216476534
AT4G09375,
AT4G36740,-0.35723372782650187
AT4G36750,-0.24059523067942604
AT4G36760,-0.3327352527887309
AT4G36770,-0.05667949857235406
AT4G09385,
AT4G36780,-0.15717040330321394
AT4G36790,0.07304050822023964
AT4G36791,0.1220734907863034
AT4G36795,-0.1641937056011514
AT4G36800,0.42482324963976076
AT4G36808,0.37424987096531676
AT4G36810,0.1442488926819433
AT4G36820,0.28665151326534705
AT4G36830,-0.01780928433335902
AT4G36840,0.22548174668010834
AT4G36850,0.09153459535811329
AT4G36860,-0.1510822970516356
AT4G36870,0.16367613705510645
AT4G36880,-0.24855781592024087
AT4G36890,0.7062066870906566
AT4G09395,0.20104156633455816
AT4G36900,-0.6334465437134552
AT4G36910,0.26038526443510523
AT4G09405,0.10603226787363701
AT4G09415,-0.625826189422072
AT4G09445,-0.05732508614595432
AT4G36920,0.19950564020089684
AT4G36925,-0.2715131371475832
AT4G36930,0.4458041299669072
AT4G36940,-0.42290331381595614
AT4G36945,-0.6012824530755583
AT4G36950,0.13948079274845546
AT4G36960,0.3543486520621053
AT4G09475,
AT4G36970,0.05807351432460297
AT4G36980,0.6024089228362518
AT4G36990,-0.07917318131680692
AT4G37000,0.002160899241509473
AT4G37010,0.17486720159652416
AT4G37020,0.040975782998030987
AT4G37022,0.24903672073553051
AT4G37030,0.381769625298918
AT4G37040,0.11779828503217758
AT4G37050,-0.5040085489001422
AT4G37060,0.27361864645026
AT4G37070,0.08310941266028914
AT4G37080,-0.12220763820212725
AT4G37090,-0.0031165692187613324
AT4G37095,0.5283116814386658
AT4G37100,-0.1569361858486652
AT4G37110,0.0841236006570145
AT4G37120,-0.32983313169830764
AT4G37130,-0.14684730498249798
AT4G37140,-0.14063654215226457
AT4G37150,0.18866337707280476
AT4G37160,0.274750099115519
AT4G37170,-0.12151795692330035
AT4G37175,
AT4G37180,0.1286627677438024
AT4G37190,-0.10253105873286564
AT4G37200,0.12211883097260838
AT4G37210,-0.35594442725342607
AT4G37220,-0.07054891177737657
AT4G37225,0.31916309155418876
AT4G37230,-0.13465199328520186
AT4G37235,0.03605722511639618
AT4G37240,-0.29427411472812665
AT4G37250,0.031607099994477646
AT4G09485,-0.047844637115761826
AT4G09495,-0.44777286011839534
AT4G37260,-0.06683848305377778
AT4G37270,-0.502167098895706
AT4G37280,-0.2676144296586283
AT4G37290,0.010105695952714154
AT4G37295,0.09150984434824842
AT4G37300,-0.07243942081692795
AT4G37310,0.47135941103975454
AT4G37320,0.1337054194253471
AT4G37330,-0.33941859020653786
AT4G37340,0.46172595618505247
AT4G37360,0.07557961476818298
AT4G37370,-0.16384870016356748
AT4G37380,-0.08599901137140728
AT4G37390,0.14989547582774548
AT4G37400,-0.019796890516910977
AT4G37409,
AT4G37410,
AT4G37420,0.006253800323487415
AT4G37432,0.154277928819436
AT4G37430,
AT4G37435,-0.7454796562575162
AT4G37440,-0.16986033996117494
AT4G37445,-0.17255905310140984
AT4G37450,-0.17990512473604242
AT4G37460,-0.38000007591640167
AT4G37470,-0.1947732126073735
AT4G37480,-0.019319313129714456
AT4G37483,-0.09034626939804909
AT4G37490,-0.048434926858070666
AT4G37500,0.1944096596975091
AT4G37510,-0.15309099047579952
AT4G37520,-0.4079029120630971
AT4G37530,0.09244134628234982
AT4G37540,-0.034485869822779014
AT4G37550,0.10683461548256179
AT4G37560,0.1928064102708242
AT4G37553,0.17580683817350914
AT4G37580,0.057514393277978235
AT4G37590,0.18917164642034
AT4G37608,0.058619803735367806
AT4G37610,-0.05997625286251152
AT4G37630,0.06242373312886161
AT4G37640,-0.3625131904083248
AT4G09515,-0.6090330647586115
AT4G09525,-0.12937158108167565
AT4G37650,0.28258993233703406
AT4G09535,0.08747446720178113
AT4G37660,0.05515758611953175
AT4G37670,-0.410040786458528
AT4G09555,0.13368216941088923
AT4G37680,-0.1710915433620214
AT4G37682,0.2045411566463639
AT4G37685,0.17043448877397693
AT4G09575,
AT4G09605,-0.33200638759043766
AT4G37690,0.12534611184928796
AT4G37700,
AT4G09635,0.27885297847202334
AT4G37710,0.2776190986867533
AT4G37720,0.12371094946151624
AT4G09645,-0.024897511613157612
AT4G37730,0.12964344424007865
AT4G37740,-0.09409001051571057
AT4G09655,0.08897651662469312
AT4G37750,-0.11294931627015231
AT4G37760,-0.20290515134577802
AT4G37770,0.11082336667530363
AT4G37780,0.041078413309332956
AT4G09665,0.1688992567194507
AT4G37790,-0.0478273703247039
AT4G37800,0.05197535395814611
AT4G37810,0.29550817089765835
AT4G37820,0.0006500879637214323
AT4G37830,0.1983934432062913
AT4G37840,0.5012315618456317
AT4G37850,0.44852111600911276
AT4G37860,0.44338536532479006
AT4G37870,-0.48868973197460863
AT4G37880,-0.44995601126866713
AT4G37890,-0.3775584230810554
AT4G37895,-0.06385589205074144
AT4G09675,
AT4G37900,0.1054959401168349
AT4G37910,0.1353252832247195
AT4G37920,0.24218044312225234
AT4G37925,0.36898371295566434
AT4G37930,-0.2793320125416367
AT4G37940,0.33570373385581825
AT4G37950,-0.4098648770937562
AT4G37970,0.2700768431274334
AT4G37980,-0.6269706568676103
AT4G37990,0.22016891759497337
AT4G38000,0.13173955484876057
AT4G38005,
AT4G38010,-0.2082586726810294
AT4G38020,0.31049735768857645
AT4G38030,-0.07272336149867056
AT4G38040,0.1479249301691016
AT4G38050,0.45806121655013216
AT4G38060,0.34113591323844694
AT4G38062,0.44370744692578284
AT4G38065,0.012330077192728361
AT4G38070,0.1297323261690074
AT4G38080,0.4517593265656225
AT4G38090,0.18174090707490276
AT4G38092,0.18233295842265926
AT4G38100,-0.10792139355504904
AT4G38120,0.31752583119867084
AT4G38130,0.06726477009740316
AT4G38140,0.07185836429871613
AT4G38150,0.3658935329415827
AT4G38160,0.29242241315559125
AT4G38170,0.26490170674431524
AT4G38180,0.4985352329610332
AT4G09685,
AT4G38190,-0.410518148605336
AT4G38200,-0.6041769013357402
AT4G38210,-0.3450769665880074
AT4G38215,0.33258376285853164
AT4G38213,0.08386804851355023
AT4G38220,0.23008074395003883
AT4G38225,0.1339309054789682
AT4G38230,0.16567028283512847
AT4G38240,0.03078871969436014
AT4G38250,
AT4G09695,
AT4G38260,0.5394375934858948
AT4G38270,0.2329224385318499
AT4G38280,0.2849858237589708
AT4G38290,-0.03714625424745543
AT4G38300,0.45614150673231546
AT4G38310,0.06868594306096042
AT4G38320,0.47452638929989577
AT4G38330,0.3278470229998425
AT4G38340,-0.1920220230402782
AT4G38350,-0.45082259113280265
AT4G38360,0.5610489101204551
AT4G38370,0.12679655344417592
AT4G38380,-0.03425440455224531
AT4G38390,-0.06916504827931512
AT4G38400,-0.011452027611290085
AT4G38401,
AT4G38405,-0.10481163180087583
AT4G38410,-0.014096192672275753
AT4G38420,-0.28070566140122133
AT4G38430,-0.17162809021645367
AT4G38440,-0.2192149839717981
AT4G38460,0.021061314033014946
AT4G09705,0.004115896100399371
AT4G38470,-0.11211390883201883
AT4G38480,0.1734954130795451
AT4G38490,0.4206424871480883
AT4G38495,-0.02490857589478687
AT4G38500,0.3716300997192968
AT4G38510,0.10934291736894541
AT4G38520,0.33625063381821
AT4G38530,0.15784529385926982
AT4G38545,0.18412945806576872
AT4G38540,
AT4G38552,0.15829527360250922
AT4G38550,-0.33501588918889313
AT4G38560,-0.5858977006797785
AT4G09715,
AT4G38570,-0.280847021163769
AT4G38580,-0.39765717905594433
AT4G38590,-0.19942174395417425
AT4G38600,-0.18214828059846438
AT4G09725,0.22194569178375878
AT4G38620,0.07265759195628413
AT4G38630,-0.24137053551906051
AT4G38640,0.36219148593500067
AT4G38650,-0.18993992903118495
AT4G38660,-0.03433160108880875
AT4G38670,0.0599345934937953
AT4G38680,-0.22745110229305093
AT4G38690,0.19782559949807302
AT4G38700,0.4256761388488701
AT4G38710,0.3707443983358278
AT4G38730,0.06938991954897722
AT4G38740,0.3243392701820282
AT4G38760,-0.24177081044223633
AT4G09735,
AT4G38770,-0.39147355035993103
AT4G38775,
AT4G38780,0.2856997090025061
AT4G38781,-0.2689897575078012
AT4G38790,0.3131152876026754
AT4G38800,0.2156784407569101
AT4G38810,0.1691518553351446
AT4G09755,0.1066672131756016
AT4G38825,-0.24142640415320835
AT4G38820,
AT4G38830,0.2745244003549627
AT4G38840,-0.03424669403509021
AT4G38850,-0.04866407740356086
AT4G09765,0.4251543699941186
AT4G38860,-0.37807746579298634
AT4G38870,0.36316379133902854
AT4G38880,0.1879887919810391
AT4G38890,-0.0342286301041074
AT4G38900,-0.27372090525688236
AT4G38905,-0.18241312752949565
AT4G38910,-0.2981868478493241
AT4G38920,0.47583237257558003
AT4G38930,0.0730870834546747
AT4G38932,-0.2769865639004103
AT4G38940,-0.2356249077266434
AT4G38950,0.3406434094802439
AT4G38960,-0.3655342029455758
AT4G38970,0.22135323404747514
AT4G38980,0.08719938266997547
AT4G38990,0.3679012460821301
AT4G39000,-0.08113197171492605
AT4G39010,0.1662827782785497
AT4G39020,-0.1895973667655101
AT4G39030,0.20475082933377967
AT4G39040,-0.04684266597352276
AT4G09785,
AT4G39050,-0.2334211298759174
AT4G39060,-0.02268148607533362
AT4G39070,0.12242249731320413
AT4G39080,0.1001477934213959
AT4G39090,0.1099367323318703
AT4G39100,0.2567988364344094
AT4G39110,-0.13209640750914697
AT4G39120,0.5792848872928835
AT4G39130,0.14508160055521105
AT4G39140,0.3002806426871345
AT4G39150,-0.3947900220058252
AT4G39160,-0.3054194659747197
AT4G39170,0.23473040603735654
AT4G09815,
AT4G39180,0.030232012887253884
AT4G09825,-0.016184800308274683
AT4G39190,-0.02138714508812855
AT4G39195,-0.03321214959028477
AT4G39200,-0.052792955097093815
AT4G39210,-0.17574480788193475
AT4G39220,-0.15179832949175065
AT4G39230,-0.008460001135156972
AT4G39235,-0.07123101237403094
AT4G39240,-0.012776229530514063
AT4G39250,0.3279948499630493
AT4G39260,-0.5637718423155618
AT4G39270,0.17221865556995375
AT4G39280,0.06795374667316383
AT4G39290,-0.48609681525811066
AT4G39300,-0.3554598119776689
AT4G39320,-0.5235852950648688
AT4G39330,-0.651123286971202
AT4G39340,-0.2887288355656147
AT4G39345,-0.08950871411504255
AT4G39350,-0.5083750937546206
AT4G39360,0.006134572450982357
AT4G39361,-0.22272008624065223
AT4G09845,0.41386782082214874
AT4G39363,-0.2613856223794852
AT4G39364,0.4174792839596784
AT4G39366,0.2833401716198802
AT4G39370,-0.5068195882277448
AT4G39380,-0.22973333415693994
AT4G39390,-0.09712215731179981
AT4G09855,0.14556651055169892
AT4G39400,0.41113629513456124
AT4G39403,0.38512612367222404
AT4G39404,0.07469384922003479
AT4G09865,0.15777882873871069
AT4G39410,0.09974462038949393
AT4G39420,0.015488718975237493
AT4G39460,0.03835312022026184
AT4G39470,0.21870140625033818
AT4G39480,-0.11193999059392541
AT4G39490,0.20881597214257872
AT4G39500,-0.7119342954545226
AT4G39510,-0.4721653422784281
AT4G39520,-0.2921562089196728
AT4G39530,-0.02935344147051131
AT4G39540,0.03761475264594587
AT4G39550,-0.3150390049342535
AT4G39560,0.08139161729012495
AT4G39570,0.20244199967960008
AT4G39580,0.30692944578085796
AT4G39590,0.15897829220670728
AT4G39600,0.4256413474288138
AT4G09885,0.1903291547334754
AT4G09895,0.1369017451422815
AT4G39610,-0.015818927894553893
AT4G39615,-0.29466551698888793
AT4G39620,0.14440232624733532
AT4G39630,-0.00549221764609268
AT4G39640,-0.018048737059144164
AT4G39650,0.008856197748688692
AT4G39660,0.19994810111890285
AT4G39670,0.01065314632611511
AT4G39672,
AT4G39675,-0.3044636715538505
AT4G39680,-0.10595963431525232
AT4G39690,0.1697257515869322
AT4G39700,-0.14337734423506646
AT4G39710,0.2536529148671671
AT4G39720,0.2874670983674709
AT4G39730,0.129777159738156
AT4G39740,0.03624198072187395
AT4G39745,-0.09133732104782304
AT4G39750,0.1412834089780275
AT4G39753,-0.3920859968791132
AT4G09905,
AT4G39756,0.014079032982620093
AT4G39760,0.5074858744496261
AT4G39770,-0.36798754588200155
AT4G39780,-0.3017486829872275
AT4G39790,0.15902766958424522
AT4G39795,0.034868388601544
AT4G39800,0.006024074287524583
AT4G09915,-0.10186800556384067
AT4G39810,-0.0621917903998105
AT4G39820,0.15069882540850454
AT4G39830,-0.15864218458619933
AT4G39838,-0.030702427258969718
AT4G39840,0.036056833498027734
AT4G09925,
AT4G09935,0.09697684673490696
AT4G39850,0.19800090941403503
AT4G39860,-0.0594377564363517
AT4G09945,
AT4G39865,
AT4G39870,0.21671891645853816
AT4G39880,-0.30453736768999057
AT4G39890,-0.16560083014336258
AT4G39900,-0.6701568522658898
AT4G39910,-0.11287056683864224
AT4G39917,0.28088721722143356
AT4G39920,-0.061990416070484465
AT4G39925,0.4194560096432818
AT4G39930,0.7029154759187585
AT4G39940,-0.19836896278624594
AT4G39950,-0.7610881991912117
AT4G39952,0.1749632870633262
AT4G39955,0.37779008240736467
AT4G39960,-0.26444504188886314
AT4G09955,
AT4G39970,-0.6522221162345191
AT4G09975,
AT4G39980,-0.10135884733906983
AT4G39985,0.04642022742774145
AT4G09985,-0.1719073629280931
AT4G39990,-0.007625277637447795
AT4G40000,0.0356935786192742
AT4G40010,0.10960906324662718
AT4G40011,-0.13965458255972657
AT4G40020,-0.264453580392184
AT4G40030,0.28207102628955266
AT4G40040,0.1922821281150465
AT4G40042,0.3942665137709958
AT4G40045,0.00025193573360204663
AT4G40050,-0.4905126324066855
AT4G40060,-0.3652997412728781
AT4G40065,0.07501138557022051
AT4G40063,
AT4G40070,-0.27733660528285825
AT4G40085,-0.2368410609259844
AT4G40080,
AT4G40090,0.24648794728380283
AT4G09995,0.3197174678002068
AT4G40100,0.28152492486335945
AT5G00730,0.321704710245113
AT5G01010,-0.26191726173826263
AT5G01015,-0.01728463642119017
AT5G01017,
AT5G01020,-0.022869563330585242
AT5G01030,-0.2465584931733043
AT5G01040,-0.20740501510467332
AT5G01050,0.07438617665715822
AT5G01060,0.0380231046105266
AT5G01070,0.25636754146062873
AT5G01075,-0.11149703085488771
AT5G01080,-0.19046033698450832
AT5G01090,-0.02801867777215673
AT5G01100,-0.130323127818884
AT5G00735,
AT5G00740,
AT5G01110,0.09946599952827093
AT5G01120,-0.4011376962264309
AT5G01130,0.48602402081940455
AT5G01140,-0.3708687219504666
AT5G01150,0.23301871114572467
AT5G01160,0.6698746431725834
AT5G01170,0.1804860663248198
AT5G01175,-0.4792598406423175
AT5G01180,-0.22624975504304248
AT5G01190,-0.1400506416505799
AT5G01200,-0.17006064446334052
AT5G01215,
AT5G01210,-0.07090045425260962
AT5G01220,0.18532394699148086
AT5G01225,0.18346734014450175
AT5G01230,-0.4304105866338967
AT5G00745,0.21648611217823316
AT5G01240,0.18873532205031182
AT5G01250,-0.2976285606533756
AT5G01260,-0.21170479381918744
AT5G01270,-0.3185735252268438
AT5G01280,0.1386556975099169
AT5G01290,-0.25023590375846033
AT5G01300,-0.23035853415833152
AT5G01305,-0.22442435183782464
AT5G01310,-0.09926421265241488
AT5G01320,-0.008456915440244489
AT5G01330,0.03674688140727981
AT5G00750,0.09964798241067543
AT5G00755,0.1368669472107272
AT5G01340,-0.11374738646816779
AT5G01350,-0.16599146738536133
AT5G00760,
AT5G00765,
AT5G01360,-0.05721449834198648
AT5G01365,0.07873268691619167
AT5G01370,-0.09758924668612926
AT5G01380,0.16797489540323104
AT5G01390,0.24457622346552998
AT5G01400,0.010974640704992674
AT5G01410,0.5753647998376651
AT5G01420,-0.013891647330497695
AT5G01430,-0.4641202015691822
AT5G01440,-0.3192538711969396
AT5G01445,0.3712508599501405
AT5G01450,-0.6404313440887659
AT5G01460,-0.5065641858294281
AT5G01470,-0.2644552993716659
AT5G01480,0.37322710643528595
AT5G00770,
AT5G00775,-0.14104684898492167
AT5G01490,-0.2526897511760169
AT5G01500,0.2319067954662031
AT5G01510,0.2101237212030418
AT5G01520,-0.3016681808939088
AT5G01530,0.18102280782828745
AT5G01540,0.14025283621401327
AT5G01542,0.18994522286018278
AT5G01550,0.1717976521920253
AT5G01560,-0.20322991582105485
AT5G01570,0.306463525959229
AT5G00780,-0.6549164183623404
AT5G01580,
AT5G01590,-0.13910876808012632
AT5G01595,0.10459641122034342
AT5G01600,0.149105382951027
AT5G01610,0.6732572877070038
AT5G01620,-0.18833475231267627
AT5G01630,-0.07969995603545352
AT5G01640,-0.09422247719097789
AT5G01650,0.3737373509926768
AT5G01660,0.19995557553215498
AT5G01670,0.5411990273124342
AT5G01680,-0.0038654773112157237
AT5G01690,0.12596620200342942
AT5G01700,0.14721298234121533
AT5G01710,0.11466340532421632
AT5G01720,-0.18038552256489176
AT5G00785,
AT5G01730,0.29458230553039405
AT5G01732,
AT5G01740,0.1447031897509576
AT5G01747,0.03313578964483437
AT5G00790,0.13157837594849947
AT5G01750,-0.03874903267030011
AT5G01760,-0.14382054796471214
AT5G01770,-0.23805837109618544
AT5G01780,0.03326936809423324
AT5G01790,0.1601301810025975
AT5G01800,-0.2914317608365794
AT5G01810,-0.16789883125377664
AT5G01820,0.14598395910996487
AT5G00795,
AT5G00800,0.09614683353904356
AT5G01830,-0.263278521289442
AT5G01840,0.24474443381208774
AT5G00805,0.022667925628211703
AT5G01850,-0.13150959928301087
AT5G01860,0.007366828763740529
AT5G01870,-0.4197004120180287
AT5G01880,0.4104507938882918
AT5G01881,0.3914240997183416
AT5G01890,-0.08683123191014329
AT5G01895,
AT5G00810,0.12077907274676318
AT5G01900,0.2569373537007725
AT5G01910,-0.37169459522250214
AT5G01920,-0.16950821390871681
AT5G01930,-0.11010766083164339
AT5G01940,-0.09800780897697109
AT5G01950,-0.34182847001139655
AT5G01960,0.4205484477474723
AT5G01970,0.19517559377280533
AT5G01980,-0.16668278889377836
AT5G01990,-0.01731583345451993
AT5G02000,-0.15100176914129423
AT5G02010,0.26771265843703107
AT5G02020,-0.26342611254298465
AT5G02025,0.14103142934853458
AT5G02030,-0.32217503481844495
AT5G02035,0.2673259815149598
AT5G02040,-0.27831640520173717
AT5G02050,0.038491643137705665
AT5G02060,-0.21932381696372344
AT5G02065,-0.32777723538213915
AT5G02070,
AT5G02080,-0.16215325975529396
AT5G02090,-0.24980422622311033
AT5G02100,0.17498682073775587
AT5G02110,0.10504833115031424
AT5G02120,0.21208435287880742
AT5G02130,0.2561324840600129
AT5G02140,0.16680588272270633
AT5G00815,
AT5G02150,0.22220353137092758
AT5G00820,
AT5G02160,-0.11265358427327908
AT5G02170,-0.40724156298912384
AT5G02180,-0.19323739596367145
AT5G02190,0.14873919109736997
AT5G02200,0.05548812267862283
AT5G02210,-0.5992842246818801
AT5G00825,0.08756503766508966
AT5G02220,0.06813673500023061
AT5G02230,0.1510992731168768
AT5G02240,0.4254023150572185
AT5G02250,0.28850515923774517
AT5G02260,-0.11588168689422822
AT5G02270,0.31090778932891006
AT5G02280,-0.10766212933362244
AT5G02290,0.5199066734645748
AT5G02310,-0.6032945438015132
AT5G02320,-0.2956242286297655
AT5G02330,0.100561576125087
AT5G02340,0.2503828305130388
AT5G02350,-0.12254982885761644
AT5G00835,0.27498642066964607
AT5G02360,-0.10880239006551681
AT5G02370,0.1492466571772125
AT5G02380,-0.06631305359266157
AT5G02385,
AT5G02390,0.0709545938519253
AT5G00840,-0.1407952019364173
AT5G02400,0.3040509696640622
AT5G02410,0.15954939233333637
AT5G02420,-0.2199021662743845
AT5G00845,0.059591390087698794
AT5G02430,-0.14613115152120307
AT5G02435,0.2979009245798338
AT5G02440,-0.694716478479633
AT5G02450,0.051222274293090266
AT5G00850,-0.006705236371484842
AT5G02460,-0.15461322594682592
AT5G02470,-0.005468401690151193
AT5G00855,-0.06588687086989417
AT5G02480,-0.19305253897932706
AT5G02490,-0.22328320587267275
AT5G02500,0.3029984813709297
AT5G02502,0.03707371007932034
AT5G02505,
AT5G02510,-0.13999218248064219
AT5G02520,0.2304651293858538
AT5G00860,
AT5G02530,-0.0807790313887612
AT5G00865,
AT5G02540,-0.15609771672183972
AT5G02550,0.01703107199468514
AT5G02560,-0.15716888764820508
AT5G02570,
AT5G02580,-0.0014165630134903423
AT5G02590,0.31438754818914794
AT5G00870,
AT5G02600,0.1865478365906961
AT5G02610,0.4235821977860059
AT5G02615,
AT5G02620,-0.4120667913434561
AT5G02630,0.42845906754112206
AT5G02640,-0.05491427436772816
AT5G02650,-0.5210471411531271
AT5G02660,0.6151483062062209
AT5G02670,-0.19762793362475337
AT5G02680,-0.45386923546062696
AT5G02690,
AT5G02700,0.4346085297026951
AT5G02710,-0.1210759634050257
AT5G02720,-0.060644755942700836
AT5G02725,
AT5G02730,-0.5662286030422513
AT5G02740,-0.17169159530388403
AT5G02750,0.09505136104019196
AT5G00875,-0.0514486032716016
AT5G02760,-0.1683692955933855
AT5G02770,0.3582689896160563
AT5G02780,-0.3571356952995401
AT5G02790,0.07526745838669513
AT5G02800,0.05346609884864068
AT5G02810,-0.2772508709567125
AT5G02815,0.009124365750188103
AT5G02820,0.43447156910106727
AT5G02830,0.23546118439158098
AT5G00880,
AT5G02840,0.5658108273622499
AT5G02850,0.09452399428813615
AT5G02860,-0.06333932160789778
AT5G02870,0.1942806688421241
AT5G00885,-0.05816913137063737
AT5G02880,-0.2840691219816516
AT5G02890,-0.01736759874070062
AT5G02900,0.5912079603831956
AT5G02910,0.2712581362425821
AT5G02920,0.041183369378139455
AT5G02930,0.3287477231116016
AT5G02940,0.10929970981376749
AT5G02950,0.149121047816031
AT5G02960,0.47511446874832297
AT5G02970,-0.2682669837195543
AT5G02980,0.2392075763810808
AT5G02990,-0.28238268368669384
AT5G02995,0.24043994668303892
AT5G03000,-0.2971257660867727
AT5G03010,0.11923123799766905
AT5G03020,-0.23325242353898598
AT5G00895,
AT5G03030,-0.4590059163339767
AT5G00900,
AT5G03040,0.29314654340191
AT5G03050,-0.24454560213509377
AT5G03060,0.32912020858214003
AT5G03070,-0.23681726840601172
AT5G03080,-0.657454429213465
AT5G03090,0.1675396086293068
AT5G03100,-0.48286775847144253
AT5G03110,0.38584799146950743
AT5G03120,-0.27673176408144773
AT5G03130,0.17376668575201643
AT5G03140,-0.15617307358658755
AT5G03150,0.36124781109527326
AT5G03160,0.691639133375449
AT5G03170,0.008952332121269991
AT5G03180,-0.06973815385153784
AT5G03190,0.40861291122837745
AT5G00905,
AT5G03200,0.33621279501952994
AT5G03204,-0.48607996442832857
AT5G03210,0.5032475390118347
AT5G03220,-0.17840174118152743
AT5G03230,0.0954103773456064
AT5G03240,0.6467589849407688
AT5G03250,-0.4754257937467433
AT5G03260,-0.1024024510205219
AT5G03270,-0.373547638367838
AT5G03280,-0.1080380354639383
AT5G03285,-0.38186752792165446
AT5G03290,-0.2588805412176934
AT5G03300,-0.14455606575507343
AT5G03310,
AT5G00910,-0.1826605640725626
AT5G03320,0.21535826751534
AT5G03330,-0.309727056276197
AT5G03340,-0.0648089741741251
AT5G03345,0.4296737524237542
AT5G03350,-0.005711060859859235
AT5G03355,-0.2545517438232049
AT5G03360,-0.31036043860114304
AT5G03370,0.18959745753185658
AT5G03380,0.0626980925471153
AT5G03390,-0.18920077770630905
AT5G03400,-0.040652155733414096
AT5G03406,0.034841025382436885
AT5G03415,-0.22081661222591625
AT5G03420,0.2010502256191347
AT5G00920,
AT5G03430,0.02508157232644275
AT5G00925,
AT5G03435,-0.04646841121218434
AT5G03440,-0.36853187270594273
AT5G03445,0.09425529098316467
AT5G03450,-0.5381370513291798
AT5G03452,
AT5G03455,0.12761624116215195
AT5G03460,-0.34511512795475097
AT5G03470,0.023286309459584337
AT5G03480,0.3007497550632433
AT5G03490,-0.11203887001186821
AT5G03495,0.39398909943980975
AT5G03500,-0.3978258059399916
AT5G03510,0.29910661278678274
AT5G03520,-0.11027989846101964
AT5G03530,-0.2958853697426933
AT5G03540,-0.19494316381855273
AT5G03545,-0.07116403548755217
AT5G03550,0.15117161960083098
AT5G03553,-0.1225858195438921
AT5G03552,
AT5G03555,-0.15186843648667403
AT5G03560,0.10105586115334683
AT5G03570,0.721433175944778
AT5G03580,0.3699516212372054
AT5G03590,0.40809859624680883
AT5G00930,0.1269640551532112
AT5G03600,0.18647871318863798
AT5G03610,-0.1413700824514019
AT5G03620,-0.01492544547859278
AT5G03630,-0.5057018304370451
AT5G03640,0.1690976247658491
AT5G03650,-0.23618134972295335
AT5G03660,-0.01571158629796951
AT5G03668,-0.10616985576245155
AT5G03670,-0.11765356118956953
AT5G03680,0.14245987199503077
AT5G03690,0.06931821107933356
AT5G03700,0.0032949483794356737
AT5G00935,0.07211145264976215
AT5G03705,
AT5G03710,0.032530161775029334
AT5G03720,0.6006082613255057
AT5G03730,-0.16061439958622564
AT5G03740,0.0621338205219116
AT5G03745,-0.0049832392054028765
AT5G03750,0.24043901878994522
AT5G03760,-0.3091442048690768
AT5G03770,0.3354926984936029
AT5G03775,
AT5G03780,0.26523680975151886
AT5G03790,-0.3441767329683216
AT5G03795,-0.3911829871411151
AT5G03800,-0.4751096638309368
AT5G03810,-0.1492402833136684
AT5G03820,0.2741354305261755
AT5G03830,0.2337391525041652
AT5G03840,-0.36365243584682594
AT5G03850,0.1493321930485074
AT5G00940,-0.05766258203307128
AT5G03860,-0.028094469706567517
AT5G03870,0.13616504559104645
AT5G03880,-0.0867292075549024
AT5G03885,-0.2637726575376016
AT5G03890,-0.20030853432892912
AT5G03900,0.16243999065691359
AT5G03905,-0.06770959881858667
AT5G03910,0.6212777246630605
AT5G03920,0.14909546979597832
AT5G03930,-0.6640110009816056
AT5G03940,0.027391478887776332
AT5G03944,-0.4244958684976221
AT5G03960,-0.398937702940172
AT5G03970,-0.17822653998934193
AT5G03980,0.3654691859214692
AT5G03990,0.2793973138276989
AT5G03995,-0.044312109555682606
AT5G04000,0.22206517594333647
AT5G04010,0.10736160592379315
AT5G04020,0.09181827938536934
AT5G04030,0.4185140048846735
AT5G04040,-0.14938009633059593
AT5G04045,0.06372942883975374
AT5G04047,-0.30809266842244937
AT5G04050,0.10649105129688054
AT5G04060,-0.5316075012564526
AT5G04070,-0.32362540054653566
AT5G04080,-0.679390586531459
AT5G04090,-0.03982641228549221
AT5G04110,-0.4235683378798221
AT5G04120,0.307046617921509
AT5G04130,-0.0006943954397344026
AT5G04140,-0.08184744553117315
AT5G04150,0.19871408793359074
AT5G04160,0.11311413120202145
AT5G04170,0.2819719497842133
AT5G04180,-0.25153301517918575
AT5G04190,-0.21042594577422347
AT5G04200,0.007559446961893097
AT5G04210,-0.49906270131389135
AT5G04220,-0.13132526897486596
AT5G04230,-0.013649408381221724
AT5G04240,-0.11931378664731596
AT5G04238,
AT5G04250,-0.4027415439806714
AT5G04260,-0.49637541785973927
AT5G04267,-0.38246285322373064
AT5G04270,-0.11028542742357784
AT5G04275,0.2570939375726294
AT5G04280,-0.24219686111240152
AT5G04290,-0.03458563522937031
AT5G04310,0.6394411444450787
AT5G04320,-0.1698780665548439
AT5G04330,0.11107399309301429
AT5G04340,0.03719355886795241
AT5G04347,0.32792441814417506
AT5G04350,-0.1427307170240706
AT5G04360,0.05097687672435063
AT5G00950,0.06538633870687424
AT5G00955,-0.26382880466756914
AT5G00960,
AT5G04370,-0.8196977353226151
AT5G04380,0.31260299528139557
AT5G04390,0.008368775878431604
AT5G04395,-0.12493621690052405
AT5G04400,0.13524812167147102
AT5G04410,-0.34338479741154965
AT5G00965,
AT5G04420,0.3259318249608222
AT5G04430,0.22799628882063883
AT5G04440,0.5255075344497083
AT5G04460,-0.018045143237277628
AT5G04470,0.3415523548950467
AT5G04475,
AT5G04480,-0.3307155919193513
AT5G04490,-0.01721208580634877
AT5G04500,0.1733119668932717
AT5G04510,-0.052795845225885624
AT5G04520,-0.3095658085983685
AT5G04530,0.1361303192466259
AT5G00970,0.21552521333597915
AT5G04540,-0.07676597820050056
AT5G04550,-0.7058792484450317
AT5G04560,0.6443578790230741
AT5G04590,-0.22008430390102324
AT5G04600,0.09810311880667877
AT5G04610,
AT5G04620,0.6146749658748857
AT5G04630,0.13653397399386064
AT5G04640,-0.3901691736369932
AT5G04670,0.10134383879485225
AT5G04660,
AT5G00975,0.14891945527115144
AT5G00980,0.2196778472973705
AT5G00985,0.17394867774460765
AT5G04680,0.07829894569797173
AT5G04690,-0.08613791524911076
AT5G04700,-0.2734717154933234
AT5G04710,-0.2901716196831113
AT5G04720,-0.019021554979140827
AT5G04730,-0.05079968373973203
AT5G04740,0.19477988096263096
AT5G04750,0.18953737961057548
AT5G04760,-0.05785893959125505
AT5G00990,
AT5G00995,0.16955231124628384
AT5G04770,-0.3630605338983131
AT5G04780,0.14070786915228176
AT5G04800,0.024051327836671257
AT5G04790,
AT5G04810,0.26914270518963057
AT5G04820,0.48306132735775625
AT5G04830,-0.13446230398326292
AT5G04840,-0.12856462176167655
AT5G04850,0.10238046086520185
AT5G04853,-0.03209938731059247
AT5G04860,0.33607521917705746
AT5G04870,-0.2773104261649194
AT5G04885,0.2258948226483675
AT5G04890,-0.3903704081470203
AT5G04895,-0.41743682754176625
AT5G04900,0.03422320231820701
AT5G04910,-0.27746143325813344
AT5G04920,-0.22779313207923516
AT5G04930,-0.4273799965266158
AT5G04933,-0.3601114060901284
AT5G04937,0.4130384447843457
AT5G04940,0.5409942580717503
AT5G04950,-0.4315234099259628
AT5G04960,-0.19257594266295186
AT5G04970,0.058128238482699435
AT5G04980,-0.03497035714660944
AT5G04990,-0.6260195182235742
AT5G05000,0.013124349223091542
AT5G05010,-0.1689679753550646
AT5G05020,0.23362564941204586
AT5G05030,0.4453856666213375
AT5G05040,0.21560599855780643
AT5G05050,-0.5008538904712786
AT5G05060,0.24925937642164617
AT5G05070,-0.04459689091532685
AT5G05080,-0.4111823610509133
AT5G05085,0.14197613568512632
AT5G05090,
AT5G05100,-0.6378581483204807
AT5G05110,0.021042770366914994
AT5G05113,0.09421599063616001
AT5G05120,-0.4613700459780166
AT5G05130,0.12029506189681559
AT5G05140,-0.17885729634962239
AT5G05150,0.3115988901108096
AT5G05160,-0.6648328143917237
AT5G05170,-0.36647843455904483
AT5G05180,-0.21251238189985705
AT5G05190,0.052961582111401784
AT5G01005,
AT5G05200,0.35594102501465275
AT5G05210,0.29256327445636593
AT5G05220,-0.6177241296730596
AT5G05230,0.2642314284587762
AT5G05240,-0.40407880104024774
AT5G05250,0.13474258606659395
AT5G05260,-0.4548911673050554
AT5G01045,0.21104335447929087
AT5G05270,0.19453062598323342
AT5G05280,-0.04385848571426175
AT5G05285,
AT5G05290,0.43210272651927883
AT5G05300,0.29234814731664116
AT5G05310,-0.40903418991529955
AT5G05320,-0.05443479860272272
AT5G05330,0.4152434741978872
AT5G05340,0.24999538477113387
AT5G05350,-0.2177936993664597
AT5G05360,0.013666925577848318
AT5G05365,-0.3378485821250852
AT5G05370,-0.05304283353410156
AT5G05380,0.10795660616909732
AT5G05390,-0.293118297225169
AT5G05400,-0.024369426279597855
AT5G05410,-0.041096647519695446
AT5G05420,-0.6132300351846685
AT5G05430,0.4396501087376217
AT5G05435,0.08857914819801599
AT5G05440,0.2634932473195344
AT5G05450,-0.3460508803984014
AT5G05460,0.2909121704682087
AT5G01055,0.10261921739246316
AT5G05470,-0.2967845309454896
AT5G05480,-0.18981396349524912
AT5G05490,-0.0935814943692452
AT5G05500,0.4090688632878428
AT5G05510,-0.14684740699706564
AT5G05520,-0.4679059982104492
AT5G05530,0.5094034742900496
AT5G05540,-0.13892259872151763
AT5G05550,0.7536359811674208
AT5G05560,-0.47906990872686406
AT5G05570,-0.05231453726528615
AT5G05580,0.2540505672695491
AT5G05590,0.18980055199822393
AT5G05598,-0.2421618710601059
AT5G05600,0.18865862663312213
AT5G05610,-0.4321324136265451
AT5G05620,-0.3275435628382544
AT5G05630,0.5073043836580244
AT5G05635,
AT5G05640,-0.058104347957952024
AT5G05650,0.5529919913585347
AT5G01065,-0.07000268410697547
AT5G05653,-0.375972142190688
AT5G05657,
AT5G05660,-0.4043780755561066
AT5G05670,0.5991935227754968
AT5G05675,
AT5G05680,-0.19491957547904382
AT5G05690,0.20697998872570353
AT5G05700,0.24788082895043184
AT5G05710,0.23300638492684797
AT5G05720,0.5531291120826493
AT5G05730,-0.386200875573278
AT5G05735,
AT5G05740,-0.07009513316668463
AT5G05750,-0.22156651906180855
AT5G01095,
AT5G05760,0.3328405394454292
AT5G01105,0.23299991612153076
AT5G05770,-0.04036939325462409
AT5G05780,-0.2177043910553568
AT5G05790,-0.3946368366000569
AT5G05795,
AT5G05800,0.35341118540131267
AT5G01115,0.10700965393730394
AT5G05810,0.16622834776023482
AT5G05820,0.19383725902601154
AT5G05830,0.08867483880854893
AT5G05840,-0.253959845814331
AT5G05850,0.056204395694407966
AT5G05860,0.15594964437763034
AT5G05870,-0.5099426699290402
AT5G05880,0.09501168415218306
AT5G05890,0.24171655215130328
AT5G05900,0.006218017206305256
AT5G05910,-0.44203721158380627
AT5G05920,0.07137298826061199
AT5G05930,-0.4610251846524117
AT5G05940,-0.668538117732766
AT5G05945,-0.1249985720173238
AT5G05950,-0.4483887563754095
AT5G05960,-0.11224703587540172
AT5G05965,-0.36720821415602395
AT5G05970,-0.4953354804900403
AT5G05980,-0.33089524457203495
AT5G01125,
AT5G05985,0.18146713186891691
AT5G05987,-0.05681072133226071
AT5G05990,-0.12764292581734868
AT5G06000,-0.7882379948750111
AT5G01135,
AT5G01145,
AT5G06010,-0.5206359902317789
AT5G06020,0.2109131070198075
AT5G06030,0.5735635225304324
AT5G06040,0.2237801885548852
AT5G06043,-0.009987440551030706
AT5G06050,0.0015581365086221137
AT5G06060,-0.08766721578334434
AT5G06070,0.5477109796194936
AT5G06080,-0.05456876961901871
AT5G06090,0.09259623823085282
AT5G06100,0.016808783720056005
AT5G06110,-0.0912159962801304
AT5G06120,-0.4828982935750923
AT5G06125,0.034377990259084654
AT5G06130,-0.0058484179267602335
AT5G06140,-0.27017450341737514
AT5G06150,0.3286589196100738
AT5G06160,-0.3522413177113295
AT5G06165,-0.16051241938222602
AT5G01155,
AT5G01165,
AT5G01195,
AT5G06170,-0.28067496316538904
AT5G06180,-0.4650232737414803
AT5G06190,0.5627306235108388
AT5G01205,
AT5G06200,-0.026689291470906568
AT5G06210,0.05730852016172641
AT5G06220,-0.23460625321875112
AT5G06230,0.07550833520717967
AT5G06240,-0.18954343932814358
AT5G01235,-0.20380428301209755
AT5G01245,0.39548736429325354
AT5G06250,-0.22806616995496806
AT5G06260,0.572248710963403
AT5G06265,0.37572208429488135
AT5G06270,-0.005863780354153927
AT5G06280,0.08183847276011984
AT5G06290,0.048776353945040235
AT5G06300,-0.2197423448237587
AT5G06310,-0.2836083206447878
AT5G06320,-0.3028435663664448
AT5G01255,
AT5G06330,0.5526045455521836
AT5G06340,0.059433374014889295
AT5G06350,-0.017785353331325214
AT5G06360,-0.4073249979180933
AT5G06370,-0.49962995364176627
AT5G06380,0.12281056902923841
AT5G06390,-0.1781227509842275
AT5G06400,0.2599777970085821
AT5G06410,-0.05360939438836458
AT5G01265,
AT5G06420,-0.04804608618683615
AT5G06430,0.14186461928679103
AT5G06440,0.3251440902344252
AT5G06450,-0.22415387126108316
AT5G06460,0.10071335265103809
AT5G06470,0.11936844957414872
AT5G06480,-0.5309004171976365
AT5G06490,-0.004439347267577905
AT5G06500,-0.029155066644452374
AT5G06510,0.04701956385649383
AT5G06520,-0.09595500291722583
AT5G06530,-0.2352866612828958
AT5G06540,0.17117968605548636
AT5G06550,-0.006419085207385707
AT5G06560,-0.38963718160397903
AT5G06570,-0.05596341818464519
AT5G06580,0.38676093003334133
AT5G06590,0.17431894371396478
AT5G06600,-0.42395562632069517
AT5G06610,-0.13409766596619851
AT5G06620,0.14191075768168832
AT5G06630,0.1305539523013594
AT5G06640,-0.09959997092818067
AT5G06645,
AT5G06650,-0.019391777790160204
AT5G06660,0.08980915863088583
AT5G06670,-0.6248686191952503
AT5G06680,-0.2550198007739715
AT5G06685,-0.5515497500258646
AT5G06690,0.5807035379406759
AT5G06700,-0.011540904850613404
AT5G06710,-0.3265565366860315
AT5G06720,-0.45145240922455043
AT5G06730,0.09019748429068954
AT5G06740,-0.3164663588978999
AT5G06750,-0.6635992712325292
AT5G06755,0.2309365498771642
AT5G06760,0.1797293607532145
AT5G06770,0.16660566050001585
AT5G06780,0.1559988138043101
AT5G06790,-0.20459536189813643
AT5G06800,0.16332526545689752
AT5G06810,-0.12330934907540339
AT5G06811,-0.8073035263801582
AT5G06820,-0.10658079600059686
AT5G06830,-0.4320969496790884
AT5G06839,-0.10625126268024691
AT5G06850,-0.3038942748726074
AT5G06865,0.02600066018283817
AT5G06860,
AT5G06870,0.33343230765895193
AT5G06890,0.08192564711804647
AT5G06900,0.15101483671526417
AT5G06905,-0.3103763242317882
AT5G06910,0.0029603215057579795
AT5G06920,0.4949213435476146
AT5G06930,-0.42564025669943384
AT5G06940,-0.013780429693120043
AT5G06950,0.715918537107713
AT5G06960,0.008084157860837382
AT5G06970,-0.17830924817369648
AT5G06980,0.2240561157963745
AT5G06990,-0.41320538385650185
AT5G07000,0.20975474409211697
AT5G07010,-0.0065425785907331354
AT5G01275,0.09402937697887602
AT5G07020,0.17116960598806893
AT5G07030,-0.5587515729619704
AT5G07040,-0.08651246360230314
AT5G07050,0.09771522481833803
AT5G07060,0.06458405034178723
AT5G07070,-0.3438526933745087
AT5G01285,0.031158602147553907
AT5G07080,-0.1999384270758701
AT5G07090,-0.0711599485846122
AT5G07100,-0.23751927684029867
AT5G07110,0.17973721316199165
AT5G01295,
AT5G07120,0.21990044834635863
AT5G01315,
AT5G07130,0.037384514961837784
AT5G07135,
AT5G07140,-0.001411023053249511
AT5G07152,0.2188367312581952
AT5G07150,
AT5G01325,0.1877341206615285
AT5G07160,-0.09904899920844142
AT5G07165,0.11926931930177787
AT5G07170,-0.056925208050252814
AT5G07175,0.3034487991757344
AT5G01345,0.09876973843179279
AT5G07180,0.3543525379655005
AT5G07190,0.04843410858647801
AT5G07200,-0.6057861977637066
AT5G07210,0.42733053250048497
AT5G07220,-0.24575854880190956
AT5G07225,-0.497293744110035
AT5G07230,0.05692762019872743
AT5G07240,0.1373955612349849
AT5G01375,
AT5G07250,0.5017956975689641
AT5G07260,0.6070125923057939
AT5G07270,-0.39440928391692326
AT5G07280,-0.30616536909648856
AT5G01385,0.46763447986877477
AT5G07290,0.08925678805139568
AT5G07300,0.4047003296744478
AT5G07310,-0.3581068130759374
AT5G07315,-0.3152470609537236
AT5G07320,0.7601481718999851
AT5G07322,-0.18137428779327228
AT5G07330,-0.17327466107449369
AT5G07340,-0.6031930837851356
AT5G07350,-0.7037388945156086
AT5G07360,0.24614635212539926
AT5G07370,0.3225694581617537
AT5G07380,-0.062373965594576246
AT5G07390,-0.2517639184354269
AT5G07400,-0.5423816069607178
AT5G07410,0.2607951041095369
AT5G07420,-0.2317289255608517
AT5G01395,-0.055096655650971355
AT5G07430,0.4322382663904735
AT5G07440,-0.49283996967300925
AT5G07450,-0.17700710655153068
AT5G07460,0.10456961929454679
AT5G07470,0.16438003753522173
AT5G07475,-0.2625894858278011
AT5G01405,-0.14817182829437342
AT5G07480,0.18739433891755228
AT5G07490,0.5820318638104365
AT5G01415,0.11693677990961199
AT5G07500,0.3621967014330414
AT5G07510,-0.02188169863893975
AT5G07520,-0.1161179366468188
AT5G07530,0.33948914092087457
AT5G07540,-0.31369646260050793
AT5G07545,
AT5G07550,0.169463939802829
AT5G07560,-0.47172531632203807
AT5G07570,-0.24419991476084274
AT5G07571,0.11498212573407172
AT5G07572,0.1309048173194106
AT5G07580,-0.02658509255734011
AT5G07590,-0.5056217691047079
AT5G07600,0.05776596384852841
AT5G07610,0.02003006659578813
AT5G07620,-0.21020970018189436
AT5G07630,0.22090534812823007
AT5G07625,
AT5G07640,0.3992964729351001
AT5G07650,0.5325628115061566
AT5G07660,0.39354988649544065
AT5G07670,-0.1474572829221285
AT5G07675,-0.4257764100851435
AT5G07680,0.07453818787584109
AT5G01425,0.36164208139310716
AT5G07690,-0.8292644470721805
AT5G07700,-0.10999305507969027
AT5G07710,-0.37447085474968744
AT5G07720,-0.5472662234240036
AT5G07730,0.08040686889167319
AT5G07740,-0.18336951816836278
AT5G07760,-0.02889100803796592
AT5G07770,-0.17677876828058764
AT5G07780,0.24599509507163894
AT5G07790,-0.04311545888890442
AT5G07800,-0.04605848314081741
AT5G07810,-0.3243305738058721
AT5G07820,0.003175784533748662
AT5G07830,-0.07981402052263033
AT5G07840,0.07625627049609088
AT5G07850,0.08775629885234412
AT5G07860,0.03850379442902324
AT5G07870,-0.17373465531569357
AT5G07880,0.14977324921711777
AT5G07890,-0.525372417916619
AT5G07900,0.06907175983419005
AT5G01435,
AT5G07910,0.27407972623402005
AT5G07920,0.17422616747752226
AT5G07930,-0.32586959182791186
AT5G07940,-0.18184268616354693
AT5G07950,-0.2109266162474338
AT5G07960,-0.6982485072917755
AT5G07970,-0.3265714948847172
AT5G07980,-0.26050907465353296
AT5G01455,
AT5G01465,0.06135970328996074
AT5G07990,-0.21197793995365338
AT5G08000,0.0975479341079295
AT5G08005,-0.47753881216102845
AT5G08010,-0.3133755117628729
AT5G08020,-0.11706200466854755
AT5G08030,0.5297897105330033
AT5G08040,-0.11641151570406237
AT5G08050,-0.003925252896291286
AT5G08055,-0.08360729666304963
AT5G08060,0.23547039366125208
AT5G08070,0.38536535492108276
AT5G08075,
AT5G08080,-0.0820523577402486
AT5G08090,0.13856291284632738
AT5G08100,-0.37405932414889365
AT5G08110,-0.11566142645807032
AT5G08120,-0.6174052761721508
AT5G08130,0.38808542833801385
AT5G01475,-0.31057237506881497
AT5G08139,-0.1400588237368581
AT5G08141,0.039742718914011176
AT5G01485,-0.06298411835457188
AT5G08150,0.18077754053683345
AT5G08160,-0.19376851249049531
AT5G08170,0.17795621604082237
AT5G08180,-0.13647614825581966
AT5G01495,
AT5G01505,
AT5G01515,
AT5G08185,-0.6676822358332258
AT5G08190,-0.2821539801682832
AT5G08200,0.18672175663804214
AT5G08230,-0.07156627263445382
AT5G08210,
AT5G01535,
AT5G08240,0.3553309015832449
AT5G08250,-0.32869571754589666
AT5G08260,0.11390625703531619
AT5G08270,0.2613850712398896
AT5G08280,-0.22028523392742858
AT5G01545,
AT5G08290,0.006764587607414178
AT5G08300,-0.12116934678548824
AT5G08305,0.2986200254713726
AT5G08310,0.07524225239007452
AT5G08315,-0.19509260640393472
AT5G08320,-0.18390323977375872
AT5G08330,0.11251668873520826
AT5G08335,0.3315979134522801
AT5G08340,-0.18437624950872955
AT5G08350,-0.45363379356520644
AT5G08360,-0.2723876206977201
AT5G08370,0.07362458341481264
AT5G08380,-0.325595701069827
AT5G08391,0.015122553690962113
AT5G08390,0.14067166047850943
AT5G08400,-0.11485421161706301
AT5G08410,-0.08868992061777466
AT5G08415,0.5860644341456404
AT5G08420,-0.4345301715979146
AT5G08430,0.17502464997684528
AT5G08440,0.1746157334955496
AT5G08450,-0.22126439617645166
AT5G08460,0.054332107897856585
AT5G08470,-0.2287280587939073
AT5G08480,-0.19687730782552187
AT5G08490,0.060862195050509355
AT5G08500,0.42026350781138655
AT5G08505,0.43733739152942636
AT5G08510,-0.21453763972764495
AT5G08520,0.646041668188188
AT5G08530,-0.8206377528289737
AT5G08535,0.03969195429070054
AT5G08540,0.2389974136184993
AT5G08550,-0.17034227442087968
AT5G01555,
AT5G08560,0.1407797929099959
AT5G08565,-0.40951073499174845
AT5G08570,0.0018101501536536373
AT5G08580,0.6353386124086253
AT5G08590,0.4045091552240372
AT5G08600,0.18264811319275065
AT5G08610,0.0396387093056933
AT5G08620,0.18412481954043053
AT5G08630,-0.20016664844452592
AT5G08640,-0.08556391854270921
AT5G08650,-0.2576865143573106
AT5G08660,0.0774770231007914
AT5G08670,0.41907334115263695
AT5G08680,0.5538004601375517
AT5G08690,-0.40076365613282255
AT5G08695,0.6680403255939962
AT5G08710,0.2456554754922856
AT5G08712,-0.10831368392496614
AT5G01565,
AT5G01575,0.15246815543513592
AT5G08717,0.18219319111759577
AT5G01585,-0.03289070574170499
AT5G08720,0.21324107301908676
AT5G08730,0.08688362155152424
AT5G08740,0.02498299073924703
AT5G08750,0.08700011992124415
AT5G08760,-0.17886807676869074
AT5G08770,0.3075326783057594
AT5G08780,-0.2135724564707297
AT5G08790,-0.3304836251727958
AT5G01605,-0.45811668790434656
AT5G09210,0.4059670781242649
AT5G09220,0.33755717310743905
AT5G09225,0.09953179332492663
AT5G09230,0.3082399879717043
AT5G01615,
AT5G09240,0.3517884399933736
AT5G09250,0.22782712138704922
AT5G09260,0.5340331680988832
AT5G09270,0.01746629805242308
AT5G09280,0.09946239903079779
AT5G09290,-0.7346892905332769
AT5G09300,-0.5896224592237822
AT5G09310,-0.29480532002688564
AT5G09315,-0.47021392871308215
AT5G09320,-0.5906999115410183
AT5G09330,-0.18939994210050135
AT5G09340,0.2850153224092588
AT5G09345,0.09626487372056204
AT5G09350,-0.6186258815621951
AT5G09360,0.4041467413416231
AT5G09370,-0.29841096741309603
AT5G09380,-0.2588922970231722
AT5G09390,-0.2784540834023731
AT5G09400,-0.2552884693628833
AT5G09410,0.4028752827850235
AT5G09420,0.06632700258337204
AT5G09430,-0.249396075789164
AT5G09440,0.2704887322270414
AT5G09443,0.3966944782204075
AT5G09445,
AT5G09450,-0.035185362648035616
AT5G09460,0.01820590116298099
AT5G09470,0.06811713357491873
AT5G09480,-0.007712723145770153
AT5G09490,-0.007141861016740621
AT5G09500,-0.041363187441724035
AT5G09510,0.07595743164164091
AT5G09520,-0.6805087087546142
AT5G09530,-0.1701590067623034
AT5G09540,-0.6626023792445301
AT5G09550,0.6891290515297286
AT5G09560,0.5719217562185379
AT5G09570,-0.19918355026586662
AT5G09580,0.12062026278914642
AT5G09585,-0.3895855201382083
AT5G09590,0.18886112072410866
AT5G09600,-0.2794145691289286
AT5G09610,0.04247737037376941
AT5G09620,0.009229964742607765
AT5G09630,0.2751219417405263
AT5G09640,0.19324368738602835
AT5G09650,-0.4364131291900675
AT5G09655,
AT5G09660,-0.4711998914769543
AT5G09670,-0.22741193456645473
AT5G09680,0.23912402802863625
AT5G09690,-0.14371257376627658
AT5G09700,-0.16585033039927358
AT5G09711,0.0780363525800445
AT5G09720,0.07462248600871826
AT5G09730,0.02337365033593083
AT5G09740,-0.5495390826812473
AT5G09750,0.3812949399478169
AT5G09755,0.011094656260697432
AT5G09760,-0.32087839367810095
AT5G09770,-0.0775957318378425
AT5G09780,-0.5094221469737207
AT5G09790,-0.1426358069274957
AT5G09800,-0.28864012426456526
AT5G09805,-0.5475098482068401
AT5G09810,-0.628983373799832
AT5G09820,0.2508506315913994
AT5G09830,-0.5849975819705382
AT5G09840,-0.08369217382452049
AT5G09850,-0.33124978486639745
AT5G09860,0.030211397015824388
AT5G09870,-0.20219313319198604
AT5G09876,0.2494103004474898
AT5G09880,0.44754555423050263
AT5G09890,-0.2381185771675418
AT5G09900,0.33757198980085856
AT5G09910,-0.541121846819502
AT5G01635,0.25492324893365703
AT5G09920,-0.5436306717202799
AT5G09930,-0.08590089527209203
AT5G09940,0.14942177326797484
AT5G09950,0.2478040512817359
AT5G09960,-0.04479628027549895
AT5G09970,-0.29927111732362516
AT5G09975,0.1579497383033137
AT5G09976,0.40734626867331875
AT5G09978,-0.7396855700362445
AT5G09980,-0.09145332715304451
AT5G09990,0.4540004809712311
AT5G09995,-0.13791766840669017
AT5G01645,
AT5G10000,0.027564103825195866
AT5G10010,-0.09665077257904457
AT5G10020,-0.29311110929974926
AT5G10030,-0.1500527771425228
AT5G10040,
AT5G10050,0.03605249327405688
AT5G10060,-0.16662171424639255
AT5G10070,0.31492193798757595
AT5G10080,0.21341334569557124
AT5G10090,0.5843064120954709
AT5G10100,-0.31866122242830935
AT5G01655,0.12697269545463089
AT5G10110,0.6092841098744451
AT5G01665,0.30671936608164474
AT5G10120,0.01875295787242667
AT5G10130,0.35133748315056357
AT5G01675,-0.09458536449355198
AT5G10140,
AT5G10150,0.08834701788555852
AT5G10160,-0.031118481133645647
AT5G10170,-0.467703552318482
AT5G10180,-0.6755287291009696
AT5G10190,0.20421375054835092
AT5G10200,-0.3004174711598396
AT5G10210,-0.5501856254427703
AT5G10220,-0.13602429186404305
AT5G10230,0.0011875558756798096
AT5G10235,
AT5G10240,-0.04690252966915508
AT5G10250,-0.3831624432347573
AT5G10260,-0.5472908113610245
AT5G10270,-0.1512955188033014
AT5G01685,-0.33764039625960196
AT5G10278,-0.49844890190553426
AT5G01695,
AT5G10280,-0.2588496206720519
AT5G10290,0.3752025241396846
AT5G10300,-0.4201169820579436
AT5G10310,-0.42070687070830787
AT5G10320,0.47893621127550723
AT5G01705,
AT5G01725,
AT5G01735,
AT5G01745,
AT5G10330,0.28169101264018176
AT5G10336,0.12230303599873056
AT5G10340,-0.17700369469457258
AT5G10350,-0.5582349301142138
AT5G10360,0.1296679959802821
AT5G10370,-0.08620024415859552
AT5G10380,-0.009050566163921085
AT5G10390,-0.059523566814071435
AT5G10400,0.07462076221008998
AT5G10410,-0.012843444905637902
AT5G10420,-0.15331452881719101
AT5G10430,0.27149840049941076
AT5G10435,
AT5G10440,-0.2280835581897646
AT5G10450,0.007898619759767501
AT5G10455,0.06336167584301103
AT5G10460,0.28426214456555204
AT5G10470,-0.36706942026755146
AT5G10480,-0.3467330091680086
AT5G10490,-0.09656436749612828
AT5G10500,-0.07883490729572679
AT5G01755,
AT5G10510,-0.03865466429626031
AT5G10520,-0.34425035851977986
AT5G10525,0.07001392559550094
AT5G10540,-0.5063521952360676
AT5G10530,
AT5G01765,
AT5G10550,
AT5G10560,0.15910146756079474
AT5G10570,-0.25890230446779017
AT5G01775,0.06663053916067535
AT5G01785,
AT5G10572,
AT5G10580,-0.26623531955075636
AT5G10590,
AT5G01795,0.19354855908185709
AT5G10600,0.5012799783747351
AT5G10605,0.13873697224994758
AT5G10610,0.20863774754527975
AT5G10620,-0.4023920623589515
AT5G10625,0.253546212182158
AT5G10630,0.6432690114325803
AT5G10650,-0.07414802108936337
AT5G01805,0.020795218026558437
AT5G10660,0.0008406905163696904
AT5G10680,-0.0008837719621798144
AT5G10690,-0.28373394626233756
AT5G10695,
AT5G01815,
AT5G10700,-0.08562690551670973
AT5G10710,-0.018478390956771503
AT5G01825,
AT5G10720,0.011137561018074137
AT5G10730,-0.2971534014435329
AT5G10740,0.17543603480491407
AT5G10745,0.01730801758931464
AT5G10750,0.3697650390403513
AT5G10760,0.001731662833567436
AT5G10770,-0.5083069421847577
AT5G10780,0.3521547704617056
AT5G10790,-0.032618259003326634
AT5G10800,0.057985706235695045
AT5G10810,0.20201426461538668
AT5G10820,-0.22757675098270042
AT5G10830,0.23408340925893664
AT5G10840,-0.16025079597156064
AT5G01835,
AT5G10860,0.20779165526744225
AT5G10870,0.3035670003549806
AT5G10880,-0.46192806919797275
AT5G10890,0.01710306989475497
AT5G10900,0.008020103774823976
AT5G10910,-0.08995545569516289
AT5G10920,-0.09888071955260823
AT5G10930,0.0015432223681313875
AT5G10940,0.1324049778946362
AT5G10946,-0.1294307721547737
AT5G10945,
AT5G10950,0.08134675038997857
AT5G10960,0.44143497851054686
AT5G10965,0.06446336062307037
AT5G10970,
AT5G10980,0.26636044396043157
AT5G10990,0.35801941298434814
AT5G11000,0.32548431517300835
AT5G11010,0.148305811310557
AT5G11020,0.1097473076313344
AT5G11030,-0.44573079166928065
AT5G11040,0.18667026321084737
AT5G11050,-0.15360961747851212
AT5G11060,0.1808431501864012
AT5G11070,0.020004188254653655
AT5G11080,-0.37943338774014956
AT5G01845,-0.3229099771786614
AT5G11090,0.07110827351109007
AT5G11100,0.18096329199655972
AT5G11110,-0.16322003831237583
AT5G11130,0.31002550075115715
AT5G11140,-0.0559868983823964
AT5G11150,0.2390499264926633
AT5G11160,-0.034174027315268835
AT5G11170,0.42969790797967156
AT5G11180,-0.35871898218837
AT5G01855,0.4503052514820076
AT5G11190,0.30168040748815844
AT5G11200,-0.16205786399873232
AT5G11210,0.17100070367991912
AT5G01865,0.18737266193661684
AT5G11220,-0.5925623744051596
AT5G11225,0.09343602647905119
AT5G11230,-0.3607315410651768
AT5G11240,0.3318103566609533
AT5G11250,0.6827083762660399
AT5G11260,0.41236479442318935
AT5G11270,0.2658103107105616
AT5G11280,-0.5878018728562034
AT5G11290,0.29410856970541466
AT5G11300,-0.09474615886916424
AT5G11310,0.025969422409283353
AT5G11320,-0.0006473865679214462
AT5G11325,
AT5G11330,0.23801870400169603
AT5G11340,-0.22510187445888352
AT5G11350,-0.329440566006879
AT5G11360,-0.015993756893740958
AT5G11370,0.10398227909509207
AT5G11380,-0.12427848916402451
AT5G11390,0.2347541282430146
AT5G11400,0.07588554554150255
AT5G11410,-0.10115556027417277
AT5G11412,0.19201444489329597
AT5G01875,0.08338840315032506
AT5G11416,0.17640458756759977
AT5G11420,-0.24300906455076918
AT5G11430,0.0663287317999198
AT5G11425,
AT5G11440,0.7342315980451127
AT5G11450,0.05122256734860282
AT5G11460,0.3066514066210192
AT5G11470,0.32678893390267316
AT5G11475,0.45660144638580175
AT5G11480,-0.4269863885213783
AT5G11490,-0.5734839708745579
AT5G11500,-0.1508731685763102
AT5G11510,0.5338598807712682
AT5G11520,-0.16092983777765385
AT5G11530,-0.3487870907904648
AT5G11540,-0.0425890517744107
AT5G11550,0.24868729527650232
AT5G11560,-0.20381380763388335
AT5G11565,0.508881482859563
AT5G11570,-0.20366233986733545
AT5G11580,-0.17938255079849652
AT5G11590,-9.31013626142627e-05
AT5G11600,-0.04116397129420248
AT5G11610,-0.37973448279424743
AT5G11620,0.052739769399811474
AT5G11630,0.40136414840767987
AT5G11640,0.20340265961143064
AT5G11650,0.08496554020734914
AT5G11660,0.31114794780937505
AT5G11670,-0.02663583441128752
AT5G11680,0.12883769523582195
AT5G11690,0.5004205366824497
AT5G11700,-0.10311250093271594
AT5G11710,0.0833511874411318
AT5G11720,-0.1040737310564738
AT5G11730,-0.34405806678962514
AT5G11740,-0.07345056140293162
AT5G01885,0.014343284082705665
AT5G11750,-0.358957933772236
AT5G11760,0.07875014903625237
AT5G11770,0.7402574948230664
AT5G11780,-0.06466024412051781
AT5G11790,-0.6847057915396322
AT5G01915,
AT5G11800,0.5525519558892356
AT5G11810,0.0049645064836232695
AT5G11820,-0.3455238866565748
AT5G11830,0.29202518866547267
AT5G11840,0.3087707833597874
AT5G11850,-0.26316891404868165
AT5G11860,-0.12790178105004443
AT5G11870,0.019336898624897982
AT5G11880,0.2896266305275913
AT5G11890,0.06782493411860199
AT5G11900,0.6835137120133514
AT5G11910,-0.08097914747878786
AT5G11920,-0.40565333360314243
AT5G11930,-0.09032219657901255
AT5G11940,0.01534594625320765
AT5G11950,0.21757284903085525
AT5G11960,-0.032959016984794476
AT5G11970,0.32637311989937723
AT5G11975,
AT5G11977,0.5361346578917443
AT5G11980,0.2481613278122016
AT5G11990,-0.8502907319850492
AT5G12000,-0.541869434935291
AT5G12010,0.4038749054725949
AT5G12020,0.14518882280341647
AT5G12030,0.06424332025862131
AT5G12040,0.12395996186075965
AT5G12043,0.3005237683689163
AT5G01925,-0.07306672167270865
AT5G12050,-0.20328736107436163
AT5G12060,0.2230229135858202
AT5G12070,-0.47728348756324296
AT5G12080,0.12521100643668323
AT5G12090,-0.0710206251096603
AT5G12100,0.40894303050148917
AT5G12110,0.1826186894524307
AT5G12120,-0.28205122918395026
AT5G12130,0.22998102731689193
AT5G12140,-0.3537332442884856
AT5G12150,-0.29105505980072344
AT5G12170,-0.3260787539420581
AT5G12180,0.34782450506806245
AT5G12190,-0.40990022813060445
AT5G12200,-0.491343672699871
AT5G12210,-0.30478055380224395
AT5G12220,-0.18414439888259754
AT5G12230,0.348312461989012
AT5G12235,0.014650486047963346
AT5G12236,-0.18192028836514862
AT5G12240,0.0017499131885827194
AT5G12250,0.024830330518098895
AT5G12260,0.29281655948144114
AT5G12270,-0.0485208574630157
AT5G12280,-0.5366950134602528
AT5G12290,-0.29221412238691813
AT5G12300,-0.08757026696880331
AT5G12310,-0.08404247095690012
AT5G12320,-0.2461965458629119
AT5G12330,-0.6486686956143487
AT5G12340,-0.027442116285285235
AT5G12350,-0.02819854427514015
AT5G12360,0.18421151399975938
AT5G12370,0.16853107220148209
AT5G01935,-0.1466950543904659
AT5G12380,
AT5G12390,-0.11675413434166204
AT5G01945,
AT5G12400,-0.07325526653705351
AT5G12410,-0.0630262077567683
AT5G12420,-0.13140192796476155
AT5G12430,-0.640117093506534
AT5G12440,-0.4647623318260125
AT5G12450,
AT5G12460,-0.1775992881803517
AT5G12470,-0.3423092074825933
AT5G12480,-0.07380386070335258
AT5G12840,-0.41242121380566654
AT5G12850,0.3974609791947625
AT5G12860,-0.08464391653162541
AT5G12870,-0.06257146917077636
AT5G12880,0.19735358275200868
AT5G12890,0.06890728431755239
AT5G12900,0.4539884066561308
AT5G12910,-0.2743880547254763
AT5G12920,0.11570439210294683
AT5G12930,-0.40175190018306833
AT5G12940,-0.054340316118220544
AT5G12950,-0.17982083749715727
AT5G12960,0.12877689558473654
AT5G12970,-0.06930023657170352
AT5G12980,0.1338465635297827
AT5G12990,-0.1369616235388247
AT5G13000,-0.3571543830458219
AT5G13010,0.4298259210434072
AT5G13020,-0.4685630113996752
AT5G13030,0.17762667126821213
AT5G13050,-0.01872691048013779
AT5G13060,-0.006022541793909398
AT5G13070,0.1611961579322015
AT5G13080,0.19291523827464924
AT5G13090,0.13218478822698387
AT5G13100,-0.045674381149954056
AT5G13110,-0.5734045158929015
AT5G13120,-0.4253168595781609
AT5G13130,0.0011316957420563411
AT5G13140,-0.17855249711867457
AT5G01955,0.20350398765530206
AT5G13150,0.22221058316684814
AT5G13160,-0.15021487353020513
AT5G13170,-0.2336871100986478
AT5G01965,0.19722986500679834
AT5G13180,0.13940399166464656
AT5G13181,0.09241158933409827
AT5G01975,-0.47198795609148575
AT5G01985,0.02222759973969138
AT5G01995,-0.18236108628402595
AT5G02015,-0.21593184147132327
AT5G13190,0.007396155860370741
AT5G13200,-0.1587355576082611
AT5G13210,-0.3315250847167118
AT5G02045,0.10926191884367413
AT5G13220,-0.4440419755565526
AT5G02055,0.2216091508189791
AT5G13225,
AT5G13230,-0.20691369159921738
AT5G13240,0.20656847135164688
AT5G13250,-0.13248330004828995
AT5G02075,
AT5G13260,0.30515685736466486
AT5G13270,0.10340610267957655
AT5G13280,0.11289761193077144
AT5G13290,-0.5092171984249968
AT5G13295,
AT5G13300,0.31419132129024196
AT5G13310,-0.46179811139157867
AT5G02085,
AT5G13320,0.4071263217324634
AT5G13330,-0.3979948659476744
AT5G13340,-0.3637732732452073
AT5G13350,-0.5109894075072501
AT5G13360,0.2618511786859465
AT5G13370,-0.04769892741332747
AT5G13380,-0.7482692070941657
AT5G13390,0.2299202763898896
AT5G13400,-0.32490047081363854
AT5G13410,-0.6653361473892124
AT5G13420,-0.2521759909429517
AT5G13430,0.15924467698840258
AT5G13440,0.09589925324569841
AT5G13450,0.09866103220630291
AT5G13460,-0.27065154663146623
AT5G13470,0.19634545366152914
AT5G13480,0.3130347740922205
AT5G13490,0.26354085708474373
AT5G13500,0.17245844077095313
AT5G02095,0.11064689136254964
AT5G13510,0.24108794748736434
AT5G13520,-0.05197330546866904
AT5G13530,-0.4900841774696027
AT5G13550,-0.6453346660330669
AT5G13560,0.10153450552990283
AT5G13565,
AT5G13570,-0.4213767560292626
AT5G13580,-0.2298042149375689
AT5G13590,0.39185634279886705
AT5G13600,0.06785234258307227
AT5G13610,0.28762086479625204
AT5G13620,0.03533989079549428
AT5G13630,-0.7378542213896416
AT5G13640,-0.5999765690433471
AT5G13650,-0.10522365036712221
AT5G13660,0.006029044753326601
AT5G13670,0.3755864659047614
AT5G13680,0.19858196781029022
AT5G13690,-0.0700399479358622
AT5G13700,0.12300310533905734
AT5G13710,-0.4506525349265826
AT5G13720,0.20286716007813135
AT5G13730,-0.41107773916265117
AT5G13740,-0.3370081625633173
AT5G13750,-0.2700829923487408
AT5G13760,-0.4322752600279005
AT5G13770,-0.0674181849199005
AT5G13780,-0.09823378644098105
AT5G13790,-0.017964009055949783
AT5G13800,-0.2832197907461991
AT5G13810,-0.4317427713835184
AT5G13820,0.16814165686409488
AT5G13825,-0.39627176079772636
AT5G13830,-0.5938226775001847
AT5G13840,-0.5017343920265498
AT5G02105,
AT5G13845,
AT5G13850,0.3980085643359831
AT5G02115,
AT5G13860,-0.19189757161254112
AT5G13870,-0.3529809704897302
AT5G13880,-0.28198067426127355
AT5G13890,0.3299205476349672
AT5G13887,
AT5G13900,-0.21312292202107935
AT5G13910,0.0755300826228441
AT5G13920,0.031929427360057126
AT5G13930,-0.10974905143811033
AT5G13940,-0.17893164251756752
AT5G02125,
AT5G13950,0.04961552365804506
AT5G13960,-0.14246726364149195
AT5G13970,0.18204532786871344
AT5G13980,-0.6192474391836988
AT5G13990,0.054483873785964164
AT5G14000,0.11329804039069984
AT5G02135,-0.11128620916333502
AT5G14010,0.08509819009001872
AT5G14020,-0.7521055762898161
AT5G14030,-0.39210315386136896
AT5G14035,
AT5G14040,0.10940604318991724
AT5G14050,-0.18295482756026754
AT5G14060,-0.18120957421145525
AT5G02145,0.3875401310453186
AT5G14070,0.5788696839586547
AT5G14080,-0.5270060918044518
AT5G14090,-0.31828458545288985
AT5G14100,0.30770142753582774
AT5G14105,0.22677399715083366
AT5G14110,0.07780193541007992
AT5G14120,-0.03585861522614048
AT5G02155,
AT5G14130,-0.4683150578547629
AT5G14140,0.4934651951952354
AT5G14150,-0.4997911473047818
AT5G14160,0.08761576359932811
AT5G14170,-0.07040411946917764
AT5G14180,-0.3000694005080464
AT5G14200,-0.5953263893418635
AT5G14210,0.18953997125818978
AT5G14220,-0.14928246793699143
AT5G02175,0.575422672381461
AT5G02185,0.10113438587823692
AT5G14230,0.3185004329426017
AT5G02195,
AT5G14240,0.33514027007501723
AT5G14250,0.2766772851724537
AT5G14260,-0.399116632135807
AT5G14270,-0.23973446141882104
AT5G14275,
AT5G14280,-0.0009354682750136026
AT5G14285,0.03869007226948224
AT5G02205,0.1910250496570069
AT5G14290,0.04804391888712286
AT5G14300,
AT5G14310,0.2037255948710739
AT5G14320,0.5823668480225108
AT5G14330,-0.057283340077578
AT5G02215,-0.008973469419487007
AT5G14340,-0.12137926225254328
AT5G14345,-0.06020021623150762
AT5G14350,0.3156648553057896
AT5G14360,0.09061181230791691
AT5G14370,-0.08266611748048475
AT5G14380,-0.4853900827980619
AT5G14390,0.18296942898501808
AT5G14400,-0.20955699505440004
AT5G14410,0.0686336857832702
AT5G14420,0.4098738086045062
AT5G14430,-0.026652749697661227
AT5G14440,0.5404932043196967
AT5G02225,
AT5G14450,-0.17706901537313827
AT5G14460,0.2539437714922867
AT5G14470,-0.1087846592904587
AT5G14480,0.4547887359332279
AT5G14490,-0.3255851818092375
AT5G14495,
AT5G14500,-0.1695745624682284
AT5G14510,0.06317135268757267
AT5G14515,0.21421555750717333
AT5G14520,0.05083143866421962
AT5G14530,0.1543246500808143
AT5G14540,-0.10044745768854971
AT5G02245,
AT5G02255,0.19158024743970545
AT5G14550,0.03294594772435793
AT5G14545,
AT5G14560,0.14652811912472355
AT5G14565,0.1699436210496715
AT5G14570,0.3332299520513566
AT5G14580,-0.13121485778690778
AT5G14590,-0.4096237636921427
AT5G14600,0.15049935491333458
AT5G14602,0.021182664406059867
AT5G14610,0.13991018764565927
AT5G14620,0.4587315460700862
AT5G14640,0.15068454876499676
AT5G02265,0.25092918462447594
AT5G02275,
AT5G14650,0.3543911473266968
AT5G14660,0.5204892942458558
AT5G14670,0.027301821391020668
AT5G14680,0.06597231153262635
AT5G14690,-0.1258670410937922
AT5G14700,0.021427337454114053
AT5G14710,-0.08444497365685728
AT5G14720,-0.0834476978347313
AT5G14730,-0.30896706953448244
AT5G14740,-0.22853495200726842
AT5G14750,0.2572301432236735
AT5G14760,-0.2939904458402239
AT5G14770,-0.3364381938622025
AT5G14780,-0.12908084179704055
AT5G14790,0.22638874068429132
AT5G14800,0.3843088223755581
AT5G14820,0.04045993418668804
AT5G14850,0.10206318947864149
AT5G14860,0.07267378098403252
AT5G14870,0.1506500011468752
AT5G14880,0.14695884000033804
AT5G14890,0.1665998087417216
AT5G14895,-0.3125889335870725
AT5G14900,-0.08463213568418883
AT5G14910,0.047315647269579354
AT5G14920,-0.2600408946908796
AT5G14930,0.23329704689798
AT5G14940,0.24807769690558443
AT5G14950,0.29248157766342375
AT5G14960,0.06984689166130076
AT5G14970,0.27781940211571016
AT5G14980,0.5070258739062719
AT5G14990,-0.3065717742663136
AT5G14995,0.002163799750145692
AT5G15000,0.35138198593885966
AT5G15008,-0.15486469551156865
AT5G15010,-0.42917926414758373
AT5G15020,0.00047222917351025717
AT5G15022,0.4151610838384486
AT5G02295,
AT5G02305,
AT5G02315,
AT5G02325,
AT5G15025,-0.1940302673853102
AT5G15030,-0.17441117679038895
AT5G15040,0.08664055009786785
AT5G15050,-0.330201337891592
AT5G15060,0.03176319486842164
AT5G15070,0.6976385033008723
AT5G15080,0.08194153788510189
AT5G15090,0.19373106479015212
AT5G15100,0.18861223476332425
AT5G15110,-0.11077592582290913
AT5G15120,-0.5523704761047603
AT5G15130,-0.3199358224312571
AT5G15140,0.19078844595325792
AT5G15150,-0.09382182350258648
AT5G02335,-0.3723719167071053
AT5G15160,0.14181731847250517
AT5G15170,-0.4304159539814588
AT5G15175,0.2648363580262809
AT5G15180,-0.5708013131617276
AT5G15190,-0.05142165303556395
AT5G15200,-0.10854238483233457
AT5G15210,0.38569619435253855
AT5G15220,-0.027324375224564813
AT5G02345,-0.2909472891526874
AT5G15230,-0.397429753236774
AT5G15240,-0.1303056235454037
AT5G15250,-0.13024866544009742
AT5G15260,-0.08480170668970823
AT5G15265,0.04929958993350444
AT5G15270,-0.39573817326642974
AT5G15280,0.15795457732943527
AT5G15290,-0.21646443748276825
AT5G15300,-0.2986282619631089
AT5G02355,0.015429542731602406
AT5G02365,-0.03799754883854563
AT5G02375,-0.21061296610362054
AT5G02395,0.19398243453573633
AT5G15310,-0.14900270480400157
AT5G15320,-0.04839320694296769
AT5G15330,0.22980625882255232
AT5G15340,-0.24514469562298014
AT5G15350,0.2531791897523989
AT5G15360,-0.5470657040864
AT5G02405,0.4680896901171374
AT5G15380,0.6628447996248676
AT5G15390,-0.31262375847565727
AT5G15400,0.08049732689113488
AT5G15410,0.475971025886172
AT5G15420,-0.2687444586935774
AT5G15430,0.32358181507849204
AT5G15440,0.3150278128837511
AT5G02415,
AT5G15450,0.07592083464008487
AT5G15460,0.5283219070718072
AT5G15470,0.22385865255672724
AT5G15480,-0.07052151108067924
AT5G15490,-0.04715961476344136
AT5G15500,0.09313754768740214
AT5G15510,-0.47344816180191224
AT5G15520,-0.15772912123166247
AT5G15530,-0.29140631932314565
AT5G15533,
AT5G15537,-0.6435238674264815
AT5G02425,0.49845812416492935
AT5G15540,-0.2726633416916754
AT5G15550,-0.38103668497721477
AT5G15560,-0.4979763577441873
AT5G15570,-0.0854075517414821
AT5G15580,-0.2490228406449454
AT5G15581,
AT5G15600,-0.07267707567111581
AT5G15610,-0.31590708378717014
AT5G15620,-0.08007233865037013
AT5G15630,0.04395030026131553
AT5G15640,-0.3453038168861357
AT5G15650,-0.15003109800182404
AT5G15660,-0.09765281035005276
AT5G15670,-0.08888513203144244
AT5G15680,0.21334589068380383
AT5G15685,0.03903033211114387
AT5G15690,0.22398843130530047
AT5G15700,-0.16749524175629932
AT5G15710,-0.2671364327634686
AT5G15720,0.14896002268620026
AT5G15725,-0.2285891806149599
AT5G15730,-0.2225071109439226
AT5G15740,-0.04805645964582766
AT5G15745,
AT5G15750,-0.12139817132004273
AT5G15760,0.28259093089910076
AT5G15770,
AT5G15780,-0.33025486091292156
AT5G15790,-0.5034169126925591
AT5G02445,
AT5G15800,-0.5239125159303758
AT5G02455,
AT5G15802,-0.004895175826624265
AT5G15805,
AT5G15810,-0.42250002998787184
AT5G15815,-0.45382687969420543
AT5G15820,-0.22772812030155892
AT5G15830,-0.5432099016716547
AT5G02465,-0.19606316491946424
AT5G15833,0.10685122445648398
AT5G15840,0.13164167307277108
AT5G15843,
AT5G15845,0.01079864252398288
AT5G15850,
AT5G15853,
AT5G15860,-0.36002275551898466
AT5G15870,-0.09706037601138369
AT5G15880,0.13777088786259678
AT5G15890,-0.027504460329172746
AT5G15900,-0.020032117490123538
AT5G15910,-0.10817933088312107
AT5G15920,0.16691269266367056
AT5G15930,0.03152229034711498
AT5G15940,0.6374549170065836
AT5G15950,0.32302050743807026
AT5G15960,0.2514835281720909
AT5G15970,-0.2544933716097501
AT5G15980,0.10938188094217376
AT5G02485,-0.13044772607043675
AT5G16000,-0.1042362625995618
AT5G16010,0.3940749234815847
AT5G16020,-0.08845173381563692
AT5G16023,0.242437700110581
AT5G02495,0.3505583538871092
AT5G16030,-0.11015555086062762
AT5G02515,
AT5G16040,0.2838903058887424
AT5G16050,0.06620854546496352
AT5G16060,-0.057381118170132105
AT5G16070,0.3040945139346317
AT5G16080,-0.23826416073320766
AT5G16090,0.19777329009411668
AT5G16100,-0.28428694783585595
AT5G16110,0.3148808278933149
AT5G16120,-0.47049029421071914
AT5G16130,-0.010330058915650085
AT5G16140,-0.15668161015896429
AT5G16150,-0.3436529397396266
AT5G16160,-0.03999534526573602
AT5G16170,-0.44740458106056535
AT5G16180,0.1526087461579246
AT5G16190,-0.10910469113079198
AT5G16200,-0.13950277527349741
AT5G16210,-0.3467637950463113
AT5G16220,-0.670577127998828
AT5G16230,-0.424478906083103
AT5G16235,
AT5G16240,0.2122409358172467
AT5G16250,0.0057252317553756794
AT5G16260,0.34224100262806934
AT5G16270,-0.8740274172694719
AT5G16280,-0.5913531242186226
AT5G16285,-0.9809675755146688
AT5G16290,0.46931524693202054
AT5G16300,-0.1288299193379102
AT5G16310,0.1730698283125158
AT5G02525,
AT5G16320,0.1609072507525041
AT5G16330,0.2098132017111287
AT5G16340,0.12703956597464885
AT5G16350,-0.134791440508168
AT5G16360,-0.06287989886149492
AT5G16370,-0.19214080896466185
AT5G16375,0.04152442688020031
AT5G16380,-0.39089672224854066
AT5G16390,-0.19332996992789828
AT5G16400,0.5894606852673663
AT5G16410,0.003601856660590511
AT5G16420,0.13013525086958566
AT5G16430,
AT5G16440,0.13222541287858822
AT5G16450,-0.44715952239623735
AT5G02535,
AT5G16453,-0.375282814177927
AT5G16460,-0.46285870414493574
AT5G16470,0.11185804281497974
AT5G16480,0.08464741074745097
AT5G16486,-0.5500488919486023
AT5G16490,-0.05316609131009518
AT5G16500,0.2630139700899677
AT5G16510,-0.47423181902863454
AT5G16520,-0.0755919630505187
AT5G16530,0.26797266875990705
AT5G16540,0.4555683179089731
AT5G16550,0.1619085024302617
AT5G16560,-0.42394228702927894
AT5G02555,
AT5G16570,-0.20659915908755963
AT5G16580,0.1385226289646714
AT5G16590,-0.033093023022818704
AT5G16600,-0.18053230155601854
AT5G16610,-0.06298875261324742
AT5G02565,-0.42820969869699943
AT5G02575,0.09871342513890143
AT5G16620,-0.6378556965607549
AT5G16630,-0.19894802299606945
AT5G16640,-0.33863856559462785
AT5G16650,-0.00849777278735198
AT5G16660,0.10229704752595781
AT5G16680,-0.5702743958759661
AT5G16690,0.11703652357242819
AT5G16700,0.3635711439997888
AT5G16710,0.687204170057808
AT5G16715,0.12183445677838815
AT5G16720,-0.33682913533814657
AT5G16730,-0.23652240264624605
AT5G16740,0.08162375030110883
AT5G16750,0.21510011758048234
AT5G16760,-0.05027631961353671
AT5G16770,-0.10091182812173413
AT5G16780,0.3619860758477718
AT5G16790,-0.03868351933333738
AT5G16800,0.7354912772931106
AT5G16810,-0.09508582356055804
AT5G16820,-0.09481824931797425
AT5G16830,0.27462703801810934
AT5G02595,
AT5G16840,-0.32786619854823434
AT5G02605,
AT5G16850,-0.532472262940322
AT5G16860,-0.2584172180045176
AT5G16870,0.7841599734037639
AT5G16880,-0.039293581054541574
AT5G16890,0.2178713920228205
AT5G16900,-0.03507415265934788
AT5G16910,0.12989607221012206
AT5G16920,-0.4678270715974674
AT5G16930,0.13860227730842722
AT5G16940,-0.16053299520165173
AT5G16950,0.4945759579590203
AT5G02635,0.015157364089072105
AT5G16960,-0.4210195524981168
AT5G16970,0.21458162748714266
AT5G16980,-0.1276070908393123
AT5G16990,0.3332141304029992
AT5G17000,-0.19161354063250047
AT5G17010,-0.391622624922446
AT5G17020,-0.3956493963866974
AT5G17030,-0.25404019035927855
AT5G17040,-0.0950241789501053
AT5G17050,0.5842621762558796
AT5G17060,-0.06409453180194401
AT5G17070,-0.1405875229256695
AT5G17080,0.31322237911034806
AT5G17090,0.12123631930158195
AT5G17100,0.1889760116531147
AT5G17110,0.36296043273489276
AT5G17120,-0.2023146691976002
AT5G17130,0.08469219997222208
AT5G17140,-0.2087628950177445
AT5G17150,0.019708727926510315
AT5G17160,-0.1337388942549188
AT5G17165,0.3420748486919093
AT5G17167,
AT5G17170,0.4348972661862465
AT5G17180,-0.349304918468519
AT5G17190,0.5383992735955485
AT5G17200,0.10085524830794185
AT5G17210,-0.1564163524923865
AT5G17220,0.0709306087228291
AT5G17230,0.1952120236967001
AT5G17240,-0.41659881307763996
AT5G17250,-0.2553539078898208
AT5G02645,0.2503232569002155
AT5G02655,
AT5G02665,
AT5G02675,
AT5G17260,-0.02221677525314447
AT5G02685,0.2683917492892324
AT5G17270,0.09332746831872664
AT5G17290,0.044809611793709105
AT5G17280,
AT5G17300,-0.2739013932811157
AT5G17305,
AT5G17310,-0.22493477912901647
AT5G17320,-0.3336834138603058
AT5G17330,-0.23567689384100585
AT5G17340,0.24581847626067918
AT5G17345,0.01721920075549366
AT5G17350,-0.3697665908919128
AT5G17360,-0.08488126880894627
AT5G02695,
AT5G17370,-0.29058191448846077
AT5G17380,-0.08200335238334493
AT5G17390,-0.15130021272877792
AT5G17400,0.13989838774246752
AT5G17410,0.15173500192755918
AT5G02705,
AT5G17420,0.306233475819421
AT5G02715,-0.4153891483176726
AT5G17430,-0.47970192001911893
AT5G17440,-0.5525577385555389
AT5G02735,-0.07481363079353305
AT5G17450,0.6764115462493221
AT5G17460,-0.4462046295460582
AT5G17470,-0.08210527444124
AT5G17480,0.04673575046463836
AT5G17490,0.23614343023405698
AT5G17500,0.3700471057218498
AT5G17510,-0.49390916572515153
AT5G17520,0.17517763607423126
AT5G17522,
AT5G17523,
AT5G17530,-0.27542243892441876
AT5G17540,0.043524621954927165
AT5G17550,0.05617439472321816
AT5G17560,0.5335816895367684
AT5G17570,0.17332996617609572
AT5G02745,
AT5G17580,0.13301601395652257
AT5G17590,-0.5942292339044226
AT5G17600,0.09767164333579786
AT5G17610,-0.17359713353515027
AT5G17620,0.2943159657602185
AT5G17630,0.4458777791628672
AT5G02755,
AT5G17640,-0.27899197924497604
AT5G17650,0.35944460277655
AT5G17660,0.11328279673984373
AT5G17670,0.5422446364427136
AT5G17680,-0.09606460751928589
AT5G17690,-0.541709680201744
AT5G17700,-0.21202023884379656
AT5G02765,-0.13200368592349399
AT5G17710,-0.2523337132755505
AT5G17720,0.2244757986527459
AT5G17730,-0.3429236307631917
AT5G17740,-0.5955156833099724
AT5G17750,-0.7723312452151636
AT5G17760,-0.31373138020528757
AT5G17770,0.5350748118795439
AT5G17780,0.2980118446883959
AT5G17790,-0.4394492587479438
AT5G02775,0.30965616319489936
AT5G02785,
AT5G17800,-0.8432075136874744
AT5G17810,0.10784247518546616
AT5G17820,-0.7533861194100111
AT5G02795,-0.9624620151438762
AT5G17830,-0.2126076298541591
AT5G17840,0.10478140004522675
AT5G17847,-0.10555867895909601
AT5G17850,0.14459762280150149
AT5G17860,-0.343480487102467
AT5G17870,0.5495328115355592
AT5G17880,0.20886991064869706
AT5G02805,-0.704197328004355
AT5G17890,-0.5276244624560584
AT5G17900,-0.599275647211181
AT5G17910,-0.24302867324660407
AT5G17920,-0.011653394247655897
AT5G17930,-0.18354522907961152
AT5G17950,-0.3050340480619612
AT5G17960,-0.10519987794291719
AT5G17970,-0.061043005806089276
AT5G02825,-0.18332051675705935
AT5G17980,-0.028934070851042586
AT5G17990,-0.29750250822722735
AT5G18000,-0.27567850244133785
AT5G18005,
AT5G18010,-0.3254487351820303
AT5G02835,-0.05850160819770223
AT5G02855,-0.4653064797231482
AT5G18015,0.16356540180005424
AT5G18020,-0.14041359844434798
AT5G02865,0.17501527970297534
AT5G18030,0.10880233192273159
AT5G18037,0.06970208050567447
AT5G18040,-0.09545157619835086
AT5G18050,0.207914484203333
AT5G18060,0.6414774804371082
AT5G18065,0.28476359076473334
AT5G18070,-0.5530505689259319
AT5G18080,-0.02176278147263183
AT5G18085,
AT5G18090,-0.3300902646860922
AT5G18100,-0.07014509779686924
AT5G02875,
AT5G18110,-0.43022273265780187
AT5G18120,0.28975913922909435
AT5G18130,-0.05987045052569915
AT5G18140,0.4233611221806237
AT5G18150,
AT5G18160,-0.07826719111412542
AT5G18170,0.36067372194632963
AT5G18180,-0.41493205116155263
AT5G18190,-0.6018624805782831
AT5G18200,-0.41270501521616304
AT5G18210,0.37680493321384634
AT5G18220,0.21965295667171897
AT5G18230,0.2197074312516972
AT5G18245,-0.6998219800842781
AT5G18240,
AT5G18250,0.3559407773485743
AT5G18255,0.5854563188182609
AT5G18260,0.3419530751916128
AT5G18270,-0.22767259242327878
AT5G18280,0.14110832934666828
AT5G18290,0.732810571834679
AT5G02885,
AT5G18300,
AT5G18310,-0.47984468633934674
AT5G18320,0.17525682035616127
AT5G18330,-0.037391588742497796
AT5G18340,0.12725355886703582
AT5G18350,-0.5273526425684246
AT5G18360,-0.08918344157830888
AT5G18370,0.10740466059031403
AT5G18380,0.02820937759703577
AT5G18390,0.21185924069435355
AT5G18400,0.28349719143998536
AT5G18403,-0.36694994822341975
AT5G18404,0.2398613624140136
AT5G18407,0.2546875765493339
AT5G18410,0.03614974929500845
AT5G18420,-0.30266917257797415
AT5G18430,-0.010894294388165459
AT5G18440,0.40321436965464397
AT5G18450,-0.6661571362820667
AT5G18460,-0.32631556952125745
AT5G18470,0.17094387340178557
AT5G02895,
AT5G18475,-0.0724855463591816
AT5G18480,-0.12149086682974711
AT5G18490,0.2529900700380274
AT5G18500,-0.5053847360380868
AT5G18510,-0.5023314006315904
AT5G18520,0.2621614378824349
AT5G18525,0.2900604139419032
AT5G18540,0.06818111644176446
AT5G18550,-0.2703555534824208
AT5G18560,0.26218813369225114
AT5G18570,0.2060949028100586
AT5G18580,-0.7118259856108498
AT5G02905,
AT5G02915,
AT5G18590,0.09189070383610987
AT5G18600,-0.2148805517288969
AT5G18610,0.25545316826556
AT5G18620,-0.5745618875126108
AT5G18630,0.018583457194430577
AT5G18636,0.2871416850209152
AT5G18640,0.19515233475305424
AT5G18650,0.3500275207655941
AT5G18660,0.695769989833809
AT5G18661,0.08963983854094935
AT5G18670,0.24192721892503916
AT5G18680,-0.41584580255309656
AT5G18690,-0.1924474728903797
AT5G18700,0.4124013842926605
AT5G18705,
AT5G18710,0.21776586935179237
AT5G18720,0.18855497125714754
AT5G18730,-0.08919528483888874
AT5G18735,-0.1767457848010623
AT5G18740,-0.1256760510243311
AT5G18748,
AT5G18750,-0.02447265734360007
AT5G18755,-0.06038455984180189
AT5G18760,-0.004070577651949675
AT5G18770,-0.050423455216190065
AT5G18780,-0.14452649180518473
AT5G18790,-0.3286917431890807
AT5G18800,0.03723263552421071
AT5G18810,0.1772192471481947
AT5G18820,0.12202020101572963
AT5G18830,-0.031443516870674516
AT5G18840,-0.09824215902242935
AT5G18850,0.3713332329595142
AT5G18860,-0.14744514913468174
AT5G18870,0.3839826920913187
AT5G18880,0.2546802416538537
AT5G18890,0.5503259878155929
AT5G18900,-0.15330615253437221
AT5G18910,0.13052468575482565
AT5G18920,0.5012583838312715
AT5G18930,0.03965581873245997
AT5G18933,0.020999750183339366
AT5G02925,-0.08989940255861774
AT5G18937,0.24354947537459767
AT5G02935,
AT5G18940,-0.5032508406322709
AT5G18950,0.3401996615682839
AT5G18960,-0.4635377329472702
AT5G18970,-0.4782516480748124
AT5G18980,-0.2009329923548494
AT5G18990,-0.628394795749077
AT5G19000,-0.3253951400504043
AT5G19010,0.0032718347144316765
AT5G19020,-0.07171072516721569
AT5G19025,0.38799382519866193
AT5G19030,-0.18333832756138702
AT5G19040,0.20963978273287895
AT5G19050,0.4085203360550441
AT5G19060,-0.0765468983300266
AT5G19070,0.2608517507886075
AT5G19080,0.3887645711791708
AT5G19090,0.025903463927702413
AT5G02945,-0.003436908084336158
AT5G02955,0.26675340288679283
AT5G02965,0.32323452904941835
AT5G02975,-0.28011716841288714
AT5G02985,0.07559995532705394
AT5G03005,
AT5G19095,-0.06777314370689651
AT5G19100,0.0010157187741091762
AT5G03015,0.1275742056216259
AT5G19110,-0.19781239099329997
AT5G19120,-0.3594723798273974
AT5G19130,-0.3454408634503827
AT5G19140,0.10206597379759533
AT5G19150,-0.26758786216362773
AT5G19151,-0.31725961387689616
AT5G19160,-0.0720943638749705
AT5G03025,0.08628940648417126
AT5G19170,0.413407449277328
AT5G19172,-0.24503976446294443
AT5G19175,0.1361739460194191
AT5G03035,-0.16226146768971764
AT5G03045,-0.15436173626570215
AT5G19180,0.44296125447301204
AT5G19190,-0.26833136009262126
AT5G19200,0.031495477577398866
AT5G19210,-0.16355696464857955
AT5G19220,-0.5798085393456919
AT5G19221,
AT5G19230,-0.3439408937084519
AT5G19240,0.4534161301388752
AT5G19250,-0.38568470430016394
AT5G19260,-0.34961808125545313
AT5G03055,0.38306075868400485
AT5G03065,0.17314442965557908
AT5G19270,0.5092892805042412
AT5G19280,0.2520492723828879
AT5G19290,-0.056730346271180766
AT5G19300,0.1367319435011454
AT5G19310,-0.07226050325028975
AT5G19315,-0.15129404096233007
AT5G19320,-0.00030292716217705714
AT5G19330,-0.37144706487397494
AT5G19340,0.44339682644463047
AT5G03075,0.22809393380127702
AT5G19350,0.29919150092952723
AT5G19360,-0.5869047895839126
AT5G19370,0.17925134877859564
AT5G19380,-0.5385205354869217
AT5G19390,-0.2322021153657714
AT5G19400,-0.056359585607661786
AT5G19410,-0.10238696414680663
AT5G19420,-0.19677804146348557
AT5G19430,-0.2710324581979509
AT5G19440,0.31585889702805925
AT5G19450,0.05585349239003822
AT5G19460,-0.3101160142765416
AT5G19470,0.06671490109302684
AT5G19473,-0.7676702834009711
AT5G19480,-0.09483405177474782
AT5G19485,0.244039912433203
AT5G19490,-0.8085227028779767
AT5G19500,-0.34849284075686077
AT5G19510,-0.24576439947390896
AT5G19520,-0.10710598908888193
AT5G19530,-0.7288909620796695
AT5G19540,-0.08313938647236528
AT5G19550,0.399094660186246
AT5G19560,0.6753592956165564
AT5G19570,0.36357252287215786
AT5G19580,-0.14944091842726004
AT5G19590,0.49626389854142283
AT5G19595,
AT5G19600,-0.1601205217191795
AT5G19610,-0.010571929248044624
AT5G19620,0.7361639498400616
AT5G19630,-0.38852613565001487
AT5G19633,0.6792030756589117
AT5G19640,0.17290164230519559
AT5G19650,0.18389899164059384
AT5G19660,-0.4269922455104876
AT5G19670,0.20794860929087003
AT5G19675,
AT5G19680,0.4872063542826067
AT5G19690,-0.13815397055787085
AT5G19700,0.1879360674310504
AT5G03085,-0.20614589132268532
AT5G19710,0.36845561849196096
AT5G19720,0.23227973705446775
AT5G03095,0.12595631952772626
AT5G03105,
AT5G19730,-0.03139347627560805
AT5G19740,-0.1906162658236328
AT5G19750,0.28374426140293796
AT5G19760,-0.05221001906881665
AT5G19770,-0.08619006595325383
AT5G19780,-0.004914458246985786
AT5G19790,0.2445994886194772
AT5G19800,0.2972196134615477
AT5G19810,-0.14926097728869755
AT5G19820,-0.5499404620815341
AT5G19830,0.3242750705891337
AT5G19840,-0.11812337343583544
AT5G19850,-0.35476734780839303
AT5G19855,0.43472372433900824
AT5G19860,0.2578146108760006
AT5G19870,-0.024942411198652568
AT5G19875,-0.2689577112385281
AT5G19880,-0.16102427885537424
AT5G19890,0.35876557704848644
AT5G19900,0.511462059386047
AT5G19910,0.059654403622632045
AT5G19920,-0.06693802336320358
AT5G19930,-0.12641436260893937
AT5G19940,-0.09075317088722691
AT5G19950,-0.23081118351563337
AT5G19960,-0.17712372077592936
AT5G19970,0.009159580537049138
AT5G19980,0.0033858117855464207
AT5G19990,-0.49857821742479264
AT5G20000,-0.12752636208013243
AT5G20010,-0.026406009995104587
AT5G20020,-0.5862065371140509
AT5G20030,-0.06597151620225532
AT5G20040,-0.10667661179272997
AT5G20045,-0.28332804031294495
AT5G20050,-0.7752257402704289
AT5G20060,-0.4564514903530509
AT5G20070,-0.094256715912782
AT5G20080,0.3051741473939944
AT5G20090,0.5116087601512156
AT5G20100,-0.3380629767548535
AT5G20110,0.33213860262362627
AT5G20120,-0.2569812767832597
AT5G20130,-0.05739931757115971
AT5G20140,0.21570840070965783
AT5G20150,-0.014499092513364493
AT5G20160,-0.24887957394160753
AT5G20165,0.28334921259938134
AT5G20170,0.15551911239782007
AT5G20180,0.3938469164093189
AT5G20190,-0.2989776197997408
AT5G20200,-0.12000975378169562
AT5G20220,-0.12602698629948006
AT5G20225,-0.24119041877526395
AT5G20230,0.4771759834126807
AT5G03115,-0.04072870169112876
AT5G20240,0.2468755266535582
AT5G20250,0.07096460819606197
AT5G20260,0.1556636958617903
AT5G20270,-0.39272019416590626
AT5G20280,0.005697738296679266
AT5G20290,0.008269579073057082
AT5G20300,0.37908751530035245
AT5G20310,0.18706595038198048
AT5G20320,-0.17268895816587343
AT5G20330,0.5175015446057198
AT5G20340,-0.20239835116805266
AT5G20350,0.13027734460368529
AT5G20360,0.002034401166608503
AT5G20370,-0.21782436163143448
AT5G20380,-0.34160658008129685
AT5G20390,-0.19264814052875853
AT5G20400,-0.0014140138637792168
AT5G20410,-0.02966493171993202
AT5G20420,0.571797712825101
AT5G20430,-0.03541500978120588
AT5G20440,0.14183354923037808
AT5G20447,0.02554922282805768
AT5G20450,0.5525865425543964
AT5G20460,-0.11393269779997285
AT5G20470,0.5392819462328657
AT5G03125,
AT5G03135,
AT5G20480,-0.3242176797520586
AT5G03145,-0.5463954182762324
AT5G20490,-0.10263791709250555
AT5G03155,0.16036444449375056
AT5G20500,0.020254112843852482
AT5G03165,
AT5G20510,-0.525619091418545
AT5G03175,
AT5G20520,0.10638070698731784
AT5G20540,-0.41378651831353935
AT5G20550,-0.2203798501058326
AT5G20560,-0.13647874997338494
AT5G20570,-0.12457732456120864
AT5G20580,0.20298295688376103
AT5G20590,-0.21753482970251453
AT5G20600,0.24124193558000392
AT5G20610,-0.4200341657711609
AT5G20620,-0.2523860477215394
AT5G20630,-0.3727513723645646
AT5G20635,0.10636603380414311
AT5G20640,-0.2779596208881387
AT5G20650,0.06705279686989181
AT5G03185,
AT5G20660,0.13233558642564452
AT5G20670,0.41809508510464555
AT5G20680,-0.17868250607418454
AT5G20690,0.03618117199386219
AT5G20700,0.04247580362284533
AT5G20710,-0.4553923897014682
AT5G20720,-0.5412347370551398
AT5G03195,
AT5G20730,0.19480471846958802
AT5G03205,-0.29618169259806454
AT5G20740,-0.3799752927550589
AT5G20790,0.21174075539884818
AT5G20810,-0.1905869363888836
AT5G03215,
AT5G20820,-0.2161524068677031
AT5G20830,0.3965478394356227
AT5G03225,0.10784588668366656
AT5G20840,-0.222395218644774
AT5G20850,-0.13228367341491604
AT5G20852,0.4958826783235226
AT5G20854,-0.11747823074499288
AT5G20856,0.09772010835741506
AT5G20858,-0.19621490581255469
AT5G20860,-0.613358292820648
AT5G20870,0.03891538746124519
AT5G20885,0.20981635368058413
AT5G20890,-0.15218115840822227
AT5G20900,0.34013205595657425
AT5G03235,
AT5G20910,0.028339116399941213
AT5G03245,
AT5G20920,0.1565831496067816
AT5G20930,0.1486322347708311
AT5G20935,0.33789296968616833
AT5G20940,-0.17889944695512877
AT5G03255,-0.5574743746459827
AT5G20950,0.15878695065388787
AT5G20960,0.15101987123638755
AT5G03265,
AT5G20970,
AT5G20980,0.15594487965767864
AT5G20990,0.3414176962203991
AT5G20995,-0.18882163029851112
AT5G03275,-0.03292714708408918
AT5G21010,-0.2215049744906064
AT5G21020,0.5588883909277286
AT5G21030,-0.09924775530944831
AT5G21040,0.041088307441120714
AT5G21050,-0.18178088724553712
AT5G21060,0.10905932701926556
AT5G21070,0.5197334216408787
AT5G21080,-0.2361373600909519
AT5G03295,-0.8234759050111775
AT5G21090,0.2208944745376405
AT5G21100,0.1973880036459477
AT5G03305,
AT5G21105,-0.536226333484491
AT5G21120,-0.48841597329386205
AT5G21125,-0.6949683789338139
AT5G21130,0.5065183861388732
AT5G21140,0.09012172251131913
AT5G21150,0.3470715607327137
AT5G21160,0.1421953363872726
AT5G21170,-0.6951374236335538
AT5G21222,-0.28142071812919156
AT5G21274,0.2509748921356661
AT5G21326,-0.33370223596733484
AT5G21378,0.1296896898422421
AT5G21430,-0.21232443098380888
AT5G21482,0.253543572863238
AT5G21900,0.4405423560177075
AT5G21910,0.08454783242334589
AT5G21920,-0.03226079843169407
AT5G03315,
AT5G21930,-0.4434048569916003
AT5G21940,0.5917167162064316
AT5G21950,-0.09606156372585842
AT5G21960,0.6242832539333177
AT5G21970,0.15024214453432067
AT5G21280,0.2514889786681829
AT5G03325,0.1499209684504219
AT5G03335,0.07374766039354602
AT5G21990,-0.4214854521602548
AT5G22000,0.1570167468094156
AT5G22010,-0.3844595689152037
AT5G22020,-0.11727798826980057
AT5G22030,0.15862342841055635
AT5G22040,-0.054831449504829745
AT5G22050,-0.09636068392677741
AT5G22060,-0.025295581221889834
AT5G22070,0.21873642830926113
AT5G03375,
AT5G22080,0.21327007401523365
AT5G22090,-0.11515207099812398
AT5G03385,0.1811284254369969
AT5G22100,-0.3769603835166912
AT5G22110,-0.37367602307877923
AT5G22120,-0.4461470802762873
AT5G22130,-0.054227083119322346
AT5G22140,0.3821812841426419
AT5G22145,
AT5G22150,0.12928398276896888
AT5G22160,0.6871179835520069
AT5G22170,0.19866806988052352
AT5G22180,0.49425136534415015
AT5G22190,-0.007200168620187642
AT5G22200,0.19485251079654808
AT5G22210,0.42737684187417696
AT5G22220,-0.37786367646629676
AT5G22240,0.14678791829594315
AT5G22250,-0.03767553840924647
AT5G22260,0.3289924056627145
AT5G22270,-0.5018445167694682
AT5G22280,0.2652383540825941
AT5G22290,0.24503782239838473
AT5G22300,0.3039277623356247
AT5G22310,0.2295078885620187
AT5G22315,0.09185379223694116
AT5G22320,-0.12439509197841073
AT5G22330,0.4154690515519864
AT5G22340,0.11401606403668457
AT5G22350,0.44915131697415694
AT5G22355,-0.20081231114075523
AT5G22360,0.2500450142731691
AT5G22370,-0.18775856975512434
AT5G22380,0.5320666019325959
AT5G22390,0.35251534168077936
AT5G03395,0.05664539554790551
AT5G22400,-0.08185840915758287
AT5G22410,0.16107115686292459
AT5G22420,-0.275677437987065
AT5G22430,0.06913365071310901
AT5G22440,0.21344078352218238
AT5G22450,0.04614265267264409
AT5G22460,0.004325037047128677
AT5G22470,0.0015840384218133387
AT5G22480,0.35603500305655866
AT5G22490,0.1156390508562528
AT5G03405,-0.15083348428373258
AT5G22500,-0.33850457731457956
AT5G22505,
AT5G22510,0.3972463166986824
AT5G03425,0.3565665222880789
AT5G22520,0.569263894566977
AT5G22530,-0.28967576387296556
AT5G22540,0.05959728042703231
AT5G22545,-0.035017588949384344
AT5G22550,-0.45691221559166206
AT5G22555,0.5178989855597511
AT5G22560,0.44859405138547853
AT5G22570,0.3463402395800593
AT5G22580,-0.18608875177811277
AT5G22590,-0.23599031515956495
AT5G22600,0.14819875670076232
AT5G03465,-0.08901411698704881
AT5G22608,-0.0226807629657848
AT5G22610,-0.10502281809028335
AT5G22620,-0.061663315972760604
AT5G22630,-0.3046888709256077
AT5G22640,-0.33480926088816554
AT5G22650,0.31993140038966905
AT5G22660,0.3607391616506262
AT5G22670,0.1874603551123248
AT5G22680,0.23346196011939685
AT5G22690,-0.3337907180380011
AT5G22700,0.0496610466336883
AT5G22720,0.2906880303883924
AT5G22730,-0.3004056640745056
AT5G22740,-0.2496647040667526
AT5G22750,-0.07067325554286275
AT5G22760,0.49386523104546814
AT5G22765,-0.004241497879251765
AT5G22770,-0.1383991733079992
AT5G03475,
AT5G22780,-0.43903479191991845
AT5G22785,
AT5G22790,-0.09892848539915536
AT5G22788,0.054315297324964214
AT5G22791,0.3532778011980777
AT5G22794,0.2335244223339522
AT5G03485,0.15665501132049514
AT5G22796,-0.16682962962977727
AT5G03515,-0.025272384729528113
AT5G22799,0.33037873083730923
AT5G03525,
AT5G22800,-0.0029164782593282166
AT5G22810,0.2608915109590665
AT5G22820,-0.355552617766919
AT5G22830,0.07805786055998448
AT5G22840,0.3074690216254955
AT5G22850,0.6164541320271503
AT5G03535,0.3692710574696461
AT5G22860,-0.26353176464964456
AT5G22870,-0.10486443169628089
AT5G22875,-0.2092973919353169
AT5G22880,0.11785278345918962
AT5G22890,-0.2739762582235379
AT5G22900,0.43863055582942945
AT5G22910,-0.19657312803455326
AT5G22920,-0.004197809267190819
AT5G22930,-0.41573702198664686
AT5G22940,0.33862716545416427
AT5G22950,-0.06358271741903616
AT5G22960,0.24697302483790504
AT5G03565,0.1864326806633643
AT5G22970,0.0713241687864319
AT5G22980,0.09776547571718704
AT5G22990,0.03929927059102544
AT5G23000,-0.10108706011295392
AT5G23010,-0.45910328661427463
AT5G23020,0.02804361342627916
AT5G23030,-0.1418103054110374
AT5G23035,0.07565706879438493
AT5G23040,0.13077645769927365
AT5G23050,-0.1762800625478526
AT5G23060,-0.17541394410396743
AT5G23065,0.10154185249825927
AT5G23070,0.13153562848951028
AT5G23080,0.12953710726099604
AT5G23090,0.6309244864261945
AT5G23100,0.0371723672467693
AT5G03575,-0.010592663821532334
AT5G23110,-0.35095419950033224
AT5G23115,0.6313428474451832
AT5G23120,0.5772449610784365
AT5G23130,0.1744159561178414
AT5G23140,0.3312932899983725
AT5G23150,-0.4433549663367072
AT5G23155,0.04355906313438149
AT5G23160,0.0387952206616914
AT5G23170,-0.015250355057987
AT5G23180,-0.5710466588429436
AT5G23190,0.1607309373739225
AT5G23200,-0.1259048079222767
AT5G23210,-0.47009414278330064
AT5G23212,-0.03629210336670004
AT5G23220,-0.4121402636808618
AT5G03585,0.004099637708944804
AT5G23230,
AT5G23240,-0.22868114010127832
AT5G23250,0.255258178629993
AT5G23260,0.24503388734300005
AT5G23270,0.0028228097889367353
AT5G23280,-0.16811229405788697
AT5G23290,0.14160367189736434
AT5G23300,-0.18968639508221907
AT5G23310,0.6332052305650987
AT5G23320,0.3935141538774194
AT5G23330,-0.1298472968749948
AT5G23340,0.07191406612300788
AT5G23350,-0.07650153344271522
AT5G23360,0.20241132036308943
AT5G23370,0.003278228403405903
AT5G23380,-0.3102946552300312
AT5G23390,-0.18226764230308817
AT5G23395,0.16630477785376446
AT5G23400,0.30998127126478253
AT5G23405,0.04289962835071216
AT5G03595,-0.5334522006949352
AT5G23410,0.26282705280340896
AT5G23411,
AT5G03605,0.3230656513750287
AT5G23420,0.37083649773403093
AT5G03615,-0.31848823210743904
AT5G23430,0.14250615294598193
AT5G23440,0.7014784209464349
AT5G23450,-0.6402361845756263
AT5G23460,-0.18202073138334837
AT5G23470,-0.0576543630362182
AT5G23480,0.22107700176944295
AT5G23490,-0.33339680733612664
AT5G23510,-0.004215058155493582
AT5G23520,0.2198144890789426
AT5G23530,-0.05235375041033224
AT5G23535,0.5985806880679276
AT5G23540,0.2924391881399684
AT5G23550,0.42802016242367696
AT5G23570,0.31476474262049575
AT5G23575,0.32906187817032595
AT5G23580,0.11998802836869589
AT5G23590,0.19506197517509452
AT5G23600,0.36647050645420787
AT5G23610,0.060056703068751265
AT5G23630,0.09010290128496688
AT5G23650,0.12911683647161493
AT5G23660,-0.23119118342929135
AT5G03625,0.14744649322871922
AT5G23665,0.06630984816560731
AT5G23670,-0.2316528875037425
AT5G23680,-0.13883179180084565
AT5G03635,
AT5G23690,-0.2269730690408454
AT5G23700,-0.07164083795974273
AT5G23710,
AT5G23720,-0.11875264432690955
AT5G23730,0.3034028661417237
AT5G03645,0.13093321177385758
AT5G23740,-0.36493660143683615
AT5G23750,0.15524824504874424
AT5G23760,0.578170656666962
AT5G23770,-0.35822337539292903
AT5G23780,-0.49090328631782176
AT5G23790,-0.4402461760874425
AT5G23800,0.21327434095384562
AT5G23810,-0.13822738034724094
AT5G23820,-0.5399434268495303
AT5G23830,0.09203609367987958
AT5G23840,-0.19197787420873105
AT5G23850,0.2523718290954208
AT5G23860,-0.10806872949428183
AT5G23870,0.7797116373173847
AT5G23880,0.06006320990950276
AT5G23890,-0.3244208541958241
AT5G23900,-0.1976014904008157
AT5G23903,0.6110578278315447
AT5G23908,
AT5G23910,-0.12299237379196455
AT5G23920,0.3113560189434386
AT5G23930,-0.0715123095987654
AT5G23940,-0.4401808931332749
AT5G23950,0.11558522430928053
AT5G23960,0.34016642525587054
AT5G23970,-0.11156713000275456
AT5G23980,-0.4210556322932208
AT5G23990,0.4800889361962137
AT5G24000,-0.13728772437923648
AT5G24010,0.07182169425855223
AT5G24020,-0.050034209448904854
AT5G24030,-0.3034396195005139
AT5G24040,-0.17257785217766514
AT5G24050,0.5310315801272606
AT5G24060,-0.35454561736292073
AT5G24070,0.03430520679745855
AT5G24080,-0.3795950642547281
AT5G03685,
AT5G24090,-0.15676529714057877
AT5G24100,-0.2120361862269488
AT5G24105,-0.051182836322429606
AT5G24110,0.3140231651520202
AT5G24120,-0.4702983633831973
AT5G24130,-0.2630848121859194
AT5G24140,-0.22525438070894763
AT5G24150,-0.20487935413752342
AT5G24155,-0.03570548118109827
AT5G24160,-0.11387507467585994
AT5G24165,-0.3111501313950686
AT5G24170,0.005064356618222162
AT5G24180,-0.008448530233879257
AT5G24190,-0.08987893328182733
AT5G24200,-0.06273050786634332
AT5G24205,-0.14148637976979633
AT5G24206,-0.3678584180582568
AT5G24210,-0.42651530954966316
AT5G24215,-0.018971845506005364
AT5G03695,
AT5G24220,-0.29185835815840444
AT5G24230,0.2609127969385546
AT5G24240,-0.24401894784198783
AT5G24260,0.42672094124243654
AT5G24270,-0.30520643813928205
AT5G24275,-0.022565111834912714
AT5G03715,
AT5G24280,-0.018746605818619717
AT5G03735,0.10974755230374646
AT5G24290,-0.14951122133565628
AT5G24300,-0.30998909368062966
AT5G24310,-0.40137881774728806
AT5G24313,-0.18411253291708607
AT5G24314,-0.3944137168702262
AT5G24316,-0.05268869065051809
AT5G24318,0.04928258055230629
AT5G24320,0.27883464095431026
AT5G24330,0.21981031395433998
AT5G24340,0.07842009626971322
AT5G24350,0.2671843533569727
AT5G24352,0.053436495786659294
AT5G24355,-0.5865256403570134
AT5G24360,0.15229053406833648
AT5G24370,0.283392776438876
AT5G24380,-0.1860788037285785
AT5G24390,0.20579402427070592
AT5G24400,-0.6353288084422885
AT5G24410,0.004208647533998879
AT5G24420,-0.2493476242727655
AT5G24430,0.22726068273599476
AT5G24440,0.2479355048432654
AT5G24450,-0.5159359962700736
AT5G24460,0.4520835993447625
AT5G24470,-0.054466678829560536
AT5G03755,-0.08893467824675673
AT5G24480,0.06609265539609067
AT5G24490,0.09607990200882016
AT5G24500,0.1976027329891535
AT5G24510,0.297339116651262
AT5G24520,-0.454050615029086
AT5G24530,-0.21429256036005254
AT5G24540,0.48850926629985486
AT5G24550,0.02888190425073726
AT5G24560,0.09958762357925702
AT5G24570,-0.05933525020672526
AT5G24575,
AT5G03765,0.029991385413611307
AT5G24580,0.17561566775516574
AT5G24590,0.14187090867404195
AT5G24600,0.05548846494133653
AT5G03785,-0.2761718589314625
AT5G24610,0.18550071475617155
AT5G24620,-0.37937764802112317
AT5G03805,
AT5G24630,0.5225294760660559
AT5G24640,-0.07462840244285297
AT5G24650,0.22268248046134564
AT5G03815,-0.5000161957259125
AT5G24655,-0.32338127727012744
AT5G24660,-0.052674303493113306
AT5G24670,-0.004502238462133225
AT5G24680,0.02234620651003935
AT5G24690,-0.060855923658904416
AT5G24710,-0.16172535796654927
AT5G24735,-0.12201334858673615
AT5G24740,-0.5770550960460293
AT5G24750,-0.04992648734448814
AT5G24760,-0.2405246645186338
AT5G24770,-0.1698587571146612
AT5G24780,-0.2573522637769793
AT5G24790,-0.08970191808218168
AT5G24800,-0.2970292475465058
AT5G24810,-0.2162743811405783
AT5G03825,
AT5G24820,-0.4302955268192591
AT5G24825,-0.15763195352827758
AT5G24830,0.2003770783188241
AT5G03835,
AT5G24840,0.506029326463893
AT5G24850,-0.1002626020695795
AT5G24860,-0.03764705162817918
AT5G24870,-0.39875149351740496
AT5G24879,0.16469175501317765
AT5G24880,0.2314457651984357
AT5G24890,-0.02711368661476337
AT5G24900,-0.4384871725414566
AT5G24910,0.49306936512166555
AT5G03845,0.24403434452241737
AT5G24920,0.2875901126374896
AT5G24930,0.4596655771313424
AT5G24940,0.2285780535392141
AT5G24950,0.4203985222682623
AT5G24960,-0.11757322270787839
AT5G24970,-0.46213946678885065
AT5G24980,0.32046229019812705
AT5G24990,0.09864410231104705
AT5G25000,0.1313634099310152
AT5G25010,-0.13381085991294342
AT5G25020,-0.3424175049950406
AT5G25030,-0.23888399182493478
AT5G25040,-0.22348300308267444
AT5G25050,0.20295669508323533
AT5G25060,-0.4333552786871033
AT5G25070,0.01802487678764975
AT5G25080,-0.08383989959802993
AT5G03875,
AT5G25090,-0.3551878327945974
AT5G25100,0.40996791886575273
AT5G25110,0.0877219185683012
AT5G03915,-0.0020209637566662975
AT5G25120,-0.17100496657117417
AT5G03925,-0.08382971339246813
AT5G25130,-0.2815536839206893
AT5G25140,-0.4003088386067799
AT5G25150,-0.41843530894806025
AT5G25160,0.2644254817171221
AT5G25170,-0.041077724460972284
AT5G25180,0.3536631926551648
AT5G25190,-0.09643066737540185
AT5G25195,0.35577160207692454
AT5G25200,-0.08390104157143906
AT5G25210,0.4960547485776619
AT5G03935,0.1954144397514823
AT5G25220,-0.0635445005175835
AT5G25230,0.06253249520105779
AT5G25240,0.08566798253845474
AT5G03945,0.02959802428470511
AT5G25250,0.45883214344553164
AT5G25260,0.22759742958558635
AT5G25265,0.3546037194648432
AT5G25270,0.20207076895166587
AT5G25280,0.4401000706313359
AT5G03955,0.06616999440187285
AT5G25290,-0.13054382358838598
AT5G25300,0.4973273082261442
AT5G25310,0.6940763853707905
AT5G25320,-0.19734636180705808
AT5G25330,0.4863938457242903
AT5G25340,-0.3304589538575693
AT5G25350,0.08221730188873079
AT5G03965,
AT5G25360,-0.23409067050228083
AT5G25370,-0.2808898721253111
AT5G25380,-0.29188741150269026
AT5G25390,-0.10691770818278108
AT5G25400,0.4358540806065622
AT5G25410,0.5094144259108973
AT5G25415,-0.23235234022762333
AT5G25420,0.22163196263799068
AT5G25425,-0.15677564791240378
AT5G25430,0.3593162147177173
AT5G25440,0.2012403028685452
AT5G25450,-0.4386413505776673
AT5G03975,
AT5G03985,0.018138215173712977
AT5G25460,0.2505766385849519
AT5G25470,0.33240129139649616
AT5G25475,0.12787965688062167
AT5G25480,0.13943719584785164
AT5G25490,0.18464604855195724
AT5G25500,0.24029155601144758
AT5G04005,
AT5G25510,-0.07818787427565545
AT5G04015,
AT5G25520,-0.017494935921764435
AT5G25530,0.6024750492366047
AT5G25540,0.11107533396271418
AT5G25550,-0.30605402936840026
AT5G25560,0.0316335617998411
AT5G25570,0.4058532273942878
AT5G25580,-0.1403598613372026
AT5G25585,0.09882783502865909
AT5G25590,-0.06686988561142176
AT5G25600,-0.1811466940255853
AT5G25610,-0.700094010075198
AT5G04025,0.2104953188743584
AT5G04035,0.4339816113995366
AT5G25620,-0.48232893743490274
AT5G25625,-0.04313705089554153
AT5G25630,0.07484799237087866
AT5G25640,0.024929433681375544
AT5G25750,
AT5G25754,0.6911529838385924
AT5G25755,0.18652629612957514
AT5G04055,
AT5G25756,0.34442593766876956
AT5G04065,0.3699613205262555
AT5G04075,
AT5G25757,-0.1420392842664639
AT5G25760,-0.23495694923287658
AT5G25770,0.4280329845693557
AT5G04085,0.08592796354250155
AT5G04105,0.09536715937472175
AT5G25780,-0.09261347289252075
AT5G25790,0.2801030924068643
AT5G25800,0.10777029813449297
AT5G25810,-0.48285322277610215
AT5G25820,0.1181807841377207
AT5G04115,-0.3951058488296426
AT5G25830,-0.47270482618998355
AT5G04125,0.04925700005531596
AT5G25840,-0.24145525108800506
AT5G25850,0.11859493159003905
AT5G04135,0.13368314831213002
AT5G25860,0.19418120065768799
AT5G25870,-0.07755642398904751
AT5G04145,0.1720235726739522
AT5G25880,-0.08441895891705853
AT5G25890,-0.45663509543858394
AT5G25900,0.12807910853751672
AT5G25910,-0.14131365499035525
AT5G04165,0.37617716721996536
AT5G25920,0.18601693567623823
AT5G25930,0.05143862019809544
AT5G04175,
AT5G25940,0.1345509673741871
AT5G04185,
AT5G25950,-0.3348121776104901
AT5G25960,0.28018526345345124
AT5G25970,-0.04638240238630365
AT5G25980,0.0692310584504974
AT5G25990,0.45151480147566087
AT5G25995,
AT5G26000,-0.39085489683389774
AT5G26010,-0.3189216306868536
AT5G26030,0.3587796356159208
AT5G26038,
AT5G26040,-0.06701239889117469
AT5G26050,-0.23323420344689175
AT5G26060,0.38017008333731783
AT5G26070,0.40308436689278454
AT5G26080,0.4378827412277105
AT5G26090,0.12915202451023494
AT5G26100,0.47107198032298864
AT5G26110,-0.4373091265245115
AT5G04195,0.13499330559412395
AT5G26120,0.18676521753414482
AT5G26130,0.06041648943043205
AT5G26140,0.755638091924794
AT5G26146,-0.35416880049904864
AT5G26147,
AT5G26150,0.1949915270771838
AT5G26160,-0.29845440563267944
AT5G26170,-0.629851088086571
AT5G26180,-0.013058740081598541
AT5G26190,-0.0797273568323051
AT5G26200,-0.6776484630245151
AT5G26210,0.3869850935333956
AT5G26220,-0.07416445961515179
AT5G04205,-0.5930611232850452
AT5G04215,
AT5G26230,-0.1363150586531172
AT5G26240,0.16244362910909055
AT5G26250,-0.28015731191216175
AT5G26260,0.04789263879807178
AT5G26262,-0.17808827389605786
AT5G26270,0.38484046697972646
AT5G04225,
AT5G26280,0.12414956036619217
AT5G26290,-0.4250442888667727
AT5G26300,0.5588440867436907
AT5G26310,0.12851877505521567
AT5G26320,0.2759876984184103
AT5G26330,-0.09528259288998588
AT5G26340,-0.08216657626474044
AT5G26360,-0.31253321047116234
AT5G26570,-0.7291214412731077
AT5G26594,0.15402884427338467
AT5G26667,-0.7860824559323285
AT5G26673,-0.016110174296504
AT5G26692,0.09358930336028747
AT5G26742,0.07211602422902154
AT5G26717,
AT5G26740,0.46265118291194696
AT5G26731,-0.6267007965902434
AT5G26730,-0.2666356922932111
AT5G26720,0.1327610068237314
AT5G26710,-0.547955894869251
AT5G26700,0.3549390664358295
AT5G26690,0.08425442113802825
AT5G26680,0.07520299665523976
AT5G26670,0.10073935376373692
AT5G26660,0.17783592777712373
AT5G26650,0.025298233017188997
AT5G04245,0.1916407987692246
AT5G26640,0.22652040817985056
AT5G26630,0.015239217630903771
AT5G26622,0.03776740694740103
AT5G26617,-0.1434931767442229
AT5G04255,-0.336946565833257
AT5G26620,-0.005339580919814477
AT5G26610,-0.21036925366655732
AT5G26600,0.03919371815530066
AT5G26580,-0.617224144275078
AT5G26749,0.2540883225314652
AT5G26751,-0.6395723430175834
AT5G26760,0.27596893356984004
AT5G26770,0.34329847186844487
AT5G26780,-0.13154540493157346
AT5G26790,-0.33106289980240666
AT5G26800,0.012571337747989028
AT5G26805,-0.18647584022218552
AT5G26810,0.06414304035409142
AT5G26820,-0.13039930501218705
AT5G26830,-0.4495790882857781
AT5G26840,0.5545748011818841
AT5G26850,0.3121324300952766
AT5G26860,-0.22895987837663315
AT5G26865,0.31886744186164306
AT5G26880,0.10186836992088848
AT5G26890,-0.07850234979138562
AT5G26900,0.5428537993277203
AT5G26910,-0.14455175870879017
AT5G26920,-0.15887388448468118
AT5G26930,0.1378895210471078
AT5G26940,-0.5257507647498676
AT5G26950,-0.16408035427115353
AT5G26955,
AT5G26960,0.1383926742642528
AT5G26970,-0.1386617164709365
AT5G26980,-0.0403544866295341
AT5G26990,-0.11224208073249096
AT5G04305,-0.6226298806711401
AT5G04315,
AT5G04325,-0.1294983246922183
AT5G27000,0.0808860073849603
AT5G27010,0.18576970539480983
AT5G27020,0.06980055795725745
AT5G04335,
AT5G27030,0.2777770879172943
AT5G04345,-0.085441924254807
AT5G04355,-0.6786691844011589
AT5G27050,0.04587289291572169
AT5G27060,-0.3636878769574684
AT5G27065,
AT5G27070,0.4983708359555603
AT5G27080,0.30731891004908296
AT5G27090,0.42030199525713546
AT5G04365,
AT5G27093,0.4994486991280392
AT5G27100,0.06825678371918438
AT5G27110,-0.012767174907985908
AT5G27120,-0.7921740854677093
AT5G27130,0.268197453672838
AT5G27140,-0.14077667325043144
AT5G27150,0.09817109133671989
AT5G27170,-0.06443585197178688
AT5G27200,-0.38819523330054534
AT5G27210,-0.17334490112683323
AT5G27220,-0.5100779722011476
AT5G27230,-0.5664399504967256
AT5G27238,-0.11172214174243564
AT5G27240,-0.16145582606195022
AT5G27247,0.11746281317325899
AT5G27260,0.2234931665878371
AT5G27270,0.21454107324895105
AT5G27280,-0.08580903528488841
AT5G04375,
AT5G27290,0.19081942971524615
AT5G27300,-0.09649217515787684
AT5G27310,0.40778154184855064
AT5G04385,-0.13761845662919306
AT5G27320,-0.05464280360227807
AT5G27330,0.03439211008518791
AT5G27340,0.14914081940971702
AT5G27350,0.044101423161121124
AT5G04405,0.09050587258035736
AT5G27360,0.34251726412174194
AT5G27370,-0.10840737328124185
AT5G27380,-0.3023110285120529
AT5G27395,-0.450874044458257
AT5G27390,-0.0209407724645408
AT5G27400,
AT5G27410,-0.3381505879308726
AT5G27420,0.2918133695280815
AT5G27430,0.1842173300458372
AT5G27440,
AT5G27450,-0.02671331689519896
AT5G27460,-0.5220366223628384
AT5G27470,0.11932644998646555
AT5G27490,-0.2689029295601432
AT5G27493,
AT5G27495,-0.6101920751535217
AT5G27510,-0.1773668971297024
AT5G27520,-0.24886097519531952
AT5G27530,-0.1067557255165117
AT5G27540,-0.3446927236029507
AT5G27550,0.2132891489468244
AT5G27560,-0.05002057781162122
AT5G27570,0.17262619794460682
AT5G27580,0.15230549752620903
AT5G27600,-0.3862097786891579
AT5G27606,0.0072926567913410515
AT5G27607,0.04364065439895679
AT5G27610,-0.33058104245032627
AT5G27620,0.07302570738756613
AT5G27630,0.0785351106045662
AT5G27640,-0.1852326339869384
AT5G27650,-0.351838873116847
AT5G27660,-0.29296744396579827
AT5G04415,
AT5G27670,0.2008980709252138
AT5G27680,-0.6253026135441399
AT5G27690,-0.6962421721743838
AT5G27700,0.28860830841968965
AT5G27710,0.12738635469643922
AT5G27715,
AT5G27720,0.2315530556268264
AT5G04425,
AT5G04435,0.13956843679141398
AT5G27730,0.20507360247371342
AT5G27740,-0.3424612767703309
AT5G27750,0.07248459597240262
AT5G27760,0.3825500592193942
AT5G04445,0.2959234166635962
AT5G04455,
AT5G04465,0.41175531233795526
AT5G04495,-0.13534999421765465
AT5G27765,0.09157575721432859
AT5G27770,-0.3198829145527705
AT5G27780,0.24611683369133946
AT5G27790,-0.4639509097836506
AT5G27800,0.18970729921329665
AT5G04505,0.09340409359578296
AT5G27807,0.13943296031028532
AT5G27810,0.22945121691024614
AT5G04515,-0.03762385249431473
AT5G04525,
AT5G27820,-0.36456441495886877
AT5G27830,0.11204409263091547
AT5G27840,0.09925142139790892
AT5G27850,-0.10275607209862025
AT5G27860,0.2177466937825523
AT5G04545,
AT5G27870,-0.28665912145975253
AT5G27880,0.17622931932529792
AT5G27889,0.13745138727437997
AT5G27890,0.412667973579308
AT5G27893,-0.18956199571979895
AT5G04575,-0.10633036898627618
AT5G27910,0.07369059526709248
AT5G27920,-0.24172596967515717
AT5G04585,0.5711447144695951
AT5G27930,-0.18454999332977023
AT5G04595,0.11385722707077067
AT5G04605,-0.19011905017148756
AT5G27940,-0.304205939713879
AT5G27944,-0.312580185686909
AT5G27945,-0.23215658148648904
AT5G04615,0.2521285190881421
AT5G27950,-0.09668960726076695
AT5G27960,-0.029486215948175833
AT5G27970,0.09804468379195772
AT5G27980,-0.1692374880473495
AT5G27990,-0.028247921136128194
AT5G28000,-0.2600613880937583
AT5G28010,-0.46586483820457364
AT5G28020,0.14567728155793386
AT5G28030,-0.09721563431119881
AT5G28040,-0.4545727594208348
AT5G28050,-0.0671134145642592
AT5G04625,-0.3661639734789927
AT5G04635,0.5754461737601061
AT5G28060,0.4938915545230683
AT5G28080,-0.30365213435099553
AT5G04665,0.027063214341973382
AT5G28090,-0.3808852546602792
AT5G04675,0.34028798515263897
AT5G04685,
AT5G28150,-0.6296540702104495
AT5G28160,-0.3830319567355852
AT5G04695,-0.5662182265188938
AT5G28180,0.42718798467773317
AT5G28190,0.33786509070214865
AT5G28210,0.26985055246570755
AT5G28220,0.37725455114605455
AT5G28235,0.3206525286049981
AT5G28237,-0.16554755031975324
AT5G28262,-0.035298857204600916
AT5G28288,-0.22641326061354253
AT5G28290,0.2048340080161696
AT5G28295,0.5357684054574343
AT5G04705,0.2680332071380042
AT5G04715,
AT5G28300,-0.20817988414993227
AT5G04725,0.02190937655812542
AT5G28310,-0.022514321100904185
AT5G28320,0.23780862900348163
AT5G28340,-0.0728835110916296
AT5G28345,0.3852303695763275
AT5G28350,-0.21523202249485623
AT5G28370,0.07622897606024637
AT5G28380,0.29860380883117615
AT5G28390,-0.6347165906656378
AT5G28400,-0.38253828770179793
AT5G28410,0.01443437078244558
AT5G28420,0.18124204208082853
AT5G28442,0.31065805641913885
AT5G28450,-0.3465911891458379
AT5G28460,
AT5G28463,0.011052301537903562
AT5G28462,0.28726060325279523
AT5G04745,0.3856013019015633
AT5G04755,-0.09809694294759005
AT5G28470,-0.7966014510772434
AT5G04765,
AT5G04775,0.0743299285460119
AT5G28490,-0.32068533506999997
AT5G28491,-0.20524628899591435
AT5G28500,-0.0032753433843865387
AT5G28510,-0.24287160504639424
AT5G28520,0.3062032710329581
AT5G28530,-0.33206168103700917
AT5G28540,-0.7781129650636657
AT5G28550,-0.0611381080966163
AT5G28560,0.48878253918592424
AT5G28590,-0.13205299309760837
AT5G28610,0.1527734023263357
AT5G28615,-0.20692034759725328
AT5G28620,0.3375458012014601
AT5G04785,0.05049909565185749
AT5G04795,0.23821069412372917
AT5G28630,-0.0972119205640488
AT5G28640,0.16523796717275202
AT5G28646,0.2559812327954531
AT5G28650,0.04143135466575336
AT5G28660,0.22289623555179008
AT5G28680,0.4154442341191589
AT5G28690,0.045228709839085085
AT5G28720,0.1265632613917806
AT5G28730,0.6167461332948383
AT5G28740,-0.08981199458639401
AT5G28750,0.2829429966116164
AT5G04815,-0.0033265027122483825
AT5G28770,-0.1723817478212371
AT5G04825,-0.2072501585434349
AT5G04845,0.29307736857904537
AT5G28780,0.12453734669096296
AT5G28810,-0.5387877613634698
AT5G04855,-0.03340120354927188
AT5G28820,0.0388289996159304
AT5G28823,-0.1421663136218729
AT5G28824,-0.26716135390031703
AT5G28830,-0.3254427208471008
AT5G04865,0.09452810184419816
AT5G28840,-0.49402234603666356
AT5G28850,0.2001382623659372
AT5G28885,0.09992087639456898
AT5G28900,0.24177901787626896
AT5G28910,-0.683682579884376
AT5G04905,0.09783809103764621
AT5G28919,
AT5G28920,0.03819780190253096
AT5G04915,0.11491205845512369
AT5G04925,-0.07970771908235597
AT5G28950,0.33570070399263263
AT5G28960,-0.15254209727321985
AT5G29000,-0.5409648632600611
AT5G29050,-0.32044069324009866
AT5G29054,0.15467075904701477
AT5G29070,-0.42682504473487665
AT5G29210,-0.016038027522211694
AT5G29560,0.17601268602262174
AT5G29613,0.0978799880155872
AT5G29624,-0.4093623255397646
AT5G04935,0.03008514082006567
AT5G30341,-0.12842208910880418
AT5G30495,0.24885995185816648
AT5G04945,0.0024713719516003788
AT5G31412,0.19052398713183463
AT5G30360,-0.5277776981267899
AT5G30490,0.19040430039811443
AT5G30500,0.29998157002946924
AT5G30510,0.19273305688884707
AT5G30520,0.08746628762020464
AT5G04955,0.22684755159519954
AT5G04965,
AT5G04975,-0.14319828273625412
AT5G32017,
AT5G04985,0.3781815561684083
AT5G04995,-0.5838117866064644
AT5G05005,-0.13196073548662632
AT5G32440,0.2036029831346059
AT5G32450,0.08212107161172433
AT5G32460,-0.4528232264064833
AT5G32470,0.6631962214229878
AT5G32590,-0.4191210251649604
AT5G32613,-0.31409257127574725
AT5G05015,0.2715560742692681
AT5G05035,0.16347603726896281
AT5G32619,0.16936723512093477
AT5G05045,-0.21593831791462972
AT5G05055,-0.10295286824738606
AT5G32670,-0.32066167266643775
AT5G33210,0.17961235009224422
AT5G05065,-0.10448039477016764
AT5G33280,0.21482253749987804
AT5G33290,0.3616008843901922
AT5G33300,0.16590109077830312
AT5G33320,0.24138471871962666
AT5G33330,0.19586803586496862
AT5G33340,0.2666456692916424
AT5G33355,-0.09166275976757336
AT5G33370,-0.09149747496005908
AT5G33393,-0.16712592573957036
AT5G33390,-0.027978439894358095
AT5G33406,-0.3206402316661619
AT5G05075,0.3465248658690785
AT5G05095,0.042018244400529356
AT5G33399,0.2543485375151307
AT5G05105,-0.20254010027370467
AT5G33439,0.28002413997510195
AT5G33806,-0.5109362958891829
AT5G33898,0.2727303001097117
AT5G34581,0.08488038667647309
AT5G34780,0.014407792293496986
AT5G34830,-0.07163873725106051
AT5G34829,0.49783684957098323
AT5G34869,-0.42393913647965
AT5G34871,-0.2540364879036352
AT5G34828,-0.28262086181146173
AT5G05125,-0.055315380285924295
AT5G05135,0.0973883314925519
AT5G34850,-0.23844106480636865
AT5G34870,-0.36733529737123344
AT5G34882,0.19898845012045896
AT5G34881,-0.048335707080725314
AT5G34883,-0.3730198286684043
AT5G34885,0.3891330240393034
AT5G34887,0.9457271784555145
AT5G34905,0.05251880404287599
AT5G34908,0.40038413614528234
AT5G34930,0.4293049243243474
AT5G34940,0.054910234098802545
AT5G05155,-0.5525219711013745
AT5G35050,-0.04757361673104515
AT5G35067,0.5852669066074538
AT5G35069,0.48228144801315365
AT5G35080,-0.09155776237209644
AT5G35090,0.48084284515753606
AT5G35100,0.31467617677276366
AT5G35110,0.23761793741086548
AT5G35120,0.16176737790022017
AT5G05175,0.6221423760658429
AT5G35160,-0.3353655410260058
AT5G35170,-0.19723544772165436
AT5G35180,-0.2884893266941207
AT5G35190,0.20173880870158223
AT5G35195,
AT5G35200,0.176106090094223
AT5G35210,-0.07229442679105154
AT5G35220,-0.12232742728431256
AT5G35230,0.0650715544747745
AT5G35300,0.43832689535697317
AT5G35320,0.16027690308943568
AT5G35330,-0.276186873820151
AT5G35338,-0.23221723252019272
AT5G35360,0.06258253668111927
AT5G35370,-0.26573734782983405
AT5G35375,-0.27165881525984337
AT5G35380,0.010956425452316147
AT5G35390,-0.26580115158617906
AT5G35400,-0.029121877337563468
AT5G35405,0.15445775248986632
AT5G35407,0.3949220097893278
AT5G05185,0.13311516649096536
AT5G35410,-0.05143006052183714
AT5G35430,0.46787976550439353
AT5G35450,-0.007471526025222233
AT5G35460,-0.21452567656144253
AT5G05195,0.30581539925487733
AT5G35475,0.14527145473271613
AT5G35480,0.38530884696313084
AT5G35490,0.19118946033434392
AT5G05205,-0.34541991958346063
AT5G05215,
AT5G35510,0.2130936955886968
AT5G35520,-0.015302173415162752
AT5G35525,0.014440578589368841
AT5G35530,0.23626025146098556
AT5G35540,0.17235737173083424
AT5G35550,0.08162864140972091
AT5G05235,-0.0446901372512485
AT5G35560,-0.10689649650620428
AT5G35570,0.013135178331558323
AT5G35580,-0.39222969835006716
AT5G35590,-0.12934779487174541
AT5G35600,0.09073837987132718
AT5G35603,0.06379848386784284
AT5G35604,-0.1472282398743255
AT5G35605,0.18463124283262394
AT5G35610,-0.043904104046656046
AT5G35620,0.19725540602704167
AT5G35630,-0.47452910274057825
AT5G35640,-0.09001525586665515
AT5G35660,0.16747415774920044
AT5G35670,-0.6452747618401188
AT5G35680,-0.027928622384706718
AT5G35688,-0.1818535154585376
AT5G35690,0.04718413508497612
AT5G35695,0.12348443737807376
AT5G05255,-0.09974140974758249
AT5G35698,-0.13152816835057626
AT5G35700,-0.4834995165685345
AT5G05265,-0.637839379481565
AT5G35715,-0.059351839741046006
AT5G35730,0.2723284231922709
AT5G35732,-0.5164829805287382
AT5G35735,0.08443360021165695
AT5G35737,-0.3562656550198086
AT5G05275,0.15430226740311725
AT5G05295,
AT5G35740,-0.15564186416986467
AT5G35750,-0.24229819684502008
AT5G35753,-0.6104666881960363
AT5G35760,-0.12632277233825837
AT5G35770,0.6165093477853243
AT5G35790,-0.21932623353022207
AT5G35810,0.3714797419482051
AT5G35830,0.09848323233492133
AT5G35840,-0.4403588323479307
AT5G35870,0.057564502373747634
AT5G35890,0.08320446205665946
AT5G35900,0.08776024969420197
AT5G35910,0.09807814529392718
AT5G35913,0.44751978397147374
AT5G35917,-0.630174394742226
AT5G35920,0.35705989175019615
AT5G35926,-0.08423559896632238
AT5G35927,
AT5G35930,0.2973827080184074
AT5G35940,-0.558266704014169
AT5G35945,0.023094601628234478
AT5G05315,-0.47206160530081004
AT5G35950,-0.004487487143216611
AT5G35960,-0.18734034149201
AT5G35970,-0.46297982168109875
AT5G35980,0.1472433932307495
AT5G35995,-0.17844011776033575
AT5G36000,0.11922355467660027
AT5G36002,
AT5G36001,0.1880067189605274
AT5G36080,-0.268649357581205
AT5G36100,-0.15166654820482425
AT5G36110,-0.2541129529028949
AT5G36120,-0.07818264755226641
AT5G36130,-0.5960529619171124
AT5G36140,-0.3476040933160145
AT5G36150,0.5134967914895671
AT5G05325,0.3447969085515652
AT5G36160,0.021082788364019486
AT5G36170,0.17869768985867646
AT5G36180,0.18459308823263862
AT5G36190,-0.0017899030898249689
AT5G36200,0.24830768758077715
AT5G36210,-0.11077079640813806
AT5G36220,0.49835288015373175
AT5G36225,0.4119321034433908
AT5G36228,-0.47835974257107733
AT5G36230,-0.8744515510486591
AT5G36240,0.1460921374049818
AT5G36250,0.23143952824389194
AT5G36260,0.1811528874267592
AT5G05335,0.24571420123811955
AT5G36280,0.00545008418294968
AT5G36290,-0.1054871430469261
AT5G36300,0.013446792575684506
AT5G36310,
AT5G36320,0.44131281159081454
AT5G36330,0.1245738366383838
AT5G36340,
AT5G36350,
AT5G36360,0.16150968497951318
AT5G36370,
AT5G36380,
AT5G36390,
AT5G36400,
AT5G36410,
AT5G36420,
AT5G36430,
AT5G36440,
AT5G36450,
AT5G36460,0.2578708236722609
AT5G36470,
AT5G36480,-0.07786373414298908
AT5G36490,-0.17445199190967828
AT5G36500,-0.04297418660331155
AT5G36520,
AT5G36540,-0.2715793536592803
AT5G36550,-0.47671765384296344
AT5G36657,0.027404003314713824
AT5G36658,-0.0830955223761775
AT5G36659,-0.4196792658824098
AT5G36661,
AT5G36662,
AT5G36670,
AT5G36680,
AT5G36690,
AT5G36700,0.2292554141279136
AT5G36710,
AT5G36720,
AT5G36722,
AT5G36730,
AT5G36738,
AT5G36739,
AT5G36740,0.0732162548644116
AT5G36770,
AT5G36780,
AT5G36790,0.443939668633526
AT5G36800,
AT5G36805,
AT5G36810,
AT5G36820,
AT5G36870,-0.18789819791474577
AT5G36880,0.3644758482591725
AT5G36890,0.12141005293775932
AT5G36900,0.06729590117454297
AT5G36907,0.17085948739978352
AT5G36910,-0.24629641994193777
AT5G36920,-0.08048107038318714
AT5G36925,-0.15788830327863299
AT5G36930,-0.4753836878899967
AT5G36940,-0.5674126579650204
AT5G36950,0.08077564824642428
AT5G36960,-0.25403950932872765
AT5G36970,-0.0017893980084510877
AT5G36980,-0.27847883998813094
AT5G37000,-0.21271125739560706
AT5G37010,-0.10773681528299248
AT5G37020,-0.03757747959823133
AT5G37030,0.629544728710136
AT5G37040,-0.32077033370390795
AT5G37050,-0.2934429509881251
AT5G37055,-0.15205541840781256
AT5G37060,0.23699885068665968
AT5G37070,0.23206126596114746
AT5G37130,-0.30841317578561933
AT5G37140,0.2430828047317136
AT5G37150,-0.5064058754817561
AT5G37160,-0.3392339213072448
AT5G37165,-0.05649536433579906
AT5G05375,0.16766279398496203
AT5G05385,-0.10066107333146924
AT5G37170,0.10210013542233555
AT5G37180,-0.07272158075664743
AT5G37190,0.31888243784708586
AT5G37200,-0.21271610812363073
AT5G37210,0.11199220118764204
AT5G37220,-0.2044623593206907
AT5G37230,-0.02183688165628478
AT5G05395,-0.06651463410525948
AT5G37240,-0.13916379981721005
AT5G05415,0.44215110935142754
AT5G05425,0.29134245845989076
AT5G05445,0.21916235630282546
AT5G37247,-0.6738202502015211
AT5G37250,-0.148943514707049
AT5G37260,-0.30419881711346164
AT5G05455,0.36470509664420303
AT5G37270,0.33195834766941484
AT5G05465,0.18525472417638675
AT5G37280,-0.1253552595416209
AT5G37290,0.24671372469534164
AT5G05475,-0.013480880015744767
AT5G37300,-0.24304365171521394
AT5G37310,-0.01884022869928492
AT5G37320,-0.023434867427877835
AT5G37340,0.049329374545045906
AT5G37350,-0.2006177864412457
AT5G37360,-0.39594507352445896
AT5G37370,-0.2554813637983237
AT5G37380,-0.15659272562874257
AT5G37400,0.06328276596751227
AT5G37410,0.28690307714346946
AT5G37415,0.258187922889625
AT5G37420,0.3400576108164719
AT5G37430,0.49837774101601046
AT5G37440,0.011329061997670276
AT5G37450,-0.051300709989900266
AT5G37460,-0.19926704898113937
AT5G37470,0.19585495421496027
AT5G05485,0.3595580443776623
AT5G37475,-0.49025726251067875
AT5G37473,0.2409380127084548
AT5G37474,0.20491287270993583
AT5G05495,0.12903074349707014
AT5G37478,0.4022651214075285
AT5G37480,-0.14111110418450876
AT5G37485,0.26107078624652247
AT5G37490,0.2412471250614001
AT5G37500,-0.14265715931127199
AT5G37510,-0.12262188545118467
AT5G37520,0.28496526457449417
AT5G37530,-0.06682412864443546
AT5G37540,0.4689456712739493
AT5G37550,-0.38007833021099496
AT5G37560,-0.32932494581866967
AT5G37570,-0.3229873243246618
AT5G37590,-0.11645831266572776
AT5G37600,0.004459939131902598
AT5G37610,0.11751222434428399
AT5G37620,-0.4572841501744178
AT5G05505,0.7536744423869862
AT5G37630,0.5186898973262847
AT5G37640,0.1743696241789118
AT5G37650,0.6138046621710942
AT5G37660,-0.09171959781551596
AT5G37670,-0.6966551047686361
AT5G37680,0.2892417395888043
AT5G37690,-0.48275496925777117
AT5G37710,0.33743826761269996
AT5G37715,
AT5G37720,0.22371761862476128
AT5G37730,-0.31998678163614175
AT5G37740,-0.35676829477020816
AT5G37750,-0.02406775104856642
AT5G37760,-0.541987074264078
AT5G37770,-0.10976916565426505
AT5G37780,-0.22097875910403342
AT5G05515,0.1442390753786885
AT5G37790,0.10890207627868458
AT5G37793,0.1218858272262242
AT5G05525,0.1366413661258303
AT5G05535,
AT5G05545,-0.5348834429619411
AT5G37795,0.06047594350076264
AT5G37800,0.5390019499279495
AT5G37810,-0.44029076917602517
AT5G37820,-0.08391942309423173
AT5G37830,-0.36906886843335496
AT5G37840,0.6456220258606749
AT5G37850,0.06962076307831383
AT5G37860,0.11252459295561189
AT5G05555,0.34088536468540104
AT5G37870,0.01172697877464603
AT5G37890,-0.028517824289527847
AT5G37900,0.38149481300024735
AT5G37910,0.34214869133151965
AT5G05565,0.5546521169860833
AT5G37920,0.0020905470176372535
AT5G37930,-0.019175739106788915
AT5G37940,0.2578389939127121
AT5G05585,0.24024549379414498
AT5G37950,0.37526342389519884
AT5G37960,-0.06673197546056861
AT5G37970,0.3372944235636789
AT5G37980,0.10543277940552087
AT5G37990,-0.3328217437866752
AT5G05605,-0.018618922618574747
AT5G38000,-0.21211658617744691
AT5G38005,-0.35857568564248904
AT5G38010,0.048825164913018235
AT5G38020,-0.11457589601435803
AT5G38030,-0.5282201759115884
AT5G38040,-0.42400320101252453
AT5G38050,0.1740712054163407
AT5G38060,0.2137914307176296
AT5G38070,0.2224642482190664
AT5G38080,-0.29083624174364353
AT5G38090,0.05307784137747077
AT5G38100,0.03651211425427674
AT5G05625,0.3634222889595266
AT5G38110,0.4048316553190905
AT5G38120,0.2610937318294067
AT5G38130,0.06920702012882947
AT5G38140,0.2299493935017186
AT5G38150,-0.25115332638068777
AT5G38155,-0.04941426703100022
AT5G38160,0.0668324990091276
AT5G38170,0.27695247194383144
AT5G38180,-0.07743382934835003
AT5G38190,-0.3549281187454464
AT5G38195,0.008822844576102934
AT5G38197,0.3280632058497124
AT5G38200,-0.08497655359749068
AT5G38212,0.3307271337148833
AT5G38210,-0.2343490256101129
AT5G38220,-0.4276210251726536
AT5G05645,-0.11423681700843112
AT5G38240,0.06310436382737335
AT5G38250,-0.2865727165025598
AT5G05665,0.12466768185082482
AT5G38260,0.19896598492270914
AT5G05685,0.07441535285813773
AT5G38270,0.6554790268246147
AT5G38280,-0.2895938231684408
AT5G38290,0.37757097744663437
AT5G38300,0.28402853461873984
AT5G38310,-0.20148272846283383
AT5G05695,0.23526370751071024
AT5G38317,0.19278252453517108
AT5G38320,-0.46604562324533344
AT5G05705,-0.30787686883175774
AT5G38330,-0.006889732559662899
AT5G38340,0.025700814061868568
AT5G38344,0.08821648284533982
AT5G38350,-0.15676815946961423
AT5G38360,0.22254067079138679
AT5G38378,0.29148677201919415
AT5G38380,-0.08755806802440357
AT5G38386,0.1012257766354209
AT5G38390,0.23592206017145098
AT5G38391,-0.26830334392113997
AT5G38392,0.04277216911624991
AT5G38396,0.19023978099014363
AT5G38397,
AT5G38400,-0.587573402511668
AT5G38410,0.27876803521095445
AT5G05745,
AT5G05725,0.12767914199140667
AT5G38420,-0.4206363914772594
AT5G38430,-0.09378118836244995
AT5G38435,0.3483898054085692
AT5G38440,-0.21394934383900777
AT5G38450,-0.1954466489562409
AT5G38460,0.04255214309535146
AT5G38470,0.6592196948880685
AT5G05755,0.2872057986753164
AT5G38480,0.706159954576839
AT5G38490,0.62655299827173
AT5G05765,0.1660669491472155
AT5G38500,0.004981005861433852
AT5G38510,-0.0741956950640074
AT5G38520,-0.02545105215758432
AT5G38530,-0.7331596910559154
AT5G38540,0.11215909562315204
AT5G38550,0.04146492372680663
AT5G38560,-0.505435129217197
AT5G38565,0.22294521121559133
AT5G38570,0.3069283566883589
AT5G38580,-0.06911146644015764
AT5G38590,-0.20827560425569397
AT5G38600,0.5629171318073937
AT5G38610,-0.6362360945666032
AT5G38620,0.2546103321933653
AT5G38630,0.09236425454111179
AT5G38640,-0.04034316163857783
AT5G38660,-0.012712907080563954
AT5G38650,
AT5G38670,0.1836869144232597
AT5G38680,0.48536543696234236
AT5G38690,-0.2836479817239967
AT5G38700,0.3328980538377013
AT5G38710,-0.5465712820258107
AT5G38720,-0.6481093477895931
AT5G38730,0.1290594966665361
AT5G38740,-0.04946942888117825
AT5G05785,0.24847140344178198
AT5G38743,-0.3648068222607271
AT5G05805,-0.009466228407936518
AT5G38747,0.12056166564602114
AT5G05815,
AT5G38750,0.012057705519917576
AT5G38760,-0.04235283856034858
AT5G38770,-0.041994792394556106
AT5G05825,
AT5G05835,
AT5G38780,0.04120030217495939
AT5G05845,-0.9336497873165164
AT5G38790,-0.6044971571147985
AT5G05855,0.22415157000821936
AT5G38800,0.4826557862600795
AT5G38810,0.1808779791175912
AT5G38820,0.1885043135387922
AT5G38830,0.5327463414440534
AT5G38840,0.3108352565745505
AT5G38850,-0.5342257535091062
AT5G38860,-0.3055242098785008
AT5G38865,-0.6721675505416318
AT5G38880,-0.26462953680451284
AT5G38890,-0.004657378454420754
AT5G38895,0.6137146006105599
AT5G38900,-0.5257893725472158
AT5G05865,
AT5G38905,0.3049635771809453
AT5G38910,-0.1284128362135968
AT5G38920,0.4604617998051656
AT5G38930,0.2825419548979118
AT5G38940,0.20798933652474866
AT5G38950,0.051999244860380524
AT5G38960,-0.008188202851305039
AT5G38970,0.08362364897128048
AT5G05875,0.024636184204836032
AT5G38980,-0.21002719156506608
AT5G38990,0.2900779562346688
AT5G39000,-0.5814986975683617
AT5G39010,0.18739633199198996
AT5G39020,-0.3480340311703709
AT5G39024,0.015552938714571293
AT5G39030,-0.13443068937608982
AT5G39040,0.08192312308941789
AT5G39050,0.3496610082895451
AT5G39080,0.28828337717551994
AT5G39090,0.051458897837281435
AT5G39100,0.16594852538113794
AT5G39110,0.1982332019520891
AT5G39120,0.13638191607871766
AT5G39130,-0.5150392000496379
AT5G39140,-0.2199619189783385
AT5G39150,0.13115909012337856
AT5G39160,-0.7968206901916833
AT5G39170,0.4327705246410446
AT5G39180,-0.0207415149286566
AT5G39190,-0.5321950583775266
AT5G39200,-0.13646355242228111
AT5G39210,-0.4974020350285542
AT5G39220,0.16643662643435483
AT5G39230,-0.3840863030505666
AT5G05885,-0.228490451065763
AT5G05895,-0.1512624360384891
AT5G39240,-0.045811118626096006
AT5G39250,0.5822852078632574
AT5G39260,-0.1208801664924799
AT5G39270,0.2137037417760683
AT5G39280,0.8004627593787202
AT5G39290,-0.2802494586330479
AT5G39300,0.1534237952310435
AT5G39310,-0.15907533422500708
AT5G39320,0.025420322543454582
AT5G39330,-0.1272533645445291
AT5G39340,-0.37225048944468714
AT5G39350,0.6885563128118141
AT5G39360,0.2017213984927941
AT5G39365,0.29932483598909193
AT5G05905,0.20487832810663137
AT5G39370,0.19101829845359694
AT5G05915,-0.20989871439003396
AT5G39380,0.025168856090560174
AT5G39390,0.16948641667136238
AT5G39400,-0.23535638442567536
AT5G39410,0.2848167768017452
AT5G05925,0.46016963130357613
AT5G39420,-0.07112176285051033
AT5G39430,-0.5925157448916645
AT5G39440,0.12154012360226372
AT5G39450,0.24654897860303288
AT5G39460,0.19349271076097374
AT5G05935,
AT5G05955,
AT5G39470,0.3145467851095493
AT5G39471,0.05209314589050846
AT5G39480,-0.17059006007812016
AT5G39490,0.7760583799266517
AT5G39493,-0.07356010200510281
AT5G39500,0.43924001952772096
AT5G39510,0.33873272337815546
AT5G05975,
AT5G39520,-0.271448096521572
AT5G39530,0.37326236782702504
AT5G39535,
AT5G39540,-0.01388295366081594
AT5G39550,-0.28611173132255696
AT5G39560,0.25669497387443746
AT5G39570,0.15496647939739
AT5G39580,-0.14226397106900282
AT5G39590,0.435368610314542
AT5G39600,0.21243198769072294
AT5G39610,0.3158083916742162
AT5G39620,0.024390091026555413
AT5G39630,0.41505127179129786
AT5G39635,-0.23537254150881218
AT5G39640,0.03082568924532185
AT5G39645,0.44997070249304777
AT5G39650,-0.02866667399959393
AT5G39660,-0.7472065422141955
AT5G39670,0.2666850037788065
AT5G05995,
AT5G39680,-0.7428066465929073
AT5G39690,0.2793785159258387
AT5G06005,0.2185061113899423
AT5G39693,0.12671698355875516
AT5G39700,0.36178591723064013
AT5G39710,0.018211573791135038
AT5G39715,0.013574547527327523
AT5G39720,-0.29003123879408416
AT5G39730,0.01206677903822117
AT5G39740,0.19756391955738714
AT5G39750,0.243967469567821
AT5G39760,0.09312526638258496
AT5G39770,-0.3918760619590205
AT5G39775,
AT5G39785,0.12604554936921059
AT5G39790,0.2521476256054923
AT5G39800,0.2614388902053932
AT5G39810,0.4061870714528613
AT5G39820,-0.11038925021761366
AT5G39830,-0.26480270961641295
AT5G39840,-0.11531242876187424
AT5G39850,-0.11263447255935764
AT5G39860,0.009262058867404657
AT5G39865,0.11137243996924467
AT5G39870,-0.40285558888873535
AT5G39880,-0.14534343019822157
AT5G39890,-0.15697756068795476
AT5G39895,
AT5G39900,-0.0013198523378778711
AT5G39910,0.08982565957604141
AT5G39920,0.20458552181193226
AT5G39930,-0.42190965281630444
AT5G39940,0.07466436805599741
AT5G39950,0.14289080882249172
AT5G39960,-0.20287739704565572
AT5G39970,-0.1041216876766801
AT5G39980,-0.3713895098386672
AT5G39990,0.08194511837581935
AT5G40000,-0.17301195144742315
AT5G40010,-0.13688572407419375
AT5G40020,-0.3660330967563445
AT5G40030,-0.04362585955480587
AT5G40040,0.269823376131405
AT5G40050,-0.21144027578445374
AT5G40060,0.10117341932584961
AT5G40070,-0.23940109110661414
AT5G40080,0.22947885046880206
AT5G40090,-0.49904652484690215
AT5G40100,0.2016790836759518
AT5G40120,-0.3183305493006969
AT5G40140,0.1805050427790755
AT5G40150,0.19787005105291536
AT5G40153,
AT5G40155,0.09287558533334232
AT5G40160,0.3003669000054175
AT5G40170,0.04440310432954962
AT5G40180,0.17834153189417312
AT5G40190,0.33596282614073486
AT5G40200,0.1499114421343312
AT5G40210,-0.3578517218571931
AT5G40220,0.045246876628093576
AT5G40230,-0.029030642522646
AT5G40240,0.43394083111866166
AT5G40250,0.26984859409351064
AT5G40260,-0.10706913162941632
AT5G40270,-0.37291907641874966
AT5G40275,-0.15430142694136958
AT5G40280,0.41271104649198714
AT5G40290,0.4353418463799116
AT5G40300,-0.46400828908518765
AT5G40310,0.6520891403631325
AT5G40315,0.4766820223513423
AT5G40316,-0.013603588824904993
AT5G40320,-0.2530164057856107
AT5G40330,-0.33069599629934565
AT5G40340,-0.24926520315047318
AT5G40348,-0.19673539341921045
AT5G40350,
AT5G06015,0.2577713081646407
AT5G06025,0.043557409711327315
AT5G40360,-0.20084920827138739
AT5G40370,-0.617219055328307
AT5G40380,-0.03169774296264203
AT5G40382,-0.7497595446802385
AT5G40384,-0.013422879014641544
AT5G06035,-0.04045024668790124
AT5G40390,-0.49884635731191385
AT5G40395,-0.17463523903860798
AT5G40400,0.06356976226896124
AT5G40405,0.7867503984964824
AT5G40410,0.053387037400975515
AT5G40420,0.3090334561646781
AT5G40430,0.35786984168226993
AT5G06045,0.1224664061082938
AT5G40440,-0.15996913661509962
AT5G06055,
AT5G40450,0.40864717393734656
AT5G06065,-0.16999487517818535
AT5G40460,0.13350843832750603
AT5G06075,0.35904011768581534
AT5G40470,-0.4539415066172369
AT5G40480,-0.026321004485882756
AT5G40490,0.21690345990614077
AT5G40500,0.5377970718484713
AT5G40510,0.32027240754987074
AT5G40520,-0.343064039188852
AT5G40530,-0.3049058152296872
AT5G40540,-0.34221422567799903
AT5G40545,-0.004521317173117371
AT5G40550,0.037213811643745404
AT5G40560,0.5117305869833025
AT5G40570,-0.24567285214274054
AT5G40580,-0.20729229082705958
AT5G40590,0.3971496424930132
AT5G40600,0.2114550428832443
AT5G40595,
AT5G40610,0.37765408424754615
AT5G40620,0.35019961070652167
AT5G40630,0.1059794411732822
AT5G40640,0.2218768826372984
AT5G40645,0.19657946606449236
AT5G40650,0.5435980116185166
AT5G40660,0.4223526167308124
AT5G40670,-0.12514057862006764
AT5G40680,-0.013372943654507728
AT5G40690,0.34490506783038644
AT5G40700,-0.031001601685760608
AT5G40710,-0.05774854728787055
AT5G40720,0.29827376465393557
AT5G40730,-0.7105498066482051
AT5G40740,-0.15459343353054864
AT5G40750,0.3085309500075811
AT5G40760,0.4334053183053374
AT5G40770,0.201167421104629
AT5G40780,0.09801674493946551
AT5G40790,0.1317875368952839
AT5G40800,-0.5426213137487417
AT5G40810,-0.5231609919515895
AT5G40820,-0.3118970947597355
AT5G40830,0.28211417278152623
AT5G40840,0.27899761136656603
AT5G40850,-0.29560263965894645
AT5G40855,-0.14142178924215773
AT5G40860,0.5135908557103318
AT5G40870,-0.4598490380801594
AT5G40880,-0.33006570998714224
AT5G40890,-0.13011418186123533
AT5G06085,-0.3094519485334625
AT5G40900,-0.20832869738744156
AT5G06095,-0.09341271424655757
AT5G40910,0.18993285630279766
AT5G40930,0.3204073237214023
AT5G40940,0.2617340130699254
AT5G06105,-0.2879968977832787
AT5G40945,0.07521269134501349
AT5G40950,0.3739422085127982
AT5G40960,-0.8816636008211793
AT5G40970,-0.37377372017473875
AT5G40980,
AT5G40981,-0.26842600626465896
AT5G40990,0.10125787171695586
AT5G41000,0.2796805741701244
AT5G41010,0.453669658550894
AT5G06115,
AT5G41020,0.0480579123791278
AT5G41025,
AT5G41030,0.22578265332198783
AT5G41040,-0.5022209663750186
AT5G41050,-0.13317328729935815
AT5G41060,0.06344199656302828
AT5G41070,0.0968209849591579
AT5G41071,0.09050275212022253
AT5G41080,0.024894533803307355
AT5G41090,0.01901634143865864
AT5G41100,0.35722126631161777
AT5G41110,0.131836416965176
AT5G41109,
AT5G41120,-0.18972235149735633
AT5G41130,-0.4079465198528467
AT5G41140,-0.07948021657318785
AT5G41150,-0.6463471251309247
AT5G41160,0.12493481751656567
AT5G41170,-0.23469509695883034
AT5G41180,-0.1998744481521403
AT5G41190,-0.2610668208650882
AT5G41200,0.037499513716092836
AT5G41210,-0.057257363421754186
AT5G41220,-0.6741262073606609
AT5G41240,0.27347095699884066
AT5G41250,-0.23153978174849338
AT5G41260,-0.13533278957113914
AT5G41265,0.224670154670555
AT5G41270,0.42157517815075746
AT5G41280,0.15388876216478442
AT5G41290,-0.31791272214331895
AT5G41300,-0.028068196979818966
AT5G41310,0.1765590682661856
AT5G06145,0.004988757111881736
AT5G41315,-0.4188266004204413
AT5G41320,-0.017297867197277713
AT5G06155,
AT5G41330,-0.5166210003910044
AT5G41340,0.181794994599221
AT5G41350,-0.0029610042082299174
AT5G41360,-0.5299903966626287
AT5G41370,-0.09770876380052759
AT5G41380,0.48900031752925166
AT5G41390,0.0036003744758210813
AT5G41400,0.4411066784502847
AT5G41401,0.19141000232384875
AT5G41410,0.5029507619563616
AT5G41420,0.17205316413266145
AT5G41430,-0.36973586251204343
AT5G41440,0.05098310691324023
AT5G41450,-0.38075612787981206
AT5G41460,-0.19066573005015733
AT5G41470,0.09705932156685759
AT5G41480,-0.08929632928590225
AT5G41471,0.19747683543186914
AT5G41490,0.011712943976216007
AT5G41500,0.09088240772517722
AT5G41510,0.14115053593468543
AT5G41520,0.026710199444675384
AT5G41530,-0.25348038578182497
AT5G41540,-0.40170133172940664
AT5G41550,-0.02406407236123017
AT5G41560,0.2655263622869814
AT5G41570,-0.5265338182234677
AT5G41580,0.4784045967786783
AT5G41590,-0.43983990376137316
AT5G41600,0.028256878491671536
AT5G41605,-0.29565622588346724
AT5G41610,0.05047182871798768
AT5G41612,
AT5G41620,-0.30482293857461634
AT5G06175,0.1912180045347149
AT5G41630,-0.027655622007968197
AT5G41640,-0.38124256882521823
AT5G41650,0.0159667811864789
AT5G41660,0.12940012768664985
AT5G41663,0.060247230062052105
AT5G41670,-0.4886857838121824
AT5G41675,0.21905977536405485
AT5G41680,-0.04502439024534353
AT5G41685,0.0665368793234281
AT5G41690,0.14410032733129072
AT5G41700,0.29912324986806615
AT5G41720,-0.031249941065975756
AT5G41730,-0.03584057270856464
AT5G06185,0.1317943149305673
AT5G41740,-0.5194833935719442
AT5G41750,-0.20458424104501433
AT5G41760,-0.49461748974450637
AT5G41761,-0.7593975920518159
AT5G41763,0.0040299280399415495
AT5G41765,0.20460492632193092
AT5G41770,0.3764433620697754
AT5G41780,-0.0856001460025792
AT5G06205,-0.15847467097380608
AT5G41790,-0.06622564886034436
AT5G41800,-0.21688906323271104
AT5G41810,-0.3610777650285867
AT5G41820,-0.09944906630039076
AT5G41830,-0.13563562188080386
AT5G41840,0.08825199432666352
AT5G41850,0.13824607899109398
AT5G41860,
AT5G06235,
AT5G41870,-0.6560993353496685
AT5G06245,
AT5G41880,-0.06760419065305838
AT5G41890,-0.453560435281988
AT5G41900,-0.1948053485267739
AT5G06255,0.28068024999211355
AT5G06275,0.19660091263821924
AT5G41905,-0.47817458499629084
AT5G41908,-0.051351598248035805
AT5G41910,-0.588091780175843
AT5G41920,0.195115900841515
AT5G41940,-0.06259222003850591
AT5G41950,0.21937859100651871
AT5G41960,0.386910771640479
AT5G41970,-0.5071514604345219
AT5G41980,-0.14819683716030793
AT5G41990,0.2501644908225823
AT5G42000,-0.29099296976380695
AT5G42010,-0.051530660287734245
AT5G42020,-0.5236259290429799
AT5G42030,0.021445580199336775
AT5G42040,0.1907227708508233
AT5G42050,-0.05967675217024044
AT5G42053,-0.09012593423350128
AT5G42060,-0.011749394566148642
AT5G42070,-0.17316618190586935
AT5G42080,-0.5928536209036478
AT5G42090,0.20093035705287665
AT5G42092,
AT5G42100,0.34489253958824406
AT5G42110,0.5142453268614975
AT5G42120,-0.027739574175148326
AT5G42130,0.10397488035919247
AT5G42140,-0.1171512883878557
AT5G06285,
AT5G42146,0.38003744589331884
AT5G42150,-0.19395653963705273
AT5G42170,0.3922558978487829
AT5G42180,0.028295435991146423
AT5G42190,-0.8447286545172636
AT5G42200,0.5134755149808895
AT5G42210,-0.21260705011595218
AT5G42220,0.3241465200232179
AT5G42223,0.19569979101834942
AT5G42230,0.2468990204620128
AT5G42232,0.2072179978999216
AT5G42235,0.02409272566417722
AT5G42240,-0.16964292893588
AT5G42242,0.16464652257034498
AT5G42250,0.10441119623329884
AT5G42260,-0.13587762614931315
AT5G42270,-0.10759418957075961
AT5G42280,-0.22312501766141166
AT5G42300,0.2614262387274147
AT5G42290,
AT5G42310,-0.3168818753331372
AT5G42320,0.003949089819255958
AT5G06295,
AT5G42325,0.18383072924245522
AT5G42330,-0.18901454075180532
AT5G42340,0.055613021681960084
AT5G42350,0.4392130893423291
AT5G42360,0.4279028582535632
AT5G42370,-0.25377893872235835
AT5G42380,-0.3184808721876427
AT5G42390,-0.4775574869456387
AT5G42400,-0.25292444248738427
AT5G42410,0.20138462755625405
AT5G42420,-0.48524955268059417
AT5G42430,0.13913165435151703
AT5G42440,0.08988756381111548
AT5G06305,0.17708665191998632
AT5G42450,0.08820985514395505
AT5G42460,0.1329028047617188
AT5G42470,-0.22120288349917167
AT5G42480,0.03549596228922681
AT5G42490,-0.11347994016099665
AT5G42500,0.40498145426994675
AT5G42504,0.14620997468914748
AT5G42510,0.10903511131187188
AT5G42520,0.149654492093681
AT5G42530,0.27299704095448096
AT5G42540,0.05715668346815271
AT5G42560,0.7047450722871375
AT5G42567,0.02897833204472541
AT5G42570,-0.7862123963785606
AT5G42580,-0.5033868233245399
AT5G42590,-0.2594976241979539
AT5G06325,
AT5G06335,-0.17109374141596007
AT5G42600,-0.018649109306625593
AT5G42610,0.6319158571471865
AT5G42620,-0.38412623196079393
AT5G42630,0.12702537174511672
AT5G42635,-0.08929190568435105
AT5G06345,-0.05621893235653765
AT5G06365,
AT5G42640,0.13983409287504003
AT5G42650,0.2692735969342594
AT5G42655,0.08935316788586238
AT5G42660,-0.08781552285314251
AT5G42670,0.10103644520574351
AT5G42680,-0.5389174501869225
AT5G42690,-0.36420198354266753
AT5G42700,0.21658402234374674
AT5G42710,-0.04282107834064648
AT5G42720,-0.09920464626797265
AT5G42740,-0.21361375797765342
AT5G42750,0.24348376951338832
AT5G42760,-0.5163324454469851
AT5G06385,
AT5G42765,0.29802085212248186
AT5G42770,0.2747138994546496
AT5G42780,-0.34691466404107096
AT5G42785,-0.20300431399974078
AT5G42790,0.20162289837127875
AT5G42797,0.2882983394681698
AT5G42800,0.026853668228904042
AT5G42810,0.49830454118076656
AT5G42820,-0.18360881766973944
AT5G06395,
AT5G42825,
AT5G42830,-0.04187527932982828
AT5G42840,-0.06430534763676661
AT5G42850,-0.17401507626051715
AT5G42860,0.007963824729300763
AT5G42870,0.374695817133403
AT5G06405,-0.10896458755829498
AT5G06415,0.1266344747039026
AT5G42880,0.19317777263292815
AT5G42890,0.35512950256401343
AT5G42895,-0.2944859298092755
AT5G42900,-0.12473227250477861
AT5G42905,0.5413976409886542
AT5G42910,0.29327139735244706
AT5G42920,-0.14218563977653884
AT5G42930,-0.6746857068599443
AT5G42940,-0.6445974260055591
AT5G06425,0.22831598609857598
AT5G42950,0.04116798378386201
AT5G42955,-0.5235947236627471
AT5G42957,-0.35429953762815947
AT5G42960,0.3969958464120363
AT5G42965,0.5483791957640705
AT5G42970,-0.8623950414177683
AT5G42980,0.2427426946592627
AT5G42990,-0.0033560971958439376
AT5G43000,0.16145519993856186
AT5G43010,-0.37893004935058866
AT5G43020,-0.31600012003823735
AT5G43030,0.447104392418349
AT5G06435,0.10133337551498567
AT5G43040,0.1982676353931623
AT5G43050,0.325305126282818
AT5G43060,0.2742542177975399
AT5G43064,0.07111438994878519
AT5G06445,0.24863221526151638
AT5G43066,0.2229966844187061
AT5G06455,0.011920898347062867
AT5G06465,0.1281983375312272
AT5G43068,-0.06415471868492896
AT5G43070,0.1600442475325728
AT5G43080,-0.2163937474585482
AT5G43090,0.150806719181939
AT5G43100,-0.03357589497031203
AT5G43110,0.17206165975091814
AT5G43120,-0.29694411681700245
AT5G43130,-0.1582152214589598
AT5G43140,0.3423156638559607
AT5G43150,0.1925196824374908
AT5G06475,-0.060949593318618024
AT5G43155,0.03881825491848352
AT5G43160,-0.01849041664068117
AT5G43170,-0.8042813114549752
AT5G43175,0.03955099105972876
AT5G43180,-0.2306946483968433
AT5G43185,0.22969280998596212
AT5G43190,-0.34045077853102573
AT5G06495,0.1590936693817542
AT5G43200,-0.25578161313326964
AT5G43210,-0.3543580929400316
AT5G43211,-0.11122665457848065
AT5G43230,-0.052022572429623375
AT5G43240,-0.2900288382686011
AT5G43250,-0.41301603443864404
AT5G43260,-0.20209343378767994
AT5G43270,0.17685120182797406
AT5G43280,0.36628990642062204
AT5G43285,0.3548483219505401
AT5G43290,0.011179489375465031
AT5G43300,-0.307660011021938
AT5G43310,0.12764678513966812
AT5G43320,-0.061725961828443254
AT5G43330,-0.5760696186283427
AT5G43340,-0.20323774448378046
AT5G43350,0.2265207746839609
AT5G43360,-0.04123638082452607
AT5G43370,0.30617197993418666
AT5G43380,-0.19823898213704644
AT5G43390,0.09848245485153863
AT5G43400,0.08248591726537507
AT5G43401,-0.38793132724996277
AT5G43403,-0.2742340957784844
AT5G43410,-0.3516839798065017
AT5G43420,-0.63534294663115
AT5G43430,0.17561242897329796
AT5G43440,0.35467893813028273
AT5G06505,
AT5G06515,0.1568214443725357
AT5G43450,-0.36341922060853493
AT5G43455,0.3146854451140281
AT5G43460,0.004810726583467143
AT5G43470,0.1881123055070281
AT5G43480,0.042763506155135626
AT5G43490,0.2526434187398053
AT5G43500,-0.4697405780248745
AT5G43510,-0.24762563717194072
AT5G43513,-0.21031846731149764
AT5G43518,0.24244534565627615
AT5G43520,-0.06311728938093188
AT5G43525,0.2511605254411563
AT5G43530,-0.029985661750123654
AT5G43535,0.18122967558827124
AT5G43540,-0.4166083570070126
AT5G43550,-0.1018418840526264
AT5G43560,-0.23269199315650924
AT5G43570,-0.5963229620431872
AT5G43580,-0.06895957403770553
AT5G43590,-0.008378692106157114
AT5G43600,-0.10446717085270218
AT5G43603,0.12370264590419112
AT5G43610,-0.2941679564490978
AT5G43620,-0.7057679417391705
AT5G06525,0.005950713197915167
AT5G43630,-0.3612771940676952
AT5G43640,0.20489108902917721
AT5G43650,-0.24420633141032763
AT5G06535,0.1912626094642214
AT5G43660,0.15723589350589476
AT5G43670,-0.1471348924182884
AT5G43680,0.33642880466499353
AT5G43690,-0.1128695573473871
AT5G43695,-0.7653988641019955
AT5G43700,-0.06395628253711716
AT5G43710,0.26645141164610786
AT5G43720,-0.4886120434685224
AT5G43725,0.11709376143699095
AT5G43730,-0.3097593271857667
AT5G43740,0.07554068599101163
AT5G43745,-0.10297150893021749
AT5G43750,0.337208513484288
AT5G43755,0.31494272175168514
AT5G43760,-0.39635273158056294
AT5G43770,-0.0681759631984472
AT5G43780,-0.05535332985065889
AT5G43790,0.03420683105767776
AT5G43810,0.2441244416641984
AT5G43822,-0.19092729832799737
AT5G43820,
AT5G43830,-0.7818074074644806
AT5G43840,-0.30053611798252855
AT5G43850,-0.08230337242821584
AT5G43860,-0.045764807296975275
AT5G43870,-0.06409171480766657
AT5G43880,0.1686253704026819
AT5G43890,0.27072340842797954
AT5G43900,0.25568763367341946
AT5G43910,-0.3194501771202696
AT5G43920,-0.28829449197091095
AT5G43930,0.31007380274864904
AT5G06545,-0.08190266010054384
AT5G43935,-0.4122163198869136
AT5G43940,0.4695689937626783
AT5G43950,0.45402649593968464
AT5G43960,-0.31121953961174964
AT5G43970,0.34449435332283745
AT5G43980,-0.35862057181034646
AT5G43990,0.40848000525898004
AT5G44000,-0.1319510411970258
AT5G44005,0.3719731281860583
AT5G44010,-0.2982520305014452
AT5G44020,0.1307081896840924
AT5G44030,-0.4257840032846081
AT5G44040,0.034522127650716196
AT5G44050,0.42601787610539565
AT5G44060,0.12192949335313502
AT5G44063,-0.010074601359938965
AT5G44065,0.07982829305740996
AT5G44070,0.34276254442450643
AT5G44080,-0.5702235058743158
AT5G44090,-0.06990147219662922
AT5G44100,0.23574928286575958
AT5G44110,0.013558953216659796
AT5G44120,0.0611074126504095
AT5G44130,0.4307742738451554
AT5G44140,-0.1424839835753729
AT5G44150,-0.15942558069053495
AT5G44160,-0.3627612178459098
AT5G44170,0.48259525633148986
AT5G44180,-0.2288590525089615
AT5G44190,-0.21848368906991292
AT5G44200,-0.14140513867688295
AT5G44210,0.3775739667071724
AT5G44220,-0.04045540665894755
AT5G44230,0.023361560565211506
AT5G44240,-0.07867140501709023
AT5G44250,-0.3496820756631974
AT5G44260,-0.16402073278796545
AT5G44265,0.31499066689074995
AT5G44270,-0.41517419501565206
AT5G44280,0.04129663361468322
AT5G44283,-0.27300421040699974
AT5G06565,0.13774405185711172
AT5G44286,0.3674193056826925
AT5G44290,0.0668210402445264
AT5G44300,-0.23922186047978833
AT5G44306,0.1474242609097111
AT5G44310,-0.042964009346782205
AT5G44316,0.09099935491134571
AT5G44320,-0.25028548454317223
AT5G44330,0.07770921065104444
AT5G44340,0.25664303159864793
AT5G44345,0.2681439897438269
AT5G44350,-0.20260869515982816
AT5G44360,-0.16147266475251998
AT5G44370,-0.28308984309736157
AT5G44375,0.15491520308474396
AT5G44380,-0.36894563025840266
AT5G44390,-0.49491153761383383
AT5G44400,-0.3563664586896366
AT5G44410,-0.4991498004977046
AT5G44420,-0.05041428111985467
AT5G44430,0.36160438613690765
AT5G44440,0.13035899562729827
AT5G44450,0.25761232638579284
AT5G44460,-0.09652726845601368
AT5G44470,-0.2605503747083395
AT5G44480,0.007221379584284449
AT5G44490,-0.10487824022236204
AT5G44495,0.3958458712364685
AT5G44500,0.09856422840811709
AT5G44510,0.035643214322590704
AT5G44520,-0.01694445182378358
AT5G44530,-0.3047964021695392
AT5G44540,0.1837840597228291
AT5G44550,0.09533341156488748
AT5G44560,0.06455392998979227
AT5G44562,
AT5G44563,0.06449467652195058
AT5G06575,
AT5G44565,0.33197682105565884
AT5G44567,0.400835760890322
AT5G06585,-0.044839205518861565
AT5G44568,-0.009988728864300443
AT5G44569,0.262746025506557
AT5G44566,
AT5G44570,0.21826185211568697
AT5G44572,-0.3674738588277173
AT5G44574,-0.09070253624755845
AT5G44575,0.14563744338573417
AT5G44578,0.09208926188246143
AT5G44580,-0.46948676910365805
AT5G44582,-0.12564081584786974
AT5G44585,0.34565844827439024
AT5G06595,0.45086946293103913
AT5G06605,
AT5G06615,-0.0864998490038711
AT5G44590,0.40795718788207264
AT5G44600,0.3274012681510776
AT5G44610,-0.0022558235115511405
AT5G44620,0.2684390278125403
AT5G44630,0.1133927713114557
AT5G44635,0.0003322738391424749
AT5G44640,0.2228803678613669
AT5G44650,0.4730600849688939
AT5G44660,0.11144174883245252
AT5G44670,-0.13280235607172813
AT5G44680,-0.29113509532918114
AT5G44690,-0.049509324202448454
AT5G44700,0.5842593396210759
AT5G44705,0.049336111462290444
AT5G44710,0.2982301233718127
AT5G44720,0.016143442064893213
AT5G44730,0.1156254795194379
AT5G44740,-0.6091720912474291
AT5G44750,-0.6090397964329154
AT5G44760,-0.43489517220948876
AT5G44770,-0.11196132462884795
AT5G44780,-0.15557135845641526
AT5G44785,0.504427413365343
AT5G44790,-0.4641315972104183
AT5G44800,-0.2594175569490172
AT5G44820,0.3170937805480121
AT5G44830,0.11598142369450468
AT5G44840,0.01108923404152837
AT5G44850,0.24038352275038286
AT5G06635,-0.905897724285504
AT5G44860,0.1671753495568265
AT5G44870,-0.35825419386432683
AT5G06655,0.14754004571857926
AT5G44900,0.060132392138163814
AT5G44910,0.44456129557278845
AT5G44920,
AT5G44930,0.06235595872504716
AT5G06665,
AT5G06675,0.2821696121779704
AT5G44940,0.4760831447763299
AT5G44950,-0.3513733536459939
AT5G44960,0.13803428543494234
AT5G44970,0.09864498835550949
AT5G44973,0.1645498973647148
AT5G44980,0.36188281141074546
AT5G44990,-0.05939182245654429
AT5G45000,0.17158574063842363
AT5G45010,0.3005968339427388
AT5G45020,0.2012748462806608
AT5G06695,-0.04882952389340453
AT5G45030,
AT5G45040,0.18888215175355025
AT5G45050,-0.32018354005903377
AT5G45060,0.10977024814695674
AT5G45070,0.2524677270057448
AT5G45080,0.15610343810519586
AT5G45090,-0.4846494895237449
AT5G45095,-0.13353764671751253
AT5G45100,0.13819500582994276
AT5G45110,0.0650972106928997
AT5G45113,0.42517778355681307
AT5G45115,-0.062289783039347284
AT5G45120,-0.11446281318692243
AT5G45130,0.45193073411995394
AT5G45140,-0.23230875289491365
AT5G45150,0.5118924130052998
AT5G45160,0.3742009928930775
AT5G45170,0.3475905620860461
AT5G45180,0.1419365084501682
AT5G45190,-0.4431172162520704
AT5G45200,-0.0399892037682169
AT5G45210,-0.05560975388756788
AT5G45220,-0.38171283965137104
AT5G45230,-0.15489908043141723
AT5G45240,-0.1740800887379311
AT5G45250,0.2413336759427514
AT5G45260,0.04816373707907826
AT5G06705,-0.3016388812085952
AT5G06715,
AT5G45275,-0.15881168441424998
AT5G45277,0.2657812324094893
AT5G45280,-0.269424029586679
AT5G45290,-0.3023153525420394
AT5G45300,0.23667268512314177
AT5G45307,0.1952539338814198
AT5G45310,0.1506353265505197
AT5G45320,0.3008292225484674
AT5G45330,-0.21320718886166862
AT5G45340,-0.18891847533466696
AT5G45350,0.23670239817308372
AT5G45360,0.24329071878085673
AT5G45370,-0.18834335667178745
AT5G45380,-0.13976914343164482
AT5G45390,0.5463932140298094
AT5G45400,-0.49682458817767683
AT5G45410,-0.0893209897579859
AT5G45420,0.5684162948626543
AT5G45430,-0.32607608310827757
AT5G45440,0.2535100876954333
AT5G45450,-0.37551781190750444
AT5G45455,-0.013149334873761387
AT5G45460,-0.2491326689949062
AT5G45472,-0.25381591672081394
AT5G45469,
AT5G45470,
AT5G45475,
AT5G45480,
AT5G45490,0.34429846511890244
AT5G45500,0.3480009877057678
AT5G45510,0.4077214750941998
AT5G45520,-0.0517080529878035
AT5G45530,0.10662185932786057
AT5G45540,0.3671243519465594
AT5G45550,0.538023397117012
AT5G45560,-0.34824402785975117
AT5G45570,-0.5606698568544984
AT5G45573,-0.2708239019427549
AT5G45580,0.13894361271838865
AT5G45590,-0.11833377738078928
AT5G45600,0.09005326000899441
AT5G06735,-0.08135221448627483
AT5G45610,-0.060530219273341894
AT5G45620,0.4201943532423316
AT5G45630,-0.23537588469046536
AT5G45640,0.3082803299157163
AT5G45650,-0.2144262792099999
AT5G45660,0.023019105109646054
AT5G45670,0.22015598746354254
AT5G45680,0.46069951087215855
AT5G45690,-0.14529447122896752
AT5G45700,0.3361985726972982
AT5G45710,0.16172667361849966
AT5G45720,-0.3160996117065546
AT5G45715,
AT5G06745,-0.22106745001646505
AT5G45730,-0.027158239152266166
AT5G45740,-0.09816941532380018
AT5G45745,-0.19774876697707824
AT5G45750,0.1768782638680995
AT5G45760,-0.050909046414178115
AT5G45770,-0.136261957547936
AT5G45775,-0.02712434261765108
AT5G45780,-0.16654893485623104
AT5G45790,0.7297294723895272
AT5G45800,0.7214052619750799
AT5G45810,0.23457969231332723
AT5G45820,-0.17043084104332504
AT5G45830,0.08189274903682471
AT5G45840,-0.33767872549812444
AT5G45850,-0.3224308634016962
AT5G45860,-0.9522628563534757
AT5G45870,0.23929450568926877
AT5G45875,0.04650870206556901
AT5G45880,-0.5256166751343686
AT5G45890,-0.2249151762380517
AT5G45900,-0.22126138597361472
AT5G06765,0.08519791711571972
AT5G45910,0.23913333299821948
AT5G45920,-0.45429515432010503
AT5G45930,-0.345238146519672
AT5G45940,-0.6225468397232026
AT5G45950,-0.5224278211402579
AT5G45960,-0.38190831963895655
AT5G45970,-0.24797989994302064
AT5G45980,0.24570744442670955
AT5G45990,-0.021062333723933006
AT5G46000,0.1410348324332568
AT5G46010,-0.2036211625778753
AT5G06775,0.15921048037586855
AT5G46020,-0.1182364285028633
AT5G46025,0.3881095395425029
AT5G46030,-0.315949267522285
AT5G46040,0.19203901431585962
AT5G46050,-0.13242477466080177
AT5G46060,-0.1844581274406458
AT5G46070,-0.7426930787421957
AT5G46080,0.6422841714628608
AT5G46085,0.32476128556514416
AT5G46090,-0.8138297410562318
AT5G46100,-0.23265773052736952
AT5G46110,-0.025547961529121622
AT5G46105,
AT5G46115,-0.0022380067577464835
AT5G46130,-0.30663287993124183
AT5G46140,0.08598031322036619
AT5G46150,-0.3366419395204941
AT5G46160,-0.32962248421706564
AT5G46170,-0.3247475646197588
AT5G46180,-0.2056425821804959
AT5G46190,0.2465769305900181
AT5G46200,-0.2272159447304164
AT5G46210,-0.5656884224979487
AT5G46220,0.1836237802558671
AT5G46230,-0.07465204576402118
AT5G46240,0.04674392211171252
AT5G06785,0.03848273027561195
AT5G46250,0.11694128270088983
AT5G46260,0.33266678735706884
AT5G46270,0.15390080064350628
AT5G06795,0.32887354162664206
AT5G46280,-0.6059208969918712
AT5G46290,-0.7358423533586678
AT5G46295,0.06826996931141002
AT5G46297,0.19668887403130925
AT5G46300,-0.3100249025762354
AT5G46310,-0.48813364582874247
AT5G46315,-0.3766852133899314
AT5G46320,-0.13025058852842414
AT5G46325,
AT5G46330,-0.03648780320144749
AT5G46340,-0.2328708365673033
AT5G46350,-0.010041866564575
AT5G06815,-0.10402358120998036
AT5G46360,0.11001548341517448
AT5G46370,0.10740086771356933
AT5G46380,0.00026989164750604766
AT5G46390,0.01440323955936814
AT5G46395,-0.0180415058293199
AT5G46400,0.1908079912931924
AT5G46410,0.18843865135931553
AT5G46420,-0.0560098608069515
AT5G46430,0.3229309965061235
AT5G06825,
AT5G46440,-0.2797950884083879
AT5G46450,0.21641252756565757
AT5G46460,-0.2016665937572289
AT5G46470,-0.47132797386225106
AT5G46490,-0.15170045398395882
AT5G46500,0.25866729677767647
AT5G46510,-0.10420908702560512
AT5G06835,
AT5G46520,0.40219614236636986
AT5G46530,0.15869009203383141
AT5G46540,-0.2346075051512411
AT5G46550,-0.2355388444198128
AT5G46560,0.1533456088265038
AT5G06845,-0.17860617375242607
AT5G06855,-0.17162409226722602
AT5G46570,0.20890558132120648
AT5G46580,0.6536243892975009
AT5G06875,-0.12156877458389664
AT5G46590,-0.3186854381771794
AT5G46595,0.12733381021757903
AT5G46600,-0.16271847225291639
AT5G46610,-0.06020223325149475
AT5G46620,0.5800579664268909
AT5G46630,-0.5009480968073144
AT5G46640,-0.0491257965924749
AT5G46650,0.3898996937071135
AT5G46660,-0.15990095595776027
AT5G46670,-0.17260178439874274
AT5G46680,0.3073509717871101
AT5G46690,-0.21439769367174785
AT5G46700,0.24932854345054997
AT5G46710,0.26058161463715945
AT5G46720,0.20663177740760533
AT5G46730,-0.3225521560432556
AT5G46740,-0.14158998675635948
AT5G46750,0.23347731645006023
AT5G46760,-0.22274887351071676
AT5G46770,-0.27812366793926097
AT5G46780,-0.20256894167504533
AT5G06880,0.09730849932001612
AT5G46790,-0.11858386088789956
AT5G46795,0.29661604185193013
AT5G46800,0.016159479063108013
AT5G46810,-0.3747905133969886
AT5G46820,0.02195602452511794
AT5G46825,-0.003007081401047984
AT5G46830,-0.2887634065191223
AT5G46840,-0.06588463719156859
AT5G46845,0.15599144119398412
AT5G46850,0.09123195457158287
AT5G46860,-0.47511109188002054
AT5G46870,-0.2755747858346869
AT5G46871,0.32820957650280486
AT5G46873,0.19682508199522009
AT5G46874,-0.06123888329638832
AT5G46877,0.20766795213303132
AT5G46880,0.24030836701497105
AT5G46890,0.2238315455867129
AT5G46900,0.4500964022978683
AT5G46910,0.12267377965977208
AT5G06885,
AT5G46915,-0.3937660744703123
AT5G46920,-0.2176560250818271
AT5G46930,-0.31973751912000536
AT5G46940,0.25728792924126653
AT5G46950,0.11636475690826782
AT5G46960,0.03395506115985219
AT5G46970,-0.5163674264122814
AT5G06915,0.14937166904422644
AT5G46980,-0.04537866997521404
AT5G46990,-0.6985969368151654
AT5G47000,0.2238944524188202
AT5G47010,-0.16210402849630368
AT5G47020,-0.48437584893633434
AT5G47030,0.4429282645635745
AT5G47040,-0.24530143212605496
AT5G06925,0.2844603443285154
AT5G47050,0.23661002044301596
AT5G06935,
AT5G06945,-0.0552460147277698
AT5G47060,0.004533879801318444
AT5G47070,0.28730052830562625
AT5G47075,0.27089951131971146
AT5G47077,0.3338333492813381
AT5G47080,0.2422335818768788
AT5G47090,-0.5310244146417138
AT5G47100,0.5769033233336434
AT5G47110,-0.029574626502920625
AT5G47120,0.2820698763019001
AT5G47130,-0.18326336368489438
AT5G06955,
AT5G47140,0.8281675485465037
AT5G47150,-0.5382540934629877
AT5G47160,0.11123937983669745
AT5G47170,0.168218050885379
AT5G47175,0.020644126816357834
AT5G47180,-0.31958205771418435
AT5G47190,0.09164931314984658
AT5G47200,-0.8374491222161284
AT5G47210,0.18581853439458967
AT5G47220,-0.13315642566558086
AT5G47229,
AT5G47230,0.25263458038623715
AT5G06965,-0.016698139821241822
AT5G47240,0.514201536283715
AT5G47250,-0.3642753423545309
AT5G47260,-0.4178467669011225
AT5G47280,-0.28541983762943923
AT5G47290,-0.591765695210486
AT5G47300,-0.23644504113280798
AT5G47310,-0.4576267564804979
AT5G47320,-0.1614535351942228
AT5G47330,0.07110960369963042
AT5G47340,0.2683746886349285
AT5G06975,-0.0777969098141164
AT5G47350,-0.21230022431796464
AT5G47360,-0.5278782495403554
AT5G47370,-0.36075451614490267
AT5G06985,0.15504935993984847
AT5G06995,-0.003156581398600186
AT5G47380,-0.15501632158384124
AT5G07005,-0.5152923567755721
AT5G47390,0.4646904983501894
AT5G47400,-0.18905453153388135
AT5G47420,-0.010571565576558143
AT5G47430,0.4956032540472487
AT5G47435,0.09574335158055493
AT5G47440,-0.05942060772579028
AT5G47450,-0.0949258592027114
AT5G47455,0.3177470761045411
AT5G47460,-0.18720853631943274
AT5G47470,0.4697213706699293
AT5G47480,-0.1497663205394313
AT5G47490,-0.23637454487564363
AT5G47500,0.045616269250515706
AT5G47510,-0.31145395116445
AT5G47520,-0.060086282173070764
AT5G47530,-0.15961450415265208
AT5G47540,0.019011532367821198
AT5G47550,-0.2602037855153092
AT5G47560,0.23177364788288118
AT5G47570,0.11624858741289305
AT5G47580,-0.08276396215921684
AT5G47590,0.24477999084316007
AT5G47600,-0.17910399478815048
AT5G47610,0.1831608410950369
AT5G47620,0.16775761745926998
AT5G47630,-0.45595466570600307
AT5G47635,-0.6079358201376275
AT5G07015,0.1644043023062709
AT5G47640,0.6349957725784007
AT5G47650,0.0064513304547820565
AT5G47660,0.08590928546998704
AT5G47670,0.12627398506231255
AT5G47680,-0.5366388977612353
AT5G47690,-0.31133654718580933
AT5G47700,0.5030683084314093
AT5G47710,0.2879049166603072
AT5G47720,0.3789742876841564
AT5G47730,0.12545041463370396
AT5G07025,
AT5G47740,-0.1005880479500678
AT5G47750,-0.23297748561214013
AT5G47760,0.26686414601019215
AT5G47770,0.0365262900117841
AT5G47780,-0.3448727751712124
AT5G47790,0.1049905039462058
AT5G47800,0.11781404480891132
AT5G47810,-0.0698931414572852
AT5G47820,0.3577887352888256
AT5G47830,0.4922509104836081
AT5G47840,0.253086291273823
AT5G47850,-0.005738561002335182
AT5G47860,-0.13023553572499394
AT5G47870,0.04049231351833036
AT5G47880,-0.10888413366048035
AT5G47890,0.06844441329056605
AT5G47900,0.22536747735131343
AT5G47910,0.3366626136900553
AT5G47920,-0.07824601871291474
AT5G47930,0.25195914962107835
AT5G47940,-0.47266651437327495
AT5G47950,0.013122445859458333
AT5G47960,0.5161664543902199
AT5G47970,-0.008072988948809142
AT5G47980,0.41537877232432185
AT5G07035,0.2829190832366279
AT5G47990,-0.6134853961059824
AT5G48000,-0.5495433118256114
AT5G48010,-0.33006325632761485
AT5G48020,0.32580409958165435
AT5G48030,-0.14223033586926814
AT5G48040,0.18815006174781013
AT5G48050,0.2626749690312242
AT5G48060,0.12219379855227318
AT5G48070,-0.08015324467150978
AT5G48090,0.06758618284918255
AT5G48100,0.11891488267097751
AT5G07055,-0.34499233424182657
AT5G48110,-0.14415588498670256
AT5G48120,-0.0714356460068448
AT5G48130,-0.1703040218769759
AT5G48140,0.34057971650271995
AT5G48150,-0.5539126888312503
AT5G48160,0.28455254217230785
AT5G48170,0.34959934425248074
AT5G48175,-0.425583574264248
AT5G48180,0.28295408999622845
AT5G48190,0.11421708133594591
AT5G48200,0.4764662604568028
AT5G48205,-0.3143993925660768
AT5G48210,-0.08231771022142087
AT5G48220,0.20395484181382229
AT5G48230,0.4863756923887569
AT5G48240,0.3222189759561007
AT5G48250,0.20241028000958877
AT5G48270,0.0196662328370175
AT5G07065,0.13855790805218196
AT5G48280,0.07126950876214982
AT5G07075,
AT5G48290,0.08237985409242954
AT5G48300,-0.48589455594651365
AT5G48310,0.15540057539074237
AT5G48320,-0.15906547322917158
AT5G48330,-0.1760305308671061
AT5G48335,-0.3474610847496152
AT5G48340,0.3477365578286812
AT5G48350,-0.29441307645873477
AT5G48360,0.1662294469324284
AT5G48370,-0.016746660491691382
AT5G48375,0.18266129329854242
AT5G48380,-0.6141740670106057
AT5G48385,0.24777655861993508
AT5G48390,-0.4969387327066453
AT5G48400,-0.25804097373605844
AT5G48410,0.4239378863037673
AT5G48412,0.1507735831087813
AT5G07095,0.2232276833325011
AT5G07105,0.18385018974835088
AT5G07115,0.26495781667894963
AT5G07125,-0.18561625489542177
AT5G48420,0.1520684643672082
AT5G48430,0.2028976451279618
AT5G48440,-0.23200706296188683
AT5G07145,
AT5G48450,0.17837699961806433
AT5G48460,-0.06657379515830426
AT5G48465,0.05039762314713702
AT5G48470,-0.11449931938755926
AT5G48480,-0.10243486410917468
AT5G48485,
AT5G48490,-0.03127893466559518
AT5G48500,-0.01925137302103832
AT5G48510,0.33791185572537485
AT5G07155,0.07716575252215466
AT5G48515,0.2138266089542804
AT5G48520,-0.008801575108975484
AT5G48530,0.35846852301158144
AT5G48540,0.23321030213093277
AT5G07185,0.4462608399054011
AT5G48543,0.20818709555479117
AT5G48545,-0.03948990611759228
AT5G48550,0.12302560440512549
AT5G48560,-0.1563159198536532
AT5G48570,-0.054144723137409284
AT5G48575,0.14056509856767968
AT5G48580,0.21387048458762573
AT5G48590,-0.4318376255813385
AT5G48595,0.07817547886746797
AT5G48600,-0.07409506433817988
AT5G48605,0.4587551020494763
AT5G48610,0.20758541178330284
AT5G48620,0.4694840719488751
AT5G48630,-0.06918593872071145
AT5G48640,-0.020545547898103665
AT5G48650,0.12790911592216866
AT5G48655,-0.4167629555023627
AT5G48657,-0.001379022284928095
AT5G48660,0.27056112859056086
AT5G48670,-0.058039003670180785
AT5G48675,-0.18825726417637884
AT5G48680,-0.18853247667964207
AT5G48690,0.10030619323624665
AT5G48700,0.29885493779413047
AT5G07195,-0.32269752302161814
AT5G48710,-0.06879724539074088
AT5G07205,0.11236407650456509
AT5G48720,0.06192520112783852
AT5G07255,
AT5G48730,0.153007654271893
AT5G07265,
AT5G48740,-0.2587445294315154
AT5G48750,0.001106101721433096
AT5G48760,0.5477322028418259
AT5G48775,-0.05598229824778462
AT5G48770,
AT5G48780,-0.4934083384019907
AT5G48790,-0.011012445131323545
AT5G48800,-0.5683431040187128
AT5G07275,
AT5G48810,-0.3068373758885716
AT5G07285,
AT5G48820,0.4653954833597919
AT5G48830,0.04906786441998574
AT5G48835,-0.041551920587251524
AT5G48840,0.7266502510579591
AT5G48850,-0.2714344625248668
AT5G48860,-0.10016281379117266
AT5G48870,-0.28350531875895163
AT5G48880,-0.5344926172556838
AT5G48890,-0.10724874437581775
AT5G48900,0.13888141888298822
AT5G07295,0.04118352810192626
AT5G48905,0.25319096123689133
AT5G48910,-0.7094044941867181
AT5G48920,0.3778201696764084
AT5G48930,0.48513798753261833
AT5G48940,0.35891374050690195
AT5G48945,-0.10044861635233591
AT5G48950,0.2789493014196966
AT5G48953,0.11274885843126446
AT5G48960,0.6992458174308616
AT5G48970,-0.09640216561071553
AT5G48980,0.18578120212564425
AT5G48990,0.03667031150771989
AT5G49000,0.22767753409209945
AT5G49010,-0.501414509950818
AT5G49015,0.028014403847706534
AT5G49020,-0.021391803106744635
AT5G49030,-0.46808350639438917
AT5G49040,
AT5G49050,0.0912856925220793
AT5G07325,0.11877791139029324
AT5G49060,0.3211994675523856
AT5G49070,-0.011278350160178158
AT5G49100,-0.6947646609973763
AT5G49110,-0.14442138642981323
AT5G07335,
AT5G07345,
AT5G49120,-0.3478381244712761
AT5G49138,-0.4800598022171296
AT5G49130,-0.064485914130964
AT5G49140,-0.4749530711313557
AT5G49152,-0.2774863729647874
AT5G49150,
AT5G49160,-0.06020632545736378
AT5G49170,-0.017378412101907978
AT5G49180,0.1694994252493242
AT5G49190,-0.427467849475659
AT5G49200,0.05552526371273619
AT5G49210,-0.4325229419899064
AT5G49215,0.3048323576323694
AT5G49220,-0.4080742191039581
AT5G49230,0.06688485285913627
AT5G49240,-0.16266682890470396
AT5G49250,0.07890720321957949
AT5G49260,0.24058734094664894
AT5G49270,-0.24471951047770518
AT5G49280,0.27957364397685186
AT5G07355,0.11982580209298638
AT5G49290,-0.44130957732707865
AT5G49300,-0.2809360807798947
AT5G07365,-0.580141811637681
AT5G49305,-0.09864403196128405
AT5G07385,
AT5G49310,-0.30319120901030555
AT5G49320,0.6264514267718531
AT5G49330,-0.04433458588428454
AT5G49340,-0.27817265332782676
AT5G49350,0.3123628741476922
AT5G49360,-0.09809098795651029
AT5G49390,0.1295176271985088
AT5G49400,0.42185616010780597
AT5G49410,0.3300541641359211
AT5G49420,-0.12043891887572913
AT5G49430,0.04560796296512756
AT5G49435,-0.9251250096317561
AT5G49440,0.11956930424143047
AT5G49450,-0.45668233613162235
AT5G49460,0.1887859752447395
AT5G49470,0.3026665939348894
AT5G49480,0.03337654815420046
AT5G49490,-0.19583397455720358
AT5G49500,-0.18548003076904834
AT5G49510,-0.25477304723827954
AT5G49520,-0.6595369873301119
AT5G07395,-0.3546520310809537
AT5G49525,0.29516674482816085
AT5G49530,-0.16635584565163855
AT5G49540,-0.04329614460940489
AT5G49550,0.3141039095850942
AT5G49555,0.37056047970546757
AT5G49560,0.16367595554277084
AT5G49570,-0.33547560202310966
AT5G07405,
AT5G07415,
AT5G07425,-0.08777236821127475
AT5G07435,0.32760128196584926
AT5G49580,-0.5274692778265119
AT5G49590,0.09733989422025063
AT5G49600,-0.03812190480380851
AT5G49610,0.18882539020573494
AT5G49615,0.0043921431341161455
AT5G49620,-0.11118500438167524
AT5G49630,-0.44009342748104824
AT5G49640,
AT5G49645,-0.4895693462508209
AT5G49650,0.13651256192710565
AT5G49660,-0.44084537920942723
AT5G49665,-0.5274817910579006
AT5G07445,
AT5G49680,0.1421482549302523
AT5G49690,-0.11348828728154528
AT5G49700,-0.38407938549541576
AT5G49710,-0.43634273862753437
AT5G49720,0.0664912705012927
AT5G49730,-0.3046244572689678
AT5G49740,-0.5026086429476982
AT5G49750,0.5836323889819429
AT5G07455,0.18183415222624444
AT5G49760,-0.03627237045211545
AT5G49770,0.16934690514247974
AT5G07465,-0.5766051921975892
AT5G49780,-0.7997567347519756
AT5G49800,-0.11394965910843277
AT5G49810,-0.05199711073090274
AT5G49820,-0.24164496061435725
AT5G49830,0.15314182719773903
AT5G49840,0.49480714512703783
AT5G49850,0.06556341067677972
AT5G49860,0.15348672171294223
AT5G49870,-0.05614589611005977
AT5G07485,0.16966595798979112
AT5G07495,-0.006591505077820548
AT5G49880,-0.04817918057118954
AT5G49890,-0.03893875538706741
AT5G49900,-0.500912628035205
AT5G49910,-0.32390769354867927
AT5G49920,0.6273623032958463
AT5G07515,
AT5G49930,-0.3608542171641578
AT5G49940,0.17214579709352046
AT5G49945,0.2179940009414683
AT5G07525,
AT5G49950,0.5070996503698749
AT5G49960,0.23478316689849787
AT5G49970,0.16567301772607668
AT5G49980,0.20576212966650387
AT5G49990,-0.1822124695777899
AT5G50000,0.4007794633756556
AT5G50010,-0.7761268915811488
AT5G50020,-0.011066590115128117
AT5G50030,0.42215772130217005
AT5G50040,0.3769702723630709
AT5G50050,0.37197615730388406
AT5G50060,0.050420203492523206
AT5G50070,0.2564602858632429
AT5G50080,0.02296392740635027
AT5G50090,-0.41047357254199024
AT5G50100,0.07979026086102628
AT5G50110,0.35223148354412614
AT5G07535,0.37177520794006136
AT5G50115,-0.21596444646975727
AT5G50120,0.2791504525588005
AT5G07555,-0.20642467235230455
AT5G50130,-0.6662706228666719
AT5G07565,-0.054004117578114734
AT5G07575,0.1475502483589794
AT5G50140,-0.1999715434244577
AT5G50150,-0.5765593807722036
AT5G07595,
AT5G07585,0.04701388058027825
AT5G50160,-0.36762223270848543
AT5G50170,0.2140231410142203
AT5G50175,-0.015184707139816438
AT5G50180,0.056978744578822224
AT5G50190,0.21487611761591413
AT5G50200,0.112836718704256
AT5G50210,0.13511609999695773
AT5G50220,0.23184138865734372
AT5G50230,-0.22737916484058532
AT5G50240,0.09861160364251631
AT5G50250,0.277255556395215
AT5G50260,-0.33764464327762095
AT5G50270,-0.4472081801092932
AT5G50280,-0.0240362146730941
AT5G50290,-0.18258916348483104
AT5G50300,-0.5242553494273114
AT5G07605,-0.17813151566928512
AT5G50310,0.09261059244508157
AT5G50320,-0.17976928180087892
AT5G50330,-0.024557185344944246
AT5G50335,0.21018175427285038
AT5G50340,-0.16180240724745526
AT5G50345,-0.09794174379348594
AT5G50350,-0.05760955654057397
AT5G50360,-0.30785208964750105
AT5G50361,-0.12585204193148636
AT5G50365,0.12906369374604748
AT5G07615,
AT5G50370,-0.17331283206105103
AT5G50375,0.5723341874020184
AT5G50380,0.40795118188168
AT5G50390,-0.07894882055300116
AT5G50400,0.6040760102389575
AT5G50410,0.4609415800014157
AT5G50420,-0.12816946253566555
AT5G50423,-0.2403218547879053
AT5G50430,-0.4441777433874956
AT5G50440,-0.5338503933485002
AT5G50443,-0.3286851524315069
AT5G07635,
AT5G50450,0.08854776402549916
AT5G50460,0.4890826042448819
AT5G07655,
AT5G50470,0.12909447502297497
AT5G50480,0.21631665915712606
AT5G50490,0.26846199733216947
AT5G50500,-0.04803774116778083
AT5G07665,
AT5G07695,-0.12271002885902725
AT5G50510,
AT5G50520,0.4299101584574428
AT5G50530,-0.19840772785461444
AT5G50540,
AT5G50550,
AT5G50560,
AT5G50565,0.544920850780332
AT5G50562,
AT5G50570,0.5770526727796367
AT5G50580,
AT5G50590,
AT5G50600,
AT5G50610,
AT5G50620,
AT5G50630,
AT5G50640,-0.006208234574898776
AT5G50650,
AT5G50660,
AT5G50665,
AT5G50670,
AT5G50680,
AT5G50690,
AT5G50700,0.18009552456376027
AT5G50710,
AT5G50717,0.21955215718658025
AT5G50720,0.07915103155551585
AT5G50740,0.3580525099845867
AT5G50750,0.05510895501125018
AT5G07705,0.062214401545316184
AT5G50760,-0.1751975345300643
AT5G50770,-0.4491506256811191
AT5G50780,-0.1109515478949367
AT5G50790,0.5753362461140645
AT5G50800,-0.8532667271857005
AT5G50805,0.025334190562344792
AT5G50810,0.3710045023094077
AT5G50820,-0.06284750057925126
AT5G50830,0.22750156560148782
AT5G50840,0.05227819566862774
AT5G50850,0.15766500306168527
AT5G50860,-0.6479180557773293
AT5G50870,0.12825027913665585
AT5G50890,0.32927130051691395
AT5G50900,-0.1700676096012771
AT5G50910,0.41034386208598833
AT5G50915,-0.17781608814579697
AT5G50920,-0.23017660382642294
AT5G50930,-0.06967143946932379
AT5G50940,0.15598401929554684
AT5G50950,-0.20417739788196987
AT5G50960,-0.007889981150910441
AT5G50970,-0.2974066636309793
AT5G50990,0.4370565295168587
AT5G50995,
AT5G51000,-0.4511123149660101
AT5G51010,0.30836965196729965
AT5G51020,0.05416882847547538
AT5G51030,-0.013983737185461573
AT5G51040,0.1983756049216242
AT5G51050,0.14185078739552887
AT5G51055,0.18073630171540228
AT5G51060,-0.4964788524925548
AT5G51070,0.5188230487279102
AT5G51080,-0.05352625512719571
AT5G07715,-0.3162809593799688
AT5G51090,0.34749592243019306
AT5G51100,0.2610152041021107
AT5G51110,0.22044893212992642
AT5G51105,
AT5G51120,-0.37383962457144176
AT5G51130,0.3045562210954833
AT5G51140,0.2115752117821935
AT5G51150,-0.43908076028702714
AT5G51160,-0.3720543553540895
AT5G51170,-0.1424244741973346
AT5G07725,-0.028805298435602474
AT5G51174,-0.18107258192828546
AT5G07735,0.20973502795256024
AT5G51180,-0.0644413293021454
AT5G51190,
AT5G51195,-0.5294127086011813
AT5G51200,-0.19225017948662884
AT5G51210,-0.1340933274765094
AT5G51220,-0.3471431580148085
AT5G51230,-0.4612761170856099
AT5G51250,0.5374717935198452
AT5G51260,0.23136205514921482
AT5G51270,-0.4346833268786018
AT5G51280,0.4357133290097723
AT5G51290,0.5523572894871149
AT5G51300,0.167510711468667
AT5G51310,0.3481056916626716
AT5G51330,-0.13570647900880164
AT5G51340,-0.7019167773296119
AT5G51350,0.10448591595061371
AT5G51360,0.06580223252685005
AT5G51370,0.12037843886982057
AT5G51380,-0.18600971463453453
AT5G51390,-0.09264030742160963
AT5G51400,-0.14077176796574234
AT5G51410,-0.6096149483946542
AT5G51420,-0.09598352196253906
AT5G51430,-0.22806663198407737
AT5G51440,-0.4786456184620713
AT5G51450,-0.4919943305976728
AT5G51451,0.4156100639855184
AT5G51460,-0.6049988156496242
AT5G51465,0.3538432585712282
AT5G51470,0.10739453587138918
AT5G51480,0.4497308316267057
AT5G51490,0.23304470659124382
AT5G51500,-0.302639880831471
AT5G51510,0.3156472629270334
AT5G51520,0.1096484416271017
AT5G51530,0.13618524425928655
AT5G51540,-0.476918419610782
AT5G51545,0.19250677549624523
AT5G51550,0.1837757393666103
AT5G51560,0.15958551683565667
AT5G51570,0.2612359497971301
AT5G51580,0.03160257693000813
AT5G51585,
AT5G51590,-0.17240060721345982
AT5G51600,-0.15715909184754476
AT5G51610,0.21918045659701607
AT5G51620,0.18907997854703934
AT5G51630,0.02384637199634385
AT5G51640,0.07212382371310631
AT5G51650,-0.22790093786824087
AT5G51660,-0.3267480564374909
AT5G51670,-0.47277717407055203
AT5G07745,0.018574524381845894
AT5G51680,0.1746125587949484
AT5G51690,0.24189791335503902
AT5G51700,-0.5616841708489189
AT5G51710,-0.38580792900289096
AT5G51720,0.1306926718209631
AT5G51730,0.5794222655876208
AT5G07775,0.2226194020235066
AT5G07785,-0.18685618538327312
AT5G51740,-0.13807611479016724
AT5G07795,-0.15496126689190612
AT5G51750,-0.4156123284096498
AT5G07805,0.10022752389788805
AT5G51760,-0.3303088512981688
AT5G07815,0.29241596856564583
AT5G51770,-0.15993434632484158
AT5G51780,-0.6432751668082524
AT5G51790,-0.3866946059418234
AT5G07825,
AT5G51795,0.20598700629292166
AT5G51800,-0.39984122629302
AT5G51810,-0.3293555538815482
AT5G07835,0.33504920387165316
AT5G07845,
AT5G51820,0.3173776145440396
AT5G51830,-0.15195263172769471
AT5G51840,-0.771505178361352
AT5G51845,0.5415513124040569
AT5G51850,-0.22409716940735744
AT5G51860,0.28228940583546636
AT5G51870,-0.345540416437973
AT5G51880,-0.2127233861843578
AT5G51890,0.17650250931040842
AT5G51900,-0.26337564140998615
AT5G51910,0.3361832495850044
AT5G51915,
AT5G51920,0.04686481134925131
AT5G51930,-0.06429378181488728
AT5G51940,0.06616295961471587
AT5G51950,-0.5185655948119821
AT5G51960,0.26982817679736065
AT5G51970,0.1908192352417213
AT5G51980,0.1100192845240654
AT5G51990,0.28984697157920514
AT5G52000,0.11022264204370662
AT5G52010,0.030996409222013195
AT5G52020,-0.06301020690309184
AT5G52030,0.40839870661568245
AT5G52040,0.21543397960735597
AT5G52045,
AT5G52050,-0.15625054024178964
AT5G52060,-0.7090368509801911
AT5G07855,0.05383250822108769
AT5G07865,0.04930406360760052
AT5G52070,-0.15628613011063636
AT5G07875,
AT5G52080,-0.21970919415057846
AT5G52090,-0.5135174488089166
AT5G52100,-0.30275151618838064
AT5G07885,
AT5G52110,0.14207631364251172
AT5G52115,0.08653598381568799
AT5G52120,-0.2179069018011057
AT5G52130,0.4213652813700466
AT5G52140,0.058989046799947216
AT5G52150,-0.552888151079661
AT5G52155,-0.6506986113789494
AT5G52160,0.1796126437559917
AT5G52170,-0.1770731268301733
AT5G52180,
AT5G52190,
AT5G52200,-0.431819888170241
AT5G52210,-0.057413264114116264
AT5G07895,
AT5G52220,0.325432456445372
AT5G52230,-0.7428927339918155
AT5G52240,0.32963834755387933
AT5G52250,-0.14156092644164397
AT5G52260,0.17064040667146343
AT5G52270,-0.13902638413228274
AT5G52280,-0.40324331140128034
AT5G52290,-0.06317946648982843
AT5G52300,0.10093564357590049
AT5G52310,-0.2417954508593021
AT5G52320,-0.05203270581847534
AT5G52330,-0.055148402676685825
AT5G52340,0.11260521882791906
AT5G52350,0.21028943275875656
AT5G52355,0.051820541406109394
AT5G52360,0.1901552737561964
AT5G52370,-0.3052968159305496
AT5G52380,0.11999238659580215
AT5G52390,0.25408481081951384
AT5G52400,-0.26842293494380975
AT5G52410,-0.3765966892618577
AT5G52420,-0.032963740457556075
AT5G52430,-0.010730370964650335
AT5G52440,-0.2297794824822735
AT5G52450,0.30679180029860936
AT5G52460,0.25099937095354685
AT5G52470,0.5826243740524137
AT5G52471,
AT5G52480,-0.5145703408315435
AT5G52490,-0.0074846128530165245
AT5G52495,0.09429107494559039
AT5G52500,0.23052310421588632
AT5G52510,-0.6968549995574864
AT5G52520,-0.47340282871509104
AT5G52530,0.2672199227498831
AT5G52540,0.2809806858669939
AT5G52545,0.021052616493499647
AT5G52547,-0.2867617929898464
AT5G52550,0.4274577967938095
AT5G52560,0.2623365466657359
AT5G52570,-0.16211603173507513
AT5G52580,0.017587871953057704
AT5G52600,-0.2082270902381184
AT5G52605,0.11335105336878062
AT5G52610,-0.2658789653582556
AT5G52620,0.10948137912037742
AT5G52630,0.1872401637929255
AT5G52640,0.1599342261664225
AT5G52650,0.6015189172489921
AT5G52655,0.12484603397204247
AT5G52660,0.2904753900942331
AT5G07905,0.28516254434469046
AT5G52670,0.1958501465463807
AT5G52680,0.045283106032383856
AT5G52690,-0.155162959095189
AT5G52700,0.03181713475608175
AT5G52710,-0.3138039486630463
AT5G52720,0.12905450728576126
AT5G52730,-0.18502044841966137
AT5G52740,0.14466250289856553
AT5G52750,-0.33573407623949475
AT5G52760,0.046415052909952
AT5G52770,0.192692682366892
AT5G52780,0.28580527029627756
AT5G52790,0.0026299199294923742
AT5G52797,0.16721862229794227
AT5G52800,-0.21889930765239363
AT5G52810,0.33489004532251393
AT5G52815,0.22949456964733306
AT5G52820,-0.17612544630056864
AT5G52830,0.14655915854477866
AT5G52840,0.13890182122673275
AT5G52850,0.1648271414829206
AT5G52860,-0.21336110401281935
AT5G52870,0.061002484706549405
AT5G52880,0.2640845435968269
AT5G52882,0.015964525171036924
AT5G52890,-0.07397178200553041
AT5G07915,-0.23280656412443312
AT5G07925,0.10532139809553888
AT5G07935,
AT5G52900,0.2904955283805334
AT5G52910,-0.2081584095002932
AT5G52920,-0.4134106390918656
AT5G07945,-0.15446512216570943
AT5G52930,-0.1299988955654989
AT5G52940,0.0821716660760216
AT5G52950,-0.3132385474277759
AT5G52960,0.30159389827804245
AT5G52965,0.3364767472276459
AT5G52970,0.15400250253591785
AT5G52975,0.009234955232641241
AT5G52980,0.1952911982928349
AT5G52990,0.15235770069854243
AT5G53000,-0.2262301518995009
AT5G53010,-0.15224562423329052
AT5G53020,-0.026865062114815447
AT5G53030,0.17993741782263878
AT5G53040,-0.1731448896527388
AT5G53045,0.15395471678010603
AT5G53048,-0.143948556167977
AT5G53050,-0.034612210904487094
AT5G53060,0.17117779487728207
AT5G53070,
AT5G53080,-0.10296223715956565
AT5G53090,-0.3770311714166275
AT5G53100,0.027866375958356546
AT5G53110,0.04720725287927214
AT5G53120,0.16989182679349332
AT5G53130,0.23135269537188197
AT5G53140,0.22262861402878775
AT5G53150,0.1871249368091187
AT5G07955,-0.43944362686025373
AT5G53160,0.26823397337203125
AT5G53170,-0.0910632338087385
AT5G53180,0.06733657864505953
AT5G53190,-0.4102667821494929
AT5G53200,0.36413735883075765
AT5G53210,-0.3777613707098374
AT5G53220,-0.35252649532904046
AT5G53230,0.041703635126101486
AT5G53240,-0.04712444304999266
AT5G53250,-0.370438696988835
AT5G53260,0.45848120358987
AT5G53270,0.5031642216746398
AT5G53280,-0.33748333812119863
AT5G53290,-0.2337516756227043
AT5G53300,0.0072824254613116125
AT5G53310,0.0772018373461476
AT5G53320,-0.2197446396342236
AT5G53330,-0.4379373514408493
AT5G53340,0.2618658598736585
AT5G07965,
AT5G53350,-0.08487697911740685
AT5G53360,0.06827322371185508
AT5G07975,
AT5G53370,0.024012370744255655
AT5G07985,
AT5G53380,0.11784512938092054
AT5G53390,-0.3816423268636414
AT5G53400,0.12642705730415446
AT5G53410,-0.06432827333847127
AT5G53420,0.24469340101704892
AT5G53430,0.10093773681615381
AT5G53440,-0.09380691182301189
AT5G53450,-0.7314774815666077
AT5G07995,-0.02178894368219826
AT5G53460,-0.19597162352045377
AT5G53470,0.07696256382731591
AT5G53480,-0.0940432793047318
AT5G53486,0.06581925955461909
AT5G53487,0.06512594347099555
AT5G53490,0.5735756729325909
AT5G53500,-0.7256414792442449
AT5G53510,0.1498561460124945
AT5G53520,-0.15771705358145904
AT5G53530,0.01484269668524171
AT5G53540,0.17517219282145582
AT5G53550,-0.46551488288947956
AT5G53560,-0.24562395726463085
AT5G53570,-0.6286379218130197
AT5G53580,-0.20659585569708733
AT5G53590,0.5815747885056191
AT5G53592,-0.8612340694129441
AT5G53600,0.28666824749561703
AT5G53610,-0.3152578630241811
AT5G53620,0.34618545481571195
AT5G53635,-0.09282407808230114
AT5G53637,0.1169745824594009
AT5G53640,0.09765131004049252
AT5G53650,0.4514930360853664
AT5G08015,0.056886655764398
AT5G53660,0.23695161231593517
AT5G53670,0.24088984714925055
AT5G53680,0.27558271711904814
AT5G53700,-0.03882438520420864
AT5G53710,-0.313514883670655
AT5G53720,0.07375179276562463
AT5G53730,-0.7626233236135753
AT5G53740,0.08670039259151652
AT5G53742,
AT5G53750,0.08667935962839915
AT5G53760,-0.7614749097069017
AT5G53770,0.32630697895794514
AT5G08025,
AT5G53780,0.08226186946413011
AT5G53790,0.36091171670453054
AT5G53800,-0.13392060289419347
AT5G53810,-0.030890771417398787
AT5G53820,-0.12136154873662822
AT5G53830,-0.03876120474822445
AT5G53840,-0.27744067263289
AT5G53850,0.438154226696989
AT5G53860,0.17214329414182855
AT5G53870,-0.6866211272785676
AT5G53880,0.4920017125478605
AT5G08035,0.04912147468164551
AT5G08045,
AT5G53890,-0.6130283929152458
AT5G53895,-0.0925953114659272
AT5G53900,0.3697923078121948
AT5G08065,-0.04057778462113884
AT5G53902,-0.5751442328406926
AT5G53905,-0.47106774214507713
AT5G53910,0.010956216252958076
AT5G53920,0.4483664631128924
AT5G53930,-0.09113123157970418
AT5G53940,0.3686632588646024
AT5G53950,0.5316924343438207
AT5G53960,-0.19635775585578674
AT5G08085,-0.12493383196957474
AT5G53970,-0.634539899186935
AT5G08095,0.21520728020115418
AT5G53980,0.018300516774678446
AT5G53990,0.3845854961096778
AT5G54000,-0.40294315538500886
AT5G54010,-0.05831267656531058
AT5G54020,-0.1700096007779518
AT5G54030,0.2990548792508417
AT5G54035,
AT5G08105,-0.3196853332212094
AT5G54040,-0.6505778902895918
AT5G54043,
AT5G54050,-0.2538901338301713
AT5G54060,-0.04959759544994335
AT5G54062,0.20283296199987097
AT5G54067,0.14009661966533998
AT5G54070,0.15544489712857282
AT5G54075,
AT5G54080,0.48684310635666356
AT5G54090,-0.07472943431530712
AT5G54095,-0.19732490220651566
AT5G54100,0.1357159774192074
AT5G08115,
AT5G54110,0.059719084951491856
AT5G54130,0.17856501220438234
AT5G54140,-0.5386273262724439
AT5G54145,-0.22510261047701338
AT5G08125,-0.5584151419755515
AT5G54148,0.07443484041127708
AT5G54150,-0.4549978564336183
AT5G54160,-0.17051458606851344
AT5G54165,-0.2801418051528296
AT5G54170,-0.18564667658075915
AT5G08135,
AT5G54180,-0.027594565192922412
AT5G54190,0.22867017345313126
AT5G54200,-0.20213908381843335
AT5G54210,-0.005714145922401687
AT5G54215,-0.006501199978168213
AT5G54220,0.2884814769600724
AT5G08165,0.22870700774306738
AT5G54225,-0.2352636902885109
AT5G54230,-0.45189661299105327
AT5G54240,0.12007775710301954
AT5G54250,-0.22330120817303878
AT5G54260,-0.21615188394867285
AT5G54270,-0.40764404893973644
AT5G54280,-0.5414633344690452
AT5G54290,-0.4053199018330209
AT5G54300,-0.137641831103808
AT5G08175,
AT5G54310,-0.38281448662861933
AT5G54320,-0.5135466679845422
AT5G54330,0.24877179583927278
AT5G54340,0.0666517135854911
AT5G54350,-0.5109747093414324
AT5G54360,-0.30643659813937657
AT5G54365,0.09976116173328166
AT5G54370,0.35537222980006133
AT5G54375,-0.04064022421112434
AT5G54380,-0.5097680793928548
AT5G08195,-0.47686229292942
AT5G54390,-0.21244405146369574
AT5G54400,0.07324441789318695
AT5G54410,0.6006774874641487
AT5G54420,0.15046706064044726
AT5G54430,-0.23149601595472738
AT5G54440,0.14485457842814822
AT5G54450,0.42217776405007357
AT5G54460,0.6131847762288408
AT5G54470,0.28107924309155813
AT5G54480,0.47174141832813354
AT5G08205,
AT5G54490,0.11244119572648584
AT5G54500,-0.052449519285982134
AT5G54510,-0.4690988652049971
AT5G54520,-0.4457050522145961
AT5G54530,0.044420867919096475
AT5G54540,0.1497998931350152
AT5G54550,0.13834183652264942
AT5G54560,0.45923824481440506
AT5G54569,-0.40892266789641213
AT5G54570,
AT5G54580,-0.439999781289677
AT5G08215,-0.1308454550731572
AT5G54585,0.2675482680110375
AT5G54590,0.5894458181512765
AT5G54600,0.15972462352570171
AT5G54610,0.344401150598448
AT5G08225,-0.11816547064811858
AT5G54620,-0.26036350101090555
AT5G54630,0.19179751714521748
AT5G54640,-0.1370213710789051
AT5G54650,-0.3088984360102124
AT5G54660,0.08066210204072263
AT5G54670,0.44194869914713814
AT5G54680,0.05057111116036541
AT5G08235,
AT5G54690,0.07727364972281904
AT5G54700,0.40884278633543747
AT5G54710,0.13462023390341413
AT5G54720,0.41878008607516304
AT5G54730,0.07161814588866783
AT5G54740,-0.27695544840361547
AT5G54745,0.41814737150193093
AT5G54750,0.18167942807942683
AT5G54760,-0.5504489300513706
AT5G54770,0.34082827873695903
AT5G54780,0.5122997548003361
AT5G08255,
AT5G08265,0.16284039663214306
AT5G54790,0.014713644888857005
AT5G54800,0.18008493508272097
AT5G54810,-0.11388004158418151
AT5G54820,0.2617090233009664
AT5G54830,0.07756170183839252
AT5G54840,0.4914121367197869
AT5G54850,-0.19109968012978512
AT5G54855,-0.1805257718871362
AT5G54860,-0.27723097864639706
AT5G54865,0.14561235305074585
AT5G54870,0.5257822218420326
AT5G54880,-0.02951236095764571
AT5G54890,0.14642956777890967
AT5G54900,0.10290755004963574
AT5G54910,-0.5412919211164372
AT5G54920,0.367062230380002
AT5G54930,-0.06989713790506416
AT5G54940,0.294084643371495
AT5G54950,0.3405715037368735
AT5G54960,-0.07755959341485545
AT5G54970,-0.0183479126565322
AT5G54980,-0.2221866501518875
AT5G54990,-0.2876868357929477
AT5G55000,-0.6066677692908963
AT5G55010,-0.1323998335544874
AT5G55020,-0.10772080362600603
AT5G55040,-0.2968459481816775
AT5G55050,0.48463851822787457
AT5G55045,
AT5G55055,-0.08884328042826027
AT5G55060,-0.13950686879596924
AT5G55070,0.08173195265817977
AT5G55080,-0.048636012949758424
AT5G55090,0.177635633855569
AT5G55100,-0.6593214889610065
AT5G55110,0.13665272598265368
AT5G55120,-0.5381810415583684
AT5G55125,-0.38099865249352194
AT5G55130,0.0874891591481526
AT5G55131,-0.5190061341755857
AT5G55132,-0.14425002944546642
AT5G55135,0.5246831907083849
AT5G55140,-0.25809467303879796
AT5G55150,0.21912940507583398
AT5G55160,0.1816417938620354
AT5G55170,-0.5181254705186044
AT5G55180,-0.7303747182392313
AT5G55190,-0.28354134657915003
AT5G55200,0.30395309342292387
AT5G55210,0.207460051359877
AT5G55220,0.21129979110511488
AT5G55230,-0.07320249783201796
AT5G55240,-0.18424251158783814
AT5G55250,0.37753851829556206
AT5G55260,-0.2664287483940555
AT5G55270,0.2485775061607813
AT5G55280,-0.25925468690492487
AT5G55290,0.19575968338090932
AT5G55300,0.1693783163793788
AT5G55310,-0.26363248657541893
AT5G55320,-0.05354554704822342
AT5G55330,-0.2031204658990218
AT5G55340,0.48312439854385614
AT5G55350,0.11139021665936591
AT5G55360,-0.2532889624881072
AT5G55370,-0.08867446380719086
AT5G55380,0.3498647299304507
AT5G55390,-0.3398514630967881
AT5G55400,-0.29355087138517244
AT5G55410,0.4024166297953157
AT5G55430,0.2440982083951273
AT5G55440,0.031698905927130275
AT5G55450,-0.5204028692239503
AT5G08275,
AT5G55460,0.028424874706978843
AT5G08285,
AT5G55470,0.04078703200091784
AT5G55480,-0.0806084827473145
AT5G55490,0.07044531375848968
AT5G55500,0.1999757906188204
AT5G55505,-0.09189292185029124
AT5G55507,-0.49799585528981666
AT5G55508,0.5029378849671039
AT5G55510,0.4068006091645735
AT5G55520,0.043137346845894375
AT5G55530,-0.4373170139387286
AT5G55540,-0.34509445951509965
AT5G55550,-0.18007280442423573
AT5G55560,-0.26885380633482403
AT5G55565,0.10957068766576025
AT5G55570,0.44212623037454457
AT5G55580,0.2386473253997881
AT5G55590,0.6112462615208195
AT5G55600,-0.39262336049052743
AT5G55610,0.3286366156243798
AT5G55620,-0.2490743801793606
AT5G55630,0.012201593755851376
AT5G55640,0.0069614491953866415
AT5G55650,0.10629530131062037
AT5G55660,-0.45137333910441235
AT5G55670,-0.0020613880377182065
AT5G55680,-0.34637066900950475
AT5G55690,-0.4173588462411687
AT5G55700,0.3166713876854188
AT5G55710,-0.2074638778240996
AT5G55720,-0.6670120773199393
AT5G55730,0.28968567206124224
AT5G55740,0.42573373435680056
AT5G55750,-0.27466101173932983
AT5G55760,0.2244831212275863
AT5G55770,0.045975033615362156
AT5G55780,-0.21362343049001672
AT5G55790,0.26453627446656364
AT5G55800,0.1633933395526652
AT5G55810,0.006307337357934814
AT5G55820,-0.02921200836927391
AT5G55830,-0.19119571941087896
AT5G55835,-0.0072921818022276055
AT5G55840,-0.36724804874350886
AT5G55850,-0.06444768230046168
AT5G55855,0.14445169078673628
AT5G55856,0.002541878836245864
AT5G55860,-0.03804800272041297
AT5G55870,0.6270989753567293
AT5G55880,
AT5G08375,0.24604687146863297
AT5G55890,
AT5G55893,0.1010945068049605
AT5G08385,-0.10104515367443642
AT5G08395,
AT5G55900,0.46144106713671595
AT5G55910,0.04874991716061917
AT5G55920,-0.3977644002777798
AT5G55930,-0.12169519985602327
AT5G08425,
AT5G55940,0.21617019967343507
AT5G55950,0.19059405406584995
AT5G55960,-0.16748398244393217
AT5G55970,-0.36753084078872944
AT5G55980,-0.07762117248933417
AT5G55990,-0.3241437075513489
AT5G56000,-0.21920180005089424
AT5G56010,0.11478633311259158
AT5G56020,0.23469912786842026
AT5G56030,0.03437129686451494
AT5G56040,-0.23819729971764517
AT5G56050,-0.5631601153178462
AT5G56060,-0.43853021271726356
AT5G56070,0.19546726021207583
AT5G56075,0.15167063530288702
AT5G56080,0.07747665825154465
AT5G56090,-0.50533026787939
AT5G56100,0.2758529974019561
AT5G56110,-0.1646183733036531
AT5G56120,-0.0425838876581221
AT5G56130,0.0077166182802472635
AT5G56140,0.08195480134698926
AT5G56150,0.2111639575803797
AT5G56160,0.14914982354085382
AT5G56170,0.2257165910325287
AT5G56180,-0.6112354557482519
AT5G56190,-0.2648448775527938
AT5G56200,0.15568666718642363
AT5G56210,0.20584445900118092
AT5G08435,-0.4335217820527059
AT5G56220,0.16977531998700865
AT5G08445,
AT5G56230,0.18353406530635957
AT5G56240,-0.15030456032489867
AT5G56250,0.13562781822924008
AT5G08455,0.26488668576735797
AT5G56260,-0.6437610805826283
AT5G56270,-0.00973963628885541
AT5G56280,-0.3168105439167976
AT5G56290,-0.2665785166752254
AT5G08465,-0.22350292786557657
AT5G08475,
AT5G56300,-0.3348055673314201
AT5G56310,-0.08216482110020183
AT5G56320,-0.49157150930030313
AT5G08485,0.3820255897387741
AT5G56325,0.058005290570506844
AT5G56330,0.3656620240524951
AT5G56340,-0.27577238609399973
AT5G56350,-0.1095320589649793
AT5G56360,-0.117834524853508
AT5G56365,
AT5G08495,0.02693482130133839
AT5G08515,-0.5006275730876237
AT5G08525,0.06853721374347796
AT5G56368,0.28252209313072846
AT5G56369,0.3174948871843841
AT5G56370,-0.6783380204151963
AT5G56380,0.1433264589541644
AT5G56390,0.11445739624892674
AT5G56400,0.566126564412151
AT5G56410,0.4632499164623921
AT5G56420,-0.1182529775828737
AT5G56430,0.20990774460063055
AT5G56440,-0.2503934146825117
AT5G56450,-0.4741952933350462
AT5G56452,-0.400255453317694
AT5G56460,-0.3594345892509323
AT5G56470,-0.0646513179546051
AT5G56480,-0.07431319317607427
AT5G56490,-0.4670752692225075
AT5G56500,-0.021993854722443903
AT5G56510,-0.634114467083875
AT5G08575,
AT5G56520,0.01689213929786888
AT5G08585,-0.15674739672828825
AT5G56530,-0.406111650074003
AT5G56540,-0.13673624175194196
AT5G56550,0.29386952715534687
AT5G08595,0.3225702855328381
AT5G56555,-0.014833406753783624
AT5G56560,-0.25498765281069063
AT5G56570,-0.3982853127249704
AT5G56580,-0.28247409329157047
AT5G56590,-0.13323670236586865
AT5G56600,0.18316105766564597
AT5G56610,0.7086710225150349
AT5G56620,-0.4684276714889658
AT5G08605,-0.29980826438700064
AT5G56630,0.060463691891472805
AT5G56640,0.24390666412793607
AT5G56650,-0.05043403741016669
AT5G56660,0.08812068779365101
AT5G08615,
AT5G56670,0.3169739854732418
AT5G56680,0.14290033030440255
AT5G56690,-0.11862605677509884
AT5G56700,0.42114752465559535
AT5G56710,0.1317418615925276
AT5G56720,0.1010726871476911
AT5G56730,-0.2932067082197369
AT5G56740,-0.021915558564608233
AT5G56745,
AT5G56750,-0.08800534269836617
AT5G56760,0.45076621360308783
AT5G56770,0.1578677890182049
AT5G56780,-0.1538736186831843
AT5G56790,-0.8206393052097427
AT5G56795,-0.2606366197390611
AT5G56800,0.46757097000517994
AT5G56810,0.06511327229738487
AT5G56820,-0.24286001516836614
AT5G56840,-0.2123546788861746
AT5G56850,-0.1778596015270753
AT5G56860,-0.2959536159595635
AT5G08645,
AT5G08635,-0.2617074809099254
AT5G08655,-0.13984396726032985
AT5G08665,0.36847350590202405
AT5G56870,-0.14627134845546322
AT5G56880,0.06496893225972736
AT5G56890,-0.1605597195071885
AT5G56900,-0.04530328371811499
AT5G56910,0.35197584059560466
AT5G56920,0.09244282536947958
AT5G56930,0.7547921403239185
AT5G56940,-0.16224444291087298
AT5G56950,-0.41616511021044433
AT5G56960,-0.012790148375813545
AT5G08675,0.10030971227447935
AT5G56970,0.09923597819100578
AT5G08685,0.16763936093774012
AT5G56975,-0.0028657469012734363
AT5G56980,-0.2631089239396781
AT5G56985,
AT5G56990,0.45103575642601634
AT5G57000,0.22549426425849906
AT5G57010,0.046876691721624945
AT5G57015,0.2240598554948665
AT5G57020,-0.14068995977474594
AT5G57030,0.47113941315710417
AT5G57035,0.2201081175211651
AT5G57040,0.10671790320203742
AT5G57050,-0.2315841999855702
AT5G57060,0.1329188086709265
AT5G57070,-0.015269403439355561
AT5G57080,-0.8303054041430167
AT5G57090,-0.6312271110340232
AT5G57100,-0.046583986835299775
AT5G57110,-0.5772060937898039
AT5G57120,-0.2468284641151609
AT5G57123,0.02826307167716807
AT5G08705,0.08683465254653265
AT5G57130,-0.08662357816164254
AT5G57140,0.24393772964377428
AT5G57150,0.03336033491909218
AT5G57160,-0.26772657721151305
AT5G57170,0.12055239841654224
AT5G57180,0.19300792170382966
AT5G57190,-0.10631163571440626
AT5G57200,-0.2773578384267789
AT5G57210,0.08554153993640264
AT5G57220,0.25687287092714595
AT5G57230,-0.08623767685908519
AT5G57240,-0.17625820705993486
AT5G57250,-0.6997049078091517
AT5G57260,-0.16552490588922672
AT5G57270,-0.011744296903869807
AT5G57280,0.2868488415236869
AT5G57290,0.12109017805692246
AT5G57300,-0.11678028582328809
AT5G57320,-0.4009379961692678
AT5G57330,0.06457632229918757
AT5G57340,-0.20465879657546776
AT5G57345,0.31649212780747615
AT5G57350,0.19375310109122248
AT5G57360,0.13680908218744375
AT5G57370,-0.056383894569175336
AT5G57380,-0.025062169938233
AT5G57390,-0.30068559705907455
AT5G57400,-0.396445182442435
AT5G57410,0.16636104715228564
AT5G57420,0.18434474419219943
AT5G57440,-0.5591784470175717
AT5G57450,0.49951915915388906
AT5G57460,0.05688235320993639
AT5G57480,-0.08658514745440708
AT5G57490,-0.2193607040620136
AT5G57500,0.01202085902160276
AT5G57510,-0.03305032273032696
AT5G57520,-0.21124957689075274
AT5G57530,0.013183239291420169
AT5G57535,0.2729864528096697
AT5G57540,-0.23984016386636003
AT5G57550,0.25116118238926466
AT5G57560,-0.41971788396753723
AT5G08715,0.15551540767267893
AT5G57565,-0.07281021879353189
AT5G57569,0.06976151330661265
AT5G57567,-0.37919974122434347
AT5G57570,0.2596407264872625
AT5G57580,0.32663007310271047
AT5G57590,-0.16129183981935508
AT5G57610,-0.2362213671941194
AT5G57620,0.07468656683292683
AT5G57625,-0.055704691248736796
AT5G57630,0.19949231532640857
AT5G08725,-0.2666469934234339
AT5G57640,0.13480661152243148
AT5G57650,0.6114076331023339
AT5G57655,0.16199786250160944
AT5G08735,0.04783204418989649
AT5G57660,-0.6090049968935264
AT5G08745,0.20143743033515638
AT5G08755,0.161064938297184
AT5G57670,0.13907399930796077
AT5G57685,-0.8473343197190798
AT5G08765,-0.49168188049547257
AT5G57690,0.13306944225004877
AT5G57700,-0.49948753936699986
AT5G57710,-0.5792818622219958
AT5G57720,0.285238383209249
AT5G57735,0.27918409057400717
AT5G57740,0.16138251277056465
AT5G57750,-0.07195591975011399
AT5G57760,-0.4527640641119505
AT5G57770,-0.5176100050455918
AT5G57780,-0.03822407743464258
AT5G08775,0.10930102076707922
AT5G57785,0.13871256491856843
AT5G57790,-0.06031195540513121
AT5G57800,-0.02851513483224584
AT5G57810,-0.4161020889314948
AT5G57815,0.3905176581339048
AT5G08785,0.12011325789796533
AT5G57820,0.3333902333575223
AT5G57830,-0.44768622429876387
AT5G08800,-0.3501152676387947
AT5G57840,-0.6641056095997302
AT5G57850,-0.02767991455868331
AT5G57860,0.39921427693412154
AT5G57870,0.27191921411220127
AT5G08805,
AT5G57880,0.001798934293169424
AT5G57885,
AT5G57887,0.18496279762413317
AT5G57890,-0.2690394095804755
AT5G08810,
AT5G57900,0.5287392425020355
AT5G57910,-0.03102338751484535
AT5G57920,-0.45044813797029665
AT5G57930,0.18676265632135758
AT5G57940,-0.31074481552606104
AT5G57950,-0.35546861685648656
AT5G57960,0.04134986301855543
AT5G57970,-0.11231951620245946
AT5G57980,0.4266284012885017
AT5G57990,-0.5717473526949037
AT5G08815,0.04050967489786297
AT5G58000,0.4329179949255757
AT5G58003,-0.6410680731555346
AT5G58005,-0.1844523367079487
AT5G58010,0.32354923927352064
AT5G58020,-0.05697547350916424
AT5G58030,0.0013251513206590409
AT5G58040,-0.08512488998990281
AT5G58050,0.12459061160133914
AT5G58060,0.3918153953375884
AT5G58070,0.007438006062778498
AT5G58080,0.0936284136345848
AT5G58090,0.21546489770926913
AT5G58100,-0.004896559187603933
AT5G58110,-0.1747559170071127
AT5G58120,-0.07108344986219434
AT5G58130,0.17298982086313547
AT5G08820,
AT5G58140,-0.0903763316380382
AT5G58150,
AT5G58160,-0.23432425100572218
AT5G58170,-0.13933090363744274
AT5G58180,-0.340354812595866
AT5G58190,0.16539644048134403
AT5G58200,0.5803566851582296
AT5G58210,0.46157087566903704
AT5G58220,-0.035474740127118216
AT5G58230,-0.07762698835473572
AT5G58240,-0.37931048610582146
AT5G58250,0.14496092718449158
AT5G58260,0.328109597364503
AT5G58270,-0.4771060818923696
AT5G58280,-0.13359818467224488
AT5G58290,0.29762525656143207
AT5G58300,-0.294316119938367
AT5G58310,0.37225089531814753
AT5G08825,
AT5G58320,-0.4913255619153055
AT5G08830,
AT5G58330,-0.12963462675329251
AT5G58340,0.1987162777356447
AT5G58350,-0.19548656434798756
AT5G58360,0.08422660341501471
AT5G58370,0.3578908956162594
AT5G58375,0.3930947998134148
AT5G58380,-0.1552044516257357
AT5G58390,-0.3615613995443469
AT5G58400,0.25210602557272443
AT5G58410,-0.8011136734019101
AT5G58412,0.2838973159793479
AT5G58420,-0.2759771830504228
AT5G58430,0.32464384570354043
AT5G58440,-0.3886833676779601
AT5G58450,-0.4828417874086069
AT5G58460,0.25315354247717864
AT5G58465,-0.10539555444021363
AT5G58470,0.17279689273205934
AT5G58480,0.4688853668434892
AT5G58490,-0.22968798835571064
AT5G58495,
AT5G58500,-0.38112399177187467
AT5G58510,-0.13142343881566157
AT5G58520,-0.3476323312566369
AT5G58530,-0.6180216902989414
AT5G08835,
AT5G58540,0.18964513083707685
AT5G58550,0.07009423700426388
AT5G58560,-0.1350013248777332
AT5G58570,0.06416342282980957
AT5G08840,0.3099862463514626
AT5G58575,0.28746470320701345
AT5G58580,-0.07822464010484505
AT5G08845,0.08483137631022787
AT5G58590,0.3054903994266315
AT5G58595,0.1505105398081233
AT5G08850,-0.32564383984047157
AT5G08855,0.23810690401182721
AT5G08860,
AT5G08865,
AT5G58600,-0.2084770477784447
AT5G58610,-0.19724287839105822
AT5G58620,-0.47073376539189693
AT5G08870,
AT5G58630,-0.028440961865411406
AT5G58640,-0.30053706763409355
AT5G08875,
AT5G58650,-0.018523511013987616
AT5G58660,-0.2795428591472382
AT5G58670,-0.41502731019791456
AT5G58680,0.21680580905376978
AT5G58690,-0.18548452924487677
AT5G58700,0.0932811932213869
AT5G58710,-0.17032415015747734
AT5G58720,0.3047724458654872
AT5G58730,0.1777358501277252
AT5G58740,-0.2931566007871516
AT5G58750,0.2251366078210633
AT5G58760,-0.6591009194025222
AT5G58770,0.3043092377176749
AT5G58780,-0.11010201767414997
AT5G58782,-0.1498323552164583
AT5G58784,-0.1301834475622065
AT5G58787,-0.13004594792811988
AT5G58790,0.06079560088977049
AT5G58800,-0.15631006975036754
AT5G58820,0.00036787863888907536
AT5G58830,0.14864652234967782
AT5G58840,0.14248966809003644
AT5G58850,0.47719762261824916
AT5G58860,0.11052702544360504
AT5G58870,-0.14768858885032182
AT5G58880,0.020727976738839405
AT5G58890,-0.27781801929012956
AT5G58900,0.42051228884273884
AT5G58910,-0.2121789686148565
AT5G58920,-0.08656478479323576
AT5G58930,-0.2729153014000638
AT5G58940,-0.30337385285140955
AT5G58950,-0.623950360758244
AT5G58960,-0.22154602761571346
AT5G08880,
AT5G58970,0.6388491649337112
AT5G08885,
AT5G58980,0.24984000461059064
AT5G58990,-0.4246964933448464
AT5G59000,-0.2862978787570349
AT5G59010,-0.3267607760206254
AT5G08890,0.1976708860668798
AT5G59020,0.11054312544119943
AT5G59030,0.12881403960603596
AT5G59040,0.32802549315149665
AT5G59050,0.1897353397541015
AT5G59055,0.11354405883109728
AT5G59060,-0.05060608063778965
AT5G59080,-0.15861750646618267
AT5G59070,
AT5G59090,-0.2560617430092785
AT5G59100,0.17832098844742633
AT5G59105,0.005801473216959489
AT5G59110,-0.0862917976689322
AT5G59120,0.11204016658940866
AT5G59130,-0.05641571092532474
AT5G59140,-0.38021469647115125
AT5G59150,0.10453173135464337
AT5G59160,-0.10438805726093879
AT5G59170,0.05854417211463368
AT5G59180,-0.05135187054929127
AT5G59190,0.2147131696753506
AT5G59200,-0.7191338775574624
AT5G59210,0.35654169274048897
AT5G59220,-0.3088391041948174
AT5G08895,-0.13377200387187782
AT5G59230,0.11032219218401541
AT5G59240,-0.03339220679104977
AT5G59250,-0.20427980845126453
AT5G59260,-0.1084105723785885
AT5G08900,
AT5G08905,0.17743320832400783
AT5G59270,0.31149421629275237
AT5G59280,-0.3066461314402122
AT5G59290,-0.26622420934289204
AT5G59300,0.48251017772223326
AT5G59305,0.08056188162896695
AT5G59310,-0.17759681292927224
AT5G59320,-0.2495126311929055
AT5G59330,-0.31183478341603066
AT5G59340,-0.40966253609012265
AT5G08910,0.16032491092210452
AT5G59350,0.4372800326300652
AT5G08915,-0.462562792453967
AT5G59360,-0.1288860161108457
AT5G59370,-0.23078571947744064
AT5G59380,-0.26450613594112
AT5G59385,
AT5G59390,0.4228654883531046
AT5G59395,0.1718869954856772
AT5G59400,-0.08367143353423645
AT5G59410,0.041482746078460545
AT5G59420,-0.34650002480707864
AT5G59430,-0.456444812555376
AT5G59440,0.03696401395838858
AT5G59450,0.1590269892361508
AT5G08920,
AT5G59460,0.053773301137357433
AT5G59470,0.1305184123132973
AT5G59480,0.10634505104555157
AT5G59490,-0.33295257441732024
AT5G59500,-0.31699873778625465
AT5G59505,0.06743356798234021
AT5G59510,0.5087195737421888
AT5G59520,-0.20518355934573954
AT5G59530,-0.22015910141079834
AT5G59540,0.41174619851559063
AT5G59550,0.2032671969310237
AT5G59560,0.31926028615699226
AT5G08925,-0.3714232685264075
AT5G59570,0.06222301133899276
AT5G59580,
AT5G59590,-0.10853115019996942
AT5G59610,-0.30513587540695997
AT5G59600,
AT5G59613,0.44235354815984723
AT5G59616,-0.13587287145939328
AT5G59650,-0.1628191662249521
AT5G59660,-0.10909651851744043
AT5G59662,0.23704193971353935
AT5G59670,-0.29352242436140386
AT5G59680,0.19750626804786206
AT5G59690,0.07626836635938053
AT5G59700,-0.34591583143189425
AT5G59710,-0.15365696534523715
AT5G59720,-0.3186739249113492
AT5G59730,0.016553698391473838
AT5G59732,-0.3087948279055827
AT5G59740,0.21366154158352874
AT5G59750,0.3074736522983844
AT5G59760,0.23241468007638397
AT5G59770,0.12960787115190006
AT5G59780,0.13007327441047717
AT5G08930,0.17502592419027524
AT5G59790,-0.04918119639459709
AT5G59800,-0.1905921341484521
AT5G59810,0.030189158581950978
AT5G59820,-0.025770059961174856
AT5G59830,-0.19623486626887857
AT5G59840,0.16150333235220823
AT5G08935,0.1138220147316035
AT5G59845,-0.5117699273619288
AT5G59850,0.604050179192437
AT5G59860,0.25530497385871226
AT5G59865,0.2181181113779688
AT5G59870,0.3813146587329272
AT5G08940,-0.08893586963218282
AT5G59880,0.20062581577715508
AT5G59890,-0.17092240489718186
AT5G59895,
AT5G59900,0.47428468791774864
AT5G59910,0.08199972400005778
AT5G59920,-0.21528898641475777
AT5G08945,0.12278854382366818
AT5G59930,0.5265423964535877
AT5G59940,-0.5113385707675978
AT5G59950,0.3298197095442867
AT5G59945,
AT5G59960,0.5274667986350605
AT5G59970,0.07900981048436123
AT5G59980,-0.5177923979889837
AT5G59990,-0.2667674107572204
AT5G60000,-0.2700217411412719
AT5G60010,-0.2655907326405307
AT5G60022,-0.03388335258538851
AT5G60020,-0.05680447519763036
AT5G60030,0.22989110313489108
AT5G60040,-0.14412789441690035
AT5G60050,0.4706326443138425
AT5G08950,
AT5G60060,-0.392141910118433
AT5G60070,0.24514297681909245
AT5G60080,0.10965494001289275
AT5G60090,0.4248770271181383
AT5G60100,-0.2984572641056287
AT5G60110,0.04207553647415217
AT5G60120,-0.33451817997173533
AT5G60130,0.04438048033882153
AT5G60140,0.4356822274674494
AT5G60142,-0.45685213301677463
AT5G60150,-0.23994956262988942
AT5G60160,0.06871963271281506
AT5G60170,0.3441725087232252
AT5G60180,0.21841813954611675
AT5G60190,-0.048794743181454804
AT5G60200,0.12872364454289426
AT5G60210,-0.7632195110837828
AT5G60215,0.10500288662374685
AT5G60220,-0.0941343922102184
AT5G60230,-0.26419583434261823
AT5G60240,-0.15620022611941756
AT5G60250,-0.4747598621834608
AT5G60260,-0.13600173572084762
AT5G60265,0.47494682513346625
AT5G60270,0.326986263411203
AT5G60280,0.08323536592275353
AT5G60285,0.32939826342243406
AT5G60290,0.0808582533795872
AT5G60300,-0.28488230813713905
AT5G60310,-0.02252369942293169
AT5G60320,0.04527618257444264
AT5G60335,0.15773081069540595
AT5G60340,0.3286872229184887
AT5G60350,0.361854351319288
AT5G60360,0.019531159306853615
AT5G60370,0.330097861796045
AT5G60380,0.13363323765328936
AT5G60390,0.0996553446049562
AT5G60400,-0.26420182058923747
AT5G60408,-0.08236177121365375
AT5G60410,-0.027717762315405996
AT5G60430,0.11806057861687957
AT5G60440,-0.08104713933991545
AT5G60450,-0.323557372640349
AT5G60460,-0.584437226855421
AT5G60470,-0.3238730131062375
AT5G60480,0.1626401288252651
AT5G60490,0.0891557872668271
AT5G60500,0.33940566219557805
AT5G60510,0.2902433127434661
AT5G60520,-0.037679864405509376
AT5G60530,0.16303744034991247
AT5G60540,-0.113234004661246
AT5G60550,-0.18954863794354196
AT5G60553,-0.7719263480292384
AT5G60560,-0.29842204869349337
AT5G08955,
AT5G60570,-0.13727690887781374
AT5G60580,-0.382537748070644
AT5G60590,0.5669525011806266
AT5G60600,0.18555782114185565
AT5G60610,0.363432352050223
AT5G60615,0.056383231789060975
AT5G60620,-0.05164545855813302
AT5G60630,0.255996864848298
AT5G08960,
AT5G60640,-0.3995907538803646
AT5G60650,-0.23524593207485936
AT5G60660,0.0651528637454355
AT5G08965,-0.029154648197562597
AT5G60670,0.4576988188103135
AT5G60680,0.2945965368323795
AT5G60690,0.004133709470869385
AT5G60700,-0.2777882700581601
AT5G60710,-0.32104806816701015
AT5G08970,0.07787724149250319
AT5G60720,-0.0712577367283242
AT5G60730,0.2230937277882975
AT5G60740,0.12424333382021813
AT5G60750,0.11750174416642627
AT5G60760,0.39674156083410494
AT5G60770,0.4323001754210153
AT5G60780,-0.31121902022549075
AT5G60790,0.5896557368119231
AT5G60800,0.11798303493356142
AT5G60805,0.1399820734209784
AT5G60810,0.1620269169503683
AT5G60820,-0.023089838002128674
AT5G60830,-0.1456340327597847
AT5G60840,-0.21262031799500794
AT5G60850,0.6729797959784525
AT5G08975,0.2060035767215224
AT5G60860,-0.3032669308940142
AT5G08980,
AT5G60870,-0.08582703119787977
AT5G60880,0.22276983433168762
AT5G60890,-0.24234979415844332
AT5G60900,-0.040194626443401736
AT5G60910,-0.05570301258498124
AT5G60920,-0.22798118137739412
AT5G60930,-0.07811870379183637
AT5G60940,0.486223307365081
AT5G60945,-0.05974609547674345
AT5G60950,-0.027735014351775705
AT5G60960,0.548565796385966
AT5G60963,-0.0747404315934929
AT5G60964,0.3654567014416786
AT5G60966,0.12122733874777938
AT5G60970,-0.13585216654958013
AT5G08985,0.24626133501300404
AT5G60980,0.15174779736400398
AT5G60990,-0.5945377090689284
AT5G61000,-0.020998324969737334
AT5G61010,-0.20548170525977316
AT5G61020,0.30464163446847536
AT5G61030,0.5547693198997521
AT5G61040,0.12650036588604305
AT5G61050,0.037248186901383644
AT5G61060,-0.4847555295209444
AT5G61070,-0.6199434347532365
AT5G61090,-0.2598770843338151
AT5G61100,-0.37231802067730885
AT5G61110,0.11315436027737812
AT5G61120,-0.07528097065814351
AT5G61130,0.37791390374695927
AT5G61140,-0.1736493434054985
AT5G61150,-0.07999773047743926
AT5G61160,-0.2749652110655953
AT5G61170,0.11481865094513823
AT5G61180,-0.3647266373937671
AT5G61190,0.26189361319579374
AT5G61200,0.05731498172917106
AT5G61210,0.06726105320048739
AT5G08990,
AT5G61220,0.24659321389635724
AT5G61230,0.002036509682343123
AT5G61240,-0.004559143987339297
AT5G61250,0.34653061375001154
AT5G61260,-0.44100242423151254
AT5G61270,-0.4649247287666358
AT5G61280,-0.14851664789054758
AT5G61290,-0.2591407817969312
AT5G61300,-0.29654041919275365
AT5G61310,-0.3224697540538322
AT5G61320,0.26518235274714114
AT5G61330,-0.14445301885284653
AT5G61340,0.514169829178815
AT5G61345,0.11165886921083717
AT5G61350,0.4476268120102717
AT5G61360,0.22112522987584385
AT5G61370,0.22248756747235154
AT5G61380,-0.45986087787082264
AT5G61390,-0.4820343044182882
AT5G61400,-0.05898463243546553
AT5G61410,-0.2108528037864386
AT5G61412,0.2520788608528001
AT5G61420,-0.5592652587768081
AT5G08995,-0.08484922473358233
AT5G61430,-0.1982189677151225
AT5G61440,-0.1618898614299904
AT5G09000,
AT5G09005,
AT5G61445,
AT5G61450,-0.33719642858401966
AT5G61455,0.08629073184307406
AT5G61460,0.2696692066449618
AT5G61470,0.018940349972451975
AT5G61480,-0.6426179191931033
AT5G09010,-0.008958692777786369
AT5G61490,-0.013168314396870981
AT5G61495,
AT5G61500,-0.1318018627835227
AT5G61510,-0.1741128349480061
AT5G61520,0.2129760754663539
AT5G61530,-0.018251427526006964
AT5G61540,-0.2907965911216505
AT5G09015,0.1465653088797279
AT5G61550,0.07035950039008973
AT5G61560,0.046435413173861385
AT5G61570,-0.4385815840900553
AT5G61580,-0.17981111232907704
AT5G61590,-0.23926622075630974
AT5G61600,0.02038295939881115
AT5G61605,-0.17415856335793772
AT5G61610,0.10937053630370845
AT5G61620,0.4525774307695304
AT5G61630,-0.6692177066238979
AT5G61640,-0.11877334814880035
AT5G61650,0.6728751077562848
AT5G61660,
AT5G09020,0.1881036531778385
AT5G61670,0.16900733935533166
AT5G61680,0.15802587386840924
AT5G61690,0.4693460088782875
AT5G61700,0.14330045503810557
AT5G61710,0.33098594266932924
AT5G09025,-0.032650397532810516
AT5G61720,0.5894203064942164
AT5G61730,-0.04823428025541937
AT5G61740,0.5628228687994756
AT5G61750,-0.23969502199335926
AT5G61760,-0.14103687858736497
AT5G61770,-0.44027585622598975
AT5G61780,-0.3290901355068416
AT5G61790,-0.26241067912442156
AT5G61800,-0.04627694853944699
AT5G61810,0.26741052553895034
AT5G61820,0.1401181532912092
AT5G61830,-0.34590722484208186
AT5G61835,0.0403995816474926
AT5G61840,-0.5782175191963267
AT5G61850,-0.4035943812768062
AT5G61865,0.07373435750263141
AT5G61880,0.2155114478006493
AT5G61890,0.08050785201759199
AT5G61910,-0.24788737709976735
AT5G61900,
AT5G61920,0.15241879742715092
AT5G61930,-0.29815298941006707
AT5G61940,-0.4410735338428869
AT5G61950,-0.3485596558452874
AT5G61960,0.21322881304027072
AT5G61970,-0.4494401332279454
AT5G61980,0.21348822455081118
AT5G61990,0.5275835027828943
AT5G09030,
AT5G09035,-0.08697610644251774
AT5G61997,0.16346672722409444
AT5G09040,-0.39614227350406656
AT5G09045,0.2673153440895999
AT5G62000,-0.4386711613714646
AT5G62020,0.15456193355847672
AT5G62030,-0.13046410385318005
AT5G62040,-0.40294914476409316
AT5G62050,0.09916908855839766
AT5G62060,-0.0909768098238637
AT5G62065,-0.284723131412032
AT5G62070,-0.10976336368304729
AT5G62080,-0.423040872705596
AT5G62090,-0.013462544942700631
AT5G62100,0.1051257399351313
AT5G62110,0.2981263940328949
AT5G62120,0.23092226897754062
AT5G62130,0.2599833816464797
AT5G62140,-0.020987014988242098
AT5G62150,0.1718572257294256
AT5G62160,0.13484999912410037
AT5G62162,-0.04085439310677636
AT5G62165,-0.4629413186271738
AT5G62170,-0.11469558505810751
AT5G62180,-0.2411205440985178
AT5G62190,-0.09748183467987748
AT5G62200,0.20508265306539356
AT5G62210,-0.04799595128384957
AT5G62220,0.12111211320334772
AT5G09050,0.2430671348108125
AT5G62230,0.6566714983579767
AT5G62240,0.019890284853949943
AT5G62250,0.10103194197470243
AT5G62260,-0.23513455908050865
AT5G62270,-0.23908053809600827
AT5G62280,0.0927253265324153
AT5G62290,0.3610485275638417
AT5G62300,0.021565447171001437
AT5G62310,-0.021788959202492762
AT5G62320,0.04785721125057739
AT5G62330,0.34955437539228584
AT5G62340,-0.5189182317597226
AT5G09055,0.16349302690426606
AT5G62350,-0.3508563823017448
AT5G62360,0.089170816303172
AT5G62370,-0.15952500483278304
AT5G09060,-0.14489219112666601
AT5G62380,-0.19630564559288724
AT5G62390,-0.4091501547964668
AT5G62400,0.2176077438355633
AT5G62410,-0.5690364688530279
AT5G62420,-0.06696786956156803
AT5G09065,0.16290981881741975
AT5G09070,
AT5G62430,0.15531362401116672
AT5G62440,0.1695782807312224
AT5G62460,0.12893905956927126
AT5G62470,0.049517117639443706
AT5G09080,0.13337436147905668
AT5G62480,-0.0923885671148311
AT5G62490,-0.15463502886334574
AT5G62500,-0.012833089283902786
AT5G62510,0.15503180697532148
AT5G62520,-0.11550526056494172
AT5G62530,-0.2598540075432997
AT5G62540,0.10327175453370444
AT5G62550,-0.13884314410598944
AT5G62560,0.07371083164559716
AT5G62570,0.029603123808961462
AT5G62573,
AT5G62575,0.22626558804550884
AT5G62580,-0.28924116839704495
AT5G62600,-0.1134294236632599
AT5G62610,0.40157918514601626
AT5G62620,0.00620559954608417
AT5G62623,0.36705097959841637
AT5G62627,0.32280169542833
AT5G62630,-0.5235204668435518
AT5G62640,-0.005057255807821947
AT5G62650,0.06162699997975639
AT5G62660,-0.18359354008876375
AT5G09085,0.5024155686193776
AT5G62670,0.21504811477879027
AT5G62680,-0.6022721692608102
AT5G62690,0.20122370735551576
AT5G62700,0.1995689039636245
AT5G62710,-0.02058486244661339
AT5G62720,0.17798507061631935
AT5G62730,0.7354433061759157
AT5G62740,-0.29981142156905927
AT5G62750,0.1973119333499934
AT5G62760,0.41991585089098477
AT5G62770,0.1891443022800526
AT5G62780,-0.291489057060016
AT5G62790,0.16365505746931486
AT5G62800,-0.35117487224768984
AT5G62810,-0.1293014639937036
AT5G62820,-0.2285419898760853
AT5G62830,0.3444313347916102
AT5G62840,0.2166206018522679
AT5G62850,-0.1020555976275179
AT5G62848,
AT5G62860,0.07132902963528402
AT5G62865,0.3384633791958
AT5G62880,-0.22362380784125832
AT5G09090,0.12766651801054263
AT5G62890,0.3259396360367116
AT5G62900,0.5448480593490579
AT5G62910,0.4965474084742631
AT5G62920,-0.12574589511921633
AT5G62930,0.10703477149337313
AT5G62940,0.031227020003418156
AT5G62950,0.354800275567743
AT5G09095,-0.09243046014922052
AT5G62960,0.22628522530558448
AT5G62970,0.13634283649341264
AT5G09100,0.08847609168533768
AT5G09105,0.13132863609977147
AT5G09110,
AT5G62980,-0.39952806700007965
AT5G62990,-0.2633602644474078
AT5G62998,
AT5G63000,-0.4542763602747805
AT5G63010,0.21419576868342596
AT5G63020,-0.1680027208652482
AT5G09120,
AT5G63030,-0.5272490752490223
AT5G63040,-0.14008502495935374
AT5G09125,-0.10825874535810227
AT5G09130,
AT5G63050,-0.26616451364683213
AT5G09135,
AT5G63060,-0.03168934614868671
AT5G09140,-0.2336326168403263
AT5G63063,0.005408614147158875
AT5G63070,-0.08187329364635576
AT5G63080,0.16463030068239523
AT5G63085,0.025649412969438172
AT5G09145,0.20309064598779875
AT5G63087,0.17314856360536957
AT5G63090,0.06252839198117617
AT5G63100,0.1565015863905572
AT5G63110,-0.06499528021587844
AT5G63120,-0.3858560887937245
AT5G63130,0.26757276144780323
AT5G63135,-0.3681956928561401
AT5G63140,0.00115803735927421
AT5G63145,-0.23647236689403142
AT5G63150,0.07484419469518294
AT5G63160,-0.14025093237337607
AT5G63170,-0.8080476092718808
AT5G63180,0.29937122469761507
AT5G63190,-0.19600286922053295
AT5G63195,
AT5G63200,-0.5184031561119273
AT5G63220,0.4988330980251196
AT5G63225,-0.011634836080458207
AT5G63230,0.4547149249590027
AT5G63240,0.08714604863961818
AT5G63250,0.3229797315449973
AT5G63260,0.313536248586893
AT5G63270,-0.04783995101306615
AT5G63280,0.3222610246766465
AT5G63290,0.34679342977546057
AT5G09150,
AT5G63300,-0.07092335989307919
AT5G63310,0.2909934301693863
AT5G63320,-0.19109974928330917
AT5G09155,
AT5G63340,0.1516405842414709
AT5G63350,-0.07587244849550105
AT5G63370,-0.27906134574637437
AT5G63375,
AT5G63380,-0.4093051965056769
AT5G63390,0.44683199609290225
AT5G63400,0.3707619521242977
AT5G63410,0.31676544188155353
AT5G63420,0.23440438785550408
AT5G63440,0.051043595952374156
AT5G63450,-0.4820140492402172
AT5G63460,-0.485915923289273
AT5G63470,-0.36335013343968575
AT5G63480,-0.41718228433040844
AT5G63490,0.17990476682576612
AT5G09160,
AT5G09165,0.08801657815455875
AT5G63500,0.044061519475627114
AT5G63510,0.31268076207676126
AT5G63520,0.09626022758741586
AT5G63530,-0.10113572790528166
AT5G09170,-0.32449537701116943
AT5G63540,-0.2581622003640871
AT5G63550,0.3054296789440604
AT5G63560,-0.08245632514419891
AT5G63570,0.14432270488839738
AT5G63580,-0.5495260358540285
AT5G63590,-0.3972931143216934
AT5G63595,-0.32177406272981623
AT5G63600,-0.3304043814176021
AT5G63610,-0.11372866798622759
AT5G63620,-0.09061969489235584
AT5G63625,-0.4701180035175392
AT5G63630,-0.053163941609758625
AT5G63640,-0.6252502836540087
AT5G63650,0.09117547821277097
AT5G63660,0.11133876796715332
AT5G63670,0.3523910650086295
AT5G63680,-0.20128233878413967
AT5G63690,0.1629819433568335
AT5G63700,-0.10910292329210941
AT5G63710,0.04963946867558442
AT5G63715,0.02992956160071209
AT5G63720,-0.04034149667142008
AT5G63730,0.1575558317434528
AT5G63740,0.10959275655971963
AT5G63750,-0.2854820499771267
AT5G63760,0.3855922287540135
AT5G63770,0.34771272709752843
AT5G63780,-0.09461568069001303
AT5G63790,0.17700620318654187
AT5G63800,0.3027914051629319
AT5G63810,0.2095935217652955
AT5G63820,0.14776904697489848
AT5G63830,0.34861866322031193
AT5G63840,0.11942379853961804
AT5G63850,0.2971726030072226
AT5G63860,0.22049125047075693
AT5G63870,-0.3125167538345603
AT5G63880,-0.22470866519340685
AT5G63890,-0.11053568681563132
AT5G63900,0.09499476229143651
AT5G63905,0.2994322930675955
AT5G63910,0.15420751040684666
AT5G63920,-0.5395151150875265
AT5G63930,-0.27309772382782455
AT5G63940,0.2860968163865409
AT5G63950,-0.33480980324817905
AT5G63960,-0.33154247270625725
AT5G63970,-0.19417986825710173
AT5G63980,-0.7827552178076674
AT5G63990,0.6181672909444234
AT5G09175,0.1156493952071661
AT5G64000,
AT5G64010,-0.10831266737157343
AT5G64020,0.40418895602042376
AT5G64030,0.06282206416531189
AT5G64040,0.3687996909485672
AT5G64050,0.3231787707445294
AT5G64060,-0.2622007155799778
AT5G64070,0.004987039925161873
AT5G64080,-0.4260127168698515
AT5G64090,-0.18057384457898956
AT5G64100,0.3768520809117778
AT5G64110,-0.26715627835365474
AT5G64120,0.08007144741579725
AT5G64130,0.2572939866334108
AT5G64140,-0.294878044520604
AT5G64150,-0.2784855707583026
AT5G09185,
AT5G64160,-0.5085470865151162
AT5G64170,-0.3611514164394077
AT5G64180,-0.1926320934694711
AT5G64190,-0.5514160892760526
AT5G64200,0.059181329881777475
AT5G64210,0.1326856681723008
AT5G64220,0.20406957972743328
AT5G64230,0.3995448847838319
AT5G64240,-0.4026811528822325
AT5G64250,0.5348245213223417
AT5G64260,0.12332906728372386
AT5G64270,-0.0763381880766378
AT5G64280,0.22081318615249823
AT5G64290,0.04375155691190846
AT5G64300,-0.16649719293973742
AT5G64310,0.10636259566817884
AT5G64320,0.10137635295557829
AT5G64330,-0.283127529993881
AT5G64340,-0.2007541979578255
AT5G64350,0.4085956776961129
AT5G64360,0.8148512913953962
AT5G64370,0.2243754489855373
AT5G64380,0.7009140078757695
AT5G64390,-0.41133986457946803
AT5G64400,0.6645900236102577
AT5G64395,
AT5G64401,
AT5G64410,-0.20621449792683197
AT5G64420,-0.020607006867303056
AT5G64430,-0.4299352183750384
AT5G64440,0.4634876603429601
AT5G09190,-0.1173501034868566
AT5G64450,-0.05682263622299558
AT5G64460,-0.10364777031683158
AT5G64470,0.10915676958763551
AT5G64480,0.11788413499071884
AT5G64490,-0.09727319023923547
AT5G64500,0.044547664295767266
AT5G64505,-0.043942275577741226
AT5G64510,0.10199670504319719
AT5G09195,-0.316077895670144
AT5G64520,0.013265531543795102
AT5G09200,-0.023949215784080352
AT5G09205,
AT5G64530,0.17097548881034907
AT5G64540,0.29035862731455825
AT5G64550,-0.012434629519771803
AT5G64560,0.4093617492048549
AT5G64570,0.06626989901185117
AT5G64572,
AT5G64580,-0.3172178734150366
AT5G64590,0.4336700109326346
AT5G64600,-0.45242521967123434
AT5G64610,0.36014325578411316
AT5G64620,-0.23812181699678608
AT5G64630,0.07674789954395153
AT5G64640,-0.0950192437637444
AT5G64650,0.4829754844785229
AT5G64660,0.5061030784926852
AT5G64667,-0.21775766861485743
AT5G64670,-0.86979244209289
AT5G64680,-0.6604401494196993
AT5G09215,0.4048624591772665
AT5G09235,
AT5G64687,-0.6249383216682857
AT5G64690,-0.04485653863779658
AT5G64700,0.020079562978704765
AT5G09245,0.31848559173476104
AT5G64710,-0.34962356839234443
AT5G64720,-0.3200651615962705
AT5G64730,0.09552024208253665
AT5G64735,
AT5G64740,-0.5922059943982197
AT5G09255,-0.1529175588522918
AT5G64750,0.39426874663715233
AT5G64760,0.48024321853010205
AT5G64770,-0.22534253183521286
AT5G64780,-0.2712379960050198
AT5G64790,0.5686013789031364
AT5G64800,-0.15440873067916383
AT5G09265,0.1180364805874251
AT5G64810,0.27531680458651286
AT5G64813,-0.12453341855717254
AT5G64816,-0.0028562009893411114
AT5G09275,
AT5G64820,0.19750443843760968
AT5G64830,0.015375143851144205
AT5G64840,0.20296309979983412
AT5G64850,-0.1455214054796096
AT5G64855,-0.39605551173601766
AT5G64860,-0.2753575450179432
AT5G64870,0.29806005663215956
AT5G64880,0.07049116315266932
AT5G64890,0.2628858834514411
AT5G64900,-0.20946831026594556
AT5G64905,0.2511308219370998
AT5G64910,0.4563237687083621
AT5G64920,-0.5593638317168859
AT5G09285,
AT5G64930,-0.29672022810942805
AT5G64940,0.3753161865975959
AT5G64950,-0.11800833796864134
AT5G64960,-0.3764898184662738
AT5G64970,0.09502469647385758
AT5G64980,-0.6004841053503798
AT5G64990,-0.06939430895327653
AT5G65000,-0.17266570673034323
AT5G65005,0.09897733562310905
AT5G65010,-0.6598083463675865
AT5G65015,0.10480415812634497
AT5G65020,0.1182163136443389
AT5G65030,0.11552122051716571
AT5G65040,-0.54491592750238
AT5G09295,0.1663817728632947
AT5G65050,-0.03910889410112569
AT5G65060,0.5376573890260378
AT5G65070,-0.241231574867135
AT5G65080,-0.23034431560488813
AT5G65090,0.21995034365268787
AT5G65100,0.04035757014039384
AT5G65110,-0.002739887777582823
AT5G65120,-0.21615436401402474
AT5G65130,0.06910728551458314
AT5G65140,0.16314189805572812
AT5G65158,0.15375549460050825
AT5G65160,0.15161365080311698
AT5G65165,-0.14238450331000432
AT5G65170,0.18051894656000372
AT5G65180,0.25151055371103787
AT5G65200,0.09614121890875939
AT5G65205,-0.01234422648326944
AT5G65207,0.2582948760039333
AT5G09305,0.20746877205855951
AT5G65210,-0.09549873631579668
AT5G65220,-0.14842287102284565
AT5G65225,-0.0015945909168614699
AT5G09325,
AT5G65230,-0.09179613727459528
AT5G65240,-0.21838183356168592
AT5G65250,-0.24006830952931638
AT5G65260,-0.4322432253329891
AT5G65270,-0.29429870880991843
AT5G65274,0.043836750958279096
AT5G65280,0.37243734930145883
AT5G65290,-0.413539309702436
AT5G65300,-0.4571538785050018
AT5G65305,0.0953308876949729
AT5G65310,-0.14265051772195378
AT5G65320,-0.4194027639746786
AT5G65330,-0.009795896694944588
AT5G09335,0.2387368148528562
AT5G65340,0.3406689132783137
AT5G65350,-0.3100034391756562
AT5G65360,0.1979522394786558
AT5G65370,0.3946737263339533
AT5G65380,0.3662664180642411
AT5G65390,0.08738319879590561
AT5G65400,-0.044490346658552594
AT5G65410,0.1457091207171965
AT5G09365,0.16317077497728943
AT5G09375,0.15386061848569316
AT5G65420,0.051965483183362644
AT5G65430,0.5136283999305472
AT5G65440,0.7694933648699956
AT5G65445,0.08529630039330816
AT5G65450,-0.5393354762443395
AT5G65460,-0.33303978670798245
AT5G65470,-0.11303652144217392
AT5G65480,0.11952678922122364
AT5G09385,
AT5G65490,0.6494748592928354
AT5G65495,-0.006343203222627641
AT5G65500,0.1733217039408561
AT5G65510,0.09702989673057105
AT5G65520,0.4312551501256092
AT5G65530,-0.4746794108624156
AT5G65535,0.06566939725273142
AT5G65540,0.042524076039488684
AT5G09395,
AT5G65550,
AT5G65560,-0.056929603586780175
AT5G65570,0.172727852073285
AT5G65575,-0.16890233540571303
AT5G65580,
AT5G65590,-0.1412792592873253
AT5G65600,0.056957829148558715
AT5G65609,0.07325567761274372
AT5G65610,-0.040406210469092554
AT5G65613,
AT5G65615,
AT5G65620,0.2045740507518267
AT5G65630,0.17532269582589402
AT5G09405,
AT5G65640,0.1444892637446089
AT5G65650,0.20859841096048778
AT5G65660,-0.5704243464249121
AT5G09415,-0.2693129396441571
AT5G09425,-0.3536764305274461
AT5G65670,-0.5822997236693648
AT5G65683,-0.34364041467650397
AT5G65690,-0.17080006891028923
AT5G65687,0.3119098048537598
AT5G65685,-0.34760221147734943
AT5G09435,0.049104461557858095
AT5G65700,-0.3743456996234388
AT5G09455,-0.15089534435037025
AT5G09465,-0.1249359088768985
AT5G09475,-0.10113797328128131
AT5G65710,-0.036443311588887736
AT5G65720,0.580277722131696
AT5G65730,-0.2474304838252628
AT5G65740,0.1331493150187542
AT5G65750,-0.39989499442990095
AT5G65760,-0.22115738889723421
AT5G65770,
AT5G65780,0.1839628426208268
AT5G65790,-0.1998321358945293
AT5G65800,-0.43928614568363067
AT5G65810,0.45053885105368163
AT5G65820,0.09986567730111694
AT5G65830,-0.005413662965429739
AT5G65840,0.154585219703139
AT5G65850,-0.2836771396718948
AT5G65860,0.2060265561522938
AT5G09495,
AT5G09505,0.06458481876394236
AT5G09515,
AT5G65870,0.051327409426678065
AT5G65880,0.2946673184267424
AT5G65890,-0.539870093350645
AT5G65900,0.2864477983405046
AT5G65910,-0.3049296268271616
AT5G65920,0.1511778199189421
AT5G65925,0.02175681092844523
AT5G65930,0.4059358214285859
AT5G65940,0.13226000011078912
AT5G65950,0.45467056243868575
AT5G65960,-0.32641945873921313
AT5G09535,
AT5G65970,-0.3292512562159021
AT5G09545,0.4279213874399585
AT5G09555,0.23212103042581256
AT5G65980,0.5096695504423305
AT5G65990,0.1306617486214831
AT5G66000,0.18485822618780695
AT5G66005,-0.3497691342269166
AT5G66010,-0.15468253224048453
AT5G66020,0.19627739884516718
AT5G66030,-0.17777995781497097
AT5G66040,-0.33157312052205656
AT5G66045,0.03970345767809007
AT5G66050,0.4177160778872989
AT5G66052,0.04347303028049049
AT5G09565,
AT5G66053,
AT5G66055,0.4034817744312629
AT5G66060,-0.015662476329897992
AT5G66070,0.33247558431750956
AT5G66080,0.22639652440074076
AT5G66090,0.22900576911160705
AT5G66100,0.35427583002068236
AT5G66110,-0.08652686929772199
AT5G66120,0.060285627227319345
AT5G66130,0.48579328685564277
AT5G66140,0.42247186580284535
AT5G66150,0.3088230790290003
AT5G66160,0.16669569905712622
AT5G66170,0.05684652556299246
AT5G66180,-0.017094445775861666
AT5G66190,0.3062986254714105
AT5G66200,-0.18435109285857815
AT5G66210,-0.1824716571832316
AT5G66230,0.4083349280413901
AT5G66220,
AT5G66240,0.06587767037056479
AT5G66250,0.6855960940649615
AT5G66260,-0.04172918517350122
AT5G66270,0.12935633652199569
AT5G09595,-0.10804267907493831
AT5G66280,
AT5G66290,0.0190367512007309
AT5G66300,-0.3229436625749689
AT5G66310,0.20517023401739937
AT5G66320,0.28005615985446775
AT5G66330,-0.24866414256659905
AT5G66335,
AT5G66340,0.10788646190401086
AT5G66350,-0.1940841627432607
AT5G09605,
AT5G09615,-0.08779170488906168
AT5G66360,-0.04059525037544925
AT5G66370,0.012294981104597513
AT5G66380,0.47340980749858314
AT5G66390,-0.05863602532540189
AT5G66400,0.004424134259462793
AT5G66410,-0.2571461496814206
AT5G66420,0.05098162911925869
AT5G66430,0.055668963236583234
AT5G66440,0.4762332425823638
AT5G66450,-0.5942331632105498
AT5G66460,0.32806857401434464
AT5G66470,0.326953664695275
AT5G66480,0.12143319283304956
AT5G66490,-0.01424406861587003
AT5G66500,-0.28383784157972597
AT5G66510,0.4208009504807001
AT5G66530,-0.3679676838212012
AT5G66520,
AT5G66535,0.061485744414137386
AT5G66540,0.045268622847550975
AT5G66550,0.34371681638683527
AT5G66558,-0.2756406824506568
AT5G66560,
AT5G66562,-0.3716268902379857
AT5G66564,-0.10620814558538427
AT5G66567,0.5220754736391628
AT5G66568,0.1985114255497977
AT5G66570,0.22905731961678824
AT5G66580,0.17925395409818917
AT5G66590,0.23235614105909635
AT5G66600,-0.22797095703316336
AT5G66595,-0.5058445187936782
AT5G09635,
AT5G66607,-0.09805055867220829
AT5G66610,0.40327119294216474
AT5G09645,-0.0820429882374663
AT5G66620,0.4125616510619612
AT5G66630,0.2646936915436857
AT5G66631,-0.05653141562645985
AT5G66640,0.4550009620085907
AT5G66650,0.35090791485386885
AT5G09665,
AT5G66658,0.26543638859127533
AT5G66660,0.0515617890279914
AT5G66670,-0.0681230202416756
AT5G09675,0.15072060146334354
AT5G66675,0.36005752070727715
AT5G66680,0.07936168824203578
AT5G66690,-0.5167232902297856
AT5G66700,-0.17160270890494722
AT5G66710,0.3226887570952286
AT5G66720,0.006869606893220525
AT5G09685,
AT5G66730,-0.3485436556813882
AT5G09695,0.14839431473437614
AT5G66740,0.4279695675098367
AT5G66750,-0.5715998111733607
AT5G66755,-0.08400119744531062
AT5G66760,-0.04080588600746971
AT5G09705,-0.03597067396861703
AT5G66770,0.5141235162452075
AT5G66780,-0.3944935195099406
AT5G66790,0.04584052460165377
AT5G66800,-0.03622444538557096
AT5G66810,-0.3699543986930031
AT5G66815,-0.38885353070023265
AT5G09715,0.06328509116754895
AT5G66816,0.2556066222416895
AT5G66817,-0.06001148356824195
AT5G09735,0.2327122134724361
AT5G09765,-0.006454159518913024
AT5G09775,-0.1892093428970052
AT5G66820,0.22283041050775088
AT5G66830,-0.011862111635847107
AT5G66840,0.07988278390265066
AT5G66850,0.12107730035762543
AT5G66860,-0.2871883090202977
AT5G66870,-0.3109309365209902
AT5G66880,0.33205626200482424
AT5G09785,
AT5G66890,-0.18627647189580315
AT5G66900,0.2969769937600215
AT5G66910,-0.18433555596227116
AT5G66920,-0.1382398724333467
AT5G66930,0.3931775966089269
AT5G66940,0.11645452697468085
AT5G66950,0.0808171262566366
AT5G66960,-0.03245980173124958
AT5G09815,0.07349238024208649
AT5G66970,0.4936868036951604
AT5G66980,0.013367533633994495
AT5G66985,-0.5785875006702959
AT5G66990,0.1664142255662147
AT5G67000,0.2146808106980463
AT5G67010,-0.5417456185701032
AT5G67020,-0.3395289756100925
AT5G67030,0.32317563980821046
AT5G67040,-0.05691398450895509
AT5G67050,-0.3568942202991028
AT5G67060,0.18247387414343313
AT5G67070,-0.48582499799639206
AT5G67080,0.29475763790976484
AT5G67090,-0.35161867531675056
AT5G67100,-0.46212919285793336
AT5G67110,
AT5G67120,0.10129283162985368
AT5G67130,0.006563397860027635
AT5G67140,0.16067265952451998
AT5G67150,-0.22796796360925617
AT5G67160,-0.12052392977020025
AT5G67170,0.1068154163894835
AT5G67180,-0.17886056188146604
AT5G09835,
AT5G09825,0.018844862320351617
AT5G67190,0.4349775666731329
AT5G67200,0.19363903245753739
AT5G67210,-0.09350893938444842
AT5G67220,-0.3668123241001992
AT5G67230,0.5421929555487547
AT5G09845,
AT5G67240,-0.598422770255809
AT5G67245,0.47227072581980994
AT5G67250,-0.6409919773539989
AT5G67260,0.3180189981252189
AT5G67265,0.5127677412167975
AT5G67270,-0.1665711224708231
AT5G67280,-0.03903331657068835
AT5G67290,0.13419555488925436
AT5G67300,-0.0011296908386177664
AT5G09855,
AT5G67310,-0.0681810066263289
AT5G09865,
AT5G67320,0.01880330226379967
AT5G67330,0.27089685005060965
AT5G67340,-0.28275641397546525
AT5G67350,-0.33530083287318857
AT5G67360,0.19086435521348413
AT5G09875,-0.2895970680335937
AT5G67370,-0.026239150087796582
AT5G67380,-0.24710896080372244
AT5G67385,-0.399156819461414
AT5G67390,0.2571763449232117
AT5G09885,
AT5G09895,
AT5G67400,0.03357562461896875
AT5G67410,0.564912738117008
AT5G67411,-0.005654674995267373
AT5G67420,0.06699643045555377
AT5G09915,0.06964042076096612
AT5G67430,0.2973792743723009
AT5G67440,-0.125186636675695
AT5G67450,-0.23422823812470758
AT5G67460,-0.3482166272287225
AT5G67455,
AT5G67470,0.7059592533178727
AT5G67480,-0.017303639831893418
AT5G67488,0.060378894736257814
AT5G67490,0.23834979011031945
AT5G67500,0.193386384807552
AT5G67510,0.37429848292043283
AT5G67520,0.22450306804594244
AT5G67530,-0.4491000175772031
AT5G67540,0.2571121607724498
AT5G09925,
AT5G67550,0.03649738386006082
AT5G67560,0.25846255860372863
AT5G67570,-0.43700575250857415
AT5G67580,0.2791833350696822
AT5G67590,-0.47699703832281487
AT5G67600,-0.43687451280213946
AT5G67610,0.008414929100377335
AT5G67620,-0.16038406086755688
AT5G09945,0.3298829502381998
AT5G67630,0.026941013858014343
AT5G67640,-0.47110069191987275
AT5G09955,-0.04879744877083815
AT5G09965,0.1802363648081392
