dmw	0	1	2	3	4	5	6	7	8	9	10	11	12	13	14	15	16
dmw=9	0.8885964912280702	0.8724770642201835	0.8941798941798942	0.9105431309904153	0.29504950495049503	0.8959537572254336	0.6176470588235294	0.8281786941580757	0.52	0.88	0.6060606060606061	0.9069767441860465	0.7169811320754716	0.36923076923076925	0.8214285714285714	0.9285714285714286	0.8333333333333334
dmw=44	0.595292766934558	0.591764705882353	0.5759668508287292	0.5707762557077626	0.5452322738386308	0.5887096774193549	0.5582255083179297	0.5218855218855218	0.47701149425287354	0.4375	0.6357142857142857	0.5869565217391305	0.625	0.5116279069767442	0.6513761467889908	0.5	0.7469879518072289
dmw=45	0.48723404255319147	0.5720081135902637	0.3988439306358382	0.6872246696035242	0.4421768707482993	0.08	0.3037037037037037	0.13861386138613863	0.09090909090909091	0.4883720930232558	0.08	0.6538461538461539	0.05263157894736842	0.0	0.0	0.2777777777777778	0.0
dmw=48	0.9177939646201873	0.8913875598086124	0.8798882681564246	0.9322033898305084	0.853496115427303	0.9251870324189526	0.919431279620853	0.8993610223642172	0.9	0.8153310104529616	0.912568306010929	0.9375	0.6464646464646465	0.9047619047619048	0.8214285714285714	0.9591836734693877	0.9181818181818182
dmw=49	0.6818181818181818	0.6909090909090909	0.6453900709219859	0.6701030927835051	0.643312101910828	0.660377358490566	0.7319587628865979	0.625	0.6923076923076923	0.4583333333333333	0.7058823529411765	0.6857142857142857	0.4791666666666667	0.6578947368421053	0.5454545454545454	0.8	0.7368421052631579
dmw=50	0.006269592476489028	0.013440860215053764	0.0	0.0	0.0	0.01639344262295082	0.00847457627118644	0.0	0.0	0.0	0.0	0.0	0.09090909090909091	0.0	0.0	0.0	0.25
dmw=81	0.5664685642790116	0.5580745341614907	0.5652818991097923	0.5909617612977984	0.039590443686006824	0.3875685557586837	0.029508196721311476	0.5505107832009081	0.13719512195121952	0.5550755939524838	0.3949579831932773	0.6540880503144654	0.391705069124424	0.08620689655172414	0.5277777777777778	0.5545023696682464	0.6535433070866141
dmw=131	0.6	0.6144927536231884	0.3374233128834356	0.6333333333333333	0.31756756756756754	0.4578313253012048	0.2413793103448276	0.5405405405405406	0.21621621621621623	0.5	0.38095238095238093	0.10526315789473684	0.48	0.36363636363636365	0.25	0.6363636363636364	0.6785714285714286
dmw=145	0.10059880239520957	0.10290556900726393	0.33497536945812806	0.21717171717171718	0.31627906976744186	0.3422818791946309	0.40350877192982454	0.27816901408450706	0.36	0.29770992366412213	0.10714285714285714	0.425531914893617	0.1388888888888889	0.4939759036144578	0.4696969696969697	0.5625	0.4642857142857143
dmw=158	0.763265306122449	0.7408274785323966	0.7438202247191011	0.7710843373493976	0.68	0.8009708737864077	0.5096618357487923	0.7376623376623377	0.5579710144927537	0.6333333333333333	0.6460674157303371	0.6933333333333334	0.6190476190476191	0.6230769230769231	0.6896551724137931	0.7735849056603774	0.6785714285714286
dmw=266	0.003968253968253968	0.009210526315789473	0.0	0.012875536480686695	0.006772009029345372	0.0106951871657754	0.004149377593360996	0.008968609865470852	0.02247191011235955	0.0	0.02531645569620253	0.0	0.0	0.0	0.5	0.0	0.0
dmw=300	0.9213483146067416	0.9255813953488372	0.9628378378378378	0.9498069498069498	0.9287211740041929	0.9803921568627451	0.9633802816901409	0.9598765432098766	0.9036144578313253	0.7482517482517482	0.9324324324324325	0.925	0.6818181818181818	0.9411764705882353	1.0	1.0	0.7647058823529411
dmw=325	0.6335403726708074	0.6481818181818182	0.5934466019417476	0.648854961832061	0.42502218278615794	0.5787401574803149	0.5326842837273992	0.5649122807017544	0.37960339943342775	0.5472972972972973	0.6441441441441441	0.6625766871165644	0.6306306306306306	0.40404040404040403	0.5974025974025974	0.5512820512820513	0.6442307692307693
dmw=329	0.6318631863186318	0.6462128475551294	0.4940898345153664	0.5793650793650794	0.6172607879924953	0.7384615384615385	0.5196374622356495	0.6824324324324325	0.6260869565217392	0.345679012345679	0.671875	0.48	0.578125	0.8636363636363636	0.6785714285714286	0.8266666666666667	0.375
dmw=330	0.3357348703170029	0.2992805755395683	0.4143835616438356	0.3548387096774194	0.4430769230769231	0.5496688741721855	0.39361702127659576	0.39903846153846156	0.3516483516483517	0.45098039215686275	0.4520547945205479	0.5454545454545454	0.4230769230769231	0.5151515151515151	0.4444444444444444	0.39622641509433965	0.391304347826087
dmw=344	0.2720519962859796	0.22911283376399655	0.29581151832460734	0.3090909090909091	0.03317535545023697	0.1340782122905028	0.02622950819672131	0.33980582524271846	0.12195121951219512	0.16666666666666666	0.1388888888888889	0.30927835051546393	0.15254237288135594	0.04861111111111111	0.10526315789473684	0.4583333333333333	0.13333333333333333
dmw=469	0.7960457856399584	0.7868162692847125	0.8198675496688742	0.7843137254901961	0.7092457420924574	0.7146974063400576	0.7923976608187134	0.8607594936708861	0.7959183673469388	0.6275862068965518	0.8552631578947368	0.7810650887573964	0.776536312849162	0.7486033519553073	0.8076923076923077	0.8791208791208791	0.7628865979381443
dmw=475	0.8152327221438646	0.7045769764216366	0.7777777777777778	0.8701298701298701	0.5425867507886435	0.8405797101449275	0.6113989637305699	0.6893203883495146	0.6423357664233577	0.6111111111111112	0.43333333333333335	0.9076923076923077	0.8484848484848485	0.5925925925925926	0.875	0.65	0.9545454545454546
dmw=485	0.1033013844515442	0.11098130841121495	0.29107981220657275	0.13147410358565736	0.20785219399538107	0.3018867924528302	0.22123893805309736	0.19343065693430658	0.23846153846153847	0.2982456140350877	0.07042253521126761	0.36619718309859156	0.1958762886597938	0.3	0.49230769230769234	0.21875	0.2830188679245283
dmw=486	0.02151238591916558	0.01683937823834197	0.22478386167146974	0.06108597285067873	0.1078125	0.16857142857142857	0.07543859649122807	0.056433408577878104	0.06666666666666667	0.1118421052631579	0.12307692307692308	0.2	0.07339449541284404	0.13970588235294118	0.2815533980582524	0.2619047619047619	0.27692307692307694
dmw=487	0.321247892074199	0.33302238805970147	0.6407322654462243	0.4	0.5658627087198516	0.5497076023391813	0.5396039603960396	0.5748502994011976	0.6201117318435754	0.5526315789473685	0.4925373134328358	0.7	0.225	0.6060606060606061	0.5079365079365079	0.5428571428571428	0.5813953488372093
dmw=499	0.2454054054054054	0.18225255972696247	0.30712166172106825	0.368763557483731	0.44958481613285883	0.466403162055336	0.49809885931558934	0.05485232067510549	0.41714285714285715	0.33653846153846156	0.3925925925925926	0.375	0.31092436974789917	0.19736842105263158	0.49382716049382713	0.5064935064935064	0.25
dmw=521	0.917680744452398	0.9154411764705882	0.9250457038391224	0.9365482233502538	0.9351145038167938	0.9513888888888888	0.9290465631929047	0.921875	0.9606741573033708	0.8461538461538461	0.9408284023668639	0.925	0.6142857142857143	0.9425287356321839	0.9375	0.9298245614035088	0.810126582278481
dmw=527	0.012422360248447204	0.007228915662650603	0.06428571428571428	0.01282051282051282	0.025252525252525252	0.03125	0.004761904761904762	0.014492753623188406	0.03333333333333333	0.058823529411764705	0.0	0.043478260869565216	0.0	0.0	0.0	0.0	0.21739130434782608
dmw=540	0.523836875358989	0.5576719576719577	0.5514285714285714	0.589098532494759	0.3025936599423631	0.4225352112676056	0.24853228962818003	0.6206896551724138	0.23788546255506607	0.5325443786982249	0.5449438202247191	0.6932515337423313	0.4051724137931034	0.5163934426229508	0.53	0.5357142857142857	0.6222222222222222
dmw=561	0.8385093167701864	0.7297496318114874	0.789179104477612	0.8591065292096219	0.6472545757071547	0.8827586206896552	0.7534626038781164	0.7520491803278688	0.8050847457627118	0.7513513513513513	0.6320754716981132	0.7297297297297297	0.8032786885245902	0.8108108108108109	0.881578947368421	0.7936507936507936	0.8918918918918919
dmw=579	0.012605042016806723	0.004219409282700422	0.0072992700729927005	0.0	0.0	0.023255813953488372	0.0	0.0	0.0	0.10526315789473684	0.0	0.0	0.0	0.0	0.09090909090909091	0.0	0.16666666666666666
dmw=592	0.03063178047223995	0.015719467956469165	0.14852941176470588	0.041916167664670656	0.02849002849002849	0.1884920634920635	0.02912621359223301	0.03155339805825243	0.02109704641350211	0.1623931623931624	0.043478260869565216	0.17518248175182483	0.04395604395604396	0.038461538461538464	0.08	0.19642857142857142	0.3888888888888889
dmw=593	0.053712480252764615	0.060629316960859554	0.2546583850931677	0.12427745664739884	0.018255578093306288	0.23076923076923078	0.039627039627039624	0.0857843137254902	0.029411764705882353	0.3287671232876712	0.05384615384615385	0.2585034013605442	0.1282051282051282	0.056	0.1527777777777778	0.41379310344827586	0.29411764705882354
dmw=594	0.023391812865497075	0.005405405405405406	0.00847457627118644	0.0	0.0	0.015625	0.0	0.0	0.0	0.0	0.0	0.0	0.46153846153846156	0.0	0.0	0.0	0.0
dmw=603	0.013513513513513514	0.009036144578313253	0.0	0.016666666666666666	0.009259259259259259	0.0	0.0	0.0	0.0	0.0	0.0	0.0	0.0	0.0	0.18181818181818182	0.0	0.46153846153846156
dmw=641	0.9354120267260579	0.9051546391752577	0.9276315789473685	0.9424460431654677	0.5026737967914439	0.7857142857142857	0.422360248447205	0.8571428571428571	0.7358490566037735	0.8076923076923077	0.8857142857142857	0.9516129032258065	0.8611111111111112	0.4166666666666667	1.0	1.0	0.8
dmw=653	0.20348837209302326	0.12384996461429583	0.1801980198019802	0.16715542521994134	0.058091286307053944	0.23298429319371727	0.05803571428571429	0.11853448275862069	0.10377358490566038	0.10852713178294573	0.19083969465648856	0.2	0.3821138211382114	0.03389830508474576	0.031746031746031744	0.5967741935483871	0.0
dmw=678	0.1669407894736842	0.15099009900990099	0.5373913043478261	0.3015075376884422	0.5845921450151057	0.6205673758865248	0.5061475409836066	0.14647887323943662	0.4642857142857143	0.5378151260504201	0.3219178082191781	0.6382978723404256	0.21323529411764705	0.6434108527131783	0.7380952380952381	0.71875	0.5757575757575758
dmw=685	0.7205346294046172	0.7202380952380952	0.604	0.7971698113207547	0.6332378223495702	0.7150259067357513	0.6868327402135231	0.7290076335877863	0.6666666666666666	0.8285714285714286	0.6666666666666666	0.5694444444444444	0.6296296296296297	0.5925925925925926	0.8333333333333334	0.8431372549019608	0.6111111111111112
dmw=722	0.5158597662771286	0.5297297297297298	0.5644444444444444	0.5882352941176471	0.6274509803921569	0.6344827586206897	0.6989247311827957	0.1320754716981132	0.7058823529411765	0.6373626373626373	0.5217391304347826	0.5616438356164384	0.5769230769230769	0.5925925925925926	0.7777777777777778	0.5217391304347826	0.8333333333333334
dmw=755	0.0	0.0	0.0064516129032258064	0.0	0.0	0.0	0.0	0.017857142857142856	0.024390243902439025	0.08	0.0	0.0	0.0	0.0	0.0	0.0	0.16666666666666666
dmw=771	0.3393939393939394	0.31215469613259667	0.3188405797101449	0.33980582524271846	0.29545454545454547	0.3958333333333333	0.33519553072625696	0.2733333333333333	0.2653061224489796	0.4186046511627907	0.17543859649122806	0.30303030303030304	0.23076923076923078	0.11764705882352941	0.375	0.0	0.0
dmw=811	0.0	0.00796812749003984	0.0	0.0	0.017857142857142856	0.0	0.0	0.0	0.12	0.375	0.09090909090909091	0.0	0.0	0.0	0.0	0.0	0.0
dmw=829	0.6614832535885168	0.6717112922002328	0.6126984126984127	0.6832298136645962	0.4433249370277078	0.6783625730994152	0.42805755395683454	0.6393939393939394	0.6068376068376068	0.43564356435643564	0.6082474226804123	0.7	0.6808510638297872	0.38636363636363635	0.5818181818181818	0.8414634146341463	0.6097560975609756
dmw=877	0.5303135888501742	0.581989247311828	0.627906976744186	0.5474452554744526	0.33237410071942447	0.43646408839779005	0.45979381443298967	0.4951267056530214	0.5780346820809249	0.5260416666666666	0.5094339622641509	0.6746031746031746	0.5041322314049587	0.28289473684210525	0.3283582089552239	0.5803571428571429	0.375
dmw=878	0.36836283185840707	0.3793517406962785	0.3983050847457627	0.3483606557377049	0.0215633423180593	0.25	0.027777777777777776	0.36186770428015563	0.037037037037037035	0.26	0.4146341463414634	0.3629032258064516	0.46153846153846156	0.015625	0.0	0.21739130434782608	0.2903225806451613
dmw=884	0.2558139534883721	0.22966507177033493	0.2689393939393939	0.27941176470588236	0.20701754385964913	0.42452830188679247	0.10747663551401869	0.09032258064516129	0.2077922077922078	0.48484848484848486	0.16981132075471697	0.2727272727272727	0.40476190476190477	0.2978723404255319	0.6756756756756757	0.5833333333333334	0.5
dmw=892	0.7275502416687866	0.7022487130858845	0.7286202964652223	0.7821497120921305	0.24932102118413904	0.6231292517006802	0.21863260706235912	0.650383810188416	0.26666666666666666	0.7256461232604374	0.5613079019073569	0.7984293193717278	0.6264150943396226	0.28169014084507044	0.6704545454545454	0.5966386554621849	0.7307692307692307
dmw=895	0.6254914809960681	0.6068804275217101	0.6669218989280244	0.6623376623376623	0.24597918637653737	0.5393794749403341	0.17038007863695936	0.6191446028513238	0.2608695652173913	0.6425992779783394	0.43661971830985913	0.6910569105691057	0.4940239043824701	0.29357798165137616	0.5681818181818182	0.6813186813186813	0.5497382198952879
dmw=900	0.7678018575851393	0.6897689768976898	0.8113207547169812	0.8536585365853658	0.352	0.6481481481481481	0.36036036036036034	0.7156862745098039	0.5151515151515151	0.6923076923076923	0.2962962962962963	0.782608695652174	0.8571428571428571	0.5813953488372093	0.5	0.5714285714285714	0.7333333333333333
dmw=917	0.2212041884816754	0.12040133779264214	0.5238095238095238	0.4192139737991266	0.6252983293556086	0.6126760563380281	0.5962962962962963	0.26136363636363635	0.5333333333333333	0.5409836065573771	0.3194444444444444	0.6231884057971014	0.4673913043478261	0.7075471698113207	0.7096774193548387	0.6818181818181818	0.5862068965517241
dmw=931	0.003745318352059925	0.0	0.0	0.015625	0.0196078431372549	0.011904761904761904	0.0	0.0	0.0	0.07692307692307693	0.0	0.0	0.0	0.0	0.0	0.0	0.2
dmw=936	0.693000693000693	0.6980421686746988	0.6221864951768489	0.7111111111111111	0.7604166666666666	0.8356643356643356	0.8502994011976048	0.670926517571885	0.8235294117647058	0.5245901639344263	0.7622377622377622	0.4925373134328358	0.7207207207207207	0.774869109947644	0.5833333333333334	0.8571428571428571	0.509090909090909
dmw=981	0.0	0.0	0.0	0.0	0.0	0.07407407407407407	0.0	0.0	0.0	0.0	0.0	0.0	0.125	0.0	0.0	0.0	0.3333333333333333
dmw=1123	0.3659147869674185	0.36673773987206826	0.4276315789473684	0.422680412371134	0.1092436974789916	0.3448275862068966	0.06951871657754011	0.32085561497326204	0.0	0.30303030303030304	0.16666666666666666	0.5	0.4230769230769231	0.13793103448275862	0.375	0.5	0.375
dmw=1124	0.6592853548062405	0.661531279178338	0.6942242355605889	0.6018957345971564	0.31220095693779903	0.47058823529411764	0.1726078799249531	0.7209737827715356	0.24669603524229075	0.6506550218340611	0.4166666666666667	0.6707317073170732	0.5639810426540285	0.4659090909090909	0.4155844155844156	0.6714285714285714	0.58
dmw=1145	0.4075425790754258	0.38142857142857145	0.5851493139628733	0.4790528233151184	0.604135893648449	0.6567796610169492	0.6220379146919431	0.43859649122807015	0.6042944785276073	0.5543071161048689	0.4844961240310077	0.5807860262008734	0.541095890410959	0.5709459459459459	0.65	0.7391304347826086	0.7111111111111111
dmw=1147	0.4640804597701149	0.5121951219512195	0.5	0.49696969696969695	0.41832669322709165	0.5771812080536913	0.5537190082644629	0.10144927536231885	0.5396825396825397	0.43243243243243246	0.3958333333333333	0.45714285714285713	0.3958333333333333	0.34	0.59375	0.5	0.35714285714285715
dmw=1160	0.006741573033707865	0.0056022408963585435	0.011560693641618497	0.008130081300813009	0.0	0.011363636363636364	0.014084507042253521	0.0	0.0	0.2222222222222222	0.0	0.0	0.047619047619047616	0.0	0.0	0.0	0.0
dmw=1193	0.4409722222222222	0.4693627450980392	0.4033412887828162	0.4272300469483568	0.47058823529411764	0.5487179487179488	0.43462897526501765	0.498220640569395	0.5056179775280899	0.5648148148148148	0.42105263157894735	0.27419354838709675	0.379746835443038	0.4946236559139785	0.5555555555555556	0.45614035087719296	0.09375
dmw=1200	0.12391193036354327	0.14378730330982095	0.2800953516090584	0.14747474747474748	0.3483709273182957	0.33088235294117646	0.4016	0.08163265306122448	0.4658385093167702	0.425	0.30180180180180183	0.44808743169398907	0.1721311475409836	0.3157894736842105	0.32857142857142857	0.43333333333333335	0.3815789473684211
dmw=1257	0.7543103448275862	0.7236580516898609	0.7374301675977654	0.6458333333333334	0.7142857142857143	0.7474747474747475	0.6886792452830188	0.6857142857142857	0.6727272727272727	0.6938775510204082	0.8103448275862069	0.21818181818181817	0.7391304347826086	0.782608695652174	0.9166666666666666	0.7894736842105263	0.68
dmw=1287	0.8363892806770099	0.8256484149855908	0.8782608695652174	0.8341013824884793	0.8617021276595744	0.9	0.41818181818181815	0.8477366255144033	0.6	0.7211538461538461	0.78	0.9272727272727272	0.8072289156626506	0.86	1.0	0.8285714285714286	0.7391304347826086
dmw=1297	0.0034602076124567475	0.004514672686230248	0.0	0.0	0.0	0.0	0.007692307692307693	0.007633587786259542	0.0	0.047619047619047616	0.0	0.16666666666666666	0.0	0.0	0.0	0.0	0.0
dmw=1326	0.9452843772498201	0.9206586826347305	0.9297423887587822	0.9376854599406528	0.9338103756708408	0.9707602339181286	0.9384615384615385	0.9232456140350878	0.9483870967741935	0.95	0.9107142857142857	0.9	0.5845070422535211	0.9711538461538461	1.0	0.9705882352941176	0.9354838709677419
dmw=1330	0.7261815453863466	0.7104072398190046	0.8654618473895582	0.7896551724137931	0.7573770491803279	0.8392156862745098	0.7760314341846758	0.7703349282296651	0.7291666666666666	0.6666666666666666	0.4782608695652174	0.7425742574257426	0.6197183098591549	0.9054726368159204	0.8695652173913043	0.8901098901098901	0.6811594202898551
dmw=1354	0.12371134020618557	0.1110506260206859	0.32275862068965516	0.2523364485981308	0.12536443148688048	0.38073394495412843	0.250814332247557	0.1896551724137931	0.17889908256880735	0.2926829268292683	0.10714285714285714	0.4330708661417323	0.07228915662650602	0.1694915254237288	0.136986301369863	0.5901639344262295	0.21495327102803738
dmw=1386	0.41045751633986927	0.42097488921713444	0.3828996282527881	0.4306930693069307	0.20615384615384616	0.36363636363636365	0.25405405405405407	0.38461538461538464	0.2638888888888889	0.5	0.352112676056338	0.4032258064516129	0.3548387096774194	0.125	0.18181818181818182	0.2727272727272727	0.3
dmw=1387	0.8110661268556005	0.8048268625393494	0.7953367875647669	0.757085020242915	0.24566473988439305	0.5353535353535354	0.30472103004291845	0.7806451612903226	0.34615384615384615	0.6842105263157895	0.5285714285714286	0.8493150684931506	0.7735849056603774	0.24742268041237114	0.631578947368421	0.7419354838709677	0.76
dmw=1388	0.7692307692307693	0.7559808612440191	0.833922261484099	0.8088235294117647	0.46368715083798884	0.608	0.3277310924369748	0.8040816326530612	0.5945945945945946	0.6391752577319587	0.6506024096385542	0.7666666666666667	0.6949152542372882	0.4117647058823529	0.5357142857142857	0.8108108108108109	0.7142857142857143
dmw=1398	0.9745836985100789	0.9721153846153846	0.9819277108433735	0.9689265536723164	0.9508196721311475	0.9775280898876404	0.961456102783726	0.9722814498933902	0.9562043795620438	0.7661691542288557	0.9772727272727273	0.9421487603305785	0.8536585365853658	0.9172413793103448	0.9545454545454546	0.9803921568627451	0.6875
dmw=1424	0.5669642857142857	0.5676274944567627	0.5515151515151515	0.58	0.42724458204334365	0.6096256684491979	0.3482142857142857	0.6208530805687204	0.3829787234042553	0.5	0.37254901960784315	0.36486486486486486	0.5257731958762887	0.48936170212765956	0.6666666666666666	0.5	0.5909090909090909
dmw=1434	0.5562913907284768	0.562962962962963	0.8307692307692308	0.6370370370370371	0.7282608695652174	0.912621359223301	0.8864864864864865	0.5865921787709497	0.8205128205128205	0.5806451612903226	0.5138888888888888	0.625	0.6065573770491803	0.7435897435897436	0.5789473684210527	1.0	0.7692307692307693
dmw=1435	0.5015673981191222	0.43982494529540483	0.7050938337801609	0.6909090909090909	0.818407960199005	0.8398058252427184	0.8603896103896104	0.36908517350157727	0.8354430379746836	0.7982456140350878	0.5403225806451613	0.8641975308641975	0.6231884057971014	0.8478260869565217	0.9649122807017544	0.7586206896551724	0.7894736842105263
dmw=1450	0.711963589076723	0.6946619217081851	0.6881405563689604	0.7231920199501247	0.7161084529505582	0.6666666666666666	0.6407035175879398	0.41812865497076024	0.72	0.7341040462427746	0.5625	0.6363636363636364	0.6855345911949685	0.45	0.6746987951807228	0.8484848484848485	0.6206896551724138
dmw=1481	0.9057971014492754	0.8736462093862816	0.8628318584070797	0.9386792452830188	0.842031029619182	0.92	0.8372093023255814	0.8958333333333334	0.8227848101265823	0.5915492957746479	0.8639455782312925	0.8373983739837398	0.7358490566037735	0.8840579710144928	0.8260869565217391	0.8961038961038961	0.7571428571428571
dmw=1488	0.8552456839309429	0.826629680998613	0.7216494845360825	0.9027777777777778	0.6537216828478964	0.7818181818181819	0.7479338842975206	0.6802721088435374	0.7755102040816326	0.6935483870967742	0.8627450980392157	0.8409090909090909	0.8333333333333334	0.5178571428571429	0.6923076923076923	0.9615384615384616	0.8888888888888888
dmw=1498	0.7280145058930191	0.6252653927813163	0.6889763779527559	0.6338028169014085	0.4884910485933504	0.7432835820895523	0.45027624309392267	0.7626582278481012	0.4954954954954955	0.6099290780141844	0.7241379310344828	0.7228915662650602	0.5671641791044776	0.5891472868217055	0.5238095238095238	0.6176470588235294	0.8285714285714286
dmw=1499	0.5591531755915318	0.45861601085481685	0.5321100917431193	0.6686046511627907	0.2865853658536585	0.5797101449275363	0.3502824858757062	0.3895582329317269	0.3010752688172043	0.5116279069767442	0.4918032786885246	0.6379310344827587	0.5208333333333334	0.37894736842105264	0.1	0.8	0.5882352941176471
dmw=1506	0.0	0.0	0.0	0.0	0.0	0.0	0.0	0.0	0.1	0.2222222222222222	0.0	0.0	0.0	0.0	0.0	0.5	0.0
dmw=1518	0.6986301369863014	0.6212700841622035	0.789010989010989	0.7507692307692307	0.5218855218855218	0.7034482758620689	0.27884615384615385	0.5398550724637681	0.45248868778280543	0.725	0.49193548387096775	0.7767857142857143	0.8452380952380952	0.40559440559440557	0.88	0.7191011235955056	0.6551724137931034
dmw=1542	0.006741573033707865	0.0022675736961451248	0.0	0.0	0.014925373134328358	0.0	0.007518796992481203	0.020618556701030927	0.0	0.0	0.0	0.016129032258064516	0.03571428571428571	0.0	0.0	0.0	0.3
dmw=1557	0.4916520210896309	0.42263056092843326	0.641860465116279	0.5592654424040067	0.5049226441631505	0.6151603498542274	0.6187399030694669	0.4668141592920354	0.5370370370370371	0.4142857142857143	0.41064638783269963	0.5846994535519126	0.5572519083969466	0.6526315789473685	0.5975609756097561	0.5871559633027523	0.6666666666666666
dmw=1558	0.9192795196797865	0.9252793296089385	0.9627906976744186	0.9588607594936709	0.9021207177814029	0.9463722397476341	0.9211746522411128	0.9197651663405088	0.9833333333333333	0.7421383647798742	0.8372093023255814	0.93	0.6333333333333333	0.990990990990991	0.8961038961038961	0.9642857142857143	0.8787878787878788
dmw=1562	0.21535393818544366	0.16839134524929444	0.48491879350348027	0.4148148148148148	0.5302245250431779	0.6413043478260869	0.46179401993355484	0.35883905013192613	0.4097222222222222	0.3894736842105263	0.20618556701030927	0.5903614457831325	0.44047619047619047	0.5950413223140496	0.20588235294117646	0.6129032258064516	0.58
dmw=1606	0.06793478260869565	0.09466019417475728	0.0	0.0	0.015625	0.10666666666666667	0.007692307692307693	0.009174311926605505	0.0	0.0	0.0	0.2222222222222222	0.4418604651162791	0.0	0.0	0.0	0.0
dmw=1625	0.7429467084639498	0.7057057057057057	0.7213114754098361	0.7213114754098361	0.35344827586206895	0.775	0.25	0.6695652173913044	0.34146341463414637	0.75	0.5625	0.8846153846153846	0.5833333333333334	0.5641025641025641	0.6470588235294118	0.8333333333333334	0.5833333333333334
dmw=1644	0.870722433460076	0.7342657342657343	0.8828828828828829	0.8783783783783784	0.584	0.7027027027027027	0.4806201550387597	0.7971014492753623	0.7380952380952381	0.7777777777777778	0.7435897435897436	0.8095238095238095	0.9047619047619048	0.5652173913043478	0.6666666666666666	0.7741935483870968	0.0
dmw=1659	0.14847590953785644	0.12618296529968454	0.1871345029239766	0.15129151291512916	0.1126005361930295	0.15458937198067632	0.0855457227138643	0.13175675675675674	0.05555555555555555	0.10227272727272728	0.0	0.10526315789473684	0.07446808510638298	0.03333333333333333	0.14705882352941177	0.25	0.08333333333333333
dmw=1709	0.7307692307692307	0.6373333333333333	0.6651376146788991	0.7955974842767296	0.43537414965986393	0.6666666666666666	0.22702702702702704	0.7493188010899182	0.37267080745341613	0.6544117647058824	0.5833333333333334	0.7047619047619048	0.6617647058823529	0.5392156862745098	0.7733333333333333	0.7446808510638298	0.7
dmw=1713	0.7012078830260648	0.7126518942101501	0.6715481171548117	0.6812339331619537	0.09077598828696926	0.5090361445783133	0.09283819628647215	0.668918918918919	0.16279069767441862	0.6829268292682927	0.53125	0.6296296296296297	0.6140350877192983	0.140625	0.6129032258064516	0.6285714285714286	0.7301587301587301
dmw=1715	0.8090614886731392	0.7932251235003529	0.7631578947368421	0.7753424657534247	0.6859344894026975	0.7790055248618785	0.30238095238095236	0.8069620253164557	0.6055045871559633	0.6226415094339622	0.8591549295774648	0.7238095238095238	0.6521739130434783	0.5909090909090909	0.825	0.9111111111111111	0.8636363636363636
dmw=1726	0.1393188854489164	0.08680555555555555	0.2549019607843137	0.28865979381443296	0.2153846153846154	0.5961538461538461	0.2625	0.11842105263157894	0.125	0.5384615384615384	0.16	0.0	0.5	0.18518518518518517	0.5384615384615384	1.0	0.0
dmw=1754	0.257843137254902	0.2224622030237581	0.1905781584582441	0.33518005540166207	0.09946236559139784	0.1553398058252427	0.08761329305135952	0.15081967213114755	0.12087912087912088	0.20535714285714285	0.0851063829787234	0.1743119266055046	0.16279069767441862	0.030927835051546393	0.2	0.16279069767441862	0.25
dmw=1786	0.627920227920228	0.59123947972456	0.6338432122370937	0.6484741784037559	0.37070254110612855	0.6257166257166257	0.38055087127599774	0.4576271186440678	0.4484629294755877	0.6263269639065817	0.5100917431192661	0.5842956120092379	0.6297117516629712	0.3887733887733888	0.5727272727272728	0.6183745583038869	0.5290697674418605
dmw=1787	0.4732888146911519	0.37861736334405144	0.4539614561027837	0.504297994269341	0.39473684210526316	0.46218487394957986	0.41119221411192214	0.2799097065462754	0.47586206896551725	0.37894736842105264	0.34306569343065696	0.3815789473684211	0.47297297297297297	0.5212765957446809	0.625	0.5476190476190477	0.19047619047619047
dmw=1788	0.38031319910514544	0.3378995433789954	0.5120481927710844	0.5892857142857143	0.6751592356687898	0.864406779661017	0.6793893129770993	0.2605633802816901	0.6307692307692307	0.8490566037735849	0.4838709677419355	0.6296296296296297	0.4666666666666667	0.6	0.7	0.8571428571428571	0.75
dmw=1801	0.4978813559322034	0.4276663146779303	0.6570680628272252	0.731404958677686	0.717948717948718	0.7348066298342542	0.746268656716418	0.483271375464684	0.6060606060606061	0.6176470588235294	0.48214285714285715	0.704225352112676	0.5416666666666666	0.8172043010752689	0.6451612903225806	0.723404255319149	0.6451612903225806
dmw=1802	0.9176706827309237	0.8020477815699659	0.9182389937106918	0.8978102189781022	0.6171003717472119	0.896551724137931	0.884	0.9453125	0.7818181818181819	0.6808510638297872	0.7272727272727273	0.825	0.5789473684210527	0.6379310344827587	1.0	0.96	1.0
dmw=1804	0.7897822445561139	0.6782608695652174	0.738255033557047	0.8839779005524862	0.39737991266375544	0.7336448598130841	0.4054878048780488	0.7601246105919003	0.445859872611465	0.7603305785123967	0.6842105263157895	0.6629213483146067	0.71875	0.43023255813953487	0.6486486486486487	0.725	0.8709677419354839
dmw=1810	0.4910913140311804	0.4925280199252802	0.5284090909090909	0.5386313465783664	0.252112676056338	0.438871473354232	0.07789855072463768	0.47410358565737054	0.26666666666666666	0.48847926267281105	0.5205479452054794	0.5	0.47058823529411764	0.24074074074074073	0.453125	0.3431372549019608	0.34375
dmw=1811	0.6455424274973147	0.6315228966986155	0.676737160120846	0.673728813559322	0.5131578947368421	0.675	0.4406779661016949	0.623574144486692	0.38596491228070173	0.43956043956043955	0.5797101449275363	0.7280701754385965	0.48936170212765956	0.6818181818181818	0.5833333333333334	0.3	0.6756756756756757
dmw=1819	0.004172461752433936	0.0021897810218978104	0.00530035335689046	0.0026666666666666666	0.008880994671403197	0.00851063829787234	0.004301075268817204	0.011009174311926606	0.0	0.0	0.0	0.0	0.009433962264150943	0.0	0.034482758620689655	0.0	0.26666666666666666
dmw=1834	0.46424870466321244	0.5019342359767892	0.17567567567567569	0.4830917874396135	0.38703339882121807	0.4981132075471698	0.4274193548387097	0.29933481152993346	0.5116279069767442	0.16666666666666666	0.3577981651376147	0.22	0.5909090909090909	0.23469387755102042	0.6571428571428571	0.5918367346938775	0.36363636363636365
dmw=1875	0.667144906743185	0.543171114599686	0.6835443037974683	0.7712765957446809	0.3892857142857143	0.6496350364963503	0.40444444444444444	0.6264367816091954	0.3582089552238806	0.4166666666666667	0.45569620253164556	0.4939759036144578	0.6326530612244898	0.26	0.2692307692307692	0.8	0.6818181818181818
dmw=1900	0.3442622950819672	0.23154362416107382	0.3431372549019608	0.5606936416184971	0.023622047244094488	0.2962962962962963	0.03488372093023256	0.1937984496124031	0.017857142857142856	0.171875	0.13333333333333333	0.36363636363636365	0.25	0.0	0.15384615384615385	0.3333333333333333	0.625
dmw=1905	0.9351659751037344	0.9127798507462687	0.9288486416558862	0.9344262295081968	0.9224489795918367	0.9563106796116505	0.9238900634249472	0.9436619718309859	0.8865546218487395	0.6536796536796536	0.96875	0.8	0.8894009216589862	0.9117647058823529	0.9	0.9259259259259259	0.9629629629629629
dmw=1917	0.8056872037914692	0.7637844611528822	0.9061962134251291	0.9082058414464534	0.9118075801749271	0.891459074733096	0.9053708439897699	0.8699029126213592	0.8439425051334702	0.8551724137931035	0.8292682926829268	0.8609865470852018	0.6923076923076923	0.8920863309352518	0.9739130434782609	0.9696969696969697	0.8543046357615894
dmw=1961	0.6248548199767712	0.5018970189701897	0.5397553516819572	0.6382022471910113	0.31749049429657794	0.5960099750623441	0.3983050847457627	0.3850687622789784	0.4549763033175355	0.5394736842105263	0.43506493506493504	0.7927927927927928	0.5441176470588235	0.18791946308724833	0.4375	0.6753246753246753	0.7380952380952381
dmw=1962	0.6123443421765025	0.5771076079506511	0.660759493670886	0.7326530612244898	0.4002493765586035	0.7329842931937173	0.503448275862069	0.5329566854990584	0.6211180124223602	0.5555555555555556	0.5550239234449761	0.7254901960784313	0.5853658536585366	0.45185185185185184	0.6792452830188679	0.75	0.5454545454545454
dmw=1963	0.2563451776649746	0.15220949263502456	0.23224852071005916	0.29354207436399216	0.08737864077669903	0.28674698795180725	0.06941838649155722	0.14285714285714285	0.1270718232044199	0.21578947368421053	0.2236842105263158	0.19718309859154928	0.3157894736842105	0.06060606060606061	0.15384615384615385	0.38571428571428573	0.31868131868131866
dmw=1964	0.5817490494296578	0.4933884297520661	0.5183129855715871	0.6503597122302158	0.42356115107913667	0.5618729096989966	0.3857729138166895	0.4663278271918678	0.6161616161616161	0.5153846153846153	0.4342857142857143	0.43946188340807174	0.4666666666666667	0.423728813559322	0.5775862068965517	0.7741935483870968	0.5393258426966292
dmw=1965	0.16938110749185667	0.041666666666666664	0.21359223300970873	0.3402061855670103	0.008547008547008548	0.3492063492063492	0.012195121951219513	0.05128205128205128	0.0	0.5	0.0	0.23076923076923078	0.6	0.0	0.0	0.8333333333333334	0.09090909090909091
dmw=1966	0.5542971352431713	0.48358862144420134	0.4881720430107527	0.6018957345971564	0.40617577197149646	0.5142857142857142	0.36446469248291574	0.47980997624703087	0.48186528497409326	0.6127659574468085	0.4065040650406504	0.5060240963855421	0.6388888888888888	0.5048543689320388	0.5490196078431373	0.5714285714285714	0.631578947368421
dmw=1985	0.22773722627737225	0.19290780141843972	0.24330357142857142	0.2826086956521739	0.1657754010695187	0.23448275862068965	0.10098522167487685	0.3058252427184466	0.1518324607329843	0.22	0.35074626865671643	0.25274725274725274	0.3037037037037037	0.3684210526315789	0.16129032258064516	0.36	0.6285714285714286
dmw=2001	0.10990338164251208	0.06891891891891892	0.2546583850931677	0.15879828326180256	0.2754098360655738	0.2138364779874214	0.16772151898734178	0.13924050632911392	0.24691358024691357	0.38461538461538464	0.16981132075471697	0.043478260869565216	0.14	0.4090909090909091	0.3888888888888889	0.5294117647058824	0.3076923076923077
dmw=2007	0.6641452344931922	0.6465833945628214	0.640625	0.7210031347962382	0.5415162454873647	0.62109375	0.503448275862069	0.6069246435845214	0.5067567567567568	0.5689655172413793	0.5729166666666666	0.7261146496815286	0.6213592233009708	0.45555555555555555	0.575	0.6206896551724138	0.7377049180327869
dmw=2009	0.3933609958506224	0.40406719717064543	0.4026315789473684	0.3746130030959752	0.12933025404157045	0.32217573221757323	0.13056379821958458	0.4447592067988669	0.140625	0.3443708609271523	0.26436781609195403	0.4967741935483871	0.345679012345679	0.21705426356589147	0.20689655172413793	0.4444444444444444	0.375
dmw=2019	0.3523809523809524	0.40492957746478875	0.71	0.6935483870967742	0.2894736842105263	0.6923076923076923	0.12121212121212122	0.7894736842105263	0.125	0.782608695652174	0.4117647058823529	0.7391304347826086	0.5882352941176471	0.7419354838709677	0.6	0.8571428571428571	0.8461538461538461
dmw=2033	0.8505494505494505	0.8048192771084337	0.8616352201257862	0.8865979381443299	0.7547945205479452	0.863013698630137	0.7580645161290323	0.8013937282229965	0.8380281690140845	0.86	0.6666666666666666	0.8863636363636364	0.5294117647058824	0.7279411764705882	0.3684210526315789	0.6470588235294118	0.7105263157894737
dmw=2069	0.5593834995466909	0.5440900562851783	0.6151898734177215	0.6496350364963503	0.14137214137214138	0.4458874458874459	0.20679012345679013	0.5086705202312138	0.21008403361344538	0.6402877697841727	0.2857142857142857	0.5245901639344263	0.5714285714285714	0.10679611650485436	0.32432432432432434	0.559322033898305	0.20833333333333334
dmw=2072	0.6452223273415326	0.6333158721843898	0.6324022346368715	0.6872852233676976	0.522883295194508	0.6643835616438356	0.5583554376657824	0.6501597444089456	0.7056451612903226	0.6926406926406926	0.625	0.6363636363636364	0.543046357615894	0.5514705882352942	0.6744186046511628	0.6299212598425197	0.7605633802816901
dmw=2111	0.7104037267080745	0.6614853195164075	0.5800865800865801	0.7466666666666667	0.19444444444444445	0.4264705882352941	0.20253164556962025	0.35658914728682173	0.3575757575757576	0.6483516483516484	0.44755244755244755	0.8421052631578947	0.5913978494623656	0.20192307692307693	0.45161290322580644	0.717948717948718	0.5737704918032787
dmw=2112	0.6829787234042554	0.7152575315840622	0.6632996632996633	0.6233333333333333	0.23809523809523808	0.6076923076923076	0.17940199335548174	0.6	0.19801980198019803	0.7032967032967034	0.30434782608695654	0.7238095238095238	0.7586206896551724	0.1388888888888889	0.32432432432432434	0.5972222222222222	0.6521739130434783
dmw=2113	0.42909423604757546	0.4080370942812983	0.38274932614555257	0.46595744680851064	0.09163346613545817	0.3621621621621622	0.11551155115511551	0.19877675840978593	0.2231404958677686	0.5314685314685315	0.21052631578947367	0.4024390243902439	0.40816326530612246	0.06896551724137931	0.2222222222222222	0.3614457831325301	0.4
dmw=2124	0.10642377756471716	0.07699443413729128	0.1320754716981132	0.13815789473684212	0.05115712545676005	0.15472779369627507	0.03146853146853147	0.03731343283582089	0.061224489795918366	0.304635761589404	0.011363636363636364	0.12167300380228137	0.17647058823529413	0.031746031746031744	0.25	0.23863636363636365	0.2972972972972973
dmw=2147	0.18956043956043955	0.1950354609929078	0.5029940119760479	0.2127659574468085	0.24183006535947713	0.5072463768115942	0.22448979591836735	0.5797101449275363	0.05714285714285714	0.5384615384615384	0.15384615384615385	0.1875	0.47619047619047616	0.627906976744186	0.0	0.47368421052631576	0.2857142857142857
dmw=2174	0.0550098231827112	0.07293796864349011	0.07692307692307693	0.06321839080459771	0.025714285714285714	0.11506849315068493	0.05250596658711217	0.055408970976253295	0.05759162303664921	0.05785123966942149	0.0821917808219178	0.11267605633802817	0.02654867256637168	0.020202020202020204	0.0	0.1095890410958904	0.1746031746031746
dmw=2182	0.3267419962335217	0.2780309936189608	0.6627906976744186	0.6085271317829457	0.09473684210526316	0.4861111111111111	0.07604562737642585	0.09866666666666667	0.072992700729927	0.6559139784946236	0.26174496644295303	0.8559322033898306	0.18478260869565216	0.1	0.8163265306122449	0.6274509803921569	0.55
dmw=2183	0.21964423820572312	0.18911174785100288	0.3088888888888889	0.2607003891050584	0.06351791530944625	0.19318181818181818	0.014423076923076924	0.078125	0.0223463687150838	0.38666666666666666	0.05172413793103448	0.39361702127659576	0.16037735849056603	0.03676470588235294	0.06666666666666667	0.25	0.20454545454545456
dmw=2190	0.5263662511984659	0.5100087032201914	0.5641646489104116	0.5776892430278885	0.2514450867052023	0.616	0.11146496815286625	0.35294117647058826	0.19658119658119658	0.551948051948052	0.5	0.6607142857142857	0.46938775510204084	0.275	0.36666666666666664	0.7142857142857143	0.3333333333333333
dmw=2196	0.9485488126649076	0.9034090909090909	0.9657794676806084	0.9848484848484849	0.9259259259259259	0.9318181818181818	0.9571428571428572	0.9684684684684685	0.963963963963964	0.8348623853211009	0.9433962264150944	0.95	0.803030303030303	0.9821428571428571	1.0	0.9444444444444444	0.8095238095238095
dmw=2227	0.23171780900487526	0.20556673373574783	0.37636612021857924	0.25669642857142855	0.4585987261146497	0.4786450662739323	0.47459893048128343	0.15774647887323945	0.5186440677966102	0.48936170212765956	0.15566037735849056	0.4862068965517241	0.31868131868131866	0.484375	0.6231155778894473	0.5227272727272727	0.38571428571428573
dmw=2242	0.8851385390428211	0.8695652173913043	0.8868243243243243	0.8921775898520085	0.7382198952879581	0.8899082568807339	0.7176470588235294	0.8761220825852782	0.813953488372093	0.8390243902439024	0.797752808988764	0.9389312977099237	0.7796610169491526	0.6551724137931034	0.7142857142857143	0.9838709677419355	0.7662337662337663
dmw=2252	0.895010395010395	0.8747747747747747	0.8670520231213873	0.8773584905660378	0.8732718894009217	0.9539170506912442	0.9033613445378151	0.7585227272727273	0.8712871287128713	0.8105263157894737	0.8571428571428571	0.379746835443038	0.6195652173913043	0.8181818181818182	0.8571428571428571	0.8421052631578947	0.8421052631578947
dmw=2257	0.8258527827648114	0.7802385008517888	0.42857142857142855	0.7878787878787878	0.7397260273972602	0.7473684210526316	0.8115183246073299	0.5833333333333334	0.6746987951807228	0.5932203389830508	0.5	0.1568627450980392	0.6744186046511628	0.5223880597014925	0.8974358974358975	0.8928571428571429	0.75
dmw=2258	0.7486218302094818	0.738498789346247	0.8170731707317073	0.7871287128712872	0.6238738738738738	0.8484848484848485	0.5637860082304527	0.6435185185185185	0.49606299212598426	0.8290598290598291	0.6304347826086957	0.6956521739130435	0.7419354838709677	0.703125	0.8	0.8933333333333333	0.6136363636363636
dmw=2299	0.37662337662337664	0.2131039046988749	0.6460176991150443	0.4307116104868914	0.41621621621621624	0.549618320610687	0.29457364341085274	0.3825	0.17763157894736842	0.6174863387978142	0.22772277227722773	0.7222222222222222	0.31932773109243695	0.4895833333333333	0.7538461538461538	0.7380952380952381	0.717391304347826
dmw=2309	0.8143486469477659	0.7510204081632653	0.7411545623836127	0.8341013824884793	0.7619047619047619	0.7580071174377224	0.7454873646209387	0.5814432989690722	0.727810650887574	0.7151162790697675	0.626984126984127	0.7906976744186046	0.8090909090909091	0.7054794520547946	0.7076923076923077	0.8840579710144928	0.3333333333333333
dmw=2326	0.9115168539325843	0.8770595690747782	0.812807881773399	0.968	0.9262899262899262	0.9732142857142857	0.900398406374502	0.8949416342412452	0.9333333333333333	0.8278688524590164	0.9	0.9782608695652174	0.8987341772151899	0.9761904761904762	0.9130434782608695	1.0	0.6666666666666666
dmw=2351	0.08984375	0.1092436974789916	0.40625	0.13414634146341464	0.14705882352941177	0.5952380952380952	0.34210526315789475	0.14285714285714285	0.13636363636363635	0.2222222222222222	0.2692307692307692	0.25925925925925924	0.3333333333333333	0.5652173913043478	0.5	0.36363636363636365	0.0
dmw=2376	0.6893203883495146	0.6980952380952381	0.5052356020942408	0.6503496503496503	0.6831168831168831	0.6919831223628692	0.6865671641791045	0.7210884353741497	0.7226277372262774	0.4666666666666667	0.6	0.2653061224489796	0.6621621621621622	0.75	0.717391304347826	0.7272727272727273	0.6122448979591837
dmw=2377	0.7204301075268817	0.7131147540983607	0.6452702702702703	0.8	0.7787878787878788	0.8195488721804511	0.74	0.7623318385650224	0.7319587628865979	0.5675675675675675	0.6909090909090909	0.21739130434782608	0.6792452830188679	0.8873239436619719	0.7857142857142857	0.8214285714285714	0.6571428571428571
dmw=2379	0.887987012987013	0.8444130127298444	0.8693877551020408	0.9304347826086956	0.9356223175965666	0.98	0.9248826291079812	0.8529411764705882	0.9014084507042254	0.9672131147540983	0.8924731182795699	0.95	0.0	0.9459459459459459	0.0	0.9824561403508771	0.71875
dmw=2408	0.8873239436619719	0.8464311463590483	0.8434442270058709	0.9168646080760094	0.6862745098039216	0.8051470588235294	0.7445414847161572	0.9142857142857143	0.7161290322580646	0.8435374149659864	0.8405797101449275	0.9012345679012346	0.7679558011049724	0.5042735042735043	0.7636363636363637	0.9019607843137255	0.8888888888888888
dmw=2409	0.8765081618168914	0.8273037542662116	0.898876404494382	0.9090909090909091	0.7123287671232876	0.7550432276657061	0.6992031872509961	0.8842592592592593	0.6728971962616822	0.8028846153846154	0.8142857142857143	0.9270833333333334	0.8461538461538461	0.8271604938271605	0.6666666666666666	0.9024390243902439	0.9552238805970149
dmw=2416	0.8976868327402135	0.8518518518518519	0.9006622516556292	0.9475409836065574	0.8927835051546392	0.9635761589403974	0.9297297297297298	0.9122807017543859	0.9104477611940298	0.7777777777777778	0.8651685393258427	0.8110236220472441	0.6046511627906976	0.9583333333333334	0.9552238805970149	0.9117647058823529	0.5151515151515151
dmw=2417	0.9236311239193083	0.8987286277948269	0.9096244131455399	0.9507494646680942	0.9502664298401421	0.9620253164556962	0.9308996088657105	0.9226327944572749	0.9398340248962656	0.755	0.9206349206349206	0.8888888888888888	0.8879668049792531	0.9251336898395722	0.9539170506912442	0.9915966386554622	0.7666666666666667
dmw=2418	0.9378292939936775	0.9245398773006135	0.9235511713933415	0.9751131221719457	0.9217948717948717	0.9548532731376975	0.9428104575163399	0.9378330373001776	0.9540229885057471	0.935672514619883	0.946236559139785	0.889763779527559	0.7747252747252747	0.9790209790209791	0.9736842105263158	0.9767441860465116	0.6582278481012658
dmw=2433	0.1573187414500684	0.14167650531286896	0.08021390374331551	0.15723270440251572	0.21710526315789475	0.23140495867768596	0.1791044776119403	0.059113300492610835	0.12612612612612611	0.16304347826086957	0.06944444444444445	0.16470588235294117	0.225	0.15384615384615385	0.0	0.125	0.36
dmw=2438	0.22135922330097088	0.09429280397022333	0.55	0.37373737373737376	0.4085603112840467	0.7183098591549296	0.5974025974025974	0.3511450381679389	0.6268656716417911	0.6153846153846154	0.32727272727272727	0.8947368421052632	0.3888888888888889	0.3076923076923077	0.5	0.7777777777777778	0.8
dmw=2454	0.6591458501208702	0.6399635867091489	0.6503237742830712	0.6450428396572827	0.3124406457739791	0.6865203761755486	0.38333333333333336	0.637466307277628	0.4956268221574344	0.5551181102362205	0.44623655913978494	0.6689655172413793	0.5988023952095808	0.5928853754940712	0.6415094339622641	0.6666666666666666	0.7714285714285715
dmw=2465	0.4759725400457666	0.43870402802101577	0.5544554455445545	0.5439093484419264	0.6420581655480985	0.8200836820083682	0.7690476190476191	0.37575757575757573	0.7647058823529411	0.5833333333333334	0.43333333333333335	0.6938775510204082	0.5655172413793104	0.574468085106383	0.782051282051282	0.828125	0.7142857142857143
dmw=2468	0.3254310344827586	0.26964285714285713	0.5358851674641149	0.40336134453781514	0.5019305019305019	0.7948717948717948	0.42777777777777776	0.27586206896551724	0.5384615384615384	0.22580645161290322	0.4146341463414634	0.3870967741935484	0.2222222222222222	0.6382978723404256	0.4117647058823529	0.55	0.8214285714285714
dmw=2472	0.925	0.8913043478260869	0.9005681818181818	0.932258064516129	0.8883720930232558	0.9717514124293786	0.9367088607594937	0.915625	0.8913043478260869	0.7435897435897436	0.9587628865979382	0.9120879120879121	0.6043956043956044	0.8333333333333334	0.8648648648648649	1.0	0.9523809523809523
dmw=2473	0.0071090047393364926	0.00228310502283105	0.0	0.008695652173913044	0.0	0.02531645569620253	0.02127659574468085	0.007936507936507936	0.0	0.019230769230769232	0.0	0.0	0.045454545454545456	0.0	0.0	0.0	0.4166666666666667
dmw=2484	0.5948021264028353	0.5787259615384616	0.6348484848484849	0.6459227467811158	0.305352798053528	0.5490716180371353	0.17624521072796934	0.6190476190476191	0.17727272727272728	0.5705521472392638	0.46153846153846156	0.6544502617801047	0.5263157894736842	0.46808510638297873	0.504950495049505	0.625	0.46511627906976744
dmw=2504	0.39228723404255317	0.2946107784431138	0.4386503067484663	0.5875706214689266	0.22121212121212122	0.49375	0.23868312757201646	0.24336283185840707	0.14705882352941177	0.631578947368421	0.1267605633802817	0.46153846153846156	0.5625	0.14864864864864866	0.2903225806451613	0.75	0.7954545454545454
dmw=2524	0.7708533077660594	0.7793223284100782	0.7518072289156627	0.9026548672566371	0.6908023483365949	0.7341772151898734	0.6041666666666666	0.7598684210526315	0.7735849056603774	0.7926829268292683	0.5106382978723404	0.864406779661017	0.6993006993006993	0.7105263157894737	0.7647058823529411	0.8571428571428571	0.6666666666666666
dmw=2528	0.6386449184441656	0.624133148404993	0.8530465949820788	0.6313131313131313	0.6262626262626263	0.8862275449101796	0.3482142857142857	0.7845528455284553	0.4057971014492754	0.6605504587155964	0.575	0.9012345679012346	0.7142857142857143	0.8181818181818182	0.8214285714285714	0.8095238095238095	0.8571428571428571
dmw=2537	0.7259036144578314	0.6549520766773163	0.7428571428571429	0.9191919191919192	0.39655172413793105	0.6571428571428571	0.6231884057971014	0.775	0.6274509803921569	0.6551724137931034	0.5428571428571428	0.7037037037037037	0.8095238095238095	0.52	0.9166666666666666	0.5	0.38461538461538464
dmw=2541	0.9129098360655737	0.8710855949895616	0.9282296650717703	0.9325044404973357	0.8995327102803738	0.958904109589041	0.9069264069264069	0.9280487804878049	0.948051948051948	0.7791666666666667	0.895397489539749	0.9479768786127167	0.8869565217391304	0.9058823529411765	0.9716981132075472	0.9907407407407407	0.7254901960784313
dmw=2553	0.8366834170854272	0.8393416927899686	0.8894117647058823	0.9233226837060703	0.7719928186714542	0.8826291079812206	0.7583547557840618	0.8662613981762918	0.7857142857142857	0.7197452229299363	0.7368421052631579	0.7884615384615384	0.725	0.6666666666666666	0.5	0.9310344827586207	0.7209302325581395
dmw=2554	0.9182464454976303	0.8873239436619719	0.9320388349514563	0.9319727891156463	0.9542203147353362	0.9155405405405406	0.955193482688391	0.9269406392694064	0.9424778761061947	0.6629834254143646	0.8830409356725146	0.8103448275862069	0.908256880733945	0.9519230769230769	0.8235294117647058	0.984375	0.8547008547008547
dmw=2559	0.6921465968586388	0.6136363636363636	0.6285714285714286	0.7220338983050848	0.6055900621118012	0.6888888888888889	0.6738461538461539	0.4086687306501548	0.7222222222222222	0.723404255319149	0.5053763440860215	0.7153284671532847	0.5974025974025974	0.5615384615384615	0.8	0.8409090909090909	0.5128205128205128
dmw=2560	0.6609035136642498	0.6185819070904646	0.5702917771883289	0.7548387096774194	0.7274655355249204	0.6693333333333333	0.7566302652106084	0.236328125	0.7303921568627451	0.6308724832214765	0.6774193548387096	0.6470588235294118	0.6793893129770993	0.7169811320754716	0.7727272727272727	0.6336633663366337	0.72
dmw=2589	0.7592905405405406	0.700381679389313	0.7090163934426229	0.7913907284768212	0.5541795665634675	0.7991967871485943	0.6197183098591549	0.6966666666666667	0.6148148148148148	0.5855855855855856	0.5789473684210527	0.7288135593220338	0.7636363636363637	0.6	0.6964285714285714	0.8333333333333334	0.9113924050632911
dmw=2594	0.01509433962264151	0.030360531309297913	0.0673076923076923	0.14383561643835616	0.34545454545454546	0.04819277108433735	0.0663265306122449	0.06060606060606061	0.038461538461538464	0.10344827586206896	0.12121212121212122	0.2	0.2608695652173913	0.05405405405405406	0.0	0.26666666666666666	0.1111111111111111
dmw=2595	0.007772020725388601	0.010101010101010102	0.02702702702702703	0.0	0.005747126436781609	0.057971014492753624	0.0	0.011235955056179775	0.08333333333333333	0.0	0.2	0.2692307692307692	0.0	0.0	0.0	0.0	0.14285714285714285
dmw=2599	0.5013262599469496	0.4335981838819523	0.49328859060402686	0.5705521472392638	0.42857142857142855	0.5289256198347108	0.3721973094170404	0.3352941176470588	0.40186915887850466	0.3563218390804598	0.288135593220339	0.18181818181818182	0.704225352112676	0.2653061224489796	0.7333333333333333	0.5405405405405406	0.0
dmw=2605	0.6925612052730696	0.6389342033713975	0.6634214186369958	0.7413793103448276	0.55980271270037	0.6958637469586375	0.579454253611557	0.6467486818980668	0.6415929203539823	0.49489795918367346	0.6	0.7659574468085106	0.5686274509803921	0.6709401709401709	0.56	0.6976744186046512	0.7699115044247787
dmw=2606	0.9413137712570857	0.9004026845637584	0.9495040577096483	0.9566563467492261	0.9385267620561738	0.9165545087483177	0.9539473684210527	0.9456635318704284	0.9326145552560647	0.7985074626865671	0.8864864864864865	0.9007936507936508	0.8161764705882353	0.9667519181585678	0.9743589743589743	0.9801980198019802	0.9224806201550387
dmw=2607	0.7046004842615012	0.6682692307692307	0.7550644567219152	0.7457212713936431	0.5561594202898551	0.7319884726224783	0.5064655172413793	0.7410526315789474	0.5590062111801242	0.7722772277227723	0.6460176991150443	0.7619047619047619	0.5168539325842697	0.5257731958762887	0.5128205128205128	0.7291666666666666	0.7377049180327869
dmw=2611	0.8963254593175853	0.852437417654809	0.9175627240143369	0.9130434782608695	0.8932384341637011	0.95	0.8915254237288136	0.9109947643979057	0.9487179487179487	0.7111111111111111	0.7966101694915254	0.7916666666666666	0.45454545454545453	0.9043478260869565	0.9655172413793104	0.9375	0.8636363636363636
dmw=2612	0.23275862068965517	0.18114406779661016	0.36883116883116884	0.3056768558951965	0.2109704641350211	0.31092436974789917	0.24390243902439024	0.22330097087378642	0.3025210084033613	0.2962962962962963	0.16326530612244897	0.2894736842105263	0.1935483870967742	0.33540372670807456	0.3125	0.4666666666666667	0.17647058823529413
dmw=2618	0.8439975624619135	0.7742363877822045	0.8414814814814815	0.8246869409660107	0.7249255213505462	0.8146341463414634	0.6818181818181818	0.8349650349650349	0.8108108108108109	0.7278481012658228	0.7723577235772358	0.8818897637795275	0.7898089171974523	0.7568627450980392	0.6774193548387096	0.8513513513513513	0.7452830188679245
dmw=2621	0.8779761904761905	0.7906976744186046	0.8201970443349754	0.8793774319066148	0.6056338028169014	0.8409090909090909	0.6676136363636364	0.873015873015873	0.7454545454545455	0.8131868131868132	0.7603305785123967	0.8135593220338984	0.7692307692307693	0.573170731707317	0.7317073170731707	0.9444444444444444	0.8787878787878788
dmw=2622	0.7899106002554278	0.6892128279883382	0.7889784946236559	0.8224101479915433	0.5051652892561983	0.6534653465346535	0.5274949083503055	0.7984496124031008	0.5555555555555556	0.6086956521739131	0.7195121951219512	0.8014184397163121	0.6741573033707865	0.4602272727272727	0.575	0.7894736842105263	0.8235294117647058
dmw=2623	0.8112128146453089	0.7303754266211604	0.8737113402061856	0.8677248677248677	0.4134366925064599	0.6788321167883211	0.46099290780141844	0.8601694915254238	0.5754716981132075	0.6942148760330579	0.6323529411764706	0.8524590163934426	0.7872340425531915	0.6097560975609756	0.725	0.9111111111111111	0.9696969696969697
dmw=2624	0.8866242038216561	0.8588235294117647	0.9695431472081218	0.9230769230769231	0.8958904109589041	0.9668508287292817	0.8369565217391305	0.9183673469387755	0.7926829268292683	0.48514851485148514	0.7796610169491526	0.9423076923076923	0.7450980392156863	0.9347826086956522	1.0	0.9833333333333333	0.8333333333333334
dmw=2626	0.7352941176470589	0.7002457002457002	0.7734375	0.8363636363636363	0.453416149068323	0.826530612244898	0.30973451327433627	0.7446808510638298	0.5384615384615384	0.5869565217391305	0.8064516129032258	0.6363636363636364	0.8823529411764706	0.717391304347826	0.0	0.9583333333333334	0.6111111111111112
dmw=2631	0.9302884615384616	0.9229534510433387	0.956	0.9619047619047619	0.95578231292517	0.916030534351145	0.9504643962848297	0.924812030075188	0.9464285714285714	0.6122448979591837	0.9479166666666666	0.8947368421052632	1.0	0.9705882352941176	1.0	0.71875	0.9318181818181818
dmw=2635	0.864516129032258	0.8349146110056926	0.8251121076233184	0.9041095890410958	0.7306501547987616	0.9696969696969697	0.7371134020618557	0.8918918918918919	0.6829268292682927	0.9090909090909091	0.6666666666666666	0.75	0.6190476190476191	0.7435897435897436	0.76	0.875	0.5
dmw=2636	0.7515151515151515	0.6194690265486725	0.6951219512195121	0.8	0.3157894736842105	0.6808510638297872	0.3503184713375796	0.6692307692307692	0.49019607843137253	0.59375	0.5833333333333334	0.6041666666666666	0.6666666666666666	0.4411764705882353	0.8	0.8571428571428571	0.7142857142857143
dmw=2637	0.9353128313891834	0.9260869565217391	0.8745644599303136	0.9315068493150684	0.9353932584269663	0.961352657004831	0.9377289377289377	0.9496402877697842	0.9292929292929293	0.6541353383458647	0.96875	0.9333333333333333	0.9107142857142857	0.9714285714285714	0.9411764705882353	1.0	0.6216216216216216
dmw=2640	0.8467573221757322	0.7795901296528649	0.8680659670164917	0.8625204582651391	0.9067669172932331	0.8831168831168831	0.8533604887983707	0.8700787401574803	0.8697478991596639	0.6842105263157895	0.8454545454545455	0.8111111111111111	0.5675675675675675	0.896551724137931	0.923728813559322	0.8241758241758241	0.9411764705882353
dmw=2642	0.2807244501940492	0.3037037037037037	0.4674329501915709	0.39111111111111113	0.2638888888888889	0.46113989637305697	0.2634730538922156	0.23529411764705882	0.21428571428571427	0.46551724137931033	0.3389830508474576	0.43478260869565216	0.2903225806451613	0.19148936170212766	0.52	0.18181818181818182	0.5972222222222222
dmw=2648	0.5866454689984102	0.5089928057553957	0.3854748603351955	0.6428571428571429	0.2535211267605634	0.4117647058823529	0.26881720430107525	0.39090909090909093	0.2037037037037037	0.46808510638297873	0.5522388059701493	0.07317073170731707	0.5	0.21875	0.5333333333333333	0.6956521739130435	0.625
dmw=2650	0.9281376518218624	0.90625	0.9281045751633987	0.9330543933054394	0.8262548262548263	0.8894736842105263	0.8791946308724832	0.9296875	0.8368794326241135	0.6770833333333334	0.9375	0.9259259259259259	0.6666666666666666	0.7857142857142857	0.9629629629629629	0.9090909090909091	0.8103448275862069
dmw=2656	0.9235251274581209	0.9242970439798125	0.9122055674518201	0.9631578947368421	0.8275434243176178	0.9094827586206896	0.9276672694394213	0.9251336898395722	0.900497512437811	0.8366336633663366	0.9404761904761905	0.9841269841269841	0.8345864661654135	0.8739495798319328	0.925	0.98	0.9791666666666666
dmw=2664	0.18969072164948453	0.1468668407310705	0.15017064846416384	0.23076923076923078	0.09051724137931035	0.2392638036809816	0.0744920993227991	0.10683760683760683	0.12698412698412698	0.2620689655172414	0.08275862068965517	0.2391304347826087	0.19672131147540983	0.07936507936507936	0.18478260869565216	0.1891891891891892	0.1746031746031746
dmw=2665	0.5582608695652174	0.47192716236722304	0.6055045871559633	0.5987654320987654	0.1937984496124031	0.6635514018691588	0.08796296296296297	0.38235294117647056	0.06741573033707865	0.5416666666666666	0.18604651162790697	0.5128205128205128	0.6428571428571429	0.19298245614035087	0.07142857142857142	0.7	0.8064516129032258
dmw=2666	0.9108635097493036	0.8871331828442438	0.9306666666666666	0.9559585492227979	0.9229074889867841	0.9217687074829932	0.9426877470355731	0.9585798816568047	0.896	0.8333333333333334	0.8805970149253731	0.9411764705882353	0.7530864197530864	0.9259259259259259	1.0	0.8636363636363636	0.8636363636363636
dmw=2673	0.9037184594953519	0.8587167854828257	0.9450980392156862	0.9261904761904762	0.8934010152284264	0.9187279151943463	0.8814531548757171	0.9053117782909931	0.9037037037037037	0.8597560975609756	0.76	0.8191489361702128	0.8585858585858586	0.9647058823529412	0.9583333333333334	0.9743589743589743	0.7142857142857143
dmw=2674	0.8859550561797753	0.8404494382022472	0.9218967921896792	0.9489559164733179	0.8794587945879458	0.9516539440203562	0.8996763754045307	0.8745704467353952	0.9142857142857143	0.648936170212766	0.8533333333333334	0.8571428571428571	0.8229166666666666	0.8783783783783784	0.9426229508196722	0.9696969696969697	0.6704545454545454
dmw=2680	0.9192111959287532	0.9021897810218978	0.9411764705882353	0.9251336898395722	0.856093979441997	0.9533678756476683	0.8856749311294766	0.9322033898305084	0.9041916167664671	0.5851851851851851	0.8936170212765957	0.9112903225806451	0.9863013698630136	0.9029126213592233	0.9444444444444444	0.975	0.92
dmw=2681	0.3175197669579692	0.2680272108843537	0.449936628643853	0.4153846153846154	0.551594746716698	0.5844402277039848	0.5565912117177098	0.2662807525325615	0.5914893617021276	0.51440329218107	0.2608695652173913	0.6402439024390244	0.425	0.5970873786407767	0.6074766355140186	0.6090909090909091	0.5569620253164557
dmw=2684	0.8911988911988912	0.8475559237779619	0.9456928838951311	0.9176829268292683	0.9306049822064056	0.9451476793248945	0.872093023255814	0.9252873563218391	0.9235668789808917	0.5967741935483871	0.8333333333333334	0.8245614035087719	0.7927927927927928	0.9735099337748344	0.9622641509433962	0.8681318681318682	0.7666666666666667
dmw=2687	0.8984602580108199	0.8562596599690881	0.9086908690869087	0.9419354838709677	0.9216589861751152	0.9228007181328546	0.914349276974416	0.8986568986568987	0.9077380952380952	0.7733812949640287	0.8663793103448276	0.9307692307692308	0.9230769230769231	0.9539473684210527	0.9230769230769231	0.9344262295081968	0.6962025316455697
dmw=2689	0.9297610427226647	0.8699122106943336	0.9415584415584416	0.929471032745592	0.9344608879492601	0.9704142011834319	0.9146666666666666	0.9146005509641874	0.9186602870813397	0.6336633663366337	0.8555555555555555	0.7704918032786885	0.8863636363636364	0.9841269841269841	0.8888888888888888	0.9642857142857143	0.7948717948717948
dmw=2691	0.8938906752411575	0.8686058174523571	0.9025787965616046	0.9098039215686274	0.8623188405797102	0.9216867469879518	0.9290123456790124	0.9036144578313253	0.9204545454545454	0.43902439024390244	0.8620689655172413	0.717948717948718	0.8	0.8529411764705882	1.0	0.975609756097561	0.6060606060606061
dmw=2692	0.7076023391812866	0.6352201257861635	0.6868798235942668	0.7714987714987716	0.41114058355437666	0.6345177664974619	0.4591304347826087	0.5674740484429066	0.5948905109489051	0.7256317689530686	0.6467661691542289	0.7835051546391752	0.5862068965517241	0.3723404255319149	0.5245901639344263	0.6025641025641025	0.7903225806451613
dmw=2695	0.8881453154875717	0.8446866485013624	0.8762886597938144	0.8933823529411765	0.6888888888888889	0.9133858267716536	0.7855297157622739	0.868421052631579	0.8211920529801324	0.8169934640522876	0.8627450980392157	0.8	0.8257575757575758	0.676923076923077	0.7105263157894737	0.9428571428571428	0.7741935483870968
dmw=2696	0.48304157549234134	0.47675675675675677	0.4417952314165498	0.5724137931034483	0.363265306122449	0.5139318885448917	0.41818181818181815	0.41605839416058393	0.46366782006920415	0.5091743119266054	0.39226519337016574	0.363013698630137	0.4647887323943662	0.42038216560509556	0.5135135135135135	0.52	0.4444444444444444
dmw=2701	0.8718152866242038	0.7985280588776449	0.8375241779497099	0.8790322580645161	0.5275310834813499	0.8808139534883721	0.6656716417910448	0.7668711656441718	0.7413793103448276	0.7701149425287356	0.6036036036036037	0.9156626506024096	0.9047619047619048	0.7349397590361446	0.9032258064516129	0.9090909090909091	0.851063829787234
dmw=2705	0.718132854578097	0.6810551558752997	0.6610576923076923	0.7395209580838323	0.594170403587444	0.7857142857142857	0.5815384615384616	0.6835106382978723	0.7943262411347518	0.7603686635944701	0.574468085106383	0.813953488372093	0.7435897435897436	0.552	0.7027027027027027	0.8367346938775511	0.7666666666666667
dmw=2706	0.9057539682539683	0.8592592592592593	0.9335106382978723	0.932	0.8938547486033519	0.9196787148594378	0.8741007194244604	0.9157303370786517	0.972972972972973	0.4411764705882353	0.9113924050632911	0.5609756097560976	1.0	0.9316239316239316	1.0	0.9523809523809523	0.5873015873015873
dmw=2708	0.9117647058823529	0.9119047619047619	0.9583333333333334	0.9477611940298507	0.6648936170212766	0.7714285714285715	0.24855491329479767	0.8601398601398601	0.4411764705882353	0.8823529411764706	0.5	0.9117647058823529	0.7142857142857143	0.5576923076923077	0.92	0.8235294117647058	1.0
dmw=2720	0.9157725321888412	0.8768768768768769	0.9364161849710982	0.927710843373494	0.9175	0.9347826086956522	0.9402092675635276	0.9309262166405023	0.9519650655021834	0.8666666666666667	0.9361702127659575	0.7317073170731707	0.88	0.9651162790697675	0.9387755102040817	0.8372093023255814	0.6363636363636364
dmw=2721	0.9347568208778173	0.9424242424242424	0.93359375	0.9571428571428572	0.8891752577319587	0.8870967741935484	0.9377593360995851	0.9551569506726457	0.9666666666666667	0.6097560975609756	0.8857142857142857	0.890625	0.8412698412698413	0.8962264150943396	1.0	0.8285714285714286	0.7142857142857143
dmw=2723	0.8998548621190131	0.8510324483775811	0.9307116104868914	0.9554730983302412	0.9379084967320261	0.9540983606557377	0.9393139841688655	0.92	0.9017857142857143	0.6581632653061225	0.7383177570093458	0.9694656488549618	0.8285714285714286	0.9479166666666666	0.9866666666666667	1.0	0.82
dmw=2724	0.892992938620315	0.8907317073170732	0.9133489461358314	0.9365750528541226	0.892059553349876	0.9315476190476191	0.9197530864197531	0.8912685337726524	0.9389312977099237	0.7111111111111111	0.8285714285714286	0.8359788359788359	0.7153284671532847	0.9615384615384616	0.8214285714285714	0.9626168224299065	0.8148148148148148
dmw=2725	0.8236566895059503	0.8022678951098512	0.9125364431486881	0.911340206185567	0.8989098116947473	0.899581589958159	0.8628048780487805	0.8751902587519026	0.9720930232558139	0.780564263322884	0.8211920529801324	0.9173553719008265	0.8225806451612904	0.9715909090909091	0.9206349206349206	0.9103448275862069	0.6454545454545455
dmw=2728	0.9092797783933518	0.8834459459459459	0.9300411522633745	0.9243027888446215	0.942684766214178	0.9649122807017544	0.9475262368815592	0.9256360078277887	0.9251700680272109	0.8626609442060086	0.8827160493827161	0.9272727272727272	0.8739495798319328	0.9612403100775194	0.9444444444444444	0.96875	0.8777777777777778
dmw=2736	0.8839805825242718	0.8685661764705882	0.9052224371373307	0.9167862266857962	0.9294117647058824	0.9605263157894737	0.8996865203761756	0.9216417910447762	0.9132653061224489	0.7657992565055762	0.8584070796460177	0.8625	0.9615384615384616	0.9452054794520548	0.9558823529411765	0.9724770642201835	0.7886178861788617
dmw=2737	0.882321618743344	0.8641358641358642	0.8144329896907216	0.9256360078277887	0.896774193548387	0.88	0.9162717219589257	0.8942731277533039	0.8784530386740331	0.7635135135135135	0.9021739130434783	0.8289473684210527	0.8263888888888888	0.9162303664921466	1.0	0.9714285714285714	0.9072164948453608
dmw=2738	0.927246790299572	0.8963815789473685	0.9563318777292577	0.9571428571428572	0.9115384615384615	0.9701492537313433	0.9521531100478469	0.9420289855072463	0.9148936170212766	0.6666666666666666	0.7580645161290323	0.8918918918918919	0.9583333333333334	0.918918918918919	1.0	0.8571428571428571	0.0
dmw=2739	0.9031746031746032	0.8421052631578947	0.9166666666666666	0.9261363636363636	0.9065420560747663	0.9605263157894737	0.9269102990033222	0.8916256157635468	0.9230769230769231	0.8478260869565217	0.8095238095238095	0.8333333333333334	0.6607142857142857	0.9259259259259259	0.8	0.9512195121951219	0.675
dmw=2741	0.873024523160763	0.8177618069815195	0.9017964071856287	0.8780487804878049	0.9028727770177839	0.975975975975976	0.8763636363636363	0.9007936507936508	0.9244712990936556	0.716	0.8837209302325582	0.9375	0.7283950617283951	0.9406392694063926	0.9861111111111112	0.9436619718309859	0.7534246575342466
dmw=2742	0.9032663316582915	0.8981042654028436	0.8958333333333334	0.9380165289256198	0.937888198757764	0.9736842105263158	0.927536231884058	0.9263157894736842	0.9354838709677419	0.6388888888888888	0.9285714285714286	0.9347826086956522	0.9555555555555556	0.94	0.9444444444444444	0.8571428571428571	0.8604651162790697
dmw=2743	0.9052886277220878	0.8219373219373219	0.9429530201342282	0.9302600472813238	0.9122171945701357	0.9568788501026694	0.9176991150442478	0.9207436399217221	0.9202226345083488	0.7029411764705882	0.87248322147651	0.9454545454545454	0.9069767441860465	0.9209486166007905	0.9495798319327731	0.9139784946236559	0.8362573099415205
dmw=2744	0.8985355648535565	0.8516329704510109	0.9141914191419142	0.9318448883666275	0.9281088082901554	0.9464033850493653	0.9233009708737864	0.9290085679314566	0.9219330855018587	0.5977443609022557	0.8943396226415095	0.9205607476635514	0.9042553191489362	0.9233333333333333	0.9519230769230769	0.9727272727272728	0.7868852459016393
dmw=2745	0.8427315054319711	0.7897018970189702	0.874025974025974	0.8743545611015491	0.8893528183716075	0.9417879417879418	0.8946078431372549	0.9034229828850856	0.9233128834355828	0.6360294117647058	0.8498168498168498	0.8672985781990521	0.8014705882352942	0.8490566037735849	0.9684684684684685	0.8928571428571429	0.5230769230769231
dmw=2747	0.8851113716295428	0.831858407079646	0.8639798488664987	0.8794326241134752	0.859122401847575	0.9076923076923077	0.8948948948948949	0.9123376623376623	0.9213483146067416	0.9012345679012346	0.7857142857142857	0.8846153846153846	0.7894736842105263	0.9629629629629629	0.72	0.8947368421052632	0.8148148148148148
dmw=2748	0.8718354430379747	0.826797385620915	0.8811320754716981	0.9179954441913439	0.8625429553264605	0.9482758620689655	0.8894601542416453	0.9052924791086351	0.9166666666666666	0.6363636363636364	0.8548387096774194	0.9539473684210527	0.9058823529411765	0.8484848484848485	0.9433962264150944	0.926605504587156	0.43478260869565216
dmw=2749	0.8757948283170836	0.8747524752475248	0.9252548131370328	0.8900709219858156	0.8617131062951496	0.9573820395738204	0.916083916083916	0.9267563527653214	0.9109947643979057	0.6035714285714285	0.8686131386861314	0.8556701030927835	0.8452380952380952	0.9444444444444444	0.967391304347826	0.9468599033816425	0.7966101694915254
dmw=2750	0.9012066365007542	0.9081491712707183	0.9084406294706724	0.9281314168377823	0.9178082191780822	0.9173228346456693	0.9443099273607748	0.9046321525885559	0.9221556886227545	0.6700507614213198	0.9172413793103448	0.9310344827586207	0.8058252427184466	0.9457364341085271	0.3333333333333333	0.9912280701754386	0.8235294117647058
dmw=2754	0.9260077305356157	0.9060324825986079	0.9533678756476683	0.9266802443991853	0.9223181257706535	0.9320652173913043	0.9385113268608414	0.9522821576763485	0.9583333333333334	0.6801801801801802	0.8769230769230769	0.8958333333333334	0.9415584415584416	0.9567567567567568	0.7674418604651163	0.9696969696969697	0.9285714285714286
dmw=2755	0.8933040614709111	0.8526966531656364	0.9187817258883249	0.9174867524602573	0.9032076533483399	0.9535984848484849	0.8859910581222057	0.9033333333333333	0.8846761453396524	0.7299270072992701	0.8861386138613861	0.8327974276527331	0.8881987577639752	0.9185393258426966	0.9294117647058824	0.8850574712643678	0.7058823529411765
dmw=2756	0.8973548016101207	0.8786307053941909	0.9183222958057395	0.9312581063553826	0.9176557863501483	0.9610169491525423	0.9082308420056765	0.9402390438247012	0.9193548387096774	0.6789366053169734	0.8701657458563536	0.8792270531400966	0.7590361445783133	0.9462915601023018	0.9274193548387096	0.9523809523809523	0.9555555555555556
dmw=2757	0.8858267716535433	0.9000768639508071	0.8906077348066298	0.8976660682226212	0.9325102880658436	0.9558823529411765	0.9299552906110283	0.9016829052258636	0.9216300940438872	0.8862144420131292	0.8447488584474886	0.8926553672316384	0.9647887323943662	0.9078014184397163	0.8978494623655914	0.9361702127659575	0.7906976744186046
dmw=2758	0.892292490118577	0.8506774286537907	0.8920552677029361	0.9200524246395806	0.8986438258386866	0.92904953145917	0.89924670433145	0.9179580674567	0.8814317673378076	0.668693009118541	0.8738317757009346	0.9216300940438872	0.711864406779661	0.9415041782729805	0.8571428571428571	0.9736842105263158	0.7591240875912408
dmw=2759	0.9068123393316195	0.8729937194696441	0.9222614840989399	0.9429223744292238	0.9263005780346821	0.9576923076923077	0.936734693877551	0.9382151029748284	0.9647058823529412	0.6547619047619048	0.7777777777777778	0.81	1.0	0.976303317535545	0.9431818181818182	0.9387755102040817	0.7951807228915663
dmw=2760	0.6243928764166217	0.5827845719661335	0.6299112801013942	0.669609079445145	0.5672169811320755	0.5170068027210885	0.5270049099836334	0.608286252354049	0.5144927536231884	0.6293436293436293	0.6632653061224489	0.46206896551724136	0.5848214285714286	0.46710526315789475	0.7112676056338029	0.6491228070175439	0.6043956043956044
dmw=2763	0.4583333333333333	0.44932844932844934	0.47619047619047616	0.5130434782608696	0.334375	0.4628099173553719	0.3709090909090909	0.4878048780487805	0.47560975609756095	0.4	0.3157894736842105	0.5094339622641509	0.25	0.4897959183673469	0.3076923076923077	0.6129032258064516	0.55
dmw=2767	0.8910590277777778	0.8609480812641084	0.9312169312169312	0.9250645994832042	0.9240724762726489	0.9303482587064676	0.9141242937853107	0.9399441340782123	0.9130434782608695	0.792156862745098	0.8458646616541353	0.8938053097345132	0.8393574297188755	0.9117647058823529	0.9923664122137404	0.9829059829059829	0.7216494845360825
dmw=2768	0.9215304798962386	0.8995433789954338	0.9305331179321487	0.9264990328820116	0.9442896935933147	0.9693877551020408	0.972972972972973	0.9579439252336449	0.9462809917355371	0.6756756756756757	0.8584070796460177	0.9382022471910112	0.7596899224806202	0.9555555555555556	1.0	0.9523809523809523	0.797979797979798
dmw=2769	0.88	0.8471030042918455	0.90875	0.9220532319391636	0.8998716302952503	0.9020979020979021	0.9021739130434783	0.9221183800623053	0.9523809523809523	0.5407725321888412	0.8365384615384616	0.8536585365853658	0.95	0.954225352112676	0.9824561403508771	0.8351648351648352	0.8356164383561644
dmw=2770	0.9193020719738277	0.8598949211908932	0.9185580774365821	0.9601769911504425	0.939453125	0.9553805774278216	0.922752808988764	0.9486652977412731	0.9530864197530864	0.6653846153846154	0.917098445595855	0.978494623655914	0.8854166666666666	0.94921875	0.9705882352941176	0.9873417721518988	0.8987341772151899
dmw=2771	0.4288840262582057	0.4381752701080432	0.774074074074074	0.5906432748538012	0.6911111111111111	0.8223350253807107	0.6350877192982456	0.7475083056478405	0.7894736842105263	0.6463414634146342	0.4791666666666667	0.7333333333333333	0.3924050632911392	0.8947368421052632	0.9552238805970149	0.6444444444444445	0.8076923076923077
dmw=2772	0.8130217028380634	0.7745202558635395	0.8975535168195719	0.8645320197044335	0.8433544303797469	0.9388379204892966	0.8509874326750448	0.8607350096711799	0.7639751552795031	0.782608695652174	0.7368421052631579	0.9041095890410958	0.8313253012048193	0.851145038167939	0.8990825688073395	0.9411764705882353	0.4492753623188406
dmw=2773	0.8980627306273062	0.8675274988043998	0.9022757697456493	0.9237918215613383	0.8952007835455436	0.9197952218430034	0.9432013769363167	0.9330254041570438	0.916058394160584	0.7020408163265306	0.8529411764705882	0.9015748031496063	0.8305084745762712	0.9272727272727272	0.9915254237288136	0.9565217391304348	0.9318181818181818
dmw=2774	0.8728399087055755	0.8263371699390657	0.9023883696780893	0.9128686327077749	0.9013333333333333	0.940952380952381	0.9175475687103594	0.884472049689441	0.8952380952380953	0.8178807947019867	0.7990654205607477	0.9383886255924171	0.7942238267148014	0.8272727272727273	0.890625	0.9745222929936306	0.7384615384615385
dmw=2775	0.8848739495798319	0.8418604651162791	0.9111969111969112	0.9448584202682563	0.9447852760736196	0.9454855195911414	0.9085439229843562	0.921760391198044	0.92	0.6746575342465754	0.852112676056338	0.9210526315789473	0.8969072164948454	0.9265734265734266	1.0	0.952054794520548	0.7916666666666666
dmw=2776	0.9091659785301404	0.8789551140544518	0.8986784140969163	0.9026548672566371	0.9311827956989247	0.936986301369863	0.930171277997365	0.9378806333739342	0.926829268292683	0.7106109324758842	0.8851674641148325	0.9003436426116839	0.875	0.9535864978902954	0.9896907216494846	0.953125	0.7875
dmw=2777	0.8523230088495575	0.7934879571810883	0.9055627425614489	0.9229422066549913	0.8529839883551674	0.96875	0.8854337152209493	0.890652557319224	0.841025641025641	0.707196029776675	0.8390243902439024	0.9291338582677166	0.7894736842105263	0.867816091954023	0.9787234042553191	0.9473684210526315	0.67
dmw=2778	0.8248484848484848	0.7786796536796536	0.8814016172506739	0.9014598540145985	0.8834355828220859	0.9119318181818182	0.8724279835390947	0.8760683760683761	0.9279661016949152	0.6724137931034483	0.76	0.9036144578313253	0.732824427480916	0.9243243243243243	0.9130434782608695	0.984375	0.6727272727272727
dmw=2779	0.8505957836846929	0.8240819812126388	0.8288100208768268	0.9362416107382551	0.9039087947882736	0.9153846153846154	0.8986666666666666	0.8782201405152225	0.8716216216216216	0.8333333333333334	0.9298245614035088	0.6122448979591837	0.8552631578947368	0.9404761904761905	1.0	0.9534883720930233	0.813953488372093
dmw=2780	0.8860195903829029	0.836801752464403	0.8895705521472392	0.8952879581151832	0.9133489461358314	0.9656862745098039	0.8974358974358975	0.9206349206349206	0.8863636363636364	0.664179104477612	0.7294117647058823	0.9523809523809523	0.5625	0.9611650485436893	0.9705882352941176	0.68	0.9333333333333333
dmw=2781	0.8657765284609978	0.8459280997798972	0.8925438596491229	0.9246987951807228	0.8896210873146623	0.9665271966527197	0.9146608315098468	0.919431279620853	0.9371069182389937	0.6423357664233577	0.8162162162162162	0.9024390243902439	0.8983050847457628	0.9615384615384616	0.9230769230769231	0.9245283018867925	0.5416666666666666
dmw=2782	0.7953156822810591	0.6720226843100189	0.8646080760095012	0.9024390243902439	0.8065099457504521	0.9044117647058824	0.7838541666666666	0.8189300411522634	0.7361111111111112	0.8715596330275229	0.7583333333333333	0.8	0.5	0.7481481481481481	0.88	0.8392857142857143	0.6385542168674698
dmw=2783	0.8361650485436893	0.7048319327731093	0.9	0.8883928571428571	0.8857142857142857	0.937984496124031	0.8090614886731392	0.8397435897435898	0.8613861386138614	0.6698113207547169	0.8	0.9242424242424242	0.9113924050632911	0.9178082191780822	0.8709677419354839	1.0	0.5
dmw=2784	0.8800605372682557	0.8105226960110041	0.9227906976744186	0.9134078212290503	0.8943862987630827	0.9531502423263328	0.9164948453608247	0.8994152046783626	0.9228971962616822	0.844632768361582	0.8384615384615385	0.9090909090909091	0.7466666666666667	0.9488188976377953	0.9393939393939394	0.9879518072289156	0.5588235294117647
dmw=2785	0.8770442156268928	0.8482573726541555	0.8881491344873502	0.9201680672268907	0.9125364431486881	0.9296875	0.9215291750503019	0.9390519187358917	0.9277566539923955	0.9084249084249084	0.7899159663865546	0.75	0.7582417582417582	0.8980891719745223	0.975609756097561	0.9583333333333334	0.7083333333333334
dmw=2786	0.8303886925795053	0.8021978021978022	0.9207708779443254	0.8924302788844621	0.8420107719928187	0.9534883720930233	0.8929384965831435	0.8787878787878788	0.8932038834951457	0.6589147286821705	0.7525773195876289	0.9459459459459459	0.9565217391304348	0.9135802469135802	1.0	0.873015873015873	0.676056338028169
dmw=2787	0.8953831041257367	0.8638454461821528	0.8925619834710744	0.9193245778611632	0.843609022556391	0.926923076923077	0.8705179282868526	0.9411764705882353	0.7150537634408602	0.6121212121212121	0.812206572769953	0.7547169811320755	0.8391608391608392	0.8579881656804734	0.8842105263157894	0.9393939393939394	0.8703703703703703
dmw=2788	0.82560706401766	0.7297297297297297	0.8063157894736842	0.844574780058651	0.8526912181303116	0.8756906077348067	0.8729411764705882	0.8913525498891353	0.8426966292134831	0.6239316239316239	0.7849462365591398	0.9210526315789473	0.9636363636363636	0.8839285714285714	0.9047619047619048	0.9122807017543859	0.3333333333333333
dmw=2789	0.8677400805060379	0.8139069534767384	0.9410801963993454	0.9289176090468497	0.8922518159806295	0.9874371859296482	0.8746223564954683	0.8849372384937239	0.8645833333333334	0.6737967914438503	0.8866666666666667	0.8278688524590164	0.8592592592592593	0.9438202247191011	0.9876543209876543	0.9753086419753086	0.7333333333333333
dmw=2790	0.8475972540045766	0.7761506276150628	0.9207459207459208	0.9193548387096774	0.8909090909090909	0.9525	0.8929088277858177	0.8842105263157894	0.8866279069767442	0.6826086956521739	0.7887323943661971	0.7988505747126436	0.9682539682539683	0.8308823529411765	0.8481012658227848	0.95	0.7777777777777778
dmw=2791	0.8278118609406953	0.7709287796751354	0.8773148148148148	0.8495145631067961	0.8624891209747607	0.9506726457399103	0.8343465045592705	0.8475609756097561	0.8085106382978723	0.7027027027027027	0.6756756756756757	0.8604651162790697	0.5130434782608696	0.8910505836575876	0.9142857142857143	0.9886363636363636	0.5212765957446809
dmw=2792	0.8991228070175439	0.8665447897623401	0.9323144104803494	0.9076923076923077	0.9394463667820069	0.9735449735449735	0.9071925754060325	0.9148936170212766	0.9477611940298507	0.6170212765957447	0.8793103448275862	0.7419354838709677	0.8421052631578947	0.9848484848484849	0.9186046511627907	1.0	0.734375
dmw=2793	0.811291963377416	0.8007033997655334	0.8896189224704336	0.909556313993174	0.8828828828828829	0.9681978798586572	0.8485915492957746	0.8915343915343915	0.8275862068965517	0.6790123456790124	0.745945945945946	0.8167539267015707	0.9339622641509434	0.8844444444444445	0.9580838323353293	0.9880952380952381	0.6081081081081081
dmw=2794	0.889196675900277	0.8215172413793104	0.9174793698424606	0.9040835707502374	0.9079790331974374	0.9703903095558546	0.9244314013206163	0.9215530903328051	0.9243243243243243	0.6977777777777778	0.8251928020565553	0.9333333333333333	0.862453531598513	0.925764192139738	0.9528795811518325	0.8785046728971962	0.7005649717514124
dmw=2795	0.8287705326032853	0.7893518518518519	0.9069767441860465	0.9122486288848263	0.8950201884253028	0.9503105590062112	0.8821603927986906	0.8711340206185567	0.912621359223301	0.6774193548387096	0.7423076923076923	0.6766917293233082	0.8032786885245902	0.9074889867841409	0.984375	0.9230769230769231	0.6714285714285714
dmw=2796	0.8885245901639345	0.8607085346215781	0.9498806682577565	0.937037037037037	0.9221014492753623	0.8660130718954249	0.9066059225512528	0.8970588235294118	0.8913043478260869	0.5746268656716418	0.8487394957983193	0.9473684210526315	1.0	0.9166666666666666	0.9565217391304348	0.8775510204081632	0.8823529411764706
dmw=2797	0.8748778103616813	0.8130653266331658	0.8923884514435696	0.9530386740331491	0.9032258064516129	0.9444444444444444	0.9023668639053254	0.9209726443768997	0.9381443298969072	0.7902097902097902	0.8099173553719008	0.84	0.8142857142857143	0.9365079365079365	0.9166666666666666	0.9761904761904762	0.7659574468085106
dmw=2798	0.8658704639412035	0.8137535816618912	0.9099639855942377	0.9029275808936826	0.9027895181741336	0.9448669201520913	0.8907435508345979	0.9229671897289586	0.9064327485380117	0.809322033898305	0.8174273858921162	0.8555555555555555	0.9313725490196079	0.916256157635468	0.9743589743589743	0.9854014598540146	0.7246376811594203
dmw=2799	0.8800128328521014	0.8481012658227848	0.9282990083905416	0.9232981783317353	0.9250149970005999	0.9565916398713826	0.9079601990049752	0.9235602094240838	0.8210290827740492	0.7106741573033708	0.8449848024316109	0.8389261744966443	0.9038461538461539	0.9292929292929293	0.926829268292683	0.9797297297297297	0.6822429906542056
dmw=2800	0.8358103326256192	0.7631917631917632	0.943289224952741	0.9158878504672897	0.865211810012837	0.9523809523809523	0.8699360341151386	0.901840490797546	0.8507462686567164	0.7133333333333334	0.8461538461538461	0.9508196721311475	0.9017857142857143	0.9150943396226415	1.0	1.0	0.7727272727272727
dmw=2801	0.8081761006289309	0.7325783972125436	0.9073569482288828	0.8825757575757576	0.8309278350515464	0.8943661971830986	0.823943661971831	0.8949771689497716	0.7756410256410257	0.8073394495412844	0.8513513513513513	0.8691588785046729	0.9886363636363636	0.8148148148148148	0.9523809523809523	0.9027777777777778	0.39285714285714285
dmw=2802	0.8370452858203415	0.7828685258964143	0.8647342995169082	0.9005847953216374	0.8789903489235338	0.9269746646795827	0.8745098039215686	0.8694232861806311	0.9564032697547684	0.6463414634146342	0.7428571428571429	0.8988326848249028	0.7682926829268293	0.8754448398576512	0.967032967032967	0.925	0.6865671641791045
dmw=2803	0.787556904400607	0.727710843373494	0.883668903803132	0.9186440677966101	0.8583450210378681	0.946236559139785	0.8701550387596899	0.8907721280602636	0.9118942731277533	0.6746031746031746	0.7288135593220338	0.8187134502923976	0.8921568627450981	0.9420289855072463	0.94	0.9423076923076923	0.6891891891891891
dmw=2804	0.8448504103786073	0.7992932862190812	0.8883861236802413	0.883248730964467	0.8789537712895377	0.9301848049281314	0.8850340136054422	0.8763485477178423	0.8841379310344828	0.665083135391924	0.8108108108108109	0.768595041322314	0.7846153846153846	0.8817480719794345	0.9427083333333334	0.9206349206349206	0.49612403100775193
dmw=2805	0.8682547399124939	0.8339328537170264	0.8984771573604061	0.888641425389755	0.8912466843501327	0.915	0.9074074074074074	0.9341692789968652	0.9337539432176656	0.7468354430379747	0.8642857142857143	0.6532258064516129	0.9795918367346939	0.9700598802395209	0.975	0.953125	0.8387096774193549
dmw=2806	0.8990147783251231	0.8616861686168616	0.9121190644932672	0.9296116504854369	0.9136302294197031	0.9393442622950819	0.9388458225667528	0.9223214285714286	0.8947368421052632	0.674863387978142	0.8315412186379928	0.9397590361445783	0.8867924528301887	0.9530791788856305	0.9583333333333334	0.8631578947368421	0.7516339869281046
dmw=2807	0.8454054054054054	0.8185185185185185	0.9014626635873749	0.8949671772428884	0.8690546095126248	0.9276018099547512	0.8927125506072875	0.891213389121339	0.8674463937621832	0.7552447552447552	0.8290816326530612	0.8405797101449275	0.7860262008733624	0.9026315789473685	0.7708333333333334	0.9349593495934959	0.7650273224043715
dmw=2808	0.8575107296137339	0.8494795836669335	0.8424778761061947	0.8825136612021858	0.9102112676056338	0.9235668789808917	0.9566395663956639	0.9061662198391421	0.9157894736842105	0.656934306569343	0.9214285714285714	0.8653846153846154	0.9272727272727272	0.8884462151394422	1.0	0.9655172413793104	0.5967741935483871
dmw=2809	0.8492208982584785	0.763894523326572	0.9088235294117647	0.9041731066460588	0.8718446601941747	0.923963133640553	0.8693467336683417	0.8604651162790697	0.8823529411764706	0.6559485530546624	0.8024691358024691	0.84	0.8742857142857143	0.8783783783783784	0.9672131147540983	0.9907407407407407	0.6458333333333334
dmw=2810	0.8484848484848485	0.7898866608544028	0.8831460674157303	0.9405204460966543	0.8426966292134831	0.92578125	0.8329297820823245	0.8676470588235294	0.9586776859504132	0.568	0.9367088607594937	0.8452380952380952	0.8796992481203008	0.9504950495049505	0.9852941176470589	0.9090909090909091	0.5833333333333334
dmw=2811	0.8419437340153453	0.773369199731002	0.9248466257668712	0.9050632911392406	0.9051204819277109	0.9177215189873418	0.8545454545454545	0.9022556390977443	0.8481012658227848	0.8421052631578947	0.7674418604651163	0.8188405797101449	0.9487179487179487	0.8975903614457831	1.0	0.9397590361445783	0.7
dmw=2812	0.8642659279778393	0.8182890855457227	0.8828996282527881	0.9472573839662447	0.8609271523178808	0.9346153846153846	0.8547619047619047	0.9028436018957346	0.9234042553191489	0.7990654205607477	0.8663101604278075	0.875	0.9361702127659575	0.9178743961352657	1.0	0.9722222222222222	0.9
dmw=2813	0.7558914350723225	0.7156324288876137	0.828385698808234	0.7992905704995567	0.7949717404014812	0.8324365872405841	0.7882836587872559	0.8048391385269875	0.8044504383007417	0.6546026750590087	0.7303465765004227	0.8086225026288117	0.8016928657799275	0.8253119429590018	0.8208661417322834	0.8812709030100334	0.6854838709677419
dmw=2814	0.6521678516659696	0.6044365043918416	0.7191380569758948	0.6846978557504874	0.6807187284035936	0.7434971098265896	0.6703490941228458	0.6984751598622725	0.7203883495145631	0.6073232323232324	0.6379781420765027	0.6916524701873935	0.6820175438596491	0.7431781701444623	0.6688963210702341	0.7784810126582279	0.5128205128205128
dmw=2815	0.8890625	0.8741610738255033	0.8350951374207188	0.9398496240601504	0.9162210338680927	0.9	0.9152046783625731	0.9095354523227384	0.927461139896373	0.5088757396449705	0.8104575163398693	0.8809523809523809	0.96	0.9047619047619048	0.9310344827586207	1.0	0.9411764705882353
dmw=2816	0.9077468953282082	0.8494117647058823	0.8932038834951457	0.9229122055674518	0.928409090909091	0.9435215946843853	0.9284436493738819	0.9264931087289433	0.927038626609442	0.7261146496815286	0.8461538461538461	0.8835616438356164	0.9239130434782609	0.8947368421052632	0.9404761904761905	0.8658536585365854	0.7301587301587301
dmw=2817	0.8791114908158907	0.8578830495928942	0.914975845410628	0.9222873900293255	0.9227188081936686	0.9346938775510204	0.9337349397590361	0.89272030651341	0.8360655737704918	0.7370242214532872	0.8380566801619433	0.8396946564885496	0.775	0.9210526315789473	0.9389312977099237	0.979381443298969	0.6885245901639344
dmw=2818	0.892469582374219	0.8633353401565322	0.9133510167992926	0.9356796116504854	0.9381506429883649	0.9379432624113475	0.9292107404393816	0.922879177377892	0.9436325678496869	0.6677740863787376	0.8461538461538461	0.8837209302325582	0.8791208791208791	0.928030303030303	0.8698630136986302	0.976	0.7044334975369458
dmw=2819	0.8784779050736498	0.866796875	0.9506172839506173	0.9364548494983278	0.9353982300884955	0.9529411764705882	0.9015317286652079	0.9045801526717557	0.9358108108108109	0.7517482517482518	0.8571428571428571	0.876	0.8913043478260869	0.9521739130434783	0.96	0.9901960784313726	0.6545454545454545
dmw=2820	0.8044237485448196	0.7233902759526938	0.8876560332871013	0.8900634249471459	0.8555240793201133	0.9044368600682594	0.8186528497409327	0.8505263157894737	0.8537735849056604	0.6220472440944882	0.717391304347826	0.9337748344370861	0.8045977011494253	0.8522727272727273	0.9105691056910569	0.9206349206349206	0.4772727272727273
dmw=2821	0.9054054054054054	0.8932551319648094	0.937984496124031	0.9226713532513181	0.9130998702983139	0.9249394673123487	0.9333333333333333	0.9670932358318098	0.90625	0.656	0.890625	0.8723404255319149	0.8026315789473685	0.9484536082474226	0.9387755102040817	1.0	0.75
dmw=2822	0.846093133385951	0.826625386996904	0.9142857142857143	0.9059233449477352	0.9337442218798151	0.9419642857142857	0.9042316258351893	0.8857868020304569	0.9285714285714286	0.8531073446327684	0.7175572519083969	0.9473684210526315	1.0	0.9253731343283582	0.9466666666666667	0.9245283018867925	0.86
dmw=2823	0.8980628771038425	0.8589177701487657	0.9196525515743756	0.938822184105203	0.9184046834979875	0.9273700305810397	0.9122308004876066	0.9337294332723949	0.9134615384615384	0.7396280400572246	0.8734873487348734	0.9060052219321149	0.8888888888888888	0.9317073170731708	0.8720379146919431	0.9351851851851852	0.8550295857988166
dmw=2824	0.8914581066376496	0.8332834480694403	0.9084561675717611	0.9072164948453608	0.9226027397260274	0.9460869565217391	0.8965779467680608	0.9263681592039801	0.8943965517241379	0.7852760736196319	0.8586387434554974	0.8555555555555555	0.8313953488372093	0.9347826086956522	0.9047619047619048	0.9527027027027027	0.6783625730994152
dmw=2825	0.8656614119259767	0.8597043095312992	0.917981072555205	0.9079365079365079	0.9101321585903084	0.9219653179190751	0.8870246085011185	0.9152542372881356	0.947075208913649	0.8550185873605948	0.9074074074074074	0.7772020725388601	0.9502487562189055	0.949685534591195	0.9868421052631579	0.9502487562189055	0.7894736842105263
dmw=2826	0.8313741386299148	0.7726523887973641	0.8866120218579235	0.8740875912408759	0.8308004052684904	0.9662650602409638	0.8648648648648649	0.8278236914600551	0.9139784946236559	0.8803827751196173	0.8628571428571429	0.8267326732673267	0.8698630136986302	0.9110169491525424	0.8840579710144928	0.9615384615384616	0.6063829787234043
dmw=2827	0.7616645649432535	0.6705729166666666	0.8208333333333333	0.8683035714285714	0.7644376899696048	0.9067164179104478	0.7952069716775599	0.8348214285714286	0.7486338797814208	0.7787610619469026	0.5894039735099338	0.7236842105263158	0.7570093457943925	0.8695652173913043	0.9166666666666666	0.8641975308641975	0.4578313253012048
dmw=2828	0.8796610169491526	0.8481375358166189	0.9105960264900662	0.9376114081996435	0.9035812672176309	0.9485530546623794	0.9075081610446137	0.9080459770114943	0.9033078880407125	0.5572519083969466	0.8252788104089219	0.8775510204081632	0.9308510638297872	0.9186602870813397	0.9444444444444444	0.9818181818181818	0.7345132743362832
dmw=2829	0.9205776173285198	0.8681466532122435	0.9259259259259259	0.9423868312757202	0.9397506925207756	0.9359504132231405	0.9083129584352079	0.8946515397082658	0.9008264462809917	0.8448844884488449	0.9058171745152355	0.9294871794871795	0.9219858156028369	0.9297658862876255	0.9324324324324325	0.9864864864864865	0.6376811594202898
dmw=2830	0.8924078091106291	0.8557919621749409	0.9474969474969475	0.9050279329608939	0.9242871189773845	0.9328859060402684	0.9187116564417178	0.9504373177842566	0.9448818897637795	0.69	0.8564356435643564	0.9479768786127167	0.7469879518072289	0.9719101123595506	1.0	0.9108910891089109	0.7435897435897436
dmw=2831	0.893483709273183	0.9066534260178749	0.9134615384615384	0.9401197604790419	0.8807339449541285	0.967479674796748	0.9180327868852459	0.9311377245508982	0.8857142857142857	0.6075949367088608	0.7558139534883721	0.8666666666666667	0.7868852459016393	0.9596774193548387	1.0	1.0	0.75
dmw=2832	0.8977055449330784	0.8931799506984388	0.9387755102040817	0.9293785310734464	0.9173166926677067	0.9619047619047619	0.9060913705583756	0.9213483146067416	0.9411764705882353	0.6449704142011834	0.8636363636363636	0.7751479289940828	0.8307692307692308	0.9634146341463414	0.9285714285714286	1.0	0.6
dmw=2833	0.9153789551140544	0.8884042166484915	0.9184597961494904	0.9177215189873418	0.9348422496570644	0.9797979797979798	0.9252669039145908	0.958656330749354	0.9919354838709677	0.6390374331550802	0.9368421052631579	0.8611111111111112	0.9541984732824428	0.9663865546218487	0.9689119170984456	1.0	0.8177570093457944
dmw=2834	0.9109907120743034	0.857685009487666	0.949468085106383	0.937037037037037	0.9131313131313131	0.9493670886075949	0.8830845771144279	0.9504643962848297	0.915	0.7346938775510204	0.8642857142857143	0.9411764705882353	0.711864406779661	0.9645390070921985	0.9433962264150944	0.9714285714285714	0.6666666666666666
dmw=2835	0.8902681231380337	0.8324022346368715	0.9095982142857143	0.9109848484848485	0.9146868250539957	0.9531531531531532	0.8858321870701513	0.9240506329113924	0.8970976253298153	0.7519685039370079	0.8081395348837209	0.8368794326241135	0.9	0.9330855018587361	0.9433962264150944	0.9863013698630136	0.8235294117647058
dmw=2836	0.8929817758821249	0.8164428164428165	0.9383886255924171	0.9344262295081968	0.9316770186335404	0.9351464435146444	0.8975741239892183	0.9139504563233377	0.921311475409836	0.667910447761194	0.8689655172413793	0.9	0.9030303030303031	0.9849624060150376	0.9875	0.925	0.7657657657657657
dmw=2837	0.8683812405446294	0.7920679886685552	0.9109834888729361	0.8846153846153846	0.876580373269115	0.8845238095238095	0.874136607828089	0.8866525423728814	0.8817204301075269	0.6588983050847458	0.8347107438016529	0.8475336322869955	0.8490566037735849	0.9014084507042254	0.831858407079646	0.9137055837563451	0.6258503401360545
dmw=2838	0.9118374073056853	0.8796270907595284	0.9049012435991222	0.9228395061728395	0.923282188125417	0.926948051948052	0.9154607768469155	0.9329159212880143	0.9573070607553367	0.7861771058315334	0.84	0.85625	0.9112903225806451	0.9766355140186916	0.9658119658119658	0.9726775956284153	0.7596899224806202
dmw=2839	0.9038800705467372	0.8582604693971468	0.9137291280148423	0.9593023255813954	0.9360587002096437	0.9497907949790795	0.9197080291970803	0.9390934844192634	0.9472140762463344	0.7686274509803922	0.9185185185185185	0.9398496240601504	0.9636363636363636	0.9283154121863799	0.9312977099236641	0.9555555555555556	0.8385093167701864
dmw=2840	0.8691275167785235	0.8022388059701493	0.8941398865784499	0.9354838709677419	0.9171974522292994	0.9201680672268907	0.9072398190045249	0.9202733485193622	0.8604651162790697	0.812206572769953	0.7647058823529411	0.9333333333333333	0.8936170212765957	0.9147286821705426	0.9711538461538461	0.9459459459459459	0.6567164179104478
dmw=2841	0.87492762015055	0.8266331658291457	0.9193857965451055	0.8816568047337278	0.9207920792079208	0.9138461538461539	0.9192660550458716	0.9053708439897699	0.919047619047619	0.8388888888888889	0.7631578947368421	0.9090909090909091	0.7303370786516854	0.8951612903225806	0.9636363636363636	1.0	0.7922077922077922
dmw=2842	0.8504746835443038	0.6921624173748819	0.8700173310225303	0.8895027624309392	0.8745173745173745	0.9508196721311475	0.8746268656716418	0.8653295128939829	0.8461538461538461	0.8433734939759037	0.7230769230769231	0.9	0.8780487804878049	0.8503401360544217	0.9	0.972972972972973	0.8493150684931506
dmw=2843	0.8673521850899742	0.8296405711472181	0.922266139657444	0.9133858267716536	0.9042316258351893	0.9158878504672897	0.8852459016393442	0.9269662921348315	0.9351351351351351	0.7763157894736842	0.9084507042253521	0.90625	0.8914728682170543	0.9122807017543859	1.0	0.9239766081871345	0.8809523809523809
dmw=2844	0.8994213281895839	0.8698850574712643	0.9264531435349941	0.9515463917525773	0.9177111716621253	0.9719853836784409	0.9467084639498433	0.9285159285159286	0.9209302325581395	0.738430583501006	0.8770685579196218	0.90625	0.8181818181818182	0.9408866995073891	0.9893048128342246	0.946524064171123	0.7880434782608695
dmw=2845	0.8974113135186961	0.8813186813186813	0.9260595130748422	0.9272882805816938	0.9071428571428571	0.9407894736842105	0.915807560137457	0.9271255060728745	0.91324200913242	0.7383512544802867	0.9190031152647975	0.9523809523809523	0.8931623931623932	0.9388888888888889	0.958904109589041	0.957345971563981	0.6091954022988506
dmw=2846	0.9103053435114504	0.8443759630200308	0.9302832244008714	0.9085365853658537	0.9243421052631579	0.9457831325301205	0.9385665529010239	0.9333333333333333	0.8363636363636363	0.6790123456790124	0.8444444444444444	0.9263157894736842	0.8315789473684211	0.9224806201550387	0.9285714285714286	0.8928571428571429	0.7941176470588235
dmw=2847	0.8853410740203193	0.8239835306227483	0.8987898789878987	0.9343434343434344	0.9281115879828327	0.9439252336448598	0.8820638820638821	0.8961988304093568	0.872852233676976	0.6635514018691588	0.9329268292682927	0.8846153846153846	0.8717948717948718	0.9532710280373832	0.9795918367346939	0.952	0.7529411764705882
dmw=2848	0.8542039355992844	0.738929889298893	0.8724637681159421	0.879154078549849	0.8789473684210526	0.9554455445544554	0.8762626262626263	0.889273356401384	0.8382352941176471	0.6804123711340206	0.9457364341085271	0.7954545454545454	0.8918918918918919	0.9411764705882353	0.9836065573770492	0.9318181818181818	0.7777777777777778
dmw=2849	0.853125	0.7708714198659354	0.8728139904610492	0.9351351351351351	0.8952830188679245	0.9220055710306406	0.9228295819935691	0.8580375782881002	0.8481675392670157	0.7927461139896373	0.8505154639175257	0.8466666666666667	0.9166666666666666	0.9444444444444444	0.9452054794520548	0.9108910891089109	0.616822429906542
dmw=2850	0.8713676869430453	0.8369422572178478	0.9245994344957588	0.9596977329974811	0.9241842610364683	0.9337748344370861	0.9063876651982379	0.9168591224018475	0.8966861598440545	0.7900763358778626	0.8790322580645161	0.8996539792387543	0.8571428571428571	0.917981072555205	0.8625	0.9754098360655737	0.7768595041322314
dmw=2852	0.8726833199033038	0.8389496717724289	0.9170506912442397	0.9324522760646109	0.9107303877366997	0.9473684210526315	0.9106145251396648	0.900709219858156	0.902127659574468	0.8051948051948052	0.8202764976958525	0.8846153846153846	0.7573529411764706	0.950920245398773	0.96	0.9519230769230769	0.8333333333333334
dmw=2853	0.9164490861618799	0.8487712665406427	0.8799283154121864	0.9234972677595629	0.9166666666666666	0.9819121447028424	0.9166666666666666	0.9216494845360824	0.951048951048951	0.6287128712871287	0.8951612903225806	0.9696969696969697	0.9102564102564102	0.8407079646017699	0.9508196721311475	1.0	0.9
dmw=2854	0.8964102564102564	0.8331595411887383	0.9022082018927445	0.9218106995884774	0.8904899135446686	0.9428571428571428	0.932806324110672	0.9201520912547528	0.9393939393939394	0.8666666666666667	0.8181818181818182	0.9583333333333334	0.9354838709677419	0.9411764705882353	0.9777777777777777	0.9230769230769231	0.8235294117647058
dmw=2855	0.8519533927347498	0.7936593229446535	0.903107861060329	0.9068441064638784	0.8286189683860233	0.9607390300230947	0.871268656716418	0.9125560538116592	0.8868613138686131	0.8341232227488151	0.7105263157894737	0.8090909090909091	0.7222222222222222	0.8888888888888888	0.9058823529411765	0.9636363636363636	0.7702702702702703
dmw=2863	0.8903846153846153	0.8657664813343924	0.9342359767891683	0.9422572178477691	0.9375	0.9491525423728814	0.9225225225225225	0.8984126984126984	0.9586776859504132	0.6573426573426573	0.8363636363636363	0.8461538461538461	0.9893617021276596	0.9590163934426229	0.9615384615384616	0.9722222222222222	0.7428571428571429
dmw=2864	0.9216549295774648	0.8810289389067524	0.9451114922813036	0.9448051948051948	0.9345955249569707	0.8755364806866953	0.9235074626865671	0.9235668789808917	0.92	0.583941605839416	0.7777777777777778	0.8828828828828829	0.78125	0.954954954954955	0.8448275862068966	0.9036144578313253	0.6511627906976745
dmw=2871	0.6520528879610299	0.6100840336134454	0.6282771535580525	0.6564495530012772	0.3569157392686804	0.5995934959349594	0.2807825086306099	0.6444174757281553	0.35451505016722407	0.578544061302682	0.5412186379928315	0.5916955017301038	0.5915492957746479	0.4177215189873418	0.55	0.6272727272727273	0.6148148148148148
dmw=2874	0.9113384484228474	0.8863473909935669	0.9154135338345865	0.9039408866995073	0.9117647058823529	0.9297658862876255	0.9210019267822736	0.9222797927461139	0.9383259911894273	0.7033898305084746	0.8736263736263736	0.9230769230769231	0.868421052631579	0.8867924528301887	0.9459459459459459	0.9594594594594594	0.45098039215686275
dmw=2876	0.17900552486187846	0.1096938775510204	0.2953216374269006	0.17733990147783252	0.24127906976744187	0.49162011173184356	0.35398230088495575	0.09961685823754789	0.1875	0.20588235294117646	0.0625	0.3673469387755102	0.2982456140350877	0.3157894736842105	0.19047619047619047	0.21052631578947367	0.2727272727272727
dmw=2877	0.22415039768618944	0.16	0.5720620842572062	0.3681592039800995	0.6205673758865248	0.8012820512820513	0.6810126582278481	0.22673031026252982	0.5402298850574713	0.45454545454545453	0.28125	0.6369426751592356	0.37333333333333335	0.7172413793103448	0.7941176470588235	0.6352941176470588	0.6111111111111112
dmw=2879	0.8618843683083511	0.8072429906542056	0.7560386473429952	0.9171974522292994	0.5643835616438356	0.8033707865168539	0.7225130890052356	0.8901515151515151	0.8673469387755102	0.6721311475409836	0.6363636363636364	0.7941176470588235	0.8214285714285714	0.7424242424242424	0.8372093023255814	0.9433962264150944	0.7941176470588235
dmw=2883	0.9060579455662863	0.862788144895719	0.9512195121951219	0.9315589353612167	0.8847184986595175	0.9569377990430622	0.8711484593837535	0.88	0.9213483146067416	0.928	0.8769230769230769	0.8709677419354839	0.847457627118644	0.6363636363636364	0.9705882352941176	0.9523809523809523	0.5789473684210527
dmw=2886	0.8934426229508197	0.8982935153583618	0.9224422442244224	0.954233409610984	0.9139633286318759	0.9752650176678446	0.9146825396825397	0.9459459459459459	0.9390862944162437	0.7330097087378641	0.916	0.8461538461538461	0.9120879120879121	0.9221556886227545	1.0	0.9787234042553191	0.7090909090909091
dmw=2887	0.8393623543838136	0.8002699055330634	0.8831858407079646	0.8982035928143712	0.8898186889818689	0.9021739130434783	0.856338028169014	0.9098143236074271	0.8885542168674698	0.7364341085271318	0.717391304347826	0.8783783783783784	0.8859060402684564	0.916083916083916	0.9444444444444444	0.9076923076923077	0.8095238095238095
dmw=2891	0.9123831775700935	0.8503703703703703	0.8165467625899281	0.9037656903765691	0.9437086092715232	0.8888888888888888	0.8823529411764706	0.8910891089108911	0.9576271186440678	0.8292682926829268	0.7631578947368421	0.8305084745762712	0.7956989247311828	0.9464285714285714	1.0	0.9782608695652174	1.0
dmw=2895	0.9111111111111111	0.8805483028720626	0.9640666082383874	0.9244505494505495	0.9260642270351008	0.962671905697446	0.9470198675496688	0.9187279151943463	0.9403341288782816	0.717607973421927	0.9156626506024096	0.9351851851851852	0.8974358974358975	0.946236559139785	0.9591836734693877	0.891566265060241	0.8770491803278688
dmw=2898	0.9194583036350678	0.8788774002954209	0.888235294117647	0.9321608040201005	0.9092284417549168	0.9090909090909091	0.930622009569378	0.9321663019693655	0.933649289099526	0.63	0.8543046357615894	0.9596774193548387	0.824	0.8848920863309353	0.8611111111111112	1.0	0.7714285714285715
dmw=2902	0.7170263788968825	0.41968911917098445	0.8716216216216216	0.7659574468085106	0.828125	0.8695652173913043	0.8271604938271605	0.803921568627451	0.8695652173913043	0.6666666666666666	0.8	0.8648648648648649	0.55	0.78125	1.0	1.0	0.6
dmw=2903	0.6089743589743589	0.4214876033057851	0.784	0.6082474226804123	0.8375	0.8846153846153846	0.7888888888888889	0.8041237113402062	0.8307692307692308	0.8125	0.5714285714285714	0.6111111111111112	0.45454545454545453	0.9117647058823529	1.0	1.0	0.75
dmw=2910	0.6250999200639489	0.5742115027829313	0.5096618357487923	0.6292134831460674	0.30952380952380953	0.5912162162162162	0.4732824427480916	0.5245901639344263	0.4421768707482993	0.6226415094339622	0.5	0.52	0.578125	0.391304347826087	0.5	0.7096774193548387	0.55
dmw=2916	0.9205729166666666	0.8807854137447405	0.9724137931034482	0.9616519174041298	0.9321382842509603	0.9711191335740073	0.9026369168356998	0.9096045197740112	0.9333333333333333	0.6956521739130435	0.9545454545454546	0.9098360655737705	0.7528089887640449	0.971830985915493	0.9146341463414634	0.9615384615384616	0.8356164383561644
dmw=2917	0.8252788104089219	0.8186119873817035	0.8625204582651391	0.8823529411764706	0.8602620087336245	0.9221556886227545	0.8488549618320611	0.8594847775175644	0.9239766081871345	0.9433962264150944	0.8722222222222222	0.8956521739130435	0.6521739130434783	0.9607843137254902	0.9368421052631579	0.7083333333333334	0.5454545454545454
dmw=2923	0.9180907483794932	0.8771121351766513	0.9409937888198758	0.9704301075268817	0.9316493313521546	0.9381107491856677	0.9242174629324547	0.911070780399274	0.967032967032967	0.7135678391959799	0.8674033149171271	0.9146341463414634	0.7883597883597884	0.9679144385026738	0.941747572815534	0.9024390243902439	0.8076923076923077
dmw=2936	0.8944827586206896	0.8764940239043825	0.93974175035868	0.9328165374677002	0.8924558587479936	0.9730639730639731	0.8885714285714286	0.9156327543424317	0.9037433155080213	0.7482014388489209	0.9519230769230769	0.9426229508196722	0.875	0.948051948051948	0.8571428571428571	0.9444444444444444	0.8793103448275862
dmw=2937	0.9154929577464789	0.8442534908700322	0.9012987012987013	0.9352226720647774	0.8874172185430463	0.934640522875817	0.9153846153846154	0.900990099009901	0.9367088607594937	0.8282828282828283	0.75	0.881578947368421	0.8450704225352113	0.8378378378378378	0.9655172413793104	0.6296296296296297	0.5384615384615384
dmw=2938	0.876937984496124	0.8688352570828961	0.9074889867841409	0.9690265486725663	0.888641425389755	0.8976744186046511	0.9120879120879121	0.9177631578947368	0.8269230769230769	0.5507246376811594	0.7473684210526316	0.8157894736842105	0.5319148936170213	0.968503937007874	0.984375	1.0	0.6428571428571429
dmw=2939	0.8927955877283695	0.8622559652928417	0.9084905660377358	0.9157754010695187	0.8820301783264746	0.9333333333333333	0.9257075471698113	0.8794946550048591	0.8966666666666666	0.5666666666666667	0.9036544850498339	0.8865740740740741	0.88	0.9283018867924528	0.9420289855072463	0.9583333333333334	0.7870370370370371
dmw=2940	0.8814905314599878	0.9	0.9288617886178862	0.948019801980198	0.8878787878787879	0.9122807017543859	0.8712871287128713	0.9594272076372315	0.8811188811188811	0.8014981273408239	0.922077922077922	0.9204545454545454	0.8102564102564103	0.9146341463414634	0.9759036144578314	0.9518072289156626	0.7443609022556391
dmw=2942	0.1783387622149837	0.14523121387283236	0.13626834381551362	0.17682926829268292	0.09193245778611632	0.1568627450980392	0.11961722488038277	0.0856269113149847	0.13559322033898305	0.16304347826086957	0.22413793103448276	0.2222222222222222	0.2318840579710145	0.13636363636363635	0.26666666666666666	0.22641509433962265	0.19298245614035087
dmw=2943	0.6547394852479598	0.6447534766118836	0.6427289048473968	0.7474332648870636	0.4386792452830189	0.5425867507886435	0.42054263565891475	0.5619223659889094	0.47953216374269003	0.565	0.5172413793103449	0.7099236641221374	0.5849056603773585	0.24025974025974026	0.6470588235294118	0.3333333333333333	0.4772727272727273
dmw=2944	0.2928709055876686	0.251779359430605	0.2445054945054945	0.38323353293413176	0.025210084033613446	0.36787564766839376	0.07225433526011561	0.18021201413427562	0.10687022900763359	0.22916666666666666	0.16483516483516483	0.375	0.26618705035971224	0.024691358024691357	0.3157894736842105	0.45714285714285713	0.45263157894736844
dmw=2945	0.37298091042584436	0.20559210526315788	0.28365384615384615	0.5163043478260869	0.12653061224489795	0.46	0.14334470989761092	0.17695473251028807	0.07291666666666667	0.5555555555555556	0.2222222222222222	0.6904761904761905	0.19444444444444445	0.0625	0.4583333333333333	0.78	0.75
dmw=2946	0.8902439024390244	0.8942731277533039	0.92	0.9197530864197531	0.921875	0.9375	0.9285714285714286	0.9259259259259259	0.8589743589743589	0.3880597014925373	0.9	0.8472222222222222	0.8125	0.9629629629629629	0.9545454545454546	0.9767441860465116	0.9
dmw=2951	0.9295929592959296	0.9195011337868481	0.886039886039886	0.9523809523809523	0.8846153846153846	0.8175675675675675	0.9103448275862069	0.8784722222222222	0.9278350515463918	0.6833333333333333	0.9310344827586207	0.9772727272727273	1.0	0.8985507246376812	0.948051948051948	0.7741935483870968	0.9090909090909091
dmw=2964	0.7877846790890269	0.7375415282392026	0.6253687315634219	0.822463768115942	0.5621301775147929	0.776595744680851	0.6723549488054608	0.7782608695652173	0.625	0.8172043010752689	0.4107142857142857	0.7	0.9230769230769231	0.7075471698113207	0.9545454545454546	0.6944444444444444	0.6470588235294118
dmw=2974	0.9506960556844548	0.9315856777493606	0.943796394485684	0.9535603715170279	0.9537275064267352	0.9779179810725552	0.9616055846422339	0.9590747330960854	0.9644670050761421	0.7154471544715447	0.9635416666666666	0.9173553719008265	0.9245283018867925	0.9342105263157895	0.9545454545454546	0.9739583333333334	0.9333333333333333
dmw=2980	0.6430446194225722	0.5954825462012321	0.8580645161290322	0.6917293233082706	0.39344262295081966	0.6811594202898551	0.328	0.49700598802395207	0.3493975903614458	0.5287356321839081	0.5869565217391305	0.9375	0.6875	0.2463768115942029	0.0	0.6666666666666666	0.8518518518518519
dmw=3008	0.775235531628533	0.8052851182197497	0.8113879003558719	0.8418367346938775	0.5856697819314641	0.6992481203007519	0.5648148148148148	0.7653061224489796	0.5463917525773195	0.796875	0.6585365853658537	0.76	0.8412698412698413	0.3333333333333333	0.8823529411764706	0.7352941176470589	0.6
dmw=3010	0.6393312101910829	0.6165011459129106	0.6083916083916084	0.7621621621621621	0.08969465648854962	0.43568464730290457	0.06557377049180328	0.3558823529411765	0.1419753086419753	0.6851851851851852	0.6339285714285714	0.6333333333333333	0.5540540540540541	0.009433962264150943	0.4111111111111111	0.7090909090909091	0.5714285714285714
dmw=3030	0.8897338403041825	0.8353096179183136	0.9238410596026491	0.9191919191919192	0.9209039548022598	0.9375	0.8648648648648649	0.9640287769784173	0.9411764705882353	0.28	0.9272727272727272	0.86	0.8148148148148148	0.8536585365853658	0.9545454545454546	0.7916666666666666	0.8285714285714286
dmw=3032	0.29451137884872824	0.24413145539906103	0.2028985507246377	0.2463768115942029	0.19696969696969696	0.33962264150943394	0.16428571428571428	0.2033195020746888	0.26373626373626374	0.18446601941747573	0.26666666666666666	0.15217391304347827	0.30985915492957744	0.22988505747126436	0.1956521739130435	0.23809523809523808	0.0
dmw=3033	0.8231292517006803	0.7194928684627575	0.7340425531914894	0.8839779005524862	0.5	0.6742424242424242	0.42731277533039647	0.8962264150943396	0.5304347826086957	0.7361111111111112	0.6964285714285714	0.9583333333333334	0.6170212765957447	0.5352112676056338	0.26666666666666666	0.6585365853658537	1.0
dmw=3035	0.33644444444444443	0.1903765690376569	0.2975778546712803	0.4297994269340974	0.10039370078740158	0.23564356435643563	0.09011264080100125	0.15396825396825398	0.16224188790560473	0.44244604316546765	0.23979591836734693	0.42063492063492064	0.32751091703056767	0.1718213058419244	0.24031007751937986	0.38620689655172413	0.38666666666666666
dmw=3036	0.9251379038613081	0.9162210338680927	0.9152892561983471	0.9429530201342282	0.9231863442389758	0.9425287356321839	0.908256880733945	0.9193548387096774	0.9388888888888889	0.6967741935483871	0.8761061946902655	0.96	0.6172839506172839	0.9285714285714286	0.9876543209876543	0.8269230769230769	0.71875
dmw=3037	0.9063032367972743	0.8938967136150234	0.9376693766937669	0.912	0.9345372460496614	0.9516728624535316	0.8659217877094972	0.9157608695652174	0.895	0.7857142857142857	0.8769230769230769	0.9027777777777778	0.98	0.9034090909090909	0.7419354838709677	0.9375	0.7222222222222222
dmw=3049	0.2920353982300885	0.24179620034542315	0.205607476635514	0.18018018018018017	0.2617801047120419	0.23684210526315788	0.30454545454545456	0.2932330827067669	0.07142857142857142	0.30612244897959184	0.2549019607843137	0.09090909090909091	0.17391304347826086	0.2727272727272727	0.18181818181818182	0.2857142857142857	0.21052631578947367
dmw=3058	0.7677527151211362	0.7674418604651163	0.8836734693877552	0.8642659279778393	0.8592	0.8697916666666666	0.7948164146868251	0.8181818181818182	0.898876404494382	0.672	0.8068965517241379	0.7901234567901234	0.8070175438596491	0.8666666666666667	0.8333333333333334	0.9775280898876404	0.6666666666666666
dmw=3059	0.40135478408128705	0.35974643423137875	0.5070993914807302	0.5717821782178217	0.38065843621399176	0.7282608695652174	0.35802469135802467	0.4166666666666667	0.2929936305732484	0.5964912280701754	0.34285714285714286	0.5	0.4791666666666667	0.30275229357798167	0.06060606060606061	0.7142857142857143	0.29545454545454547
dmw=3062	0.7574074074074074	0.7614107883817427	0.7216494845360825	0.8132530120481928	0.6071428571428571	0.7227722772277227	0.6818181818181818	0.6312849162011173	0.855072463768116	0.8163265306122449	0.6226415094339622	0.6774193548387096	0.8333333333333334	0.391304347826087	0.8666666666666667	0.8571428571428571	0.9
dmw=3064	0.3626943005181347	0.3517110266159696	0.40384615384615385	0.39313572542901715	0.29177057356608477	0.34328358208955223	0.21568627450980393	0.3379224030037547	0.3018867924528302	0.3724832214765101	0.2727272727272727	0.3978494623655914	0.3333333333333333	0.4485981308411215	0.4148936170212766	0.4266666666666667	0.4722222222222222
dmw=3082	0.04076265614727153	0.024334600760456272	0.4003831417624521	0.12987012987012986	0.6098003629764065	0.7067307692307693	0.5294117647058824	0.056265984654731455	0.48148148148148145	0.39869281045751637	0.06593406593406594	0.583941605839416	0.09523809523809523	0.5328467153284672	0.75	0.475	0.75
dmw=3083	0.03429504627109418	0.021609940572663425	0.29467455621301775	0.0979020979020979	0.4735576923076923	0.35240963855421686	0.5024	0.06	0.41245136186770426	0.3333333333333333	0.19469026548672566	0.43548387096774194	0.15267175572519084	0.5141509433962265	0.48598130841121495	0.36904761904761907	0.3488372093023256
dmw=3086	0.008221993833504625	0.008181818181818182	0.0058997050147492625	0.0	0.0028169014084507044	0.057803468208092484	0.022222222222222223	0.013289036544850499	0.013888888888888888	0.0	0.0	0.013157894736842105	0.05405405405405406	0.014705882352941176	0.11538461538461539	0.06666666666666667	0.0
dmw=3088	0.8337349397590361	0.8193308550185874	0.8695652173913043	0.8983451536643026	0.7385159010600707	0.8629441624365483	0.806146572104019	0.8783185840707964	0.717948717948718	0.8181818181818182	0.773109243697479	0.908256880733945	0.9591836734693877	0.7807017543859649	0.9285714285714286	0.9855072463768116	0.8405797101449275
dmw=3090	0.9045768566493955	0.8715139442231076	0.9130434782608695	0.9442446043165468	0.9170013386880856	0.9365994236311239	0.855973813420622	0.9398625429553265	0.9517543859649122	0.7398843930635838	0.8865979381443299	0.8062015503875969	0.9649122807017544	0.9572649572649573	0.9761904761904762	0.9357798165137615	0.8018867924528302
dmw=3091	0.9268553123331553	0.8846578366445916	0.8904847396768402	0.9347442680776014	0.9127272727272727	0.9645776566757494	0.9382716049382716	0.9372990353697749	0.9263803680981595	0.66875	0.8961748633879781	0.8169014084507042	0.8181818181818182	0.9383561643835616	0.6779661016949152	0.9680851063829787	0.7
dmw=3092	0.9112942317014057	0.871671903423185	0.9246676514032496	0.9279946164199192	0.924953095684803	0.8846938775510204	0.9174193548387096	0.9423076923076923	0.921302578018996	0.7657807308970099	0.8735777496839444	0.8399122807017544	0.6579925650557621	0.9283819628647215	0.9794721407624634	0.9617486338797814	0.8526315789473684
dmw=3097	0.845108695652174	0.7807768268597761	0.8275862068965517	0.8404761904761905	0.8269794721407625	0.8309859154929577	0.8022813688212928	0.7803992740471869	0.8602150537634409	0.678082191780822	0.8258426966292135	0.8134328358208955	0.8256880733944955	0.8707482993197279	0.875	0.8589743589743589	0.7719298245614035
dmw=3099	0.6698113207547169	0.49743589743589745	0.5735294117647058	0.7878787878787878	0.25961538461538464	0.5	0.2894736842105263	0.5862068965517241	0.3888888888888889	0.55	0.3333333333333333	0.45454545454545453	0.7777777777777778	0.3548387096774194	0.2	0.7142857142857143	0.8571428571428571
dmw=3103	0.2924281984334204	0.28502802241793435	0.22493224932249323	0.46035805626598464	0.15233415233415235	0.30049261083743845	0.15705128205128205	0.2087912087912088	0.38202247191011235	0.45098039215686275	0.2336448598130841	0.22727272727272727	0.41935483870967744	0.2	0.40384615384615385	0.48214285714285715	0.15384615384615385
dmw=3149	0.2684085510688836	0.18121693121693122	0.22538860103626943	0.3489583333333333	0.13675213675213677	0.15979381443298968	0.14285714285714285	0.17582417582417584	0.14423076923076922	0.20512820512820512	0.14084507042253522	0.14893617021276595	0.17857142857142858	0.04395604395604396	0.26666666666666666	0.10526315789473684	0.25925925925925924
dmw=3151	0.13020833333333334	0.05519480519480519	0.22935779816513763	0.15422885572139303	0.3768472906403941	0.4482758620689655	0.3333333333333333	0.037914691943127965	0.5733333333333334	0.39473684210526316	0.21875	0.24324324324324326	0.06896551724137931	0.3644067796610169	0.4482758620689655	0.3870967741935484	0.3333333333333333
dmw=3156	0.5916030534351145	0.5301478953356087	0.4233576642335766	0.66	0.562874251497006	0.7108433734939759	0.5656565656565656	0.5697211155378487	0.5567010309278351	0.27350427350427353	0.717391304347826	0.4050632911392405	0.6329113924050633	0.6382978723404256	0.8297872340425532	0.5102040816326531	0.4883720930232558
dmw=3184	0.7590361445783133	0.7223910840932117	0.6060606060606061	0.9024390243902439	0.501466275659824	0.7687074829931972	0.5379746835443038	0.7654639175257731	0.8313253012048193	0.6071428571428571	0.8777777777777778	0.7283950617283951	0.6938775510204082	0.417910447761194	0.6444444444444445	0.8235294117647058	0.7419354838709677
dmw=3185	0.6662395900064062	0.5900131406044679	0.6407185628742516	0.6527093596059114	0.4674329501915709	0.7411444141689373	0.4919908466819222	0.75	0.44385026737967914	0.681592039800995	0.5531914893617021	0.9333333333333333	0.39473684210526316	0.7518248175182481	0.9880952380952381	0.8488372093023255	0.7450980392156863
dmw=3191	0.4084690553745928	0.3218855218855219	0.4020100502512563	0.5064599483204134	0.12106918238993711	0.46473029045643155	0.3019271948608137	0.14634146341463414	0.3664383561643836	0.5119047619047619	0.20952380952380953	0.47674418604651164	0.24299065420560748	0.016	0.41304347826086957	0.4186046511627907	0.5098039215686274
dmw=3195	0.48419864559819414	0.5144578313253012	0.45866666666666667	0.5045592705167173	0.30892448512585813	0.4876847290640394	0.1814516129032258	0.5061224489795918	0.273972602739726	0.3924050632911392	0.22077922077922077	0.5522388059701493	0.4230769230769231	0.3191489361702128	0.6363636363636364	0.5897435897435898	0.5
dmw=3221	0.9358407079646017	0.9090909090909091	0.8074324324324325	0.9673469387755103	0.9181818181818182	0.8085106382978723	0.9119496855345912	0.9209039548022598	0.9366197183098591	0.7777777777777778	0.78125	0.9555555555555556	0.9259259259259259	0.9866666666666667	0.9761904761904762	0.9696969696969697	0.8360655737704918
dmw=3226	0.18134715025906736	0.16748768472906403	0.2054794520547945	0.25	0.14285714285714285	0.15789473684210525	0.16	0.17073170731707318	0.16	0.09836065573770492	0.17777777777777778	0.1206896551724138	0.13793103448275862	0.13333333333333333	0.3225806451612903	0.2	0.16666666666666666
dmw=3228	0.5611756664388243	0.5984936268829664	0.11056105610561057	0.5956738768718802	0.6816380449141347	0.7094430992736077	0.742152466367713	0.43157894736842106	0.7696078431372549	0.21212121212121213	0.5165562913907285	0.046511627906976744	0.6052631578947368	0.5654450261780105	0.6923076923076923	0.6875	0.5142857142857142
dmw=3247	0.8783958602846055	0.8884339815762539	0.8936170212765957	0.8821138211382114	0.9134199134199135	0.9509803921568627	0.9225589225589226	0.8950437317784257	0.8770491803278688	0.8108108108108109	0.8676470588235294	0.9841269841269841	0.3684210526315789	0.8942307692307693	0.8	0.9782608695652174	0.8529411764705882
dmw=3250	0.09523809523809523	0.13043478260869565	0.16417910447761194	0.14545454545454545	0.07534246575342465	0.05982905982905983	0.08139534883720931	0.1103202846975089	0.08974358974358974	0.3142857142857143	0.125	0.2727272727272727	0.1375	0.058823529411764705	0.23333333333333334	0.0	0.25
dmw=3296	0.08857979502196194	0.07040328092959672	0.09443099273607748	0.08505154639175258	0.13897280966767372	0.16804407713498623	0.16808510638297872	0.03598971722365039	0.13903743315508021	0.07947019867549669	0.05405405405405406	0.04918032786885246	0.07228915662650602	0.33695652173913043	0.13157894736842105	0.20833333333333334	0.09090909090909091
dmw=3323	0.34308943089430893	0.3157894736842105	0.4701492537313433	0.4419889502762431	0.2783882783882784	0.582089552238806	0.2317596566523605	0.5641025641025641	0.3448275862068966	0.5405405405405406	0.05813953488372093	0.59375	0.1111111111111111	0.4696969696969697	0.375	0.9259259259259259	0.7741935483870968
dmw=3325	0.41843971631205673	0.34615384615384615	0.5760869565217391	0.4728682170542636	0.6837606837606838	0.75	0.6916666666666667	0.48520710059171596	0.6428571428571429	0.6388888888888888	0.3793103448275862	0.7241379310344828	0.2549019607843137	0.6274509803921569	0.875	0.782608695652174	0.7333333333333333
dmw=3355	0.46086261980830673	0.42923076923076925	0.4226618705035971	0.4985835694050991	0.294921875	0.3788546255506608	0.3302325581395349	0.46859903381642515	0.2765957446808511	0.45901639344262296	0.3821138211382114	0.36	0.410958904109589	0.3141025641025641	0.3333333333333333	0.41333333333333333	0.35294117647058826
dmw=3373	0.7185576077396658	0.6930775646371977	0.789587852494577	0.6245210727969349	0.5009041591320073	0.6153846153846154	0.4811529933481153	0.7589285714285714	0.5271317829457365	0.6904761904761905	0.6981132075471698	0.672566371681416	0.7049180327868853	0.6705882352941176	0.5833333333333334	0.8857142857142857	0.631578947368421
dmw=3394	0.9244186046511628	0.9141630901287554	0.9193341869398207	0.9328703703703703	0.848605577689243	0.9113573407202216	0.8833592534992224	0.9166666666666666	0.9105058365758755	0.8730964467005076	0.9473684210526315	0.8723404255319149	0.8111888111888111	0.8325123152709359	1.0	0.9469026548672567	0.84
dmw=3402	0.8720136518771331	0.9011799410029498	0.9139784946236559	0.8941605839416058	0.8813559322033898	0.9147286821705426	0.9136363636363637	0.9366666666666666	0.9894736842105263	0.3835616438356164	0.9069767441860465	0.8932038834951457	0.7222222222222222	0.9180327868852459	0.8888888888888888	0.92	0.8709677419354839
dmw=3419	0.8780346820809248	0.8716867469879518	0.9145454545454546	0.9044776119402985	0.9123287671232877	0.9187817258883249	0.9201388888888888	0.9258426966292135	0.9194915254237288	0.625	0.906832298136646	0.873015873015873	0.8031496062992126	0.9701492537313433	0.9607843137254902	1.0	0.7737226277372263
dmw=3420	0.8732119635890767	0.8326125667769015	0.8962326503635162	0.9073891625615763	0.9107830551989731	0.9441340782122905	0.8874488403819918	0.9123505976095617	0.9148073022312373	0.6890756302521008	0.8238993710691824	0.8656716417910447	0.7204301075268817	0.9037656903765691	0.8343558282208589	0.8819672131147541	0.6666666666666666
dmw=3421	0.8967938216709572	0.8564068100358423	0.9262068965517242	0.9069767441860465	0.9143780290791599	0.9359550561797753	0.9060205580029369	0.9318007662835249	0.9443207126948775	0.7040358744394619	0.8211586901763224	0.9043478260869565	0.7920489296636085	0.9421487603305785	0.9629629629629629	0.9868995633187773	0.6944444444444444
dmw=3433	0.22880886426592797	0.2090364725095264	0.22	0.26105263157894737	0.09766454352441614	0.16844919786096257	0.044715447154471545	0.24820143884892087	0.06341463414634146	0.32934131736526945	0.10382513661202186	0.15862068965517243	0.16455696202531644	0.14465408805031446	0.14	0.14285714285714285	0.13846153846153847
dmw=3434	0.21071428571428572	0.17848699763593381	0.1540880503144654	0.2191780821917808	0.05	0.13333333333333333	0.02843601895734597	0.1608695652173913	0.06493506493506493	0.08771929824561403	0.04918032786885246	0.18518518518518517	0.14	0.0	0.05263157894736842	0.1111111111111111	0.6
dmw=3443	0.6462686567164179	0.616530156366344	0.656441717791411	0.6938239159001314	0.5247895229186156	0.7018867924528301	0.2535934291581109	0.5495118549511855	0.3014705882352941	0.5601659751037344	0.5830258302583026	0.6635071090047393	0.6335877862595419	0.6373937677053825	0.673469387755102	0.7439024390243902	0.6292134831460674
dmw=3444	0.47797563261480785	0.5084925690021231	0.5335365853658537	0.5060240963855421	0.1518324607329843	0.6368421052631579	0.0035714285714285713	0.4880239520958084	0.1188118811881188	0.549618320610687	0.4716981132075472	0.4117647058823529	0.38181818181818183	0.2545454545454545	0.62	0.7777777777777778	0.5833333333333334
dmw=3458	0.8423772609819121	0.764	0.8352941176470589	0.8662207357859532	0.25	0.8043478260869565	0.5795795795795796	0.8489208633093526	0.47863247863247865	0.7058823529411765	0.6533333333333333	0.8421052631578947	0.8360655737704918	0.5	0.8148148148148148	0.8181818181818182	0.7708333333333334
dmw=3477	0.8226351351351351	0.7757821552723059	0.87279843444227	0.8548387096774194	0.8576104746317512	0.9430604982206405	0.8702290076335878	0.8341121495327103	0.8321167883211679	0.44680851063829785	0.8543046357615894	0.7636363636363637	0.5934065934065934	0.875	0.8888888888888888	1.0	0.5555555555555556
dmw=3491	0.8018348623853211	0.708029197080292	0.8347457627118644	0.8231292517006803	0.6086956521739131	0.5378151260504201	0.5038167938931297	0.7674418604651163	0.6075949367088608	0.5	0.4594594594594595	0.7272727272727273	0.803921568627451	0.3055555555555556	0.8461538461538461	0.875	0.6875
dmw=3499	0.30755711775043937	0.32604735883424407	0.5186440677966102	0.4206896551724138	0.6360294117647058	0.7608695652173914	0.6111111111111112	0.29457364341085274	0.6	0.5466666666666666	0.37209302325581395	0.4782608695652174	0.36363636363636365	0.6756756756756757	0.7872340425531915	0.6206896551724138	0.5185185185185185
dmw=3505	0.6324889425010052	0.6301747930082797	0.6717948717948717	0.6330390920554855	0.5413005272407733	0.5863453815261044	0.4756554307116105	0.6232142857142857	0.48221343873517786	0.5994623655913979	0.5925925925925926	0.5789473684210527	0.35526315789473684	0.5150501672240803	0.5164835164835165	0.696969696969697	0.6
dmw=3550	0.9079333986287953	0.8857142857142857	0.8785714285714286	0.92	0.9457547169811321	0.8492063492063492	0.9565217391304348	0.9480968858131488	0.9823008849557522	0.6666666666666666	0.9383561643835616	0.9705882352941176	0.9375	0.9444444444444444	1.0	1.0	0.8461538461538461
dmw=3552	0.2976318622174381	0.3294593228903487	0.42251655629139073	0.368141592920354	0.4503657262277952	0.22972972972972974	0.2952243125904486	0.3333333333333333	0.33955223880597013	0.4382716049382716	0.5172413793103449	0.03773584905660377	0.18681318681318682	0.3867403314917127	0.25	0.0	0.3761467889908257
dmw=3560	0.17899761336515513	0.10628019323671498	0.436046511627907	0.3258426966292135	0.49700598802395207	0.6875	0.47619047619047616	0.1386861313868613	0.2631578947368421	0.625	0.1	0.4074074074074074	0.11538461538461539	0.391304347826087	1.0	0.8181818181818182	0.5
dmw=3588	0.2866805411030177	0.2684863523573201	0.314404432132964	0.33805668016194335	0.14745972738537794	0.21052631578947367	0.14519056261343014	0.22919937205651492	0.17318435754189945	0.2747747747747748	0.23333333333333334	0.3025210084033613	0.30597014925373134	0.00625	0.13414634146341464	0.35833333333333334	0.20930232558139536
dmw=3589	0.4567000911577028	0.39221556886227543	0.39371980676328505	0.5377643504531722	0.41346153846153844	0.6238095238095238	0.47244094488188976	0.266025641025641	0.3192771084337349	0.33587786259541985	0.41237113402061853	0.25396825396825395	0.46153846153846156	0.5979381443298969	0.711864406779661	0.5370370370370371	0.17647058823529413
dmw=3604	0.8474114441416893	0.8254437869822485	0.895910780669145	0.8322981366459627	0.756	0.8256880733944955	0.7168141592920354	0.9180327868852459	0.7575757575757576	0.7	0.9333333333333333	0.9411764705882353	0.7037037037037037	0.7719298245614035	0.3333333333333333	0.8793103448275862	0.9047619047619048
dmw=3605	0.6103017689906347	0.6055886394869445	0.581081081081081	0.6056105610561056	0.3034825870646766	0.4625	0.2658662092624357	0.45788667687595713	0.37919463087248323	0.596244131455399	0.4322033898305085	0.555045871559633	0.5862068965517241	0.3185840707964602	0.4177215189873418	0.5887096774193549	0.44554455445544555
dmw=3635	0.08983451536643026	0.13924050632911392	0.17813765182186234	0.17355371900826447	0.09333333333333334	0.023809523809523808	0.025	0.015384615384615385	0.13432835820895522	0.05263157894736842	0.3111111111111111	0.0	0.42857142857142855	0.0449438202247191	0.0	0.0	0.0
dmw=3637	0.16007359705611776	0.13258317025440314	0.16246498599439776	0.1910739191073919	0.028328611898016998	0.16880341880341881	0.014450867052023121	0.15	0.034722222222222224	0.10104529616724739	0.07537688442211055	0.18691588785046728	0.23853211009174313	0.06382978723404255	0.06896551724137931	0.12790697674418605	0.10317460317460317
dmw=3638	0.4746376811594203	0.4548872180451128	0.513595166163142	0.450354609929078	0.15319148936170213	0.3915343915343915	0.12549019607843137	0.3553113553113553	0.1875	0.6	0.425	0.6617647058823529	0.45652173913043476	0.17857142857142858	0.4230769230769231	0.7	0.4782608695652174
dmw=3640	0.6601995565410199	0.6533923303834809	0.6026894865525673	0.7533460803059273	0.4752116082224909	0.6214833759590793	0.5108695652173914	0.4851301115241636	0.5	0.6968085106382979	0.588957055214724	0.5116279069767442	0.6267605633802817	0.40350877192982454	0.4594594594594595	0.5967741935483871	0.7746478873239436
dmw=3677	0.6644981412639405	0.6349331235247836	0.6421800947867299	0.7083333333333334	0.49658314350797267	0.5916230366492147	0.5384615384615384	0.634375	0.5865921787709497	0.6227544910179641	0.654320987654321	0.55	0.6144578313253012	0.4666666666666667	0.35	0.673469387755102	0.7910447761194029
dmw=3685	0.674892703862661	0.586996336996337	0.6572890025575447	0.5890909090909091	0.39018087855297157	0.6532663316582915	0.40584415584415584	0.5249169435215947	0.29245283018867924	0.5066666666666667	0.4673913043478261	0.5925925925925926	0.6415094339622641	0.36470588235294116	0.8222222222222222	0.75	0.825
dmw=3707	0.19943019943019943	0.09897610921501707	0.3697478991596639	0.21839080459770116	0.18857142857142858	0.45	0.16666666666666666	0.00909090909090909	0.0	0.42857142857142855	0.15384615384615385	0.42105263157894735	0.2222222222222222	0.05555555555555555	0.16666666666666666	0.5454545454545454	0.4444444444444444
dmw=3713	0.8574686431014823	0.7910863509749304	0.7864406779661017	0.8212765957446808	0.7241379310344828	0.8101851851851852	0.7585034013605442	0.7759197324414716	0.7226890756302521	0.7424242424242424	0.4125	0.7045454545454546	0.8651685393258427	0.8048780487804879	0.8214285714285714	0.8846153846153846	0.7272727272727273
dmw=3720	0.32965686274509803	0.2760898282694848	0.26959247648902823	0.4090909090909091	0.12633832976445397	0.23300970873786409	0.1322314049586777	0.2635135135135135	0.24242424242424243	0.35714285714285715	0.2345679012345679	0.1791044776119403	0.24324324324324326	0.09090909090909091	0.25	0.21052631578947367	0.6071428571428571
dmw=3721	0.866913123844732	0.8861788617886179	0.835820895522388	0.9383561643835616	0.5663716814159292	0.8823529411764706	0.6722222222222223	0.7210884353741497	0.660377358490566	0.7291666666666666	0.4603174603174603	0.6415094339622641	0.8857142857142857	0.3142857142857143	1.0	0.8709677419354839	0.8888888888888888
dmw=3753	0.9262820512820513	0.901840490797546	0.9305555555555556	0.9024390243902439	0.5963855421686747	0.8717948717948718	0.5051546391752577	0.9186046511627907	0.66	0.8421052631578947	0.7714285714285715	0.9333333333333333	0.9	0.76	0.7692307692307693	0.95	1.0
dmw=3754	0.5647969052224371	0.567713004484305	0.5585365853658537	0.5584415584415584	0.14312267657992564	0.395	0.056666666666666664	0.527972027972028	0.08333333333333333	0.5274725274725275	0.5813953488372093	0.5194805194805194	0.5058823529411764	0.1276595744680851	0.5476190476190477	0.5263157894736842	0.5238095238095238
dmw=3759	0.4984251968503937	0.48796992481203005	0.5355086372360844	0.5328282828282829	0.3806706114398422	0.4748201438848921	0.240625	0.4760705289672544	0.3240223463687151	0.4296875	0.5178571428571429	0.6083333333333333	0.7	0.45454545454545453	0.5476190476190477	0.5245901639344263	0.39622641509433965
dmw=3776	0.26448979591836735	0.26715686274509803	0.3099099099099099	0.3295194508009153	0.0920353982300885	0.24850299401197604	0.07485604606525911	0.17234468937875752	0.1165644171779141	0.3055555555555556	0.19858156028368795	0.36813186813186816	0.3076923076923077	0.21774193548387097	0.1774193548387097	0.4166666666666667	0.19718309859154928
dmw=3777	0.8943965517241379	0.8763250883392226	0.9158249158249159	0.9711538461538461	0.9178082191780822	0.9916666666666667	0.9568345323741008	0.9507575757575758	0.8818897637795275	0.63	0.9333333333333333	0.9306930693069307	0.9538461538461539	1.0	1.0	0.875	0.9629629629629629
dmw=3836	0.5838709677419355	0.504325259515571	0.506872852233677	0.5980066445182725	0.2962962962962963	0.44324324324324327	0.2918287937743191	0.5335120643431636	0.38461538461538464	0.6859504132231405	0.5987261146496815	0.65	0.5904761904761905	0.2840909090909091	0.3090909090909091	0.4915254237288136	0.7142857142857143
dmw=3857	0.8582402234636871	0.8410641200545702	0.8123924268502581	0.8846153846153846	0.694136291600634	0.8961038961038961	0.7916666666666666	0.7985865724381626	0.90625	0.74	0.9285714285714286	0.8026315789473685	0.7435897435897436	0.6507936507936508	0.961038961038961	1.0	0.8214285714285714
dmw=3861	0.16683417085427135	0.1551901336073998	0.4792626728110599	0.3502994011976048	0.39906103286384975	0.46788990825688076	0.34551495016611294	0.23055555555555557	0.2823529411764706	0.36607142857142855	0.216	0.5217391304347826	0.2903225806451613	0.4626865671641791	0.47368421052631576	0.6	0.5853658536585366
dmw=3886	0.7827506723011909	0.7343205574912892	0.8444558521560575	0.8898163606010017	0.7975107707036859	0.9239024390243903	0.7285998672859987	0.8215065502183406	0.7964426877470355	0.7132867132867133	0.8076923076923077	0.9058988764044944	0.8115577889447236	0.7834691501746216	0.9539473684210527	0.9643916913946587	0.6116071428571429
dmw=3888	0.8543613707165109	0.8181076672104405	0.8012295081967213	0.8931297709923665	0.3075601374570447	0.6491228070175439	0.344559585492228	0.8304498269896193	0.3978494623655914	0.72	0.725	0.9042553191489362	0.6025641025641025	0.23648648648648649	0.71875	0.7959183673469388	0.5319148936170213
dmw=3905	0.9177101967799642	0.8830584707646177	0.8686440677966102	0.8953488372093024	0.902027027027027	0.91	0.8319327731092437	0.9487179487179487	0.9622641509433962	0.6282051282051282	0.7931034482758621	1.0	0.5238095238095238	0.9710144927536232	0.9565217391304348	0.7	0.8787878787878788
dmw=3910	0.7210682492581603	0.6925315227934045	0.7095709570957096	0.7459677419354839	0.49184782608695654	0.7513227513227513	0.5291828793774319	0.6597938144329897	0.5816993464052288	0.5851063829787234	0.5662650602409639	0.7904761904761904	0.7317073170731707	0.5945945945945946	0.6388888888888888	0.7831325301204819	0.7948717948717948
dmw=3916	0.7436823104693141	0.6618705035971223	0.6944444444444444	0.7540983606557377	0.34838709677419355	0.7872340425531915	0.32038834951456313	0.6491228070175439	0.24	0.5789473684210527	0.6086956521739131	0.8571428571428571	0.5517241379310345	0.2608695652173913	1.0	0.4666666666666667	1.0
dmw=3922	0.4770949720670391	0.4342629482071713	0.5294117647058824	0.6196721311475409	0.523936170212766	0.6169154228855721	0.6935483870967742	0.436	0.625	0.6237623762376238	0.4594594594594595	0.53125	0.37142857142857144	0.5619047619047619	0.42857142857142855	0.813953488372093	0.5757575757575758
dmw=3947	0.4723756906077348	0.4872881355932203	0.43317972350230416	0.49382716049382713	0.2253968253968254	0.3880597014925373	0.14056224899598393	0.3476190476190476	0.1744186046511628	0.44871794871794873	0.35294117647058826	0.38571428571428573	0.42424242424242425	0.09722222222222222	0.47619047619047616	0.6744186046511628	0.5
dmw=3949	0.24918247220405493	0.28115216030056356	0.23726346433770015	0.3153846153846154	0.19167904903417535	0.3493150684931507	0.17851239669421487	0.1507177033492823	0.3218390804597701	0.3014705882352941	0.30666666666666664	0.2716049382716049	0.27692307692307694	0.1375	0.23529411764705882	0.4444444444444444	0.34375
dmw=3966	0.8145038167938932	0.8541666666666666	0.797270955165692	0.896457765667575	0.5017985611510791	0.8209606986899564	0.6068376068376068	0.8837837837837837	0.695364238410596	0.7777777777777778	0.6526946107784432	0.6263736263736264	0.7058823529411765	0.5	0.7021276595744681	0.8269230769230769	0.6
dmw=3978	0.4644243208279431	0.40310077519379844	0.47491638795986624	0.45555555555555555	0.3713355048859935	0.4482758620689655	0.314410480349345	0.2890995260663507	0.48514851485148514	0.42028985507246375	0.40625	0.32727272727272727	0.6730769230769231	0.22033898305084745	0.34375	0.5882352941176471	0.5454545454545454
dmw=3979	0.9011815252416756	0.8509021842355176	0.8720238095238095	0.8711340206185567	0.5935334872979214	0.6170212765957447	0.5578947368421052	0.8567415730337079	0.6185567010309279	0.9242424242424242	0.7419354838709677	0.9135802469135802	0.6296296296296297	0.3291139240506329	0.71875	0.8787878787878788	0.7037037037037037
dmw=3980	0.7912621359223301	0.7007299270072993	0.75177304964539	0.6574074074074074	0.13705583756345177	0.48598130841121495	0.08080808080808081	0.6424242424242425	0.21739130434782608	0.5555555555555556	0.5789473684210527	0.8421052631578947	0.5757575757575758	0.4864864864864865	0.7142857142857143	0.8	0.9523809523809523
dmw=3983	0.2648648648648649	0.37209302325581395	0.7758620689655172	0.2653061224489796	0.8333333333333334	0.8125	0.8472222222222222	0.4339622641509434	0.5384615384615384	0.7777777777777778	0.75	0.35294117647058826	0.5	0.8666666666666667	1.0	0.6666666666666666	0.8
dmw=3988	0.8401015228426396	0.8368298368298368	0.8914728682170543	0.8884120171673819	0.8598901098901099	0.9262295081967213	0.9058823529411765	0.9032258064516129	0.8833333333333333	0.5	0.7461538461538462	0.8421052631578947	0.4057971014492754	0.9411764705882353	0.7954545454545454	1.0	0.72
dmw=3995	0.4346103038309115	0.4127659574468085	0.44648318042813456	0.4494949494949495	0.10315186246418338	0.18811881188118812	0.07589285714285714	0.44907407407407407	0.14285714285714285	0.47674418604651164	0.26785714285714285	0.4782608695652174	0.3673469387755102	0.12	0.2222222222222222	0.3225806451612903	0.42857142857142855
dmw=4001	0.8152173913043478	0.7579365079365079	0.8192771084337349	0.8415841584158416	0.47342995169082125	0.72	0.6089743589743589	0.5751633986928104	0.5692307692307692	0.9361702127659575	0.5384615384615384	0.9148936170212766	0.7272727272727273	0.25	0.7391304347826086	1.0	0.75
dmw=4002	0.4497444633730835	0.42099322799097066	0.7032590051457976	0.6405228758169934	0.7070967741935484	0.8293650793650794	0.7863636363636364	0.5393474088291746	0.64	0.785	0.45112781954887216	0.8848484848484849	0.5137614678899083	0.6454545454545455	0.8307692307692308	0.8620689655172413	0.7777777777777778
dmw=4003	0.9480176211453745	0.9383215369059656	0.9114832535885168	0.9368686868686869	0.9157303370786517	0.9704433497536946	0.9128919860627178	0.9567430025445293	0.9436619718309859	0.8630952380952381	0.9389312977099237	0.8505747126436781	0.8611111111111112	0.905511811023622	0.7608695652173914	0.8947368421052632	0.72
dmw=4004	0.8715953307392996	0.8252299605781866	0.84	0.8306878306878307	0.7394736842105263	0.9020979020979021	0.7464114832535885	0.8341968911917098	0.625	0.8194444444444444	0.7971014492753623	0.8604651162790697	0.9183673469387755	0.6268656716417911	0.37254901960784315	0.7647058823529411	0.9310344827586207
dmw=4053	0.6403269754768393	0.6201975850713501	0.6094276094276094	0.7073170731707317	0.4053030303030303	0.6949152542372882	0.36363636363636365	0.7121771217712177	0.35294117647058826	0.5076923076923077	0.7142857142857143	0.6933333333333334	0.6385542168674698	0.6285714285714286	0.42857142857142855	0.6346153846153846	0.7974683544303798
dmw=4056	0.5134281200631912	0.3627906976744186	0.3282828282828283	0.35051546391752575	0.10071942446043165	0.5319148936170213	0.08695652173913043	0.39	0.07954545454545454	0.35185185185185186	0.35185185185185186	0.15384615384615385	0.24390243902439024	0.2	0.5714285714285714	0.4666666666666667	0.48484848484848486
dmw=4057	0.62375	0.6147783251231527	0.6866485013623979	0.7902439024390244	0.3169811320754717	0.43356643356643354	0.33248081841432225	0.6246153846153846	0.33884297520661155	0.40476190476190477	0.5362318840579711	0.4305555555555556	0.4666666666666667	0.3853211009174312	0.5098039215686274	0.7391304347826086	0.7333333333333333
dmw=4066	0.5015873015873016	0.37995337995337997	0.7435897435897436	0.627906976744186	0.6824324324324325	0.8918918918918919	0.7424242424242424	0.543046357615894	0.8409090909090909	0.7391304347826086	0.6097560975609756	0.8095238095238095	0.6666666666666666	0.5094339622641509	0.64	0.8709677419354839	0.72
dmw=4087	0.8487768717568569	0.8166786484543493	0.8481781376518218	0.8997050147492626	0.5463576158940397	0.8214285714285714	0.5988142292490118	0.8234295415959253	0.6055045871559633	0.6896551724137931	0.69375	0.7319587628865979	0.9298245614035088	0.608433734939759	0.9166666666666666	0.8775510204081632	0.9215686274509803
dmw=4146	0.9297680412371134	0.9348422496570644	0.9307535641547862	0.954225352112676	0.9396284829721362	0.9613259668508287	0.927536231884058	0.9390581717451524	0.9726775956284153	0.7514450867052023	0.8741258741258742	0.7741935483870968	0.8125	0.9814814814814815	0.975	0.8316831683168316	0.9058823529411765
dmw=4155	0.7113163972286374	0.694047619047619	0.8093645484949833	0.7573529411764706	0.7705479452054794	0.8359375	0.8190045248868778	0.7076923076923077	0.7021276595744681	0.638095238095238	0.676056338028169	0.819672131147541	0.7258064516129032	0.8481012658227848	0.9512195121951219	0.8048780487804879	1.0
dmw=4161	0.08671586715867159	0.06195652173913044	0.038901601830663615	0.16818181818181818	0.05230125523012552	0.06086956521739131	0.013937282229965157	0.03977272727272727	0.034782608695652174	0.13385826771653545	0.028037383177570093	0.012345679012345678	0.2727272727272727	0.04807692307692308	0.07692307692307693	0.09523809523809523	0.0
dmw=4166	0.6229946524064172	0.5766816143497758	0.6163636363636363	0.6858006042296072	0.3441108545034642	0.6368159203980099	0.36899563318777295	0.6475195822454308	0.3188405797101449	0.6131386861313869	0.3629032258064516	0.6853932584269663	0.55	0.3925925925925926	0.6285714285714286	0.648936170212766	0.48148148148148145
dmw=4192	0.9395711500974658	0.8809073724007561	0.9467680608365019	0.9627906976744186	0.9682539682539683	0.9540229885057471	0.8861386138613861	0.984375	0.975609756097561	1.0	0.7540983606557377	0.8157894736842105	0.6511627906976745	0.9466666666666667	1.0	0.967741935483871	0.9459459459459459
dmw=4198	0.0	0.005405405405405406	0.014814814814814815	0.0	0.012552301255230125	0.0	0.0	0.0	0.0	0.0	0.0	0.0	0.0	0.0	0.15	0.0	0.0
dmw=4204	0.1531279178338002	0.14788169464428458	0.3945945945945946	0.20463320463320464	0.25213675213675213	0.34782608695652173	0.21478060046189376	0.24380165289256198	0.325	0.2604166666666667	0.2072072072072072	0.36904761904761907	0.26744186046511625	0.2781954887218045	0.2602739726027397	0.26	0.5535714285714286
dmw=4228	0.45307125307125307	0.37467700258397935	0.4510532837670384	0.44427244582043346	0.02857142857142857	0.15692307692307692	0.022690437601296597	0.4230088495575221	0.11688311688311688	0.453551912568306	0.3497942386831276	0.3584905660377358	0.46	0.029411764705882353	0.05357142857142857	0.4489795918367347	0.31932773109243695
dmw=4229	0.7941767068273092	0.763751127141569	0.7201017811704835	0.7528409090909091	0.06576402321083172	0.33574007220216606	0.03935185185185185	0.7617728531855956	0.05791505791505792	0.8470588235294118	0.37748344370860926	0.7064220183486238	0.7105263157894737	0.06557377049180328	0.058823529411764705	0.5945945945945946	0.6428571428571429
dmw=4249	0.9098277608915907	0.8752997601918465	0.9145129224652088	0.9364548494983278	0.7733887733887734	0.819672131147541	0.8470588235294118	0.8691358024691358	0.85	0.7228915662650602	0.8289473684210527	0.925	0.7244897959183674	0.8618421052631579	0.8409090909090909	1.0	0.7083333333333334
dmw=4263	0.7455089820359282	0.7541766109785203	0.23943661971830985	0.7289719626168224	0.75	0.7538461538461538	0.6057692307692307	0.5405405405405406	0.7777777777777778	0.34210526315789475	0.6956521739130435	0.21875	0.8275862068965517	0.5	0.8571428571428571	1.0	0.5
dmw=4271	0.8077496274217586	0.7514018691588785	0.8446601941747572	0.9801324503311258	0.9196428571428571	0.8709677419354839	0.8379888268156425	0.9239130434782609	0.865979381443299	0.5	1.0	1.0	0.7575757575757576	0.9803921568627451	0.4	0.5384615384615384	1.0
dmw=4276	0.840349483717236	0.6877811094452774	0.7375478927203065	0.8412698412698413	0.6006655574043261	0.9060402684563759	0.5889967637540453	0.7943502824858757	0.6865671641791045	0.6792452830188679	0.417910447761194	0.8115183246073299	0.7291666666666666	0.6535947712418301	0.8493150684931506	0.87	0.859504132231405
dmw=4284	0.9559471365638766	0.962536023054755	0.990909090909091	1.0	0.9619771863117871	0.8870967741935484	0.9464285714285714	0.9668508287292817	0.963302752293578	0.9418604651162791	0.9655172413793104	0.9	1.0	0.96	1.0	0.9285714285714286	0.625
dmw=4294	0.8320180383314544	0.8002309468822171	0.8411458333333334	0.9045801526717557	0.6113861386138614	0.8553191489361702	0.7101449275362319	0.8308823529411765	0.7362637362637363	0.7586206896551724	0.7040816326530612	0.8673469387755102	0.7037037037037037	0.4117647058823529	1.0	0.918918918918919	0.603448275862069
dmw=4301	0.8527918781725888	0.7798507462686567	0.8842975206611571	0.9206349206349206	0.36792452830188677	0.559322033898305	0.2857142857142857	0.7746478873239436	0.23529411764705882	0.8636363636363636	0.4090909090909091	0.7142857142857143	1.0	0.4666666666666667	0.4166666666666667	1.0	0.6521739130434783
dmw=4329	0.0032414910858995136	0.0049586776859504135	0.003968253968253968	0.0	0.0	0.013157894736842105	0.013071895424836602	0.006944444444444444	0.0	0.0	0.0	0.0	0.0	0.0	0.034482758620689655	0.0	0.2777777777777778
dmw=4355	0.20085470085470086	0.19844357976653695	0.7023809523809523	0.36231884057971014	0.23469387755102042	0.775	0.08791208791208792	0.03614457831325301	0.07317073170731707	0.9047619047619048	0.34375	0.7333333333333333	0.18181818181818182	0.09523809523809523	0.5	0.625	1.0
dmw=4380	0.09238249594813615	0.03728813559322034	0.13744075829383887	0.13291139240506328	0.06224066390041494	0.1504424778761062	0.05113636363636364	0.05194805194805195	0.017857142857142856	0.140625	0.023255813953488372	0.07317073170731707	0.17647058823529413	0.0625	0.0	0.2	0.04
dmw=4394	0.7496677004873726	0.7122040072859745	0.7491329479768786	0.7719298245614035	0.6349397590361445	0.6973293768545994	0.6605504587155964	0.7342143906020558	0.6644067796610169	0.5661375661375662	0.7323943661971831	0.7857142857142857	0.6706586826347305	0.7229437229437229	0.7549019607843137	0.6928104575163399	0.8095238095238095
dmw=4402	0.008226691042047532	0.006781193490054249	0.002205071664829107	0.0	0.008368200836820083	0.00505902192242833	0.0022522522522522522	0.007155635062611807	0.0	0.0	0.003745318352059925	0.016853932584269662	0.015625	0.014336917562724014	0.0	0.027522935779816515	0.29310344827586204
dmw=4428	0.40412979351032446	0.30714285714285716	0.5169491525423728	0.47692307692307695	0.2	0.3125	0.14285714285714285	0.3333333333333333	0.39285714285714285	0.5641025641025641	0.5789473684210527	0.34210526315789475	0.43478260869565216	0.0	0.0	0.42857142857142855	0.8571428571428571
dmw=4431	0.2608695652173913	0.19458544839255498	0.45675675675675675	0.47904191616766467	0.4314516129032258	0.5303030303030303	0.5217391304347826	0.2692307692307692	0.5740740740740741	0.2976190476190476	0.25	0.45161290322580644	0.4772727272727273	0.42105263157894735	0.0	0.6428571428571429	1.0
dmw=4472	0.7121848739495799	0.7426326129666012	0.7632850241545893	0.6993006993006993	0.18604651162790697	0.3950617283950617	0.0	0.6788321167883211	0.3	0.746268656716418	0.6	0.9090909090909091	0.5263157894736842	0.4074074074074074	0.26666666666666666	0.9333333333333333	0.625
dmw=4494	0.7652694610778443	0.6666666666666666	0.7461706783369803	0.8165938864628821	0.8110236220472441	0.8074534161490683	0.8089171974522293	0.5730994152046783	0.78125	0.6347826086956522	0.6375	0.8275862068965517	0.5909090909090909	0.625	1.0	0.9	0.8571428571428571
dmw=4512	0.972768532526475	0.9408945686900958	0.934375	0.9811320754716981	0.958904109589041	0.9328621908127208	0.9556650246305419	0.9343434343434344	0.9135802469135802	0.6984126984126984	0.9622641509433962	0.9166666666666666	0.8769230769230769	0.9090909090909091	0.9622641509433962	1.0	0.8863636363636364
dmw=4513	0.522360248447205	0.41101223581757507	0.8450134770889488	0.7737789203084833	0.6459627329192547	0.89501312335958	0.7176258992805755	0.7023809523809523	0.5304347826086957	0.7117117117117117	0.8045112781954887	0.795774647887324	0.7313432835820896	0.7133757961783439	0.8615384615384616	0.9358974358974359	0.675
dmw=4542	0.8740157480314961	0.7805555555555556	0.7307692307692307	0.890625	0.49732620320855614	0.7191011235955056	0.36470588235294116	0.6390532544378699	0.5230769230769231	0.7619047619047619	0.7777777777777778	0.6944444444444444	0.88	0.4807692307692308	0.6875	0.9473684210526315	0.14285714285714285
dmw=4543	0.9744835965978129	0.9481946624803768	0.9604743083003953	0.9635416666666666	0.9375	0.9426229508196722	0.88	0.9400749063670412	0.9294117647058824	0.6292134831460674	0.8301886792452831	0.9056603773584906	0.9111111111111111	0.8686868686868687	0.918918918918919	1.0	0.875
dmw=4549	0.9226190476190477	0.9226069246435845	0.9123630672926447	0.9562043795620438	0.9089430894308943	0.9065420560747663	0.9143576826196473	0.8651162790697674	0.93717277486911	0.6224489795918368	0.9303482587064676	0.8951612903225806	0.9090909090909091	0.7692307692307693	0.9032258064516129	0.8933333333333333	0.9361702127659575
dmw=4554	0.6415279138099902	0.6051502145922747	0.7008797653958945	0.5778443113772455	0.33134328358208953	0.5375	0.308868501529052	0.6282527881040892	0.366412213740458	0.4626865671641791	0.4868421052631579	0.6851851851851852	0.6282051282051282	0.3711340206185567	0.5882352941176471	0.8181818181818182	0.5294117647058824
dmw=4559	0.8650306748466258	0.8419540229885057	0.9165009940357853	0.8864795918367347	0.5011857707509881	0.8699029126213592	0.2863568215892054	0.8998862343572241	0.37091988130563797	0.784452296819788	0.6590909090909091	0.824390243902439	0.7818181818181819	0.8984771573604061	0.9662162162162162	0.9513888888888888	0.815068493150685
dmw=4562	0.5016709988860008	0.444715730728985	0.5053674649050371	0.5571428571428572	0.4063136456211813	0.6126279863481229	0.5234604105571847	0.36470588235294116	0.5172413793103449	0.4573170731707317	0.4048582995951417	0.4421052631578947	0.42857142857142855	0.30927835051546393	0.6574074074074074	0.71900826446281	0.6385542168674698
dmw=4566	0.8469184890656064	0.8160469667318982	0.7241379310344828	0.927536231884058	0.7536231884057971	0.90625	0.9090909090909091	0.8627450980392157	0.8533333333333334	0.32	0.6379310344827587	0.26666666666666666	0.9285714285714286	0.8181818181818182	1.0	0.6	0.5789473684210527
dmw=4567	0.20993589743589744	0.18623024830699775	0.2188365650969529	0.22615803814713897	0.13695652173913042	0.18354430379746836	0.08064516129032258	0.19902912621359223	0.08641975308641975	0.1744186046511628	0.15151515151515152	0.2032520325203252	0.2647058823529412	0.28865979381443296	0.19047619047619047	0.4666666666666667	0.5294117647058824
dmw=4571	0.6143917392707325	0.6146300914380715	0.6833881578947368	0.6232998225901834	0.41963957337256347	0.4988085782366958	0.33549528301886794	0.5246231155778894	0.43679775280898875	0.5779661016949152	0.5559157212317666	0.6736596736596736	0.5218855218855218	0.30851063829787234	0.5018450184501845	0.6058091286307054	0.6582914572864321
dmw=4573	0.8770161290322581	0.7967914438502673	0.8653846153846154	0.925531914893617	0.8761904761904762	0.8461538461538461	0.8461538461538461	0.8561643835616438	0.8529411764705882	0.1956521739130435	0.92	0.56	0.1	1.0	1.0	0.8333333333333334	0.75
dmw=4574	0.12688442211055276	0.14473684210526316	0.12362637362637363	0.15384615384615385	0.16619718309859155	0.12359550561797752	0.16666666666666666	0.1276595744680851	0.26956521739130435	0.18518518518518517	0.31896551724137934	0.22916666666666666	0.12903225806451613	0.0967741935483871	0.34615384615384615	0.1044776119402985	0.15384615384615385
dmw=4575	0.8260553129548762	0.7805519053876478	0.8184931506849316	0.76	0.44072164948453607	0.5580524344569289	0.5141065830721003	0.6918032786885245	0.4397163120567376	0.63125	0.4946236559139785	0.855072463768116	0.8524590163934426	0.36	0.2826086956521739	0.7954545454545454	0.6363636363636364
dmw=4577	0.7048940832724616	0.6476462196861626	0.7098445595854922	0.6964705882352941	0.5897832817337462	0.630057803468208	0.4691780821917808	0.5045454545454545	0.5822784810126582	0.75	0.4472049689440994	0.8538461538461538	0.67	0.5126582278481012	0.7843137254901961	0.7368421052631579	0.6363636363636364
dmw=4578	0.12869198312236288	0.08755760368663594	0.39545454545454545	0.2	0.3736842105263158	0.4482758620689655	0.22388059701492538	0.48031496062992124	0.25	0.4444444444444444	0.28	0.4857142857142857	0.10810810810810811	0.6285714285714286	0.45	0.5714285714285714	0.3076923076923077
dmw=4607	0.7689110556940981	0.7101669195751138	0.7976424361493124	0.8082595870206489	0.6792079207920793	0.6533333333333333	0.6	0.6778711484593838	0.8165137614678899	0.6268656716417911	0.7651006711409396	0.6666666666666666	0.7378640776699029	0.5590062111801242	0.8235294117647058	0.8367346938775511	0.8695652173913043
dmw=4620	0.6683870967741935	0.6222993827160493	0.5992	0.662269129287599	0.4845771144278607	0.5798722044728435	0.45750708215297453	0.6515373352855052	0.46808510638297873	0.5769230769230769	0.5606694560669456	0.65	0.65	0.4628099173553719	0.676923076923077	0.7006369426751592	0.6842105263157895
dmw=4674	0.7194860813704497	0.5506172839506173	0.5853658536585366	0.6834532374100719	0.3402061855670103	0.7209302325581395	0.4166666666666667	0.5876288659793815	0.2857142857142857	0.6363636363636364	0.39473684210526316	0.375	0.6666666666666666	0.46	1.0	0.6	0.9230769230769231
dmw=4688	0.20258064516129032	0.17310443490701002	0.23357664233576642	0.27358490566037735	0.07917888563049853	0.18045112781954886	0.01485148514851485	0.09259259259259259	0.015151515151515152	0.09433962264150944	0.1076923076923077	0.02702702702702703	0.16666666666666666	0.023255813953488372	0.038461538461538464	0.32	0.0625
dmw=4695	0.6935603256846781	0.6072629455279085	0.6793587174348698	0.7972602739726027	0.3654434250764526	0.6187290969899666	0.49747474747474746	0.6305882352941177	0.5363984674329502	0.6325301204819277	0.6802325581395349	0.706766917293233	0.6120689655172413	0.43902439024390244	0.7211538461538461	0.8108108108108109	0.7567567567567568
dmw=4719	0.6217765042979942	0.5899053627760252	0.5900900900900901	0.5961538461538461	0.3481781376518219	0.47107438016528924	0.19491525423728814	0.5919540229885057	0.375	0.5	0.4666666666666667	0.5641025641025641	0.4411764705882353	0.75	0.07142857142857142	0.75	0.6923076923076923
dmw=4721	0.3355461677730839	0.38004484304932734	0.35993975903614456	0.4336134453781513	0.35072815533980584	0.2963917525773196	0.3893280632411067	0.3590163934426229	0.4397163120567376	0.40540540540540543	0.2610619469026549	0.2784090909090909	0.27672955974842767	0.508	0.5428571428571428	0.4342105263157895	0.28431372549019607
dmw=4723	0.41203703703703703	0.4368932038834951	0.7325905292479109	0.5781990521327014	0.7770700636942676	0.8452380952380952	0.827906976744186	0.6701754385964912	0.5727272727272728	0.7529411764705882	0.5441176470588235	0.8888888888888888	0.6363636363636364	0.8142857142857143	0.8529411764705882	0.9411764705882353	0.8484848484848485
dmw=4746	0.8532955350815025	0.800625	0.7629757785467128	0.8720626631853786	0.5811023622047244	0.82	0.6892430278884463	0.773784355179704	0.7125748502994012	0.618421052631579	0.5648854961832062	0.6122448979591837	0.75	0.4155844155844156	0.7288135593220338	0.86	0.7777777777777778
dmw=4770	0.28854625550660795	0.21313432835820895	0.427040395713108	0.4476584022038568	0.393993993993994	0.45709828393135726	0.4405737704918033	0.20521739130434782	0.5173267326732673	0.4090909090909091	0.29357798165137616	0.330188679245283	0.45454545454545453	0.336283185840708	0.4198473282442748	0.5	0.37575757575757573
dmw=4771	0.1410105757931845	0.06950354609929078	0.1963470319634703	0.21008403361344538	0.2841726618705036	0.37410071942446044	0.3595505617977528	0.1148936170212766	0.3157894736842105	0.31666666666666665	0.10126582278481013	0.3787878787878788	0.2641509433962264	0.17006802721088435	0.5263157894736842	0.6923076923076923	0.17757009345794392
dmw=4776	0.1018957345971564	0.06382978723404255	0.16774193548387098	0.16942148760330578	0.24709302325581395	0.23684210526315788	0.28205128205128205	0.05263157894736842	0.24166666666666667	0.09230769230769231	0.12121212121212122	0.16666666666666666	0.13592233009708737	0.2647058823529412	0.21052631578947367	0.23076923076923078	0.1724137931034483
dmw=4777	0.875438596491228	0.8200371057513914	0.8682170542635659	0.863905325443787	0.6209912536443148	0.8	0.7892156862745098	0.8131313131313131	0.7241379310344828	0.7916666666666666	0.6538461538461539	0.875	0.8488372093023255	0.3939393939393939	0.5	0.7777777777777778	0.85
dmw=4783	0.10973084886128365	0.10318331503841932	0.10273972602739725	0.134375	0.04664723032069971	0.06735751295336788	0.03934426229508197	0.0931899641577061	0.05660377358490566	0.09803921568627451	0.01282051282051282	0.20224719101123595	0.1348314606741573	0.06896551724137931	0.03333333333333333	0.027777777777777776	0.2
dmw=4785	0.4722543352601156	0.39045127534336166	0.4197707736389685	0.5394736842105263	0.3344103392568659	0.32122905027932963	0.32285714285714284	0.4245939675174014	0.34545454545454546	0.34285714285714286	0.37748344370860926	0.3829787234042553	0.39436619718309857	0.26582278481012656	0.36885245901639346	0.41739130434782606	0.4222222222222222
dmw=4788	0.9675456389452333	0.95	0.8674033149171271	0.9823008849557522	0.8385826771653543	0.90625	0.9846153846153847	0.9833333333333333	0.9166666666666666	0.8571428571428571	0.7647058823529411	0.7105263157894737	0.7058823529411765	0.9411764705882353	1.0	0.8666666666666667	1.0
dmw=4789	0.8670318725099602	0.8146128680479825	0.8350125944584383	0.8956916099773242	0.5059760956175299	0.7925407925407926	0.7091633466135459	0.8101694915254237	0.7225433526011561	0.7008547008547008	0.5144508670520231	0.7714285714285715	0.8341013824884793	0.4015748031496063	0.684931506849315	0.9390243902439024	0.9142857142857143
dmw=4806	0.6422018348623854	0.6038251366120219	0.5725190839694656	0.6744186046511628	0.24666666666666667	0.5714285714285714	0.3125	0.3875968992248062	0.3076923076923077	0.631578947368421	0.4375	0.7391304347826086	0.6190476190476191	0.3870967741935484	1.0	0.9	0.5714285714285714
dmw=4811	0.4477335800185014	0.3745498199279712	0.4604966139954853	0.5674740484429066	0.2315270935960591	0.4	0.22641509433962265	0.41254125412541254	0.30337078651685395	0.36134453781512604	0.5238095238095238	0.38028169014084506	0.4155844155844156	0.08333333333333333	0.24675324675324675	0.5689655172413793	0.41025641025641024
dmw=4812	0.024930747922437674	0.003257328990228013	0.26865671641791045	0.011235955056179775	0.01838235294117647	0.1743119266055046	0.015209125475285171	0.029411764705882353	0.0	0.3582089552238806	0.022727272727272728	0.425	0.1	0.11290322580645161	0.14285714285714285	0.2	0.2727272727272727
dmw=4813	0.016049382716049384	0.010359536867763558	0.2295302013422819	0.02493765586034913	0.007102272727272727	0.09855072463768116	0.003816793893129771	0.020134228187919462	0.0125	0.2391304347826087	0.041666666666666664	0.34057971014492755	0.027586206896551724	0.03468208092485549	0.0	0.2	0.4411764705882353
dmw=4846	0.0	0.005291005291005291	0.0	0.0	0.0	0.0	0.0	0.0	0.058823529411764705	0.0	0.0	0.0	0.0	0.0	0.0	0.0	0.3076923076923077
dmw=4879	0.26427879961277834	0.2597793380140421	0.23006833712984054	0.3760330578512397	0.17839195979899497	0.30869565217391304	0.2656716417910448	0.21724137931034482	0.3850267379679144	0.21875	0.2875	0.17647058823529413	0.22857142857142856	0.13414634146341464	0.33783783783783783	0.36585365853658536	0.3023255813953488
dmw=4885	0.41874084919472915	0.3115264797507788	0.5357142857142857	0.5396039603960396	0.30333333333333334	0.5793103448275863	0.3417085427135678	0.2798165137614679	0.2727272727272727	0.6818181818181818	0.30666666666666664	0.5666666666666667	0.6981132075471698	0.18461538461538463	0.9090909090909091	0.6363636363636364	0.7666666666666667
dmw=4888	0.2482638888888889	0.1982281284606866	0.294811320754717	0.330188679245283	0.16872427983539096	0.3161290322580645	0.11969111969111969	0.2225705329153605	0.2920353982300885	0.3584905660377358	0.14150943396226415	0.45918367346938777	0.171875	0.1388888888888889	0.4444444444444444	0.5161290322580645	0.12903225806451613
dmw=4898	0.6397816858702243	0.5766153846153846	0.49829931972789115	0.5813333333333334	0.5	0.685131195335277	0.5915221579961464	0.5828402366863905	0.5254237288135594	0.5161290322580645	0.46808510638297873	0.5714285714285714	0.45517241379310347	0.4589041095890411	0.625	0.6631578947368421	0.4166666666666667
dmw=4902	0.1896551724137931	0.15798922800718132	0.2224334600760456	0.16666666666666666	0.1590909090909091	0.19172932330827067	0.14855072463768115	0.17402597402597403	0.18562874251497005	0.2578616352201258	0.1232876712328767	0.2641509433962264	0.1452991452991453	0.1513157894736842	0.13636363636363635	0.2826086956521739	0.08333333333333333
dmw=4947	0.008460236886632826	0.0074487895716946	0.0	0.02127659574468085	0.0	0.013793103448275862	0.004975124378109453	0.0	0.022727272727272728	0.0	0.0	0.03389830508474576	0.10909090909090909	0.0	0.0	0.0	0.02631578947368421
dmw=4950	0.16607142857142856	0.20168612191958496	0.46050670640834573	0.22633744855967078	0.6424731182795699	0.6122448979591837	0.6849056603773584	0.22975929978118162	0.6370967741935484	0.44936708860759494	0.3577981651376147	0.6826923076923077	0.31746031746031744	0.7815126050420168	0.6785714285714286	0.5492957746478874	0.6382978723404256
dmw=4951	0.32965686274509803	0.38819523269012485	0.45794392523364486	0.3795180722891566	0.6379310344827587	0.5606060606060606	0.748062015503876	0.44021739130434784	0.5555555555555556	0.5340909090909091	0.41	0.6909090909090909	0.2	0.6533333333333333	0.7297297297297297	0.6129032258064516	0.6739130434782609
dmw=4952	0.34206349206349207	0.29424011103400416	0.2919847328244275	0.30272108843537415	0.061371841155234655	0.12403100775193798	0.06626506024096386	0.22413793103448276	0.09411764705882353	0.2875816993464052	0.1631578947368421	0.22727272727272727	0.24358974358974358	0.0056179775280898875	0.16666666666666666	0.36486486486486486	0.33962264150943394
dmw=4953	0.190224570673712	0.1451388888888889	0.1492063492063492	0.18997361477572558	0.036036036036036036	0.13353115727002968	0.07272727272727272	0.08705882352941176	0.06666666666666667	0.22941176470588234	0.07692307692307693	0.11650485436893204	0.25961538461538464	0.014285714285714285	0.06557377049180328	0.20408163265306123	0.2676056338028169
dmw=4958	0.011846001974333662	0.018018018018018018	0.0702576112412178	0.05106382978723404	0.010810810810810811	0.14838709677419354	0.003389830508474576	0.02	0.02666666666666667	0.11290322580645161	0.0	0.2	0.10833333333333334	0.0	0.0	0.15217391304347827	0.17647058823529413
dmw=4963	0.6343804537521816	0.6264308012486993	0.6220095693779905	0.6218181818181818	0.26907630522088355	0.6019900497512438	0.5776566757493188	0.6227272727272727	0.5476190476190477	0.48120300751879697	0.56	0.5726495726495726	0.782608695652174	0.6545454545454545	0.6764705882352942	0.5471698113207547	0.6410256410256411
dmw=4964	0.6199059561128527	0.586515028432169	0.6648250460405156	0.5798045602605864	0.2635135135135135	0.6310344827586207	0.5673758865248227	0.516042780748663	0.5859375	0.5492957746478874	0.5508474576271186	0.5617977528089888	0.5760869565217391	0.5	0.532258064516129	0.7142857142857143	0.6551724137931034
dmw=5038	0.6201163757273483	0.5699765441751369	0.5810276679841897	0.6335403726708074	0.39655172413793105	0.6529411764705882	0.5386221294363257	0.6024096385542169	0.5042735042735043	0.44642857142857145	0.5766423357664233	0.6573426573426573	0.6039603960396039	0.3473684210526316	0.5172413793103449	0.7323943661971831	0.6153846153846154
dmw=5076	0.08881578947368421	0.1039426523297491	0.07086614173228346	0.12162162162162163	0.08737864077669903	0.11267605633802817	0.17721518987341772	0.013333333333333334	0.07692307692307693	0.07692307692307693	0.07692307692307693	0.14285714285714285	0.07692307692307693	0.14814814814814814	0.18181818181818182	0.0	0.058823529411764705
dmw=5084	0.054976303317535544	0.047126436781609195	0.3756345177664975	0.12946428571428573	0.09974424552429667	0.3643410852713178	0.08832807570977919	0.0529595015576324	0.10185185185185185	0.45454545454545453	0.05952380952380952	0.6266666666666667	0.16049382716049382	0.27	0.5	0.275	0.7413793103448276
dmw=5122	0.0	0.003745318352059925	0.0	0.0	0.0	0.0196078431372549	0.0	0.0	0.0	0.23076923076923078	0.0	0.0	0.0	0.0	0.25	0.0	0.0
dmw=5146	0.6977491961414791	0.5463576158940397	0.584	0.5432098765432098	0.23076923076923078	0.41379310344827586	0.3482142857142857	0.6610169491525424	0.35555555555555557	0.6666666666666666	0.46938775510204084	0.6551724137931034	0.7027027027027027	0.4166666666666667	0.36363636363636365	0.75	0.5416666666666666
dmw=5147	0.008264462809917356	0.006134969325153374	0.0	0.0	0.02666666666666667	0.0	0.0	0.0	0.0	0.10526315789473684	0.0	0.0	0.0	0.0	0.3333333333333333	0.0	0.0
dmw=5150	0.8865501248662148	0.8298136645962733	0.9071504802561366	0.9001814882032668	0.830622009569378	0.912621359223301	0.8664383561643836	0.8727272727272727	0.8934707903780069	0.5555555555555556	0.7754010695187166	0.8607594936708861	0.8	0.8712871287128713	0.8548387096774194	0.8555555555555555	0.8823529411764706
dmw=5154	0.0	0.0	0.0	0.0	0.022222222222222223	0.047619047619047616	0.03333333333333333	0.0	0.0	0.0	0.0	0.0	0.0	0.0	0.3333333333333333	0.0	0.0
dmw=5164	0.38311688311688313	0.31926121372031663	0.5894039735099338	0.5877862595419847	0.4523809523809524	0.6173913043478261	0.4726027397260274	0.3082191780821918	0.36538461538461536	0.7	0.16666666666666666	0.3448275862068966	0.2857142857142857	0.5	0.45454545454545453	0.7777777777777778	0.7857142857142857
dmw=5197	0.32465373961218835	0.3081986834230999	0.12850812407680945	0.33589743589743587	0.32848837209302323	0.35988200589970504	0.3532710280373832	0.28018223234624146	0.35135135135135137	0.3055555555555556	0.28488372093023256	0.054945054945054944	0.291044776119403	0.35944700460829493	0.39805825242718446	0.24390243902439024	0.23636363636363636
dmw=5198	0.29124916499666	0.2674616695059625	0.13781512605042018	0.34739454094292804	0.42642140468227424	0.4158878504672897	0.4160206718346253	0.26011560693641617	0.3795620437956204	0.17708333333333334	0.1895424836601307	0.08823529411764706	0.2518518518518518	0.34394904458598724	0.2653061224489796	0.36363636363636365	0.16279069767441862
dmw=5259	0.823982398239824	0.82063305978898	0.8144654088050315	0.8387096774193549	0.5121412803532008	0.7346938775510204	0.6843657817109144	0.8069164265129684	0.6521739130434783	0.7281553398058253	0.5961538461538461	0.8604651162790697	0.7777777777777778	0.5045871559633027	0.6216216216216216	0.7142857142857143	0.8333333333333334
dmw=5291	0.5525525525525525	0.5234375	0.3902439024390244	0.47474747474747475	0.45363408521303256	0.4340425531914894	0.40894568690095845	0.28095238095238095	0.4336283185840708	0.524390243902439	0.5238095238095238	0.46153846153846156	0.44871794871794873	0.40186915887850466	0.4857142857142857	0.6190476190476191	0.6
dmw=5324	0.48695652173913045	0.45662100456621	0.43450479233226835	0.463519313304721	0.15960912052117263	0.3888888888888889	0.10185185185185185	0.46120689655172414	0.07058823529411765	0.40476190476190477	0.3287671232876712	0.5128205128205128	0.3404255319148936	0.2441860465116279	0.2	0.2608695652173913	0.5416666666666666
dmw=5345	0.6745932415519399	0.5832349468713105	0.6648648648648648	0.7660550458715596	0.6384839650145773	0.7805907172995781	0.6145833333333334	0.35051546391752575	0.6068376068376068	0.5540540540540541	0.6533333333333333	0.7674418604651163	0.7640449438202247	0.41333333333333333	0.9166666666666666	0.7441860465116279	0.2857142857142857
dmw=5350	0.7532751091703057	0.7265160523186682	0.7610294117647058	0.6956521739130435	0.03827751196172249	0.4652777777777778	0.05475504322766571	0.5871559633027523	0.10077519379844961	0.7924528301886793	0.4621212121212121	0.7547169811320755	0.7021276595744681	0.07894736842105263	0.21875	0.8275862068965517	0.7567567567567568
dmw=5361	0.04054054054054054	0.07142857142857142	0.10855263157894737	0.07456140350877193	0.03435114503816794	0.2	0.07647058823529412	0.05660377358490566	0.2608695652173913	0.04878048780487805	0.078125	0.06382978723404255	0.0945945945945946	0.058823529411764705	0.0	0.3333333333333333	0.16666666666666666
dmw=5380	0.878003003003003	0.8788927335640139	0.8586118251928021	0.9284552845528455	0.8668971477960242	0.9068736141906873	0.8703703703703703	0.8861256544502618	0.824773413897281	0.7080745341614907	0.8975409836065574	0.8940092165898618	0.6868131868131868	0.9322709163346613	0.9259259259259259	0.8950617283950617	0.9206349206349206
dmw=5420	0.404553415061296	0.34531693472090824	0.5234375	0.4491803278688525	0.6578947368421053	0.516245487364621	0.603988603988604	0.39634146341463417	0.5375	0.45217391304347826	0.4	0.4	0.3893805309734513	0.47435897435897434	0.5660377358490566	0.5	0.6617647058823529
dmw=5448	0.003125	0.006024096385542169	0.01694915254237288	0.018018018018018018	0.0	0.0	0.0	0.012195121951219513	0.0	0.0	0.0	0.0	0.0	0.0	0.0	0.0	0.5
dmw=5452	0.11016949152542373	0.08290816326530612	0.2540192926045016	0.2125	0.022900763358778626	0.23039215686274508	0.017985611510791366	0.024096385542168676	0.009615384615384616	0.3333333333333333	0.08333333333333333	0.35384615384615387	0.23469387755102042	0.01639344262295082	0.45714285714285713	0.3333333333333333	0.2631578947368421
dmw=5467	0.3592938733125649	0.2724580454096742	0.4975845410628019	0.3054393305439331	0.3023255813953488	0.5787037037037037	0.35714285714285715	0.26877470355731226	0.2641509433962264	0.3695652173913043	0.34210526315789475	0.35555555555555557	0.43333333333333335	0.35802469135802467	0.5666666666666667	0.8214285714285714	0.5411764705882353
dmw=5477	0.5313653136531366	0.6151202749140894	0.6785714285714286	0.5454545454545454	0.42857142857142855	0.46808510638297873	0.4533333333333333	0.5487804878048781	0.29545454545454547	0.7222222222222222	0.4666666666666667	0.6666666666666666	0.6486486486486487	0.2857142857142857	0.43333333333333335	0.3333333333333333	0.7647058823529411
dmw=5487	0.5535872453498671	0.48370044052863437	0.5232558139534884	0.5431034482758621	0.2768361581920904	0.4835164835164835	0.23723723723723725	0.5052631578947369	0.29347826086956524	0.5151515151515151	0.4017857142857143	0.5070422535211268	0.3548387096774194	0.2222222222222222	0.42857142857142855	0.7037037037037037	0.5882352941176471
dmw=5489	0.5987723214285714	0.547915538711424	0.650137741046832	0.5921696574225123	0.46096654275092935	0.5079365079365079	0.14365671641791045	0.6086956521739131	0.3582887700534759	0.5164835164835165	0.5568862275449101	0.6111111111111112	0.5958904109589042	0.40718562874251496	0.4406779661016949	0.6078431372549019	0.48148148148148145
dmw=5522	0.07242339832869081	0.0847457627118644	0.10638297872340426	0.03636363636363636	0.05343511450381679	0.034482758620689655	0.09322033898305085	0.01098901098901099	0.022222222222222223	0.07692307692307693	0.1111111111111111	0.29411764705882354	0.05555555555555555	0.12	0.4	0.1111111111111111	0.0
dmw=5547	0.4318529862174579	0.41338221814848763	0.5440414507772021	0.5503685503685504	0.21189591078066913	0.5719063545150501	0.13108614232209737	0.1174496644295302	0.27	0.5039370078740157	0.41379310344827586	0.7142857142857143	0.5652173913043478	0.10091743119266056	0.6470588235294118	0.7297297297297297	0.6851851851851852
dmw=5562	0.2458045409674235	0.2	0.32865168539325845	0.3412322274881517	0.08863636363636364	0.3157894736842105	0.1174496644295302	0.21768707482993196	0.052083333333333336	0.3645833333333333	0.2773109243697479	0.34146341463414637	0.34328358208955223	0.05	0.2391304347826087	0.2830188679245283	0.4375
dmw=5639	0.7493055555555556	0.752990851513019	0.7294589178356713	0.7539432176656151	0.6455026455026455	0.7392857142857143	0.4947589098532495	0.7644230769230769	0.532608695652174	0.6133333333333333	0.7821782178217822	0.7795275590551181	0.68	0.728	0.6956521739130435	0.7761194029850746	0.7058823529411765
dmw=5699	0.07549778761061947	0.0714066339066339	0.07747747747747748	0.03449781659388646	0.06592	0.04866180048661801	0.09070397111913357	0.08562367864693446	0.11447084233261338	0.12397820163487738	0.05256723716381418	0.07133058984910837	0.024229074889867842	0.047619047619047616	0.06345177664974619	0.04487179487179487	0.05504587155963303
dmw=5700	0.4067180780068219	0.3818565400843882	0.43100750938673343	0.3961941937057819	0.4369174434087883	0.44515151515151513	0.39257101238164605	0.44145026947574717	0.3724740578918624	0.2922077922077922	0.3802083333333333	0.35815338793745344	0.38246628131021193	0.4099142040038132	0.3873239436619718	0.46573426573426574	0.30798479087452474
dmw=5701	0.5221190606226106	0.5813910124930076	0.5672907099964677	0.6477651767845231	0.5762368207623683	0.5965909090909091	0.5925704014379868	0.5904716073147257	0.6985507246376812	0.44054054054054054	0.4442105263157895	0.5105162523900574	0.4936708860759494	0.5050251256281407	0.5567567567567567	0.4187192118226601	0.3034825870646766
dmw=5702	0.6406201550387597	0.6506849315068494	0.6281618887015177	0.6562874251497006	0.6673699015471167	0.7341772151898734	0.7362428842504743	0.7027707808564232	0.8141025641025641	0.5057471264367817	0.6190476190476191	0.6208053691275168	0.7086092715231788	0.6768060836501901	0.8953488372093024	0.5979381443298969	0.5423728813559322
dmw=5703	0.7700711636764559	0.7406872428594768	0.8152710409438482	0.8179427027795549	0.8120700121408336	0.8503983475951609	0.794123112659698	0.8083065945117571	0.817218939744602	0.6710812298953835	0.747668918918919	0.7681669295159529	0.7907236658284437	0.8456223379081874	0.8740213523131672	0.8657665436847476	0.6515526924347539
dmw=5704	0.8810462199928341	0.8355400696864111	0.9175475687103594	0.8827160493827161	0.8969505783385909	0.972	0.8944672131147541	0.89738430583501	0.8892508143322475	0.7578125	0.9237668161434978	0.7752293577981652	0.8502673796791443	0.9473684210526315	0.968503937007874	0.9222222222222223	0.6326530612244898
dmw=5705	0.8875802997858673	0.8504519309778144	0.879162702188392	0.9217791411042945	0.9061338289962825	0.9548762736535662	0.868995633187773	0.9267643142476698	0.949438202247191	0.7019607843137254	0.8754578754578755	0.8552631578947368	0.8023255813953488	0.9086538461538461	0.9923076923076923	0.9916666666666667	0.5773195876288659
dmw=5706	0.8653765250315524	0.8375984251968503	0.8936491935483871	0.9257352941176471	0.9105098855359001	0.9057043073341094	0.8990683229813664	0.8811096433289299	0.918194640338505	0.5965996908809892	0.7546728971962616	0.8703071672354948	0.7522522522522522	0.9084507042253521	0.9578947368421052	0.9864864864864865	0.6443768996960486
dmw=5707	0.8703834391907787	0.8506634499396863	0.908761329305136	0.9119555143651529	0.9245826137017847	0.9348659003831418	0.8765613519470977	0.9113095238095238	0.9030837004405287	0.5657142857142857	0.8698412698412699	0.7592592592592593	0.8746518105849582	0.8886198547215496	0.958904109589041	0.967391304347826	0.8044692737430168
dmw=5708	0.9064602960969045	0.8675932699341624	0.847926267281106	0.9080459770114943	0.8921417565485362	0.9331210191082803	0.9393939393939394	0.8623853211009175	0.888235294117647	0.6555023923444976	0.8994413407821229	0.9024390243902439	0.7327586206896551	0.9420289855072463	0.9473684210526315	0.9523809523809523	0.8962264150943396
dmw=5709	0.8394534585824082	0.7802155504234026	0.8807439824945296	0.9147058823529411	0.8893093661305582	0.8916666666666667	0.8604166666666667	0.8837876614060258	0.9108910891089109	0.6106870229007634	0.84375	0.7848605577689243	0.9083969465648855	0.9128787878787878	0.8842105263157894	0.7936507936507936	0.6666666666666666
dmw=5710	0.8313111545988259	0.8245417134306023	0.8934977578475336	0.9272271016311167	0.8883415435139573	0.9094736842105263	0.9050387596899225	0.9012915129151291	0.8445378151260504	0.8072727272727273	0.8306709265175719	0.835820895522388	0.8921161825726142	0.896797153024911	0.9603960396039604	0.7872340425531915	0.6942148760330579
dmw=5711	0.8525198938992042	0.8560794044665012	0.8958031837916064	0.9275653923541247	0.9080932784636488	0.933806146572104	0.9009708737864077	0.9123376623376623	0.9131832797427653	0.5988700564971752	0.8240343347639485	0.8852459016393442	0.9207920792079208	0.9723756906077348	0.9719626168224299	0.9875	0.5625
dmw=5712	0.7706260971328263	0.7315140845070423	0.8400852878464818	0.8640226628895185	0.8562992125984252	0.8910256410256411	0.8037383177570093	0.8346055979643766	0.852017937219731	0.5436893203883495	0.8444444444444444	0.8333333333333334	0.9464285714285714	0.8620689655172413	0.9411764705882353	0.9411764705882353	0.30434782608695654
dmw=5713	0.8841059602649006	0.8832684824902723	0.9270833333333334	0.9270833333333334	0.9202898550724637	0.9166666666666666	0.9044776119402985	0.9590643274853801	0.9320388349514563	0.4095238095238095	0.8	1.0	0.972972972972973	0.9148936170212766	0.9512195121951219	1.0	0.75
dmw=5737	0.7363420427553444	0.8125	0.8732394366197183	0.7904761904761904	0.5576923076923077	0.9158878504672897	0.5441176470588235	0.8873239436619719	0.5656565656565656	0.8780487804878049	0.8421052631578947	1.0	0.46875	0.6666666666666666	0.9090909090909091	0.8461538461538461	0.7
dmw=5751	0.2857142857142857	0.23335883703136956	0.391812865497076	0.3961352657004831	0.40328697850821743	0.6224489795918368	0.47844827586206895	0.18387909319899245	0.5362318840579711	0.4853801169590643	0.20300751879699247	0.5669291338582677	0.3894736842105263	0.3391304347826087	0.6408450704225352	0.6329113924050633	0.44
dmw=5756	0.29637526652452023	0.2863636363636364	0.15165876777251186	0.34459459459459457	0.2383177570093458	0.2803738317757009	0.4041095890410959	0.19428571428571428	0.3684210526315789	0.03125	0.3472222222222222	0.09433962264150944	0.3548387096774194	0.17543859649122806	0.5238095238095238	0.27906976744186046	0.3125
dmw=5757	0.535064935064935	0.5049019607843137	0.5586206896551724	0.6153846153846154	0.2655367231638418	0.7160493827160493	0.17293233082706766	0.4056603773584906	0.30612244897959184	0.5277777777777778	0.3783783783783784	0.4230769230769231	0.5652173913043478	0.23333333333333334	0.8421052631578947	1.0	0.5
dmw=5778	0.3721973094170404	0.29896907216494845	0.6071428571428571	0.6623376623376623	0.8064516129032258	0.8275862068965517	0.7894736842105263	0.5306122448979592	0.75	0.6	0.7	0.9230769230769231	0.2222222222222222	1.0	1.0	1.0	0.3333333333333333
dmw=5788	0.6317460317460317	0.6132596685082873	0.35074626865671643	0.625	0.6474820143884892	0.6896551724137931	0.7088607594936709	0.5168539325842697	0.8	0.03571428571428571	0.5	0.30303030303030304	0.5	0.0	0.7368421052631579	0.55	0.5625
dmw=5871	0.17263427109974425	0.12556053811659193	0.2032258064516129	0.10191082802547771	0.2348993288590604	0.39361702127659576	0.22929936305732485	0.1415929203539823	0.3522727272727273	0.29333333333333333	0.15714285714285714	0.3137254901960784	0.17777777777777778	0.125	0.6170212765957447	0.42105263157894735	0.0
dmw=5890	0.8100233100233101	0.7837837837837838	0.7830985915492957	0.7764705882352941	0.5831062670299727	0.8169934640522876	0.44036697247706424	0.7934782608695652	0.5268817204301075	0.7536231884057971	0.6703296703296703	0.6595744680851063	0.75	0.5423728813559322	0.7727272727272727	0.8333333333333334	0.7586206896551724
dmw=5891	0.6112759643916914	0.5348837209302325	0.6923076923076923	0.6630434782608695	0.23846153846153847	0.6790123456790124	0.3565217391304348	0.6363636363636364	0.5769230769230769	0.5	0.42857142857142855	0.8958333333333334	0.35714285714285715	0.24	0.0	1.0	0.8974358974358975
dmw=5892	0.4889673433362754	0.4830741079597438	0.6156716417910447	0.5647840531561462	0.17902350813743217	0.49372384937238495	0.2113022113022113	0.5382262996941896	0.25316455696202533	0.6721311475409836	0.29896907216494845	0.6336633663366337	0.35384615384615387	0.32786885245901637	0.15151515151515152	0.7142857142857143	0.7692307692307693
dmw=5897	0.6444444444444445	0.6380334954078877	0.666156202143951	0.7400379506641366	0.5165929203539823	0.7085201793721974	0.4767676767676768	0.581532416502947	0.5350877192982456	0.6082474226804123	0.5148514851485149	0.703125	0.4880952380952381	0.49743589743589745	0.7411764705882353	0.7692307692307693	0.5571428571428572
dmw=5898	0.8432934926958832	0.8141711229946524	0.7278688524590164	0.8241206030150754	0.7054794520547946	0.8389261744966443	0.627906976744186	0.865979381443299	0.6111111111111112	0.7931034482758621	0.7435897435897436	0.8604651162790697	0.6973684210526315	0.8547008547008547	0.75	1.0	0.75
dmw=5905	0.25946969696969696	0.20877192982456141	0.2297551789077213	0.31097560975609756	0.043478260869565216	0.1875	0.043037974683544304	0.27314814814814814	0.10714285714285714	0.2857142857142857	0.2597402597402597	0.2911392405063291	0.3424657534246575	0.025	0.043478260869565216	0.05555555555555555	0.16363636363636364
dmw=5906	0.7013996889580093	0.648506151142355	0.6153846153846154	0.7687074829931972	0.49508196721311476	0.58125	0.42995169082125606	0.5172413793103449	0.4342105263157895	0.7164179104477612	0.6363636363636364	0.6595744680851063	0.8	0.49122807017543857	0.6	0.92	0.725
dmw=5907	0.3125	0.24899598393574296	0.3456221198156682	0.36	0.2112676056338028	0.19834710743801653	0.2972972972972973	0.5714285714285714	0.3384615384615385	0.14583333333333334	0.7291666666666666	0.4411764705882353	0.23684210526315788	0.1875	0.275	0.8095238095238095	0.16666666666666666
dmw=5914	0.9190915542938254	0.9164265129682997	0.9483146067415731	0.958656330749354	0.9271186440677966	0.9689655172413794	0.9464668094218416	0.9461077844311377	0.9504132231404959	0.7204968944099379	0.9494949494949495	1.0	0.6666666666666666	0.9794520547945206	0.7714285714285715	0.9491525423728814	0.8823529411764706
dmw=5916	0.3055555555555556	0.2400932400932401	0.20809248554913296	0.427536231884058	0.048034934497816595	0.21621621621621623	0.0935672514619883	0.21951219512195122	0.0	0.3620689655172414	0.12903225806451613	0.3018867924528302	0.15	0.0	0.23076923076923078	0.6923076923076923	0.4444444444444444
dmw=5917	0.11818181818181818	0.03674540682414698	0.2866666666666667	0.4810126582278481	0.031446540880503145	0.4842105263157895	0.043478260869565216	0.1171875	0.0	0.7916666666666666	0.0	0.0	0.06521739130434782	0.0	0.047619047619047616	0.4	0.3
dmw=5918	0.9313824419778002	0.9451038575667656	0.968609865470852	0.967948717948718	0.9549180327868853	0.9915966386554622	0.9748201438848921	0.9708029197080292	0.9111111111111111	0.6532258064516129	0.9736842105263158	0.9852941176470589	1.0	1.0	1.0	0.9066666666666666	0.8888888888888888
dmw=5919	0.9151636606546426	0.9261275272161742	0.964968152866242	0.9688249400479616	0.9586028460543338	0.965625	0.9487179487179487	0.9276595744680851	0.9521276595744681	0.6518518518518519	0.9809523809523809	0.8717948717948718	0.953125	0.953125	0.978021978021978	0.9878048780487805	0.8734177215189873
dmw=5926	0.7553879310344828	0.6836538461538462	0.8508064516129032	0.8222748815165877	0.572429906542056	0.8784722222222222	0.6810631229235881	0.7425742574257426	0.7951807228915663	0.7241379310344828	0.8533333333333334	0.7169811320754716	0.8961038961038961	0.75	0.8108108108108109	0.7719298245614035	0.5609756097560976
dmw=5934	0.8954372623574145	0.880485527544351	0.9191489361702128	0.9380530973451328	0.8930348258706468	0.8727272727272727	0.87	0.8874172185430463	0.9829059829059829	0.3888888888888889	0.9130434782608695	1.0	0.95	0.9416666666666667	0.8333333333333334	1.0	0.6774193548387096
dmw=5940	0.7920621225194133	0.7620535714285714	0.8220140515222483	0.8924528301886793	0.6720741599073001	0.9178885630498533	0.724087591240876	0.7953488372093023	0.80859375	0.6682926829268293	0.7425149700598802	0.8130841121495327	0.845679012345679	0.8188976377952756	0.8735632183908046	0.8306010928961749	0.8508771929824561
dmw=5941	0.7642857142857142	0.5857142857142857	0.6285714285714286	0.75	0.2830188679245283	0.6896551724137931	0.42857142857142855	0.7419354838709677	0.2903225806451613	0.5	0.6363636363636364	0.7931034482758621	0.7777777777777778	0.25925925925925924	0.2727272727272727	0.375	0.38461538461538464
dmw=5952	0.9123152709359605	0.8906752411575563	0.9339019189765458	0.8888888888888888	0.9370860927152318	0.824390243902439	0.9246376811594202	0.9653333333333334	0.9433962264150944	0.8734177215189873	0.8913043478260869	0.912621359223301	0.8846153846153846	0.9424460431654677	0.0	1.0	0.8095238095238095
dmw=5955	0.37317784256559766	0.2848360655737705	0.3371824480369515	0.493368700265252	0.2894248608534323	0.5677083333333334	0.21561338289962825	0.28289473684210525	0.31521739130434784	0.43119266055045874	0.275	0.46835443037974683	0.5555555555555556	0.29365079365079366	0.45	0.5128205128205128	0.5070422535211268
dmw=5962	0.7624309392265194	0.7492877492877493	0.8220338983050848	0.7884615384615384	0.5483870967741935	0.8518518518518519	0.3140495867768595	0.8512396694214877	0.375	0.7058823529411765	0.8823529411764706	0.7837837837837838	0.9	0.6470588235294118	1.0	1.0	1.0
dmw=5963	0.772093023255814	0.7305555555555555	0.8217054263565892	0.8130081300813008	0.5228758169934641	0.8539325842696629	0.4434782608695652	0.7560975609756098	0.38235294117647056	0.6	0.6	0.8181818181818182	0.9565217391304348	0.42857142857142855	1.0	1.0	0.75
dmw=5970	0.5500267522739433	0.5386232264844981	0.5859154929577465	0.5545286506469501	0.1935483870967742	0.39402173913043476	0.20911949685534592	0.5968688845401174	0.25824175824175827	0.42913385826771655	0.48226950354609927	0.6833333333333333	0.5294117647058824	0.056	0.3333333333333333	0.5869565217391305	0.325
dmw=5982	0.8826886493341788	0.8728139904610492	0.8911917098445595	0.9085714285714286	0.8862745098039215	0.9260869565217391	0.8558875219683656	0.9084249084249084	0.9014084507042254	0.8127853881278538	0.9101123595505618	0.9065420560747663	0.7387387387387387	0.9387755102040817	0.9122807017543859	0.9523809523809523	0.7142857142857143
dmw=5986	0.8804878048780488	0.8369987063389392	0.9250936329588015	0.972972972972973	0.9375	0.9367088607594937	0.9440298507462687	0.8838709677419355	0.9491525423728814	0.4647887323943662	0.9101123595505618	0.9166666666666666	0.972972972972973	0.95	1.0	0.896551724137931	0.7333333333333333
dmw=5987	0.6579487179487179	0.5597230236583959	0.46096096096096095	0.7482014388489209	0.6480519480519481	0.8108108108108109	0.6843065693430657	0.76	0.6983471074380165	0.4186046511627907	0.615819209039548	0.41916167664670656	0.6509433962264151	0.6239316239316239	0.8428571428571429	0.49056603773584906	0.8108108108108109
dmw=5991	0.061855670103092786	0.039114043355325166	0.08884073672806067	0.124282982791587	0.07591240875912408	0.1693227091633466	0.06265664160401002	0.05965909090909091	0.12078651685393259	0.08181818181818182	0.03278688524590164	0.11643835616438356	0.11049723756906077	0.09595959595959595	0.21212121212121213	0.11235955056179775	0.10810810810810811
dmw=5998	0.2682926829268293	0.21655580192165558	0.23903177004538578	0.28517110266159695	0.13333333333333333	0.22267206477732793	0.12289562289562289	0.24678111587982832	0.1407035175879397	0.22727272727272727	0.15625	0.22926829268292684	0.1891891891891892	0.17886178861788618	0.30612244897959184	0.25	0.225
dmw=6001	0.92015503875969	0.9022222222222223	0.9402730375426621	0.9496268656716418	0.9411764705882353	0.9047619047619048	0.9566265060240964	0.9495412844036697	0.9225806451612903	0.6424581005586593	0.9411764705882353	0.9444444444444444	0.8	0.9433962264150944	0.9615384615384616	0.9666666666666667	0.8032786885245902
dmw=6003	0.5262600592969081	0.5013345195729537	0.7373056994818653	0.6602023608768971	0.7167798254122212	0.8338590956887487	0.7578065498857578	0.5762213066509712	0.7410207939508506	0.7017241379310345	0.5402542372881356	0.8112449799196787	0.6466431095406361	0.706766917293233	0.7281553398058253	0.8651162790697674	0.8461538461538461
dmw=6004	0.2641025641025641	0.2430453879941435	0.5631768953068592	0.3056768558951965	0.5300353356890459	0.6884057971014492	0.717948717948718	0.34831460674157305	0.5517241379310345	0.45614035087719296	0.2553191489361702	0.75	0.2631578947368421	0.5588235294117647	0.8333333333333334	0.88	0.2
dmw=6005	0.27335640138408307	0.28622540250447226	0.43243243243243246	0.43548387096774194	0.4392156862745098	0.5825242718446602	0.4935064935064935	0.3208955223880597	0.6031746031746031	0.4827586206896552	0.2222222222222222	0.5833333333333334	0.5853658536585366	0.391304347826087	0.7	0.7391304347826086	0.47058823529411764
dmw=6010	0.9089253187613844	0.8910891089108911	0.8823529411764706	0.9827586206896551	0.9292035398230089	0.9389312977099237	0.9441624365482234	0.9433962264150944	0.9351851851851852	0.7160493827160493	0.925	0.9512195121951219	0.6363636363636364	0.9210526315789473	0.9	0.9545454545454546	0.9642857142857143
dmw=6027	0.7893462469733656	0.7182320441988951	0.8089887640449438	0.8173913043478261	0.519650655021834	0.7391304347826086	0.6451612903225806	0.8492063492063492	0.6491228070175439	0.7714285714285715	0.6888888888888889	0.9444444444444444	0.9	0.6666666666666666	0.38095238095238093	0.9047619047619048	0.4166666666666667
dmw=6031	0.7851108764519535	0.7807486631016043	0.8142681426814268	0.8465703971119134	0.6066134549600912	0.7958656330749354	0.5951492537313433	0.8353413654618473	0.5947955390334573	0.7607142857142857	0.7012987012987013	0.7870370370370371	0.7005988023952096	0.625	0.7818181818181819	0.7787610619469026	0.7611940298507462
dmw=6032	0.8024017467248908	0.6497237569060773	0.8122362869198312	0.8468468468468469	0.5465686274509803	0.8717948717948718	0.7018181818181818	0.8174603174603174	0.6973684210526315	0.4931506849315068	0.6119402985074627	0.6941176470588235	0.8253968253968254	0.3783783783783784	0.6551724137931034	0.9565217391304348	0.7619047619047619
dmw=6033	0.5238095238095238	0.32989690721649484	0.7796610169491526	0.6153846153846154	0.33516483516483514	0.676056338028169	0.45918367346938777	0.49693251533742333	0.7413793103448276	0.6296296296296297	0.5535714285714286	0.7931034482758621	0.7804878048780488	0.4117647058823529	0.5185185185185185	0.6923076923076923	0.75
dmw=6039	0.8623063683304647	0.8088888888888889	0.8345588235294118	0.9331742243436754	0.8846657929226737	0.9452054794520548	0.8793103448275862	0.9267605633802817	0.900497512437811	0.8901098901098901	0.75	0.9084967320261438	0.8181818181818182	0.9137931034482759	0.8823529411764706	0.961038961038961	0.7
dmw=6041	0.8600682593856656	0.765934065934066	0.8338983050847457	0.8543689320388349	0.5135135135135135	0.8782051282051282	0.6267942583732058	0.752895752895753	0.6578947368421053	0.6695652173913044	0.8051948051948052	0.9772727272727273	0.7941176470588235	0.5	0.9565217391304348	0.9473684210526315	0.8771929824561403
dmw=6044	0.8262910798122066	0.7863013698630137	0.8777506112469438	0.9082278481012658	0.875	0.8975155279503105	0.8823529411764706	0.9027777777777778	0.9477611940298507	0.7919463087248322	0.7469879518072289	0.7638888888888888	0.4936708860759494	0.9032258064516129	0.9523809523809523	0.9545454545454546	0.3389830508474576
dmw=6045	0.9088575096277278	0.8672086720867209	0.8585858585858586	0.9434628975265018	0.8461538461538461	0.8874172185430463	0.8903654485049833	0.9063291139240506	0.9444444444444444	0.6351351351351351	0.8518518518518519	0.9459459459459459	0.8205128205128205	0.9545454545454546	0.0	0.9354838709677419	0.5238095238095238
dmw=6056	0.8482886216466234	0.8227794305142372	0.8616279069767442	0.9205955334987593	0.8682572614107884	0.9652173913043478	0.8690140845070422	0.8496124031007752	0.8976109215017065	0.8253968253968254	0.8198757763975155	0.9532710280373832	0.8125	0.9341085271317829	0.8433734939759037	0.8837209302325582	0.5540540540540541
dmw=6057	0.5802047781569966	0.6060606060606061	0.49411764705882355	0.8157894736842105	0.19254658385093168	0.42857142857142855	0.2781456953642384	0.7758620689655172	0.1774193548387097	0.3409090909090909	0.0	0.42857142857142855	0.5	0.14285714285714285	0.14814814814814814	0.6666666666666666	0.3
dmw=6061	0.2787456445993031	0.2159468438538206	0.375	0.31142857142857144	0.33519553072625696	0.3557692307692308	0.2802547770700637	0.17269076305220885	0.3584905660377358	0.4268292682926829	0.25263157894736843	0.20967741935483872	0.3559322033898305	0.4489795918367347	0.45454545454545453	0.5	0.25862068965517243
dmw=6069	0.02674591381872214	0.007263922518159807	0.04406779661016949	0.06711409395973154	0.17966101694915254	0.2768361581920904	0.10588235294117647	0.020512820512820513	0.16455696202531644	0.06153846153846154	0.109375	0.08571428571428572	0.015151515151515152	0.12903225806451613	0.5483870967741935	0.3333333333333333	0.125
dmw=6070	0.6757446808510639	0.5491866769945778	0.5758293838862559	0.6610738255033557	0.423841059602649	0.5091743119266054	0.36428571428571427	0.5637393767705382	0.5	0.5073529411764706	0.47058823529411764	0.41379310344827586	0.6078431372549019	0.4533333333333333	0.5862068965517241	0.5964912280701754	0.41304347826086957
dmw=6074	0.5600328947368421	0.5375951293759513	0.6878930817610063	0.7707707707707707	0.8143219264892269	0.8189158016147635	0.8527196652719665	0.6064718162839249	0.9227799227799228	0.6920415224913494	0.6	0.750788643533123	0.6831683168316832	0.8621794871794872	0.9428571428571428	0.8235294117647058	0.7029702970297029
dmw=6082	0.8881709741550696	0.8385928608380755	0.9183673469387755	0.8977777777777778	0.9304347826086956	0.9149484536082474	0.9076923076923077	0.8842504743833017	0.9193548387096774	0.7794117647058824	0.8896551724137931	0.921875	0.9056603773584906	0.9239543726235742	0.968421052631579	0.943089430894309	0.6880733944954128
dmw=6083	0.8434610303830912	0.822826808228268	0.9115853658536586	0.8966789667896679	0.8972431077694235	0.8903654485049833	0.8877551020408163	0.8732673267326733	0.844	0.9222222222222223	0.6981132075471698	0.9602649006622517	0.75	0.9666666666666667	0.75	0.9368421052631579	0.75
dmw=6084	0.9006823351023503	0.8991703892788768	0.8870967741935484	0.9285714285714286	0.934931506849315	0.958041958041958	0.9239904988123515	0.9198113207547169	0.9244186046511628	0.6388888888888888	0.8761904761904762	0.9304347826086956	0.9111111111111111	0.9529411764705882	0.9411764705882353	0.9886363636363636	0.8350515463917526
dmw=6085	0.8888888888888888	0.8794688457609806	0.8793503480278422	0.9178082191780822	0.904550499445061	0.9548611111111112	0.8969298245614035	0.9064748201438849	0.9020618556701031	0.7303370786516854	0.8586956521739131	0.9572649572649573	0.8082191780821918	0.9191919191919192	0.9759036144578314	0.9705882352941176	0.7037037037037037
dmw=6086	0.8847167325428195	0.8321114369501467	0.8329177057356608	0.9361702127659575	0.8932584269662921	0.9336099585062241	0.9068901303538175	0.8717948717948718	0.8832116788321168	0.49710982658959535	0.7291666666666666	0.9112903225806451	0.8103448275862069	0.9290780141843972	0.9130434782608695	0.9833333333333333	0.65625
dmw=6093	0.9069408740359897	0.8954407294832827	0.9375	0.9300970873786408	0.9409984871406959	0.9288990825688074	0.94	0.9037037037037037	0.9468599033816425	0.7991071428571429	0.8835978835978836	0.9186991869918699	0.7842105263157895	0.9281045751633987	0.948051948051948	0.9834710743801653	0.7586206896551724
dmw=6094	0.8258478460128322	0.7809045226130653	0.8707627118644068	0.8745247148288974	0.821826280623608	0.921161825726141	0.8421052631578947	0.8904109589041096	0.8363636363636363	0.6875	0.8214285714285714	0.9495798319327731	0.8782608695652174	0.864406779661017	0.9375	1.0	0.7631578947368421
dmw=6095	0.8723021582733813	0.8344671201814059	0.8471502590673575	0.9181286549707602	0.9414802065404475	0.8789237668161435	0.9345955249569707	0.9037800687285223	0.967479674796748	0.8125	0.9246575342465754	0.8900523560209425	0.6716417910447762	0.873015873015873	0.9795918367346939	0.8571428571428571	0.6
dmw=6096	0.7785280216070223	0.7451923076923077	0.8263069139966274	0.8921161825726142	0.8064516129032258	0.9530685920577617	0.8427672955974843	0.8589211618257261	0.7873303167420814	0.7672955974842768	0.8013245033112583	0.8415841584158416	0.9242424242424242	0.9183673469387755	0.9454545454545454	0.972972972972973	0.5588235294117647
dmw=6097	0.8248512888301388	0.7926657263751763	0.8912529550827423	0.9276190476190476	0.8509933774834437	0.9473684210526315	0.8649237472766884	0.8677966101694915	0.851063829787234	0.8035714285714286	0.868421052631579	0.8248175182481752	0.8857142857142857	0.959349593495935	0.989247311827957	0.9791666666666666	0.48148148148148145
dmw=6098	0.9037690457097033	0.8719460825610783	0.9412997903563941	0.9046321525885559	0.8796992481203008	0.9351145038167938	0.9376498800959233	0.9263803680981595	0.8933333333333333	0.5380434782608695	0.8842105263157894	0.6991150442477876	0.9210526315789473	0.8446601941747572	0.9302325581395349	0.8928571428571429	0.8714285714285714
dmw=6099	0.9189964157706093	0.8960434445306439	0.9147640791476408	0.9563409563409564	0.9281553398058252	0.9464285714285714	0.918552036199095	0.9455445544554455	0.930379746835443	0.610062893081761	0.865979381443299	0.9191919191919192	0.8984375	0.967391304347826	0.9629629629629629	0.9078947368421053	0.7586206896551724
dmw=6101	0.8368600682593856	0.762338648443432	0.8772504091653028	0.9311475409836065	0.8448275862068966	0.9023255813953488	0.8367346938775511	0.8328267477203647	0.8956521739130435	0.6158940397350994	0.6608695652173913	0.8222222222222222	0.8275862068965517	0.9495798319327731	1.0	1.0	0.5833333333333334
dmw=6102	0.843558282208589	0.801829268292683	0.9107142857142857	0.9	0.8791208791208791	1.0	0.8645833333333334	0.8793103448275862	1.0	0.28888888888888886	0.926829268292683	1.0	0.9583333333333334	0.6470588235294118	1.0	1.0	0.4666666666666667
dmw=6104	0.5442748091603054	0.4920486435921422	0.7375328083989501	0.739010989010989	0.6481927710843374	0.7510548523206751	0.7448453608247423	0.48534201954397393	0.7987421383647799	0.8217054263565892	0.4230769230769231	0.7282608695652174	0.6063829787234043	0.5327868852459017	0.8727272727272727	0.8813559322033898	0.65625
dmw=6106	0.006915629322268326	0.0	0.012919896640826873	0.0136986301369863	0.005865102639296188	0.0481283422459893	0.0	0.00847457627118644	0.0	0.0125	0.0	0.0	0.0	0.024390243902439025	0.0	0.0	0.1891891891891892
dmw=6107	0.927710843373494	0.8915159944367177	0.9023746701846965	0.9039301310043668	0.9561855670103093	0.9438775510204082	0.9174311926605505	0.9442379182156134	0.9529411764705882	0.6707317073170732	0.8461538461538461	0.9024390243902439	0.6020408163265306	0.9195402298850575	1.0	1.0	0.7586206896551724
dmw=6108	0.8525441329179647	0.8002171552660152	0.9014598540145985	0.8787878787878788	0.9166666666666666	0.9161676646706587	0.8601190476190477	0.9012345679012346	0.9051724137931034	0.6355140186915887	0.7222222222222222	0.8571428571428571	0.711340206185567	0.8695652173913043	0.9663865546218487	1.0	0.48
dmw=6109	0.9109874826147427	0.9001343484102104	0.9098591549295775	0.9228187919463087	0.9450830140485313	0.975	0.934228187919463	0.9222222222222223	0.9083333333333333	0.6533864541832669	0.8604651162790697	0.9715909090909091	0.8117647058823529	0.9493087557603687	0.9807692307692307	0.9459459459459459	0.7586206896551724
dmw=6110	0.8848484848484849	0.8237733241188666	0.9081632653061225	0.9119318181818182	0.8646362098138748	0.9127272727272727	0.8535031847133758	0.8962962962962963	0.9298245614035088	0.8098591549295775	0.8943089430894309	0.717948717948718	0.5	0.9270833333333334	0.9595959595959596	1.0	0.6636363636363637
dmw=6113	0.8731778425655977	0.854493580599144	0.9644970414201184	0.9463414634146341	0.9002770083102493	0.9308755760368663	0.9437229437229437	0.9201680672268907	0.9622641509433962	0.5746268656716418	0.8367346938775511	0.8504672897196262	0.78125	0.9827586206896551	0.9722222222222222	0.875	0.8333333333333334
dmw=6115	0.8568181818181818	0.8079331941544885	0.844776119402985	0.9060150375939849	0.9328859060402684	0.9954128440366973	0.9052287581699346	0.8754578754578755	0.8962264150943396	0.6186440677966102	0.8533333333333334	0.7966101694915254	0.5849056603773585	0.8840579710144928	1.0	0.9090909090909091	0.8333333333333334
dmw=6116	0.830820770519263	0.8124098124098124	0.8840070298769771	0.9079754601226994	0.8955453149001537	0.9134199134199135	0.8830645161290323	0.9126016260162602	0.8278688524590164	0.5688073394495413	0.7142857142857143	0.7448979591836735	0.9375	0.9387755102040817	0.9464285714285714	1.0	0.7798165137614679
dmw=6117	0.8712753277711561	0.8529886914378029	0.8642857142857143	0.927007299270073	0.8670284938941656	0.9451754385964912	0.9240506329113924	0.8685344827586207	0.8908045977011494	0.7569721115537849	0.7771428571428571	0.9811320754716981	0.7547169811320755	0.9662921348314607	0.9818181818181818	0.927536231884058	0.8070175438596491
dmw=6118	0.8521518987341772	0.7903094462540716	0.8737151248164464	0.9078694817658349	0.8978365384615384	0.9542619542619543	0.8751926040061633	0.8942652329749103	0.8995215311004785	0.6744186046511628	0.9023255813953488	0.9619047619047619	0.8166666666666667	0.9248826291079812	0.9615384615384616	1.0	0.7404580152671756
dmw=6119	0.8487394957983193	0.7965116279069767	0.8738738738738738	0.8181818181818182	0.5370370370370371	0.6710526315789473	0.6434108527131783	0.8269230769230769	0.7368421052631579	0.7619047619047619	0.7037037037037037	0.8823529411764706	0.9411764705882353	0.5714285714285714	0.6923076923076923	0.8636363636363636	0.75
dmw=6120	0.912961210974456	0.8982423681776133	0.8558139534883721	0.9235474006116208	0.9128919860627178	0.9417040358744395	0.9349112426035503	0.9442815249266863	0.9724770642201835	0.6310679611650486	0.883495145631068	0.891566265060241	0.620253164556962	0.9393939393939394	0.9436619718309859	0.875	0.75
dmw=6121	0.875	0.838964458095656	0.9171270718232044	0.9362139917695473	0.8817777777777778	0.9406175771971497	0.8788927335640139	0.9194078947368421	0.9244444444444444	0.7351598173515982	0.759493670886076	0.7909836065573771	0.8716814159292036	0.9649122807017544	0.9619047619047619	0.9534883720930233	0.967741935483871
dmw=6122	0.855072463768116	0.8582489577129243	0.8675034867503487	0.936734693877551	0.9107142857142857	0.952054794520548	0.855379188712522	0.9210526315789473	0.9380952380952381	0.6857142857142857	0.8113207547169812	0.8712871287128713	0.9142857142857143	0.9398907103825137	1.0	0.9692307692307692	0.8023255813953488
dmw=6123	0.8422712933753943	0.8167985392574558	0.9330289193302892	0.9105263157894737	0.8971428571428571	0.9473684210526315	0.8925318761384335	0.8894601542416453	0.8472222222222222	0.7397260273972602	0.8301886792452831	0.9365079365079365	0.9457364341085271	0.9416666666666667	0.9777777777777777	0.9560439560439561	0.6
dmw=6124	0.8760393046107332	0.8351719662556781	0.9184466019417475	0.92	0.8693693693693694	0.9020979020979021	0.8798185941043084	0.9191011235955057	0.9135802469135802	0.6553398058252428	0.8313953488372093	0.7	0.9090909090909091	0.944	0.9565217391304348	0.8953488372093024	0.6285714285714286
dmw=6125	0.8584447144592953	0.852365930599369	0.9318541996830428	0.8764568764568764	0.9336941813261164	0.9425287356321839	0.8903345724907064	0.9089184060721063	0.9411764705882353	0.8076923076923077	0.7862595419847328	0.921875	0.7719298245614035	0.8942307692307693	0.9516129032258065	0.8823529411764706	0.3333333333333333
dmw=6126	0.8588709677419355	0.8515497553017944	0.7377777777777778	0.8406593406593407	0.7483870967741936	0.925531914893617	0.8974358974358975	0.726457399103139	0.9195402298850575	0.5540540540540541	0.76	0.8235294117647058	0.8148148148148148	0.5263157894736842	0.9473684210526315	0.6896551724137931	0.7727272727272727
dmw=6127	0.8579634464751958	0.8221859706362153	0.8984034833091437	0.9032921810699589	0.8942307692307693	0.9580645161290322	0.8599137931034483	0.9154929577464789	0.9013452914798207	0.6194690265486725	0.8797814207650273	0.8113207547169812	0.7814569536423841	0.984	0.9418604651162791	0.8918918918918919	0.7419354838709677
dmw=6128	0.9151534126487163	0.8632877625875292	0.9422222222222222	0.9072079536039768	0.9089469517022961	0.9604938271604938	0.9147609147609148	0.9338374291115312	0.9475138121546961	0.6628895184135978	0.9469387755102041	0.8715083798882681	0.958139534883721	0.9621212121212122	0.9711538461538461	0.9288888888888889	0.7608695652173914
dmw=6129	0.8783289817232376	0.8637101135749053	0.9116847826086957	0.9113924050632911	0.9285714285714286	0.9617834394904459	0.9181818181818182	0.9490333919156415	0.9241071428571429	0.6704545454545454	0.8580645161290322	0.9457831325301205	0.7843137254901961	0.986046511627907	0.8857142857142857	0.9662921348314607	0.7789473684210526
dmw=6130	0.9001331557922769	0.9038189533239038	0.9222614840989399	0.958904109589041	0.9267605633802817	0.9353233830845771	0.9226519337016574	0.949238578680203	0.9325842696629213	0.559322033898305	0.9655172413793104	0.7391304347826086	0.6190476190476191	0.9615384615384616	0.972972972972973	1.0	0.38461538461538464
dmw=6131	0.8362327534493101	0.7701694915254237	0.8595194085027726	0.8865435356200527	0.853030303030303	0.9434523809523809	0.8369098712446352	0.8198614318706697	0.8740157480314961	0.7226277372262774	0.8392857142857143	0.8384615384615385	0.5806451612903226	0.8404907975460123	0.9156626506024096	0.8823529411764706	0.6153846153846154
dmw=6132	0.86921667430142	0.8202863961813842	0.9008264462809917	0.9048027444253859	0.8661688684663986	0.9268585131894485	0.8833551769331586	0.8924731182795699	0.8744588744588745	0.7479270315091211	0.8835820895522388	0.8816120906801007	0.8199233716475096	0.9175824175824175	0.9621621621621622	0.9103448275862069	0.7123287671232876
dmw=6136	0.8635294117647059	0.8284066330209084	0.9195652173913044	0.8940809968847352	0.8726708074534162	0.9505703422053232	0.9034334763948498	0.8952618453865336	0.9086294416243654	0.6601941747572816	0.7633587786259542	0.904	0.912621359223301	0.9345794392523364	0.974025974025974	0.9466666666666667	0.43333333333333335
dmw=6149	0.7518796992481203	0.6706875753920386	0.7267605633802817	0.6869158878504673	0.4642857142857143	0.7515151515151515	0.4659090909090909	0.6623376623376623	0.4142857142857143	0.7473684210526316	0.7115384615384616	0.6710526315789473	0.7945205479452054	0.5573770491803278	0.5128205128205128	0.9047619047619048	0.8421052631578947
dmw=6150	0.8953488372093024	0.8608990670059372	0.9123595505617977	0.9603174603174603	0.878968253968254	0.9172413793103448	0.8412322274881516	0.9358974358974359	0.7815126050420168	0.5357142857142857	0.719626168224299	0.941747572815534	0.9607843137254902	0.8230088495575221	0.90625	0.9473684210526315	0.6410256410256411
dmw=6151	0.8542372881355932	0.8053927315357562	0.8615384615384616	0.9166666666666666	0.7065727699530516	0.8604651162790697	0.5645756457564576	0.8353413654618473	0.6185567010309279	0.7710843373493976	0.7	0.8452380952380952	0.9473684210526315	0.7464788732394366	0.9069767441860465	0.9375	0.7446808510638298
dmw=6156	0.8713398402839396	0.7859327217125383	0.9238683127572016	0.8997289972899729	0.8983957219251337	0.9395348837209302	0.9103641456582633	0.9285714285714286	0.9161290322580645	0.5546875	0.8018867924528302	0.8925619834710744	0.9655172413793104	0.86	0.9714285714285714	1.0	0.8421052631578947
dmw=6160	0.8763866877971473	0.8482280431432974	0.9335548172757475	0.921832884097035	0.8698727015558698	0.9370629370629371	0.8242677824267782	0.9012345679012346	0.8617886178861789	0.7771084337349398	0.8421052631578947	0.8769230769230769	0.9411764705882353	0.8529411764705882	0.8	0.9137931034482759	0.7121212121212122
dmw=6162	0.8784284655300222	0.8699763593380615	0.9224806201550387	0.9179487179487179	0.9097801364670205	0.9583333333333334	0.927461139896373	0.8950542822677925	0.9434389140271493	0.8432203389830508	0.9081081081081082	0.9193548387096774	0.7602739726027398	0.8472222222222222	0.9795918367346939	0.9767441860465116	0.7763157894736842
dmw=6163	0.8467261904761905	0.8154172560113154	0.9001996007984032	0.8959537572254336	0.8436123348017621	0.9233333333333333	0.7213114754098361	0.9098901098901099	0.7777777777777778	0.8666666666666667	0.8620689655172413	0.8333333333333334	0.6597938144329897	0.8910256410256411	0.826530612244898	0.9866666666666667	0.5636363636363636
dmw=6164	0.855083179297597	0.8123612139156181	0.9122957867583835	0.8797327394209354	0.7398373983739838	0.9015384615384615	0.7926988265971316	0.8734463276836159	0.8237547892720306	0.8597785977859779	0.7696078431372549	0.7738095238095238	0.7898550724637681	0.667574931880109	0.8627450980392157	0.9615384615384616	0.6268656716417911
dmw=6165	0.8719635627530364	0.8083623693379791	0.9216269841269841	0.8642659279778393	0.8408851422550052	0.969758064516129	0.8333333333333334	0.8967297762478486	0.8721311475409836	0.8056537102473498	0.9078341013824884	0.8267326732673267	0.8529411764705882	0.9294117647058824	0.925531914893617	0.8833333333333333	0.5
dmw=6166	0.8945191313340227	0.8088088088088088	0.9114583333333334	0.9323529411764706	0.8881278538812786	0.930327868852459	0.9051987767584098	0.8864628820960698	0.860655737704918	0.5684210526315789	0.7019230769230769	0.9315068493150684	0.8548387096774194	0.9191919191919192	0.9629629629629629	0.94	0.8055555555555556
dmw=6167	0.8692468619246861	0.8407707910750507	0.9224376731301939	0.889967637540453	0.9057471264367816	0.9819004524886877	0.8731343283582089	0.8790931989924433	0.9126984126984127	0.6103896103896104	0.7671232876712328	0.8709677419354839	0.8088235294117647	0.8347107438016529	1.0	0.96	0.5
dmw=6168	0.8962121212121212	0.8387096774193549	0.9124087591240876	0.9299719887955182	0.7696428571428572	0.936026936026936	0.8202247191011236	0.9322916666666666	0.930635838150289	0.8951965065502183	0.8673469387755102	0.9166666666666666	0.7874015748031497	0.7647058823529411	0.9827586206896551	0.9850746268656716	0.7536231884057971
dmw=6169	0.8662790697674418	0.7952755905511811	0.9155844155844156	0.7936507936507936	0.9668508287292817	0.881578947368421	0.8962264150943396	0.9158878504672897	0.8378378378378378	0.38181818181818183	0.9615384615384616	0.9285714285714286	1.0	0.8409090909090909	0.96	1.0	0.9090909090909091
dmw=6170	0.9081996434937611	0.8589607635206787	0.9346246973365617	0.9194444444444444	0.937246963562753	0.9035714285714286	0.9025522041763341	0.9320754716981132	0.9444444444444444	0.7375886524822695	0.864	0.8311688311688312	0.7916666666666666	0.9325842696629213	0.7428571428571429	0.8888888888888888	0.75
dmw=6179	0.8829268292682927	0.8354066985645933	0.8808290155440415	0.9407894736842105	0.8825688073394495	0.9663865546218487	0.9169139465875371	0.926829268292683	0.9312977099236641	0.8571428571428571	0.8235294117647058	0.7610619469026548	0.9215686274509803	0.9767441860465116	1.0	0.9651162790697675	0.6935483870967742
dmw=6180	0.8260869565217391	0.7813822284908322	0.8723404255319149	0.934010152284264	0.8795180722891566	0.9354838709677419	0.8854961832061069	0.776595744680851	0.9428571428571428	0.640625	0.8526315789473684	0.9393939393939394	0.7796610169491526	0.9264705882352942	1.0	0.918918918918919	0.5
dmw=6181	0.883357041251778	0.8074798130046749	0.9445910290237467	0.9438202247191011	0.8850056369785795	0.9534883720930233	0.9118895966029724	0.9093369418132612	0.9490445859872612	0.6064814814814815	0.8585858585858586	0.8778280542986425	0.9444444444444444	0.9411764705882353	0.9438202247191011	0.9907407407407407	0.6785714285714286
dmw=6182	0.7142857142857143	0.6578249336870027	0.8672086720867209	0.8252788104089219	0.780564263322884	0.9	0.7915492957746478	0.7488151658767772	0.8270676691729323	0.7288135593220338	0.6666666666666666	0.8125	0.9	0.8829787234042553	0.9032258064516129	0.9402985074626866	0.5757575757575758
dmw=6183	0.78	0.7660581473968898	0.856198347107438	0.8963963963963963	0.8649921507064364	0.9054726368159204	0.8229426433915212	0.9050131926121372	0.9186046511627907	0.624	0.717948717948718	0.8292682926829268	0.921875	0.8260869565217391	0.9146341463414634	0.8939393939393939	0.7692307692307693
dmw=6184	0.8301093355761143	0.6886877828054299	0.8478802992518704	0.8758389261744967	0.8511796733212341	0.9585492227979274	0.7505422993492408	0.85	0.8264462809917356	0.6467065868263473	0.8015267175572519	1.0	0.9320388349514563	0.9396551724137931	1.0	0.8656716417910447	0.3
dmw=6186	0.8720330237358102	0.759581881533101	0.9178885630498533	0.8923076923076924	0.8945945945945946	0.9770114942528736	0.8976897689768977	0.8412017167381974	0.8125	0.7395833333333334	0.8787878787878788	0.5357142857142857	0.8541666666666666	0.8823529411764706	0.9583333333333334	0.9393939393939394	0.8918918918918919
dmw=6187	0.8543352601156069	0.8312020460358056	0.9090909090909091	0.9488054607508533	0.9325301204819277	0.9617486338797814	0.8697068403908795	0.9135338345864662	0.9482758620689655	0.676056338028169	0.811965811965812	0.9655172413793104	0.9464285714285714	0.9642857142857143	1.0	0.975609756097561	0.6129032258064516
dmw=6190	0.803030303030303	0.63125	0.8553921568627451	0.8273092369477911	0.751937984496124	0.9772727272727273	0.7938144329896907	0.7609561752988048	0.7818181818181819	0.5378151260504201	0.6666666666666666	0.9313725490196079	0.8285714285714286	0.7901234567901234	0.9259259259259259	1.0	0.3835616438356164
dmw=6192	0.8440094899169632	0.8032501450957632	0.8558352402745996	0.9119718309859155	0.8847305389221557	0.8611111111111112	0.8456090651558074	0.9204892966360856	0.893048128342246	0.4166666666666667	0.6590909090909091	0.9101796407185628	0.956989247311828	0.8740157480314961	0.9318181818181818	0.8666666666666667	0.92
dmw=6193	0.8601398601398601	0.8219354838709677	0.9175824175824175	0.9649122807017544	0.9166666666666666	0.8842975206611571	0.8717948717948718	0.8484848484848485	0.9404761904761905	0.5742574257425742	0.8648648648648649	0.9746835443037974	0.8554216867469879	0.9811320754716981	0.9444444444444444	0.967741935483871	0.6470588235294118
dmw=6194	0.8247151621384751	0.7895595432300163	0.9097744360902256	0.8711484593837535	0.8824786324786325	0.9205298013245033	0.8894009216589862	0.9016949152542373	0.8442622950819673	0.8076923076923077	0.7862068965517242	0.8588235294117647	0.8032786885245902	0.896774193548387	0.9054054054054054	0.9387755102040817	0.7307692307692307
dmw=6195	0.8681481481481481	0.8301514154048716	0.9393511988716502	0.9125	0.928462709284627	0.9376947040498442	0.8953229398663697	0.9123173277661796	0.910377358490566	0.643312101910828	0.8775510204081632	0.7936507936507936	0.8428571428571429	0.9701492537313433	1.0	0.9206349206349206	0.7
dmw=6196	0.8591969614758546	0.8068611561318206	0.8893203883495145	0.9128256513026052	0.9163522012578617	0.9606025492468134	0.9168039538714992	0.8834033613445378	0.919921875	0.807799442896936	0.8470588235294118	0.8942731277533039	0.8512820512820513	0.937984496124031	0.9632107023411371	0.9742268041237113	0.7354838709677419
dmw=6197	0.8775951557093425	0.7863989046097672	0.899390243902439	0.9410852713178295	0.90744920993228	0.9533169533169533	0.9221311475409836	0.9166666666666666	0.9185667752442996	0.7602996254681648	0.8431372549019608	0.7636363636363637	0.9019607843137255	0.9886363636363636	0.9473684210526315	0.9459459459459459	0.8082191780821918
dmw=6198	0.8807665010645848	0.8216098622189992	0.9308823529411765	0.8670360110803325	0.945619335347432	0.9636363636363636	0.8830645161290323	0.9078726968174204	0.8583690987124464	0.7863247863247863	0.7786259541984732	0.9811320754716981	0.963963963963964	0.8992805755395683	0.9555555555555556	0.9444444444444444	0.9452054794520548
dmw=6199	0.7945205479452054	0.7858156028368795	0.5564005069708492	0.5833333333333334	0.9044321329639889	0.5655021834061136	0.8327868852459016	0.8155555555555556	0.84251968503937	0.45365853658536587	0.9105691056910569	0.8863636363636364	0.472	0.9090909090909091	0.42	0.17699115044247787	0.8405797101449275
dmw=6200	0.7075232459847844	0.7896613190730838	0.6955074875207987	0.6628959276018099	0.867595818815331	0.29739130434782607	0.7772151898734178	0.8913043478260869	0.9096774193548387	0.48936170212765956	0.851063829787234	0.8888888888888888	0.7555555555555555	0.8172043010752689	0.42574257425742573	0.30612244897959184	0.6818181818181818
dmw=6201	0.8864373783257625	0.8206307490144547	0.8108108108108109	0.7655172413793103	0.8946540880503144	0.6954813359528488	0.8948374760994264	0.9480249480249481	0.8052631578947368	0.6428571428571429	0.8256880733944955	0.9324324324324325	0.6417910447761194	0.9841269841269841	0.9320388349514563	0.6097560975609756	0.7746478873239436
dmw=6202	0.8064738292011019	0.8196939454424484	0.7318952234206472	0.7644444444444445	0.8832	0.6062639821029083	0.857685009487666	0.8848484848484849	0.8805031446540881	0.49710982658959535	0.8161764705882353	0.75	0.8384615384615385	0.9230769230769231	0.6666666666666666	0.4725274725274725	0.6901408450704225
dmw=6203	0.7638888888888888	0.754180602006689	0.7031802120141343	0.6222826086956522	0.8333333333333334	0.6968838526912181	0.7875	0.8360215053763441	0.8972972972972973	0.5829145728643216	0.7473684210526316	0.8833333333333333	0.5432098765432098	0.9504950495049505	0.8823529411764706	0.5111111111111111	0.5483870967741935
dmw=6204	0.8143986683312526	0.8292771521976026	0.7376014427412083	0.7337192474674384	0.8949096880131363	0.6903485254691689	0.8958868894601543	0.8718274111675127	0.9162995594713657	0.6742596810933941	0.8218390804597702	0.7372262773722628	0.7676056338028169	0.9259259259259259	0.8269230769230769	0.48484848484848486	0.6578947368421053
dmw=6205	0.7649513212795549	0.7246835443037974	0.7797001153402537	0.757162346521146	0.7620967741935484	0.5685670261941448	0.7826649417852523	0.8224	0.8320610687022901	0.4490358126721763	0.7706422018348624	0.6046511627906976	0.543859649122807	0.8736462093862816	0.7	0.3475177304964539	0.6027397260273972
dmw=6206	0.8157746478873239	0.7979220779220779	0.7281420765027322	0.7087033747779752	0.8625	0.7119341563786008	0.8191330343796711	0.8112449799196787	0.9156118143459916	0.5882352941176471	0.7869822485207101	0.8378378378378378	0.7	0.8520710059171598	0.7472527472527473	0.36024844720496896	0.52
dmw=6207	0.7759674134419552	0.7544378698224852	0.7547169811320755	0.7111111111111111	0.8551959114139693	0.6123711340206186	0.9047619047619048	0.8120300751879699	0.875	0.5195530726256983	0.7310344827586207	0.7058823529411765	0.7596153846153846	0.8909090909090909	0.5980392156862745	0.32558139534883723	0.627906976744186
dmw=6208	0.904397705544933	0.8583186360964139	0.8578431372549019	0.8976377952755905	0.9200603318250377	0.7931034482758621	0.9303944315545244	0.9469214437367304	0.937799043062201	0.6753246753246753	0.9029850746268657	0.9365079365079365	0.95	0.8985507246376812	0.9583333333333334	0.8070175438596491	0.4
dmw=6209	0.8656832298136646	0.8259245423982069	0.7214217098943324	0.8205128205128205	0.8833189282627485	0.6662546353522868	0.8420382165605096	0.8497652582159625	0.9402985074626866	0.6942148760330579	0.7889273356401384	0.7725321888412017	0.7688442211055276	0.9	0.6973684210526315	0.6197916666666666	0.5555555555555556
dmw=6210	0.781360201511335	0.7861302276336686	0.7536687631027253	0.7495741056218058	0.8587319243604005	0.6188118811881188	0.843939393939394	0.8722891566265061	0.8392857142857143	0.562962962962963	0.7989130434782609	0.9236111111111112	0.8304093567251462	0.7301587301587301	0.8602150537634409	0.4943820224719101	0.6862745098039216
dmw=6211	0.8439664063651098	0.8123249299719888	0.7717113665389528	0.7820276497695853	0.855406538139145	0.6113207547169811	0.8671301660872924	0.8555702333773668	0.8783269961977186	0.5346784363177806	0.8544303797468354	0.8238172920065253	0.7568181818181818	0.8662162162162163	0.6491228070175439	0.4789473684210526	0.698170731707317
dmw=6212	0.838076923076923	0.8089601165543617	0.7612687813021702	0.8130081300813008	0.8788509575353872	0.6427480916030535	0.861244019138756	0.8710433763188745	0.9030206677265501	0.6227390180878553	0.8057395143487859	0.8061674008810573	0.9236111111111112	0.9154929577464789	0.6545454545454545	0.6101694915254238	0.7450980392156863
dmw=6213	0.7741347905282332	0.7817014446227929	0.71900826446281	0.7123893805309734	0.8373015873015873	0.5685483870967742	0.8509615384615384	0.783410138248848	0.8584905660377359	0.4523809523809524	0.8243243243243243	0.7115384615384616	0.8148148148148148	0.9230769230769231	0.8108108108108109	0.6	0.7857142857142857
dmw=6214	0.7875536480686696	0.742837176799441	0.776566757493188	0.7737041719342604	0.8499594484995945	0.761297798377752	0.8043933054393305	0.8323959505061868	0.8711340206185567	0.6927835051546392	0.7338129496402878	0.7803921568627451	0.7365269461077845	0.8754578754578755	0.7894736842105263	0.592814371257485	0.5656565656565656
dmw=6215	0.8127350886620097	0.8001104362230812	0.7301484828921885	0.7596439169139466	0.8758480325644504	0.57243195785777	0.8787878787878788	0.8760255241567912	0.9401709401709402	0.6028513238289206	0.7981366459627329	0.8506787330316742	0.7556390977443609	0.8765432098765432	0.639344262295082	0.6320224719101124	0.648854961832061
dmw=6216	0.7997548017981202	0.7958847736625514	0.8263757115749526	0.8376534788540245	0.8887859128822985	0.7748091603053435	0.871523178807947	0.8434547908232118	0.8577235772357723	0.5905797101449275	0.7707509881422925	0.8447488584474886	0.7834394904458599	0.9218106995884774	0.8269230769230769	0.5906432748538012	0.7555555555555555
dmw=6217	0.7707651086632926	0.7158521303258145	0.735080058224163	0.7172503242542153	0.8312905551550108	0.5788113695090439	0.8576744186046512	0.7928118393234672	0.8221153846153846	0.5577777777777778	0.7046413502109705	0.8106995884773662	0.8421052631578947	0.845945945945946	0.7071823204419889	0.4766666666666667	0.6590909090909091
dmw=6218	0.75482712168837	0.7250526315789474	0.7649903288201161	0.746031746031746	0.8704965920155794	0.6384083044982699	0.79890560875513	0.8395245170876672	0.8214285714285714	0.4409448818897638	0.7	0.8584070796460177	0.7986111111111112	0.8532608695652174	0.8186813186813187	0.5536332179930796	0.8095238095238095
dmw=6219	0.7476732161323681	0.7581395348837209	0.7720588235294118	0.7335423197492164	0.8740157480314961	0.7114624505928854	0.8194945848375451	0.9094650205761317	0.9035087719298246	0.4485294117647059	0.7951807228915663	0.7777777777777778	0.5142857142857142	0.8672566371681416	0.7126436781609196	0.6521739130434783	0.84375
dmw=6220	0.8351995406258972	0.8538657604078165	0.752605976372481	0.819672131147541	0.8653437278525868	0.7351598173515982	0.8795493934142115	0.9335624284077892	0.9381188118811881	0.5994897959183674	0.820580474934037	0.8106060606060606	0.7517482517482518	0.9493243243243243	0.757396449704142	0.5470085470085471	0.8705882352941177
dmw=6221	0.8216704288939052	0.7986191024165707	0.7368421052631579	0.738831615120275	0.83451536643026	0.43617021276595747	0.8398692810457516	0.8566433566433567	0.8703703703703703	0.6524064171122995	0.726027397260274	0.6914893617021277	0.7647058823529411	0.8709677419354839	0.7192982456140351	0.4	0.7317073170731707
dmw=6222	0.8546856465005931	0.7921760391198044	0.7812080536912752	0.8081180811808119	0.8810888252148997	0.702928870292887	0.8657024793388429	0.9065606361829026	0.8697916666666666	0.5802469135802469	0.8467153284671532	0.8902439024390244	0.7951807228915663	0.9222797927461139	0.8505747126436781	0.8611111111111112	0.7906976744186046
dmw=6223	0.8385093167701864	0.8109684947491248	0.8320802005012531	0.8623853211009175	0.8245614035087719	0.6268115942028986	0.8401162790697675	0.9090909090909091	0.9080459770114943	0.7021276595744681	0.8378378378378378	0.8208955223880597	0.6285714285714286	0.7840909090909091	0.6875	0.5111111111111111	0.8
dmw=6224	0.8134612409097942	0.7982612198314928	0.7755656108597285	0.7703833832799422	0.8622591671845867	0.6343537414965986	0.8628602403107778	0.8625650733554189	0.8703703703703703	0.5049051667756703	0.7871914609739826	0.7713955281418658	0.7454774926377787	0.8865698729582577	0.6567335243553009	0.5573770491803278	0.7059874888293118
dmw=6225	0.7810894141829393	0.7824933687002652	0.590047393364929	0.7034482758620689	0.8516624040920716	0.5171102661596958	0.873015873015873	0.8235294117647058	0.8953488372093024	0.3523809523809524	0.6373626373626373	0.7945205479452054	0.5970149253731343	0.6619718309859155	0.53125	0.4067796610169492	0.1875
dmw=6226	0.7559591373439274	0.8071120689655172	0.7274725274725274	0.771513353115727	0.8918269230769231	0.6263736263736264	0.8703071672354948	0.8652694610778443	0.8571428571428571	0.4930555555555556	0.7976190476190477	0.9349593495934959	0.6666666666666666	0.9649122807017544	0.8148148148148148	0.6213592233009708	0.6153846153846154
dmw=6227	0.8252656434474617	0.7813852813852814	0.7825059101654847	0.8186968838526912	0.8151658767772512	0.5833333333333334	0.816793893129771	0.8461538461538461	0.865979381443299	0.37815126050420167	0.7363636363636363	0.8829787234042553	0.7674418604651163	0.9090909090909091	0.5697674418604651	0.5283018867924528	0.6129032258064516
dmw=6228	0.7935483870967742	0.7987846049966238	0.6752655538694993	0.737885462555066	0.8584202682563339	0.6644295302013423	0.8466666666666667	0.8492871690427699	0.8708133971291866	0.5248868778280543	0.6893939393939394	0.7878787878787878	0.78125	0.847457627118644	0.6712328767123288	0.5526315789473685	0.6621621621621622
dmw=6229	0.7936687394007914	0.7896678966789668	0.6365883807169345	0.758	0.8283582089552238	0.5442043222003929	0.8199697428139183	0.8410041841004184	0.8902439024390244	0.5333333333333333	0.88	0.7770700636942676	0.6736111111111112	0.888	0.6172839506172839	0.45081967213114754	0.7547169811320755
dmw=6230	0.7789244975556763	0.7575913535769428	0.6723926380368098	0.7397708674304418	0.8365261813537676	0.560077519379845	0.7773359840954275	0.8123953098827471	0.8873239436619719	0.4691780821917808	0.8082191780821918	0.5563380281690141	0.7044025157232704	0.9096045197740112	0.5733333333333334	0.5965909090909091	0.7654320987654321
dmw=6231	0.8005530591081922	0.7717096336499322	0.7566096423017107	0.698136645962733	0.8834555827220864	0.6084959816303099	0.8553511705685619	0.8272632674297606	0.8933002481389578	0.415	0.7591240875912408	0.7326388888888888	0.7303921568627451	0.8831615120274914	0.6774193548387096	0.4452296819787986	0.5238095238095238
dmw=6232	0.8315394730433936	0.806664665265686	0.7756672670705748	0.7779605263157895	0.8786217276783315	0.6594504579517069	0.8619789667613418	0.8550273952317489	0.8925292529252925	0.5666543574593796	0.818364418938307	0.8467852257181943	0.7074102368220015	0.885556621880998	0.7844408427876823	0.6115007012622721	0.6818742293464858
dmw=6233	0.8245175936435868	0.7965184662432369	0.7777170944838886	0.758887715593101	0.8676872607982504	0.6201117318435754	0.8522297808012094	0.8644957983193278	0.8827433628318584	0.4440816326530612	0.8013698630136986	0.7809187279151943	0.7504873294346979	0.861271676300578	0.8017429193899782	0.600609756097561	0.7674418604651163
dmw=6234	0.7763763763763764	0.7750052421891381	0.7544861337683524	0.7889294403892944	0.8320790216368767	0.6821008984105045	0.8067484662576687	0.8180636777128005	0.8402154398563735	0.5670650730411687	0.7584097859327217	0.7363896848137536	0.7146341463414634	0.8808933002481389	0.6666666666666666	0.6445623342175066	0.6347826086956522
dmw=6235	0.7605540897097626	0.7333767926988266	0.6201201201201201	0.6928571428571428	0.8333333333333334	0.600418410041841	0.8251028806584362	0.8084577114427861	0.8636363636363636	0.4931506849315068	0.7647058823529411	0.6885245901639344	0.6218487394957983	0.9076923076923077	0.5060240963855421	0.3130434782608696	0.6078431372549019
dmw=6236	0.8286893704850361	0.7637721755368814	0.7639484978540773	0.8	0.831764705882353	0.6331569664902998	0.8671428571428571	0.8621236133122029	0.8726708074534162	0.5835866261398176	0.7857142857142857	0.775	0.8662790697674418	0.9243697478991597	0.8125	0.45081967213114754	0.7457627118644068
dmw=6237	0.8429319371727748	0.8109696376101861	0.8013172338090011	0.7267326732673267	0.8667366211962224	0.3640939597315436	0.8841642228739003	0.9120370370370371	0.9047619047619048	0.48175182481751827	0.8136645962732919	0.8059701492537313	0.47107438016528924	0.8913043478260869	0.7727272727272727	0.2822085889570552	0.9052631578947369
dmw=6238	0.8330745341614907	0.7738951695786228	0.796057619408643	0.8368146214099217	0.8679245283018868	0.6022584692597239	0.8472998137802608	0.8968713789107764	0.8666666666666667	0.6502347417840375	0.7490196078431373	0.8387096774193549	0.6405693950177936	0.819047619047619	0.7357512953367875	0.5571955719557196	0.6265060240963856
dmw=6239	0.8017898574743122	0.7809007788689468	0.7621776504297995	0.8421665695981363	0.8798862828713575	0.6342200725513906	0.8609865470852018	0.8475675675675676	0.8809523809523809	0.4626218851570964	0.7700205338809035	0.7921225382932167	0.6991525423728814	0.869172932330827	0.5884615384615385	0.5481927710843374	0.6789667896678967
dmw=6240	0.7977883096366508	0.7827845176198729	0.7364238410596027	0.818348623853211	0.8710644677661169	0.5289256198347108	0.8406909788867563	0.8186813186813187	0.8638743455497382	0.43137254901960786	0.8109756097560976	0.8125	0.6771653543307087	0.834319526627219	0.6938775510204082	0.6024844720496895	0.5849056603773585
dmw=6241	0.831942789034565	0.8107680126682502	0.8087279480037141	0.7050528789659224	0.8805620608899297	0.6116751269035533	0.7896725440806045	0.852437417654809	0.8307086614173228	0.6103448275862069	0.7224489795918367	0.8691099476439791	0.7010309278350515	0.916058394160584	0.4875	0.6363636363636364	0.8118811881188119
dmw=6242	0.8074313408723748	0.7516923076923077	0.8121790168745414	0.7945891783567134	0.8511627906976744	0.6105476673427992	0.8348348348348348	0.8259587020648967	0.8798882681564246	0.6479481641468683	0.7734806629834254	0.7077464788732394	0.6712328767123288	0.9020771513353115	0.7102272727272727	0.6331658291457286	0.6396396396396397
dmw=6243	0.8022058823529412	0.760406582768635	0.7632	0.8048582995951417	0.8494231936854888	0.6439842209072978	0.8221845893310754	0.8596214511041009	0.8637413394919169	0.6403669724770642	0.7466666666666667	0.7722222222222223	0.7579908675799086	0.8668280871670703	0.7167381974248928	0.5176470588235295	0.6962025316455697
dmw=6244	0.7566273932253313	0.7544378698224852	0.7598896044158233	0.7947103274559194	0.8824082784571966	0.6182472989195679	0.8155533399800599	0.8540305010893247	0.8697068403908795	0.4243119266055046	0.6463414634146342	0.6934306569343066	0.7339901477832512	0.9	0.7710843373493976	0.44776119402985076	0.746031746031746
dmw=6245	0.8405057135910527	0.8254383669196546	0.7877679038159958	0.8419475655430712	0.8613180515759312	0.6629213483146067	0.8730031948881789	0.8860145513338723	0.8869346733668342	0.606993006993007	0.8928571428571429	0.8110749185667753	0.7802690582959642	0.9182242990654206	0.6604651162790698	0.6553398058252428	0.7049180327868853
dmw=6246	0.6935704514363885	0.7219451371571073	0.6932515337423313	0.6727272727272727	0.8489932885906041	0.4221556886227545	0.8601036269430051	0.7408906882591093	0.8723404255319149	0.3979591836734694	0.75	0.5616438356164384	0.4	0.7121212121212122	0.25675675675675674	0.2777777777777778	0.34615384615384615
dmw=6247	0.6741176470588235	0.6884798909338786	0.5424528301886793	0.5814814814814815	0.7722627737226277	0.32253086419753085	0.7797619047619048	0.7371428571428571	0.8011363636363636	0.3377659574468085	0.7666666666666667	0.532051282051282	0.4931506849315068	0.8157894736842105	0.592814371257485	0.3355263157894737	0.5645161290322581
dmw=6248	0.759626338573707	0.7649156168290944	0.603017444601603	0.5934650455927052	0.8211517165005537	0.35334386519220645	0.7763623496107572	0.8179372197309417	0.8344051446945338	0.3485714285714286	0.6880530973451328	0.5256673511293635	0.5525525525525525	0.8730650154798761	0.5201793721973094	0.3415492957746479	0.5952380952380952
dmw=6249	0.7578040904198062	0.7236024844720497	0.6030042918454935	0.5801526717557252	0.7699530516431925	0.45144356955380577	0.8032786885245902	0.7967479674796748	0.8796296296296297	0.3383458646616541	0.7692307692307693	0.4696969696969697	0.273972602739726	0.725	0.4489795918367347	0.3411764705882353	0.5384615384615384
dmw=6250	0.7838891294932872	0.8010878010878011	0.6353149955634427	0.6932084309133489	0.8869257950530035	0.5037513397642015	0.8532934131736527	0.8665785997357992	0.8867469879518072	0.4702258726899384	0.871244635193133	0.8409090909090909	0.41875	0.8587360594795539	0.7810945273631841	0.5502008032128514	0.5454545454545454
dmw=6251	0.7686651583710408	0.7856709168184578	0.6681270536692223	0.6264274061990212	0.8165007112375533	0.35406698564593303	0.8055105348460292	0.7851985559566786	0.8649789029535865	0.4289940828402367	0.8697916666666666	0.746031746031746	0.3821138211382114	0.8888888888888888	0.7185185185185186	0.39097744360902253	0.5306122448979592
dmw=6252	0.781226343679031	0.7626977518734388	0.6442953020134228	0.4782608695652174	0.8295454545454546	0.3867403314917127	0.8357487922705314	0.8063063063063063	0.8018433179723502	0.41333333333333333	0.8526315789473684	0.5689655172413793	0.494949494949495	0.9067796610169492	0.3191489361702128	0.4899328859060403	0.7258064516129032
dmw=6253	0.7805983680870353	0.7798387096774193	0.7289879931389366	0.6844547563805105	0.8672032193158954	0.48299319727891155	0.8142857142857143	0.8071979434447301	0.8796992481203008	0.3680555555555556	0.7888888888888889	0.6074074074074074	0.573170731707317	0.8899082568807339	0.5915492957746479	0.672	0.8181818181818182
dmw=6254	0.7980014275517487	0.8274874731567645	0.6151685393258427	0.6402349486049926	0.9395161290322581	0.44552845528455287	0.9067796610169492	0.8211143695014663	0.9140271493212669	0.38323353293413176	0.8805970149253731	0.7723577235772358	0.7115384615384616	0.803921568627451	0.16216216216216217	0.22935779816513763	0.5294117647058824
dmw=6255	0.7848714069591528	0.7621671258034894	0.6108567691301504	0.7024221453287197	0.8029513888888888	0.5064935064935064	0.8510830324909747	0.8258706467661692	0.9051383399209486	0.3276157804459691	0.8591549295774648	0.8317757009345794	0.7452830188679245	0.92	0.4	0.3787465940054496	0.7517241379310344
dmw=6256	0.791937069813176	0.7884466769706336	0.6630064369556986	0.6696121747668139	0.8679867986798679	0.4695459579180509	0.8417308832246592	0.8092144122858831	0.8569424964936886	0.4423320659062104	0.8581730769230769	0.7874396135265701	0.5303643724696356	0.861878453038674	0.5838150289017341	0.3799212598425197	0.7246376811594203
dmw=6257	0.7774774774774775	0.7733902525791533	0.629555997349238	0.6239168110918544	0.8172177167810356	0.42334494773519166	0.8359621451104101	0.7745208568207441	0.883248730964467	0.3904761904761905	0.7518248175182481	0.5194805194805194	0.5656565656565656	0.8471177944862155	0.546875	0.4194915254237288	0.7
dmw=6258	0.7673160173160173	0.716304347826087	0.578125	0.6356968215158925	0.7820224719101123	0.37471264367816093	0.9346590909090909	0.7536231884057971	0.7615384615384615	0.4074074074074074	0.7291666666666666	0.6039603960396039	0.4	0.9120879120879121	0.19607843137254902	0.22727272727272727	0.6666666666666666
dmw=6259	0.6865671641791045	0.768361581920904	0.5370370370370371	0.5	0.7647058823529411	0.2727272727272727	0.8	0.8307692307692308	0.9629629629629629	0.21875	0.6111111111111112	0.5714285714285714	0.5555555555555556	0.45454545454545453	0.4444444444444444	0.4444444444444444	0.6428571428571429
dmw=6260	0.7795163584637269	0.7836363636363637	0.6013289036544851	0.5992779783393501	0.704119850187266	0.5277777777777778	0.8026315789473685	0.7894736842105263	0.9622641509433962	0.30701754385964913	0.9142857142857143	0.5569620253164557	0.3829787234042553	0.9850746268656716	0.8260869565217391	0.2	0.7023809523809523
dmw=6261	0.7155266015200868	0.6816143497757847	0.6153846153846154	0.6323529411764706	0.7763157894736842	0.36026200873362446	0.7303370786516854	0.8594377510040161	0.7866666666666666	0.2839506172839506	0.8554216867469879	0.6448598130841121	0.37209302325581395	0.819672131147541	0.5384615384615384	0.2	0.6333333333333333
dmw=6262	0.8096885813148789	0.7071129707112971	0.7407407407407407	0.64	0.865979381443299	0.41	0.8131868131868132	0.8641975308641975	0.8928571428571429	0.47058823529411764	1.0	0.7142857142857143	0.35294117647058826	0.8387096774193549	0.5925925925925926	0.1724137931034483	0.0
dmw=6263	0.7301038062283737	0.7921686746987951	0.7672413793103449	0.509090909090909	0.8541666666666666	0.3364485981308411	0.7681159420289855	0.7619047619047619	0.918918918918919	0.3125	1.0	0.5	0.2857142857142857	0.8611111111111112	0.3333333333333333	0.3076923076923077	0.0
dmw=6264	0.7450199203187251	0.7411167512690355	0.5678391959798995	0.5775577557755776	0.7861842105263158	0.3712574850299401	0.7017543859649122	0.758893280632411	0.7307692307692307	0.4154929577464789	0.680672268907563	0.6875	0.6027397260273972	0.7706422018348624	0.45161290322580644	0.25773195876288657	0.5365853658536586
dmw=6265	0.8415007656967841	0.8411843876177658	0.7117117117117117	0.7084078711985689	0.8923556942277691	0.5257009345794392	0.9475	0.9217758985200846	0.9421487603305785	0.4939271255060729	0.8533333333333334	0.8294117647058824	0.6879432624113475	0.8421052631578947	0.21839080459770116	0.4692737430167598	0.463768115942029
dmw=6266	0.775175644028103	0.7587719298245614	0.6584362139917695	0.6043956043956044	0.7811059907834101	0.32038834951456313	0.8441926345609065	0.9013761467889908	0.8260869565217391	0.2644628099173554	0.8192771084337349	0.7340425531914894	0.9666666666666667	0.9652777777777778	0.6206896551724138	0.39487179487179486	0.5
dmw=6267	0.8778947368421053	0.8064516129032258	0.898989898989899	0.936	0.9121951219512195	0.9494949494949495	0.8494623655913979	0.898876404494382	0.9607843137254902	0.5887850467289719	0.8870967741935484	0.0	0.36363636363636365	0.9423076923076923	0.875	0.9047619047619048	0.5151515151515151
dmw=6268	0.8683431952662722	0.776386404293381	0.6359832635983264	0.7627118644067796	0.8376068376068376	0.5927601809954751	0.8823529411764706	0.8921568627450981	0.8557692307692307	0.5918367346938775	0.8412698412698413	0.6981132075471698	0.6666666666666666	1.0	0.7083333333333334	0.8571428571428571	0.7333333333333333
dmw=6269	0.7593712212817413	0.717391304347826	0.6546610169491526	0.6666666666666666	0.7054794520547946	0.5390946502057613	0.7631578947368421	0.7939914163090128	0.8775510204081632	0.2698412698412698	0.8676470588235294	0.43283582089552236	0.6935483870967742	0.8765432098765432	0.5652173913043478	0.4482758620689655	0.425
dmw=6270	0.6884848484848485	0.7324364723467862	0.6515513126491647	0.5404040404040404	0.8392857142857143	0.30743243243243246	0.7763713080168776	0.7990196078431373	0.8205128205128205	0.3526315789473684	0.7741935483870968	0.7142857142857143	0.4418604651162791	0.9397590361445783	0.2878787878787879	0.23076923076923078	0.6190476190476191
dmw=6271	0.7136445242369839	0.7509615384615385	0.622895622895623	0.5853658536585366	0.7579908675799086	0.4215686274509804	0.7758620689655172	0.7867867867867868	0.7723577235772358	0.24766355140186916	0.7241379310344828	0.8850574712643678	0.44	0.7857142857142857	0.3402061855670103	0.2865853658536585	0.5925925925925926
dmw=6272	0.7423620611035112	0.7228103946102021	0.6682554814108675	0.614247311827957	0.8353326063249727	0.3949685534591195	0.8095909732016925	0.7526501766784452	0.878125	0.35194174757281554	0.6280487804878049	0.7081081081081081	0.5637583892617449	0.8254545454545454	0.6326530612244898	0.3790322580645161	0.4044943820224719
dmw=6273	0.7339593114241002	0.6672504378283712	0.6474576271186441	0.5714285714285714	0.7610921501706485	0.42805755395683454	0.7376237623762376	0.68359375	0.719626168224299	0.37777777777777777	0.6065573770491803	0.6306306306306306	0.6	0.8679245283018868	0.5517241379310345	0.15384615384615385	0.8695652173913043
dmw=6274	0.833648393194707	0.8067675868210151	0.7625201938610663	0.6638418079096046	0.8729838709677419	0.350597609561753	0.8321678321678322	0.873900293255132	0.8409090909090909	0.32388663967611336	0.7657657657657657	0.6605504587155964	0.7671232876712328	0.8758169934640523	0.4959349593495935	0.4166666666666667	0.6049382716049383
dmw=6275	0.7901907356948229	0.7087628865979382	0.672645739910314	0.5444444444444444	0.803030303030303	0.5208333333333334	0.7525773195876289	0.7386363636363636	0.925	0.25316455696202533	0.72	0.717391304347826	0.4927536231884058	0.9230769230769231	0.5454545454545454	0.352112676056338	0.8333333333333334
dmw=6276	0.7092130518234165	0.7169811320754716	0.5341296928327645	0.5324675324675324	0.7871485943775101	0.42745098039215684	0.6559485530546624	0.804177545691906	0.7861271676300579	0.37751004016064255	0.4918032786885246	0.3595505617977528	0.5058823529411764	0.9279279279279279	0.41333333333333333	0.35537190082644626	0.6666666666666666
dmw=6277	0.6321467098166127	0.6470588235294118	0.47577092511013214	0.5195195195195195	0.7606837606837606	0.22365591397849463	0.7838541666666666	0.6611842105263158	0.8813559322033898	0.21354166666666666	0.6419753086419753	0.5154639175257731	0.4479166666666667	0.7107438016528925	0.4318181818181818	0.3937007874015748	0.6222222222222222
dmw=6278	0.7793696275071633	0.793778801843318	0.46106870229007635	0.5855670103092784	0.7890295358649789	0.31442463533225284	0.7586206896551724	0.8108882521489972	0.7307692307692307	0.19339622641509435	0.7444444444444445	0.5597014925373134	0.42342342342342343	0.8860759493670886	0.40404040404040403	0.2786885245901639	0.6060606060606061
dmw=6279	0.714622641509434	0.7107623318385651	0.5791245791245792	0.6	0.7540983606557377	0.30935251798561153	0.7536231884057971	0.6329787234042553	0.7708333333333334	0.22321428571428573	0.7666666666666667	0.5135135135135135	0.453125	0.8529411764705882	0.4482758620689655	0.14285714285714285	0.8181818181818182
dmw=6280	0.7249283667621776	0.7561374795417348	0.6119402985074627	0.5051194539249146	0.7573770491803279	0.3387096774193548	0.7147766323024055	0.7373417721518988	0.9473684210526315	0.21978021978021978	0.6666666666666666	0.7023809523809523	0.47619047619047616	0.8513513513513513	0.7021276595744681	0.26666666666666666	0.7333333333333333
dmw=6281	0.64576802507837	0.6272727272727273	0.4450402144772118	0.47413793103448276	0.8181818181818182	0.3250883392226148	0.780373831775701	0.6439393939393939	0.7864077669902912	0.3780487804878049	0.5873015873015873	0.7254901960784313	0.7258064516129032	0.6865671641791045	0.16326530612244897	0.32786885245901637	0.2857142857142857
dmw=6282	0.828978622327791	0.7628865979381443	0.6385542168674698	0.6934306569343066	0.9036144578313253	0.4666666666666667	0.7206703910614525	0.9104477611940298	0.8648648648648649	0.27906976744186046	0.8727272727272727	0.8536585365853658	0.9473684210526315	0.9473684210526315	0.8	0.21212121212121213	0.5833333333333334
dmw=6283	0.8074380165289257	0.827512473271561	0.8677325581395349	0.8163265306122449	0.89568345323741	0.7543859649122807	0.8863636363636364	0.9161290322580645	0.8516483516483516	0.783068783068783	0.8247422680412371	0.7672413793103449	0.9439252336448598	0.9489795918367347	0.0	0.4806201550387597	0.9523809523809523
dmw=6284	0.7740693196405648	0.7514285714285714	0.5363636363636364	0.612	0.8203125	0.33948339483394835	0.7248677248677249	0.8322981366459627	0.8285714285714286	0.35294117647058826	0.9210526315789473	0.7704918032786885	0.4745762711864407	0.5797101449275363	0.29310344827586204	0.1864406779661017	0.6
dmw=6285	0.7387596899224806	0.7672955974842768	0.5984251968503937	0.6550976138828634	0.8409506398537477	0.43156424581005587	0.7991543340380549	0.8131868131868132	0.7986111111111112	0.3471698113207547	0.8082191780821918	0.6808510638297872	0.688	0.7421875	0.42391304347826086	0.16233766233766234	0.509090909090909
dmw=6286	0.6872246696035242	0.7301349325337332	0.5367483296213809	0.47619047619047616	0.7640449438202247	0.3157894736842105	0.7992125984251969	0.7601476014760148	0.8941176470588236	0.2575107296137339	0.6	0.67	0.4489795918367347	0.9204545454545454	0.2222222222222222	0.24778761061946902	0.7058823529411765
dmw=6287	0.6269662921348315	0.729381443298969	0.4944649446494465	0.6074766355140186	0.71900826446281	0.3316831683168317	0.7358490566037735	0.6330275229357798	0.9	0.2682926829268293	0.48148148148148145	0.59375	0.5357142857142857	0.6363636363636364	0.125	0.0	0.6666666666666666
dmw=6288	0.713953488372093	0.7503090234857849	0.5680933852140078	0.5521739130434783	0.7926509186351706	0.2994011976047904	0.8316326530612245	0.7524752475247525	0.896551724137931	0.27419354838709675	0.65625	0.6027397260273972	0.4925373134328358	0.8278688524590164	0.40816326530612246	0.2857142857142857	0.23076923076923078
dmw=6289	0.6987910189982729	0.7179684494036168	0.5685185185185185	0.591304347826087	0.7970511708586296	0.341820987654321	0.784037558685446	0.7729988052568698	0.8005464480874317	0.35	0.6438356164383562	0.6486486486486487	0.752442996742671	0.8314176245210728	0.37745098039215685	0.22251308900523561	0.4742268041237113
dmw=6290	0.7329192546583851	0.6642468239564429	0.46586345381526106	0.6242424242424243	0.7914893617021277	0.27507163323782235	0.7918781725888325	0.7105263157894737	0.7777777777777778	0.3116883116883117	0.576271186440678	0.5853658536585366	0.5625	0.627906976744186	0.6363636363636364	0.20652173913043478	0.5333333333333333
dmw=6291	0.6881720430107527	0.7626262626262627	0.5044824775876121	0.5811870100783875	0.7925	0.27421109902067464	0.8136645962732919	0.7479406919275123	0.8153153153153153	0.2601626016260163	0.7333333333333333	0.5534591194968553	0.5031055900621118	0.7032520325203252	0.5895953757225434	0.22149837133550487	0.6781609195402298
dmw=6292	0.776991984912777	0.7610738255033557	0.5913767760901519	0.5600505689001264	0.7948008849557522	0.33244962884411455	0.7782608695652173	0.7438672438672439	0.8956158663883089	0.43615494978479197	0.7960199004975125	0.6277173913043478	0.4051094890510949	0.8353510895883777	0.3685800604229607	0.41986062717770034	0.624113475177305
dmw=6293	0.672514619883041	0.6939203354297694	0.47843137254901963	0.6023391812865497	0.7214611872146118	0.30337078651685395	0.6686390532544378	0.7152777777777778	0.8947368421052632	0.3178294573643411	0.7755102040816326	0.6829268292682927	0.3333333333333333	0.9803921568627451	0.2830188679245283	0.1125	0.25
dmw=6294	0.7414806110458284	0.7575757575757576	0.5289079229122056	0.5633074935400517	0.7594433399602386	0.3598455598455598	0.7624847746650426	0.6888068880688807	0.8055555555555556	0.25727069351230425	0.6176470588235294	0.6729559748427673	0.4696969696969697	0.6962025316455697	0.4057142857142857	0.29155313351498635	0.45652173913043476
dmw=6295	0.8242491657397107	0.7341597796143251	0.6139896373056994	0.7216494845360825	0.8938053097345132	0.29930394431554525	0.8918918918918919	0.7695473251028807	0.9431818181818182	0.30735930735930733	0.8168316831683168	0.5119047619047619	0.5555555555555556	0.7894736842105263	0.725	0.25	1.0
dmw=6296	0.7789609551468215	0.768033946251768	0.564327485380117	0.6181672025723473	0.7801587301587302	0.3375	0.8345656192236599	0.7739463601532567	0.8444444444444444	0.31994047619047616	0.6591760299625468	0.732484076433121	0.5347826086956522	0.8273972602739726	0.6123778501628665	0.42857142857142855	0.5371900826446281
dmw=6297	0.7212608158220025	0.7606019151846786	0.5545905707196029	0.6198501872659176	0.7771260997067448	0.2567237163814181	0.8222748815165877	0.7236580516898609	0.8730769230769231	0.3569023569023569	0.5943396226415094	0.651685393258427	0.40217391304347827	0.7172413793103448	0.29545454545454547	0.15151515151515152	0.5555555555555556
dmw=6298	0.8244853737811484	0.7827102803738317	0.5720164609053497	0.6170212765957447	0.8779840848806366	0.32242990654205606	0.834319526627219	0.834920634920635	0.7322834645669292	0.26877470355731226	0.6607142857142857	0.65625	0.611764705882353	0.8648648648648649	0.12	0.23622047244094488	0.3
dmw=6299	0.6741463414634147	0.7222787385554426	0.6452145214521452	0.5604938271604938	0.8419689119170984	0.23252279635258358	0.7647058823529411	0.7182320441988951	0.825	0.33725490196078434	0.6407766990291263	0.6304347826086957	0.4387755102040816	0.8943089430894309	0.5730337078651685	0.20108695652173914	0.48717948717948717
dmw=6300	0.7683168316831683	0.8081896551724138	0.5813953488372093	0.5968586387434555	0.8721461187214612	0.3524229074889868	0.7105263157894737	0.7808219178082192	0.7719298245614035	0.38513513513513514	0.4915254237288136	0.5833333333333334	0.717948717948718	0.9655172413793104	0.627906976744186	0.22727272727272727	0.7906976744186046
dmw=6305	0.8136593591905565	0.8306527909176916	0.8948655256723717	0.8600583090379009	0.8675675675675676	0.9673590504451038	0.8995327102803738	0.9198966408268734	0.9671052631578947	0.8125	0.8141592920353983	0.8442622950819673	0.775	0.9090909090909091	0.9761904761904762	0.9661016949152542	0.4375
dmw=6306	0.8170128585558852	0.7977178423236515	0.9675925925925926	0.8631578947368421	0.8814531548757171	0.916256157635468	0.8109756097560976	0.8862068965517241	0.852112676056338	0.5714285714285714	0.8518518518518519	0.9518072289156626	0.9032258064516129	0.9064748201438849	1.0	0.9354838709677419	0.7142857142857143
dmw=6307	0.6659322820037106	0.6279413742100309	0.7467026378896883	0.7222451506397028	0.7243647234678625	0.7862679955703211	0.6975132490827558	0.7078405606657906	0.7194752774974773	0.6062683643486778	0.6781292984869326	0.7184466019417476	0.7285974499089253	0.7679324894514767	0.8148148148148148	0.7665615141955836	0.5365853658536586
dmw=6310	0.8462776659959759	0.802962962962963	0.9017758046614872	0.9106145251396648	0.892006352567496	0.9454976303317536	0.8705583756345178	0.8966148215919487	0.9140127388535032	0.7473958333333334	0.8064516129032258	0.9228486646884273	0.842948717948718	0.9294117647058824	0.9502762430939227	0.9565217391304348	0.6403508771929824
dmw=6311	0.8166005492828807	0.7624090006618134	0.8673718470301057	0.8560606060606061	0.8611764705882353	0.9263322884012539	0.8903553299492386	0.8801791713325868	0.8868421052631579	0.7622377622377622	0.7657992565055762	0.8278388278388278	0.875	0.879746835443038	0.9357798165137615	0.9102564102564102	0.6851851851851852
dmw=6312	0.6187176734654045	0.5640004086219226	0.717096018735363	0.6864883884588318	0.6613908872901678	0.7343017806935332	0.6357098186366479	0.6680458306810948	0.6884343036978757	0.5906040268456376	0.6122004357298475	0.717948717948718	0.6905829596412556	0.6980749746707193	0.6938271604938272	0.7806122448979592	0.5032051282051282
dmw=6313	0.6921606118546845	0.6510938458392966	0.7699408284023669	0.7476891475522082	0.7402183803457689	0.802563075690829	0.70912	0.7195081422399469	0.7539432176656151	0.6561338289962825	0.6818700114025086	0.7312206572769953	0.7094155844155844	0.7700205338809035	0.7420091324200914	0.7948164146868251	0.5815384615384616
dmw=6314	0.572271562257853	0.5317140782786615	0.6741376801047883	0.6333965045272689	0.6136261766024205	0.6796762069962416	0.6174280539343933	0.6073977936404932	0.6252525252525253	0.5705622932745315	0.5745276417074877	0.6330882352941176	0.6258246936852027	0.657001414427157	0.6736566186107471	0.6703601108033241	0.5111821086261981
dmw=6315	0.8116629937277504	0.7811094452773614	0.8496985357450474	0.8475016223231667	0.8576890399320306	0.8782870022539444	0.8576140736668499	0.8720856962822936	0.8554376657824934	0.7109090909090909	0.7950664136622391	0.8258928571428571	0.8598726114649682	0.9049360146252285	0.896797153024911	0.8935185185185185	0.6532663316582915
dmw=6317	0.841845140032949	0.8115942028985508	0.9221374045801527	0.8393665158371041	0.8985507246376812	0.9020979020979021	0.8543371522094927	0.8309278350515464	0.924901185770751	0.7579617834394905	0.868421052631579	0.8672566371681416	0.8382352941176471	0.9271523178807947	0.8695652173913043	0.875	0.611764705882353
dmw=6318	0.8707165109034268	0.804236669101534	0.9084249084249084	0.8680981595092024	0.8797909407665505	0.9347826086956522	0.9120171673819742	0.8370535714285714	0.9036697247706422	0.5378787878787878	0.8672566371681416	0.8839285714285714	0.9036144578313253	0.8580246913580247	0.953125	1.0	0.6181818181818182
dmw=6319	0.8583792289535799	0.8530973451327434	0.8666666666666667	0.9327731092436975	0.9047619047619048	0.9667774086378738	0.9027149321266968	0.9188405797101449	0.9171270718232044	0.7185185185185186	0.8062015503875969	0.9021739130434783	0.9354838709677419	0.9402985074626866	1.0	0.9491525423728814	0.7611940298507462
dmw=6321	0.8502622794468288	0.8128950695322377	0.9195088676671214	0.9262820512820513	0.9078189300411522	0.9192307692307692	0.8835125448028673	0.9079837618403248	0.8836633663366337	0.7035830618892508	0.8609625668449198	0.8742138364779874	0.8829787234042553	0.9396551724137931	0.9629629629629629	0.9193548387096774	0.5822784810126582
dmw=6322	0.7954383464005702	0.7305825242718447	0.8902627511591963	0.910913140311804	0.8551236749116607	0.9404255319148936	0.8151750972762646	0.8814432989690721	0.9212962962962963	0.7309941520467836	0.8888888888888888	0.8053691275167785	0.9607843137254902	0.918918918918919	0.8513513513513513	1.0	0.6
dmw=6323	0.884453781512605	0.8680327868852459	0.9094650205761317	0.9259259259259259	0.8782161234991424	0.9104477611940298	0.9156010230179028	0.9025270758122743	0.9323671497584541	0.6808510638297872	0.8492063492063492	0.8991596638655462	0.9710144927536232	0.8888888888888888	0.9701492537313433	0.9803921568627451	0.8
dmw=6324	0.8225352112676056	0.760752688172043	0.9102333931777379	0.8741418764302059	0.8701825557809331	0.9221789883268483	0.8379373848987108	0.8958904109589041	0.8995433789954338	0.7318181818181818	0.75	0.8968253968253969	0.9243697478991597	0.921875	0.9565217391304348	0.9404761904761905	0.5918367346938775
dmw=6325	0.8865323435843054	0.8386699507389163	0.924433249370277	0.9260700389105059	0.8956310679611651	0.9488636363636364	0.8562874251497006	0.9243986254295533	0.9292035398230089	0.5714285714285714	0.9333333333333333	0.7222222222222222	0.9827586206896551	0.9629629629629629	1.0	1.0	0.5833333333333334
dmw=6326	0.8201669877970456	0.7941376959781867	0.9213836477987422	0.9112554112554112	0.8689818468823993	0.9264990328820116	0.8709055876685935	0.8875802997858673	0.8942307692307693	0.7253218884120172	0.7760617760617761	0.9109947643979057	0.7619047619047619	0.9252336448598131	0.9380530973451328	0.9069767441860465	0.7023809523809523
dmw=6327	0.8814675446848542	0.8179650238473768	0.9370629370629371	0.9469964664310954	0.8681318681318682	0.9633507853403142	0.9112627986348123	0.9389067524115756	0.8596491228070176	0.8791208791208791	0.7313432835820896	0.7457627118644068	0.9565217391304348	0.95	1.0	0.9166666666666666	0.75
dmw=6328	0.8242372152986678	0.7813573883161512	0.8860887096774194	0.8607068607068608	0.8748651564185544	0.9361233480176211	0.8398876404494382	0.8919567827130852	0.9214285714285714	0.8961538461538462	0.8354430379746836	0.8353658536585366	0.8137254901960784	0.8607594936708861	0.9026548672566371	0.9523809523809523	0.72
dmw=6329	0.9032258064516129	0.896600566572238	0.9495896834701055	0.9071146245059288	0.902946273830156	0.8562874251497006	0.9386281588447654	0.9352941176470588	0.9213973799126638	0.568	0.8691099476439791	0.839622641509434	0.9069767441860465	0.9152542372881356	1.0	0.9789473684210527	0.8241758241758241
dmw=6330	0.8770821367030442	0.8491228070175438	0.9149868536371604	0.9431089743589743	0.9342327150084317	0.9507211538461539	0.9200310559006211	0.9161777032690696	0.8938775510204081	0.8091106290672451	0.8742138364779874	0.883495145631068	0.8534798534798534	0.9528023598820059	0.9572649572649573	0.9498207885304659	0.7769230769230769
dmw=6331	0.8558052434456929	0.831140350877193	0.9158576051779935	0.8943894389438944	0.9097222222222222	0.9317803660565723	0.8569739952718676	0.9152317880794701	0.886986301369863	0.7565217391304347	0.6666666666666666	0.9344729344729344	0.8129770992366412	0.940625	0.9173553719008265	0.9512195121951219	0.7948717948717948
dmw=6332	0.8563190773666507	0.8193752829334541	0.9095182138660399	0.8997668997668997	0.8976303317535546	0.9437148217636022	0.8938053097345132	0.9253968253968254	0.9130434782608695	0.5422222222222223	0.8212290502793296	0.875	0.8976377952755905	0.9575289575289575	0.975	0.9468085106382979	0.819672131147541
dmw=6333	0.870913190529876	0.8060747663551402	0.9344262295081968	0.9181034482758621	0.9190672153635117	0.9819277108433735	0.9193245778611632	0.9330628803245437	0.9187279151943463	0.7767441860465116	0.8507936507936508	0.9541984732824428	0.8902439024390244	0.9362549800796812	0.9777777777777777	0.9927536231884058	0.6486486486486487
dmw=6334	0.8767234387672344	0.8371040723981901	0.9244186046511628	0.8919925512104283	0.932285368802902	0.9347826086956522	0.9397590361445783	0.9338159255429163	0.9342723004694836	0.7068181818181818	0.8762376237623762	0.8292682926829268	0.8780487804878049	0.9431438127090301	0.9358974358974359	0.9784172661870504	0.7586206896551724
dmw=6335	0.8447546531302876	0.8108628659476117	0.8958139534883721	0.92904953145917	0.9108455882352942	0.9232142857142858	0.8895184135977338	0.907563025210084	0.9211356466876972	0.7266187050359713	0.8472906403940886	0.9294871794871795	0.9568965517241379	0.9619047619047619	0.975	0.9533678756476683	0.7619047619047619
dmw=6336	0.8852701702442635	0.8393520080998987	0.9141104294478528	0.9069767441860465	0.9096965210954848	0.9296577946768061	0.8952772073921971	0.9167643610785463	0.9119804400977995	0.8127490039840638	0.7608695652173914	0.9629629629629629	0.7605633802816901	0.9372937293729373	0.9847328244274809	0.963302752293578	0.7543859649122807
dmw=6337	0.8272484416740873	0.7893518518518519	0.9068627450980392	0.8756906077348067	0.8460076045627376	0.9343434343434344	0.8404255319148937	0.8501228501228502	0.8224852071005917	0.7212121212121212	0.8840579710144928	0.7551020408163265	0.8356164383561644	0.8560606060606061	0.9478260869565217	0.9444444444444444	0.5384615384615384
dmw=6338	0.8775401069518717	0.8240291262135923	0.8937142857142857	0.9474605954465849	0.9297082228116711	0.9475982532751092	0.8973966309341501	0.939935064935065	0.8739837398373984	0.9528795811518325	0.8793969849246231	0.8289473684210527	0.8246753246753247	0.98	0.943089430894309	0.9157894736842105	0.88
dmw=6339	0.814692256783587	0.7838187702265372	0.9175084175084175	0.9156378600823045	0.8785185185185185	0.8354430379746836	0.8737864077669902	0.8503521126760564	0.8716577540106952	0.9181818181818182	0.7730496453900709	0.8468468468468469	0.9081632653061225	0.8571428571428571	0.9538461538461539	0.9714285714285714	0.8837209302325582
dmw=6341	0.7943786982248521	0.6963696369636964	0.8677685950413223	0.8148148148148148	0.8480565371024735	0.9896373056994818	0.864406779661017	0.8983050847457628	0.8387096774193549	0.819047619047619	0.5846153846153846	0.8709677419354839	0.7894736842105263	0.9295774647887324	0.9166666666666666	0.8888888888888888	0.5
dmw=6343	0.8594455190199871	0.802640722724114	0.9134125636672326	0.9639065817409767	0.8964941569282137	0.9545454545454546	0.8743068391866913	0.8874172185430463	0.8778280542986425	0.6305732484076433	0.7692307692307693	0.9148936170212766	0.8860759493670886	0.9689922480620154	0.96	0.8666666666666667	0.8153846153846154
dmw=6344	0.889739663093415	0.8096992019643954	0.9117647058823529	0.9155844155844156	0.9306260575296108	0.9386503067484663	0.9017857142857143	0.9261083743842364	0.9082125603864735	0.5777777777777777	0.819047619047619	0.6588235294117647	0.7840909090909091	0.9489795918367347	0.979381443298969	0.8985507246376812	0.7297297297297297
dmw=6345	0.8786565547128927	0.7845622119815668	0.917936694021102	0.9161676646706587	0.9004267425320057	0.977859778597786	0.8547400611620795	0.9260700389105059	0.9411764705882353	0.8532110091743119	0.9111111111111111	0.9662162162162162	0.8786127167630058	0.9090909090909091	0.9824561403508771	1.0	0.8255813953488372
dmw=6346	0.7886247877758913	0.778672032193159	0.8934280639431617	0.8217270194986073	0.872093023255814	0.9595375722543352	0.8808933002481389	0.8805970149253731	0.8950617283950617	0.6456692913385826	0.7364341085271318	0.7567567567567568	0.8916666666666667	0.9846153846153847	0.8076923076923077	0.9791666666666666	0.6732673267326733
dmw=6347	0.8215586307356154	0.781074578989575	0.8803418803418803	0.8968824940047961	0.9055944055944056	0.922360248447205	0.8503787878787878	0.8849315068493151	0.8472906403940886	0.6428571428571429	0.7652173913043478	0.7615384615384615	0.8831168831168831	0.9230769230769231	0.9166666666666666	0.9382716049382716	0.660377358490566
dmw=6348	0.8417868776174965	0.7509842519685039	0.8960843373493976	0.8820224719101124	0.8299643281807372	0.953125	0.862533692722372	0.8906009244992296	0.7729257641921398	0.6530612244897959	0.8333333333333334	0.752	0.9320388349514563	0.8564356435643564	0.9423076923076923	1.0	0.7166666666666667
dmw=6349	0.698547215496368	0.6327116212338594	0.859375	0.7824074074074074	0.7621776504297995	0.9367816091954023	0.7792207792207793	0.7323943661971831	0.7386363636363636	0.6	0.7538461538461538	0.8181818181818182	0.8333333333333334	0.825	0.9230769230769231	0.9230769230769231	0.5555555555555556
dmw=6350	0.8305709023941068	0.7877833753148614	0.8364485981308412	0.877030162412993	0.8910741301059002	0.9384615384615385	0.8561151079136691	0.87	0.7796610169491526	0.4827586206896552	0.8066666666666666	0.803921568627451	0.8928571428571429	0.9011627906976745	0.9428571428571428	0.7945205479452054	0.7941176470588235
dmw=6351	0.890734588409007	0.84353507565337	0.9173640167364017	0.8895486935866983	0.8879528222409435	0.9608610567514677	0.9009090909090909	0.9017341040462428	0.9117043121149897	0.6181102362204725	0.8488745980707395	0.8699186991869918	0.8537735849056604	0.9476923076923077	0.8833333333333333	0.954954954954955	0.6878980891719745
dmw=6352	0.8189204875217644	0.7505530973451328	0.8723404255319149	0.8407494145199064	0.876117496807152	0.9066666666666666	0.8316400580551524	0.9045521292217328	0.83399209486166	0.9012875536480687	0.746268656716418	0.8576923076923076	0.6901408450704225	0.9277777777777778	0.9841269841269841	0.91	0.7777777777777778
dmw=6353	0.884326710816777	0.8698698698698699	0.8970588235294118	0.9105263157894737	0.9128205128205128	0.9647302904564315	0.911957950065703	0.9299474605954466	0.8941176470588236	0.6416184971098265	0.8830645161290323	0.9041916167664671	0.8807947019867549	0.9716312056737588	0.9818181818181818	0.9923076923076923	0.7415730337078652
dmw=6354	0.8224767358625626	0.7621696801112656	0.8673621460506706	0.8498845265588915	0.8632872503840245	0.9075342465753424	0.816	0.8591954022988506	0.8278145695364238	0.5371428571428571	0.7534246575342466	0.6962962962962963	0.8395061728395061	0.8421052631578947	0.9882352941176471	0.9615384615384616	0.6461538461538462
dmw=6355	0.8077430708315002	0.8124202467035304	0.8878923766816144	0.86709886547812	0.904716073147257	0.9191616766467066	0.8769968051118211	0.9202127659574468	0.8991097922848664	0.6029411764705882	0.8148148148148148	0.8072916666666666	0.9010416666666666	0.8775510204081632	0.9538461538461539	1.0	0.574468085106383
dmw=6356	0.8197969543147208	0.7497546614327772	0.9054054054054054	0.8951048951048951	0.8944444444444445	0.9209302325581395	0.8537549407114624	0.8950276243093923	0.8490566037735849	0.8333333333333334	0.8956521739130435	0.9696969696969697	0.7058823529411765	0.910958904109589	1.0	0.9259259259259259	0.6129032258064516
dmw=6357	0.8677929739876643	0.8716350947158524	0.9181771103055412	0.924643584521385	0.9131067961165048	0.9374288964732651	0.90744920993228	0.900398406374502	0.9069767441860465	0.7067137809187279	0.8434065934065934	0.7424242424242424	0.9493670886075949	0.9415584415584416	0.977859778597786	0.9384615384615385	0.7682119205298014
dmw=6358	0.8272980501392758	0.7766367137355584	0.8806333739342266	0.8571428571428571	0.864039408866995	0.9311111111111111	0.8458274398868458	0.8415545590433483	0.8745874587458746	0.5094339622641509	0.7543859649122807	0.7878787878787878	0.7422680412371134	0.8680555555555556	0.9523809523809523	0.8993288590604027	0.6666666666666666
dmw=6359	0.8303990610328639	0.795483061480552	0.8915989159891599	0.8919540229885058	0.8682432432432432	0.908256880733945	0.9151376146788991	0.8871595330739299	0.8029197080291971	0.7449664429530202	0.8473684210526315	0.8376623376623377	0.6216216216216216	0.8698224852071006	0.9375	0.9206349206349206	0.7297297297297297
dmw=6360	0.8547387068201948	0.802416918429003	0.9154652686762779	0.9055036344755971	0.8730272596843616	0.9196850393700787	0.8384615384615385	0.8646551724137931	0.8897058823529411	0.7862232779097387	0.7952380952380952	0.8967136150234741	0.833976833976834	0.8993288590604027	0.9295774647887324	0.9230769230769231	0.6890243902439024
dmw=6361	0.8551650692225772	0.8337696335078534	0.891213389121339	0.9168241965973535	0.9325714285714286	0.9452887537993921	0.9201954397394136	0.9263157894736842	0.953125	0.6590909090909091	0.8411764705882353	0.89375	0.8878504672897196	0.9365079365079365	0.975609756097561	1.0	0.0
dmw=6362	0.9001085776330076	0.8439252336448598	0.9607329842931938	0.9037037037037037	0.9529190207156308	0.9711538461538461	0.9296482412060302	0.9358600583090378	0.9310344827586207	0.7529411764705882	0.8703703703703703	0.8709677419354839	0.7962962962962963	0.9	0.9285714285714286	0.85	0.7692307692307693
dmw=6363	0.8885183420676512	0.8454363757495004	0.9183006535947712	0.9105769230769231	0.9312696747114375	0.950420954162769	0.9171483622350675	0.9199700822737472	0.9212827988338192	0.676923076923077	0.8323353293413174	0.8360655737704918	0.8403755868544601	0.94375	0.9705882352941176	0.937007874015748	0.6966292134831461
dmw=6364	0.8979458754483208	0.8621215975578733	0.906959706959707	0.9255952380952381	0.9311224489795918	0.9590163934426229	0.9299920445505171	0.9405010438413361	0.9767441860465116	0.6991525423728814	0.8040201005025126	0.8211382113821138	0.9072847682119205	0.9597523219814241	0.9727891156462585	0.974025974025974	0.66
dmw=6365	0.8836594394500265	0.8555070883315158	0.8998793727382388	0.9446640316205533	0.9281314168377823	0.9624765478424016	0.9258620689655173	0.9284403669724771	0.9256505576208178	0.7105263157894737	0.8525641025641025	0.9	0.9117647058823529	0.9533898305084746	0.9166666666666666	1.0	0.7555555555555555
dmw=6366	0.8860892388451443	0.8211959739490823	0.9223433242506812	0.8937875751503006	0.9065743944636678	0.9433333333333334	0.9013254786450663	0.9116465863453815	0.9170731707317074	0.815068493150685	0.7463414634146341	0.8796296296296297	0.9393939393939394	0.9510869565217391	0.9649122807017544	0.8431372549019608	0.65
dmw=6367	0.8891336270190896	0.8557902403495994	0.9411764705882353	0.90625	0.93952802359882	0.8680555555555556	0.9242685025817556	0.9315068493150684	0.9211822660098522	0.729064039408867	0.8011695906432749	0.7560975609756098	0.9428571428571428	0.9578947368421052	0.9090909090909091	0.7843137254901961	0.6888888888888889
dmw=6368	0.8268359020852222	0.7234468937875751	0.8959390862944162	0.8956228956228957	0.863849765258216	0.9073170731707317	0.8438287153652393	0.8692307692307693	0.7578125	0.8671328671328671	0.7652173913043478	0.8375	0.7627118644067796	0.8921568627450981	0.9714285714285714	0.8387096774193549	0.576271186440678
dmw=6369	0.8612952575216726	0.8448443579766537	0.8776758409785933	0.9221052631578948	0.8667582417582418	0.9504587155963303	0.8818737270875764	0.9017241379310345	0.8258426966292135	0.7456140350877193	0.9141414141414141	0.8518518518518519	0.9047619047619048	0.9684684684684685	0.9902912621359223	0.6952380952380952	0.8902439024390244
dmw=6370	0.8760683760683761	0.8304405874499332	0.9401709401709402	0.8493150684931506	0.92578125	0.8787878787878788	0.943502824858757	0.9552238805970149	0.9010989010989011	0.5729166666666666	0.847457627118644	0.7959183673469388	1.0	0.9545454545454546	0.9777777777777777	0.9090909090909091	0.7777777777777778
dmw=6371	0.846180676665504	0.7753456221198156	0.9175824175824175	0.9058139534883721	0.8808864265927978	0.96875	0.8736501079913607	0.8925619834710744	0.8879310344827587	0.5579399141630901	0.7872340425531915	0.764367816091954	0.87248322147651	0.9225352112676056	0.9736842105263158	0.9603960396039604	0.7126436781609196
dmw=6372	0.8915795266923501	0.8508377605230895	0.93125	0.8913385826771654	0.917312661498708	0.851528384279476	0.899513776337115	0.9499165275459098	0.9081272084805654	0.7441860465116279	0.7676767676767676	0.6086956521739131	0.891566265060241	0.9288135593220339	0.9577464788732394	0.9072164948453608	0.6349206349206349
dmw=6373	0.8739977090492554	0.7953216374269005	0.9439252336448598	0.9135802469135802	0.9482758620689655	0.9846938775510204	0.87890625	0.918918918918919	0.8235294117647058	0.7017543859649122	0.875	0.9	0.9411764705882353	0.9672131147540983	1.0	0.95	0.8333333333333334
dmw=6374	0.7726523887973641	0.7493692178301093	0.8707753479125249	0.8509933774834437	0.8638743455497382	0.9629629629629629	0.7953586497890295	0.8217821782178217	0.7310924369747899	0.7877094972067039	0.7185185185185186	0.85	0.875	0.86	0.7777777777777778	0.9861111111111112	0.41379310344827586
dmw=6375	0.8605114579873796	0.7919560185185185	0.8758223684210527	0.879424778761062	0.8675654242664552	0.9181669394435352	0.8649262202043133	0.8580576307363927	0.906060606060606	0.6181818181818182	0.859375	0.762589928057554	0.875	0.9315068493150684	0.9265536723163842	0.9006622516556292	0.7253521126760564
dmw=6376	0.8432147562582345	0.8131386861313868	0.911864406779661	0.9195979899497487	0.9407582938388626	0.9518072289156626	0.8789237668161435	0.8984771573604061	0.8932038834951457	0.32142857142857145	0.7903225806451613	0.9558823529411765	0.9827586206896551	0.956989247311828	1.0	0.9024390243902439	0.8181818181818182
dmw=6378	0.4789272030651341	0.38860103626943004	0.6568627450980392	0.5769230769230769	0.7669172932330827	0.8771929824561403	0.7368421052631579	0.6578947368421053	0.8205128205128205	0.9696969696969697	0.3076923076923077	0.6	0.3448275862068966	0.8166666666666667	1.0	1.0	0.0
dmw=6382	0.20844686648501362	0.1025	0.2761627906976744	0.46296296296296297	0.0777027027027027	0.6419753086419753	0.14857142857142858	0.16289592760180996	0.15151515151515152	0.5470085470085471	0.1111111111111111	0.3125	0.5405405405405406	0.14583333333333334	0.6818181818181818	0.8536585365853658	0.6842105263157895
dmw=6383	0.7392578125	0.6803118908382066	0.8396946564885496	0.8022813688212928	0.7048710601719198	0.8674242424242424	0.7231833910034602	0.7350427350427351	0.8181818181818182	0.7577639751552795	0.6728971962616822	0.6039603960396039	0.6739130434782609	0.6777777777777778	0.8421052631578947	1.0	0.8333333333333334
dmw=6384	0.8246753246753247	0.7556505803298718	0.7858546168958742	0.8632707774798928	0.8892921960072595	0.8680851063829788	0.8461538461538461	0.8794466403162056	0.8642857142857143	0.504424778761062	0.864406779661017	0.7313432835820896	0.9058823529411765	0.9371069182389937	0.9629629629629629	0.5405405405405406	0.891566265060241
dmw=6385	0.9006622516556292	0.7890345649582837	0.8202764976958525	0.923728813559322	0.9157509157509157	0.9758064516129032	0.9095238095238095	0.918918918918919	0.9142857142857143	0.3090909090909091	0.7777777777777778	0.9166666666666666	0.7592592592592593	1.0	1.0	0.9333333333333333	0.6571428571428571
dmw=6386	0.8802147872779843	0.8471422241914045	0.9225296442687747	0.9093851132686084	0.9260143198090692	0.956766917293233	0.902547065337763	0.9225967540574282	0.8959276018099548	0.7982456140350878	0.8858695652173914	0.875	0.9761904761904762	0.9475806451612904	0.9469026548672567	0.9047619047619048	0.8367346938775511
dmw=6387	0.8285163776493256	0.7886029411764706	0.8683760683760684	0.8993135011441648	0.8763736263736264	0.9193548387096774	0.8691588785046729	0.898989898989899	0.8401826484018264	0.5896551724137931	0.7943262411347518	0.6851851851851852	0.8350515463917526	0.86	0.9418604651162791	0.9130434782608695	0.7714285714285715
dmw=6389	0.8375184638109305	0.8113207547169812	0.9025641025641026	0.9135446685878963	0.8838304552590267	0.9432624113475178	0.8734321550741163	0.9088471849865952	0.9163987138263665	0.7076923076923077	0.8312020460358056	0.8422273781902552	0.8628571428571429	0.9495412844036697	0.963302752293578	0.8874172185430463	0.625
dmw=6393	0.8270042194092827	0.7520128824476651	0.8814814814814815	0.8642533936651584	0.8785714285714286	0.972027972027972	0.8539325842696629	0.7916666666666666	0.8636363636363636	0.8181818181818182	0.7692307692307693	0.8676470588235294	0.875	0.8787878787878788	0.9666666666666667	0.9230769230769231	0.7714285714285715
dmw=6394	0.8141399416909622	0.7635285396590067	0.8091451292246521	0.8463203463203464	0.8637469586374696	0.8873239436619719	0.8353909465020576	0.9196217494089834	0.6905829596412556	0.5722543352601156	0.6857142857142857	0.84	0.9473684210526315	0.9210526315789473	1.0	1.0	0.5344827586206896
dmw=6395	0.6419098143236074	0.5904404873477038	0.7437641723356009	0.690677966101695	0.5879828326180258	0.824	0.5463576158940397	0.6423357664233577	0.575	0.7032967032967034	0.7542372881355932	0.8245614035087719	0.7209302325581395	0.6764705882352942	0.8823529411764706	0.9803921568627451	0.8225806451612904
dmw=6396	0.1956450016496206	0.13452566096423016	0.6991666666666667	0.3275217932752179	0.8416512630930376	0.8418367346938775	0.8556366585563666	0.1206896551724138	0.8477157360406091	0.7590673575129534	0.38902147971360385	0.78125	0.28662420382165604	0.9161147902869757	0.8873239436619719	0.863905325443787	0.7485380116959064
dmw=6397	0.6243523316062176	0.58207343412527	0.8588410104011887	0.7663755458515283	0.8050065876152833	0.8825	0.84375	0.6981132075471698	0.8146551724137931	0.7157360406091371	0.7575757575757576	0.8406593406593407	0.6482758620689655	0.8439716312056738	0.8627450980392157	0.9615384615384616	0.8404255319148937
dmw=6398	0.29936305732484075	0.22344322344322345	0.5943396226415094	0.36486486486486486	0.6788321167883211	0.7307692307692307	0.5769230769230769	0.41904761904761906	0.8378378378378378	0.5806451612903226	0.4444444444444444	0.45454545454545453	0.7222222222222222	0.6666666666666666	0.75	0.625	0.625
dmw=6404	0.9171080508474576	0.9101830663615561	0.9431960049937578	0.9524647887323944	0.9376391982182628	0.9749009247027741	0.9459654178674352	0.9222497932175352	0.9085365853658537	0.7982646420824295	0.8589341692789969	0.9230769230769231	0.8432835820895522	0.9323529411764706	0.976303317535545	0.9146341463414634	0.8391608391608392
dmw=6406	0.8698795180722891	0.8376254910519424	0.9122468659594986	0.8845637583892617	0.9102439024390244	0.9429735234215886	0.886039886039886	0.9236311239193083	0.9111111111111111	0.7186147186147186	0.8388888888888889	0.9145907473309609	0.8633093525179856	0.9354838709677419	0.9125	0.9636363636363636	0.6781609195402298
dmw=6407	0.8886941279579317	0.8304932735426009	0.8952991452991453	0.9113300492610837	0.8756855575868373	0.9678714859437751	0.9236641221374046	0.8766666666666667	0.9174757281553398	0.5860215053763441	0.9310344827586207	0.8888888888888888	0.868421052631579	0.8383838383838383	0.8333333333333334	0.90625	0.5531914893617021
dmw=6408	0.7925696594427245	0.6625119846596357	0.8403041825095057	0.8622047244094488	0.821256038647343	0.9030612244897959	0.7625	0.7824773413897281	0.7973856209150327	0.8240740740740741	0.7090909090909091	0.7592592592592593	0.8780487804878049	0.8	0.9333333333333333	0.9811320754716981	0.625
dmw=6409	0.8180815876515987	0.7891939769707705	0.8852459016393442	0.8847926267281107	0.9205298013245033	0.920863309352518	0.8866279069767442	0.9265175718849841	0.8214285714285714	0.591304347826087	0.7745098039215687	0.9583333333333334	0.68	0.8596491228070176	1.0	0.8571428571428571	0.8679245283018868
dmw=6410	0.8632034632034632	0.8493635077793493	0.8876080691642652	0.9278074866310161	0.9283387622149837	0.9559585492227979	0.8734693877551021	0.9303135888501742	0.9090909090909091	0.7864077669902912	0.9109947643979057	0.9512195121951219	0.9576271186440678	0.9557522123893806	0.9565217391304348	0.9565217391304348	0.673469387755102
dmw=6411	0.8389175257731959	0.832425068119891	0.7971014492753623	0.8867924528301887	0.8798955613577023	0.9487179487179487	0.8414634146341463	0.9619047619047619	0.9027777777777778	0.4426229508196721	0.6666666666666666	0.8928571428571429	0.9420289855072463	0.98	1.0	0.9523809523809523	1.0
dmw=6418	0.0882016036655212	0.07894736842105263	0.15384615384615385	0.07727272727272727	0.07792207792207792	0.1326530612244898	0.0149812734082397	0.1511627906976744	0.04918032786885246	0.09615384615384616	0.0	0.16176470588235295	0.16666666666666666	0.0	0.024390243902439025	0.15789473684210525	0.02
dmw=6419	0.8537095088819227	0.8414198161389173	0.8988593155893536	0.9281045751633987	0.9161676646706587	0.9447236180904522	0.8925831202046036	0.9028620988725065	0.9292035398230089	0.6931567328918322	0.8492307692307692	0.861198738170347	0.8129770992366412	0.9723926380368099	0.9607843137254902	0.9637305699481865	0.6153846153846154
dmw=6420	0.9080408707241227	0.8542713567839196	0.9285714285714286	0.9339378238341969	0.917953667953668	0.9322429906542056	0.8962264150943396	0.9322709163346613	0.90625	0.6538461538461539	0.8692307692307693	0.8058823529411765	0.8085106382978723	0.9347826086956522	1.0	0.8947368421052632	0.7870370370370371
dmw=6421	0.8743536711478801	0.8582785087719298	0.9421172886519421	0.9455645161290323	0.9161412358133669	0.925609756097561	0.8804554079696395	0.9351395730706076	0.8895027624309392	0.6706730769230769	0.8540372670807453	0.9287671232876712	0.9142857142857143	0.9235474006116208	0.9490445859872612	0.9390243902439024	0.7075471698113207
dmw=6422	0.8943843379701185	0.8749367088607595	0.9414893617021277	0.9358288770053476	0.9337175792507204	0.9376344086021505	0.9190404797601199	0.9092627599243857	0.9346733668341709	0.7772020725388601	0.8963414634146342	0.9005524861878453	0.9032258064516129	0.9795918367346939	0.9649122807017544	1.0	0.5677966101694916
dmw=6423	0.7675276752767528	0.6886171213546566	0.7904761904761904	0.7991967871485943	0.6208651399491094	0.5638297872340425	0.5808823529411765	0.8187311178247734	0.49404761904761907	0.625	0.7903225806451613	0.7258064516129032	0.7045454545454546	0.5408163265306123	0.37735849056603776	0.8285714285714286	0.5
dmw=6425	0.8841722255912674	0.841159420289855	0.8841940532081377	0.9131455399061033	0.8678756476683938	0.9035087719298246	0.8506787330316742	0.9226519337016574	0.9178571428571428	0.6264367816091954	0.8269230769230769	0.7611111111111111	0.7464788732394366	0.9375	0.9886363636363636	0.9180327868852459	0.7333333333333333
dmw=6426	0.7905944986690329	0.7605118829981719	0.9142857142857143	0.8875	0.8814317673378076	0.8713235294117647	0.8391812865497076	0.8501529051987767	0.9377593360995851	0.7403846153846154	0.8125	0.9294117647058824	0.6363636363636364	0.855072463768116	0.918918918918919	0.896551724137931	0.5714285714285714
dmw=6427	0.893	0.8529698149951315	0.898876404494382	0.944078947368421	0.923728813559322	0.9066147859922179	0.9203821656050956	0.9422382671480144	0.9470588235294117	0.6994219653179191	0.8080808080808081	0.759493670886076	0.9342105263157895	0.9591836734693877	0.9512195121951219	1.0	0.6630434782608695
dmw=6431	0.906721536351166	0.8480861244019139	0.9401913875598086	0.973568281938326	0.9573991031390134	0.9761904761904762	0.9298245614035088	0.9044368600682594	0.9506172839506173	0.7010309278350515	0.9137931034482759	0.9125	0.9230769230769231	0.9807692307692307	1.0	0.9523809523809523	0.6666666666666666
dmw=6433	0.8337781166603127	0.7843559382848941	0.895808383233533	0.8885316184351554	0.8893956670467503	0.9397590361445783	0.8760907504363001	0.8857979502196194	0.9049773755656109	0.6533333333333333	0.8406779661016949	0.6380368098159509	0.7666666666666667	0.9485294117647058	0.984375	0.8433734939759037	0.6438356164383562
dmw=6434	0.8548922056384743	0.8030810448760884	0.8848797250859106	0.8854961832061069	0.8757637474541752	0.916955017301038	0.9038461538461539	0.9230769230769231	0.9423076923076923	0.7169811320754716	0.6857142857142857	0.8823529411764706	0.8230088495575221	0.9076923076923077	0.953125	0.75	0.6039603960396039
dmw=6436	0.8681765389082462	0.8239886444286728	0.9365721997300944	0.9085872576177285	0.945852534562212	0.9585987261146497	0.8966789667896679	0.925	0.898876404494382	0.7456896551724138	0.8555555555555555	0.8333333333333334	0.7702702702702703	0.9666666666666667	0.9393939393939394	0.991304347826087	0.75
dmw=6437	0.8421578421578422	0.7819956616052061	0.872093023255814	0.9096989966555183	0.9285714285714286	0.9128440366972477	0.8575268817204301	0.9007352941176471	0.9052631578947369	0.7319587628865979	0.8409090909090909	0.8861788617886179	0.9310344827586207	0.9186991869918699	0.9583333333333334	0.9622641509433962	0.574468085106383
dmw=6438	0.8677751385589866	0.7900383141762453	0.9009708737864077	0.9347826086956522	0.8802177858439202	0.9125	0.8995901639344263	0.9386892177589852	0.9663865546218487	0.6907216494845361	0.8125	0.8461538461538461	0.9222222222222223	0.891566265060241	0.9642857142857143	1.0	0.6074766355140186
dmw=6439	0.9017257909875359	0.8767313019390581	0.9418052256532067	0.956661316211878	0.9422604422604423	0.9452054794520548	0.9385065885797951	0.9382504288164666	0.9423076923076923	0.6733067729083665	0.8778625954198473	0.8784530386740331	0.8235294117647058	0.8820224719101124	0.9558823529411765	1.0	0.8194444444444444
dmw=6440	0.9154804270462633	0.83008356545961	0.9397260273972603	0.9226361031518625	0.929471032745592	0.9649122807017544	0.9248554913294798	0.9260273972602739	0.9805825242718447	0.5955882352941176	0.9183673469387755	0.9714285714285714	0.6	0.9019607843137255	1.0	1.0	0.9487179487179487
dmw=6441	0.895177361498605	0.8774834437086093	0.9272882805816938	0.9327354260089686	0.9351535836177475	0.9463955637707948	0.8745837957824639	0.9296346414073072	0.9361702127659575	0.7840909090909091	0.896551724137931	0.950920245398773	0.882051282051282	0.912621359223301	0.967741935483871	0.9534883720930233	0.72
dmw=6442	0.8206229860365198	0.7717277486910995	0.8620689655172413	0.8485915492957746	0.8844339622641509	0.9152542372881356	0.880466472303207	0.8654545454545455	0.7346938775510204	0.8532110091743119	0.825	0.9024390243902439	0.8589743589743589	0.8717948717948718	1.0	1.0	0.4583333333333333
dmw=6443	0.4807547169811321	0.37714285714285717	0.4760914760914761	0.5144927536231884	0.26545454545454544	0.421455938697318	0.2569832402234637	0.47941176470588237	0.3425925925925926	0.4918032786885246	0.32786885245901637	0.38333333333333336	0.296875	0.423728813559322	0.4222222222222222	0.547945205479452	0.4583333333333333
dmw=6449	0.8891797556719022	0.8732890105592491	0.8968968968968969	0.93026941362916	0.9246629659000793	0.9612590799031477	0.9299754299754299	0.9178832116788321	0.9259259259259259	0.827906976744186	0.8024691358024691	0.9113924050632911	0.8968253968253969	0.9333333333333333	0.9210526315789473	0.9024390243902439	0.7244897959183674
dmw=6450	0.8536759457530335	0.8259312320916905	0.8938461538461538	0.930952380952381	0.9111111111111111	0.8830645161290323	0.8771593090211133	0.940149625935162	0.9476439790575916	0.7908496732026143	0.859504132231405	0.8270676691729323	0.8115942028985508	0.9375	0.9375	0.8955223880597015	0.7647058823529411
dmw=6451	0.8632347291586631	0.8081123244929798	0.885558583106267	0.939120631341601	0.9277218664226898	0.8427518427518428	0.883008356545961	0.9078014184397163	0.9067524115755627	0.5568181818181818	0.8647342995169082	0.7894736842105263	0.7264150943396226	0.9383561643835616	0.9876543209876543	0.9439252336448598	0.8444444444444444
dmw=6452	0.868014705882353	0.82947208507406	0.8594249201277955	0.8978288633461047	0.8968888888888888	0.9238095238095239	0.8505850585058505	0.9032967032967033	0.8943661971830986	0.8548895899053628	0.78125	0.7796610169491526	0.9207317073170732	0.9172661870503597	0.9834710743801653	0.9593023255813954	0.7412587412587412
dmw=6453	0.8057190916736754	0.8120860927152318	0.9187396351575456	0.891156462585034	0.8475409836065574	0.9511568123393316	0.7653958944281525	0.8532934131736527	0.8571428571428571	0.6577181208053692	0.8888888888888888	0.8333333333333334	0.8088235294117647	0.8539325842696629	0.9841269841269841	0.92	0.74
dmw=6454	0.8484848484848485	0.8111111111111111	0.9387755102040817	0.8622754491017964	0.8566978193146417	0.9556962025316456	0.7782608695652173	0.8862745098039215	0.8636363636363636	0.6666666666666666	0.8260869565217391	0.9375	0.75	0.9101123595505618	0.918918918918919	0.9393939393939394	0.5416666666666666
dmw=6455	0.9162384378211716	0.8470588235294118	0.9259757738896366	0.9302752293577982	0.9097142857142857	0.943217665615142	0.8821339950372209	0.8952991452991453	0.9243421052631579	0.5902439024390244	0.9196428571428571	0.9428571428571428	0.7916666666666666	0.9206349206349206	0.9316239316239316	0.9714285714285714	0.8073394495412844
dmw=6456	0.7799905168326221	0.6745	0.8604368932038835	0.854978354978355	0.8125	0.8603896103896104	0.7802907915993538	0.8577154308617234	0.8794642857142857	0.7234726688102894	0.772972972972973	0.8982035928143712	0.8849557522123894	0.8449197860962567	0.945054945054945	0.9761904761904762	0.589041095890411
dmw=6457	0.6764275256222547	0.5323224261771747	0.7632027257240205	0.7901907356948229	0.6778846153846154	0.8581314878892734	0.6304347826086957	0.6896551724137931	0.48333333333333334	0.7531645569620253	0.7419354838709677	0.7368421052631579	0.6333333333333333	0.7660818713450293	0.7115384615384616	0.7608695652173914	0.578125
dmw=6458	0.8857361963190185	0.8601589667163437	0.896358543417367	0.9426160337552743	0.9086223055295221	0.9515366430260047	0.9074074074074074	0.9241424802110818	0.9108061749571184	0.7352185089974294	0.8523076923076923	0.8718487394957983	0.8678678678678678	0.9256505576208178	0.9868421052631579	1.0	0.7393617021276596
dmw=6459	0.41983471074380163	0.3395061728395062	0.39591836734693875	0.5595238095238095	0.3134920634920635	0.38461538461538464	0.40487804878048783	0.19333333333333333	0.1095890410958904	0.4772727272727273	0.2222222222222222	0.5384615384615384	0.6842105263157895	0.3055555555555556	0.0	0.4166666666666667	0.5625
dmw=6460	0.9135364989369241	0.8563074352548037	0.8898756660746003	0.9483204134366925	0.9247104247104247	0.9644268774703557	0.9162011173184358	0.9329758713136729	0.8771929824561403	0.6993865030674846	0.9323308270676691	0.93	0.9166666666666666	0.9552238805970149	1.0	0.9857142857142858	0.7931034482758621
dmw=6461	0.8538720538720539	0.8093883357041252	0.8894601542416453	0.8828125	0.9060283687943262	0.9534883720930233	0.9010989010989011	0.9135802469135802	0.9246575342465754	0.5913978494623656	0.7265625	0.9619047619047619	0.8297872340425532	0.9333333333333333	0.9090909090909091	0.9333333333333333	0.5172413793103449
dmw=6462	0.8787878787878788	0.8493565480696442	0.9074675324675324	0.9331550802139037	0.9153515064562411	0.9605263157894737	0.9022556390977443	0.918141592920354	0.8942307692307693	0.3867403314917127	0.8467741935483871	0.968503937007874	0.8879310344827587	0.9523809523809523	0.9019607843137255	0.9714285714285714	0.6944444444444444
dmw=6463	0.8228547153780799	0.7944223107569721	0.8629579375848032	0.8838821490467937	0.8716417910447761	0.9270833333333334	0.8769230769230769	0.8775510204081632	0.8861111111111111	0.6506550218340611	0.8424908424908425	0.7474226804123711	0.9438202247191011	0.9403669724770642	0.9930555555555556	0.9146341463414634	0.45588235294117646
dmw=6467	0.7597864768683275	0.7035573122529645	0.8341463414634146	0.8163265306122449	0.6929460580912863	0.5588235294117647	0.5297029702970297	0.8556149732620321	0.684931506849315	0.6753246753246753	0.7846153846153846	0.7169811320754716	0.5789473684210527	0.6666666666666666	0.2222222222222222	0.8666666666666667	0.5714285714285714
dmw=6468	0.8020603384841796	0.7468852459016393	0.8910133843212237	0.8868894601542416	0.8571428571428571	0.9552845528455285	0.8536585365853658	0.8619329388560157	0.8894472361809045	0.6511627906976745	0.6814814814814815	0.9504950495049505	0.8602150537634409	0.875	0.9846153846153847	0.9354838709677419	0.6185567010309279
dmw=6469	0.8258064516129032	0.7805325987144169	0.8898305084745762	0.9300699300699301	0.9011764705882352	0.9583333333333334	0.8964497041420119	0.9090909090909091	0.8909090909090909	0.8270676691729323	0.84	0.9180327868852459	0.8679245283018868	0.8981481481481481	1.0	0.9811320754716981	0.6111111111111112
dmw=6470	0.8771498771498771	0.8601823708206687	0.9096509240246407	0.9202733485193622	0.9054054054054054	0.9510204081632653	0.8567567567567568	0.9520295202952029	0.8992805755395683	0.5806451612903226	0.8487394957983193	0.8181818181818182	0.6557377049180327	0.9047619047619048	0.9390243902439024	0.95	0.5526315789473685
dmw=6471	0.8785140562248996	0.8330583965687892	0.893687707641196	0.9290780141843972	0.9261477045908184	0.8806201550387597	0.8839724680432645	0.9297619047619048	0.8941605839416058	0.7092511013215859	0.8815331010452961	0.7752293577981652	0.9473684210526315	0.9343434343434344	0.8691588785046729	0.9302325581395349	0.6133333333333333
dmw=6472	0.89728453364817	0.834326579261025	0.8971428571428571	0.8782608695652174	0.921875	0.9147982062780269	0.9245283018867925	0.9698492462311558	0.968609865470852	0.7520661157024794	0.8117647058823529	0.8484848484848485	0.9710144927536232	0.8867924528301887	0.9795918367346939	0.9375	0.7916666666666666
dmw=6473	0.9057071960297767	0.9042163153070577	0.899070385126162	0.9450980392156862	0.93007769145394	0.9498956158663883	0.9225721784776902	0.9363507779349364	0.9246987951807228	0.702247191011236	0.9274193548387096	0.8954545454545455	0.8141592920353983	0.9674418604651163	0.9080459770114943	1.0	0.8717948717948718
dmw=6474	0.8355607205113306	0.8061797752808989	0.9006734006734006	0.9238476953907816	0.8662721893491124	0.941747572815534	0.8892128279883382	0.8688524590163934	0.905	0.6730769230769231	0.7862595419847328	0.8571428571428571	0.8064516129032258	0.9090909090909091	0.9	0.9130434782608695	0.5526315789473685
dmw=6475	0.8674242424242424	0.8592920353982301	0.9586374695863747	0.9008152173913043	0.8805268109125117	0.949468085106383	0.8704156479217604	0.9129383313180169	0.9446064139941691	0.7335907335907336	0.8027522935779816	0.7884615384615384	0.8920454545454546	0.9807692307692307	0.9759036144578314	0.9711538461538461	0.7122302158273381
dmw=6476	0.9204494382022472	0.870604781997187	0.9396728016359919	0.9378068739770867	0.9114811568799299	0.9377880184331797	0.9075215782983971	0.9346811819595645	0.9260450160771704	0.6597510373443983	0.867704280155642	0.8290598290598291	0.912568306010929	0.8402061855670103	1.0	0.9871794871794872	0.7652173913043478
dmw=6477	0.8897550111358574	0.8654680719156851	0.9026548672566371	0.8482142857142857	0.9292452830188679	0.9697624190064795	0.8990901571546733	0.9454094292803971	0.924924924924925	0.6567505720823799	0.8710601719197708	0.7437185929648241	0.820627802690583	0.9478527607361963	0.8627450980392157	0.9264705882352942	0.8916666666666667
dmw=6478	0.8815318539727989	0.8101834518906776	0.8843398157625384	0.8791848617176128	0.9146981627296588	0.9171483622350675	0.8913813459268005	0.9	0.9238095238095239	0.8521739130434782	0.8554216867469879	0.874439461883408	0.7883597883597884	0.9	0.9230769230769231	0.9714285714285714	0.803030303030303
dmw=6480	0.8776255707762557	0.801219512195122	0.8893203883495145	0.8618618618618619	0.8828125	0.9904761904761905	0.8902439024390244	0.8836477987421384	0.8711656441717791	0.5364583333333334	0.8490566037735849	0.889763779527559	0.9375	0.9651162790697675	0.9459459459459459	0.9545454545454546	0.8194444444444444
dmw=6481	0.9129310344827586	0.8837209302325582	0.9371428571428572	0.8369565217391305	0.9274193548387096	0.961864406779661	0.9291784702549575	0.9576271186440678	0.9583333333333334	0.38961038961038963	0.9384615384615385	0.8505747126436781	0.9743589743589743	0.96	0.9841269841269841	1.0	0.7727272727272727
dmw=6482	0.8212983223924143	0.8205822613405552	0.8369781312127237	0.9111969111969112	0.8029850746268656	0.8626609442060086	0.868632707774799	0.8669724770642202	0.8396946564885496	0.648936170212766	0.9333333333333333	0.9324324324324325	0.09523809523809523	0.8676470588235294	0.9074074074074074	0.8163265306122449	0.6309523809523809
dmw=6483	0.9032258064516129	0.8797678275290216	0.9313543599257885	0.9541547277936963	0.9518304431599229	0.9423076923076923	0.9146341463414634	0.941952506596306	0.9116465863453815	0.48760330578512395	0.8504672897196262	0.9390243902439024	0.9259259259259259	0.9398907103825137	1.0	0.9571428571428572	0.813953488372093
dmw=6486	0.8848996832101372	0.8879581151832461	0.9166666666666666	0.9026548672566371	0.7220708446866485	0.937888198757764	0.7992125984251969	0.8810289389067524	0.7441860465116279	0.7608695652173914	0.7349397590361446	0.8169014084507042	0.8545454545454545	0.8648648648648649	1.0	0.9302325581395349	0.9615384615384616
dmw=6487	0.8384491114701131	0.7692307692307693	0.9244897959183673	0.9191919191919192	0.8768115942028986	0.9805825242718447	0.8940568475452196	0.8788732394366198	0.8674698795180723	0.6642335766423357	0.8636363636363636	0.83	0.6881720430107527	0.8504672897196262	0.9636363636363636	0.9555555555555556	0.6551724137931034
dmw=6488	0.8948863636363636	0.8477876106194691	0.9317269076305221	0.9278350515463918	0.9158273381294963	0.9730094466936572	0.9034369885433715	0.9100204498977505	0.9316770186335404	0.6653846153846154	0.9404255319148936	0.9465648854961832	0.8481675392670157	0.9448123620309051	0.9772727272727273	0.9523809523809523	0.75
dmw=6489	0.9130158730158731	0.8649695628112894	0.9443447037701975	0.9635036496350365	0.9273182957393483	0.918918918918919	0.9345335515548282	0.9371534195933456	0.9239130434782609	0.7314285714285714	0.8387096774193549	0.896	0.75	0.8894230769230769	1.0	1.0	0.8620689655172413
dmw=6490	0.892354507417269	0.8764682057513163	0.9238709677419354	0.9521857923497268	0.9307756463719766	0.9512987012987013	0.9058064516129032	0.93519882179676	0.9047619047619048	0.7844827586206896	0.8450704225352113	0.873015873015873	0.7668161434977578	0.9106382978723404	0.9824561403508771	0.970873786407767	0.696078431372549
dmw=6491	0.8556756756756757	0.7651187904967602	0.8958990536277602	0.8891050583657587	0.8768211920529801	0.9133574007220217	0.847682119205298	0.8833333333333333	0.8689320388349514	0.8181818181818182	0.8526315789473684	0.8861788617886179	0.6944444444444444	0.9	0.9565217391304348	0.9659090909090909	0.6454545454545455
dmw=6492	0.8931462493254182	0.8584474885844748	0.8884297520661157	0.9076305220883534	0.9202898550724637	0.9656160458452722	0.8882575757575758	0.9080267558528428	0.946236559139785	0.7989556135770235	0.74	0.9691358024691358	0.7931034482758621	0.9185185185185185	1.0	0.9572649572649573	0.6956521739130435
dmw=6493	0.8591096833409821	0.8224907063197026	0.9073275862068966	0.9457831325301205	0.8888888888888888	0.9754464285714286	0.8972602739726028	0.9095394736842105	0.90633608815427	0.7652582159624414	0.8048780487804879	0.9397590361445783	0.9290322580645162	0.9534883720930233	0.9262295081967213	0.9880952380952381	0.7746478873239436
dmw=6494	0.8876135820181731	0.866608921611087	0.8819188191881919	0.9135559921414538	0.9155990957045969	0.959493670886076	0.9231974921630094	0.9230769230769231	0.9421052631578948	0.6551724137931034	0.8516949152542372	0.7687861271676301	0.7763157894736842	0.9223744292237442	0.9613259668508287	1.0	0.7216494845360825
dmw=6495	0.8911943319838057	0.8570717131474104	0.9123055162659123	0.9283819628647215	0.9097154072620216	0.9515151515151515	0.8818565400843882	0.9140767824497258	0.9700996677740864	0.7314487632508834	0.8108108108108109	0.8804347826086957	0.6774193548387096	0.9078014184397163	1.0	0.967741935483871	0.8289473684210527
dmw=6500	0.8435708435708436	0.7747813411078717	0.8930817610062893	0.8604651162790697	0.857976653696498	0.9134615384615384	0.8711484593837535	0.8637413394919169	0.8581560283687943	0.8290598290598291	0.6144578313253012	0.5573770491803278	0.963963963963964	0.9171270718232044	0.8958333333333334	1.0	0.5581395348837209
dmw=6506	0.7709320695102686	0.7397360703812317	0.8675889328063241	0.898989898989899	0.829073482428115	0.9414225941422594	0.8356807511737089	0.8714285714285714	0.8304093567251462	0.5428571428571428	0.8682170542635659	0.7611940298507462	0.8490566037735849	0.84251968503937	0.8620689655172413	0.9583333333333334	0.7317073170731707
dmw=6507	0.9142259414225942	0.8991554893194238	0.9231770833333334	0.9410430839002267	0.9496598639455782	0.9622641509433962	0.9489291598023064	0.9149888143176734	0.9710743801652892	0.7666666666666667	0.9180327868852459	0.9578947368421052	1.0	0.9565217391304348	1.0	0.9864864864864865	0.7723577235772358
dmw=6508	0.8542553191489362	0.8170995670995671	0.883248730964467	0.9220183486238532	0.8617710583153347	0.9507042253521126	0.9211136890951276	0.8699690402476781	0.9083969465648855	0.5343511450381679	0.7213114754098361	0.7466666666666667	0.9438202247191011	0.9101123595505618	0.8823529411764706	0.9428571428571428	0.896551724137931
dmw=6509	0.8712765957446809	0.826628693485226	0.8539094650205762	0.8850771869639794	0.8661764705882353	0.9368635437881874	0.8805970149253731	0.8989298454221165	0.8845070422535212	0.6097560975609756	0.8596491228070176	0.8	0.7808988764044944	0.8814229249011858	0.8686868686868687	0.9090909090909091	0.7373737373737373
dmw=6510	0.8698707138842046	0.8300395256916996	0.9164658634538153	0.9192680301399354	0.8972307692307693	0.952638700947226	0.8977272727272727	0.8982169390787519	0.9149377593360996	0.6679389312977099	0.8097982708933718	0.8646288209606987	0.859375	0.9265175718849841	0.9551282051282052	0.9655172413793104	0.7828054298642534
dmw=6511	0.8913294797687862	0.8695896571107363	0.9356014580801945	0.9279069767441861	0.9271523178807947	0.9709090909090909	0.8578274760383386	0.9288824383164006	0.9626168224299065	0.6432432432432432	0.9539473684210527	0.8661417322834646	0.9523809523809523	0.934640522875817	0.9857142857142858	0.8076923076923077	0.6732673267326733
dmw=6512	0.8875444839857651	0.8793103448275862	0.8886255924170616	0.9435736677115988	0.8914549653579676	0.9453781512605042	0.9256410256410257	0.9228650137741047	0.9447852760736196	0.7258064516129032	0.910958904109589	0.9452054794520548	0.7727272727272727	0.9183673469387755	0.9285714285714286	1.0	0.7714285714285715
dmw=6513	0.8703306139974238	0.8279734558448187	0.9063475546305931	0.9118198874296435	0.8877551020408163	0.9417879417879418	0.8757763975155279	0.8963210702341137	0.8705035971223022	0.8141592920353983	0.8910256410256411	0.7952755905511811	0.6724137931034483	0.9040590405904059	0.9532710280373832	0.9482758620689655	0.6704545454545454
dmw=6514	0.8947255574614065	0.8513408472600078	0.9181685338528982	0.9108653220559532	0.9112789051439358	0.9577861163227017	0.9007585335018964	0.9324861000794281	0.9045996592844975	0.6721044045676998	0.8777777777777778	0.8888888888888888	0.9277566539923955	0.9121621621621622	0.9931506849315068	0.9787234042553191	0.7675675675675676
dmw=6515	0.8761241659413983	0.8331371394938198	0.9197812215132178	0.9417989417989417	0.9098819142324425	0.9489414694894147	0.8699654775604143	0.8923913043478261	0.9256756756756757	0.7584541062801933	0.7777777777777778	0.8598484848484849	0.8269230769230769	0.9409448818897638	0.927536231884058	0.9405405405405406	0.573170731707317
dmw=6516	0.9028719585161548	0.8742857142857143	0.9522222222222222	0.9019607843137255	0.9242268041237114	0.920863309352518	0.9149940968122786	0.9294217687074829	0.9058577405857741	0.6599664991624791	0.8769230769230769	0.844	0.839344262295082	0.9379699248120301	0.9819277108433735	0.9748427672955975	0.7769784172661871
dmw=6517	0.8791313458424612	0.854146986586057	0.9039260969976906	0.9181222707423581	0.9148264984227129	0.9582947173308619	0.9017807456872565	0.920478968375806	0.8986111111111111	0.7436932391523713	0.8237250554323725	0.9182530795072789	0.8894927536231884	0.9435406698564593	0.9601873536299765	0.9635193133047211	0.7156862745098039
dmw=6518	0.8892508143322475	0.8611481975967957	0.9019607843137255	0.9647058823529412	0.9314040728831725	0.9712041884816754	0.9197994987468672	0.9308005427408412	0.8724489795918368	0.9310344827586207	0.8203125	0.7482517482517482	0.9637681159420289	0.9086538461538461	0.9032258064516129	0.971830985915493	0.6438356164383562
dmw=6519	0.8755426917510853	0.8681983071342201	0.8980263157894737	0.9078651685393259	0.9077490774907749	0.9402390438247012	0.8535502958579881	0.9158163265306123	0.8592057761732852	0.5897435897435898	0.8516129032258064	0.8846153846153846	0.8494623655913979	0.8720379146919431	0.9659090909090909	0.9523809523809523	0.7586206896551724
dmw=6520	0.9312813171080888	0.9023028611304955	0.9288194444444444	0.9586776859504132	0.9357366771159875	0.9735849056603774	0.9353448275862069	0.9505882352941176	0.9370629370629371	0.70625	0.8992248062015504	0.9814814814814815	0.9444444444444444	0.9680851063829787	1.0	0.9166666666666666	0.9230769230769231
dmw=6521	0.8909785483397002	0.8387585162755489	0.9086987778576564	0.9322033898305084	0.9186268277177368	0.9240506329113924	0.8967297762478486	0.9275491949910555	0.8974763406940063	0.745945945945946	0.8207547169811321	0.9003115264797508	0.8703703703703703	0.9325153374233128	0.9672131147540983	0.9085365853658537	0.7615062761506276
dmw=6522	0.844811320754717	0.7834586466165413	0.93424317617866	0.9347471451876019	0.8836045056320401	0.937799043062201	0.8571428571428571	0.9070175438596492	0.8682170542635659	0.7372881355932204	0.9047619047619048	0.9393939393939394	0.8709677419354839	0.8669950738916257	0.967741935483871	0.945054945054945	0.6354166666666666
dmw=6523	0.877539175856065	0.8785488958990536	0.9156908665105387	0.9325	0.901565995525727	0.9467455621301775	0.957983193277311	0.9277504105090312	0.9313304721030042	0.6854460093896714	0.9057591623036649	0.7878787878787878	0.796875	0.9502487562189055	0.9824561403508771	0.8363636363636363	0.9285714285714286
dmw=6524	0.8920011550678603	0.8842266462480858	0.9414191419141914	0.9196428571428571	0.9125081011017498	0.9505263157894737	0.916030534351145	0.9321340964840557	0.9510357815442562	0.8971291866028708	0.859375	0.8059701492537313	0.8685258964143426	0.9506172839506173	0.9393939393939394	0.9615384615384616	0.7552447552447552
dmw=6525	0.8136531365313653	0.7864406779661017	0.8671232876712329	0.8767967145790554	0.8743047830923248	0.9457142857142857	0.8272108843537415	0.8774120317820658	0.870722433460076	0.6130434782608696	0.8275862068965517	0.8909090909090909	0.864406779661017	0.9385964912280702	0.8939393939393939	0.956989247311828	0.7346938775510204
dmw=6526	0.8782608695652174	0.8831683168316832	0.9132231404958677	0.9482439926062847	0.9165535956580733	0.9323144104803494	0.8771228771228772	0.9160636758321273	0.9424657534246575	0.7131782945736435	0.7572815533980582	0.9105058365758755	0.7802197802197802	0.9224806201550387	0.9810126582278481	0.9776119402985075	0.65625
dmw=6527	0.9131274131274131	0.8451576576576577	0.9263301500682128	0.9246575342465754	0.9172932330827067	0.9598997493734336	0.9346879535558781	0.93058568329718	0.9288025889967637	0.8237885462555066	0.9470899470899471	0.910828025477707	0.8742138364779874	0.9583333333333334	1.0	0.9834710743801653	0.8571428571428571
dmw=6528	0.8720330237358102	0.8568931614594713	0.9021558872305141	0.9275929549902152	0.9014396456256921	0.9424626006904487	0.8875	0.9229821318545902	0.9327731092436975	0.6883116883116883	0.9174311926605505	0.9439252336448598	0.7916666666666666	0.946078431372549	0.9375	0.8584474885844748	0.6781609195402298
dmw=6529	0.8265817023213473	0.8067262664963815	0.8743109151047409	0.892416225749559	0.8740384615384615	0.9250645994832042	0.8599033816425121	0.9014844804318488	0.9156626506024096	0.6588628762541806	0.8025751072961373	0.8209606986899564	0.801980198019802	0.8955223880597015	0.99	0.8514851485148515	0.6460176991150443
dmw=6531	0.9211136890951276	0.8677536231884058	0.9175108538350217	0.9183673469387755	0.8779527559055118	0.9153846153846154	0.9049235993208828	0.9305210918114144	0.8553459119496856	0.7607655502392344	0.8035714285714286	0.8728813559322034	0.9036144578313253	0.8796296296296297	0.9444444444444444	0.9516129032258065	0.9135802469135802
dmw=6532	0.8799755052051439	0.8465845464725644	0.9096705632306057	0.9071518193224593	0.9153439153439153	0.946969696969697	0.9232981783317353	0.904320987654321	0.9040247678018576	0.686046511627907	0.8636363636363636	0.9011857707509882	0.7405405405405405	0.8617363344051447	1.0	0.9469026548672567	0.8455882352941176
dmw=6537	0.9106753812636166	0.886986301369863	0.8956228956228957	0.9154929577464789	0.918918918918919	0.9565217391304348	0.940983606557377	0.9565217391304348	0.9523809523809523	0.45614035087719296	0.9213483146067416	0.8539325842696629	0.9032258064516129	0.8260869565217391	0.9285714285714286	0.9666666666666667	0.8478260869565217
dmw=6539	0.9113067027758971	0.8933739527798934	0.9108527131782945	0.9582309582309583	0.9284210526315789	0.95822454308094	0.9310344827586207	0.9329896907216495	0.9069767441860465	0.56	0.9	0.9306930693069307	0.7068965517241379	0.926829268292683	0.9767441860465116	0.9655172413793104	0.6666666666666666
dmw=6540	0.8907741251325557	0.873966258683427	0.8901554404145078	0.9546436285097192	0.9338775510204081	0.919661733615222	0.9322865554465162	0.9557713052858684	0.9173913043478261	0.6750572082379863	0.8181818181818182	0.8277777777777777	0.8416666666666667	0.9693877551020408	0.99	0.9827586206896551	0.7777777777777778
dmw=6541	0.8516624040920716	0.79890560875513	0.8955823293172691	0.8888888888888888	0.8732758620689656	0.9345991561181435	0.8452768729641694	0.88604898828541	0.8780487804878049	0.6095890410958904	0.8466453674121406	0.834319526627219	0.8326180257510729	0.8787878787878788	0.9469026548672567	0.9469026548672567	0.7226277372262774
dmw=6542	0.908641975308642	0.876008064516129	0.8979057591623036	0.9133858267716536	0.9023354564755839	0.9545454545454546	0.9257950530035336	0.918918918918919	0.9375	0.6839378238341969	0.9090909090909091	0.7710843373493976	0.9014084507042254	0.6296296296296297	1.0	0.9629629629629629	0.8888888888888888
dmw=6545	0.8945185185185185	0.8822866798085046	0.9062038404726735	0.9050505050505051	0.9326103795507359	0.9330985915492958	0.9266547406082289	0.933993399339934	0.9163090128755365	0.7930232558139535	0.8203125	0.9315476190476191	0.6529411764705882	0.9405594405594405	0.96	0.9915254237288136	0.6944444444444444
dmw=6547	0.5093360995850622	0.44715447154471544	0.6469002695417789	0.6536964980544747	0.6612149532710281	0.6837606837606838	0.6432926829268293	0.5988200589970502	0.6428571428571429	0.7578947368421053	0.3728813559322034	0.7592592592592593	0.717391304347826	0.5252525252525253	0.7857142857142857	0.7121212121212122	0.4857142857142857
dmw=6549	0.054239877769289534	0.04821958456973294	0.22937293729372937	0.17274939172749393	0.2510822510822511	0.26517571884984026	0.2266949152542373	0.04439252336448598	0.30405405405405406	0.24293785310734464	0.10526315789473684	0.15254237288135594	0.12056737588652482	0.19	0.2857142857142857	0.417910447761194	0.35384615384615387
dmw=6559	0.8925357331921652	0.8574893875075803	0.9185393258426966	0.9191729323308271	0.9070146818923328	0.9715099715099715	0.8716216216216216	0.9487632508833922	0.8383838383838383	0.8071748878923767	0.930379746835443	0.8478260869565217	0.5714285714285714	0.9197530864197531	0.9	0.9733333333333334	0.7916666666666666
dmw=6560	0.8838625489343193	0.8617472434266328	0.8890688259109312	0.9438775510204082	0.900578034682081	0.9178082191780822	0.8848413631022327	0.9284649776453056	0.8884462151394422	0.6724137931034483	0.8121212121212121	0.8961748633879781	0.7100591715976331	0.8837209302325582	0.972027972027972	0.9661016949152542	0.6928571428571428
dmw=6561	0.9021982951996411	0.8784503631961259	0.9302949061662198	0.9306930693069307	0.9052287581699346	0.9475728155339805	0.9131736526946108	0.9565891472868217	0.9359267734553776	0.7985865724381626	0.9141104294478528	0.8857142857142857	0.9037037037037037	0.9212598425196851	0.9642857142857143	1.0	0.5333333333333333
dmw=6562	0.9438669438669439	0.9538934426229508	0.96	0.9484978540772532	0.9578313253012049	0.9405405405405406	0.9868995633187773	0.938953488372093	0.9083333333333333	0.7681159420289855	0.9464285714285714	0.92	0.8524590163934426	0.9425287356321839	0.9857142857142858	0.9333333333333333	0.9090909090909091
dmw=6564	0.8954326923076923	0.9077844311377246	0.9029850746268657	0.9094827586206896	0.9224376731301939	0.9631901840490797	0.8706896551724138	0.9417040358744395	0.9291338582677166	0.9620253164556962	0.9655172413793104	0.9801980198019802	0.7868852459016393	0.9777777777777777	1.0	0.6097560975609756	0.7777777777777778
dmw=6565	0.9207365892714171	0.9074529074529074	0.9435483870967742	0.9614457831325302	0.9065934065934066	0.9644670050761421	0.8731988472622478	0.9351620947630923	0.9768518518518519	0.8120300751879699	0.7619047619047619	0.918918918918919	0.6696428571428571	0.9242424242424242	0.9591836734693877	0.9444444444444444	0.9090909090909091
dmw=6574	0.1325	0.1771995043370508	0.44019138755980863	0.21940928270042195	0.36255924170616116	0.5692307692307692	0.3782051282051282	0.1888412017167382	0.4166666666666667	0.32608695652173914	0.17894736842105263	0.42592592592592593	0.2753623188405797	0.5	0.4074074074074074	0.5	0.46153846153846156
dmw=6587	0.811704834605598	0.8406976744186047	0.8815331010452961	0.9236641221374046	0.9234449760765551	0.9802631578947368	0.9163987138263665	0.9161676646706587	0.9029126213592233	0.719626168224299	0.95	0.7361111111111112	0.6379310344827587	0.9183673469387755	0.9534883720930233	0.9285714285714286	0.6666666666666666
dmw=6588	0.6066225165562914	0.6258992805755396	0.5645161290322581	0.6265560165975104	0.6105527638190955	0.6346153846153846	0.5196078431372549	0.6454183266932271	0.6144578313253012	0.41025641025641024	0.5714285714285714	0.71875	0.7073170731707317	0.47692307692307695	0.5357142857142857	0.7142857142857143	0.5882352941176471
dmw=6600	0.7738927738927739	0.7527472527472527	0.8992805755395683	0.7959183673469388	0.5085714285714286	0.7380952380952381	0.425531914893617	0.7864077669902912	0.5681818181818182	0.5789473684210527	0.64	0.9642857142857143	0.7857142857142857	0.5833333333333334	0.6363636363636364	0.7	0.8181818181818182
dmw=6601	0.8680109990834097	0.8413948256467941	0.9201030927835051	0.89419795221843	0.7792494481236203	0.9175824175824175	0.75	0.8933333333333333	0.8024691358024691	0.6145833333333334	0.9014084507042254	0.7692307692307693	1.0	0.8431372549019608	0.9787234042553191	1.0	0.8387096774193549
dmw=6602	0.05870020964360587	0.0546218487394958	0.13218390804597702	0.05232558139534884	0.03125	0.009523809523809525	0.012345679012345678	0.06172839506172839	0.0625	0.0	0.0	0.0	0.02702702702702703	0.0	0.047619047619047616	0.2222222222222222	0.13333333333333333
dmw=6604	0.6122448979591837	0.5622866894197952	0.5962732919254659	0.6616541353383458	0.4671717171717172	0.40948275862068967	0.4837962962962963	0.4980237154150198	0.3627450980392157	0.5454545454545454	0.36082474226804123	0.625	0.275	0.2028985507246377	0.22916666666666666	0.4418604651162791	0.6764705882352942
dmw=6605	0.8333333333333334	0.7257769652650823	0.898876404494382	0.807909604519774	0.44881889763779526	0.7044025157232704	0.4627659574468085	0.8120805369127517	0.3055555555555556	0.7962962962962963	0.8148148148148148	0.8888888888888888	0.6666666666666666	0.6944444444444444	0.4482758620689655	0.8846153846153846	0.6
dmw=6609	0.9529914529914529	0.9660377358490566	0.8421052631578947	0.9142857142857143	0.9428571428571428	1.0	0.8857142857142857	0.9746835443037974	1.0	0.4166666666666667	0.8333333333333334	0.8888888888888888	0.9230769230769231	1.0	0.0	0.75	0.8888888888888888
dmw=6611	0.9065321295804567	0.8984575835475579	0.9025641025641026	0.9216867469879518	0.9014454664914586	0.8904494382022472	0.9262295081967213	0.925	0.9201520912547528	0.8048780487804879	0.8252427184466019	0.9567901234567902	0.7333333333333333	0.8968253968253969	0.9574468085106383	0.9272727272727272	0.6551724137931034
dmw=6612	0.9164370982552801	0.8262331838565022	0.9557894736842105	0.9047619047619048	0.8617021276595744	0.9375	0.9050925925925926	0.9006410256410257	0.9111111111111111	0.6031746031746031	0.9322033898305084	0.8461538461538461	0.7850467289719626	0.9387755102040817	1.0	0.9016393442622951	0.45652173913043476
dmw=6613	0.8957858769931663	0.7991967871485943	0.8962655601659751	0.8726851851851852	0.8991060025542784	0.9545454545454546	0.8870481927710844	0.8910614525139665	0.89	0.8194444444444444	0.926605504587156	0.8360655737704918	0.7755102040816326	0.9345794392523364	1.0	0.953125	0.6428571428571429
dmw=6619	0.008	0.012448132780082987	0.11055276381909548	0.07751937984496124	0.01702127659574468	0.2463768115942029	0.011235955056179775	0.0	0.05194805194805195	0.17857142857142858	0.017543859649122806	0.0847457627118644	0.09090909090909091	0.0	0.25	0.2857142857142857	0.0
dmw=6621	0.366412213740458	0.28517110266159695	0.37373737373737376	0.4838709677419355	0.33727810650887574	0.3178294573643411	0.16149068322981366	0.18421052631578946	0.4657534246575342	0.6101694915254238	0.36585365853658536	0.41509433962264153	0.3793103448275862	0.2261904761904762	0.5185185185185185	0.21428571428571427	0.09090909090909091
dmw=6622	0.9037871033776868	0.9021406727828746	0.9505703422053232	0.9310344827586207	0.9198218262806236	0.8579545454545454	0.9202898550724637	0.89198606271777	1.0	0.9461538461538461	0.883495145631068	0.8913043478260869	0.9016393442622951	0.9466666666666667	0.8909090909090909	0.96	0.8253968253968254
dmw=6630	0.9331395348837209	0.9563492063492064	0.986013986013986	0.8714285714285714	0.9655172413793104	0.8615384615384616	0.9683544303797469	0.953125	0.9807692307692307	0.7241379310344828	0.9302325581395349	0.5675675675675675	0.5517241379310345	1.0	1.0	1.0	0.9
dmw=6633	0.9330922242314648	0.9125	0.9362549800796812	0.90234375	0.9411764705882353	0.958904109589041	0.9256505576208178	0.9282700421940928	0.9629629629629629	0.48333333333333334	0.9459459459459459	0.5	0.8857142857142857	0.9591836734693877	0.75	0.9666666666666667	0.6818181818181818
dmw=6636	0.9207579672695951	0.9217325227963525	0.9289520426287744	0.9467084639498433	0.918200408997955	0.9181286549707602	0.9290187891440501	0.9447236180904522	0.9230769230769231	0.8333333333333334	0.8979591836734694	0.9054054054054054	0.71900826446281	0.9603960396039604	0.9166666666666666	0.9230769230769231	0.7777777777777778
dmw=6640	0.9175257731958762	0.893640350877193	0.9282428702851886	0.9345794392523364	0.9431438127090301	0.9427860696517413	0.9598393574297188	0.9495990836197021	0.9519230769230769	0.7280701754385965	0.914396887159533	0.8786610878661087	0.900990099009901	0.948905109489051	1.0	0.9512195121951219	0.8926174496644296
dmw=6644	0.8859060402684564	0.8852672750977836	0.9192982456140351	0.918918918918919	0.9004854368932039	0.8387096774193549	0.8904593639575972	0.957345971563981	0.9148936170212766	0.675	0.9354838709677419	0.8918918918918919	0.7931034482758621	0.8809523809523809	0.9655172413793104	1.0	0.8225806451612904
dmw=6647	0.8731942215088283	0.8428571428571429	0.9158878504672897	0.9406392694063926	0.9120879120879121	0.9272727272727272	0.9118773946360154	0.9076433121019108	0.9382716049382716	0.6833333333333333	0.8888888888888888	0.7419354838709677	0.6694214876033058	0.8681318681318682	1.0	1.0	0.7857142857142857
dmw=6648	0.6379453189726595	0.6071706936866719	0.6905263157894737	0.6450381679389313	0.3738819320214669	0.5232558139534884	0.45685279187817257	0.5794871794871795	0.6272727272727273	0.5903614457831325	0.6526315789473685	0.6847826086956522	0.5258620689655172	0.39473684210526316	0.42424242424242425	0.7	0.5
dmw=6649	0.8933701657458564	0.8685082872928177	0.8867924528301887	0.9591397849462365	0.9048165137614679	0.9571045576407506	0.8863636363636364	0.9257246376811594	0.9123711340206185	0.785234899328859	0.8554216867469879	0.9271523178807947	0.8931297709923665	0.9448275862068966	0.9895833333333334	0.9320388349514563	0.8372093023255814
dmw=6650	0.9100050276520865	0.8770735857082093	0.9290780141843972	0.9281553398058252	0.9153766769865841	0.9716024340770791	0.9193548387096774	0.9390862944162437	0.9450867052023122	0.7663551401869159	0.9	0.8722627737226277	0.9216867469879518	0.9257142857142857	0.9846153846153847	0.7647058823529411	0.7945205479452054
dmw=6651	0.8929976396538158	0.8483483483483484	0.8878504672897196	0.8670284938941656	0.9122171945701357	0.9436363636363636	0.8905608755129959	0.9066511085180864	0.9052287581699346	0.8108108108108109	0.8254716981132075	0.8805309734513275	0.8571428571428571	0.9512195121951219	0.9537037037037037	0.9393939393939394	0.5726495726495726
dmw=6652	0.8355586788475052	0.7911764705882353	0.8654292343387471	0.9296875	0.8651685393258427	0.9492063492063492	0.850253807106599	0.8854166666666666	0.852112676056338	0.813953488372093	0.8155339805825242	0.6126126126126126	0.8169014084507042	0.9206349206349206	0.9130434782608695	0.9574468085106383	0.46296296296296297
dmw=6653	0.8309090909090909	0.8520900321543409	0.8177339901477833	0.9411764705882353	0.9164086687306502	0.9375	0.9019607843137255	0.8734177215189873	0.8705882352941177	0.5555555555555556	0.7450980392156863	0.859375	0.5978260869565217	0.90625	0.9333333333333333	0.9696969696969697	0.55
dmw=6654	0.9036144578313253	0.8689717925386715	0.9339019189765458	0.9233333333333333	0.9147609147609148	0.925	0.907103825136612	0.946843853820598	0.8951048951048951	0.8414634146341463	0.8869565217391304	0.9024390243902439	0.8301886792452831	0.8923076923076924	0.9382716049382716	1.0	0.8260869565217391
dmw=6661	0.9295328582739509	0.8748043818466353	0.9297820823244553	0.9672131147540983	0.9341736694677871	0.955719557195572	0.9112426035502958	0.9007633587786259	0.9629629629629629	0.7786259541984732	0.9090909090909091	0.7529411764705882	0.7704081632653061	0.910958904109589	0.9436619718309859	0.9090909090909091	0.9285714285714286
dmw=6667	0.1934065934065934	0.1716937354988399	0.41379310344827586	0.2204724409448819	0.37433155080213903	0.43529411764705883	0.39759036144578314	0.17699115044247787	0.3382352941176471	0.41025641025641024	0.36585365853658536	0.42424242424242425	0.2222222222222222	0.23809523809523808	0.3333333333333333	0.48148148148148145	0.5
dmw=6668	0.3179039301310044	0.25794392523364484	0.3259423503325942	0.3630952380952381	0.3945578231292517	0.5909090909090909	0.40836653386454186	0.27988338192419826	0.30357142857142855	0.3546099290780142	0.11320754716981132	0.4090909090909091	0.3055555555555556	0.4603174603174603	0.6785714285714286	0.5138888888888888	0.5833333333333334
dmw=6669	0.8783858485351023	0.8726591760299626	0.9221938775510204	0.9267955801104972	0.8962472406181016	0.9223880597014925	0.9018987341772152	0.8737864077669902	0.9020771513353115	0.6219512195121951	0.8562091503267973	0.8956521739130435	0.8121212121212121	0.9147982062780269	0.9491525423728814	0.7804878048780488	0.6617647058823529
dmw=6670	0.9078295341922695	0.8520849724626278	0.9630314232902033	0.9402390438247012	0.8963414634146342	0.9578059071729957	0.9080459770114943	0.9385665529010239	0.8793103448275862	0.5481481481481482	0.8873239436619719	0.9619047619047619	0.7236842105263158	0.9776119402985075	1.0	0.9607843137254902	0.726027397260274
dmw=6675	0.9047044632086851	0.9138321995464853	0.9494949494949495	0.8904109589041096	0.9375	0.9387755102040817	0.9314079422382672	0.9494949494949495	0.9204545454545454	0.6224489795918368	0.8305084745762712	0.925531914893617	0.6533333333333333	0.9	0.9375	1.0	0.6923076923076923
dmw=6685	0.6169844020797227	0.5993031358885017	0.2698412698412698	0.5933503836317136	0.42248062015503873	0.5426829268292683	0.6103896103896104	0.403954802259887	0.6115702479338843	0.49333333333333335	0.6	0.10465116279069768	0.631578947368421	0.45962732919254656	0.6896551724137931	0.5666666666666667	0.5471698113207547
dmw=6689	0.7805907172995781	0.7465437788018433	0.7887323943661971	0.7848837209302325	0.47318611987381703	0.7	0.5225988700564972	0.8207547169811321	0.5543478260869565	0.7528089887640449	0.5102040816326531	0.8627450980392157	0.9117647058823529	0.5294117647058824	0.76	0.9285714285714286	0.5
dmw=6694	0.8152173913043478	0.7856154910096819	0.8344370860927153	0.896	0.6498516320474778	0.8763440860215054	0.597457627118644	0.6739130434782609	0.7410714285714286	0.4807692307692308	0.7195121951219512	0.8846153846153846	0.723404255319149	0.46153846153846156	0.5294117647058824	0.6086956521739131	0.875
dmw=6695	0.6055979643765903	0.49085365853658536	0.436241610738255	0.6310160427807486	0.46629213483146065	0.7052631578947368	0.2743362831858407	0.35802469135802467	0.3793103448275862	0.6730769230769231	0.6666666666666666	0.2222222222222222	0.30434782608695654	0.24	0.7241379310344828	0.6428571428571429	0.45454545454545453
dmw=6700	0.8198757763975155	0.7996031746031746	0.8685714285714285	0.9197530864197531	0.8769230769230769	0.9693877551020408	0.8875	0.864516129032258	0.9154929577464789	0.7333333333333333	0.9545454545454546	1.0	0.4925373134328358	0.875	0.8181818181818182	0.6666666666666666	0.9090909090909091
dmw=6702	0.7150259067357513	0.6708507670850767	0.7389705882352942	0.7672955974842768	0.5724381625441696	0.6835443037974683	0.63	0.7294685990338164	0.6530612244897959	0.39285714285714285	0.19047619047619047	0.7288135593220338	0.47	0.4266666666666667	0.5454545454545454	0.8	0.6111111111111112
dmw=6703	0.4935370152761457	0.32997481108312343	0.8148148148148148	0.6943231441048034	0.8134715025906736	0.9030303030303031	0.823045267489712	0.6467065868263473	0.8266666666666667	0.6190476190476191	0.4342105263157895	0.8125	0.5915492957746479	0.8	0.9787234042553191	0.9117647058823529	0.5277777777777778
dmw=6707	0.09531866892272983	0.07912844036697247	0.04887218045112782	0.08016877637130802	0.03753351206434316	0.05605381165919283	0.06708268330733229	0.041237113402061855	0.0782122905027933	0.0594059405940594	0.07766990291262135	0.03211009174311927	0.015503875968992248	0.12173913043478261	0.15789473684210525	0.10526315789473684	0.06153846153846154
dmw=6708	0.6150592216582065	0.49631966351209256	0.6456692913385826	0.6925795053003534	0.30501089324618735	0.634453781512605	0.2053872053872054	0.6906474820143885	0.35570469798657717	0.638095238095238	0.5254237288135594	0.8055555555555556	0.5510204081632653	0.3448275862068966	0.7692307692307693	0.7878787878787878	0.6666666666666666
dmw=6709	0.7818181818181819	0.6797546012269938	0.8672768878718535	0.8468468468468469	0.43283582089552236	0.7738095238095238	0.3675496688741722	0.7047244094488189	0.5	0.8725490196078431	0.6935483870967742	0.75	0.7142857142857143	0.5802469135802469	0.875	0.918918918918919	0.3333333333333333
dmw=6710	0.8998778998778999	0.895483870967742	0.925207756232687	0.9431818181818182	0.689795918367347	0.9307692307692308	0.6764705882352942	0.9473684210526315	0.8058823529411765	0.8962264150943396	0.7435897435897436	0.9375	0.8974358974358975	0.8490566037735849	0.9516129032258065	0.9666666666666667	0.8
dmw=6711	0.8932676518883416	0.8781804163454124	0.9066666666666666	0.9191919191919192	0.937365010799136	0.8881578947368421	0.9488888888888889	0.9051282051282051	0.9363057324840764	0.7658227848101266	0.8828828828828829	0.7962962962962963	0.7757009345794392	0.9292035398230089	0.99	0.9791666666666666	0.8076923076923077
dmw=6712	0.9248334919124643	0.8904494382022472	0.9318181818181818	0.9345794392523364	0.9647887323943662	0.9519230769230769	0.9878787878787879	0.97165991902834	0.96875	0.50625	1.0	0.927007299270073	0.9487179487179487	1.0	0.7647058823529411	0.9811320754716981	0.7837837837837838
dmw=6713	0.8314606741573034	0.8591772151898734	0.9191489361702128	0.9280575539568345	0.41732283464566927	0.7439024390243902	0.32222222222222224	0.8504273504273504	0.46153846153846156	0.6756756756756757	0.673469387755102	0.9743589743589743	0.6363636363636364	0.12	0.8571428571428571	0.9076923076923077	0.6938775510204082
dmw=6714	0.5508819538670285	0.48208955223880595	0.6266666666666667	0.705607476635514	0.049429657794676805	0.6258064516129033	0.08441558441558442	0.46153846153846156	0.16981132075471697	0.5675675675675675	0.543859649122807	0.5238095238095238	0.4067796610169492	0.05555555555555555	0.5076923076923077	0.6571428571428571	0.75
dmw=6716	0.8434782608695652	0.7980769230769231	0.8120300751879699	0.8604651162790697	0.3422459893048128	0.7101449275362319	0.6144578313253012	0.7	0.7073170731707317	0.7555555555555555	0.8181818181818182	0.5	0.8214285714285714	0.2727272727272727	0.7222222222222222	1.0	1.0
dmw=6717	0.4017241379310345	0.2875816993464052	0.5532994923857868	0.453781512605042	0.28484848484848485	0.3559322033898305	0.17424242424242425	0.37962962962962965	0.18181818181818182	0.2	0.26	0.5675675675675675	0.3076923076923077	0.16071428571428573	0.4782608695652174	0.7407407407407407	0.3333333333333333
dmw=6718	0.9207003089598352	0.8462255358807083	0.9320987654320988	0.9508670520231214	0.9349736379613357	0.9518072289156626	0.900990099009901	0.9228395061728395	0.9518716577540107	0.616822429906542	0.8774193548387097	0.8979591836734694	0.5306122448979592	0.8275862068965517	0.9855072463768116	1.0	0.47368421052631576
dmw=6719	0.9001865671641791	0.9008746355685131	0.9361702127659575	0.9691119691119691	0.9113924050632911	0.9712230215827338	0.9122807017543859	0.9485714285714286	0.903448275862069	0.7244094488188977	0.8611111111111112	0.9099099099099099	0.797979797979798	0.9659090909090909	0.975609756097561	0.967741935483871	0.8795180722891566
dmw=6720	0.9006056287851799	0.9051692078839717	0.9255952380952381	0.9487554904831625	0.9218512898330804	0.9398797595190381	0.9174852652259332	0.9368863955119214	0.9523809523809523	0.711864406779661	0.8412698412698413	0.768595041322314	0.8051948051948052	0.9414414414414415	0.9565217391304348	1.0	0.7586206896551724
dmw=6721	0.8812994071146245	0.8585779517286367	0.9129672897196262	0.9270004679457183	0.9116626634641046	0.9357459379615952	0.8915220293724967	0.9102023608768971	0.8923913043478261	0.7012448132780082	0.8720472440944882	0.8318890814558059	0.7140495867768595	0.9292035398230089	0.9599056603773585	0.925207756232687	0.7537688442211056
dmw=6722	0.8953147877013177	0.848882035466461	0.9369024856596558	0.907928388746803	0.91701244813278	0.9478260869565217	0.8899253731343284	0.9372693726937269	0.9230769230769231	0.7992424242424242	0.9859154929577465	0.958904109589041	0.6301369863013698	0.9710144927536232	0.8372093023255814	1.0	0.8529411764705882
dmw=6723	0.8789283874291602	0.845608292416803	0.8427762039660056	0.8939096267190569	0.8685258964143426	0.9141914191419142	0.9067796610169492	0.9079136690647482	0.8962264150943396	0.6193548387096774	0.8285714285714286	0.9530516431924883	0.7767857142857143	0.9262295081967213	0.9504950495049505	0.9333333333333333	0.7633587786259542
dmw=6725	0.6285523236375794	0.5841269841269842	0.6224662162162162	0.6817625458996328	0.5822784810126582	0.6594202898550725	0.6311475409836066	0.6761603375527426	0.625	0.46419098143236076	0.6025641025641025	0.5497630331753555	0.7149532710280374	0.5449101796407185	0.4041095890410959	0.7304964539007093	0.352112676056338
dmw=6737	0.17558886509635974	0.24299065420560748	0.16847826086956522	0.30303030303030304	0.057803468208092484	0.31958762886597936	0.1223021582733813	0.1623931623931624	0.1794871794871795	0.23529411764705882	0.4074074074074074	0.45714285714285713	0.0	0.058823529411764705	0.0	0.5384615384615384	0.48148148148148145
dmw=6746	0.9175704989154013	0.9005929543076386	0.8871951219512195	0.9322638146167558	0.9178403755868545	0.908289241622575	0.9118329466357309	0.8992346938775511	0.953757225433526	0.7407407407407407	0.8722466960352423	0.9506172839506173	0.7445255474452555	0.946524064171123	0.9647058823529412	0.976878612716763	0.8291139240506329
dmw=6747	0.9049793433355077	0.8782287822878229	0.9157451290152712	0.917953667953668	0.932001699957501	0.9333333333333333	0.9264089427107592	0.8939724037763254	0.9197994987468672	0.7380530973451327	0.8906976744186047	0.853448275862069	0.6555555555555556	0.9458483754512635	0.9541666666666667	0.935251798561151	0.6923076923076923
dmw=6748	0.8995584988962473	0.8877314814814815	0.9737991266375546	0.9322033898305084	0.9288135593220339	0.9626168224299065	0.950530035335689	0.9322493224932249	0.9357798165137615	0.7586206896551724	0.8504672897196262	1.0	0.7611940298507462	0.9230769230769231	0.9714285714285714	1.0	0.6808510638297872
dmw=6749	0.8746518105849582	0.8777448071216617	0.8423566878980892	0.9109090909090909	0.9184060721062619	0.9347079037800687	0.9314685314685315	0.9143356643356644	0.9680511182108626	0.6180257510729614	0.9009009009009009	0.821656050955414	0.9132947976878613	0.8866666666666667	0.963855421686747	0.9411764705882353	0.8059701492537313
dmw=6750	0.8807174887892377	0.8897736797988265	0.9345454545454546	0.953551912568306	0.9369369369369369	0.9241706161137441	0.9050632911392406	0.9229607250755287	0.9340974212034384	0.9351351351351351	0.9025974025974026	0.8362068965517241	0.7709090909090909	0.8757763975155279	0.967741935483871	0.9047619047619048	0.8983050847457628
dmw=6751	0.8760623229461756	0.8012738853503185	0.9043824701195219	0.9151376146788991	0.8888888888888888	0.9454545454545454	0.8611111111111112	0.8976190476190476	0.8471337579617835	0.6394557823129252	0.7107438016528925	0.9247311827956989	0.8145695364238411	0.9817073170731707	0.9523809523809523	0.9696969696969697	0.8571428571428571
dmw=6752	0.8200589970501475	0.6633986928104575	0.6413793103448275	0.8928571428571429	0.2734375	0.7032967032967034	0.47058823529411764	0.7870370370370371	0.5076923076923077	0.6052631578947368	0.5625	0.6	0.5714285714285714	0.4	0.38461538461538464	0.5652173913043478	0.8
dmw=6757	0.7681940700808625	0.7337006427915519	0.7335834896810507	0.8078078078078078	0.5022727272727273	0.5970149253731343	0.32646048109965636	0.7700348432055749	0.3008849557522124	0.675	0.5638297872340425	0.6538461538461539	0.78125	0.2972972972972973	0.5277777777777778	0.8297872340425532	0.6666666666666666
dmw=6773	0.8539626001780944	0.8372093023255814	0.8904761904761904	0.8938547486033519	0.7762803234501348	0.8277511961722488	0.7309236947791165	0.8279883381924198	0.8818181818181818	0.6982758620689655	0.8352941176470589	0.8571428571428571	0.7522123893805309	0.6506024096385542	0.8333333333333334	0.6363636363636364	0.8
dmw=6777	0.7822331893892659	0.761970853573907	0.8703170028818443	0.8938271604938272	0.8521400778210116	0.8926380368098159	0.8137651821862348	0.8571428571428571	0.7453703703703703	0.6324786324786325	0.8114754098360656	0.9375	0.8387096774193549	0.8793103448275862	0.9459459459459459	0.95	0.7073170731707317
dmw=6778	0.1	0.10530361260568794	0.18627450980392157	0.17989417989417988	0.08836524300441827	0.20220588235294118	0.08857808857808858	0.11946902654867257	0.11210762331838565	0.13333333333333333	0.13690476190476192	0.06569343065693431	0.16049382716049382	0.075	0.17567567567567569	0.23076923076923078	0.08333333333333333
dmw=6791	0.9234104046242775	0.9123006833712984	0.9375	0.9640287769784173	0.898989898989899	0.8933333333333333	0.944954128440367	0.9808612440191388	0.9135802469135802	1.0	0.9887640449438202	0.8878504672897196	0.6666666666666666	1.0	1.0	0.925	0.8043478260869565
dmw=6792	0.8738483345145287	0.8177533385703064	0.9104761904761904	0.9120234604105572	0.8185654008438819	0.9241071428571429	0.8475991649269311	0.8769230769230769	0.8271604938271605	0.90625	0.6837606837606838	0.889763779527559	0.7840909090909091	0.8032786885245902	0.8666666666666667	0.9078947368421053	0.59375
dmw=6807	0.5540540540540541	0.3711340206185567	0.3873239436619718	0.5866666666666667	0.11888111888111888	0.296875	0.2108843537414966	0.35964912280701755	0.2833333333333333	0.5555555555555556	0.38636363636363635	0.4	0.25	0.07407407407407407	0.6153846153846154	0.0	0.4666666666666667
dmw=6825	0.23172323759791122	0.19623329283110572	0.44849445324881143	0.30787589498806683	0.5042839657282742	0.5087281795511222	0.5112612612612613	0.1712707182320442	0.5050505050505051	0.3526315789473684	0.22330097087378642	0.536144578313253	0.503030303030303	0.6011904761904762	0.6538461538461539	0.6133333333333333	0.5135135135135135
dmw=6831	0.5483221476510067	0.5732430143945809	0.5913757700205339	0.5543933054393305	0.6370839936608558	0.7119341563786008	0.6842105263157895	0.5925925925925926	0.616822429906542	0.5809128630705395	0.7532467532467533	0.5394736842105263	0.6453900709219859	0.6201550387596899	0.4339622641509434	0.30303030303030304	0.6288659793814433
dmw=6876	0.8818240205523442	0.8789772727272728	0.8546099290780141	0.9501661129568106	0.896551724137931	0.9329608938547486	0.8977955911823647	0.924901185770751	0.8840579710144928	0.7757009345794392	0.8931297709923665	0.9102564102564102	0.7627118644067796	0.9104477611940298	0.9465648854961832	0.9230769230769231	0.7659574468085106
dmw=6893	0.5749235474006116	0.5595238095238095	0.5139664804469274	0.6990291262135923	0.3026315789473684	0.5277777777777778	0.27218934911242604	0.3804347826086957	0.4166666666666667	0.6949152542372882	0.4583333333333333	0.5652173913043478	0.6	0.3023255813953488	0.1111111111111111	0.5833333333333334	0.0
dmw=6898	0.3319386331938633	0.39849624060150374	0.4551971326164875	0.4778761061946903	0.16236162361623616	0.5190839694656488	0.23048327137546468	0.43661971830985913	0.24193548387096775	0.3492063492063492	0.2631578947368421	0.37254901960784315	0.5178571428571429	0.29310344827586204	0.9285714285714286	0.7894736842105263	0.5
dmw=6918	0.8867313915857605	0.8989010989010989	0.8379888268156425	0.8701298701298701	0.7046413502109705	0.8666666666666667	0.6549295774647887	0.8253968253968254	0.8301886792452831	0.7368421052631579	0.9142857142857143	0.6774193548387096	0.9375	0.7741935483870968	0.9210526315789473	0.76	0.0
dmw=6922	0.5500910746812386	0.551693404634581	0.546236559139785	0.5522875816993464	0.36153846153846153	0.4634146341463415	0.3788235294117647	0.35459183673469385	0.47368421052631576	0.5145631067961165	0.41935483870967744	0.6582278481012658	0.6126126126126126	0.27358490566037735	0.5777777777777777	0.5333333333333333	0.6440677966101694
dmw=6929	0.4610169491525424	0.2557077625570776	0.36538461538461536	0.6385542168674698	0.033707865168539325	0.29333333333333333	0.07692307692307693	0.13970588235294118	0.08333333333333333	0.14285714285714285	0.3225806451612903	0.0	0.35714285714285715	0.0	0.0	0.5	0.5294117647058824
dmw=6931	0.5591229444009397	0.5153256704980843	0.5894941634241245	0.551487414187643	0.3368421052631579	0.43804034582132567	0.3333333333333333	0.48614609571788414	0.21839080459770116	0.4928571428571429	0.32432432432432434	0.6101694915254238	0.48	0.26506024096385544	0.49019607843137253	0.5970149253731343	0.5555555555555556
dmw=6946	0.391358024691358	0.3536480686695279	0.32225063938618925	0.44025157232704404	0.25311203319502074	0.3828996282527881	0.25524475524475526	0.3562091503267974	0.2733333333333333	0.36363636363636365	0.32432432432432434	0.32432432432432434	0.3125	0.3516483516483517	0.7	0.4444444444444444	0.6
dmw=6969	0.02857142857142857	0.010964912280701754	0.24378109452736318	0.019417475728155338	0.08264462809917356	0.4782608695652174	0.04672897196261682	0.08280254777070063	0.08955223880597014	0.26	0.08823529411764706	0.20833333333333334	0.04878048780487805	0.034482758620689655	0.5	0.14285714285714285	0.375
dmw=6981	0.35629453681710216	0.31837606837606836	0.3419354838709677	0.6229508196721312	0.5874125874125874	0.5970149253731343	0.4697986577181208	0.20430107526881722	0.5306122448979592	0.5789473684210527	0.21621621621621623	0.3684210526315789	0.16666666666666666	0.7037037037037037	0.7027027027027027	0.4	0.4666666666666667
dmw=7005	0.011864406779661017	0.013404825737265416	0.0045871559633027525	0.0	0.013793103448275862	0.0	0.01020408163265306	0.0	0.16	0.0	0.0	0.0	0.12903225806451613	0.0	0.3	0.0	0.0
dmw=7037	0.7278260869565217	0.7455621301775148	0.5944584382871536	0.7168674698795181	0.8485436893203884	0.8372093023255814	0.8366197183098592	0.7633333333333333	0.7863247863247863	0.538961038961039	0.6440677966101694	0.686046511627907	0.8067226890756303	0.7874015748031497	0.9655172413793104	0.8936170212765957	0.7090909090909091
dmw=7038	0.9443207126948775	0.8954326923076923	0.9255583126550868	0.9547511312217195	0.9324675324675324	0.9565217391304348	0.9259259259259259	0.9137931034482759	0.9210526315789473	0.7045454545454546	0.84	0.8666666666666667	0.9611650485436893	0.9803921568627451	1.0	0.9787234042553191	1.0
dmw=7074	0.6020671834625323	0.5705353653771005	0.8210023866348448	0.6930091185410334	0.8083333333333333	0.8168724279835391	0.7659846547314578	0.760248447204969	0.7799227799227799	0.7125382262996942	0.5261044176706827	0.7821229050279329	0.6442953020134228	0.8359788359788359	0.815068493150685	0.8170731707317073	0.7966101694915254
dmw=7083	0.5566218809980806	0.5067669172932331	0.5202020202020202	0.6	0.4716981132075472	0.52	0.5862068965517241	0.3271889400921659	0.527027027027027	0.390625	0.3	0.5555555555555556	0.5789473684210527	0.38333333333333336	0.8421052631578947	0.5428571428571428	0.4117647058823529
dmw=7084	0.35806729939603105	0.3181076672104405	0.332541567695962	0.498567335243553	0.18407960199004975	0.33678756476683935	0.2554945054945055	0.3426791277258567	0.39759036144578314	0.3076923076923077	0.4074074074074074	0.6724137931034483	0.26136363636363635	0.26436781609195403	0.3064516129032258	0.4666666666666667	0.2545454545454545
dmw=7108	0.6197494473102432	0.5659609120521173	0.5974264705882353	0.7044854881266491	0.43795620437956206	0.6120996441281139	0.5557851239669421	0.5376712328767124	0.4647887323943662	0.6407766990291263	0.43478260869565216	0.6206896551724138	0.5909090909090909	0.4583333333333333	0.6481481481481481	0.6075949367088608	0.7441860465116279
dmw=7161	0.6490272373540856	0.6136962247585601	0.6882494004796164	0.6265432098765432	0.2940038684719536	0.39195979899497485	0.085	0.6138888888888889	0.1728395061728395	0.6632653061224489	0.504950495049505	0.6039603960396039	0.3875	0.16101694915254236	0.35714285714285715	0.6	0.5961538461538461
dmw=7172	0.5935672514619883	0.5429447852760736	0.7707317073170732	0.71875	0.774390243902439	0.925	0.8206896551724138	0.5317460317460317	0.9019607843137255	0.7	0.8076923076923077	0.8529411764705882	0.8636363636363636	0.6206896551724138	0.9090909090909091	0.8636363636363636	0.7058823529411765
dmw=7173	0.3976047904191617	0.34003281378178835	0.5220522052205221	0.47005988023952094	0.5524663677130045	0.5533199195171026	0.5136986301369864	0.47639484978540775	0.5209580838323353	0.501466275659824	0.4279475982532751	0.5132275132275133	0.48695652173913045	0.5179640718562875	0.6206896551724138	0.5357142857142857	0.5888888888888889
dmw=7182	0.8870370370370371	0.868995633187773	0.9252336448598131	0.9057971014492754	0.6830985915492958	0.8839285714285714	0.461038961038961	0.8174273858921162	0.5656565656565656	0.8688524590163934	0.8	0.926829268292683	0.7936507936507936	0.6172839506172839	0.7714285714285715	0.8333333333333334	0.7857142857142857
dmw=7223	0.7194656488549618	0.6504504504504505	0.6980306345733042	0.8129251700680272	0.4126679462571977	0.6373626373626373	0.4838709677419355	0.6774193548387096	0.4594594594594595	0.7380952380952381	0.5483870967741935	0.7096774193548387	0.6288659793814433	0.49107142857142855	0.8461538461538461	0.8571428571428571	0.0
dmw=7230	0.6650485436893204	0.6084452975047985	0.6855345911949685	0.7412587412587412	0.22285714285714286	0.391304347826087	0.36036036036036034	0.41284403669724773	0.26865671641791045	0.5357142857142857	0.42105263157894735	0.7380952380952381	0.48717948717948717	0.06060606060606061	0.2	0.6851851851851852	0.717391304347826
dmw=7234	0.7905439755973563	0.7894736842105263	0.8111801242236025	0.8150537634408602	0.628032345013477	0.7276264591439688	0.6543478260869565	0.7474747474747475	0.7944664031620553	0.7393364928909952	0.7788944723618091	0.7321428571428571	0.546875	0.6809815950920245	0.7254901960784313	0.7878787878787878	0.8152173913043478
dmw=7236	0.7094890510948905	0.6501416430594901	0.6302521008403361	0.7733333333333333	0.4861111111111111	0.6355140186915887	0.48299319727891155	0.7794871794871795	0.6	0.1875	0.78125	0.7111111111111111	0.5882352941176471	0.4	0.2857142857142857	0.7169811320754716	0.7
dmw=7251	0.004866180048661801	0.0031914893617021275	0.0113314447592068	0.0	0.0110803324099723	0.0	0.0	0.0	0.0	0.0	0.0	0.0	0.01639344262295082	0.0	0.0	0.0	0.17777777777777778
dmw=7270	0.9132290184921764	0.9083969465648855	0.9426644182124789	0.9043927648578811	0.9113712374581939	0.9149560117302052	0.9251908396946565	0.9029411764705882	0.8545454545454545	0.6944444444444444	0.8842975206611571	0.9560439560439561	0.9555555555555556	0.952	1.0	0.9868421052631579	0.8095238095238095
dmw=7271	0.9018733273862622	0.908256880733945	0.8725961538461539	0.9324675324675324	0.9244372990353698	0.8809523809523809	0.9212454212454212	0.9219600725952813	0.9166666666666666	0.7808219178082192	0.8545454545454545	0.961038961038961	0.5704225352112676	0.9357798165137615	1.0	1.0	0.8163265306122449
dmw=7286	0.30957683741648107	0.2733333333333333	0.5485436893203883	0.21818181818181817	0.42134831460674155	0.5576923076923077	0.2289156626506024	0.3333333333333333	0.14925373134328357	0.28888888888888886	0.1724137931034483	0.42424242424242425	0.25925925925925924	0.5	0.7037037037037037	0.7407407407407407	0.5555555555555556
dmw=7356	0.5464982778415615	0.6144578313253012	0.5555555555555556	0.6082949308755761	0.4329896907216495	0.7025316455696202	0.5451263537906137	0.30392156862745096	0.6357142857142857	0.5	0.36538461538461536	0.5166666666666667	0.6029411764705882	0.5	0.6956521739130435	0.6458333333333334	0.75
dmw=7361	0.010452961672473868	0.003816793893129771	0.0	0.0	0.0	0.0	0.0	0.0	0.0	0.0	0.0	0.0	0.0	0.0	0.0	0.0	0.26666666666666666
dmw=7362	0.8114406779661016	0.7893333333333333	0.8440860215053764	0.8121546961325967	0.8288770053475936	0.8168316831683168	0.8308270676691729	0.7135135135135136	0.8191489361702128	0.4897959183673469	0.7142857142857143	0.9489795918367347	0.5151515151515151	0.8	1.0	0.8043478260869565	0.9210526315789473
dmw=7364	0.5358444714459295	0.5121819166215484	0.4857142857142857	0.5737051792828686	0.4322845417236662	0.4476744186046512	0.31919642857142855	0.47904191616766467	0.47794117647058826	0.3598130841121495	0.4097560975609756	0.3798449612403101	0.38650306748466257	0.3103448275862069	0.3709677419354839	0.62	0.5
dmw=7366	0.706601466992665	0.5970149253731343	0.6488095238095238	0.8152173913043478	0.26666666666666666	0.4146341463414634	0.3076923076923077	0.66	0.2926829268292683	0.7592592592592593	0.3584905660377358	0.2564102564102564	0.34615384615384615	0.28125	0.23076923076923078	0.6842105263157895	0.9411764705882353
dmw=7367	0.5995538204127161	0.5786314525810324	0.5572065378900446	0.6239495798319328	0.4081081081081081	0.5735294117647058	0.5058548009367682	0.6033755274261603	0.5031446540880503	0.4919786096256685	0.5854922279792746	0.6797385620915033	0.42857142857142855	0.44516129032258067	0.6896551724137931	0.8048780487804879	0.7317073170731707
dmw=7368	0.07258632840028188	0.08548850574712644	0.275	0.0708215297450425	0.22425249169435216	0.4340425531914894	0.3365570599613153	0.05672268907563025	0.3018867924528302	0.3717948717948718	0.14634146341463414	0.20618556701030927	0.11458333333333333	0.34523809523809523	0.5	0.3382352941176471	0.1702127659574468
dmw=7379	0.8846153846153846	0.8416833667334669	0.9386792452830188	0.9155844155844156	0.6358695652173914	0.8611111111111112	0.6708860759493671	0.8527131782945736	0.6176470588235294	0.775	0.9090909090909091	0.803921568627451	0.8863636363636364	0.3076923076923077	0.9166666666666666	1.0	0.6923076923076923
dmw=7380	0.330173775671406	0.2964824120603015	0.21782178217821782	0.36683417085427134	0.1392857142857143	0.29133858267716534	0.1471861471861472	0.2565789473684211	0.21739130434782608	0.345679012345679	0.22807017543859648	0.35964912280701755	0.5757575757575758	0.2413793103448276	0.0	0.14285714285714285	0.46875
dmw=7386	0.1538249862410567	0.135752688172043	0.20109024833434283	0.17832957110609482	0.12571428571428572	0.23937677053824363	0.1248630887185104	0.12851782363977485	0.1270718232044199	0.2907488986784141	0.11153846153846154	0.2846153846153846	0.1482889733840304	0.08408408408408409	0.3520408163265306	0.3516483516483517	0.14814814814814814
dmw=7388	0.7204658901830283	0.6042692939244664	0.645320197044335	0.7806451612903226	0.5019157088122606	0.7565217391304347	0.4175824175824176	0.717948717948718	0.5268817204301075	0.6428571428571429	0.6875	0.775	0.6617647058823529	0.5714285714285714	0.65	1.0	0.75
dmw=7389	0.06978367062107467	0.032391048292108364	0.19140625	0.22197802197802197	0.058419243986254296	0.12734082397003746	0.07517084282460136	0.025252525252525252	0.05603448275862069	0.21296296296296297	0.02112676056338028	0.18238993710691823	0.2857142857142857	0.024793388429752067	0.47058823529411764	0.16279069767441862	0.10526315789473684
dmw=7422	0.8369512783405693	0.8058252427184466	0.8916913946587537	0.8471337579617835	0.7407878017789072	0.8405797101449275	0.36875	0.8274647887323944	0.4798387096774194	0.8511904761904762	0.8165680473372781	0.8412698412698413	0.6792452830188679	0.8814432989690721	0.9357798165137615	0.8170731707317073	0.7564102564102564
dmw=7423	0.8111597374179431	0.7756253065228053	0.8256726457399103	0.8227002967359051	0.6568836712913554	0.762987012987013	0.31122833458929916	0.7838669950738916	0.453027139874739	0.7463976945244957	0.7344827586206897	0.8313953488372093	0.7224669603524229	0.8407960199004975	0.7894736842105263	0.8529411764705882	0.7478991596638656
dmw=7424	0.2242811501597444	0.19361413043478262	0.2822966507177033	0.18157894736842106	0.048721071863580996	0.2815126050420168	0.038876889848812095	0.2326454033771107	0.07936507936507936	0.25510204081632654	0.1038961038961039	0.3520408163265306	0.16071428571428573	0.07096774193548387	0.17073170731707318	0.3392857142857143	0.16806722689075632
dmw=7448	0.5957671957671957	0.5509259259259259	0.4607594936708861	0.6428571428571429	0.3917808219178082	0.7164179104477612	0.49480968858131485	0.3786407766990291	0.6388888888888888	0.3695652173913043	0.2898550724637681	0.6190476190476191	0.38235294117647056	0.5542168674698795	0.5925925925925926	0.76	0.65
dmw=7457	0.31521739130434784	0.2179054054054054	0.40476190476190477	0.44680851063829785	0.39226519337016574	0.5714285714285714	0.4925373134328358	0.18493150684931506	0.5365853658536586	0.4626865671641791	0.03571428571428571	0.6071428571428571	0.26666666666666666	0.5151515151515151	0.0	0.35	0.5277777777777778
dmw=7458	0.7832460732984293	0.7517948717948718	0.7963636363636364	0.8931297709923665	0.754601226993865	0.8629441624365483	0.718213058419244	0.7084870848708487	0.8110236220472441	0.6363636363636364	0.7073170731707317	0.8214285714285714	0.6404494382022472	0.625	0.7368421052631579	0.8888888888888888	0.2857142857142857
dmw=7463	0.4832089552238806	0.3735144312393888	0.4175257731958763	0.5753424657534246	0.6807511737089202	0.6814159292035398	0.65625	0.3959731543624161	0.5774647887323944	0.4	0.375	0.4444444444444444	0.4666666666666667	0.6721311475409836	0.7391304347826086	0.5	0.5
dmw=7482	0.16369710467706014	0.1315240083507307	0.17366946778711484	0.2011173184357542	0.0480225988700565	0.1917808219178082	0.030726256983240222	0.10091743119266056	0.0	0.17045454545454544	0.017543859649122806	0.24761904761904763	0.09090909090909091	0.022222222222222223	0.08163265306122448	0.19047619047619047	0.11764705882352941
dmw=7496	0.6148308135349172	0.5186440677966102	0.5606060606060606	0.6075949367088608	0.46946564885496184	0.6676300578034682	0.5036674816625917	0.4853658536585366	0.4528301886792453	0.3684210526315789	0.5238095238095238	0.6666666666666666	0.5974025974025974	0.3963963963963964	0.5645161290322581	0.6097560975609756	0.6666666666666666
dmw=7503	0.656686626746507	0.425531914893617	0.6870229007633588	0.7142857142857143	0.34183673469387754	0.7106227106227107	0.49299719887955185	0.42857142857142855	0.5096153846153846	0.546875	0.4935064935064935	0.43103448275862066	0.6153846153846154	0.3431372549019608	0.7333333333333333	0.6222222222222222	0.9206349206349206
dmw=7504	0.6289893617021277	0.5742320819112628	0.559016393442623	0.6619718309859155	0.46760070052539404	0.6813186813186813	0.5117493472584856	0.5331325301204819	0.6056338028169014	0.6363636363636364	0.5267857142857143	0.5555555555555556	0.7126436781609196	0.5774647887323944	0.7368421052631579	0.55	0.6458333333333334
dmw=7507	0.5987124463519313	0.5827538247566064	0.5	0.6058823529411764	0.43731778425655976	0.6971153846153846	0.4377880184331797	0.5193548387096775	0.33076923076923076	0.5444444444444444	0.4	0.6545454545454545	0.5272727272727272	0.5544554455445545	0.6730769230769231	0.6851851851851852	0.7333333333333333
dmw=7508	0.9005305039787799	0.8593103448275862	0.8856589147286822	0.9366715758468336	0.8979238754325259	0.9380165289256198	0.8980815347721822	0.9066339066339066	0.8962962962962963	0.7056451612903226	0.8571428571428571	0.9207920792079208	0.7692307692307693	0.945054945054945	0.9144736842105263	0.9361702127659575	0.631578947368421
dmw=7517	0.37735849056603776	0.2448377581120944	0.688034188034188	0.5390070921985816	0.8581081081081081	0.954954954954955	0.8504273504273504	0.3427230046948357	0.8725490196078431	0.7619047619047619	0.4	0.8648648648648649	0.46153846153846156	0.9322033898305084	0.96875	0.9285714285714286	0.7241379310344828
dmw=7524	0.867175572519084	0.8902255639097745	0.828996282527881	0.9024390243902439	0.8349056603773585	0.8922155688622755	0.8294117647058824	0.8761467889908257	0.8875	0.36764705882352944	0.9090909090909091	0.8125	0.9259259259259259	0.7575757575757576	0.9	0.9629629629629629	0.8275862068965517
dmw=7558	0.20164609053497942	0.32710280373831774	0.6857142857142857	0.45555555555555555	0.7058823529411765	0.7142857142857143	0.7303370786516854	0.37209302325581395	0.8095238095238095	0.7037037037037037	0.4666666666666667	0.7115384615384616	0.25	0.7692307692307693	0.875	1.0	0.5
dmw=7566	0.8598014888337469	0.7795031055900621	0.7634660421545667	0.907608695652174	0.6475849731663685	0.881159420289855	0.74609375	0.7950617283950617	0.7321428571428571	0.7022900763358778	0.8814814814814815	0.8351648351648352	0.9065420560747663	0.631578947368421	0.8382352941176471	0.8255813953488372	0.7748344370860927
dmw=7629	0.2401263823064771	0.21044546850998463	0.36554621848739494	0.45	0.6557971014492754	0.5555555555555556	0.6374269005847953	0.19289340101522842	0.52	0.5166666666666667	0.29508196721311475	0.6176470588235294	0.24489795918367346	0.6530612244897959	0.46875	0.5625	0.45454545454545453
dmw=7630	0.8530774321641297	0.8727941176470588	0.926923076923077	0.9314079422382672	0.891156462585034	0.9288135593220339	0.9026845637583892	0.8878842676311031	0.95	0.6777777777777778	0.8482142857142857	0.8673469387755102	0.793939393939394	0.9730941704035875	0.8913043478260869	0.9560439560439561	0.7352941176470589
dmw=7660	0.38127090301003347	0.3896576839038602	0.5227272727272727	0.39669421487603307	0.6357012750455373	0.7058823529411765	0.6515151515151515	0.17297297297297298	0.7021276595744681	0.5421686746987951	0.304635761589404	0.5954198473282443	0.39215686274509803	0.7107438016528925	0.6875	0.717391304347826	0.4657534246575342
dmw=7669	0.7373949579831933	0.7160493827160493	0.7050898203592815	0.8269581056466302	0.7054455445544554	0.7399103139013453	0.7052980132450332	0.762063227953411	0.6542056074766355	0.697986577181208	0.7062146892655368	0.7759562841530054	0.5223214285714286	0.6505376344086021	0.6907216494845361	0.6	0.7540983606557377
dmw=7721	0.42131024096385544	0.41164972634870994	0.392	0.5038051750380518	0.13333333333333333	0.4004329004329004	0.07920792079207921	0.13603473227206947	0.1345565749235474	0.4425087108013937	0.22705314009661837	0.4472049689440994	0.3225806451612903	0.11764705882352941	0.25842696629213485	0.46153846153846156	0.31343283582089554
dmw=7722	0.6930184804928131	0.669392523364486	0.6776119402985075	0.7129629629629629	0.4402035623409669	0.6008064516129032	0.4755244755244755	0.5589225589225589	0.4883720930232558	0.5921052631578947	0.6470588235294118	0.6976744186046512	0.5945945945945946	0.3025210084033613	0.7	0.6888888888888889	0.5862068965517241
dmw=7754	0.5806451612903226	0.5172932330827068	0.5273775216138329	0.7098445595854922	0.21708185053380782	0.40458015267175573	0.1875	0.41735537190082644	0.3291139240506329	0.546875	0.2682926829268293	0.5208333333333334	0.42857142857142855	0.11267605633802817	0.34615384615384615	0.6666666666666666	0.48
dmw=7761	0.32781667727562064	0.20393120393120392	0.38353765323992994	0.38622754491017963	0.3246527777777778	0.4672897196261682	0.35514018691588783	0.22727272727272727	0.3333333333333333	0.4214876033057851	0.19753086419753085	0.4330708661417323	0.4105263157894737	0.37606837606837606	0.5333333333333333	0.4166666666666667	0.37254901960784315
dmw=7770	0.3513824884792627	0.5149253731343284	0.4892086330935252	0.36860068259385664	0.46511627906976744	0.7346938775510204	0.653250773993808	0.37344398340248963	0.5813953488372093	0.6638655462184874	0.5212765957446809	0.6951219512195121	0.5	0.5252525252525253	0.75	0.717948717948718	0.6938775510204082
dmw=7800	0.9201388888888888	0.8765957446808511	0.8703703703703703	0.8571428571428571	0.8771929824561403	1.0	0.9098360655737705	0.9158878504672897	0.8333333333333334	0.5833333333333334	0.7777777777777778	0.6666666666666666	0.5076923076923077	0.9782608695652174	0.8611111111111112	0.0	0.45454545454545453
dmw=7805	0.5692963752665245	0.6061643835616438	0.5402843601895735	0.6033057851239669	0.4329004329004329	0.5126050420168067	0.37362637362637363	0.3973509933774834	0.43333333333333335	0.6153846153846154	0.5070422535211268	0.34615384615384615	0.2	0.05405405405405406	0.4838709677419355	0.7142857142857143	0.23076923076923078
dmw=7807	0.627471383975026	0.6241860465116279	0.6988505747126437	0.6991869918699187	0.5313351498637602	0.7512437810945274	0.633423180592992	0.6347305389221557	0.5540540540540541	0.676923076923077	0.6701030927835051	0.6534653465346535	0.6551724137931034	0.19	0.6388888888888888	0.7321428571428571	0.5918367346938775
dmw=7813	0.5009953550099535	0.46092184368737477	0.5065502183406113	0.47904191616766467	0.1615720524017467	0.4434782608695652	0.16129032258064516	0.41365461847389556	0.2676767676767677	0.44366197183098594	0.40816326530612246	0.5436893203883495	0.45901639344262296	0.08620689655172414	0.4714285714285714	0.5714285714285714	0.4878048780487805
dmw=7842	0.31938125568698816	0.21658615136876005	0.20145631067961164	0.4463768115942029	0.11565836298932385	0.241635687732342	0.09090909090909091	0.21179624664879357	0.06735751295336788	0.3157894736842105	0.2553191489361702	0.2807017543859649	0.35135135135135137	0.05102040816326531	0.19736842105263158	0.6363636363636364	0.3559322033898305
dmw=7843	0.8293736501079914	0.6458852867830424	0.6052631578947368	0.7300613496932515	0.3622448979591837	0.6311475409836066	0.6410256410256411	0.6510067114093959	0.6862745098039216	0.5555555555555556	0.4230769230769231	0.52	0.6578947368421053	0.41379310344827586	0.6956521739130435	0.7692307692307693	0.7391304347826086
dmw=7854	0.24025036109773712	0.22247918593894542	0.25280898876404495	0.26475849731663686	0.018458197611292075	0.12244897959183673	0.014469453376205787	0.2146814404432133	0.054313099041533544	0.15841584158415842	0.2	0.26490066225165565	0.205607476635514	0.0	0.0	0.15178571428571427	0.15671641791044777
dmw=7883	0.9135071090047393	0.8902439024390244	0.9479166666666666	0.9234234234234234	0.8908554572271387	0.9444444444444444	0.9178885630498533	0.9274193548387096	0.95	0.746268656716418	0.92	0.9375	0.647887323943662	0.8571428571428571	0.8717948717948718	1.0	0.7391304347826086
dmw=7900	0.0020491803278688526	0.0	0.0	0.023255813953488372	0.005025125628140704	0.0	0.006211180124223602	0.0	0.07142857142857142	0.0	0.0	0.04878048780487805	0.0	0.0	0.0	0.0	0.16666666666666666
dmw=7904	0.41295546558704455	0.3894878706199461	0.5014925373134328	0.6573426573426573	0.4114285714285714	0.7692307692307693	0.45021645021645024	0.3201754385964912	0.47474747474747475	0.6933333333333334	0.38271604938271603	0.5689655172413793	0.4126984126984127	0.54	0.8653846153846154	0.8857142857142857	0.5769230769230769
dmw=7913	0.7821265492498369	0.7226277372262774	0.8664383561643836	0.8757961783439491	0.6708860759493671	0.809375	0.7203791469194313	0.6704288939051919	0.7582417582417582	0.74	0.7635135135135135	0.8192771084337349	0.6896551724137931	0.6853932584269663	0.8292682926829268	1.0	0.6727272727272727
dmw=7922	0.8401206636500754	0.8126684636118598	0.6210045662100456	0.8615384615384616	0.6307692307692307	0.8472222222222222	0.7277777777777777	0.8571428571428571	0.5348837209302325	0.8571428571428571	0.6825396825396826	0.7857142857142857	0.6595744680851063	0.5428571428571428	0.5925925925925926	0.8076923076923077	0.8695652173913043
dmw=7937	0.48556430446194226	0.42735042735042733	0.5158730158730159	0.5739130434782609	0.4573643410852713	0.49382716049382713	0.36764705882352944	0.4731182795698925	0.4918032786885246	0.4090909090909091	0.6285714285714286	0.46153846153846156	0.5555555555555556	0.08823529411764706	0.5	0.35714285714285715	0.45454545454545453
dmw=7951	0.6527777777777778	0.6557377049180327	0.6497175141242938	0.7340823970037453	0.5507900677200903	0.5914634146341463	0.2653846153846154	0.4845360824742268	0.29936305732484075	0.6785714285714286	0.6296296296296297	0.6282051282051282	0.696078431372549	0.6239316239316239	0.7619047619047619	0.8230088495575221	0.6944444444444444
dmw=7952	0.5940298507462687	0.5999013320177602	0.7078239608801956	0.6797101449275362	0.23031026252983294	0.6484210526315789	0.2922077922077922	0.41186161449752884	0.40930232558139534	0.6802721088435374	0.6026200873362445	0.7913385826771654	0.45595854922279794	0.2889908256880734	0.6153846153846154	0.65	0.6942148760330579
dmw=7973	0.14215686274509803	0.19429347826086957	0.3365695792880259	0.20202020202020202	0.1903485254691689	0.2892561983471074	0.11255411255411256	0.2579505300353357	0.10256410256410256	0.27631578947368424	0.3924050632911392	0.3037974683544304	0.27956989247311825	0.16901408450704225	0.34615384615384615	0.32	0.5862068965517241
dmw=7987	0.7285714285714285	0.7371794871794872	0.7661870503597122	0.8195121951219512	0.52	0.7784431137724551	0.3689655172413793	0.679144385026738	0.4842105263157895	0.6376811594202898	0.6973684210526315	0.8541666666666666	0.84375	0.37333333333333335	0.7142857142857143	0.7954545454545454	0.5
dmw=8112	0.11096433289299867	0.08628841607565012	0.32340425531914896	0.16326530612244897	0.0060790273556231	0.16129032258064516	0.010101010101010102	0.26011560693641617	0.01	0.24528301886792453	0.053763440860215055	0.14516129032258066	0.1320754716981132	0.012658227848101266	0.0	0.1935483870967742	0.4090909090909091
dmw=8144	0.05904059040590406	0.08421052631578947	0.3815789473684211	0.16666666666666666	0.41379310344827586	0.45	0.4875	0.18681318681318682	0.5116279069767442	0.45454545454545453	0.29411764705882354	0.5	0.23529411764705882	0.375	0.7	0.6153846153846154	0.6
dmw=8156	0.22878228782287824	0.1986062717770035	0.36486486486486486	0.36231884057971014	0.44144144144144143	0.7924528301886793	0.5540540540540541	0.08433734939759036	0.75	0.3125	0.20588235294117646	0.37142857142857144	0.35	0.3333333333333333	0.7777777777777778	0.6666666666666666	0.6428571428571429
dmw=8189	0.6940397350993377	0.6464516129032258	0.7074010327022375	0.816933638443936	0.4795244385733157	0.7206477732793523	0.5509708737864077	0.6219931271477663	0.6381909547738693	0.5384615384615384	0.7352941176470589	0.6049382716049383	0.6979166666666666	0.43037974683544306	0.6031746031746031	0.5423728813559322	0.8108108108108109
dmw=8192	0.6005105296745373	0.6014319809069213	0.6449060336300693	0.6246913580246913	0.30795551753635586	0.5314401622718052	0.3193863319386332	0.4832298136645963	0.3942307692307692	0.5915915915915916	0.5085714285714286	0.6623931623931624	0.56	0.16666666666666666	0.6141732283464567	0.5588235294117647	0.5909090909090909
dmw=8193	0.733983286908078	0.7357594936708861	0.7741496598639456	0.7648401826484018	0.29253365973072215	0.5428571428571428	0.30939226519337015	0.7078039927404719	0.44554455445544555	0.6090909090909091	0.5721649484536082	0.6884057971014492	0.636986301369863	0.14516129032258066	0.5	0.7727272727272727	0.6451612903225806
dmw=8194	0.4302125215393452	0.32946918852959123	0.40245398773006136	0.4789915966386555	0.293854748603352	0.4792243767313019	0.30724070450097846	0.2886178861788618	0.375	0.4107142857142857	0.3055555555555556	0.47368421052631576	0.3609467455621302	0.33125	0.5096153846153846	0.5263157894736842	0.3373493975903614
dmw=8230	0.42357274401473294	0.4146825396825397	0.5173913043478261	0.5	0.6977611940298507	0.75	0.7	0.5333333333333333	0.7058823529411765	0.3023255813953488	0.6521739130434783	0.4642857142857143	0.3541666666666667	0.8653846153846154	0.7142857142857143	0.896551724137931	0.6
dmw=8231	0.0	0.005076142131979695	0.00980392156862745	0.0	0.0072992700729927005	0.0	0.0	0.0	0.0	0.0	0.0	0.11428571428571428	0.0	0.0	0.18181818181818182	0.0	0.0
dmw=8251	0.06569965870307168	0.0898598516075845	0.08396946564885496	0.072	0.010869565217391304	0.22033898305084745	0.026936026936026935	0.19822485207100593	0.03731343283582089	0.05263157894736842	0.07534246575342465	0.03488372093023256	0.13513513513513514	0.2037037037037037	0.21951219512195122	0.07142857142857142	0.17647058823529413
dmw=8271	0.9155206286836935	0.9158097686375322	0.8840782122905028	0.9760479041916168	0.9382566585956417	0.912	0.8912213740458015	0.9090909090909091	0.9152542372881356	0.7154471544715447	0.8	0.8363636363636363	0.6857142857142857	0.9702970297029703	0.9605263157894737	0.9736842105263158	0.7285714285714285
dmw=8272	0.9425770308123249	0.9073170731707317	0.8827160493827161	0.92	0.9324324324324325	0.9876543209876543	0.9354838709677419	0.8735632183908046	0.9333333333333333	0.8227848101265823	0.9866666666666667	0.6122448979591837	0.8301886792452831	0.9767441860465116	0.9833333333333333	1.0	0.6923076923076923
dmw=8292	0.08196721311475409	0.040117994100294985	0.2769607843137255	0.17671517671517672	0.21419518377693283	0.38444924406047515	0.39158163265306123	0.07074569789674952	0.2727272727272727	0.22950819672131148	0.05844155844155844	0.32065217391304346	0.03529411764705882	0.16149068322981366	0.40869565217391307	0.38636363636363635	0.25
dmw=8333	0.7301173402868318	0.6946386946386947	0.7911227154046997	0.7215189873417721	0.31851851851851853	0.7340425531914894	0.12440191387559808	0.6743119266055045	0.23958333333333334	0.8292682926829268	0.6056338028169014	0.6470588235294118	0.75	0.7340425531914894	0.6666666666666666	0.71875	0.7096774193548387
dmw=8334	0.5816425120772947	0.5467059980334317	0.5949720670391061	0.6413793103448275	0.2572178477690289	0.4880952380952381	0.08253968253968254	0.5433333333333333	0.2222222222222222	0.4880952380952381	0.631578947368421	0.6901408450704225	0.48484848484848486	0.5428571428571428	0.44	0.4	0.4230769230769231
dmw=8340	0.10852713178294573	0.15008726003490402	0.31784841075794623	0.13425925925925927	0.34150943396226413	0.3210702341137124	0.3215258855585831	0.16791979949874686	0.45864661654135336	0.3381294964028777	0.15492957746478872	0.44047619047619047	0.375	0.3761467889908257	0.45454545454545453	0.2653061224489796	0.32075471698113206
dmw=8377	0.20246478873239437	0.11581422692533803	0.1619190404797601	0.1360381861575179	0.10445468509984639	0.2156398104265403	0.08064516129032258	0.07073170731707316	0.09045226130653267	0.1095890410958904	0.22018348623853212	0.088	0.3448275862068966	0.16	0.0196078431372549	0.2727272727272727	0.05555555555555555
dmw=8413	0.8741478762454117	0.8731019522776573	0.8920454545454546	0.8742138364779874	0.6874236874236874	0.7888040712468194	0.7078313253012049	0.7728813559322034	0.7381974248927039	0.7884615384615384	0.8125	0.8855421686746988	0.8131868131868132	0.7320261437908496	0.7948717948717948	0.9166666666666666	0.8387096774193549
dmw=8420	0.06324110671936758	0.06365159128978225	0.6237113402061856	0.13513513513513514	0.014084507042253521	0.30666666666666664	0.0049504950495049506	0.3697916666666667	0.0	0.5185185185185185	0.04411764705882353	0.4878048780487805	0.26666666666666666	0.02702702702702703	0.017543859649122806	0.5	0.6
dmw=8421	0.18203592814371258	0.13927227101631118	0.5092592592592593	0.5041322314049587	0.11202185792349727	0.7110091743119266	0.26022304832713755	0.4111111111111111	0.1518987341772152	0.40816326530612246	0.2777777777777778	0.6065573770491803	0.3644859813084112	0.449438202247191	0.6410256410256411	0.9393939393939394	0.6666666666666666
dmw=8439	0.015748031496062992	0.002352941176470588	0.0	0.007936507936507936	0.018518518518518517	0.020202020202020204	0.016260162601626018	0.0	0.022727272727272728	0.0	0.04878048780487805	0.03333333333333333	0.0	0.0	0.26666666666666666	0.0	0.0
dmw=8475	0.6551470588235294	0.5271002710027101	0.779896013864818	0.7717391304347826	0.789261744966443	0.8734177215189873	0.6789587852494577	0.5829145728643216	0.8014705882352942	0.6845637583892618	0.5520833333333334	0.863013698630137	0.8181818181818182	0.8394160583941606	0.9361702127659575	0.9636363636363636	0.6153846153846154
dmw=8503	0.7423398328690808	0.7160389335590351	0.7031578947368421	0.7247706422018348	0.6343457943925234	0.6200527704485488	0.6530014641288433	0.6258148631029987	0.6747404844290658	0.6428571428571429	0.6165413533834586	0.6493506493506493	0.6461538461538462	0.4451219512195122	0.6542056074766355	0.7264957264957265	0.7653061224489796
dmw=8504	0.5169430425378515	0.5058823529411764	0.4752252252252252	0.5518518518518518	0.4633699633699634	0.4678111587982833	0.23952095808383234	0.3515850144092219	0.1927710843373494	0.4367816091954023	0.3855421686746988	0.4528301886792453	0.48598130841121495	0.32608695652173914	0.671875	0.5	0.5087719298245614
dmw=8505	0.526517571884984	0.5614617940199336	0.3923076923076923	0.5264550264550265	0.40034965034965037	0.5270758122743683	0.4693333333333333	0.2215568862275449	0.4722222222222222	0.43859649122807015	0.5166666666666667	0.5555555555555556	0.6	0.362962962962963	0.6527777777777778	0.6949152542372882	0.35714285714285715
dmw=8507	0.6483893077450309	0.6883852691218131	0.64030131826742	0.7058823529411765	0.5083612040133779	0.6160714285714286	0.43524416135881105	0.6482412060301508	0.5733333333333334	0.6797385620915033	0.6296296296296297	0.628099173553719	0.7530864197530864	0.5813953488372093	0.46	0.5545454545454546	0.5483870967741935
dmw=8515	0.5998062015503876	0.602996254681648	0.616822429906542	0.6259842519685039	0.603448275862069	0.640625	0.6706586826347305	0.3498542274052478	0.768595041322314	0.6166666666666667	0.543859649122807	0.7142857142857143	0.5531914893617021	0.5915492957746479	0.7254901960784313	0.8181818181818182	0.782608695652174
dmw=8516	0.662751677852349	0.6577540106951871	0.7555555555555555	0.5827814569536424	0.23809523809523808	0.49137931034482757	0.2545454545454545	0.3372093023255814	0.34782608695652173	0.6122448979591837	0.40384615384615385	0.7105263157894737	0.5660377358490566	0.2553191489361702	0.5263157894736842	0.6086956521739131	0.6
dmw=8546	0.009971509971509971	0.0070126227208976155	0.0	0.0	0.0056657223796034	0.01834862385321101	0.0045662100456621	0.009523809523809525	0.0	0.0	0.0	0.0	0.0	0.025	0.3181818181818182	0.0	0.0
dmw=8552	0.553314121037464	0.5228785357737105	0.5221932114882507	0.5157342657342657	0.3025291828793774	0.5774278215223098	0.15384615384615385	0.46740331491712706	0.29259259259259257	0.5129032258064516	0.43555555555555553	0.580952380952381	0.580952380952381	0.2789115646258503	0.65625	0.5221238938053098	0.7
dmw=8556	0.43576080521018357	0.41539528432732314	0.43167701863354035	0.48117839607201307	0.3226256983240223	0.46449704142011833	0.30377358490566037	0.36303630363036304	0.4230769230769231	0.41216216216216217	0.3626373626373626	0.39106145251396646	0.49640287769784175	0.36548223350253806	0.4482758620689655	0.45454545454545453	0.4861111111111111
dmw=8557	0.6902788244159759	0.6622998544395924	0.675531914893617	0.7951388888888888	0.4642233856893543	0.6424242424242425	0.47651006711409394	0.7013574660633484	0.5238095238095238	0.48412698412698413	0.8412698412698413	0.7021276595744681	0.6103896103896104	0.5973154362416108	0.9545454545454546	0.8314606741573034	0.9152542372881356
dmw=8566	0.691875	0.670963781461019	0.5514809590973202	0.7790055248618785	0.6621803499327052	0.751004016064257	0.6358267716535433	0.6988505747126437	0.7116564417177914	0.48058252427184467	0.624	0.5113636363636364	0.7461538461538462	0.6062992125984252	0.6666666666666666	0.7792207792207793	0.6164383561643836
dmw=8579	0.7771084337349398	0.7132459970887919	0.6655518394648829	0.8275862068965517	0.5534246575342465	0.8222222222222222	0.6049382716049383	0.6836734693877551	0.6578947368421053	0.7790697674418605	0.6666666666666666	0.8356164383561644	0.8	0.6363636363636364	0.72	0.7027027027027027	0.6296296296296297
dmw=8595	0.008784773060029283	0.010355029585798817	0.011560693641618497	0.017241379310344827	0.0	0.0	0.0	0.006493506493506494	0.04938271604938271	0.03389830508474576	0.018867924528301886	0.0	0.020833333333333332	0.0	0.06818181818181818	0.0	0.3333333333333333
dmw=8678	0.025193798449612403	0.005366726296958855	0.03225806451612903	0.08333333333333333	0.0033783783783783786	0.16666666666666666	0.0	0.0	0.0	0.017543859649122806	0.0	0.018518518518518517	0.0	0.0	0.0	0.21428571428571427	0.08333333333333333
dmw=8692	0.3740701381509033	0.31105047748976805	0.5095785440613027	0.35648148148148145	0.2440677966101695	0.4695121951219512	0.31365313653136534	0.20708446866485014	0.23157894736842105	0.4899328859060403	0.23728813559322035	0.5303030303030303	0.38461538461538464	0.2833333333333333	0.4473684210526316	0.5714285714285714	0.5555555555555556
dmw=8706	0.16685714285714287	0.11609907120743033	0.19576719576719576	0.18620689655172415	0.2598870056497175	0.3132530120481928	0.22426470588235295	0.17314487632508835	0.248	0.15789473684210525	0.14285714285714285	0.23809523809523808	0.12244897959183673	0.3373493975903614	0.1346153846153846	0.3333333333333333	0.2916666666666667
dmw=8709	0.6125	0.6143344709897611	0.5602294455066922	0.6706948640483383	0.4463276836158192	0.5897435897435898	0.3368146214099217	0.6095238095238096	0.3767123287671233	0.6147540983606558	0.43103448275862066	0.5609756097560976	0.6753246753246753	0.19827586206896552	0.56	0.49019607843137253	0.5
dmw=8710	0.5994134897360703	0.5973502304147466	0.6131578947368421	0.6768916155419223	0.41307371349095967	0.6437659033078881	0.3549618320610687	0.6040268456375839	0.43434343434343436	0.5333333333333333	0.47474747474747475	0.6139240506329114	0.6423841059602649	0.32867132867132864	0.6065573770491803	0.6153846153846154	0.6166666666666667
dmw=8713	0.3679144385026738	0.35102925243770317	0.6331658291457286	0.3793103448275862	0.7336814621409922	0.8356164383561644	0.7326388888888888	0.27586206896551724	0.7777777777777778	0.6666666666666666	0.6833333333333333	0.7717391304347826	0.358974358974359	0.8070175438596491	1.0	0.9523809523809523	0.5652173913043478
dmw=8721	0.3375	0.3455571227080395	0.6933797909407665	0.5102040816326531	0.6857142857142857	0.6785714285714286	0.6600790513833992	0.38589211618257263	0.6947368421052632	0.5454545454545454	0.4788732394366197	0.7804878048780488	0.4482758620689655	0.7551020408163265	0.875	0.5238095238095238	0.4482758620689655
dmw=8773	0.8619631901840491	0.8510998307952623	0.8628318584070797	0.8048780487804879	0.7713178294573644	0.9133333333333333	0.6431718061674009	0.8922155688622755	0.8	0.6129032258064516	0.8235294117647058	0.7547169811320755	0.868421052631579	0.7704918032786885	0.9354838709677419	0.9583333333333334	0.53125
dmw=8809	0.2775800711743772	0.24342105263157895	0.48031496062992124	0.2916666666666667	0.5151515151515151	0.8571428571428571	0.5656565656565656	0.4838709677419355	0.7083333333333334	0.7021276595744681	0.2	1.0	0.21739130434782608	0.6153846153846154	1.0	0.8461538461538461	0.5625
dmw=8812	0.7666666666666667	0.7043478260869566	0.7283950617283951	0.8163265306122449	0.7018633540372671	0.7674418604651163	0.7454545454545455	0.49372384937238495	0.6964285714285714	0.6222222222222222	0.5454545454545454	0.8181818181818182	0.9047619047619048	0.5849056603773585	0.9473684210526315	0.8846153846153846	0.6071428571428571
dmw=8888	0.7763157894736842	0.6723438767234388	0.7726315789473684	0.8385269121813032	0.6303901437371663	0.8220858895705522	0.6625615763546798	0.6934673366834171	0.8235294117647058	0.6896551724137931	0.7	0.7641509433962265	0.768	0.7403846153846154	0.6857142857142857	0.7948717948717948	0.8205128205128205
dmw=8889	0.7878787878787878	0.7328881469115192	0.7523148148148148	0.8006993006993007	0.5613496932515337	0.7532467532467533	0.5029239766081871	0.739247311827957	0.5886075949367089	0.5252918287937743	0.55	0.7528089887640449	0.6964285714285714	0.512396694214876	0.8947368421052632	0.8095238095238095	0.6206896551724138
dmw=8899	0.45627062706270627	0.26813880126182965	0.5495049504950495	0.6066350710900474	0.3439024390243902	0.5226130653266332	0.31678486997635935	0.24920127795527156	0.15625	0.6	0.421875	0.603448275862069	0.6222222222222222	0.22033898305084745	0.84375	0.5866666666666667	0.6428571428571429
dmw=8923	0.13471502590673576	0.10784313725490197	0.12060301507537688	0.20930232558139536	0.02564102564102564	0.17391304347826086	0.05	0.016853932584269662	0.1044776119402985	0.10526315789473684	0.13114754098360656	0.09302325581395349	0.021739130434782608	0.10526315789473684	0.0	0.3333333333333333	0.4
dmw=8925	0.555846422338569	0.40812557710064634	0.583547557840617	0.5376344086021505	0.2830957230142566	0.5777777777777777	0.2953020134228188	0.30275229357798167	0.5418994413407822	0.6310679611650486	0.13513513513513514	0.5972222222222222	0.5	0.5256410256410257	0.7857142857142857	0.6730769230769231	0.07692307692307693
dmw=8931	0.5342592592592592	0.48364485981308414	0.5510835913312694	0.39574468085106385	0.3469387755102041	0.42696629213483145	0.32941176470588235	0.49201277955271566	0.3883495145631068	0.3516483516483517	0.3181818181818182	0.6293103448275862	0.6	0.4666666666666667	0.2777777777777778	0.3902439024390244	0.5862068965517241
dmw=8933	0.4451219512195122	0.43233357717629844	0.5339805825242718	0.48739495798319327	0.3158756137479542	0.4215686274509804	0.3	0.27631578947368424	0.3697478991596639	0.41975308641975306	0.4260869565217391	0.49514563106796117	0.3088235294117647	0.265625	0.5833333333333334	0.6363636363636364	0.37254901960784315
dmw=8944	0.05417607223476298	0.031286210892236384	0.061170212765957445	0.04296875	0.0029069767441860465	0.062146892655367235	0.0031545741324921135	0.09821428571428571	0.023622047244094488	0.02857142857142857	0.03333333333333333	0.04411764705882353	0.0	0.08196721311475409	0.02702702702702703	0.1956521739130435	0.13953488372093023
dmw=8950	0.16010498687664043	0.1066350710900474	0.14107883817427386	0.13777777777777778	0.028089887640449437	0.3853658536585366	0.007434944237918215	0.19111111111111112	0.05405405405405406	0.125	0.07894736842105263	0.12048192771084337	0.05263157894736842	0.046153846153846156	0.0425531914893617	0.061224489795918366	0.20689655172413793
dmw=9000	0.12392638036809817	0.10259917920656635	0.24172185430463577	0.1893939393939394	0.018404907975460124	0.15254237288135594	0.03089887640449438	0.10714285714285714	0.0	0.208955223880597	0.1	0.16666666666666666	0.047619047619047616	0.0	0.10204081632653061	0.3469387755102041	0.3157894736842105
dmw=9001	0.010119595216191352	0.015819209039548022	0.10714285714285714	0.00949367088607595	0.0038461538461538464	0.041666666666666664	0.005494505494505495	0.009900990099009901	0.006578947368421052	0.08080808080808081	0.012658227848101266	0.11650485436893204	0.0273972602739726	0.0	0.0	0.21666666666666667	0.1111111111111111
dmw=9028	0.915129151291513	0.9187817258883249	0.8726708074534162	0.9148936170212766	0.9107692307692308	0.9186991869918699	0.89568345323741	0.9376344086021505	0.9344262295081968	0.5849056603773585	0.8802816901408451	0.8785046728971962	0.7555555555555555	0.9351851851851852	0.9518072289156626	0.9272727272727272	0.5
dmw=9052	0.06312292358803986	0.04597701149425287	0.21076233183856502	0.12350597609561753	0.07256235827664399	0.21641791044776118	0.019083969465648856	0.0375	0.0743801652892562	0.2777777777777778	0.08571428571428572	0.42	0.057971014492753624	0.07368421052631578	0.13636363636363635	0.40540540540540543	0.1875
dmw=9053	0.47249190938511326	0.46129374337221635	0.5225225225225225	0.5318352059925093	0.2786259541984733	0.524904214559387	0.14054054054054055	0.479020979020979	0.12962962962962962	0.4351851851851852	0.38461538461538464	0.5094339622641509	0.5535714285714286	0.3798449612403101	0.56	0.36363636363636365	0.5
dmw=9058	0.29035012809564475	0.20887096774193548	0.25	0.2653061224489796	0.21922428330522767	0.29333333333333333	0.21084337349397592	0.13043478260869565	0.2857142857142857	0.2972972972972973	0.14423076923076922	0.2845528455284553	0.29523809523809524	0.1592920353982301	0.2608695652173913	0.391304347826087	0.2765957446808511
dmw=9071	0.8805555555555555	0.8711340206185567	0.8703703703703703	0.8556701030927835	0.7295081967213115	0.8471074380165289	0.6708333333333333	0.8712121212121212	0.7875	0.7606837606837606	0.9166666666666666	0.8367346938775511	0.7804878048780488	0.93	0.9743589743589743	1.0	0.8378378378378378
dmw=9076	0.6267281105990783	0.6858974358974359	0.8303341902313625	0.6394557823129252	0.8814968814968815	0.8699551569506726	0.7474226804123711	0.7375690607734806	0.8307692307692308	0.8469387755102041	0.5094339622641509	0.8857142857142857	0.6964285714285714	0.9212598425196851	0.9333333333333333	0.8571428571428571	1.0
dmw=9102	0.8403263403263403	0.8068027210884354	0.8060836501901141	0.9070631970260223	0.5384615384615384	0.7851239669421488	0.66796875	0.7936507936507936	0.6737588652482269	0.7236842105263158	0.5952380952380952	0.8727272727272727	0.8333333333333334	0.47368421052631576	0.8620689655172413	1.0	0.9047619047619048
dmw=9109	0.0031821797931583136	0.003278688524590164	0.00211864406779661	0.0038910505836575876	0.008683068017366137	0.004166666666666667	0.00234192037470726	0.004866180048661801	0.009523809523809525	0.0	0.01948051948051948	0.0	0.0	0.0	0.01639344262295082	0.0	0.2692307692307692
dmw=9122	0.14080717488789238	0.0877005347593583	0.2606741573033708	0.1794871794871795	0.037142857142857144	0.29906542056074764	0.10112359550561797	0.10212765957446808	0.09574468085106383	0.29245283018867924	0.061224489795918366	0.43243243243243246	0.1839080459770115	0.06493506493506493	0.125	0.36363636363636365	0.45454545454545453
dmw=9141	0.32357043235704325	0.3635334088335221	0.574750830564784	0.5625	0.43455497382198954	0.6367924528301887	0.4703703703703704	0.5351351351351351	0.2826086956521739	0.3787878787878788	0.34408602150537637	0.5441176470588235	0.45348837209302323	0.47619047619047616	0.5294117647058824	0.5866666666666667	0.18604651162790697
dmw=9143	0.4472049689440994	0.464339908952959	0.4059040590405904	0.3885350318471338	0.4721030042918455	0.5670103092783505	0.4205128205128205	0.37267080745341613	0.45098039215686275	0.20588235294117646	0.46511627906976744	0.5918367346938775	0.3333333333333333	0.49230769230769234	0.5	0.34782608695652173	0.38461538461538464
dmw=9183	0.7735697018533441	0.7828947368421053	0.7741935483870968	0.7531645569620253	0.26225769669327254	0.5992141453831041	0.25837988826815644	0.7506082725060828	0.2945945945945946	0.7105263157894737	0.7012448132780082	0.8275862068965517	0.6062176165803109	0.6991525423728814	0.788235294117647	0.8	0.7974683544303798
dmw=9216	0.790080738177624	0.8019680196801968	0.8159722222222222	0.8301158301158301	0.8666666666666667	0.903954802259887	0.8345864661654135	0.85546875	0.8165137614678899	0.6458333333333334	0.8636363636363636	0.82	0.7213114754098361	0.9158878504672897	0.8717948717948718	0.9659090909090909	0.6521739130434783
dmw=9218	0.4529262086513995	0.4217479674796748	0.6989247311827957	0.5212121212121212	0.7361111111111112	0.7171052631578947	0.7658730158730159	0.2706766917293233	0.5789473684210527	0.75	0.5531914893617021	0.7666666666666667	0.6046511627906976	0.543859649122807	0.8888888888888888	0.9565217391304348	0.7777777777777778
dmw=9220	0.5850773430391265	0.5219721329046088	0.6701680672268907	0.6150793650793651	0.07647058823529412	0.4265402843601896	0.005780346820809248	0.6297709923664122	0.05426356589147287	0.24675324675324675	0.5217391304347826	0.5784313725490197	0.5227272727272727	0.05405405405405406	0.3783783783783784	0.2692307692307692	0.125
dmw=9280	0.6334478808705613	0.5997638724911453	0.4716981132075472	0.6311787072243346	0.3877551020408163	0.5287958115183246	0.4318181818181818	0.5294117647058824	0.4789915966386555	0.3333333333333333	0.5797101449275363	0.5714285714285714	0.5568181818181818	0.30303030303030304	0.7307692307692307	0.7948717948717948	0.5652173913043478
dmw=9301	0.8650345260514752	0.8188358404185743	0.7665615141955836	0.8542600896860987	0.7674418604651163	0.8235294117647058	0.7588325652841782	0.8418079096045198	0.7823834196891192	0.8098159509202454	0.8385416666666666	0.676923076923077	0.8504672897196262	0.8342857142857143	0.8508771929824561	0.8014705882352942	0.7857142857142857
dmw=9306	0.6527196652719666	0.6393762183235867	0.6637931034482759	0.6602564102564102	0.7752293577981652	0.7037037037037037	0.8104575163398693	0.3	0.9318181818181818	0.8275862068965517	0.6885245901639344	0.7241379310344828	0.45	0.7	0.8461538461538461	0.85	0.14285714285714285
dmw=9315	0.9025844930417495	0.8640776699029126	0.9072164948453608	0.904	0.585	0.9382716049382716	0.6875	0.8214285714285714	0.6444444444444445	0.9	0.8653846153846154	0.8813559322033898	0.7916666666666666	0.9393939393939394	0.7916666666666666	1.0	0.7647058823529411
dmw=9316	0.4088888888888889	0.36046511627906974	0.5978835978835979	0.5255474452554745	0.6556603773584906	0.7045454545454546	0.6060606060606061	0.4267515923566879	0.6444444444444445	0.5813953488372093	0.5	0.6984126984126984	0.3333333333333333	0.6829268292682927	0.68	0.85	0.6666666666666666
dmw=9317	0.11914893617021277	0.09715242881072027	0.01893939393939394	0.16287878787878787	0.009615384615384616	0.0703125	0.0547945205479452	0.05345911949685535	0.15178571428571427	0.0	0.10975609756097561	0.15	0.0	0.029411764705882353	0.0	0.13953488372093023	0.19402985074626866
dmw=9318	0.0791599353796446	0.07840342124019957	0.3394683026584867	0.18276762402088773	0.365814696485623	0.3971119133574007	0.35571687840290384	0.20380434782608695	0.3711340206185567	0.29207920792079206	0.2692307692307692	0.34951456310679613	0.17424242424242425	0.4647058823529412	0.45	0.46938775510204084	0.4050632911392405
dmw=9353	0.851063829787234	0.8365122615803815	0.8378947368421052	0.8695652173913043	0.6782449725776966	0.8018433179723502	0.717948717948718	0.7943262411347518	0.6355140186915887	0.7676767676767676	0.5882352941176471	0.8876404494382022	0.7209302325581395	0.6216216216216216	0.9795918367346939	0.84375	0.6060606060606061
dmw=9354	0.6836890243902439	0.6836077308518254	0.6829268292682927	0.6736111111111112	0.5665760869565217	0.644	0.5662337662337662	0.5573770491803278	0.5714285714285714	0.6153846153846154	0.5586206896551724	0.5575221238938053	0.6637931034482759	0.48344370860927155	0.6506024096385542	0.6865671641791045	0.6153846153846154
dmw=9371	0.4821899736147757	0.4863861386138614	0.3801916932907348	0.4266666666666667	0.35584843492586493	0.4986225895316804	0.3634686346863469	0.5474254742547425	0.5891891891891892	0.36486486486486486	0.6380368098159509	0.543046357615894	0.4861111111111111	0.38011695906432746	0.6708860759493671	0.417910447761194	0.29508196721311475
dmw=9381	0.7222222222222222	0.6899641577060932	0.5849802371541502	0.6666666666666666	0.7260869565217392	0.775	0.7303921568627451	0.6944444444444444	0.7469879518072289	0.30952380952380953	0.7647058823529411	0.19117647058823528	0.6216216216216216	0.7959183673469388	0.47368421052631576	0.75	0.18181818181818182
dmw=9382	0.23946957878315134	0.18454935622317598	0.34968017057569295	0.2743055555555556	0.31746031746031744	0.3987341772151899	0.38337801608579086	0.14035087719298245	0.2796610169491525	0.32098765432098764	0.2109375	0.46464646464646464	0.17647058823529413	0.27722772277227725	0.4772727272727273	0.16363636363636364	0.3103448275862069
dmw=9387	0.52	0.5056179775280899	0.6325088339222615	0.6271186440677966	0.7285223367697594	0.7019230769230769	0.7697594501718213	0.6793478260869565	0.7192982456140351	0.673469387755102	0.6075949367088608	0.7384615384615385	0.4230769230769231	0.717948717948718	0.6428571428571429	0.6666666666666666	0.6666666666666666
dmw=9390	0.9550425273390036	0.9657534246575342	0.9876923076923076	0.9728682170542635	0.9768637532133676	0.9594594594594594	0.9765100671140939	0.9469026548672567	0.96875	0.8488372093023255	0.963855421686747	1.0	0.6666666666666666	1.0	1.0	1.0	0.0
dmw=9460	0.8726114649681529	0.8489702517162472	0.8444444444444444	0.8859649122807017	0.4486486486486487	0.6891891891891891	0.5149253731343284	0.8842975206611571	0.7037037037037037	0.926829268292683	0.7674418604651163	0.8857142857142857	0.7777777777777778	0.13157894736842105	0.6	0.8823529411764706	0.75
dmw=9461	0.35145385587863465	0.3186951066499373	0.34767025089605735	0.337037037037037	0.09393939393939393	0.22950819672131148	0.14184397163120568	0.3689839572192513	0.13414634146341464	0.35526315789473684	0.2413793103448276	0.2840909090909091	0.3142857142857143	0.009523809523809525	0.26785714285714285	0.3	0.22727272727272727
dmw=9466	0.7420435510887772	0.5987361769352291	0.7697594501718213	0.8709677419354839	0.3893129770992366	0.7175572519083969	0.529126213592233	0.6666666666666666	0.5142857142857142	0.7166666666666667	0.6923076923076923	0.8	0.6326530612244898	0.4642857142857143	0.5454545454545454	0.9285714285714286	0.5333333333333333
dmw=9471	0.8536082474226804	0.861995753715499	0.8128491620111732	0.9022556390977443	0.6122004357298475	0.7695852534562212	0.5840978593272171	0.8652482269503546	0.4819277108433735	0.84375	0.7162162162162162	0.8372093023255814	0.7727272727272727	0.524390243902439	0.8333333333333334	0.9090909090909091	0.7454545454545455
dmw=9487	0.5837070254110612	0.4392129304286718	0.5393034825870647	0.7083333333333334	0.2073272273105745	0.472809667673716	0.3009049773755656	0.5164212910532276	0.3765432098765432	0.45045045045045046	0.4207650273224044	0.4954128440366973	0.5545851528384279	0.29457364341085274	0.43137254901960786	0.5876288659793815	0.5915492957746479
dmw=9488	0.4868804664723032	0.32923832923832924	0.4785714285714286	0.547945205479452	0.22839506172839505	0.4891304347826087	0.39603960396039606	0.17647058823529413	0.4146341463414634	0.4642857142857143	0.1724137931034483	0.45161290322580644	0.8076923076923077	0.13043478260869565	0.5416666666666666	0.7647058823529411	0.75
dmw=9514	0.8196062675773403	0.8012074169900819	0.7780149413020278	0.8238993710691824	0.5844044558697515	0.8179611650485437	0.7386117136659436	0.7233082706766917	0.6383763837638377	0.7439613526570048	0.7258883248730964	0.725609756097561	0.7450980392156863	0.43434343434343436	0.7945205479452054	0.918918918918919	0.7848101265822784
dmw=9527	0.3373493975903614	0.3444676409185804	0.44375	0.48	0.11578947368421053	0.34210526315789475	0.0782608695652174	0.1456953642384106	0.0967741935483871	0.43333333333333335	0.39285714285714285	0.4090909090909091	0.30434782608695654	0.2608695652173913	0.4	0.14285714285714285	0.625
dmw=9550	0.44042232277526394	0.3402777777777778	0.45686900958466453	0.35398230088495575	0.278	0.4188034188034188	0.41431670281995664	0.39335180055401664	0.3253588516746411	0.47752808988764045	0.27450980392156865	0.3541666666666667	0.2459016393442623	0.4	0.4794520547945205	0.5098039215686274	0.0
dmw=9569	0.5309278350515464	0.45707070707070707	0.6080246913580247	0.601123595505618	0.29573170731707316	0.6226415094339622	0.19169329073482427	0.53125	0.30357142857142855	0.6666666666666666	0.45614035087719296	0.7058823529411765	0.5555555555555556	0.20408163265306123	0.1	0.7058823529411765	0.4642857142857143
dmw=9570	0.6521739130434783	0.5992366412213741	0.6237623762376238	0.7808219178082192	0.18181818181818182	0.4418604651162791	0.1780821917808219	0.43956043956043955	0.1388888888888889	0.45454545454545453	0.3333333333333333	0.9047619047619048	0.8333333333333334	0.17857142857142858	0.4444444444444444	0.5	0.5
dmw=9571	0.7747086750107898	0.681577877185848	0.7054794520547946	0.8019525801952581	0.47109826589595377	0.8110599078341014	0.528554070473876	0.6475716064757161	0.5603112840466926	0.6694560669456067	0.584	0.6666666666666666	0.6871165644171779	0.5489130434782609	0.7761194029850746	0.8645833333333334	0.7619047619047619
dmw=9582	0.8043478260869565	0.7955729166666666	0.8413284132841329	0.7475728155339806	0.5358255451713395	0.6923076923076923	0.6706349206349206	0.7725118483412322	0.4274193548387097	0.6037735849056604	0.6444444444444445	0.8723404255319149	0.7586206896551724	0.84	0.7441860465116279	0.8285714285714286	0.7857142857142857
dmw=9585	0.6294014084507042	0.6260197509660799	0.5868263473053892	0.6585695006747638	0.44014510278113667	0.6300211416490487	0.3633720930232558	0.5179640718562875	0.43	0.610909090909091	0.6363636363636364	0.6866666666666666	0.6	0.47601476014760147	0.6352941176470588	0.6923076923076923	0.5488721804511278
dmw=9591	0.001984126984126984	0.007159904534606206	0.005208333333333333	0.0	0.0	0.0	0.0	0.006896551724137931	0.019230769230769232	0.0	0.03125	0.0	0.0	0.0	0.0	0.0	0.21428571428571427
dmw=9629	0.8591549295774648	0.8301301921884687	0.8488372093023255	0.9036363636363637	0.7831513260530422	0.8688946015424165	0.6996805111821086	0.8867469879518072	0.8238805970149253	0.7515527950310559	0.7961165048543689	0.7637795275590551	0.7905405405405406	0.8021390374331551	0.7619047619047619	0.8867924528301887	0.7567567567567568
dmw=9637	0.7709637046307884	0.7482993197278912	0.788235294117647	0.823045267489712	0.5893416927899686	0.7931034482758621	0.6655172413793103	0.696969696969697	0.7391304347826086	0.864406779661017	0.5813953488372093	0.7213114754098361	0.8028169014084507	0.39759036144578314	0.6451612903225806	0.8157894736842105	0.7555555555555555
dmw=9639	0.11064718162839249	0.09339407744874716	0.0935672514619883	0.003875968992248062	0.029350104821802937	0.06451612903225806	0.09198813056379822	0.06837606837606838	0.05303030303030303	0.21875	0.1044776119402985	0.1076923076923077	0.0	0.12307692307692308	0.0	0.038461538461538464	0.0
dmw=9671	0.7054794520547946	0.7188612099644128	0.7142857142857143	0.7219251336898396	0.26174496644295303	0.7338709677419355	0.1896551724137931	0.7414965986394558	0.5058823529411764	0.7236842105263158	0.5045045045045045	0.6578947368421053	0.6046511627906976	0.5675675675675675	0.75	0.6111111111111112	0.7692307692307693
dmw=9679	0.003777148253068933	0.012138188608776844	0.0106951871657754	0.006920415224913495	0.004597701149425287	0.0070921985815602835	0.008174386920980926	0.005063291139240506	0.0	0.0	0.0	0.0	0.1206896551724138	0.007246376811594203	0.0	0.0	0.0
dmw=9781	0.3352192362093352	0.3609072715143429	0.7310344827586207	0.3967136150234742	0.7035830618892508	0.7597173144876325	0.6300448430493274	0.6027397260273972	0.6040816326530613	0.6863905325443787	0.5121951219512195	0.7216494845360825	0.532608695652174	0.7368421052631579	0.5294117647058824	0.6379310344827587	0.7164179104477612
dmw=9805	0.007653061224489796	0.005361930294906166	0.006896551724137931	0.01020408163265306	0.00546448087431694	0.0	0.0	0.009259259259259259	0.018867924528301886	0.0	0.0	0.0625	0.0	0.044444444444444446	0.23529411764705882	0.0	0.16666666666666666
dmw=9857	0.25192442267319803	0.23650190114068442	0.22958057395143489	0.2861635220125786	0.21955128205128205	0.23885350318471338	0.15319148936170213	0.24361493123772102	0.16417910447761194	0.22033898305084745	0.17094017094017094	0.18823529411764706	0.23170731707317074	0.1830065359477124	0.20754716981132076	0.35294117647058826	0.1111111111111111
dmw=9861	0.4024556616643929	0.39186991869918697	0.418200408997955	0.42833333333333334	0.07716371220020855	0.24556962025316456	0.13856427378964942	0.3440702781844802	0.15602836879432624	0.34868421052631576	0.2857142857142857	0.41139240506329117	0.5168539325842697	0.028368794326241134	0.23076923076923078	0.39316239316239315	0.25225225225225223
dmw=9901	0.26526082130965595	0.2778969957081545	0.2181208053691275	0.3438395415472779	0.18199608610567514	0.23121387283236994	0.26455026455026454	0.17857142857142858	0.24675324675324675	0.08695652173913043	0.18446601941747573	0.12380952380952381	0.16	0.22826086956521738	0.2777777777777778	0.375	0.3684210526315789
dmw=9970	0.6941935483870968	0.6273115220483642	0.6402569593147751	0.7831325301204819	0.40816326530612246	0.6875	0.49304174950298213	0.6197530864197531	0.5266272189349113	0.651685393258427	0.5793650793650794	0.6194690265486725	0.6388888888888888	0.27631578947368424	0.5294117647058824	0.9354838709677419	0.6216216216216216
dmw=9973	0.5643105446118193	0.6283566058002148	0.6246418338108882	0.6292517006802721	0.1891025641025641	0.59	0.2689075630252101	0.5232067510548524	0.2	0.48739495798319327	0.18947368421052632	0.582089552238806	0.6419753086419753	0.6527777777777778	0.7307692307692307	0.8461538461538461	0.47368421052631576
dmw=9974	0.6101190476190477	0.6028065893837706	0.6549079754601227	0.5909090909090909	0.3722438391699092	0.6246418338108882	0.4870967741935484	0.5374149659863946	0.34375	0.48344370860927155	0.4838709677419355	0.6535947712418301	0.704	0.55	0.5081967213114754	0.4457831325301205	0.6888888888888889
dmw=10088	0.757754800590842	0.8192182410423453	0.583710407239819	0.8398058252427184	0.7876712328767124	0.8759124087591241	0.7152317880794702	0.7605633802816901	0.8775510204081632	0.7272727272727273	0.46808510638297873	1.0	0.5882352941176471	0.5849056603773585	0.8148148148148148	0.8947368421052632	0.5454545454545454
dmw=10125	0.26547231270358307	0.18167539267015706	0.2526439482961222	0.31273408239700373	0.2612330198537095	0.3118279569892473	0.11956521739130435	0.2776203966005666	0.1522491349480969	0.1165644171779141	0.13793103448275862	0.36627906976744184	0.21296296296296297	0.0718562874251497	0.11267605633802817	0.4090909090909091	0.3582089552238806
dmw=10185	0.003389830508474576	0.0031847133757961785	0.027777777777777776	0.0	0.0	0.0	0.0	0.0125	0.0	0.0	0.2222222222222222	0.0	0.0	0.0	0.1111111111111111	0.0	0.0
dmw=10205	0.7407912687585266	0.6964285714285714	0.7399783315276273	0.7760617760617761	0.7004555808656037	0.7376093294460642	0.6556122448979592	0.3644578313253012	0.7120622568093385	0.6757990867579908	0.6995884773662552	0.817258883248731	0.6566265060240963	0.391304347826087	0.7767857142857143	0.8679245283018868	0.7863247863247863
dmw=10222	0.7397107897664071	0.7042716319824753	0.6612903225806451	0.8181818181818182	0.6658595641646489	0.7808219178082192	0.7857142857142857	0.44785276073619634	0.7053571428571429	0.6981132075471698	0.6533333333333333	0.704225352112676	0.7125	0.6923076923076923	0.8333333333333334	0.9354838709677419	0.8928571428571429
dmw=10308	0.03550295857988166	0.00784313725490196	0.06692913385826772	0.014705882352941176	0.02654867256637168	0.1791044776119403	0.0641025641025641	0.01694915254237288	0.07042253521126761	0.14754098360655737	0.0	0.0	0.0	0.10810810810810811	0.05263157894736842	0.3684210526315789	0.16666666666666666
dmw=10319	0.7047619047619048	0.6790450928381963	0.5333333333333333	0.7619047619047619	0.48598130841121495	0.5490196078431373	0.07518796992481203	0.7702702702702703	0.16981132075471697	0.3	0.7586206896551724	0.4375	0.6363636363636364	0.575	0.26666666666666666	0.5882352941176471	0.7
dmw=10320	0.49232914923291493	0.4931506849315068	0.6666666666666666	0.3624161073825503	0.5826446280991735	0.7094594594594594	0.5062240663900415	0.48148148148148145	0.44871794871794873	0.5625	0.4318181818181818	0.6052631578947368	0.5862068965517241	0.45901639344262296	0.875	1.0	0.8076923076923077
dmw=10341	0.46046128500823724	0.4309946029298381	0.5355086372360844	0.6102719033232629	0.20503597122302158	0.6541353383458647	0.1820388349514563	0.24722222222222223	0.24183006535947713	0.5510204081632653	0.2578125	0.44761904761904764	0.5833333333333334	0.22857142857142856	0.6811594202898551	0.7058823529411765	0.6170212765957447
dmw=10342	0.8129496402877698	0.7835294117647059	0.8623853211009175	0.8916666666666667	0.4382716049382716	0.8034188034188035	0.34444444444444444	0.5714285714285714	0.5232558139534884	0.6842105263157895	0.5714285714285714	0.9090909090909091	0.8181818181818182	0.38636363636363635	0.8	1.0	0.6875
dmw=10343	0.6793587174348698	0.6739562624254473	0.6428571428571429	0.7266187050359713	0.3163841807909605	0.6585365853658537	0.3157894736842105	0.48226950354609927	0.4489795918367347	0.6538461538461539	0.5094339622641509	0.7	0.625	0.4090909090909091	0.7142857142857143	0.7058823529411765	0.6190476190476191
dmw=10362	0.005018820577164366	0.01262135922330097	0.17695473251028807	0.015873015873015872	0.06565656565656566	0.022935779816513763	0.0036496350364963502	0.05204460966542751	0.012121212121212121	0.0	0.04938271604938271	0.16455696202531644	0.0	0.425	0.0	0.0	0.0
dmw=10364	0.9239766081871345	0.8814814814814815	0.8686131386861314	0.981651376146789	0.8297872340425532	0.9032258064516129	0.9134615384615384	0.9876543209876543	0.9375	0.8918918918918919	0.9347826086956522	0.8484848484848485	0.9333333333333333	0.3	1.0	1.0	0.76
dmw=10371	0.3106508875739645	0.23204903677758318	0.32917705735660846	0.38022813688212925	0.2198581560283688	0.3463203463203463	0.10596026490066225	0.16666666666666666	0.2222222222222222	0.3711340206185567	0.2	0.3146067415730337	0.45454545454545453	0.2692307692307692	0.4090909090909091	0.45161290322580644	0.23076923076923078
dmw=10372	0.7504215851602024	0.57	0.7309644670050761	0.76	0.28735632183908044	0.6538461538461539	0.2679425837320574	0.6119402985074627	0.3	0.6086956521739131	0.42857142857142855	0.8205128205128205	0.3469387755102041	0.21311475409836064	0.5	0.8095238095238095	0.9444444444444444
dmw=10396	0.1079136690647482	0.10843373493975904	0.6788990825688074	0.27941176470588236	0.7362637362637363	0.9047619047619048	0.7870370370370371	0.265625	0.7692307692307693	0.3333333333333333	0.19047619047619047	0.8095238095238095	0.28125	0.9166666666666666	0.7857142857142857	0.8571428571428571	0.75
dmw=10409	0.012027491408934709	0.012468827930174564	0.10267857142857142	0.04093567251461988	0.19889502762430938	0.30666666666666664	0.19247787610619468	0.010526315789473684	0.23529411764705882	0.15789473684210525	0.0	0.1592920353982301	0.09782608695652174	0.17054263565891473	0.15	0.25	0.02702702702702703
dmw=10417	0.41773504273504275	0.4120603015075377	0.4857142857142857	0.45267489711934156	0.24109014675052412	0.49489795918367346	0.21639344262295082	0.2692307692307692	0.3392857142857143	0.36764705882352944	0.4883720930232558	0.543859649122807	0.4369747899159664	0.25806451612903225	0.4	0.4166666666666667	0.5714285714285714
dmw=10422	0.41810344827586204	0.38883447600391774	0.42349726775956287	0.44015444015444016	0.13367609254498714	0.31645569620253167	0.1346153846153846	0.3968253968253968	0.19148936170212766	0.4	0.4126984126984127	0.47244094488188976	0.32142857142857145	0.01639344262295082	0.3333333333333333	0.2916666666666667	0.5416666666666666
dmw=10423	0.5093093093093093	0.4980566352026652	0.5725677830940988	0.5013850415512465	0.31166912850812406	0.513715710723192	0.2874493927125506	0.4715447154471545	0.4959349593495935	0.5431472081218274	0.63125	0.5	0.5714285714285714	0.12751677852348994	0.47297297297297297	0.425531914893617	0.5373134328358209
dmw=10435	0.42747603833865816	0.41842900302114805	0.6291739894551845	0.5155555555555555	0.753731343283582	0.7601351351351351	0.7537688442211056	0.1864864864864865	0.7808988764044944	0.5972222222222222	0.32413793103448274	0.8023255813953488	0.5119047619047619	0.75	0.7735849056603774	0.6666666666666666	0.62
dmw=10436	0.5887417218543046	0.5790123456790124	0.638268156424581	0.6788321167883211	0.6979166666666666	0.7197640117994101	0.700836820083682	0.4307692307692308	0.6686046511627907	0.6470588235294118	0.6730769230769231	0.6746411483253588	0.5408163265306123	0.7192982456140351	0.7868852459016393	0.7142857142857143	0.4782608695652174
dmw=10438	0.08816964285714286	0.08426966292134831	0.1989247311827957	0.1640378548895899	0.26252983293556087	0.5149700598802395	0.4032258064516129	0.03409090909090909	0.40540540540540543	0.4015748031496063	0.08849557522123894	0.0967741935483871	0.13636363636363635	0.36585365853658536	0.5306122448979592	0.23809523809523808	0.09523809523809523
dmw=10440	0.19517464890169248	0.16560509554140126	0.317092034029389	0.27702702702702703	0.29534883720930233	0.5050215208034433	0.42045454545454547	0.09584295612009237	0.2904191616766467	0.4675324675324675	0.17966101694915254	0.32167832167832167	0.18681318681318682	0.3527397260273973	0.47674418604651164	0.5235602094240838	0.5285714285714286
dmw=10487	0.7404306220095693	0.7031443938767067	0.8720657276995305	0.7721063982746226	0.8939783839423572	0.8914518317503393	0.884453781512605	0.8084370677731674	0.8974789915966387	0.7981859410430839	0.8114143920595533	0.8333333333333334	0.7130434782608696	0.9155672823218998	0.9127906976744186	0.9587628865979382	0.8527131782945736
dmw=10505	0.09821428571428571	0.04151838671411625	0.2942708333333333	0.12949640287769784	0.385	0.4314214463840399	0.15567765567765568	0.17435897435897435	0.21428571428571427	0.20634920634920634	0.09210526315789473	0.3146853146853147	0.21830985915492956	0.35555555555555557	0.5897435897435898	0.40350877192982454	0.05405405405405406
dmw=10507	0.8973551637279596	0.8543478260869565	0.9052287581699346	0.8866279069767442	0.9253048780487805	0.896551724137931	0.9074074074074074	0.8791208791208791	0.9629629629629629	0.5954198473282443	0.89937106918239	0.90625	0.7703703703703704	0.968503937007874	0.9532710280373832	0.9358974358974359	0.8095238095238095
dmw=10550	0.2389853137516689	0.1829787234042553	0.2940074906367041	0.34408602150537637	0.3072289156626506	0.5292096219931272	0.4067796610169492	0.1905781584582441	0.3544973544973545	0.46	0.22935779816513763	0.48148148148148145	0.3119266055045872	0.3669064748201439	0.3968253968253968	0.5268817204301075	0.4444444444444444
dmw=10574	0.24905183312262957	0.1967479674796748	0.2318840579710145	0.3413173652694611	0.01694915254237288	0.10687022900763359	0.04405286343612335	0.2541436464088398	0.07692307692307693	0.3076923076923077	0.07142857142857142	0.19117647058823528	0.3333333333333333	0.0	0.09523809523809523	0.1875	0.2857142857142857
dmw=10588	0.5408415841584159	0.45571428571428574	0.49110320284697506	0.44385026737967914	0.32432432432432434	0.445859872611465	0.3622448979591837	0.37089201877934275	0.36	0.4166666666666667	0.32857142857142857	0.47540983606557374	0.35714285714285715	0.6	0.775	0.16666666666666666	0.4090909090909091
dmw=10597	0.7881136950904393	0.7665847665847666	0.7116564417177914	0.8910891089108911	0.8633093525179856	0.9591836734693877	0.8076923076923077	0.5934065934065934	0.78125	0.9032258064516129	0.6829268292682927	1.0	0.8529411764705882	0.75	1.0	1.0	1.0
dmw=10611	0.9500328731097962	0.9320872274143303	0.9353562005277045	0.962877030162413	0.9643874643874644	0.9630996309963099	0.8956692913385826	0.9102296450939458	0.9392712550607287	0.8388888888888889	0.8738738738738738	0.9920634920634921	0.7142857142857143	0.944	0.925	0.9444444444444444	0.782608695652174
dmw=10616	0.6247464503042597	0.691699604743083	0.6390041493775933	0.6821705426356589	0.0782608695652174	0.22448979591836735	0.11173184357541899	0.4642857142857143	0.24731182795698925	0.7777777777777778	0.32432432432432434	0.625	0.9375	0.0	0.5454545454545454	0.6666666666666666	0.6
dmw=10617	0.9008264462809917	0.9395161290322581	0.9325842696629213	0.9375	0.5663716814159292	0.9444444444444444	0.5128205128205128	0.7666666666666667	0.782608695652174	0.8	0.5555555555555556	0.9666666666666667	0.7727272727272727	0.32142857142857145	0.84	1.0	1.0
dmw=10620	0.13824057450628366	0.06292517006802721	0.3316582914572864	0.21787709497206703	0.35	0.2647058823529412	0.017316017316017316	0.2935323383084577	0.0	0.27586206896551724	0.1875	0.5	0.35294117647058826	0.48484848484848486	0.125	0.24242424242424243	0.4
dmw=10621	0.860613810741688	0.8146143437077131	0.8470948012232415	0.8455882352941176	0.6027777777777777	0.7582417582417582	0.3814814814814815	0.8835978835978836	0.3333333333333333	0.5892857142857143	0.8571428571428571	0.8235294117647058	0.6923076923076923	0.5942028985507246	0.9230769230769231	0.8928571428571429	0.7307692307692307
dmw=10628	0.8287822878228782	0.8137082601054482	0.7642857142857142	0.878419452887538	0.6611909650924025	0.8490566037735849	0.7629107981220657	0.7739938080495357	0.7241379310344828	0.8269230769230769	0.6901408450704225	0.7850467289719626	0.7441860465116279	0.785234899328859	0.8392857142857143	0.9761904761904762	0.7619047619047619
dmw=10659	0.7497273718647764	0.7300167691447736	0.7447405329593267	0.773469387755102	0.5947242206235012	0.8	0.6597633136094675	0.737410071942446	0.7058823529411765	0.6757990867579908	0.7567567567567568	0.8152173913043478	0.7368421052631579	0.5172413793103449	0.8275862068965517	0.7075471698113207	0.6
dmw=10660	0.005420054200542005	0.0026455026455026454	0.011976047904191617	0.00847457627118644	0.008733624454148471	0.022727272727272728	0.0	0.0	0.0	0.0	0.0	0.0	0.02857142857142857	0.0	0.0	0.0	0.2222222222222222
dmw=10666	0.38189386056191466	0.3931034482758621	0.396969696969697	0.48412698412698413	0.45384615384615384	0.4682080924855491	0.25157232704402516	0.33984375	0.40425531914893614	0.3939393939393939	0.30612244897959184	0.4626865671641791	0.20987654320987653	0.29411764705882354	0.7368421052631579	0.3333333333333333	0.40625
dmw=10677	0.609375	0.6358974358974359	0.5222222222222223	0.5796178343949044	0.32421875	0.4383561643835616	0.26838235294117646	0.42777777777777776	0.4803921568627451	0.6162790697674418	0.6451612903225806	0.6515151515151515	0.7058823529411765	0.45588235294117646	0.4489795918367347	0.6	0.8076923076923077
dmw=10717	0.6699875466998755	0.6141522029372497	0.4927536231884058	0.7472527472527473	0.484149855907781	0.6148648648648649	0.3939393939393939	0.7232704402515723	0.4431818181818182	0.7857142857142857	0.6538461538461539	0.7368421052631579	0.671875	0.5777777777777777	0.6666666666666666	0.75	0.7368421052631579
dmw=10722	0.09523809523809523	0.03481012658227848	0.18181818181818182	0.22580645161290322	0.39473684210526316	0.6031746031746031	0.5416666666666666	0.03571428571428571	0.5862068965517241	0.2857142857142857	0.14285714285714285	0.26666666666666666	0.21739130434782608	0.3684210526315789	0.8	0.8	0.2
dmw=10771	0.6591657519209659	0.6322222222222222	0.4232258064516129	0.6446124763705104	0.6989528795811518	0.72	0.7317596566523605	0.5227272727272727	0.6963350785340314	0.5675675675675675	0.5213675213675214	0.2185430463576159	0.5369127516778524	0.695364238410596	0.6794871794871795	0.6923076923076923	0.5441176470588235
dmw=10786	0.47058823529411764	0.4375876577840112	0.46	0.53125	0.4318181818181818	0.375	0.5278810408921933	0.43911439114391143	0.44036697247706424	0.5238095238095238	0.3	0.5697674418604651	0.26666666666666666	0.4507042253521127	0.782608695652174	0.6323529411764706	0.5757575757575758
dmw=10795	0.015151515151515152	0.004405286343612335	0.01	0.02027027027027027	0.0	0.02586206896551724	0.0	0.006578947368421052	0.0	0.0	0.0	0.0	0.0	0.0	0.6666666666666666	0.0	0.0
dmw=10825	0.09876543209876543	0.08588957055214724	0.20447284345047922	0.1050228310502283	0.047021943573667714	0.2765957446808511	0.005154639175257732	0.11739130434782609	0.0	0.3291139240506329	0.014705882352941176	0.3522727272727273	0.10606060606060606	0.16049382716049382	0.16129032258064516	0.25	0.2
dmw=10826	0.7820037105751392	0.7306910569105691	0.7729591836734694	0.75177304964539	0.7061855670103093	0.8235294117647058	0.3745819397993311	0.7491408934707904	0.6237623762376238	0.5507246376811594	0.6136363636363636	0.6792452830188679	0.7530864197530864	0.8461538461538461	0.8653846153846154	0.8275862068965517	0.5
dmw=10836	0.5195729537366548	0.49812734082397003	0.40522875816993464	0.5404255319148936	0.23247232472324722	0.39776951672862454	0.29770992366412213	0.4540229885057471	0.38064516129032255	0.2465753424657534	0.5692307692307692	0.336734693877551	0.5230769230769231	0.2827586206896552	0.32142857142857145	0.45614035087719296	0.4864864864864865
dmw=10843	0.21101774042950514	0.21644612476370512	0.23839009287925697	0.23487544483985764	0.1853448275862069	0.3116883116883117	0.16012084592145015	0.14600550964187328	0.296	0.2926829268292683	0.03896103896103896	0.2	0.0	0.2976190476190476	0.0	0.15492957746478872	0.24074074074074073
dmw=10910	0.12792596624931954	0.08840061318344404	0.25396825396825395	0.13859649122807016	0.23326359832635984	0.2076923076923077	0.2453416149068323	0.07489878542510121	0.2605633802816901	0.18232044198895028	0.12903225806451613	0.2962962962962963	0.23837209302325582	0.19289340101522842	0.3157894736842105	0.2753623188405797	0.17647058823529413
dmw=10913	0.34608695652173915	0.2874015748031496	0.2764227642276423	0.35074626865671643	0.3276283618581907	0.3736842105263158	0.4646153846153846	0.08923076923076922	0.44021739130434784	0.35	0.2	0.38461538461538464	0.36538461538461536	0.38181818181818183	0.36585365853658536	0.3548387096774194	0.26666666666666666
dmw=10920	0.9106382978723404	0.8931216931216931	0.8	0.9520958083832335	0.6717557251908397	0.9086021505376344	0.632258064516129	0.9342560553633218	0.7313432835820896	0.8804347826086957	0.8157894736842105	0.9320388349514563	0.9304347826086956	0.9242424242424242	0.9444444444444444	0.55	0.6944444444444444
dmw=10932	0.032423208191126277	0.03627760252365931	0.164021164021164	0.11538461538461539	0.10862619808306709	0.15441176470588236	0.17326732673267325	0.03488372093023256	0.07246376811594203	0.3142857142857143	0.08	0.23809523809523808	0.1	0.08695652173913043	0.23809523809523808	0.1111111111111111	0.2777777777777778
dmw=10937	0.5617977528089888	0.5518169582772544	0.5	0.2857142857142857	0.20155038759689922	0.18087855297157623	0.20930232558139536	0.4556213017751479	0.4444444444444444	0.38271604938271603	0.375	0.3088235294117647	0.45454545454545453	0.5	0.4	0.37209302325581395	0.5306122448979592
dmw=10963	0.1635294117647059	0.17262638717632553	0.13793103448275862	0.20320855614973263	0.22349570200573066	0.24666666666666667	0.19696969696969696	0.184375	0.2549019607843137	0.20270270270270271	0.2222222222222222	0.3048780487804878	0.13924050632911392	0.1506849315068493	0.0	0.3137254901960784	0.28888888888888886
dmw=10971	0.78419452887538	0.7624555160142349	0.5163551401869159	0.8173076923076923	0.6981132075471698	0.7916666666666666	0.7584269662921348	0.7653061224489796	0.8264462809917356	0.27586206896551724	0.5769230769230769	0.06153846153846154	0.8823529411764706	0.7922077922077922	0.875	0.9428571428571428	0.85
dmw=10996	0.9308719560094265	0.9311094996374184	0.9418181818181818	0.9613095238095238	0.900375939849624	0.9213483146067416	0.8792710706150342	0.9547738693467337	0.8481675392670157	0.7449664429530202	0.8813559322033898	0.9	0.7926829268292683	0.9754098360655737	0.9375	1.0	0.8679245283018868
dmw=11000	0.5042881646655232	0.4382716049382716	0.5276381909547738	0.5978260869565217	0.594488188976378	0.5047619047619047	0.5783783783783784	0.1111111111111111	0.45454545454545453	0.4864864864864865	0.40350877192982454	0.5	0.3611111111111111	0.5555555555555556	0.6086956521739131	0.48	0.43333333333333335
dmw=11001	0.5924855491329479	0.6375661375661376	0.6771653543307087	0.7264957264957265	0.7791411042944786	0.8208955223880597	0.8646616541353384	0.14285714285714285	0.9069767441860465	0.6410256410256411	0.5151515151515151	0.5789473684210527	0.8260869565217391	0.7916666666666666	0.7142857142857143	0.42857142857142855	0.6363636363636364
dmw=11029	0.6396957123098201	0.6350470673425054	0.6	0.5607476635514018	0.10829103214890017	0.5340909090909091	0.16666666666666666	0.31403118040089084	0.18110236220472442	0.6111111111111112	0.36423841059602646	0.6304347826086957	0.48	0.3063063063063063	0.7708333333333334	0.65625	0.851063829787234
dmw=11073	0.0751864125932063	0.04919519383359782	0.20319148936170212	0.13529411764705881	0.19510926118626432	0.2573623559539053	0.1879432624113475	0.0924812030075188	0.19215686274509805	0.23024830699774265	0.1085972850678733	0.29393939393939394	0.15168539325842698	0.24043715846994534	0.2336448598130841	0.1858974358974359	0.28342245989304815
dmw=11074	0.8304862023653088	0.8206686930091185	0.6290322580645161	0.8715596330275229	0.36795252225519287	0.676923076923077	0.4811320754716981	0.84	0.26373626373626374	0.8243243243243243	0.835820895522388	0.7894736842105263	0.7428571428571429	0.0898876404494382	0.4375	0.8333333333333334	0.5652173913043478
dmw=11076	0.24344569288389514	0.29955947136563876	0.19117647058823528	0.4266666666666667	0.22321428571428573	0.14814814814814814	0.03529411764705882	0.1625	0.17073170731707318	0.18518518518518517	0.1794871794871795	0.0	0.3	0.0	0.2222222222222222	0.23076923076923078	0.0
dmw=11077	0.775	0.7554671968190855	0.7492447129909365	0.7767295597484277	0.5749235474006116	0.6122448979591837	0.3734567901234568	0.6666666666666666	0.5833333333333334	0.8728813559322034	0.6666666666666666	0.6716417910447762	0.7010309278350515	0.2077922077922078	0.7307692307692307	0.8823529411764706	0.7647058823529411
dmw=11086	0.04899777282850779	0.02127659574468085	0.496551724137931	0.13333333333333333	0.639751552795031	0.8405797101449275	0.7757009345794392	0.4084507042253521	0.868421052631579	0.7	0.23809523809523808	0.9	0.2553191489361702	0.75	1.0	0.7272727272727273	0.9411764705882353
dmw=11088	0.7388059701492538	0.5565819861431871	0.7595628415300546	0.8258426966292135	0.5192307692307693	0.7310924369747899	0.4161490683229814	0.6164383561643836	0.24390243902439024	0.45	0.6923076923076923	0.723404255319149	0.7794117647058824	0.47368421052631576	0.6111111111111112	0.782608695652174	1.0
dmw=11089	0.7596685082872928	0.6692307692307692	0.7985074626865671	0.856353591160221	0.5677233429394812	0.7204968944099379	0.5637254901960784	0.6325581395348837	0.5063291139240507	0.782051282051282	0.5833333333333334	0.8181818181818182	0.7333333333333333	0.39344262295081966	0.7058823529411765	0.76	0.5416666666666666
dmw=11094	0.285132382892057	0.21085594989561587	0.368	0.30513595166163143	0.06547619047619048	0.24519230769230768	0.07023411371237458	0.21052631578947367	0.07246376811594203	0.31343283582089554	0.12790697674418605	0.3333333333333333	0.3269230769230769	0.08571428571428572	0.0	0.3018867924528302	0.24
dmw=11105	0.07636887608069164	0.07587253414264036	0.24344569288389514	0.12365591397849462	0.19718309859154928	0.13846153846153847	0.21266968325791855	0.03982300884955752	0.211864406779661	0.20238095238095238	0.0967741935483871	0.09375	0.037037037037037035	0.3888888888888889	0.25	0.11904761904761904	0.2916666666666667
dmw=11106	0.19949874686716793	0.15354135710747896	0.49318463444857497	0.3306930693069307	0.6341212744090442	0.717434869739479	0.7165562913907285	0.3203732503888025	0.6307692307692307	0.5247148288973384	0.2009132420091324	0.6337209302325582	0.4303030303030303	0.6638655462184874	0.7702702702702703	0.743801652892562	0.6885245901639344
dmw=11108	0.150278293135436	0.06666666666666667	0.21264367816091953	0.20155038759689922	0.041666666666666664	0.21951219512195122	0.061068702290076333	0.0979020979020979	0.06779661016949153	0.0625	0.07692307692307693	0.23255813953488372	0.23728813559322035	0.0	0.41935483870967744	0.2	0.3333333333333333
dmw=11118	0.7010526315789474	0.6281628162816282	0.6753086419753086	0.7616666666666667	0.49075081610446136	0.7184466019417476	0.5742904841402338	0.658578856152513	0.6804733727810651	0.5081081081081081	0.7032258064516129	0.5961538461538461	0.5714285714285714	0.5117647058823529	0.7346938775510204	0.7540983606557377	0.6333333333333333
dmw=11134	0.8419047619047619	0.7042801556420234	0.8	0.8701298701298701	0.465	0.6814814814814815	0.5166666666666667	0.8125	0.41025641025641024	0.7727272727272727	0.7818181818181819	0.8235294117647058	0.8157894736842105	0.45454545454545453	0.5161290322580645	0.6060606060606061	0.8846153846153846
dmw=11156	0.4920844327176781	0.4656	0.34624697336561744	0.5626822157434402	0.2834138486312399	0.5207100591715976	0.2071269487750557	0.4803370786516854	0.2631578947368421	0.3469387755102041	0.2872340425531915	0.21951219512195122	0.4112903225806452	0.19658119658119658	0.5070422535211268	0.532608695652174	0.6376811594202898
dmw=11157	0.3969658659924147	0.32857142857142857	0.2	0.4852941176470588	0.03636363636363636	0.19736842105263158	0.0636042402826855	0.25806451612903225	0.05714285714285714	0.2641509433962264	0.3220338983050847	0.26	0.5	0.08333333333333333	0.3333333333333333	0.4	0.3783783783783784
dmw=11169	0.6219066937119675	0.5721583652618135	0.6067796610169491	0.6783398184176395	0.5015479876160991	0.5902061855670103	0.5142118863049095	0.6121883656509696	0.5160256410256411	0.6770186335403726	0.5684931506849316	0.6519823788546255	0.5833333333333334	0.5401785714285714	0.7	0.4482758620689655	0.5
dmw=11176	0.8253094910591472	0.8214578214578214	0.7642436149312377	0.7820823244552058	0.7515527950310559	0.867579908675799	0.8064516129032258	0.6875	0.75625	0.7362637362637363	0.8392857142857143	0.8181818181818182	0.7924528301886793	0.7518248175182481	0.8360655737704918	0.7857142857142857	0.9310344827586207
dmw=11191	0.8619201725997843	0.8274745605920444	0.8651851851851852	0.888015717092338	0.8608964451313755	0.9482352941176471	0.8416370106761566	0.9060773480662984	0.9365079365079365	0.555984555984556	0.8209876543209876	0.8898305084745762	0.7210884353741497	0.8380281690140845	0.8928571428571429	1.0	0.9090909090909091
dmw=11192	0.912781954887218	0.883495145631068	0.8796296296296297	0.9525316455696202	0.9717223650385605	0.9702380952380952	0.972972972972973	0.9425287356321839	0.9540229885057471	0.477124183006536	0.7	0.9016393442622951	0.21428571428571427	0.975609756097561	0.9473684210526315	1.0	0.84
dmw=11194	0.8722028841372451	0.8430890309886867	0.8748685594111462	0.9297912713472486	0.10995260663507109	0.6597510373443983	0.20374707259953162	0.8545751633986928	0.2857142857142857	0.7986577181208053	0.7846153846153846	0.8117647058823529	0.875	0.10362694300518134	0.5405405405405406	0.8771929824561403	0.8032786885245902
dmw=11216	0.03425414364640884	0.02707581227436823	0.044	0.02857142857142857	0.023575638506876228	0.10432569974554708	0.008992805755395683	0.022900763358778626	0.02766798418972332	0.0410958904109589	0.0	0.00510204081632653	0.07142857142857142	0.0	0.06097560975609756	0.0196078431372549	0.0
dmw=11221	0.41391509433962265	0.4106029106029106	0.7108433734939759	0.6711711711711712	0.39473684210526316	0.7166666666666667	0.4794007490636704	0.42214532871972316	0.45871559633027525	0.7341772151898734	0.2112676056338028	0.5945945945945946	0.8936170212765957	0.39622641509433965	0.6538461538461539	0.875	0.42857142857142855
dmw=11232	0.5205627705627706	0.4918793503480278	0.4174174174174174	0.54	0.16886543535620052	0.3228346456692913	0.09009009009009009	0.21403508771929824	0.22123893805309736	0.3373493975903614	0.2318840579710145	0.5	0.3561643835616438	0.09302325581395349	0.41935483870967744	0.2833333333333333	0.6046511627906976
dmw=11234	0.7876420454545454	0.7194719471947195	0.6988416988416989	0.8465909090909091	0.30063291139240506	0.5767918088737202	0.35294117647058826	0.6610978520286396	0.3448275862068966	0.4725274725274725	0.5116279069767442	0.56	0.6585365853658537	0.08139534883720931	0.5370370370370371	0.8181818181818182	0.6129032258064516
dmw=11289	0.3944954128440367	0.25308641975308643	0.6962025316455697	0.6938775510204082	0.7864077669902912	0.8461538461538461	0.7070707070707071	0.4576271186440678	0.5384615384615384	0.4444444444444444	0.4117647058823529	0.8529411764705882	0.5384615384615384	0.45454545454545453	0.25	0.6428571428571429	0.3333333333333333
dmw=11294	0.9102941176470588	0.8829787234042553	0.9342105263157895	0.9223300970873787	0.9328621908127208	0.9325153374233128	0.8838174273858921	0.9405940594059405	0.9253731343283582	0.7096774193548387	0.7027027027027027	0.9264705882352942	0.41509433962264153	0.9512195121951219	0.9795918367346939	0.8596491228070176	0.9090909090909091
dmw=11296	0.5314207650273224	0.4682080924855491	0.6855670103092784	0.6631578947368421	0.4254658385093168	0.5897435897435898	0.3541666666666667	0.2753623188405797	0.4	0.6666666666666666	0.543859649122807	0.868421052631579	0.42105263157894735	0.21739130434782608	0.5510204081632653	0.9210526315789473	0.29411764705882354
dmw=11302	0.31587057010785824	0.3055555555555556	0.2782152230971129	0.22905027932960895	0.22865853658536586	0.3402061855670103	0.3146067415730337	0.2037037037037037	0.2413793103448276	0.5757575757575758	0.0	0.3142857142857143	0.3684210526315789	0.109375	0.5151515151515151	0.5	0.0
dmw=11334	0.3527272727272727	0.3277693474962064	0.5291666666666667	0.417910447761194	0.5255813953488372	0.75	0.5046728971962616	0.3779527559055118	0.532608695652174	0.5641025641025641	0.5	0.696969696969697	0.5853658536585366	0.5357142857142857	0.9285714285714286	0.6909090909090909	0.42105263157894735
dmw=11335	0.8408812729498164	0.7707006369426752	0.8323353293413174	0.8928571428571429	0.44	0.6855345911949685	0.3235294117647059	0.8716814159292036	0.504424778761062	0.8983050847457628	0.5833333333333334	0.7605633802816901	0.72	0.3924050632911392	0.25806451612903225	0.8636363636363636	0.7534246575342466
dmw=11341	0.18842364532019704	0.17229336437718276	0.36533333333333334	0.20938628158844766	0.1400560224089636	0.23809523809523808	0.21256038647342995	0.16993464052287582	0.2421875	0.22857142857142856	0.3333333333333333	0.35365853658536583	0.27906976744186046	0.2647058823529412	0.3793103448275862	0.2857142857142857	0.625
dmw=11345	0.8338692390139335	0.8063112078346029	0.8735294117647059	0.9279279279279279	0.7237851662404092	0.8534031413612565	0.6815476190476191	0.8713235294117647	0.8095238095238095	0.9375	0.8415841584158416	0.47619047619047616	0.6666666666666666	0.7980769230769231	0.9642857142857143	0.8	0.9411764705882353
dmw=11360	0.533500837520938	0.4678543764523625	0.38734177215189874	0.5260115606936416	0.5129310344827587	0.5207373271889401	0.5100286532951289	0.45288753799392095	0.5793650793650794	0.41228070175438597	0.3488372093023256	0.38271604938271603	0.6578947368421053	0.5842696629213483	0.4	0.6981132075471698	0.45161290322580644
dmw=11368	0.21193415637860083	0.1499302649930265	0.5027027027027027	0.3313953488372093	0.14733969986357434	0.5791666666666667	0.14823529411764705	0.16859122401847576	0.17801047120418848	0.5046728971962616	0.11926605504587157	0.6016949152542372	0.2937062937062937	0.25517241379310346	0.5660377358490566	0.765625	0.5714285714285714
dmw=11382	0.624105668684645	0.5938037865748709	0.5525040387722132	0.6357388316151202	0.4470404984423676	0.6344647519582245	0.42424242424242425	0.39903846153846156	0.4692737430167598	0.6290322580645161	0.556390977443609	0.5533333333333333	0.673469387755102	0.35833333333333334	0.6171875	0.6781609195402298	0.6111111111111112
dmw=11390	0.3707250341997264	0.36013986013986016	0.6428571428571429	0.50199203187251	0.4843205574912892	0.7238805970149254	0.475	0.528169014084507	0.4180327868852459	0.6638655462184874	0.5789473684210527	0.5081967213114754	0.36363636363636365	0.6285714285714286	0.42857142857142855	0.84	0.4
dmw=11391	0.7173295454545454	0.6732348111658456	0.7209302325581395	0.8465116279069768	0.6666666666666666	0.7904191616766467	0.6878612716763006	0.6257668711656442	0.6631578947368421	0.7589285714285714	0.5277777777777778	0.6956521739130435	0.5882352941176471	0.16666666666666666	0.38235294117647056	0.9629629629629629	0.3333333333333333
dmw=11393	0.03769633507853403	0.020869565217391306	0.3248407643312102	0.06060606060606061	0.27972027972027974	0.3323353293413174	0.34150943396226413	0.048879837067209775	0.3282051282051282	0.2620689655172414	0.05555555555555555	0.5	0.09929078014184398	0.36363636363636365	0.49295774647887325	0.3492063492063492	0.4716981132075472
dmw=11407	0.6973180076628352	0.6992084432717678	0.8013698630136986	0.7338129496402878	0.13274336283185842	0.7948717948717948	0.035398230088495575	0.5882352941176471	0.19230769230769232	0.6071428571428571	0.42424242424242425	1.0	0.75	0.19230769230769232	0.26666666666666666	0.7586206896551724	0.7692307692307693
dmw=11419	0.29298545765611633	0.2644561261625556	0.4627450980392157	0.4252336448598131	0.5575019040365575	0.571917808219178	0.5851293103448276	0.29806598407281	0.569023569023569	0.5446428571428571	0.46798029556650245	0.6044776119402985	0.4863636363636364	0.5625	0.5514018691588785	0.6797385620915033	0.5306122448979592
dmw=11428	0.7395626242544732	0.6622950819672131	0.7255639097744361	0.7828947368421053	0.5	0.7159090909090909	0.6267281105990783	0.7194570135746606	0.5094339622641509	0.8653846153846154	0.42857142857142855	0.7241379310344828	0.7358490566037735	0.6666666666666666	0.38095238095238093	0.7333333333333333	0.25
dmw=11452	0.8941048034934498	0.8975356679636836	0.9164733178654292	0.9431818181818182	0.8772455089820359	0.8813559322033898	0.8888888888888888	0.8899521531100478	0.93	0.9375	0.7843137254901961	0.9139784946236559	0.5319148936170213	0.9393939393939394	0.9354838709677419	0.8793103448275862	0.7857142857142857
dmw=11457	0.30748422001803427	0.2693498452012384	0.22972972972972974	0.26875	0.21092278719397364	0.29906542056074764	0.31954887218045114	0.20081967213114754	0.2153846153846154	0.23404255319148937	0.12844036697247707	0.24752475247524752	0.25287356321839083	0.2777777777777778	0.10869565217391304	0.2926829268292683	0.2978723404255319
dmw=11482	0.6448275862068965	0.678082191780822	0.7307692307692307	0.6989247311827957	0.28735632183908044	0.6875	0.07692307692307693	0.6103896103896104	0.14492753623188406	0.6666666666666666	0.6363636363636364	0.6538461538461539	0.9166666666666666	0.3333333333333333	0.0	1.0	1.0
dmw=11491	0.7515388919977616	0.6418393782383419	0.788034188034188	0.7630853994490359	0.5311059907834101	0.8481012658227848	0.592	0.6416184971098265	0.5824175824175825	0.6352201257861635	0.5913978494623656	0.8333333333333334	0.9130434782608695	0.5911602209944752	0.8181818181818182	0.8452380952380952	0.7692307692307693
dmw=11530	0.2628979143798024	0.2576368876080692	0.2630272952853598	0.2775	0.19972826086956522	0.23208191126279865	0.15015015015015015	0.26055045871559634	0.17708333333333334	0.20735785953177258	0.27058823529411763	0.2815533980582524	0.33962264150943394	0.11486486486486487	0.05970149253731343	0.2033898305084746	0.3018867924528302
dmw=11531	0.05845511482254697	0.0421455938697318	0.22857142857142856	0.1015625	0.15469613259668508	0.1511627906976744	0.13178294573643412	0.06179775280898876	0.20634920634920634	0.12903225806451613	0.06818181818181818	0.1111111111111111	0.09090909090909091	0.061224489795918366	0.125	0.5454545454545454	0.25
dmw=11533	0.03389830508474576	0.029411764705882353	0.1487603305785124	0.14285714285714285	0.06542056074766354	0.2727272727272727	0.027522935779816515	0.058823529411764705	0.057692307692307696	0.0	0.0	0.0	0.07692307692307693	0.0	0.0	0.16666666666666666	0.0
dmw=11534	0.6819012797074955	0.6414048059149723	0.9375	0.8035714285714286	0.5339805825242718	0.8613138686131386	0.5921052631578947	0.6209677419354839	0.6875	0.8148148148148148	0.8153846153846154	0.6875	0.8823529411764706	0.5483870967741935	0.5833333333333334	0.9473684210526315	0.8333333333333334
dmw=11535	0.7018121911037891	0.6317321688500728	0.7867298578199052	0.7802197802197802	0.2543103448275862	0.5033557046979866	0.28402366863905326	0.6432748538011696	0.36666666666666664	0.6	0.686046511627907	0.7692307692307693	0.631578947368421	0.1267605633802817	0.35	0.7777777777777778	0.8
dmw=11537	0.7810413885180241	0.7280966767371602	0.7481203007518797	0.8414096916299559	0.5833333333333334	0.7671232876712328	0.5466666666666666	0.6746411483253588	0.6139240506329114	0.7	0.7215189873417721	0.8666666666666667	0.7708333333333334	0.6842105263157895	0.8	0.8	0.5
dmw=11539	0.6230110159118727	0.5645161290322581	0.38305084745762713	0.8678414096916299	0.42729970326409494	0.6771653543307087	0.391304347826087	0.5186915887850467	0.589041095890411	0.5333333333333333	0.4827586206896552	0.34	0.66	0.23232323232323232	0.9333333333333333	0.42857142857142855	0.3541666666666667
dmw=11540	0.8625715773034878	0.781148429035753	0.8302180685358256	0.844311377245509	0.5261707988980716	0.8010610079575596	0.6430868167202572	0.8299531981279251	0.6744186046511628	0.7282051282051282	0.6013986013986014	0.8084112149532711	0.875	0.6291390728476821	0.6756756756756757	0.875	0.9210526315789473
dmw=11541	0.9474921630094044	0.9237933954276037	0.9137529137529138	0.9790794979079498	0.8303747534516766	0.8865546218487395	0.8680738786279684	0.9620253164556962	0.8771929824561403	0.8016528925619835	0.8903225806451613	0.95	0.8775510204081632	0.8701298701298701	0.8648648648648649	1.0	0.9411764705882353
dmw=11542	0.8608	0.8568037974683544	0.9057142857142857	0.9423076923076923	0.9116945107398569	0.875	0.9571428571428572	0.9099378881987578	0.9061032863849765	0.7288135593220338	0.8260869565217391	0.6875	0.39805825242718446	0.8737864077669902	1.0	1.0	0.875
dmw=11543	0.002320185614849188	0.0019011406844106464	0.018404907975460124	0.014598540145985401	0.0091324200913242	0.0	0.0196078431372549	0.0	0.03571428571428571	0.0	0.03225806451612903	0.044444444444444446	0.0	0.02857142857142857	0.0	0.029411764705882353	0.13333333333333333
dmw=11549	0.13893967093235832	0.12549019607843137	0.2047244094488189	0.3263157894736842	0.2179930795847751	0.3063063063063063	0.12	0.10227272727272728	0.24705882352941178	0.3484848484848485	0.05660377358490566	0.07792207792207792	0.14285714285714285	0.20454545454545456	0.3783783783783784	0.36363636363636365	0.3333333333333333
dmw=11554	0.4331450094161959	0.45617977528089887	0.7738693467336684	0.528	0.8512820512820513	0.7886178861788617	0.7745664739884393	0.7152777777777778	0.8202247191011236	0.43478260869565216	0.4838709677419355	0.78	0.4166666666666667	0.8166666666666667	0.7391304347826086	0.8518518518518519	0.375
dmw=11555	0.1280148423005566	0.10926829268292683	0.11946902654867257	0.13666666666666666	0.048417132216014895	0.14222222222222222	0.045351473922902494	0.04985337243401759	0.0958904109589041	0.0898876404494382	0.10309278350515463	0.027777777777777776	0.17	0.06896551724137931	0.21428571428571427	0.10526315789473684	0.05405405405405406
dmw=11561	0.4636734693877551	0.39164086687306504	0.4547169811320755	0.5317460317460317	0.2633181126331811	0.4639175257731959	0.2923076923076923	0.35684647302904565	0.3202247191011236	0.34558823529411764	0.35714285714285715	0.45714285714285713	0.3333333333333333	0.21212121212121213	0.3055555555555556	0.6197183098591549	0.47761194029850745
dmw=11564	0.9263343625937362	0.9162033359809373	0.944206008583691	0.9546165884194053	0.9135188866799204	0.9150641025641025	0.9462915601023018	0.9440559440559441	0.9387096774193548	0.6816326530612244	0.8721461187214612	0.9365079365079365	0.7863247863247863	0.9727272727272728	1.0	0.987012987012987	0.898876404494382
dmw=11573	0.9453734671125975	0.8944168048645661	0.9436241610738255	0.9430523917995444	0.9551495016611296	0.9829787234042553	0.9649532710280374	0.9491525423728814	0.9703389830508474	0.7918552036199095	0.9470198675496688	0.906832298136646	0.6904761904761905	0.9732620320855615	1.0	1.0	0.9150943396226415
dmw=11591	0.011764705882352941	0.012091898428053204	0.012987012987012988	0.030303030303030304	0.008714596949891068	0.005434782608695652	0.014134275618374558	0.0	0.0	0.015625	0.02564102564102564	0.010526315789473684	0.02631578947368421	0.0	0.0	0.0	0.24
dmw=11599	0.8854337152209493	0.8535606820461384	0.8942307692307693	0.9455587392550143	0.899803536345776	0.9315068493150684	0.788135593220339	0.9233870967741935	0.9269662921348315	0.7608695652173914	0.6848484848484848	0.921875	0.8717948717948718	0.9310344827586207	0.975	0.9655172413793104	0.8974358974358975
dmw=11604	0.18980169971671387	0.11379310344827587	0.6404494382022472	0.3902439024390244	0.5047619047619047	0.85	0.5181818181818182	0.26229508196721313	0.6346153846153846	0.3684210526315789	0.23529411764705882	0.6428571428571429	0.0	0.6170212765957447	0.8666666666666667	0.8181818181818182	0.8
dmw=11615	0.865874363327674	0.7832310838445807	0.8549222797927462	0.9030612244897959	0.8620689655172413	1.0	0.8092105263157895	0.8636363636363636	0.9320388349514563	0.31343283582089554	0.7857142857142857	0.6216216216216216	0.8260869565217391	0.9523809523809523	0.9545454545454546	1.0	0.5882352941176471
dmw=11619	0.9013157894736842	0.8909090909090909	0.9363636363636364	0.8854166666666666	0.9597855227882037	0.9571428571428572	0.930921052631579	0.9276018099547512	0.9423076923076923	0.6666666666666666	0.7903225806451613	0.90625	0.6551724137931034	0.975609756097561	1.0	1.0	0.78125
dmw=11627	0.040892193308550186	0.04772234273318872	0.189873417721519	0.022727272727272728	0.16412213740458015	0.45132743362831856	0.09782608695652174	0.0896551724137931	0.06451612903225806	0.058823529411764705	0.05555555555555555	0.08	0.0	0.0	0.15384615384615385	0.19230769230769232	0.16666666666666666
dmw=11629	0.8137847642079806	0.7772972972972974	0.8888888888888888	0.8567639257294429	0.8533541341653667	0.9543147208121827	0.8551829268292683	0.8847184986595175	0.7950819672131147	0.7358490566037735	0.7560975609756098	0.8297872340425532	0.9215686274509803	0.9668874172185431	0.8433734939759037	1.0	0.7068965517241379
dmw=11636	0.6207376478775226	0.5902597402597403	0.521259842519685	0.6308068459657702	0.47897897897897895	0.5876623376623377	0.23782771535580524	0.5672514619883041	0.22826086956521738	0.48046875	0.5578231292517006	0.5804597701149425	0.5289256198347108	0.6222222222222222	0.6923076923076923	0.6666666666666666	0.5681818181818182
dmw=11639	0.5028184892897407	0.468682505399568	0.5436893203883495	0.7488151658767772	0.3805031446540881	0.6217948717948718	0.3854748603351955	0.34959349593495936	0.43333333333333335	0.375886524822695	0.6341463414634146	0.47368421052631576	0.509090909090909	0.31746031746031744	0.7391304347826086	0.65625	0.4074074074074074
dmw=11666	0.8764705882352941	0.8483685220729367	0.9202702702702703	0.9200743494423792	0.9090909090909091	0.9272727272727272	0.8902589395807645	0.8771121351766513	0.8355263157894737	0.6138211382113821	0.7875	0.8589743589743589	0.7868852459016393	0.9315789473684211	0.953125	0.9391304347826087	0.6547619047619048
dmw=11667	0.9124121779859484	0.8902932254802831	0.9648382559774965	0.931899641577061	0.9250972762645915	0.9099099099099099	0.9083023543990086	0.9314079422382672	0.9353846153846154	0.7044025157232704	0.9504132231404959	0.9641025641025641	0.8729281767955801	0.9625850340136054	0.9621212121212122	0.9552238805970149	0.7524752475247525
dmw=11668	0.8653957250144425	0.8818541548897683	0.9268707482993197	0.9080717488789237	0.9220588235294118	0.9233128834355828	0.8829787234042553	0.940959409594096	0.9485981308411215	0.7329192546583851	0.8548387096774194	0.9414634146341463	0.8267716535433071	0.951048951048951	1.0	1.0	0.5846153846153846
dmw=11673	0.9267920691408236	0.8712212817412334	0.9258064516129032	0.945750452079566	0.9294670846394985	0.9770773638968482	0.9359504132231405	0.9064449064449065	0.9141630901287554	0.7819548872180451	0.9302325581395349	0.9356435643564357	0.5688622754491018	0.9649122807017544	0.9540229885057471	0.9743589743589743	1.0
dmw=11674	0.9252873563218391	0.8999684443041969	0.9254901960784314	0.944954128440367	0.9245432883240667	0.9698046181172292	0.9565217391304348	0.9469914040114613	0.9798270893371758	0.8108882521489972	0.8018433179723502	0.89375	0.847953216374269	0.9508196721311475	1.0	1.0	0.8823529411764706
dmw=11675	0.9058544303797469	0.8637873754152824	0.933993399339934	0.9292929292929293	0.9185059422750425	0.9509433962264151	0.9445843828715366	0.9501385041551247	0.8942307692307693	0.7532467532467533	0.9166666666666666	0.9565217391304348	0.9310344827586207	0.9426751592356688	0.9361702127659575	1.0	0.7209302325581395
dmw=11676	0.8564263322884013	0.8503549972692518	0.8530020703933747	0.8560885608856088	0.8432956381260097	0.9411764705882353	0.8926905132192846	0.8954248366013072	0.8789237668161435	0.6026785714285714	0.6428571428571429	0.8541666666666666	0.8203125	0.889763779527559	1.0	0.9259259259259259	0.8518518518518519
dmw=11677	0.6244813278008299	0.5896551724137931	0.6843575418994413	0.7	0.7932692307692307	0.7251184834123223	0.6505376344086021	0.7068273092369478	0.7785714285714286	0.4457831325301205	0.6721311475409836	0.5774647887323944	0.5918367346938775	0.6542056074766355	1.0	0.88	0.5263157894736842
dmw=11679	0.8769230769230769	0.8583509513742071	0.8581081081081081	0.8571428571428571	0.9534883720930233	0.8974358974358975	0.9180327868852459	0.8455284552845529	0.9090909090909091	0.660377358490566	0.9069767441860465	1.0	0.20689655172413793	0.675	0.875	1.0	0.0
dmw=11680	0.9174649963154016	0.8948275862068965	0.9309090909090909	0.9861111111111112	0.9646153846153847	0.9458333333333333	0.9343544857768052	0.9341772151898734	0.8632478632478633	0.75	0.8108108108108109	0.945054945054945	0.75	0.8809523809523809	1.0	0.9574468085106383	0.88
dmw=11681	0.051364365971107544	0.0186219739292365	0.1813186813186813	0.06451612903225806	0.03932584269662921	0.24528301886792453	0.02054794520547945	0.10144927536231885	0.030927835051546393	0.13793103448275862	0.0	0.15	0.10526315789473684	0.02631578947368421	0.23076923076923078	0.3	0.0
dmw=11682	0.3553868402024584	0.33033788641265277	0.5516621743036837	0.38002594033722437	0.4269264836138175	0.545054945054945	0.3812566560170394	0.4848837209302326	0.3894736842105263	0.42948717948717946	0.3951048951048951	0.5520504731861199	0.37142857142857144	0.4580152671755725	0.5771812080536913	0.47093023255813954	0.47058823529411764
dmw=11687	0.8269646719538573	0.8202090592334494	0.8864864864864865	0.8917647058823529	0.8523364485981308	0.8776371308016878	0.8565217391304348	0.9065040650406504	0.8994974874371859	0.76	0.7644230769230769	0.9291338582677166	0.6477272727272727	0.9065420560747663	0.9642857142857143	0.9333333333333333	0.6301369863013698
dmw=11688	0.8916776750330251	0.8616088448341593	0.9213483146067416	0.9257028112449799	0.9115281501340483	0.8967254408060453	0.9025270758122743	0.883480825958702	0.8898809523809523	0.6200716845878136	0.8590308370044053	1.0	0.75	0.9537037037037037	0.9534883720930233	1.0	0.9047619047619048
dmw=11689	0.8794605226187131	0.8515769944341373	0.9328908554572272	0.9005649717514125	0.9042904290429042	0.9472868217054263	0.8943170488534397	0.9278887923544744	0.9208494208494209	0.7004950495049505	0.8638132295719845	0.7379679144385026	0.6666666666666666	0.9247311827956989	0.9605263157894737	0.96	0.7959183673469388
dmw=11690	0.9069896964633807	0.882421760748757	0.9342372881355933	0.9396984924623115	0.8955773955773956	0.9266770670826833	0.9133466135458167	0.9271465741543798	0.9298245614035088	0.7068493150684931	0.8228228228228228	0.90625	0.7835497835497836	0.9281914893617021	0.9787234042553191	0.8988095238095238	0.8181818181818182
dmw=11691	0.89	0.8348472336911643	0.895361380798274	0.9247311827956989	0.918918918918919	0.9333333333333333	0.8841201716738197	0.9149453219927096	0.8977635782747604	0.5828877005347594	0.8362831858407079	0.8888888888888888	0.8484848484848485	0.9631578947368421	0.9609375	0.8392857142857143	0.8
dmw=11692	0.8738938053097345	0.8800827015851137	0.9036544850498339	0.9368770764119602	0.9070631970260223	0.9306122448979591	0.9367396593673966	0.9033232628398792	0.9528301886792453	0.5843373493975904	0.8153846153846154	0.9833333333333333	0.7450980392156863	0.9292929292929293	0.9148936170212766	0.8979591836734694	0.7671232876712328
dmw=11693	0.8228571428571428	0.725	0.8840579710144928	0.8089887640449438	0.49044585987261147	0.625	0.3068181818181818	0.8623853211009175	0.5135135135135135	0.7037037037037037	0.42857142857142855	0.8888888888888888	1.0	0.2857142857142857	0.3333333333333333	0.7142857142857143	0.75
dmw=11694	0.8936936936936937	0.871078431372549	0.9246676514032496	0.9503239740820735	0.8545887961859356	0.9625468164794008	0.854632587859425	0.9192982456140351	0.9071428571428571	0.8689655172413793	0.7597402597402597	0.9739583333333334	0.9238095238095239	0.8563829787234043	0.9512195121951219	0.9545454545454546	0.7
dmw=11696	0.7651851851851852	0.746268656716418	0.7705263157894737	0.7883817427385892	0.6812080536912751	0.7899686520376176	0.5557620817843866	0.7721943048576214	0.7373737373737373	0.6666666666666666	0.6046511627906976	0.8347107438016529	0.7195121951219512	0.6390977443609023	0.810126582278481	0.95	0.65
dmw=11707	0.24921383647798742	0.20147255689424365	0.2927927927927928	0.335423197492163	0.3508771929824561	0.4510739856801909	0.31728045325779036	0.29910714285714285	0.40441176470588236	0.39285714285714285	0.3	0.38524590163934425	0.22448979591836735	0.18333333333333332	0.2857142857142857	0.4533333333333333	0.16326530612244897
dmw=11712	0.8481012658227848	0.7921031426269137	0.908695652173913	0.9225352112676056	0.9106382978723404	0.9288702928870293	0.8282608695652174	0.820580474934037	0.9142857142857143	0.6859504132231405	0.782608695652174	0.8571428571428571	0.8481012658227848	0.953125	0.9696969696969697	0.9850746268656716	0.8375
dmw=11713	0.589873417721519	0.5490430622009569	0.5708661417322834	0.6573033707865169	0.3236151603498542	0.5612244897959183	0.4251968503937008	0.6529850746268657	0.3333333333333333	0.375	0.5733333333333334	0.825	0.3275862068965517	0.4426229508196721	0.48484848484848486	0.45	0.38461538461538464
dmw=11714	0.8907496012759171	0.8726415094339622	0.9240506329113924	0.9531772575250836	0.9101899827288429	0.9264069264069265	0.8944591029023746	0.9164420485175202	0.9304347826086956	0.64	0.7878787878787878	0.8311688311688312	0.8676470588235294	0.9663865546218487	1.0	1.0	0.6538461538461539
dmw=11715	0.8721291123525761	0.8868360277136259	0.8511029411764706	0.9457547169811321	0.9440832249674902	0.9652996845425867	0.950381679389313	0.9214285714285714	0.8461538461538461	0.6170212765957447	0.8308823529411765	0.9096385542168675	0.8596491228070176	0.9421965317919075	0.972972972972973	0.9253731343283582	0.8421052631578947
dmw=11724	0.9260237780713342	0.8909774436090225	0.9669117647058824	0.9194139194139194	0.9190140845070423	0.8983050847457628	0.9049881235154394	0.9311224489795918	0.9323671497584541	0.7151898734177216	0.9433962264150944	0.9338842975206612	0.9487179487179487	0.8582089552238806	0.9807692307692307	0.975	1.0
dmw=11731	0.9070080862533693	0.8906732550957381	0.9483037156704361	0.9541139240506329	0.9110854503464203	0.932258064516129	0.9020715630885122	0.9277389277389277	0.9347826086956522	0.6164383561643836	0.868421052631579	0.8252427184466019	0.765625	0.9629629629629629	0.9344262295081968	0.9090909090909091	0.782608695652174
dmw=11732	0.9195596951735817	0.8528072837632777	0.887905604719764	0.891566265060241	0.9137254901960784	0.967741935483871	0.9228486646884273	0.9297520661157025	0.9364161849710982	0.7009345794392523	0.8535031847133758	0.8441558441558441	0.7265625	0.9166666666666666	1.0	0.9411764705882353	0.6666666666666666
dmw=11733	0.8555555555555555	0.8031704095112285	0.9453125	0.918918918918919	0.8992443324937027	0.9338235294117647	0.8598484848484849	0.9318885448916409	0.9649122807017544	0.6692913385826772	0.8947368421052632	0.9285714285714286	0.9318181818181818	0.926829268292683	1.0	1.0	0.88
dmw=11734	0.8802889576883385	0.8513046211883055	0.8877216021011162	0.9209621993127147	0.8974358974358975	0.9476372924648787	0.8939899833055092	0.8968347010550997	0.9258312020460358	0.6031390134529148	0.7802690582959642	0.8403041825095057	0.856020942408377	0.8917378917378918	0.9174757281553398	0.9316239316239316	0.841726618705036
dmw=11735	0.8918830101873152	0.8616133518776078	0.9046909903201787	0.9431818181818182	0.9313413858868405	0.9234167893961709	0.9334698055271239	0.9351669941060904	0.945619335347432	0.8178807947019867	0.8882978723404256	0.8992537313432836	0.8373015873015873	0.9375	0.9641255605381166	0.9757575757575757	0.8117647058823529
dmw=11736	0.9012987012987013	0.8912231559290383	0.9239250275633958	0.9389312977099237	0.9258028792912514	0.9507389162561576	0.9106628242074928	0.9518716577540107	0.9703703703703703	0.5232067510548524	0.7432432432432432	0.9051724137931034	0.904	0.9326923076923077	0.8529411764705882	0.9775280898876404	0.6904761904761905
dmw=11737	0.8636953699697101	0.8419398293668613	0.895320197044335	0.9174174174174174	0.8908341915550978	0.9423631123919308	0.8973966309341501	0.9002557544757033	0.8606271777003485	0.7572254335260116	0.8423076923076923	0.7836734693877551	0.824	0.930327868852459	0.9469026548672567	0.9428571428571428	0.5769230769230769
dmw=11738	0.9175654853620955	0.9071877180739707	0.9135135135135135	0.9501661129568106	0.9021922428330523	0.9295039164490861	0.8907216494845361	0.9351351351351351	0.9244444444444444	0.6739130434782609	0.9347826086956522	0.9696969696969697	0.9666666666666667	0.9504950495049505	0.9285714285714286	0.9264705882352942	0.8481012658227848
dmw=11740	0.9125	0.8853267570900123	0.8700361010830325	0.9178082191780822	0.9292452830188679	0.8717948717948718	0.8714733542319749	0.8571428571428571	0.9072164948453608	0.5894736842105263	0.9459459459459459	0.9130434782608695	0.8461538461538461	0.9333333333333333	0.9545454545454546	0.9473684210526315	0.7021276595744681
dmw=11741	0.8863813229571984	0.859805510534846	0.8827160493827161	0.9624060150375939	0.9118165784832452	0.9300411522633745	0.9302325581395349	0.9561128526645768	0.944	0.7452830188679245	0.8333333333333334	0.923728813559322	0.9365079365079365	0.975609756097561	0.8571428571428571	0.9512195121951219	0.6444444444444445
dmw=11745	0.904188181296615	0.8811501597444089	0.8792184724689165	0.9498327759197325	0.9051987767584098	0.9390243902439024	0.9242424242424242	0.8902147971360382	0.9318181818181818	0.6790123456790124	0.9245283018867925	0.9069767441860465	0.8082191780821918	0.9415204678362573	0.9620253164556962	0.8205128205128205	0.8058252427184466
dmw=11746	0.9029810298102982	0.8612658227848101	0.9088937093275488	0.9253731343283582	0.9301423027166882	0.9386189258312021	0.8991150442477877	0.8810810810810811	0.88	0.783068783068783	0.8333333333333334	0.8009259259259259	0.78125	0.9074074074074074	0.9487179487179487	1.0	0.6741573033707865
dmw=11747	0.8658074298711145	0.8506998444790047	0.851063829787234	0.9369747899159664	0.8504901960784313	0.9575163398692811	0.925	0.9297752808988764	0.9801324503311258	0.6073619631901841	0.8548387096774194	0.9230769230769231	0.8857142857142857	0.9830508474576272	0.9230769230769231	0.971830985915493	0.8
dmw=11748	0.8850806451612904	0.8658448150833937	0.9090909090909091	0.8968058968058968	0.9092261904761905	0.9683098591549296	0.9114470842332614	0.914364640883978	0.9485294117647058	0.5935483870967742	0.8536585365853658	0.9583333333333334	0.6666666666666666	0.8729281767955801	0.5625	0.9736842105263158	1.0
dmw=11749	0.7665867306155076	0.7129943502824859	0.8924111431316042	0.8506588579795022	0.8340147179067866	0.9345132743362832	0.8192627824019025	0.8417553191489362	0.8281786941580757	0.7025089605734767	0.7314285714285714	0.8305785123966942	0.7614678899082569	0.8677248677248677	0.991869918699187	0.96875	0.5777777777777777
dmw=11750	0.8697749196141479	0.834658187599364	0.8772338772338772	0.9276139410187667	0.9199683042789224	0.9546120058565154	0.9199655765920827	0.9141025641025641	0.9325842696629213	0.7700831024930748	0.8009708737864077	0.9029126213592233	0.8389830508474576	0.9333333333333333	0.9611650485436893	0.9379310344827586	0.7925925925925926
dmw=11751	0.8416040100250627	0.7571500250878074	0.8767605633802817	0.9177101967799642	0.8703703703703703	0.9526881720430107	0.849476439790576	0.8516129032258064	0.86328125	0.5961538461538461	0.7935779816513762	0.8324324324324325	0.79	0.9276018099547512	0.96875	0.9494949494949495	0.6185567010309279
dmw=11752	0.8885261194029851	0.8397085610200364	0.9451395572666025	0.9284497444633731	0.9185185185185185	0.9457236842105263	0.9178082191780822	0.9128205128205128	0.9120879120879121	0.8556701030927835	0.9304347826086956	0.9571428571428572	0.9424460431654677	0.9333333333333333	0.9333333333333333	1.0	0.6161616161616161
dmw=11753	0.8743386243386243	0.8274570982839313	0.9153005464480874	0.9063829787234042	0.920120572720422	0.9364754098360656	0.9245098039215687	0.9017964071856287	0.9230769230769231	0.60790273556231	0.8061224489795918	0.9043478260869565	0.8894736842105263	0.9350180505415162	0.9259259259259259	1.0	0.7731958762886598
dmw=11754	0.8861411643482741	0.826308476146364	0.9138187221396731	0.9268707482993197	0.9154929577464789	0.9661016949152542	0.8797814207650273	0.93	0.9365671641791045	0.6385542168674698	0.873015873015873	0.9440559440559441	0.8521739130434782	0.8831168831168831	0.9764705882352941	0.8923076923076924	0.8620689655172413
dmw=11759	0.7990905332782141	0.6967462039045553	0.8605817452357071	0.8736176935229067	0.793038570084666	0.8902077151335311	0.8149010477299186	0.8584474885844748	0.8076923076923077	0.5632911392405063	0.7559523809523809	0.75	0.7567567567567568	0.9152542372881356	0.9240506329113924	0.9183673469387755	0.77
dmw=11760	0.8875067604110329	0.86500794070937	0.9007832898172323	0.927536231884058	0.9150943396226415	0.9559228650137741	0.9116666666666666	0.9380234505862647	0.9150326797385621	0.8415841584158416	0.8591549295774648	0.8490566037735849	0.8	0.9107142857142857	0.9464285714285714	1.0	0.5
dmw=11761	0.8485742379547689	0.8464193270060397	0.9013157894736842	0.9243697478991597	0.9182795698924732	0.9488372093023256	0.9440203562340967	0.9023668639053254	0.9298245614035088	0.8271604938271605	0.8260869565217391	0.8121212121212121	0.8	0.8631578947368421	0.8787878787878788	0.88	0.76
dmw=11762	0.8514080287597364	0.8441471571906355	0.9129082426127527	0.8793103448275862	0.9142053445850914	0.9630681818181818	0.9046052631578947	0.8711340206185567	0.9386503067484663	0.6341463414634146	0.7912087912087912	0.9203539823008849	0.8953488372093024	0.9381443298969072	0.7894736842105263	0.9047619047619048	0.8409090909090909
dmw=11763	0.8237951807228916	0.7550626808100289	0.910271546635183	0.8633663366336634	0.8523725834797891	0.9345372460496614	0.8180494905385735	0.8634146341463415	0.8613138686131386	0.8	0.7636363636363637	0.8867924528301887	0.8796296296296297	0.8106796116504854	0.96	0.9493670886075949	0.6533333333333333
dmw=11764	0.7884151246983105	0.7150635208711433	0.8351177730192719	0.8547486033519553	0.8454106280193237	0.9448051948051948	0.8	0.8431372549019608	0.8549222797927462	0.7303370786516854	0.8	0.648854961832061	0.9080459770114943	0.85	0.9642857142857143	0.9642857142857143	0.4444444444444444
dmw=11765	0.8517897091722595	0.7867803837953091	0.8658088235294118	0.8596491228070176	0.9108079748163693	0.9279778393351801	0.9141742522756827	0.9116279069767442	0.9094827586206896	0.9375	0.7624309392265194	0.9565217391304348	0.7794117647058824	0.8791208791208791	0.9555555555555556	0.8333333333333334	0.52
dmw=11766	0.9030944625407166	0.8937381404174574	0.8567415730337079	0.928	0.9142091152815014	0.917098445595855	0.9551724137931035	0.950920245398773	0.9693877551020408	0.6204379562043796	0.8846153846153846	0.5806451612903226	0.7864077669902912	0.975	0.9696969696969697	0.8461538461538461	0.8076923076923077
dmw=11767	0.7413223140495868	0.6832412523020258	0.8994413407821229	0.839622641509434	0.7887640449438202	0.9152542372881356	0.8074534161490683	0.8409638554216867	0.7719298245614035	0.8114754098360656	0.7926829268292683	0.5897435897435898	0.6458333333333334	0.8095238095238095	0.953125	0.9272727272727272	0.42857142857142855
dmw=11768	0.9011164274322169	0.8516455696202532	0.9262865090403338	0.9186046511627907	0.8958333333333334	0.9338422391857506	0.9125248508946322	0.9250398724082934	0.9581749049429658	0.5681818181818182	0.8907563025210085	0.7449392712550608	0.8252427184466019	0.8756476683937824	1.0	0.9830508474576272	0.819672131147541
dmw=11769	0.8925016589250165	0.8595238095238096	0.9289026275115919	0.9118165784832452	0.9269406392694064	0.923728813559322	0.9223638470451911	0.948	0.9067164179104478	0.7935483870967742	0.7373737373737373	0.9649122807017544	0.8461538461538461	0.9157894736842105	0.9375	0.9736842105263158	0.7741935483870968
dmw=11770	0.8948545861297539	0.8578749572941579	0.9192495921696574	0.9344262295081968	0.9049803407601573	0.9085365853658537	0.9046692607003891	0.9362880886426593	0.9373368146214099	0.7694704049844237	0.8598130841121495	0.9047619047619048	0.8848484848484849	0.9308510638297872	0.9726027397260274	0.9827586206896551	0.6290322580645161
dmw=11771	0.8765198594974332	0.8618032365784741	0.9114103472714387	0.9420432220039293	0.9281828073993471	0.959866220735786	0.9077490774907749	0.92018779342723	0.9363207547169812	0.6074766355140186	0.8390022675736961	0.8497267759562842	0.8272251308900523	0.9178082191780822	0.9897959183673469	0.9726027397260274	0.6666666666666666
dmw=11772	0.8704137392661982	0.8831168831168831	0.9405034324942791	0.9280205655526992	0.943127962085308	0.966789667896679	0.9257294429708223	0.935064935064935	0.9259259259259259	0.6548672566371682	0.9435483870967742	0.7397260273972602	0.9047619047619048	0.9270833333333334	1.0	1.0	0.6461538461538462
dmw=11773	0.9374575118966689	0.8942307692307693	0.9557399723374828	0.9523809523809523	0.9599483204134367	0.9022988505747126	0.9279112754158965	0.9454828660436138	0.942652329749104	0.6877637130801688	0.9170731707317074	0.9130434782608695	0.9202898550724637	0.9457013574660633	0.9418604651162791	1.0	0.8709677419354839
dmw=11774	0.8285280728376327	0.7717241379310344	0.8993963782696177	0.8203125	0.8738317757009346	0.9	0.8488372093023255	0.8996865203761756	0.8472906403940886	0.5175438596491229	0.7894736842105263	0.8448275862068966	0.8	0.907563025210084	1.0	0.9122807017543859	0.620253164556962
dmw=11775	0.9188311688311688	0.8707627118644068	0.9283276450511946	0.9572649572649573	0.9093264248704663	0.937888198757764	0.9288537549407114	0.9270833333333334	0.9072164948453608	0.6896551724137931	0.8888888888888888	0.8307692307692308	0.7222222222222222	0.96	0.9318181818181818	1.0	0.875
dmw=11776	0.9035964035964036	0.8606370875995449	0.9232769830949284	0.9341421143847487	0.9315436241610738	0.9328621908127208	0.9157894736842105	0.9274336283185841	0.9142857142857143	0.54	0.918918918918919	0.9207317073170732	0.9066666666666666	0.9095744680851063	0.898876404494382	0.9770114942528736	0.6538461538461539
dmw=11777	0.8563801388147357	0.8449438202247191	0.8948824343015215	0.9247467438494935	0.9178321678321678	0.943342776203966	0.9021615472127418	0.9285714285714286	0.942652329749104	0.7031802120141343	0.7085427135678392	0.9029535864978903	0.9090909090909091	0.9483870967741935	0.9444444444444444	0.974025974025974	0.7
dmw=11778	0.8957528957528957	0.8616071428571429	0.9037037037037037	0.9120654396728016	0.909310761789601	0.9444444444444444	0.8575129533678757	0.9225941422594143	0.956953642384106	0.6844444444444444	0.9019607843137255	0.8854961832061069	0.9127906976744186	0.9689119170984456	1.0	0.9821428571428571	0.7857142857142857
dmw=11779	0.8961518186610438	0.8468271334792122	0.9318181818181818	0.9048543689320389	0.8907849829351536	0.948339483394834	0.8927444794952681	0.9411764705882353	0.8699551569506726	0.7102803738317757	0.8591549295774648	0.901840490797546	0.8676470588235294	0.9172413793103448	1.0	0.946236559139785	0.8205128205128205
dmw=11780	0.8156711624919717	0.7729179149191132	0.877488514548239	0.8075880758807588	0.8548387096774194	0.9486486486486486	0.830739299610895	0.8610567514677103	0.8360655737704918	0.7670250896057348	0.6829268292682927	0.8725490196078431	0.9246575342465754	0.910958904109589	0.967741935483871	0.9361702127659575	0.5465116279069767
dmw=11786	0.8954650269023828	0.8401574803149606	0.9101796407185628	0.9458333333333333	0.9014084507042254	0.8633540372670807	0.8875878220140515	0.9357142857142857	0.8851351351351351	0.7928286852589641	0.8924731182795699	0.9384615384615385	0.865546218487395	0.9603174603174603	1.0	0.9666666666666667	0.65
dmw=11787	0.8470715835140998	0.7693836978131213	0.8321678321678322	0.9126637554585153	0.9033018867924528	0.900523560209424	0.8778409090909091	0.9052631578947369	0.8928571428571429	0.6065573770491803	0.7971014492753623	0.8928571428571429	0.8363636363636363	0.8947368421052632	1.0	1.0	0.6333333333333333
dmw=11789	0.8050397877984085	0.7352941176470589	0.8837209302325582	0.8947368421052632	0.839572192513369	0.9518072289156626	0.8305785123966942	0.867579908675799	0.8461538461538461	0.36065573770491804	0.711864406779661	0.5970149253731343	0.8444444444444444	0.8939393939393939	1.0	0.9696969696969697	0.7575757575757576
dmw=11790	0.9189560439560439	0.8518995492594977	0.9492600422832981	0.9563318777292577	0.9466327827191868	0.9391891891891891	0.9513184584178499	0.9555555555555556	0.9195402298850575	0.8045977011494253	0.8970588235294118	0.9631901840490797	0.6326530612244898	0.9692307692307692	0.989010989010989	0.8974358974358975	0.813953488372093
dmw=11791	0.8955539872971066	0.8641571194762684	0.9401330376940134	0.9290322580645162	0.9143897996357013	0.9847328244274809	0.9381443298969072	0.9166666666666666	0.9516129032258065	0.6785714285714286	0.8363636363636363	0.8461538461538461	0.6415094339622641	0.7623762376237624	0.9552238805970149	0.9857142857142858	0.8148148148148148
dmw=11792	0.8888401986561496	0.8532326569136385	0.9267840593141798	0.9352112676056338	0.926712533652408	0.9524142757172848	0.9150043365134432	0.9307888040712469	0.9345372460496614	0.5757575757575758	0.8252911813643927	0.9137577002053389	0.9257425742574258	0.9326500732064422	0.9666666666666667	0.8930635838150289	0.7931034482758621
dmw=11793	0.7922535211267606	0.6649484536082474	0.8641765704584041	0.8530183727034121	0.8236331569664903	0.8774703557312253	0.7392996108949417	0.8502109704641351	0.8524590163934426	0.7021276595744681	0.6911764705882353	0.7816901408450704	0.8913043478260869	0.8852459016393442	0.9047619047619048	0.8604651162790697	0.6785714285714286
dmw=11794	0.8647942521227956	0.8036072144288577	0.9040852575488455	0.9155405405405406	0.9387144992526159	0.969811320754717	0.9074960127591707	0.9087719298245615	0.9255813953488372	0.9602649006622517	0.7791411042944786	0.7111111111111111	0.8524590163934426	0.9240506329113924	0.921875	0.9518072289156626	0.6551724137931034
dmw=11795	0.8596345514950167	0.8082788671023965	0.9340659340659341	0.903448275862069	0.9267326732673268	0.9061224489795918	0.919921875	0.9	0.9361702127659575	0.7697841726618705	0.875	0.90625	0.765625	0.9202898550724637	0.9767441860465116	0.96875	0.7837837837837838
dmw=11796	0.866504854368932	0.8051643192488263	0.9306930693069307	0.9180327868852459	0.8850267379679144	0.9672131147540983	0.8378378378378378	0.8852459016393442	0.87	0.5263157894736842	0.7922077922077922	0.898876404494382	0.972972972972973	0.9056603773584906	0.8	0.9487179487179487	0.803030303030303
dmw=11797	0.895824720959074	0.8285547103569338	0.9250288350634371	0.9020044543429844	0.9126582278481012	0.9330254041570438	0.9051321928460342	0.9098360655737705	0.9390243902439024	0.7171717171717171	0.9020618556701031	0.774468085106383	0.8476190476190476	0.9173553719008265	0.9864864864864865	0.9774011299435028	0.7941176470588235
dmw=11798	0.8823529411764706	0.8261245674740484	0.8884826325411335	0.8951841359773371	0.9168646080760094	0.9475806451612904	0.9198113207547169	0.9153846153846154	0.91875	0.7321428571428571	0.953125	0.8909090909090909	0.9347826086956522	0.8823529411764706	0.9487179487179487	0.9333333333333333	0.8775510204081632
dmw=11799	0.8589398023360287	0.7872860635696821	0.9325581395348838	0.8899755501222494	0.8961038961038961	0.907563025210084	0.8837209302325582	0.8838028169014085	0.8102189781021898	0.7023809523809523	0.8681318681318682	0.7928571428571428	0.8552631578947368	0.8854166666666666	0.6470588235294118	0.9508196721311475	0.7368421052631579
dmw=11800	0.8684863523573201	0.8083447959651536	0.9558638083228247	0.9629629629629629	0.9117647058823529	0.9403973509933775	0.9138755980861244	0.9073482428115016	0.9431137724550899	0.8986486486486487	0.7741935483870968	0.8793103448275862	0.9060773480662984	0.9590443686006825	0.9787234042553191	0.9776119402985075	0.6145833333333334
dmw=11801	0.8875739644970414	0.7835344215755855	0.9402061855670103	0.8922651933701657	0.8789237668161435	0.96	0.8827977315689981	0.9234828496042217	0.8333333333333334	0.759825327510917	0.7922077922077922	0.910828025477707	0.8676470588235294	0.9456521739130435	0.9772727272727273	0.9	0.6197183098591549
dmw=11803	0.8714506969540526	0.8198300283286118	0.8886363636363637	0.9280677009873061	0.9073033707865169	0.8464285714285714	0.8815566835871405	0.875	0.9003690036900369	0.8724489795918368	0.898876404494382	0.7299270072992701	0.7555555555555555	0.9389830508474576	0.952	1.0	0.7352941176470589
dmw=11805	0.8331479421579533	0.8188638799571275	0.9120521172638436	0.9446640316205533	0.9166666666666666	0.9323671497584541	0.8793774319066148	0.9090909090909091	0.8671875	0.6582278481012658	0.6790123456790124	0.8701298701298701	0.835820895522388	0.9206349206349206	0.6842105263157895	1.0	0.6829268292682927
dmw=11807	0.8914565826330533	0.8790637191157347	0.8875838926174496	0.9541484716157205	0.9078341013824884	0.9692307692307692	0.9251040221914009	0.9215328467153284	0.9086294416243654	0.7586206896551724	0.7794117647058824	0.9078947368421053	0.847457627118644	0.9605263157894737	0.9333333333333333	1.0	0.8507462686567164
dmw=11808	0.8906519489479131	0.8621553884711779	0.9284116331096197	0.9080841638981174	0.9291338582677166	0.9406657018813314	0.9140154772141015	0.9255813953488372	0.9259259259259259	0.7015945330296127	0.8783783783783784	0.8780487804878049	0.9250814332247557	0.9391534391534392	0.9457831325301205	0.9652777777777778	0.6691729323308271
dmw=11809	0.9067584480600751	0.8783690393918452	0.9157392686804452	0.9134860050890585	0.9331550802139037	0.9057377049180327	0.9269311064718163	0.9299065420560748	0.912751677852349	0.8333333333333334	0.8773584905660378	0.7142857142857143	0.963963963963964	0.9269662921348315	1.0	0.8214285714285714	0.7868852459016393
dmw=11810	0.8719723183391004	0.8601875532821824	0.9351851851851852	0.9639344262295082	0.9257142857142857	0.9728682170542635	0.93158953722334	0.9122340425531915	0.9380530973451328	0.6159420289855072	0.8114754098360656	0.7349397590361446	0.9230769230769231	0.9444444444444444	0.9615384615384616	0.9454545454545454	0.5614035087719298
dmw=11811	0.841897233201581	0.7731006160164271	0.9222520107238605	0.8817635270541082	0.8904109589041096	0.9425837320574163	0.9071207430340558	0.8493150684931506	0.8391959798994975	0.70703125	0.8395061728395061	0.65	0.7771739130434783	0.9121621621621622	0.9166666666666666	0.95	0.7666666666666667
dmw=11812	0.8974928594097112	0.8342424242424242	0.9485488126649076	0.9051948051948052	0.9245152354570637	0.9291338582677166	0.8992443324937027	0.8960441582336707	0.9108527131782945	0.6812080536912751	0.8771929824561403	0.8206896551724138	0.8802395209580839	0.9578313253012049	0.9338235294117647	0.9247311827956989	0.8208955223880597
dmw=11813	0.8959583833533413	0.8316569613552144	0.9036860879904876	0.8951890034364262	0.9262720664589823	0.8830409356725146	0.8949880668257757	0.8918918918918919	0.8627450980392157	0.6538461538461539	0.8656716417910447	0.8986486486486487	0.9402173913043478	0.9106382978723404	0.9072164948453608	0.9369369369369369	0.7560975609756098
dmw=11814	0.9213483146067416	0.8744838976052849	0.9085365853658537	0.9454545454545454	0.9434571890145396	0.9230769230769231	0.9402985074626866	0.9589371980676329	0.9820627802690582	0.7142857142857143	0.8900523560209425	0.9857142857142858	0.896551724137931	0.9019607843137255	0.9508196721311475	0.88	0.8613861386138614
dmw=11815	0.9070197044334976	0.8157894736842105	0.8942457231726283	0.9313186813186813	0.9058219178082192	0.9698996655518395	0.9146341463414634	0.8939096267190569	0.9278846153846154	0.7754010695187166	0.8307692307692308	0.9054054054054054	0.9436619718309859	0.9102564102564102	0.9333333333333333	0.9710144927536232	0.5942028985507246
dmw=11816	0.9090543259557344	0.8782026014978321	0.9470046082949308	0.9358372456964006	0.9357298474945533	0.9678030303030303	0.9205103042198234	0.9474412171507607	0.9473684210526315	0.5384615384615384	0.8666666666666667	0.95	0.9420289855072463	0.9657534246575342	0.9858156028368794	0.9659863945578231	0.8258426966292135
dmw=11817	0.8558888076079005	0.8643835616438356	0.9184615384615384	0.926208651399491	0.9342915811088296	0.9666666666666667	0.9313432835820895	0.9255014326647565	0.883495145631068	0.6345177664974619	0.8581081081081081	0.9214285714285714	0.9767441860465116	0.9673469387755103	0.9836065573770492	0.9333333333333333	0.8902439024390244
dmw=11829	0.8634751773049646	0.806784027479605	0.9039145907473309	0.9030390738060782	0.9230769230769231	0.9230769230769231	0.8530386740331491	0.8945783132530121	0.8384146341463414	0.7491289198606271	0.8221153846153846	0.8994974874371859	0.8018018018018018	0.8768472906403941	0.9827586206896551	0.9008264462809917	0.6703296703296703
dmw=11830	0.8753478018920423	0.8425158459288152	0.9278642149929278	0.9119170984455959	0.9287280701754386	0.9562043795620438	0.9429347826086957	0.9126365054602185	0.924812030075188	0.7308970099667774	0.8558951965065502	0.7941176470588235	0.8397435897435898	0.9444444444444444	1.0	0.7692307692307693	0.8444444444444444
dmw=11831	0.8788836229594523	0.8305676855895197	0.8914209115281502	0.9329608938547486	0.9049079754601227	0.8826185101580135	0.8942953020134228	0.9376947040498442	0.889273356401384	0.6923076923076923	0.8282828282828283	0.8305084745762712	0.7569444444444444	0.9324324324324325	0.9808917197452229	0.9305555555555556	0.8529411764705882
dmw=11832	0.856953642384106	0.7953257790368272	0.9202898550724637	0.8836565096952909	0.9013157894736842	0.872852233676976	0.888015717092338	0.8575581395348837	0.9024390243902439	0.8121212121212121	0.7927927927927928	0.8783783783783784	0.9104477611940298	0.922077922077922	0.9473684210526315	0.8571428571428571	0.7586206896551724
dmw=11833	0.8692639070987076	0.8435776201733649	0.9195804195804196	0.9320457796852647	0.9062353492733239	0.9364754098360656	0.9135802469135802	0.9317617866004962	0.9129662522202486	0.6850152905198776	0.9303135888501742	0.9097744360902256	0.8806818181818182	0.9721362229102167	0.9653979238754326	0.9641255605381166	0.6748466257668712
dmw=11834	0.9047619047619048	0.8614035087719298	0.919629057187017	0.9226305609284333	0.9199475065616798	0.9698924731182795	0.910828025477707	0.9437689969604863	0.9279538904899135	0.6655172413793103	0.8739130434782608	0.9047619047619048	0.7885714285714286	0.9588235294117647	0.9741935483870968	0.9516129032258065	0.7590361445783133
dmw=11835	0.8796061884669479	0.8366197183098592	0.9357696566998892	0.9094076655052264	0.9168162776780371	0.9581589958158996	0.9114391143911439	0.9309623430962343	0.902127659574468	0.7710526315789473	0.8819875776397516	0.8338983050847457	0.8323353293413174	0.9560975609756097	0.9095744680851063	0.970873786407767	0.7238805970149254
dmw=11836	0.9111111111111111	0.8830313014827018	0.9424920127795527	0.9327902240325866	0.9113149847094801	0.9399293286219081	0.9051094890510949	0.931266846361186	0.9425287356321839	0.7609561752988048	0.8819444444444444	0.8972332015810277	0.8947368421052632	0.9528795811518325	1.0	1.0	0.8804347826086957
dmw=11837	0.8808618504435995	0.8552547431251333	0.9196157735085946	0.9227272727272727	0.9192580469176214	0.9553571428571429	0.9118065433854907	0.9091539528432733	0.911864406779661	0.8269720101781171	0.8679706601466992	0.8317535545023697	0.9396551724137931	0.9376693766937669	0.9698492462311558	0.9343434343434344	0.8185053380782918
dmw=11839	0.8463949843260188	0.759167492566898	0.9263157894736842	0.9283667621776505	0.8901869158878505	0.9503105590062112	0.9005847953216374	0.8918032786885246	0.9	0.6280487804878049	0.7009345794392523	0.9247311827956989	0.896551724137931	0.9523809523809523	0.9607843137254902	1.0	0.48
dmw=11840	0.8897092754960775	0.8640819964349377	0.9538461538461539	0.9390444810543658	0.9344978165938864	0.973170731707317	0.8968792401628223	0.9300699300699301	0.9306122448979591	0.6559139784946236	0.9656652360515021	0.8351063829787234	0.8823529411764706	0.9593908629441624	0.9876543209876543	0.9789473684210527	0.7439024390243902
dmw=11841	0.7513873473917869	0.6727272727272727	0.6792452830188679	0.8187702265372169	0.5334821428571429	0.7210526315789474	0.6126126126126126	0.6383928571428571	0.5675675675675675	0.6129032258064516	0.6375	0.6082474226804123	0.8113207547169812	0.48	0.7323943661971831	0.6363636363636364	0.5555555555555556
dmw=11844	0.4556331006979063	0.4569832402234637	0.4582210242587601	0.5948275862068966	0.3878048780487805	0.42790697674418604	0.34185303514376997	0.5082644628099173	0.6379310344827587	0.6455696202531646	0.5245901639344263	0.7333333333333333	0.5	0.43636363636363634	0.21153846153846154	0.8461538461538461	0.35714285714285715
dmw=11845	0.8514548238897397	0.79375	0.8670120898100173	0.928921568627451	0.86875	0.9221183800623053	0.8677536231884058	0.8823529411764706	0.8916666666666667	0.6299212598425197	0.8928571428571429	0.8489208633093526	0.7865168539325843	0.9624060150375939	0.9891304347826086	0.9876543209876543	0.6363636363636364
dmw=11849	0.851063829787234	0.7945205479452054	0.8811881188118812	0.9152542372881356	0.8662900188323918	0.9651162790697675	0.8211586901763224	0.9398148148148148	0.9238754325259516	0.42528735632183906	0.9166666666666666	0.8295454545454546	0.7738095238095238	0.8870967741935484	0.9626168224299065	0.9883720930232558	0.5737704918032787
dmw=11850	0.8734101748807631	0.8362150864525936	0.9252232142857143	0.8939899833055092	0.909	0.9467980295566503	0.9121287128712872	0.910759493670886	0.9233278955954323	0.7277070063694268	0.8886509635974305	0.924812030075188	0.9361702127659575	0.9023941068139963	0.9455782312925171	0.9595141700404858	0.7700534759358288
dmw=11851	0.8986731001206273	0.8615316117542298	0.9361421988150099	0.9411296738265712	0.9303092783505155	0.9501385041551247	0.9226475279106858	0.9237097980553478	0.9214285714285714	0.6487455197132617	0.8269230769230769	0.9028871391076115	0.9893992932862191	0.912718204488778	0.9751243781094527	0.9935064935064936	0.8697916666666666
dmw=11852	0.8923929256339229	0.868559411146162	0.925472179683512	0.9047619047619048	0.9229258713794797	0.945041816009558	0.9294907666480134	0.9154676258992805	0.9511343804537522	0.8142857142857143	0.8798701298701299	0.9569672131147541	0.8380281690140845	0.9695290858725761	0.9590163934426229	0.9675324675324676	0.7929292929292929
dmw=11853	0.8893717898064006	0.8364318330071755	0.9155196962505933	0.9318370739817123	0.9014736842105263	0.9404031551270815	0.8953608247422681	0.9087635054021609	0.8957703927492447	0.786096256684492	0.8669064748201439	0.8898916967509025	0.874439461883408	0.9367088607594937	0.9619047619047619	0.9171974522292994	0.5826086956521739
dmw=11854	0.8678655199374511	0.8367112810707457	0.9357707509881423	0.9446749654218534	0.9165687426556992	0.9435897435897436	0.8793969849246231	0.9507133592736705	0.9400630914826499	0.7906976744186046	0.8796791443850267	0.848	0.9398907103825137	0.9413919413919414	0.9411764705882353	1.0	0.8415841584158416
dmw=11855	0.8902835890283589	0.8228766538625694	0.9221967963386728	0.9185303514376997	0.9178541492036881	0.9534313725490197	0.8956714761376249	0.9259818731117825	0.924	0.7773109243697479	0.9056603773584906	0.9256198347107438	0.9612403100775194	0.9441340782122905	0.9821428571428571	0.9830508474576272	0.75
dmw=11856	0.7815275310834814	0.748338081671415	0.8869346733668342	0.8629283489096573	0.8139059304703476	0.9029126213592233	0.8348214285714286	0.8635014836795252	0.9152542372881356	0.7748344370860927	0.9166666666666666	0.8785714285714286	0.8632478632478633	0.9078014184397163	0.9242424242424242	0.6	0.7777777777777778
dmw=11857	0.8522388059701492	0.7852326365475387	0.874274661508704	0.8832684824902723	0.8686079545454546	0.8955823293172691	0.8735763097949886	0.8788480635551142	0.9018867924528302	0.6875	0.7857142857142857	0.8924731182795699	0.8756756756756757	0.9045454545454545	0.9558823529411765	0.9433962264150944	0.5966386554621849
dmw=11858	0.8633217993079585	0.8414847161572052	0.88113413304253	0.9473684210526315	0.9065981148243359	0.9595375722543352	0.9034564958283671	0.9248768472906403	0.879245283018868	0.6336633663366337	0.865979381443299	0.8452380952380952	0.8958333333333334	0.9554794520547946	1.0	0.9577464788732394	0.851063829787234
dmw=11859	0.841025641025641	0.7783851976450799	0.8985507246376812	0.903041825095057	0.8816013628620102	0.9242685025817556	0.9051254089422028	0.8904347826086957	0.8755555555555555	0.760797342192691	0.8158844765342961	0.9655172413793104	0.8802816901408451	0.9235294117647059	0.990990990990991	0.9479166666666666	0.6781609195402298
dmw=11860	0.911042944785276	0.8871503082029398	0.9354568315171836	0.9001536098310292	0.9279620853080569	0.9763440860215054	0.9273356401384083	0.9232995658465991	0.9552631578947368	0.7472527472527473	0.8812260536398467	0.9025974025974026	0.8347826086956521	0.9437751004016064	0.9256198347107438	0.9765625	0.5526315789473685
dmw=11861	0.83828125	0.748974569319114	0.8893617021276595	0.9152542372881356	0.8727272727272727	0.9150943396226415	0.8068181818181818	0.823960880195599	0.8351648351648352	0.6484848484848484	0.768595041322314	0.8823529411764706	0.821917808219178	0.9304347826086956	1.0	0.975	0.6981132075471698
dmw=11862	0.8484288354898336	0.7562189054726368	0.9061728395061729	0.8666666666666667	0.844	0.914572864321608	0.8862876254180602	0.8982035928143712	0.9205607476635514	0.8269230769230769	0.7810650887573964	0.7093023255813954	0.92	0.8928571428571429	0.9166666666666666	1.0	0.5211267605633803
dmw=11863	0.8610758153324862	0.8189094547273637	0.908133971291866	0.9210950080515298	0.8867521367521367	0.90625	0.8954802259887006	0.9043348281016442	0.9067524115755627	0.8136986301369863	0.8115942028985508	0.8031088082901554	0.9182389937106918	0.955	0.9516129032258065	0.9568965517241379	0.825
dmw=11864	0.8665168539325843	0.8182207014542344	0.9369469026548672	0.952513966480447	0.892623716153128	0.9413793103448276	0.9030883919062833	0.8802588996763754	0.9372384937238494	0.5526315789473685	0.875	0.8529411764705882	0.845679012345679	0.9118942731277533	1.0	0.9818181818181818	0.6228070175438597
dmw=11865	0.8529062870699882	0.8287671232876712	0.9340511440107672	0.9377510040160643	0.8526048284625158	0.9410029498525073	0.9307958477508651	0.9044715447154471	0.8923076923076924	0.7474226804123711	0.7412587412587412	0.7070707070707071	0.7608695652173914	0.9130434782608695	0.9733333333333334	0.9594594594594594	0.7850467289719626
dmw=11866	0.8273381294964028	0.7347417840375586	0.8782201405152225	0.9347826086956522	0.8554216867469879	0.8991935483870968	0.8558823529411764	0.8430034129692833	0.7731958762886598	0.6440677966101694	0.8113207547169812	0.967741935483871	0.5833333333333334	0.9591836734693877	1.0	0.9322033898305084	0.75
dmw=11867	0.8773259820813232	0.8291814946619217	0.9091796875	0.9034965034965035	0.9294605809128631	0.9616368286445013	0.9018567639257294	0.946031746031746	0.9270833333333334	0.7931034482758621	0.8723404255319149	0.8862068965517241	0.8962962962962963	0.9587155963302753	0.9463087248322147	0.9904761904761905	0.7380952380952381
dmw=11869	0.9016544117647058	0.8387978142076503	0.9596199524940617	0.8926174496644296	0.8954128440366973	0.9169675090252708	0.914572864321608	0.9331306990881459	0.930379746835443	0.6578947368421053	0.8881578947368421	0.8117647058823529	0.9324324324324325	0.9387755102040817	1.0	0.9864864864864865	0.82
dmw=11870	0.8715795177458683	0.8323619206217041	0.9147465437788018	0.9031365313653137	0.9175050301810865	0.9447761194029851	0.907176287051482	0.9235772357723577	0.937007874015748	0.7181628392484343	0.863517060367454	0.8669064748201439	0.9248826291079812	0.9416445623342176	0.9855769230769231	0.9629629629629629	0.8076923076923077
dmw=11871	0.846089850249584	0.7577788415509813	0.9015691868758916	0.8853288364249579	0.8993928881179531	0.9241573033707865	0.8748403575989783	0.8855421686746988	0.9149659863945578	0.7711864406779662	0.7619047619047619	0.7904761904761904	0.9074074074074074	0.9014598540145985	1.0	0.9722222222222222	0.7384615384615385
dmw=11872	0.8801989150090416	0.7894150417827298	0.8634538152610441	0.9192825112107623	0.8866213151927438	0.871536523929471	0.8363636363636363	0.8600508905852418	0.861271676300578	0.8404255319148937	0.8538461538461538	0.7702702702702703	0.8598130841121495	0.875	0.9523809523809523	0.9772727272727273	0.7654320987654321
dmw=11873	0.9048656499636892	0.8220338983050848	0.8416523235800344	0.8463414634146341	0.9191729323308271	0.9267676767676768	0.9143426294820717	0.8380281690140845	0.9565217391304348	0.5964912280701754	0.9661016949152542	0.7297297297297297	0.9747899159663865	0.9338842975206612	0.9365079365079365	1.0	0.9230769230769231
dmw=11874	0.904	0.8590872698158527	0.9173553719008265	0.9405594405594405	0.9241245136186771	0.9112149532710281	0.9150485436893204	0.8981723237597912	0.9312977099236641	0.6963562753036437	0.832	0.8870967741935484	0.9418604651162791	0.9166666666666666	0.9565217391304348	0.9473684210526315	0.75
dmw=11875	0.8982118294360385	0.7789968652037618	0.9424778761061947	0.8872549019607843	0.9243243243243243	0.8142857142857143	0.8734177215189873	0.9411764705882353	0.927536231884058	0.875	0.8695652173913043	0.9516129032258065	0.8611111111111112	0.9322033898305084	0.6666666666666666	0.6	0.15
dmw=11876	0.8769230769230769	0.8081607795371498	0.9646464646464646	0.86810551558753	0.8782991202346041	0.9720101781170484	0.8755760368663594	0.9088319088319088	0.903954802259887	0.9414414414414415	0.7659574468085106	0.8988095238095238	0.9333333333333333	1.0	1.0	0.9555555555555556	0.5681818181818182
dmw=11877	0.9021641118124436	0.8231917336394948	0.9237668161434978	0.9350850077279753	0.9305431878895815	0.9223484848484849	0.9123252858958069	0.9299719887955182	0.8491379310344828	0.605	0.8625429553264605	0.8530805687203792	0.881578947368421	0.9227642276422764	0.9873417721518988	0.9748427672955975	0.8529411764705882
dmw=11880	0.872822299651568	0.8158490566037736	0.9086826347305389	0.9115646258503401	0.9084919472913616	0.9623430962343096	0.8963922294172063	0.9389788293897883	0.9192200557103064	0.8433734939759037	0.8333333333333334	0.875	0.9532374100719424	0.9166666666666666	0.9615384615384616	1.0	0.8360655737704918
dmw=11881	0.8933143669985776	0.7807909604519774	0.895330112721417	0.9415730337078652	0.9028662420382165	0.9565217391304348	0.925476603119584	0.923469387755102	0.9174311926605505	0.7777777777777778	0.9078014184397163	0.9491525423728814	0.8947368421052632	0.8102189781021898	0.9672131147540983	0.95	0.7727272727272727
dmw=11882	0.9114724480578139	0.7880794701986755	0.9021526418786693	0.9329446064139941	0.9266211604095563	0.8982300884955752	0.8581907090464548	0.9443037974683545	0.8770053475935828	0.6825396825396826	0.9178082191780822	0.7065217391304348	0.9137931034482759	0.9512195121951219	0.9622641509433962	0.975	0.7241379310344828
dmw=11883	0.8829931972789116	0.8581907090464548	0.9515463917525773	0.9469026548672567	0.9152233363719234	0.924865831842576	0.9256830601092896	0.9194373401534527	0.9235474006116208	0.820855614973262	0.8836206896551724	0.8981481481481481	0.9416058394160584	0.952	0.9565217391304348	0.9007633587786259	0.8548387096774194
dmw=11884	0.9008947006194081	0.8478260869565217	0.9201388888888888	0.9426229508196722	0.9304964539007092	0.9827586206896551	0.9153153153153153	0.9285714285714286	0.9492753623188406	0.5952380952380952	0.8531073446327684	0.9469026548672567	0.9354838709677419	0.9226190476190477	0.8771929824561403	1.0	0.9111111111111111
dmw=11885	0.9117259552042161	0.8450782997762863	0.9257575757575758	0.9389587073608617	0.9163090128755365	0.9720812182741116	0.9178082191780822	0.9160063391442155	0.9216589861751152	0.8829787234042553	0.8467153284671532	0.8545454545454545	0.9285714285714286	0.9583333333333334	0.9895833333333334	0.9469026548672567	0.6354166666666666
dmw=11886	0.8614262560777958	0.8010849909584087	0.9113924050632911	0.9400544959128065	0.8987341772151899	0.9039145907473309	0.8697788697788698	0.8877284595300261	0.9114583333333334	0.6842105263157895	0.6794871794871795	0.7	0.7108433734939759	0.8297872340425532	0.9230769230769231	0.9433962264150944	0.5517241379310345
dmw=11887	0.8928257686676427	0.8562482208938229	0.9125786163522013	0.9206521739130434	0.9213075060532687	0.9661538461538461	0.9056795131845842	0.9263456090651558	0.9225512528473804	0.6657681940700808	0.8814432989690721	0.8375350140056023	0.8382352941176471	0.9638242894056848	0.9743589743589743	0.993421052631579	0.821917808219178
dmw=11888	0.8996321597477667	0.8642156862745098	0.9196160767846431	0.938249666814749	0.9323328067403897	0.9690601284296556	0.9023144996596324	0.9323583180987203	0.9293286219081273	0.7385931558935361	0.8650442477876106	0.8303249097472925	0.8372093023255814	0.9251533742331288	0.9753914988814317	0.9625850340136054	0.790273556231003
dmw=11889	0.8717041800643087	0.8338249754178958	0.9105560032232071	0.9421265141318977	0.9278055754110078	0.948377581120944	0.9109834888729361	0.9297163995067818	0.8995098039215687	0.6644067796610169	0.8644578313253012	0.9154411764705882	0.8760683760683761	0.9586776859504132	0.9259259259259259	0.9722222222222222	0.9024390243902439
dmw=11890	0.8838443396226415	0.7789095266626722	0.9132569558101473	0.9352678571428571	0.9238329238329238	0.9236641221374046	0.9043478260869565	0.9042553191489362	0.9301470588235294	0.782312925170068	0.8413793103448276	0.8194444444444444	0.7964601769911505	0.9017341040462428	0.9423076923076923	0.9523809523809523	0.7866666666666666
dmw=11898	0.8035714285714286	0.6723338485316847	0.8659420289855072	0.8666666666666667	0.8454935622317596	0.9117647058823529	0.7904761904761904	0.8503401360544217	0.7586206896551724	0.81	0.7222222222222222	0.9565217391304348	0.75	0.9102564102564102	0.875	0.9090909090909091	0.45
dmw=11903	0.8895281933256617	0.8539218799618926	0.9165289256198347	0.921161825726141	0.9033505154639175	0.9543057996485061	0.9133398247322297	0.941240478781284	0.9275766016713092	0.600896860986547	0.8745387453874539	0.8252427184466019	0.8162393162393162	0.9273743016759777	0.9583333333333334	0.9346733668341709	0.6363636363636364
dmw=11904	0.8857685009487666	0.8261464750171116	0.9322200392927309	0.8844282238442822	0.9282018111254852	0.9372128637059725	0.9071274298056156	0.9136490250696379	0.9146005509641874	0.7450980392156863	0.8073394495412844	0.8285714285714286	0.8571428571428571	0.9386503067484663	0.9512195121951219	0.946969696969697	0.8023255813953488
dmw=11905	0.8616161616161616	0.8078817733990148	0.9142300194931774	0.9245810055865922	0.8666666666666667	0.9745762711864406	0.8646080760095012	0.8897435897435897	0.8598726114649682	0.5701754385964912	0.9146341463414634	0.841726618705036	0.8641975308641975	0.9299363057324841	0.9565217391304348	1.0	0.7931034482758621
dmw=11908	0.8564102564102564	0.7995124923826935	0.8840125391849529	0.9064587973273942	0.9237536656891495	0.9521410579345088	0.8928571428571429	0.8461538461538461	0.845	0.6741071428571429	0.7340425531914894	0.8089887640449438	0.9411764705882353	0.8888888888888888	0.8604651162790697	1.0	0.8
dmw=11909	0.9095992544268406	0.8859649122807017	0.9207650273224044	0.9243986254295533	0.9197860962566845	0.9819494584837545	0.8931818181818182	0.9093137254901961	0.9321266968325792	0.7178217821782178	0.8095238095238095	0.8888888888888888	1.0	0.9340659340659341	0.9880952380952381	1.0	0.717948717948718
dmw=11910	0.8712591756070017	0.8074807480748075	0.9187418086500655	0.8896396396396397	0.9497549019607843	0.9452449567723343	0.8905660377358491	0.9430740037950665	0.9417808219178082	0.819672131147541	0.8407079646017699	0.896551724137931	0.8235294117647058	0.9508196721311475	0.9245283018867925	1.0	0.676056338028169
dmw=11911	0.7875101378751014	0.7724306688417618	0.9333333333333333	0.8507462686567164	0.8605504587155963	0.9330143540669856	0.8600451467268623	0.8852813852813853	0.8640776699029126	0.5666666666666667	0.8923076923076924	0.8311688311688312	0.8151260504201681	0.86	0.9230769230769231	0.9705882352941176	0.746031746031746
dmw=11912	0.8163030998851895	0.730732635585157	0.8644578313253012	0.8836206896551724	0.8556962025316456	0.9438775510204082	0.7760736196319018	0.8296296296296296	0.8918918918918919	0.7555555555555555	0.7923076923076923	0.8987341772151899	0.8	0.9333333333333333	0.9722222222222222	1.0	0.6
dmw=11913	0.8134270101483216	0.7732680195941217	0.8870151770657673	0.9101123595505618	0.9039039039039038	0.9695817490494296	0.9029126213592233	0.8588235294117647	0.8275862068965517	0.6981132075471698	0.8421052631578947	0.8409090909090909	0.8691588785046729	0.8843537414965986	0.9818181818181818	0.9855072463768116	0.78
dmw=11914	0.848295059151009	0.7913625304136253	0.9129129129129129	0.9068181818181819	0.8927272727272727	0.8977272727272727	0.8528896672504378	0.9298245614035088	0.9295774647887324	0.7120418848167539	0.8193548387096774	0.8045977011494253	0.8313253012048193	0.9019607843137255	0.9696969696969697	0.9736842105263158	0.75
dmw=11915	0.8796605031827827	0.8352765321375187	0.9192452830188679	0.9207135777998018	0.8952908587257618	0.9495677233429395	0.8926654740608229	0.9030206677265501	0.863961813842482	0.7218543046357616	0.9148936170212766	0.8504273504273504	0.8920863309352518	0.9460431654676259	0.8469945355191257	0.9767441860465116	0.8275862068965517
dmw=11916	0.8643326039387309	0.8044237485448196	0.8811121764141898	0.8729050279329609	0.8869492934330839	0.9452054794520548	0.871536523929471	0.9044265593561368	0.8535031847133758	0.6865079365079365	0.7098765432098766	0.9104477611940298	0.8047808764940239	0.8053097345132744	0.9015151515151515	0.921875	0.6538461538461539
dmw=11917	0.8317073170731707	0.7857751277683135	0.8805147058823529	0.8493408662900188	0.8455882352941176	0.9670588235294117	0.7985166872682324	0.8611111111111112	0.9090909090909091	0.7631578947368421	0.771689497716895	0.8686868686868687	0.8978494623655914	0.893048128342246	0.9426229508196722	0.9263803680981595	0.73
dmw=11918	0.9	0.8228193146417445	0.8956276445698167	0.9194214876033058	0.8922934076137419	0.9617021276595744	0.902542372881356	0.9489164086687306	0.8992805755395683	0.6875	0.888	0.8131868131868132	0.8112244897959183	0.9668874172185431	0.9496402877697842	1.0	0.676923076923077
dmw=11919	0.833103448275862	0.764261744966443	0.8584269662921349	0.9285714285714286	0.8717948717948718	0.9256965944272446	0.8526077097505669	0.8496732026143791	0.8693181818181818	0.8413793103448276	0.6509433962264151	0.9606741573033708	0.8333333333333334	0.9461077844311377	0.9239130434782609	0.9680851063829787	0.8679245283018868
dmw=11920	0.8336868901145524	0.8144404332129964	0.9022931206380858	0.911042944785276	0.8857142857142857	0.9648798521256932	0.8385269121813032	0.899876390605686	0.904	0.8666666666666667	0.7808988764044944	0.7967914438502673	0.8938053097345132	0.9040590405904059	0.9741379310344828	0.8807339449541285	0.7941176470588235
dmw=11921	0.8643586833144155	0.8356980703745743	0.896551724137931	0.9489144316730523	0.8924242424242425	0.959479015918958	0.8571428571428571	0.9063786008230452	0.8888888888888888	0.7549668874172185	0.8210227272727273	0.8533333333333334	0.8273381294964028	0.8969957081545065	0.8235294117647058	0.9668508287292817	0.6612903225806451
dmw=11922	0.8101182654402103	0.7725729803122878	0.8915857605177994	0.8371040723981901	0.8708053691275168	0.9094076655052264	0.8181818181818182	0.887434554973822	0.7962962962962963	0.8508771929824561	0.8048780487804879	0.9	0.775	0.8505747126436781	0.9104477611940298	0.9156626506024096	0.5454545454545454
dmw=11923	0.8522972556275054	0.8282465589467385	0.8848129126925899	0.9313609467455621	0.8964830789648308	0.9628865979381444	0.8823529411764706	0.8884263114071607	0.8774774774774775	0.6824034334763949	0.8465753424657534	0.678343949044586	0.8368421052631579	0.8680555555555556	0.896551724137931	0.9925373134328358	0.6611570247933884
dmw=11924	0.7396825396825397	0.6865828092243187	0.8238095238095238	0.901060070671378	0.8019047619047619	0.9230769230769231	0.8109965635738832	0.8058608058608059	0.7961165048543689	0.7142857142857143	0.8170731707317073	0.7666666666666667	0.7761194029850746	0.8840579710144928	0.9122807017543859	0.9090909090909091	0.6744186046511628
dmw=11925	0.7741935483870968	0.7201166180758017	0.8223844282238443	0.8653198653198653	0.8265107212475633	0.8778625954198473	0.8323699421965318	0.8214285714285714	0.8475609756097561	0.6962962962962963	0.8	0.84	0.6666666666666666	0.9142857142857143	0.98	0.98	0.5769230769230769
dmw=11926	0.8852788959171938	0.8254706533776301	0.868259385665529	0.8937282229965157	0.9197218710493047	0.9367088607594937	0.904470300061237	0.9298701298701298	0.9246153846153846	0.8067885117493473	0.8611111111111112	0.8554913294797688	0.916030534351145	0.9339622641509434	0.9774193548387097	0.9578313253012049	0.725925925925926
dmw=11927	0.8853439680957128	0.8724373576309795	0.9314024390243902	0.9212765957446809	0.9	0.9111111111111111	0.8990825688073395	0.9352941176470588	0.9298245614035088	0.6059479553903345	0.8901098901098901	0.9604743083003953	0.9333333333333333	0.9104477611940298	0.9655172413793104	0.9578947368421052	0.839622641509434
dmw=11928	0.9079919408999328	0.8588709677419355	0.9321533923303835	0.921455938697318	0.9438040345821326	0.9649532710280374	0.9456928838951311	0.9344569288389513	0.9770642201834863	0.7189542483660131	0.8	0.8901098901098901	0.9130434782608695	0.9396551724137931	0.9420289855072463	0.7868852459016393	0.826530612244898
dmw=11929	0.9024815820085305	0.8632352941176471	0.9039190897597977	0.9274269557021678	0.9096486335750139	0.9052023121387284	0.9229299363057325	0.9209215442092155	0.9181102362204724	0.8063314711359404	0.8127572016460906	0.8695652173913043	0.7853881278538812	0.9111111111111111	0.8243243243243243	0.958139534883721	0.7516778523489933
dmw=11930	0.8609211126310989	0.8458106098165592	0.9176904176904177	0.9417808219178082	0.9221991701244814	0.9081632653061225	0.9112021857923497	0.9342560553633218	0.9453781512605042	0.8162393162393162	0.8653846153846154	0.9097744360902256	0.896551724137931	0.9379310344827586	0.9714285714285714	0.7936507936507936	0.6555555555555556
dmw=11931	0.8040988547317661	0.7371428571428571	0.8921832884097035	0.8945147679324894	0.8885869565217391	0.9009661835748792	0.824295010845987	0.8530612244897959	0.875	0.8623853211009175	0.7522123893805309	0.8111888111888111	0.8623853211009175	0.8787878787878788	0.8679245283018868	0.9541284403669725	0.4791666666666667
dmw=11932	0.9226350057449253	0.86941431670282	0.910135841170324	0.9396681749622926	0.9320843091334895	0.9625	0.9247751430907605	0.9361256544502617	0.9446254071661238	0.6833333333333333	0.9035714285714286	0.8843537414965986	0.8709677419354839	0.9354838709677419	1.0	0.972972972972973	0.7962962962962963
dmw=11933	0.8425047438330171	0.7874015748031497	0.9053254437869822	0.8996282527881041	0.8240740740740741	0.8557692307692307	0.8571428571428571	0.9040590405904059	0.8256880733944955	0.4111111111111111	0.6463414634146342	0.9154929577464789	0.9615384615384616	0.8444444444444444	1.0	0.9459459459459459	0.5909090909090909
dmw=11934	0.5429252782193958	0.4818731117824773	0.6228893058161351	0.6216216216216216	0.5769230769230769	0.6666666666666666	0.6448598130841121	0.6521739130434783	0.5524861878453039	0.3902439024390244	0.45794392523364486	0.6328125	0.5172413793103449	0.7530864197530864	0.6346153846153846	0.7692307692307693	0.47619047619047616
dmw=11940	0.9549492385786802	0.9164467897977133	0.9596199524940617	0.9306759098786829	0.9688796680497925	0.9244604316546763	0.9560439560439561	0.9717741935483871	0.984375	0.6877323420074349	0.9886363636363636	0.9764705882352941	0.9	0.926829268292683	1.0	0.9714285714285714	1.0
dmw=11941	0.9195075757575758	0.8203957382039574	0.889763779527559	0.952076677316294	0.9117117117117117	0.9336283185840708	0.8958333333333334	0.910761154855643	0.9533333333333334	0.6029411764705882	0.8476190476190476	0.8597560975609756	0.7333333333333333	0.9024390243902439	0.9705882352941176	0.9841269841269841	0.8518518518518519
dmw=11942	0.8599670510708401	0.8056943056943057	0.9306818181818182	0.9266917293233082	0.9117647058823529	0.8989010989010989	0.8498542274052479	0.8458781362007168	0.9343832020997376	0.8636363636363636	0.8387096774193549	0.9269662921348315	0.9693877551020408	0.9145299145299145	0.9791666666666666	0.978021978021978	0.8571428571428571
dmw=11944	0.8356527501656726	0.7960358056265985	0.8984263233190272	0.9221902017291066	0.7275747508305648	0.9049429657794676	0.8490028490028491	0.8744186046511628	0.8723404255319149	0.6149425287356322	0.7985611510791367	0.9047619047619048	0.8373983739837398	0.8148148148148148	0.8421052631578947	0.9859154929577465	0.8253968253968254
dmw=11947	0.807442665512765	0.7570093457943925	0.8827785817655571	0.8679577464788732	0.8363636363636363	0.9331395348837209	0.8486352357320099	0.8370118845500849	0.8582995951417004	0.8791208791208791	0.7195121951219512	0.9433962264150944	0.9451219512195121	0.8602150537634409	0.9456521739130435	0.9428571428571428	0.7313432835820896
dmw=11948	0.9079903147699758	0.8779205607476636	0.9019073569482289	0.9633251833740831	0.9142300194931774	0.9542857142857143	0.9444444444444444	0.9312796208530806	0.9513888888888888	0.9226190476190477	0.7661290322580645	0.8392857142857143	0.9013157894736842	0.9090909090909091	0.9818181818181818	0.9574468085106383	0.7070707070707071
dmw=11949	0.8825018076644975	0.8208955223880597	0.89198606271777	0.9198931909212283	0.9139194139194139	0.9568965517241379	0.9159456118665018	0.9090909090909091	0.9228395061728395	0.7617328519855595	0.9408866995073891	0.8656716417910447	0.875	0.9100719424460432	0.9019607843137255	0.9647058823529412	0.7926829268292683
dmw=11950	0.8855032317636196	0.835030549898167	0.8931623931623932	0.8818443804034583	0.9134396355353075	0.94921875	0.9061728395061729	0.9026548672566371	0.9006211180124224	0.6912751677852349	0.7433628318584071	0.8831168831168831	0.96	0.9418604651162791	0.9701492537313433	1.0	0.5806451612903226
dmw=11951	0.6908697221219776	0.6515619360789189	0.7580157797549102	0.7310271796681963	0.7227091633466135	0.7794795783926218	0.708243469925713	0.7172287101430258	0.7166921898928025	0.6423499031633312	0.6834789515488483	0.7337883959044369	0.7309725158562368	0.7470420236638107	0.7611837577426015	0.7757575757575758	0.5806451612903226
dmw=11952	0.6177778823750912	0.5853451382097081	0.7116421638190384	0.6667509694823807	0.65942618190266	0.7221979938944614	0.6511417589871128	0.6579039301310043	0.6748719968491532	0.5949141200089226	0.6321341628347309	0.6814713896457766	0.6671383091616555	0.7071269487750557	0.6774358974358974	0.7214452214452215	0.5220338983050847
dmw=11953	0.8513957307060755	0.7779291553133515	0.9088607594936708	0.9660574412532638	0.9100169779286927	0.9484978540772532	0.9035087719298246	0.8937823834196891	0.9113924050632911	0.898876404494382	0.8414634146341463	0.8314606741573034	0.9649122807017544	0.953125	0.7307692307692307	0.9107142857142857	0.7555555555555555
dmw=11954	0.845756880733945	0.812428078250863	0.9120111731843575	0.9107142857142857	0.89	0.9280397022332506	0.9080824088748018	0.9159519725557461	0.9132653061224489	0.7473684210526316	0.8333333333333334	0.9226804123711341	0.9130434782608695	0.9419354838709677	0.8	0.9772727272727273	0.8870967741935484
dmw=11955	0.8641259320629661	0.8258027848820688	0.9037800687285223	0.906832298136646	0.9296928327645051	0.9536231884057971	0.8812720848056537	0.9053097345132743	0.9289827255278311	0.7427652733118971	0.8805970149253731	0.8928571428571429	0.927536231884058	0.9031007751937985	0.9273504273504274	0.9625	0.7606837606837606
dmw=11956	0.8080748976009362	0.7401352874859075	0.91796875	0.8773584905660378	0.8772169167803547	0.9536585365853658	0.8646616541353384	0.8407960199004975	0.8471337579617835	0.7923497267759563	0.8079470198675497	0.9323308270676691	0.8658536585365854	0.8830188679245283	0.8214285714285714	0.9459459459459459	0.5816326530612245
dmw=11957	0.7709580838323353	0.7133620689655172	0.8929961089494164	0.8713592233009708	0.814873417721519	0.9250814332247557	0.7944862155388471	0.8708971553610503	0.8576388888888888	0.734375	0.7007299270072993	0.8947368421052632	0.8243243243243243	0.905511811023622	0.96	1.0	0.68
dmw=11958	0.8610271903323263	0.8507333908541846	0.9287305122494433	0.9532163742690059	0.8888888888888888	0.8620689655172413	0.9006928406466512	0.9195979899497487	0.9662921348314607	0.7522935779816514	0.7916666666666666	0.7789473684210526	0.898989898989899	0.9411764705882353	0.9891304347826086	1.0	0.6666666666666666
dmw=11959	0.7094240837696335	0.5912806539509536	0.8473520249221184	0.8854625550660793	0.7255520504731862	0.9075144508670521	0.7126865671641791	0.7554585152838428	0.8214285714285714	0.6811594202898551	0.7083333333333334	0.7358490566037735	0.6875	0.8365384615384616	0.8333333333333334	1.0	0.2857142857142857
dmw=11960	0.869156566905763	0.7999547408916045	0.8794048551292091	0.8933823529411765	0.8958207147183526	0.9056016597510373	0.8728984532616005	0.8978040540540541	0.8546168958742633	0.7777777777777778	0.8584070796460177	0.8338983050847457	0.9194630872483222	0.9109730848861284	0.9721115537848606	0.9222797927461139	0.7987987987987988
dmw=11961	0.847394540942928	0.780500799147576	0.9176470588235294	0.8745247148288974	0.8609271523178808	0.9261083743842364	0.8618556701030928	0.8924050632911392	0.9004149377593361	0.6878306878306878	0.7793103448275862	0.972972972972973	0.8768115942028986	0.9006211180124224	1.0	0.9469026548672567	0.6666666666666666
dmw=11962	0.7283431455004206	0.6263208453410183	0.8707482993197279	0.8446601941747572	0.8127413127413128	0.9560439560439561	0.8134556574923547	0.7824427480916031	0.7567567567567568	0.5862068965517241	0.8282828282828283	0.8333333333333334	0.7916666666666666	0.85	0.9411764705882353	0.967741935483871	0.7215189873417721
dmw=11963	0.7311827956989247	0.6138364779874214	0.8263157894736842	0.8631578947368421	0.7935103244837758	0.883495145631068	0.8317152103559871	0.8233438485804416	0.9054054054054054	0.7466666666666667	0.6421052631578947	0.7301587301587301	0.75	0.819047619047619	0.9347826086956522	0.9454545454545454	0.88
dmw=11964	0.8867088607594936	0.8264938804895609	0.9350912778904665	0.9411764705882353	0.9376854599406528	0.9565217391304348	0.9497354497354498	0.9310344827586207	0.9607843137254902	0.7701149425287356	0.8759124087591241	0.946969696969697	0.9775280898876404	0.9047619047619048	0.9411764705882353	0.9722222222222222	0.6060606060606061
dmw=11965	0.875968992248062	0.8246951219512195	0.9271428571428572	0.9632183908045977	0.8705281090289608	0.9691211401425178	0.8766355140186916	0.868421052631579	0.9010416666666666	0.7354260089686099	0.8602941176470589	0.6907216494845361	0.8333333333333334	0.9642857142857143	0.8979591836734694	0.94	0.6595744680851063
dmw=11966	0.7771084337349398	0.6545784224841342	0.7800586510263929	0.8825503355704698	0.8	0.978448275862069	0.7824773413897281	0.8409090909090909	0.7142857142857143	0.6481481481481481	0.7285714285714285	0.7368421052631579	0.853448275862069	0.9240506329113924	0.9215686274509803	1.0	0.559322033898305
dmw=11967	0.6900452488687783	0.600891861761427	0.8740740740740741	0.8571428571428571	0.75	0.8928571428571429	0.7789757412398922	0.7454545454545455	0.8090909090909091	0.8842105263157894	0.723404255319149	0.625	0.7142857142857143	0.8522727272727273	0.9230769230769231	0.9354838709677419	0.4166666666666667
dmw=11968	0.8207720588235294	0.7588597842835131	0.8804878048780488	0.9277456647398844	0.8	0.9352941176470588	0.8	0.8241758241758241	0.8541666666666666	0.8372093023255814	0.6578947368421053	0.9181818181818182	0.8115942028985508	0.7899159663865546	0.8936170212765957	0.9583333333333334	0.3333333333333333
dmw=11969	0.8595641646489104	0.8139404159640248	0.9013513513513514	0.920863309352518	0.9052924791086351	0.9490445859872612	0.9166666666666666	0.8976377952755905	0.8888888888888888	0.6875	0.8720379146919431	0.8666666666666667	0.8701298701298701	0.925531914893617	0.9550561797752809	0.927536231884058	0.7692307692307693
dmw=11970	0.8406617326948194	0.7856838517256072	0.8865525672371638	0.9007444168734491	0.8823232323232323	0.9292604501607717	0.8538840937114673	0.8790322580645161	0.877742946708464	0.786	0.7853260869565217	0.8575129533678757	0.8249158249158249	0.9480874316939891	0.9680851063829787	0.9655172413793104	0.625
dmw=11971	0.8002322880371661	0.6986301369863014	0.828080229226361	0.8568935427574171	0.8492597577388964	0.9229122055674518	0.8603839441535777	0.8148148148148148	0.8053435114503816	0.8686131386861314	0.7288135593220338	0.8082191780821918	0.8186528497409327	0.8264462809917356	0.9746835443037974	0.9024390243902439	0.49056603773584906
dmw=11972	0.8790082644628099	0.8353936239427456	0.8961748633879781	0.934971098265896	0.9150707743547044	0.9010554089709762	0.9244741873804971	0.9065868263473054	0.9042056074766355	0.621160409556314	0.8072727272727273	0.7962962962962963	0.9052631578947369	0.9366515837104072	0.9158878504672897	1.0	0.7244897959183674
dmw=11973	0.8558740411788454	0.8146567057986481	0.9433719433719434	0.918918918918919	0.8942505133470225	0.9246575342465754	0.8839103869653768	0.8922610015174507	0.9377289377289377	0.75	0.719047619047619	0.8707482993197279	0.9188034188034188	0.9170731707317074	0.981042654028436	0.9735099337748344	0.6363636363636364
dmw=11974	0.8479087452471483	0.7877578176979375	0.8937784522003035	0.9163179916317992	0.8785900783289817	0.9841269841269841	0.8731617647058824	0.8868243243243243	0.8838383838383839	0.7322834645669292	0.8205128205128205	0.8934426229508197	0.8688524590163934	0.8863636363636364	0.9137931034482759	0.9903846153846154	0.7523809523809524
dmw=11975	0.8439102564102564	0.7772727272727272	0.8941009239516702	0.9288645690834473	0.8915094339622641	0.9283582089552239	0.870722433460076	0.9007633587786259	0.8992805755395683	0.6962962962962963	0.8191489361702128	0.8419243986254296	0.9050279329608939	0.952513966480447	0.8181818181818182	0.9477611940298507	0.6461538461538462
dmw=11976	0.8677867056245434	0.8094888725849841	0.9218403547671841	0.9024590163934426	0.9048054919908467	0.9457459926017263	0.8729535036018337	0.9048374306106265	0.9009345794392524	0.7672583826429981	0.8567961165048543	0.8457831325301205	0.862796833773087	0.9208333333333333	0.91875	0.9707112970711297	0.7882882882882883
dmw=11977	0.8838174273858921	0.851123595505618	0.9029029029029029	0.9106417546709992	0.9162790697674419	0.9441401971522454	0.9017137096774194	0.9132260321903429	0.931129476584022	0.7231040564373897	0.8051643192488263	0.7904328018223234	0.8088235294117647	0.904397705544933	0.9575289575289575	0.9788359788359788	0.7528089887640449
dmw=11978	0.9013824884792627	0.8350383631713555	0.8809523809523809	0.90633608815427	0.9345132743362832	0.9021479713603818	0.8995873452544704	0.9159159159159159	0.9348837209302325	0.6920529801324503	0.7692307692307693	0.891566265060241	0.9849624060150376	0.9444444444444444	0.9152542372881356	0.9722222222222222	0.5523809523809524
dmw=11979	0.8493647912885662	0.8336633663366336	0.9467625899280575	0.9498069498069498	0.9261744966442953	0.9423076923076923	0.9112227805695142	0.9247311827956989	0.9263157894736842	0.7678571428571429	0.7791411042944786	0.852112676056338	0.8863636363636364	0.974025974025974	0.9761904761904762	0.96875	0.5616438356164384
dmw=11980	0.8669354838709677	0.8380309646685192	0.9269141531322506	0.9	0.9182561307901907	0.9481012658227848	0.9058050383351588	0.9205776173285198	0.891566265060241	0.8363636363636363	0.8956521739130435	0.8407079646017699	0.8490566037735849	0.9	0.9534883720930233	0.9811320754716981	0.6972477064220184
dmw=11981	0.8676938126681341	0.8407148407148407	0.9025748086290883	0.9324324324324325	0.8748801534036433	0.9076576576576577	0.8789505068574835	0.8974137931034483	0.9052287581699346	0.709375	0.9012987012987013	0.9653979238754326	0.8595744680851064	0.9173333333333333	0.8898305084745762	0.9659090909090909	0.6532258064516129
dmw=11982	0.8735832606800349	0.8096868884540117	0.9098101265822784	0.9080779944289693	0.9048964218455744	0.9400544959128065	0.8850698174006445	0.9074074074074074	0.9136212624584718	0.8947368421052632	0.8477366255144033	0.7843137254901961	0.9468085106382979	0.9106145251396648	0.9428571428571428	0.9727272727272728	0.8198198198198198
dmw=11983	0.8802462227196418	0.8461176470588235	0.9288645690834473	0.9121756487025948	0.8942891859052248	0.9327956989247311	0.9031339031339032	0.8962472406181016	0.9252669039145908	0.9507389162561576	0.819047619047619	0.9913793103448276	0.9183673469387755	0.9201680672268907	0.9074074074074074	0.8571428571428571	0.5533980582524272
dmw=11984	0.8691756272401434	0.8094462540716613	0.9597855227882037	0.9514563106796117	0.8715814506539834	0.946949602122016	0.9230769230769231	0.9417040358744395	0.9159663865546218	0.6227544910179641	0.9104477611940298	0.9206349206349206	0.8795180722891566	0.9465648854961832	0.9666666666666667	1.0	0.9090909090909091
dmw=11985	0.8114387846291331	0.7447698744769874	0.8807531380753139	0.8482490272373541	0.8651960784313726	0.9541284403669725	0.8812785388127854	0.8571428571428571	0.9044943820224719	0.7295081967213115	0.8518518518518519	0.9051724137931034	0.9743589743589743	0.9435483870967742	0.9807692307692307	0.9807692307692307	0.48717948717948717
dmw=11986	0.8722545943523083	0.839418924224578	0.9152941176470588	0.9012875536480687	0.9046087888531619	0.949814126394052	0.8919288645690835	0.9096573208722741	0.927710843373494	0.7828282828282829	0.84375	0.8994082840236687	0.9341317365269461	0.9540229885057471	0.9701492537313433	0.9583333333333334	0.6
dmw=11987	0.8413871517907903	0.761116367076632	0.8926174496644296	0.9185022026431718	0.8549060542797495	0.9447115384615384	0.9079939668174962	0.8968133535660091	0.950920245398773	0.7687861271676301	0.85625	0.822429906542056	0.9382022471910112	0.8877551020408163	0.9622641509433962	0.9130434782608695	0.3384615384615385
dmw=11988	0.8687202053538687	0.8097345132743363	0.9067713444553483	0.9407894736842105	0.8789323164918971	0.9674134419551935	0.927710843373494	0.8968926553672316	0.9072847682119205	0.8502415458937198	0.7609756097560976	0.9314285714285714	0.8910256410256411	0.9411764705882353	0.9397590361445783	1.0	0.7425742574257426
dmw=11989	0.8704453441295547	0.838353839626644	0.9301181102362205	0.9184615384615384	0.9005524861878453	0.9524752475247524	0.9068825910931174	0.914396887159533	0.8955696202531646	0.6126126126126126	0.7791666666666667	0.9326923076923077	0.8860759493670886	0.983957219251337	0.9340659340659341	0.975609756097561	0.7523809523809524
dmw=11990	0.876293297345929	0.8260233918128655	0.8722397476340694	0.9397363465160076	0.9004424778761062	0.9829059829059829	0.8913043478260869	0.9224555735056543	0.9180327868852459	0.6835443037974683	0.8349514563106796	0.9634146341463414	0.943089430894309	0.9491525423728814	0.9464285714285714	0.922077922077922	0.7575757575757576
dmw=11991	0.8196183049456187	0.7807672279118208	0.8962755306367641	0.8707782672540382	0.8822961890979257	0.9445958219800181	0.8639319659829915	0.8573079145002889	0.8842504743833017	0.7017937219730942	0.7827956989247312	0.8704379562043796	0.8662420382165605	0.8953068592057761	0.9230769230769231	0.9523809523809523	0.6814159292035398
dmw=11992	0.8206214689265536	0.78159757330637	0.9085173501577287	0.876425855513308	0.8915929203539823	0.9124236252545825	0.8952745849297573	0.9112271540469974	0.9080882352941176	0.6666666666666666	0.8669950738916257	0.8823529411764706	0.953125	0.9349112426035503	1.0	0.9294117647058824	0.6571428571428571
dmw=11993	0.8232904536222072	0.7488278633623576	0.8938848920863309	0.8977777777777778	0.9006410256410257	0.9145299145299145	0.8419117647058824	0.8296943231441049	0.8844444444444445	0.7751937984496124	0.904	0.7727272727272727	0.8522727272727273	0.8857142857142857	0.9818181818181818	0.9736842105263158	0.746268656716418
dmw=11994	0.859463850528026	0.8073713490959666	0.9182509505703422	0.9164556962025316	0.8866906474820144	0.9511400651465798	0.9197761194029851	0.9354005167958657	0.934156378600823	0.7022900763358778	0.7913669064748201	0.971830985915493	0.7285714285714285	0.9419354838709677	0.945054945054945	0.9591836734693877	0.75
dmw=11995	0.7626182965299685	0.7055702917771883	0.8291666666666667	0.8165467625899281	0.806282722513089	0.9385245901639344	0.8509316770186336	0.8233766233766234	0.822429906542056	0.6952380952380952	0.6886792452830188	0.6666666666666666	0.8870967741935484	0.9291338582677166	1.0	0.95	0.6363636363636364
dmw=11996	0.8761987794245859	0.7969711310932324	0.9060987415295256	0.927689594356261	0.875	0.9474835886214442	0.8770595690747782	0.8865814696485623	0.8884615384615384	0.698170731707317	0.6575875486381323	0.9274193548387096	0.8857142857142857	0.9295154185022027	0.9253731343283582	0.9338235294117647	0.8961038961038961
dmw=11997	0.8385382059800665	0.7807351077313055	0.903755868544601	0.883419689119171	0.876510067114094	0.9315068493150684	0.8790035587188612	0.923828125	0.9408602150537635	0.7103825136612022	0.8173076923076923	0.782258064516129	0.9230769230769231	0.9379310344827586	1.0	0.8360655737704918	0.7272727272727273
dmw=11998	0.8433275563258232	0.7746913580246914	0.8817005545286506	0.8946731234866828	0.8472222222222222	0.9504950495049505	0.8740581270182992	0.8498659517426274	0.894927536231884	0.9506172839506173	0.779783393501805	0.9179487179487179	0.9096385542168675	0.8938775510204081	0.9523809523809523	0.908256880733945	0.6261682242990654
dmw=11999	0.8194740582800284	0.7514450867052023	0.8788501026694046	0.9108433734939759	0.8603531300160514	0.9383886255924171	0.828693790149893	0.8791208791208791	0.9264705882352942	0.5567010309278351	0.8529411764705882	0.9136690647482014	0.9223300970873787	0.9512195121951219	0.9772727272727273	1.0	0.5901639344262295
dmw=12000	0.7827521206409048	0.7267981438515081	0.8909883720930233	0.8604118993135011	0.84	0.9324894514767933	0.8395061728395061	0.8556034482758621	0.8115942028985508	0.7604790419161677	0.7724137931034483	0.816	0.9533678756476683	0.8944954128440367	0.9714285714285714	0.9523809523809523	0.6797385620915033
dmw=12001	0.7668207498715973	0.7146946564885496	0.841081081081081	0.8768382352941176	0.8161490683229814	0.8475	0.7918486171761281	0.8297520661157025	0.8175182481751825	0.66015625	0.6932773109243697	0.8657718120805369	0.8544303797468354	0.8629032258064516	0.90625	0.8484848484848485	0.7549019607843137
dmw=12002	0.8144699140401146	0.7694524495677233	0.9023569023569024	0.89501312335958	0.8949416342412452	0.9301470588235294	0.8703703703703703	0.9017857142857143	0.9022556390977443	0.6224489795918368	0.76	0.8137254901960784	0.7974683544303798	0.9108910891089109	0.9827586206896551	0.9431818181818182	0.7142857142857143
dmw=12003	0.9052631578947369	0.9037227214377407	0.9322033898305084	0.9712230215827338	0.9614035087719298	0.946969696969697	0.9469964664310954	0.9324324324324325	0.9568965517241379	0.4818181818181818	0.8837209302325582	0.9	0.9375	0.9859154929577465	1.0	1.0	0.7941176470588235
dmw=12004	0.6919014084507042	0.5544354838709677	0.8113207547169812	0.6838709677419355	0.7105263157894737	0.8846153846153846	0.7466666666666667	0.656441717791411	0.6818181818181818	0.85	0.41333333333333333	0.8	0.8235294117647058	0.8269230769230769	0.8108108108108109	0.9090909090909091	0.3888888888888889
dmw=12005	0.7939093484419264	0.7379361544172235	0.8988095238095238	0.8605263157894737	0.8107255520504731	0.8804071246819338	0.8294736842105264	0.8744588744588745	0.8645833333333334	0.6082474226804123	0.8	0.8017241379310345	0.9076923076923077	0.9017341040462428	0.918918918918919	0.9069767441860465	0.35714285714285715
dmw=12006	0.8812915479582146	0.8146618482188952	0.9271604938271605	0.9274336283185841	0.9333333333333333	0.9111570247933884	0.8875638841567292	0.8869969040247678	0.9652173913043478	0.6923076923076923	0.796875	0.9006622516556292	0.6987951807228916	0.845360824742268	0.9920634920634921	0.9897959183673469	0.5656565656565656
dmw=12007	0.8519480519480519	0.8070422535211268	0.9047619047619048	0.8633257403189066	0.8925750394944708	0.937037037037037	0.8752783964365256	0.877030162412993	0.9086294416243654	0.6770833333333334	0.7936507936507936	0.8357142857142857	0.8861788617886179	0.8790322580645161	0.9552238805970149	0.9821428571428571	0.5862068965517241
dmw=12008	0.8	0.717391304347826	0.9077306733167082	0.8726287262872628	0.6899441340782123	0.9311926605504587	0.7681159420289855	0.8793650793650793	0.8518518518518519	0.7432432432432432	0.6864406779661016	0.7313432835820896	0.8688524590163934	0.8829787234042553	0.967741935483871	0.9512195121951219	0.6333333333333333
dmw=12009	0.8273878020713463	0.7878635907723169	0.8375184638109305	0.8494845360824742	0.8727272727272727	0.9287749287749287	0.8289205702647657	0.8880597014925373	0.9049429657794676	0.8495575221238938	0.8994708994708994	0.9090909090909091	0.7040816326530612	0.8605769230769231	0.9148936170212766	0.9322033898305084	0.7710843373493976
dmw=12010	0.7988785046728972	0.7900158478605388	0.8763906056860321	0.897196261682243	0.8692579505300353	0.9205426356589147	0.8305732484076433	0.8312428734321551	0.8618181818181818	0.6303030303030303	0.8061674008810573	0.9213483146067416	0.9241379310344827	0.915	0.8888888888888888	0.9230769230769231	0.5905511811023622
dmw=12011	0.8717948717948718	0.8406113537117904	0.8883248730964467	0.925601750547046	0.9326145552560647	0.9633802816901409	0.8866213151927438	0.9520295202952029	0.9536423841059603	0.8212290502793296	0.8928571428571429	0.7411764705882353	0.7572815533980582	0.9072164948453608	0.9666666666666667	0.9871794871794872	0.6727272727272727
dmw=12012	0.8065134099616859	0.7692878338278932	0.8783783783783784	0.8583106267029973	0.8371559633027523	0.9285714285714286	0.8464912280701754	0.8943089430894309	0.803030303030303	0.8137254901960784	0.7475247524752475	0.8632478632478633	0.8823529411764706	0.9716312056737588	0.972972972972973	0.8181818181818182	0.4393939393939394
dmw=12013	0.5290482076637825	0.43672456575682383	0.7012195121951219	0.6163522012578616	0.5864022662889519	0.7636363636363637	0.6688311688311688	0.5886792452830188	0.5882352941176471	0.6559139784946236	0.3394495412844037	0.4375	0.7307692307692307	0.7777777777777778	0.8367346938775511	0.8333333333333334	0.4166666666666667
dmw=12015	0.8878260869565218	0.8493788819875776	0.8908296943231441	0.9151515151515152	0.8979591836734694	0.9661016949152542	0.9198717948717948	0.9241706161137441	0.9333333333333333	0.6888888888888889	0.8866666666666667	0.9230769230769231	0.9285714285714286	0.8709677419354839	1.0	0.875	0.8225806451612904
dmw=12016	0.7328707718993929	0.6769383697813122	0.8113207547169812	0.8623481781376519	0.8029350104821803	0.9038461538461539	0.821608040201005	0.7580071174377224	0.8738738738738738	0.49504950495049505	0.6413043478260869	0.7613636363636364	0.8979591836734694	0.8878504672897196	0.8	0.9019607843137255	0.4473684210526316
dmw=12022	0.8178217821782178	0.7648174490279753	0.866504854368932	0.9083665338645418	0.8609355246523388	0.8848920863309353	0.8347529812606473	0.8452611218568665	0.8795811518324608	0.8118279569892473	0.7846153846153846	0.8257575757575758	0.7403314917127072	0.8905660377358491	0.8409090909090909	0.9568965517241379	0.46464646464646464
dmw=12023	0.8448823903369358	0.7981122181436812	0.9158620689655173	0.9128205128205128	0.8867497168742922	0.9747191011235955	0.9022801302931596	0.8854166666666666	0.9118942731277533	0.7321428571428571	0.7846153846153846	0.8054298642533937	0.8181818181818182	0.8602941176470589	0.9733333333333334	0.9491525423728814	0.6853932584269663
dmw=12024	0.8721961398017736	0.8064516129032258	0.9291907514450867	0.8840864440078585	0.9029126213592233	0.928395061728395	0.9052369077306733	0.8801089918256131	0.8885448916408669	0.825	0.8359375	0.8679245283018868	0.845360824742268	0.925531914893617	0.9344262295081968	0.9595959595959596	0.6363636363636364
dmw=12025	0.8566654288897141	0.8112516644474035	0.9312424607961399	0.9008379888268156	0.8708520179372198	0.9328859060402684	0.8747433264887063	0.8931788931788932	0.8818443804034583	0.8623188405797102	0.8488888888888889	0.8553191489361702	0.9489795918367347	0.8793969849246231	1.0	0.9326923076923077	0.6747572815533981
dmw=12026	0.7941771128184392	0.7429525222551929	0.9048067860508954	0.9027303754266212	0.8756432246998285	0.925	0.8208092485549133	0.8431122448979592	0.8452722063037249	0.7966101694915254	0.7909090909090909	0.7548387096774194	0.8831168831168831	0.8833819241982507	0.9805825242718447	0.8739495798319328	0.6464646464646465
dmw=12027	0.789279112754159	0.7106145251396648	0.8535108958837773	0.8693467336683417	0.8075253256150506	0.9155313351498637	0.8285302593659942	0.789103690685413	0.8863636363636364	0.8125	0.7453416149068323	0.9343065693430657	0.9224806201550387	0.8224852071005917	0.9433962264150944	0.9361702127659575	0.4875
dmw=12028	0.9030808729139923	0.8798586572438163	0.8826219512195121	0.9477611940298507	0.8906810035842294	0.9486404833836858	0.8968253968253969	0.9267734553775744	0.9325396825396826	0.6851851851851852	0.8895027624309392	0.8790322580645161	0.9375	0.9145299145299145	0.9782608695652174	0.9666666666666667	0.7567567567567568
dmw=12029	0.8522904331567467	0.7871548246974868	0.9051470588235294	0.9216335540838853	0.9005010737294202	0.9462068965517242	0.8260120585701981	0.8938967136150234	0.8746803069053708	0.8419117647058824	0.8448275862068966	0.8421052631578947	0.8693009118541033	0.9184397163120568	0.9905660377358491	0.8805970149253731	0.6573426573426573
dmw=12030	0.8205912334352702	0.7643129770992366	0.8549222797927462	0.8838174273858921	0.9086859688195991	0.9380952380952381	0.8359788359788359	0.9130434782608695	0.8533333333333334	0.6732673267326733	0.8571428571428571	0.9038461538461539	0.9076923076923077	0.9074074074074074	0.9787234042553191	0.9393939393939394	0.8571428571428571
dmw=12031	0.8900262467191601	0.8485007890583903	0.9224358974358975	0.9258266309204647	0.9162393162393162	0.93854033290653	0.9172297297297297	0.9228039041703638	0.9339622641509434	0.7524509803921569	0.8541033434650456	0.8909090909090909	0.8841698841698842	0.9438502673796791	0.9653465346534653	0.9668874172185431	0.7422680412371134
dmw=12032	0.014814814814814815	0.013888888888888888	0.06422018348623854	0.030612244897959183	0.15384615384615385	0.01652892561983471	0.03305785123966942	0.017857142857142856	0.2698412698412698	0.0	0.1111111111111111	0.041666666666666664	0.0	0.0	0.2222222222222222	0.027777777777777776	0.0
dmw=12033	0.24381968007755694	0.3154929577464789	0.3314447592067989	0.20950704225352113	0.22470433639947437	0.36117936117936117	0.3905579399141631	0.33941605839416056	0.28313253012048195	0.12549019607843137	0.30078125	0.31877729257641924	0.16666666666666666	0.37423312883435583	0.5075757575757576	0.43010752688172044	0.0
dmw=12034	0.41508182220256523	0.4856373429084381	0.3323397913561848	0.4796084828711256	0.45808383233532934	0.45195353748680045	0.4369158878504673	0.46378018318068276	0.4240766073871409	0.46994535519125685	0.3356009070294785	0.4161676646706587	0.42084942084942084	0.29041095890410956	0.40331491712707185	0.4619289340101523	0.44086021505376344
dmw=12035	0.14285714285714285	0.1968503937007874	0.01818181818181818	0.02040816326530612	0.037037037037037035	0.23076923076923078	0.0	0.0	0.0	0.0	0.0	0.0	0.0	0.0	0.0	0.0	0.0
dmw=12036	0.3950120377801099	0.3904123385031508	0.423030719066415	0.4121145653182604	0.40703332767498446	0.44137814748201437	0.4072825066165799	0.44478974458580167	0.45226962789791547	0.36458227073344895	0.41196245972825324	0.3961937716262976	0.4192529269652481	0.43776620918125886	0.42971086739780656	0.4437104321497385	0.3472271282232427
dmw=12037	0.7895679694264474	0.7401158882094951	0.8647881007549144	0.8604090194022024	0.8327637910593486	0.9075280743102732	0.8093074997682396	0.8277707808564232	0.8463463463463463	0.7796794349361587	0.7630365377793544	0.8447943444730077	0.8602251407129456	0.8618881118881119	0.9300567107750473	0.9110970996216898	0.6694987255734919
dmw=12038	0.41492056182362425	0.471324533454711	0.48493975903614456	0.3936731107205624	0.4266666666666667	0.4009852216748768	0.5034569453174105	0.4783950617283951	0.4392935982339956	0.3940594059405941	0.6482412060301508	0.40487804878048783	0.31905781584582443	0.445141065830721	0.5094339622641509	0.48520710059171596	0.620253164556962
dmw=12039	0.0492676431424767	0.06289308176100629	0.01937984496124031	0.0425531914893617	0.1148036253776435	0.03289473684210526	0.0213903743315508	0.1566265060240964	0.2	0.17073170731707318	0.024193548387096774	0.0	0.15517241379310345	0.0	0.0	0.0625	0.23529411764705882
dmw=12040	0.8516630901287554	0.8085546294501519	0.8883885493727887	0.8738965952080706	0.876681945882005	0.8993033565547816	0.8752847380410023	0.8782938811969629	0.9027418520434558	0.7604667124227865	0.8213333333333334	0.8555066079295154	0.8530287984111221	0.8746200607902735	0.9427168576104746	0.9065281899109793	0.7808471454880295
dmw=12043	0.889584964761159	0.8096313017306245	0.9130434782608695	0.9285714285714286	0.9218543046357616	0.9321266968325792	0.8611111111111112	0.9311064718162839	0.901840490797546	0.7295081967213115	0.7380952380952381	0.8541666666666666	0.8947368421052632	0.9424460431654677	0.9733333333333334	1.0	0.8028169014084507
dmw=12044	0.8875776397515528	0.8393782383419689	0.9072727272727272	0.9280205655526992	0.9135220125786163	0.9146341463414634	0.9162011173184358	0.9213483146067416	0.9626168224299065	0.8356164383561644	0.8823529411764706	0.9743589743589743	0.7796610169491526	0.8932038834951457	0.9393939393939394	1.0	0.7692307692307693
dmw=12045	0.8991480543403177	0.8605235602094241	0.9018073914216348	0.9293439077144917	0.9172991363517404	0.9394426580921758	0.9068546158098397	0.9276718243972653	0.9045534150612959	0.7481343283582089	0.8656716417910447	0.8341645885286783	0.8475609756097561	0.9318463444857497	0.9583333333333334	0.9611231101511879	0.8015267175572519
dmw=12046	0.895306404932679	0.8440835793776971	0.9105058365758755	0.9325744308231173	0.9205020920502092	0.9606807511737089	0.9094040647605925	0.9047174217655302	0.9256637168141593	0.6812447434819175	0.8378378378378378	0.8278688524590164	0.912751677852349	0.9380530973451328	0.917098445595855	0.950920245398773	0.7528089887640449
dmw=12047	0.9235040098704503	0.8530973451327434	0.94	0.9386363636363636	0.9124629080118695	0.9142857142857143	0.903125	0.9067357512953368	0.9581151832460733	0.8036363636363636	0.8686131386861314	0.7596899224806202	0.7777777777777778	0.9404761904761905	0.9444444444444444	0.9206349206349206	0.7666666666666667
dmw=12048	0.897196261682243	0.8183716075156576	0.8958333333333334	0.9640287769784173	0.9163568773234201	0.9329268292682927	0.8726851851851852	0.9383116883116883	0.953757225433526	0.45925925925925926	0.8846153846153846	0.851063829787234	0.7692307692307693	0.9142857142857143	0.9534883720930233	0.94	0.9069767441860465
dmw=12049	0.8919572666801048	0.8663019319541801	0.8957858769931663	0.9423205902079141	0.924416450537236	0.9442724458204335	0.8979591836734694	0.924404272801972	0.9344978165938864	0.7657992565055762	0.9040767386091128	0.8376811594202899	0.8484848484848485	0.9246323529411765	0.9845559845559846	0.9512195121951219	0.8875502008032129
dmw=12050	0.8619402985074627	0.8612217795484728	0.9420505200594353	0.9258312020460358	0.9110787172011662	0.9049429657794676	0.8946428571428572	0.9116883116883117	0.8916256157635468	0.6666666666666666	0.722972972972973	0.8148148148148148	0.8596491228070176	0.970873786407767	1.0	0.9791666666666666	0.6923076923076923
dmw=12051	0.8365139949109415	0.7725816784112748	0.927536231884058	0.9225806451612903	0.8845637583892617	0.9379084967320261	0.865414710485133	0.8658318425760286	0.9203539823008849	0.6774193548387096	0.8043478260869565	0.9153846153846154	0.9065420560747663	0.9629629629629629	0.9615384615384616	0.6818181818181818	0.6444444444444445
dmw=12054	0.8121267799724391	0.7978011472275335	0.8783649052841476	0.8789473684210526	0.8476190476190476	0.9290909090909091	0.8966565349544073	0.8592814371257484	0.857707509881423	0.5833333333333334	0.7947368421052632	0.7853107344632768	0.6666666666666666	0.9122807017543859	0.8604651162790697	0.8734177215189873	0.6185567010309279
dmw=12055	0.8130653266331658	0.78125	0.9046610169491526	0.8740359897172236	0.8894009216589862	0.9224137931034483	0.8888888888888888	0.8699186991869918	0.8931297709923665	0.8877551020408163	0.8431372549019608	0.8020833333333334	0.7719298245614035	0.8928571428571429	0.9333333333333333	0.9454545454545454	0.7017543859649122
dmw=12056	0.9155370177267987	0.8677563150074294	0.9447415329768271	0.943217665615142	0.9217758985200846	0.889487870619946	0.930835734870317	0.9373549883990719	0.9714285714285714	0.6329113924050633	0.9278350515463918	0.8155339805825242	0.868421052631579	0.956989247311828	1.0	0.9607843137254902	0.8627450980392157
dmw=12057	0.8720292504570384	0.8157492354740061	0.9210526315789473	0.9060913705583756	0.9204737732656514	0.8474025974025974	0.9097938144329897	0.9129287598944591	0.911504424778761	0.6774193548387096	0.7380952380952381	0.9080459770114943	0.8130841121495327	0.9518072289156626	1.0	0.8392857142857143	0.6285714285714286
dmw=12058	0.8948884089272858	0.8444790046656299	0.9242685025817556	0.9269005847953217	0.867109634551495	0.8901098901098901	0.9244060475161987	0.9268867924528302	0.9256198347107438	0.6774193548387096	0.8011049723756906	0.8962962962962963	0.9259259259259259	0.9117647058823529	0.9361702127659575	0.9478260869565217	0.5686274509803921
dmw=12059	0.9039256198347108	0.8411053540587219	0.9276315789473685	0.944015444015444	0.9052523171987642	0.9336734693877551	0.9320695102685624	0.9389312977099237	0.9361022364217252	0.7828282828282829	0.8916666666666667	0.7912621359223301	0.9672131147540983	0.9166666666666666	0.9651162790697675	0.9147286821705426	0.6290322580645161
dmw=12060	0.9055944055944056	0.8733333333333333	0.9136276391554703	0.9452054794520548	0.9303547963206308	0.898876404494382	0.8952380952380953	0.9434343434343434	0.9343434343434344	0.6338028169014085	0.8888888888888888	0.8409090909090909	0.7692307692307693	0.9666666666666667	0.9508196721311475	0.9846153846153847	0.7142857142857143
dmw=12061	0.8647085002225189	0.845719661335842	0.9425414364640884	0.9305555555555556	0.9316062176165804	0.9411764705882353	0.8854337152209493	0.9501965923984272	0.9393939393939394	0.7349397590361446	0.8539823008849557	0.9375	0.7916666666666666	0.8767772511848341	0.9684684684684685	0.8545454545454545	0.6111111111111112
dmw=12064	0.8552168815943728	0.759526938239159	0.8545454545454545	0.9223057644110275	0.8741976893453145	0.9297423887587822	0.8732193732193733	0.8656716417910447	0.9343065693430657	0.6759776536312849	0.8148148148148148	0.9281437125748503	0.8189655172413793	0.951048951048951	0.978494623655914	0.9861111111111112	0.5294117647058824
dmw=12065	0.8800639658848614	0.8463016330451489	0.90304396843292	0.9359430604982206	0.904635761589404	0.9604938271604938	0.8976486860304288	0.9182879377431906	0.9236641221374046	0.6560283687943262	0.916	0.7439613526570048	0.9482758620689655	0.8846153846153846	0.9387755102040817	0.9120879120879121	0.7634408602150538
dmw=12066	0.8472012102874432	0.8055315471045809	0.8857868020304569	0.889344262295082	0.87	0.8944954128440367	0.882494004796163	0.9029649595687331	0.9354838709677419	0.7428571428571429	0.7674418604651163	0.8860759493670886	0.9487179487179487	0.8661417322834646	0.9655172413793104	1.0	0.45
dmw=12067	0.8266094420600858	0.7764182424916574	0.8943894389438944	0.8878787878787879	0.8825995807127882	0.9193548387096774	0.8568232662192393	0.8934426229508197	0.9342105263157895	0.6991150442477876	0.9	0.803030303030303	0.9871794871794872	0.9607843137254902	0.9791666666666666	0.9361702127659575	0.5
dmw=12068	0.8751668891855807	0.7653131452167928	0.8922852983988355	0.8866666666666667	0.8429319371727748	0.908695652173913	0.8648648648648649	0.9183673469387755	0.8243243243243243	0.8571428571428571	0.7828947368421053	0.7593984962406015	0.9032258064516129	0.9144736842105263	0.9354838709677419	0.961038961038961	0.6818181818181818
dmw=12071	0.896	0.8305383936451898	0.8968692449355433	0.9723076923076923	0.8955752212389381	0.9236641221374046	0.903370786516854	0.9534883720930233	0.9245283018867925	0.8194444444444444	0.9392265193370166	0.81	0.8709677419354839	0.9494949494949495	0.9605263157894737	0.9841269841269841	0.7872340425531915
dmw=12072	0.8122605363984674	0.7438725490196079	0.8525179856115108	0.8805460750853242	0.8807339449541285	0.8993288590604027	0.8306188925081434	0.8540145985401459	0.8681318681318682	0.6129032258064516	0.7666666666666667	0.775	0.7176470588235294	0.9117647058823529	1.0	0.9428571428571428	0.7333333333333333
dmw=12073	0.8152566883586406	0.7870119829918825	0.8761384335154827	0.8861892583120204	0.8717228464419475	0.9557109557109557	0.8308740068104427	0.8625792811839323	0.8731117824773413	0.6420664206642066	0.8363636363636363	0.8687782805429864	0.7359550561797753	0.8723404255319149	0.975	0.9152542372881356	0.6044776119402985
dmw=12074	0.8913786555260159	0.8469626168224299	0.8866279069767442	0.8907692307692308	0.9130434782608695	0.9114583333333334	0.8938428874734607	0.9348837209302325	0.943342776203966	0.6955307262569832	0.8801652892561983	0.8626373626373627	0.972027972027972	0.9213973799126638	0.952755905511811	0.9	0.7459016393442623
dmw=12075	0.9026315789473685	0.8498609823911029	0.9189852700490998	0.9508771929824561	0.8994864269992663	0.9631728045325779	0.9045226130653267	0.9397260273972603	0.9251439539347409	0.687007874015748	0.8421052631578947	0.9218106995884774	0.7162162162162162	0.9384057971014492	0.9559748427672956	0.9130434782608695	0.7205882352941176
dmw=12076	0.8168449197860963	0.8455228981544771	0.9209621993127147	0.9451827242524917	0.9045801526717557	0.9603399433427762	0.861646234676007	0.8693181818181818	0.9142857142857143	0.7135922330097088	0.8888888888888888	0.924812030075188	0.7222222222222222	0.9407894736842105	1.0	0.8372093023255814	0.7471264367816092
dmw=12077	0.7768698931489629	0.7570422535211268	0.8674496644295302	0.9090909090909091	0.8300653594771242	0.948936170212766	0.8340425531914893	0.8972602739726028	0.8666666666666667	0.6129032258064516	0.8686868686868687	0.9098360655737705	0.922077922077922	0.885	0.9682539682539683	0.9705882352941176	0.8793103448275862
dmw=12078	0.8429319371727748	0.7273425499231951	0.8492239467849224	0.8801369863013698	0.8630952380952381	0.934010152284264	0.8451327433628318	0.7757255936675461	0.8375634517766497	0.6117021276595744	0.7397260273972602	0.8691588785046729	0.7662337662337663	0.8787878787878788	0.9523809523809523	0.9512195121951219	0.4838709677419355
dmw=12081	0.8815280464216635	0.8347229033840118	0.937007874015748	0.9175257731958762	0.9396662387676509	0.958904109589041	0.900398406374502	0.9163179916317992	0.898876404494382	0.6258064516129033	0.7766497461928934	0.8711340206185567	0.65	0.8873239436619719	0.9625	0.9852941176470589	0.6770833333333334
dmw=12082	0.7859209257473481	0.7455731593662628	0.8938428874734607	0.8513119533527697	0.865909090909091	0.9405940594059405	0.8579881656804734	0.8015267175572519	0.903448275862069	0.7051282051282052	0.7737226277372263	0.9457364341085271	0.9850746268656716	0.8068181818181818	0.8604651162790697	0.8765432098765432	0.7976190476190477
dmw=12085	0.8062937062937063	0.7359507313317937	0.8998272884283247	0.8808777429467085	0.8419301164725458	0.8939929328621908	0.8342541436464088	0.8	0.877906976744186	0.8617886178861789	0.7470588235294118	0.8898305084745762	0.7261904761904762	0.8846153846153846	0.9230769230769231	0.9636363636363636	0.6666666666666666
dmw=12086	0.8355542095699576	0.7861873226111636	0.8875536480686695	0.8752642706131079	0.8382147838214784	0.9145527369826435	0.853923853923854	0.866869918699187	0.9068100358422939	0.8317757009345794	0.8571428571428571	0.9204301075268817	0.9137055837563451	0.8867924528301887	0.9029850746268657	0.9235668789808917	0.6754966887417219
dmw=12089	0.8726864834548513	0.8183819482663731	0.9139633286318759	0.9309576837416481	0.8817056396148556	0.924	0.9252782193958664	0.9094827586206896	0.9081632653061225	0.575	0.9133333333333333	0.9050279329608939	0.8166666666666667	0.9467455621301775	0.9803921568627451	0.9393939393939394	0.92
dmw=12090	0.8186469584991473	0.8090277777777778	0.9114139693356048	0.8881987577639752	0.8905547226386806	0.8543689320388349	0.8402555910543131	0.8985736925515055	0.8972602739726028	0.7245508982035929	0.7803030303030303	0.9047619047619048	0.6825396825396826	0.9455445544554455	0.974025974025974	0.8333333333333334	0.6428571428571429
dmw=12091	0.9017241379310345	0.8246445497630331	0.8865979381443299	0.8745098039215686	0.6555555555555556	0.89937106918239	0.7557755775577558	0.9017467248908297	0.815068493150685	0.7877094972067039	0.8852459016393442	0.7954545454545454	0.8873239436619719	0.6752136752136753	0.8888888888888888	0.75	0.9310344827586207
dmw=12101	0.8910658307210031	0.8675213675213675	0.9186046511627907	0.9466292134831461	0.9254302103250478	0.9307958477508651	0.8759842519685039	0.936768149882904	0.9370629370629371	0.9852941176470589	0.868421052631579	0.7851239669421488	0.8771929824561403	0.9367088607594937	0.96	0.9358974358974359	0.7777777777777778
dmw=12102	0.8878391472868217	0.867912087912088	0.9155794320798158	0.917989417989418	0.9330819981149858	0.955703211517165	0.9064665127020786	0.9236363636363636	0.8980797636632201	0.7012048192771084	0.9243027888446215	0.8516320474777448	0.9207317073170732	0.9301587301587302	0.9651162790697675	0.9653465346534653	0.8458149779735683
dmw=12103	0.912568306010929	0.9036792062835882	0.9202247191011236	0.9362808842652796	0.9459203036053131	0.9493891797556719	0.9125874125874126	0.9240506329113924	0.9287531806615776	0.6703703703703704	0.9132947976878613	0.9015544041450777	0.9202127659574468	0.9855769230769231	0.9148936170212766	0.963963963963964	0.875
dmw=12104	0.9180451127819549	0.8451443569553806	0.9203747072599532	0.9207920792079208	0.9400299850074962	0.9210526315789473	0.8952879581151832	0.9384615384615385	0.89937106918239	0.7211538461538461	0.7862068965517242	0.8878504672897196	0.8125	0.9357798165137615	0.9833333333333333	0.9130434782608695	0.8918918918918919
dmw=12105	0.8767367296045601	0.8638709677419355	0.9088983050847458	0.9102941176470588	0.9012251148545176	0.9476861167002012	0.9052396878483835	0.9242424242424242	0.8724202626641651	0.6359649122807017	0.8076923076923077	0.875	0.84	0.9399293286219081	0.9819819819819819	0.9571428571428572	0.6451612903225806
dmw=12106	0.8785890073831009	0.8506348020911128	0.9461538461538461	0.9690402476780186	0.9165009940357853	0.9243986254295533	0.9226361031518625	0.8925925925925926	0.9567901234567902	0.6753246753246753	0.9230769230769231	0.9826086956521739	0.9066666666666666	0.9435483870967742	0.9365079365079365	0.8636363636363636	0.8809523809523809
dmw=12107	0.877	0.7775246772968869	0.9455782312925171	0.8812260536398467	0.8824626865671642	0.9047619047619048	0.8837209302325582	0.8924731182795699	0.8666666666666667	0.6033057851239669	0.8369565217391305	0.8333333333333334	0.9714285714285714	0.9534883720930233	0.9259259259259259	1.0	0.5434782608695652
dmw=12109	0.9043693322341303	0.832639467110741	0.9265658747300216	0.9228650137741047	0.9157088122605364	0.9737991266375546	0.8940397350993378	0.8987654320987655	0.9086021505376344	0.7037037037037037	0.8738738738738738	0.9375	0.8604651162790697	0.8636363636363636	1.0	0.9117647058823529	0.90625
dmw=12112	0.8644870349492672	0.80439761795694	0.8910329171396141	0.8996617812852311	0.8762790697674419	0.94136460554371	0.8810250152532032	0.8923851478917558	0.9120521172638436	0.8028169014084507	0.8027777777777778	0.9046153846153846	0.8587896253602305	0.912639405204461	0.9306930693069307	0.9770114942528736	0.758957654723127
dmw=12113	0.8630600169061707	0.8234309623430962	0.9191176470588235	0.8802588996763754	0.6906077348066298	0.8980392156862745	0.8055555555555556	0.9153846153846154	0.8246753246753247	0.8023255813953488	0.7289719626168224	0.9139784946236559	0.8055555555555556	0.9358974358974359	0.782608695652174	0.90625	0.6282051282051282
dmw=12114	0.8239528795811518	0.7726638772663877	0.8897338403041825	0.8705882352941177	0.8533772652388797	0.9716088328075709	0.9190283400809717	0.8899755501222494	0.8603351955307262	0.7938931297709924	0.7597765363128491	0.8783783783783784	0.8717948717948718	0.9140625	0.9912280701754386	0.9583333333333334	0.8974358974358975
dmw=12115	0.9020817270624518	0.8605003790750568	0.9408502772643254	0.9369369369369369	0.9481132075471698	0.974910394265233	0.978	0.9692982456140351	0.8992248062015504	0.8108108108108109	1.0	0.8382352941176471	0.96	0.9506172839506173	0.9770114942528736	0.7878787878787878	0.8115942028985508
dmw=12124	0.8640316205533597	0.8399053627760252	0.910958904109589	0.9086538461538461	0.8757396449704142	0.9323671497584541	0.8631578947368421	0.906158357771261	0.9154929577464789	0.5984251968503937	0.8518518518518519	0.9219858156028369	0.9117647058823529	0.8513513513513513	0.9032258064516129	0.8947368421052632	0.8571428571428571
dmw=12125	0.830804248861912	0.8030746705710102	0.893223819301848	0.9375	0.8713235294117647	0.9609375	0.8755656108597285	0.9148936170212766	0.8493150684931506	0.7054263565891473	0.7763157894736842	0.9210526315789473	0.808695652173913	0.900990099009901	0.9795918367346939	0.9545454545454546	0.6307692307692307
dmw=12129	0.9072403423548462	0.870722433460076	0.9167132476243711	0.9436749769159741	0.9133333333333333	0.9737470167064439	0.9044016506189821	0.9243799153055051	0.9277456647398844	0.7209302325581395	0.8660508083140878	0.9291784702549575	0.8865979381443299	0.9490022172949002	0.9823008849557522	0.9752650176678446	0.5934959349593496
dmw=12130	0.8840025493945188	0.8243164630599186	0.9424703891708968	0.9672131147540983	0.9265536723163842	0.933806146572104	0.9426048565121413	0.9397905759162304	0.9576271186440678	0.8823529411764706	0.82	0.8928571428571429	0.7710843373493976	0.9603174603174603	0.9418604651162791	0.956989247311828	0.6923076923076923
dmw=12131	0.9237141870900932	0.8900108186080058	0.9216931216931217	0.9591121495327103	0.9529914529914529	0.968	0.9486081370449678	0.9359296482412061	0.8810572687224669	0.8195121951219512	0.9429824561403509	0.9318181818181818	0.9326599326599326	0.8905472636815921	0.9743589743589743	0.9726027397260274	0.9090909090909091
dmw=12132	0.8290506780870807	0.7575865762227776	0.8542914171656687	0.9054652880354506	0.6449534717251253	0.8495238095238096	0.7327293318233296	0.8094117647058824	0.7293233082706767	0.7222222222222222	0.7086956521739131	0.7467532467532467	0.7479674796747967	0.7971698113207547	0.8364779874213837	0.8076923076923077	0.7857142857142857
dmw=12134	0.8859126984126984	0.8475815523059618	0.909433962264151	0.9262135922330097	0.8912768647281921	0.9269911504424779	0.928476821192053	0.9298892988929889	0.9131832797427653	0.7671232876712328	0.8658536585365854	0.8089887640449438	0.7777777777777778	0.9216589861751152	0.9456521739130435	0.9646017699115044	0.8225806451612904
dmw=12135	0.9047051816557474	0.8648170011806375	0.9095744680851063	0.902542372881356	0.9524421593830334	0.9085872576177285	0.9280359820089955	0.9046728971962616	0.9333333333333333	0.7804878048780488	0.8681318681318682	0.8640776699029126	0.76	0.9074074074074074	0.98	0.9382716049382716	0.7704918032786885
dmw=12136	0.8782424563260984	0.827433628318584	0.8952254641909815	0.9153318077803204	0.8911007025761124	0.8612334801762115	0.8943894389438944	0.906054279749478	0.9006849315068494	0.6104651162790697	0.8950276243093923	0.8661087866108786	0.9632352941176471	0.9617224880382775	0.8773584905660378	0.9333333333333333	0.7333333333333333
dmw=12137	0.8728617660656496	0.8109995635093845	0.8906581740976646	0.9337474120082816	0.8942202835332607	0.9217758985200846	0.8721198156682027	0.9077380952380952	0.9424778761061947	0.6452830188679245	0.826530612244898	0.8652482269503546	0.893719806763285	0.95	0.9914529914529915	0.9056603773584906	0.7540983606557377
dmw=12138	0.8640280880944782	0.8352826510721247	0.9139130434782609	0.9085631349782293	0.911682892906815	0.9375	0.8989197530864198	0.9253539253539254	0.9491978609625669	0.8041958041958042	0.8745762711864407	0.7948051948051948	0.8919753086419753	0.869281045751634	0.8976377952755905	0.9421487603305785	0.7969924812030075
dmw=12139	0.902129817444219	0.8814306712395884	0.9050736497545008	0.8914185639229422	0.9287410926365796	0.9322493224932249	0.90311004784689	0.9047619047619048	0.9362549800796812	0.5923566878980892	0.8418079096045198	0.9365079365079365	0.851063829787234	0.9024390243902439	0.9384615384615385	0.9714285714285714	0.7524752475247525
dmw=12140	0.759266484588373	0.7352035579883681	0.7592093441150045	0.8	0.7057777777777777	0.7961019490254873	0.8182870370370371	0.7843551797040169	0.7628865979381443	0.7023411371237458	0.788135593220339	0.7424242424242424	0.8026905829596412	0.82421875	0.7631578947368421	0.8477157360406091	0.8571428571428571
dmw=12141	0.7175748273215656	0.630114566284779	0.8105939004815409	0.8022988505747126	0.7424812030075187	0.7581227436823105	0.7325	0.7348703170028819	0.6287425149700598	0.5472972972972973	0.5576923076923077	0.7209302325581395	0.7966101694915254	0.6931818181818182	0.8918918918918919	0.9069767441860465	0.6470588235294118
dmw=12146	0.6697986577181209	0.5994993742177722	0.6510416666666666	0.672316384180791	0.5305466237942122	0.5822784810126582	0.4857142857142857	0.7389380530973452	0.3888888888888889	0.7068965517241379	0.46938775510204084	0.7341772151898734	0.7162162162162162	0.4520547945205479	0.7777777777777778	0.6052631578947368	0.5833333333333334
dmw=12155	0.4674074074074074	0.4140939597315436	0.4252336448598131	0.5143603133159269	0.2725752508361204	0.38596491228070173	0.2903225806451613	0.42935779816513764	0.4588235294117647	0.5203619909502263	0.5483870967741935	0.3902439024390244	0.2916666666666667	0.2621951219512195	0.3287671232876712	0.5060240963855421	0.3387096774193548
dmw=12156	0.8837375178316691	0.8558262014483212	0.8925318761384335	0.9335347432024169	0.8138138138138138	0.9534313725490197	0.9297423887587822	0.9018789144050104	0.9321428571428572	0.6496350364963503	0.8195488721804511	0.6705882352941176	0.896551724137931	0.8909090909090909	0.958904109589041	1.0	0.6551724137931034
dmw=12157	0.8386277001270648	0.777292576419214	0.8210290827740492	0.812206572769953	0.5850144092219021	0.8356164383561644	0.6258064516129033	0.7651245551601423	0.7247706422018348	0.7325581395348837	0.6744186046511628	0.7794117647058824	0.7142857142857143	0.49264705882352944	0.8125	0.9487179487179487	0.8
dmw=12163	0.8829759752002067	0.8685202639019792	0.9227967953386744	0.9147286821705426	0.9159705159705159	0.9450261780104712	0.9156769596199525	0.9246771879483501	0.9433198380566802	0.6877897990726429	0.9189814814814815	0.8402061855670103	0.6865079365079365	0.9533333333333334	0.9615384615384616	0.945	0.8316831683168316
dmw=12164	0.8702623906705539	0.8377806014400677	0.9002347417840375	0.9201388888888888	0.9046653144016227	0.9030172413793104	0.8907363420427553	0.9195088676671214	0.907563025210084	0.7327935222672065	0.7635467980295566	0.9365079365079365	0.8918918918918919	0.9311926605504587	0.9636363636363636	0.926829268292683	0.5981308411214953
dmw=12165	0.825766174801362	0.7888949972512369	0.8922345483359746	0.8683274021352313	0.8281596452328159	0.9099756690997567	0.8759571209800919	0.8698630136986302	0.8601694915254238	0.6484018264840182	0.835	0.7984496124031008	0.82	0.8617886178861789	0.918918918918919	0.9622641509433962	0.6037735849056604
dmw=12166	0.8985021238542366	0.8978923675056272	0.9175738724727839	0.9337060702875399	0.9200561009817672	0.9201101928374655	0.9280860702151755	0.9280415430267063	0.9539823008849557	0.720626631853786	0.89375	0.9112554112554112	0.7993197278911565	0.9409090909090909	0.9806201550387597	0.9487179487179487	0.8313253012048193
dmw=12167	0.8995771670190275	0.8596345514950167	0.9365853658536586	0.9104046242774566	0.8854166666666666	0.955	0.9004149377593361	0.9196891191709845	0.9606299212598425	0.568	0.8987341772151899	0.8	0.96	1.0	0.9444444444444444	0.9545454545454546	0.8428571428571429
dmw=12168	0.8706467661691543	0.8385826771653543	0.9347826086956522	0.8539682539682539	0.9125560538116592	0.9342105263157895	0.8938053097345132	0.8834080717488789	0.9122807017543859	0.75	0.8846153846153846	0.91	0.5955056179775281	0.9342105263157895	0.8571428571428571	0.9387755102040817	0.7631578947368421
dmw=12169	0.8999273079718925	0.8776257938446507	0.8933153274814315	0.925414364640884	0.9151554404145078	0.9357476635514018	0.9045911047345767	0.8972701149425287	0.8891089108910891	0.7418546365914787	0.8614609571788413	0.8980716253443526	0.8754716981132076	0.9368131868131868	0.9185185185185185	0.9642857142857143	0.8018867924528302
dmw=12170	0.8074626865671641	0.7781201848998459	0.9337231968810916	0.9211822660098522	0.8911917098445595	0.9580152671755725	0.9043927648578811	0.8744186046511628	0.8773584905660378	0.7142857142857143	0.837696335078534	0.8333333333333334	0.5130434782608696	0.9318181818181818	0.9727272727272728	0.9404761904761905	0.9069767441860465
dmw=12172	0.8322115384615385	0.7649236464599722	0.883177570093458	0.8902654867256637	0.8375634517766497	0.916010498687664	0.8247978436657682	0.8514376996805112	0.8295819935691319	0.7593582887700535	0.7728937728937729	0.7857142857142857	0.8424657534246576	0.8418367346938775	0.8888888888888888	0.948051948051948	0.5428571428571428
dmw=12173	0.9146341463414634	0.8822393822393823	0.9264214046822743	0.9444444444444444	0.8913480885311871	0.91324200913242	0.84688995215311	0.9377593360995851	0.9171974522292994	0.6147540983606558	0.875	0.8421052631578947	0.9210526315789473	0.950354609929078	0.975	0.9310344827586207	0.7115384615384616
dmw=12176	0.5073891625615764	0.388	0.24503311258278146	0.41694915254237286	0.2909090909090909	0.35772357723577236	0.40714285714285714	0.4519230769230769	0.3548387096774194	0.2857142857142857	0.41935483870967744	0.4657534246575342	0.4666666666666667	0.25	0.475	0.5588235294117647	0.3125
dmw=12181	0.8841121495327103	0.8274067649609714	0.9019607843137255	0.948170731707317	0.9071729957805907	0.8855218855218855	0.9236947791164659	0.8373015873015873	0.9074074074074074	0.849624060150376	0.8571428571428571	0.7169811320754716	0.7678571428571429	0.9186991869918699	0.975	0.8571428571428571	0.7
dmw=12185	0.913109756097561	0.8995363214837713	0.9042553191489362	0.912621359223301	0.8994974874371859	0.9802631578947368	0.9595959595959596	0.9170305676855895	1.0	0.34146341463414637	0.7831325301204819	0.9777777777777777	0.8888888888888888	0.9830508474576272	0.9210526315789473	0.9285714285714286	1.0
dmw=12186	0.8941558441558441	0.8763543658381134	0.9087591240875912	0.965675057208238	0.9225908372827805	0.8774928774928775	0.8817635270541082	0.9446808510638298	0.9329268292682927	0.5111111111111111	0.8157894736842105	0.9558823529411765	0.8105263157894737	0.9354838709677419	0.9578947368421052	0.8846153846153846	0.8767123287671232
dmw=12187	0.8931909212283045	0.8943355119825708	0.9401993355481728	0.93	0.9270833333333334	0.9572192513368984	0.9427609427609428	0.9565217391304348	0.9367088607594937	0.8333333333333334	0.8352941176470589	0.9322033898305084	0.6888888888888889	0.9761904761904762	0.8461538461538461	0.989247311827957	0.7272727272727273
dmw=12194	0.2552248258391387	0.19515570934256055	0.22838499184339314	0.3148614609571788	0.16863905325443787	0.3739130434782609	0.23700623700623702	0.12100456621004566	0.17985611510791366	0.26993865030674846	0.18181818181818182	0.28368794326241137	0.291970802919708	0.07317073170731707	0.2857142857142857	0.22448979591836735	0.25757575757575757
dmw=12198	0.8900094547746612	0.8680124223602484	0.9151636606546426	0.9156118143459916	0.9037508846426043	0.9257884972170687	0.9132530120481928	0.9115341545352743	0.9145077720207254	0.8248407643312102	0.8533333333333334	0.9421221864951769	0.715	0.91796875	0.9464285714285714	0.9753086419753086	0.7622950819672131
dmw=12199	0.8977272727272727	0.8639493252547508	0.9125	0.9089861751152074	0.9014388489208633	0.9656301145662848	0.9269949066213922	0.9485935984481086	0.9585492227979274	0.717741935483871	0.875	0.9193548387096774	0.8804780876494024	0.9251700680272109	0.9461538461538461	0.9243986254295533	0.7768595041322314
dmw=12200	0.8688972345510413	0.834931506849315	0.9079925650557621	0.9322268326417704	0.8975576662143826	0.9050632911392406	0.8967065868263473	0.9192245557350566	0.9111111111111111	0.6446280991735537	0.7796610169491526	0.9127272727272727	0.9	0.895	0.91	0.9473684210526315	0.9322033898305084
dmw=12201	0.8653295128939829	0.838479809976247	0.9089376053962901	0.9079861111111112	0.9078091106290672	0.9674267100977199	0.8940677966101694	0.9144736842105263	0.918918918918919	0.7358490566037735	0.8883495145631068	0.8220338983050848	0.893491124260355	0.9298245614035088	0.9461538461538461	0.8918918918918919	0.8024691358024691
dmw=12203	0.5318471337579618	0.3525423728813559	0.8108108108108109	0.47297297297297297	0.7735849056603774	0.8387096774193549	0.8555555555555555	0.38596491228070173	0.6296296296296297	0.5384615384615384	0.5128205128205128	0.9285714285714286	0.6111111111111112	0.8333333333333334	0.7777777777777778	1.0	0.2222222222222222
dmw=12204	0.5787476280834914	0.5248713550600344	0.83984375	0.7027027027027027	0.75	0.8823529411764706	0.7631578947368421	0.5575757575757576	0.7835051546391752	0.7037037037037037	0.6341463414634146	0.84	0.3888888888888889	0.8076923076923077	1.0	0.7777777777777778	0.8571428571428571
dmw=12205	0.9193154034229829	0.8920570264765784	0.9676898222940227	0.9440242057488654	0.9368600682593856	0.937888198757764	0.9448946515397083	0.9016152716593245	0.9721115537848606	0.726027397260274	0.9578313253012049	0.8698630136986302	0.7787610619469026	0.9526627218934911	0.9813084112149533	0.9565217391304348	0.9387755102040817
dmw=12208	0.2211267605633803	0.27169421487603307	0.13897280966767372	0.28703703703703703	0.06462585034013606	0.35658914728682173	0.034482758620689655	0.21717171717171718	0.010309278350515464	0.494949494949495	0.1774193548387097	0.11538461538461539	0.3793103448275862	0.35454545454545455	0.10526315789473684	0.5192307692307693	0.30434782608695654
dmw=12213	0.9010477299185099	0.8775944651410325	0.9283387622149837	0.9295352323838081	0.8780773739742087	0.928	0.9177852348993288	0.9375	0.9358974358974359	0.8773584905660378	0.8461538461538461	0.8277777777777777	0.9333333333333333	0.9256756756756757	0.9611650485436893	0.9117647058823529	0.7551020408163265
dmw=12214	0.8519758874748827	0.8574660633484162	0.907070707070707	0.9027777777777778	0.8792822185970636	0.9384057971014492	0.8940269749518305	0.8944444444444445	0.8503401360544217	0.7195121951219512	0.7612903225806451	0.8842105263157894	0.8387096774193549	0.8831168831168831	0.95	1.0	0.75
dmw=12216	0.25219941348973607	0.19951923076923078	0.37168141592920356	0.21897810218978103	0.3308270676691729	0.27884615384615385	0.264	0.23232323232323232	0.14285714285714285	0.45	0.018867924528301886	0.39285714285714285	0.0	0.15384615384615385	0.2	0.6666666666666666	0.0
dmw=12218	0.8728373702422145	0.8131515637530072	0.9268030139935415	0.9360374414976599	0.895910780669145	0.9441624365482234	0.9006514657980456	0.8857938718662952	0.923469387755102	0.7622641509433963	0.8878923766816144	0.8221343873517787	0.9375	0.8678678678678678	0.9166666666666666	0.9107142857142857	0.7475728155339806
dmw=12219	0.8936772046589019	0.8534469639324304	0.9079263410728583	0.9018843404808317	0.9225181598062954	0.9290780141843972	0.9303219605958674	0.9329107237189646	0.9218523878437048	0.794425087108014	0.8720136518771331	0.8459915611814346	0.8557457212713936	0.942008486562942	0.9702970297029703	0.9739776951672863	0.8440860215053764
dmw=12220	0.792	0.7078768909754826	0.8498759305210918	0.8571428571428571	0.8481308411214953	0.8932461873638344	0.828665568369028	0.8377125193199382	0.8223140495867769	0.7592592592592593	0.7208121827411168	0.8805970149253731	0.86	0.8835978835978836	0.8717948717948718	0.9302325581395349	0.5833333333333334
dmw=12221	0.8938095238095238	0.8483642793987621	0.9252336448598131	0.9419475655430711	0.8988902589395807	0.9386666666666666	0.9107913669064748	0.8973799126637555	0.9178082191780822	0.8054298642533937	0.7959183673469388	0.8666666666666667	0.9844961240310077	0.8513513513513513	1.0	0.9344262295081968	0.7857142857142857
dmw=12229	0.6790730337078652	0.5907840440165062	0.5764966740576497	0.6781609195402298	0.44612794612794615	0.6072727272727273	0.4589041095890411	0.5850515463917526	0.5157232704402516	0.483695652173913	0.6456692913385826	0.6733333333333333	0.5408163265306123	0.5291005291005291	0.5673076923076923	0.559322033898305	0.7407407407407407
dmw=12230	0.7828627069133398	0.7804597701149425	0.8436578171091446	0.8209459459459459	0.7643835616438356	0.8138528138528138	0.7365591397849462	0.8612244897959184	0.8613138686131386	0.7425742574257426	0.7428571428571429	0.8035714285714286	0.7746478873239436	0.6666666666666666	0.8214285714285714	0.9743589743589743	0.5087719298245614
dmw=12243	0.8933791917454859	0.8374153204794164	0.9328358208955224	0.8930957683741648	0.8764044943820225	0.9292307692307692	0.9056122448979592	0.8895781637717122	0.9411764705882353	0.6461538461538462	0.8660714285714286	0.7734375	0.8156028368794326	0.9161676646706587	0.9180327868852459	0.8870967741935484	0.49382716049382713
dmw=12256	0.7868852459016393	0.734375	0.8381742738589212	0.8917748917748918	0.8348623853211009	0.9444444444444444	0.8140495867768595	0.8810810810810811	0.7647058823529411	0.8016528925619835	0.819672131147541	0.7619047619047619	0.8289473684210527	0.8604651162790697	0.8775510204081632	1.0	0.5777777777777777
dmw=12261	0.4452054794520548	0.2766798418972332	0.3577981651376147	0.5316455696202531	0.06818181818181818	0.45161290322580644	0.12745098039215685	0.5	0.22448979591836735	0.4	0.4444444444444444	0.16666666666666666	0.125	0.125	0.8888888888888888	0.8846153846153846	0.8823529411764706
dmw=12263	0.8742386241490505	0.8541440463264568	0.9148375768217735	0.9232245681381958	0.8909657320872274	0.9609120521172638	0.9090909090909091	0.8820058997050148	0.937799043062201	0.7295918367346939	0.765	0.9297297297297298	0.7622377622377622	0.9357142857142857	0.9448818897637795	1.0	0.7358490566037735
dmw=12267	0.39690107270560193	0.4886039886039886	0.5251141552511416	0.5478927203065134	0.2766798418972332	0.6198830409356725	0.2149122807017544	0.22674418604651161	0.18461538461538463	0.5161290322580645	0.3225806451612903	0.3387096774193548	0.37142857142857144	0.20689655172413793	0.6538461538461539	0.603448275862069	0.2857142857142857
dmw=12276	0.5368171021377672	0.48348348348348347	0.4230769230769231	0.584070796460177	0.5506329113924051	0.6615384615384615	0.40860215053763443	0.4934210526315789	0.4745762711864407	0.275	0.5161290322580645	0.075	0.4444444444444444	0.10810810810810811	0.45454545454545453	1.0	0.47058823529411764
dmw=12277	0.6163996229971724	0.44676409185803756	0.43582089552238806	0.7540322580645161	0.27044025157232704	0.576530612244898	0.3302180685358255	0.4397590361445783	0.4166666666666667	0.4835164835164835	0.22077922077922077	0.4230769230769231	0.509090909090909	0.3108108108108108	0.3902439024390244	0.7254901960784313	0.45901639344262296
dmw=12286	0.44771634615384615	0.4537770734284205	0.45098039215686275	0.5051369863013698	0.380466472303207	0.3116438356164384	0.5572815533980583	0.3467741935483871	0.47619047619047616	0.5042016806722689	0.6919191919191919	0.2553191489361702	0.2857142857142857	0.47560975609756095	0.25925925925925924	0.43478260869565216	0.71875
dmw=12287	0.9346076458752515	0.9308390022675737	0.961038961038961	0.9680851063829787	0.966996699669967	0.9366197183098591	0.8571428571428571	0.9672897196261683	0.9900990099009901	0.8769230769230769	0.9210526315789473	0.8771929824561403	0.616822429906542	0.9532710280373832	0.9090909090909091	0.9795918367346939	0.8947368421052632
dmw=12292	0.8687821612349914	0.8570391872278664	0.8968531468531469	0.9057591623036649	0.9097421203438395	0.8577235772357723	0.9206349206349206	0.8829516539440203	0.8584905660377359	0.8538461538461538	0.8412698412698413	0.7857142857142857	0.7570093457943925	0.935064935064935	1.0	0.7037037037037037	0.4444444444444444
dmw=12295	0.8480463096960926	0.804093567251462	0.875	0.9225806451612903	0.6739130434782609	0.84375	0.6918604651162791	0.8275862068965517	0.7333333333333333	0.5507246376811594	0.6	0.9615384615384616	0.6470588235294118	0.5789473684210527	0.8181818181818182	0.8181818181818182	0.9047619047619048
dmw=12307	0.6879120879120879	0.5482233502538071	0.6467532467532467	0.8465116279069768	0.34375	0.4564102564102564	0.31875	0.6952054794520548	0.373134328358209	0.6627906976744186	0.3763440860215054	0.7317073170731707	0.7183098591549296	0.14772727272727273	0.32432432432432434	0.5454545454545454	0.72
dmw=12325	0.1683673469387755	0.22115384615384615	0.20588235294117646	0.10810810810810811	0.10112359550561797	0.08433734939759036	0.0962962962962963	0.2108843537414966	0.3902439024390244	0.09803921568627451	0.6842105263157895	0.15625	0.0	0.2857142857142857	0.6666666666666666	0.0	0.391304347826087
dmw=12329	0.8120481927710843	0.7324364723467862	0.7585139318885449	0.7592592592592593	0.43902439024390244	0.6048387096774194	0.3712121212121212	0.6802721088435374	0.5506329113924051	0.7808219178082192	0.4657534246575342	0.7894736842105263	0.8888888888888888	0.6571428571428571	0.7804878048780488	0.7755102040816326	0.6470588235294118
dmw=12330	0.8443935926773455	0.8025889967637541	0.8223684210526315	0.8782608695652174	0.5454545454545454	0.873015873015873	0.29	0.8061224489795918	0.41025641025641024	0.9444444444444444	0.7333333333333333	0.8064516129032258	0.68	0.36666666666666664	0.9714285714285714	1.0	0.45454545454545453
dmw=12331	0.40950639853747717	0.42482100238663484	0.41358024691358025	0.5	0.1792452830188679	0.4253731343283582	0.1095890410958904	0.24705882352941178	0.14925373134328357	0.27906976744186046	0.25	0.2962962962962963	0.36	0.15384615384615385	0.6363636363636364	0.3333333333333333	0.35
dmw=12341	0.915282392026578	0.9014005602240897	0.9337260677466863	0.9414634146341463	0.9001536098310292	0.9144144144144144	0.9418886198547215	0.8969072164948454	0.9024390243902439	0.7985074626865671	0.9130434782608695	0.87	0.7142857142857143	0.9473684210526315	0.8802083333333334	0.9473684210526315	0.8064516129032258
dmw=12344	0.2513772699449092	0.25005683109797683	0.6779492284718766	0.46011754827875734	0.8001057641459545	0.8006962576153177	0.8214804063860668	0.754222972972973	0.7369281045751634	0.6976241900647948	0.4089775561097257	0.8278688524590164	0.3046594982078853	0.8790496760259179	0.8411214953271028	0.8476190476190476	0.6907630522088354
dmw=12346	0.5666666666666667	0.5871404399323181	0.5195652173913043	0.5629370629370629	0.40078585461689586	0.6236933797909407	0.5158371040723982	0.6219839142091153	0.5625	0.5194805194805194	0.48484848484848486	0.5053763440860215	0.5894736842105263	0.609375	0.6153846153846154	0.6363636363636364	0.5
dmw=12350	0.355297157622739	0.313953488372093	0.36477987421383645	0.4148936170212766	0.185378590078329	0.30177514792899407	0.17560975609756097	0.2536231884057971	0.23255813953488372	0.07142857142857142	0.4189189189189189	0.36	0.34545454545454546	0.13846153846153847	0.2777777777777778	0.35714285714285715	0.2
dmw=12358	0.8059467918622848	0.6929530201342282	0.7652173913043478	0.8050314465408805	0.4928909952606635	0.6018518518518519	0.5357142857142857	0.8411764705882353	0.7674418604651163	0.7058823529411765	0.7634408602150538	0.6923076923076923	0.6888888888888889	0.1590909090909091	0.5384615384615384	0.782608695652174	0.8666666666666667
dmw=12363	0.5969474279253816	0.5804360636417207	0.6038863976083707	0.625	0.45038167938931295	0.5501519756838906	0.4774436090225564	0.6094032549728752	0.45	0.5174418604651163	0.6737588652482269	0.5231788079470199	0.37623762376237624	0.5795918367346938	0.6274509803921569	0.660377358490566	0.4772727272727273
dmw=12393	0.8826597131681877	0.8434466019417476	0.9018867924528302	0.9023569023569024	0.9003215434083601	0.927461139896373	0.8664122137404581	0.9087136929460581	0.9009009009009009	0.5274725274725275	0.8727272727272727	0.9777777777777777	0.7857142857142857	0.890625	0.96875	0.9411764705882353	0.8333333333333334
dmw=12405	0.39210526315789473	0.2945945945945946	0.3125	0.532608695652174	0.1686046511627907	0.5384615384615384	0.19083969465648856	0.21568627450980393	0.24489795918367346	0.4423076923076923	0.39473684210526316	0.25	0.43478260869565216	0.2682926829268293	0.4	0.9375	0.6153846153846154
dmw=12411	0.9046728971962616	0.916289592760181	0.9141414141414141	0.9246231155778895	0.8122605363984674	0.9357142857142857	0.8875739644970414	0.968421052631579	0.9180327868852459	0.7971014492753623	0.7941176470588235	0.9574468085106383	0.6216216216216216	0.7837837837837838	1.0	1.0	0.7647058823529411
dmw=12416	0.8650590046177526	0.8131868131868132	0.8224043715846995	0.8809034907597536	0.7816711590296496	0.8734567901234568	0.736328125	0.8511627906976744	0.8588709677419355	0.7312775330396476	0.8561643835616438	0.8516483516483516	0.7880794701986755	0.81875	0.88	0.9743589743589743	0.45
dmw=12427	0.672514619883041	0.5469208211143695	0.8513513513513513	0.8260869565217391	0.7675276752767528	0.8584070796460177	0.5637583892617449	0.5789473684210527	0.5833333333333334	0.425531914893617	0.7567567567567568	0.8461538461538461	0.7733333333333333	0.21052631578947367	1.0	0.9393939393939394	0.2727272727272727
dmw=12428	0.759090909090909	0.6091954022988506	0.8227848101265823	0.7589285714285714	0.8797814207650273	0.96	0.837037037037037	0.8402777777777778	0.6888888888888889	0.8	0.8222222222222222	0.9523809523809523	0.7391304347826086	0.9142857142857143	0.9629629629629629	0.92	0.85
dmw=12438	0.8080808080808081	0.783625730994152	0.8235294117647058	0.8689320388349514	0.8085106382978723	0.89	0.8358974358974359	0.40404040404040403	0.8494623655913979	0.75	0.7377049180327869	0.9629629629629629	0.8	0.5538461538461539	0.90625	0.9130434782608695	0.6388888888888888
dmw=12445	0.0060721062618595825	0.008979591836734694	0.0028328611898017	0.01276595744680851	0.009306260575296108	0.007215007215007215	0.014511873350923483	0.002352941176470588	0.02356902356902357	0.010282776349614395	0.0223463687150838	0.010101010101010102	0.007518796992481203	0.034722222222222224	0.26506024096385544	0.0	0.013793103448275862
dmw=12449	0.27604871447902574	0.27201475334255415	0.6271929824561403	0.41973490427098675	0.6950477845351868	0.6967213114754098	0.6858345021037868	0.45689655172413796	0.7228915662650602	0.56	0.3781094527363184	0.6178010471204188	0.45294117647058824	0.6908212560386473	0.6911764705882353	0.6853932584269663	0.5698924731182796
dmw=12450	0.06013745704467354	0.029411764705882353	0.4690721649484536	0.1736842105263158	0.6184738955823293	0.5891472868217055	0.7281553398058253	0.17105263157894737	0.6082474226804123	0.4126984126984127	0.15625	0.75	0.24324324324324326	0.7049180327868853	0.16666666666666666	0.45	0.21428571428571427
dmw=12467	0.7568058076225045	0.6360424028268551	0.7551020408163265	0.8571428571428571	0.2953929539295393	0.5804878048780487	0.40058479532163743	0.6767676767676768	0.3404255319148936	0.5052631578947369	0.6060606060606061	0.8169014084507042	0.625	0.2358490566037736	0.34375	0.9	0.8666666666666667
dmw=12487	0.6204013377926422	0.5413669064748201	0.708502024291498	0.7196652719665272	0.4597156398104265	0.7604790419161677	0.3860759493670886	0.47333333333333333	0.6	0.8333333333333334	0.30434782608695654	0.6857142857142857	0.8076923076923077	0.47540983606557374	0.8867924528301887	0.8529411764705882	0.6842105263157895
dmw=12490	0.9065880039331367	0.8988666085440279	0.9330855018587361	0.9401993355481728	0.9	0.8425925925925926	0.8552631578947368	0.9351535836177475	0.9032258064516129	0.6181818181818182	0.9090909090909091	0.8571428571428571	0.7903225806451613	0.9270833333333334	0.7352941176470589	0.8235294117647058	0.8823529411764706
dmw=12498	0.8296943231441049	0.8218125960061444	0.885593220338983	0.84	0.9024390243902439	0.9171270718232044	0.8775510204081632	0.782051282051282	0.8666666666666667	0.762589928057554	0.8695652173913043	0.8888888888888888	0.6538461538461539	0.76	0.9714285714285714	0.9333333333333333	0.8846153846153846
dmw=12500	0.010852713178294573	0.006259780907668232	0.006024096385542169	0.0	0.0076045627376425855	0.0072992700729927005	0.004273504273504274	0.0	0.0	0.020833333333333332	0.0	0.0	0.0	0.0	0.0	0.0	0.23529411764705882
dmw=12515	0.41772885283893396	0.46983758700696054	0.44607843137254904	0.464354527938343	0.72400513478819	0.6829896907216495	0.7825159914712153	0.233201581027668	0.757396449704142	0.3222748815165877	0.5759493670886076	0.48214285714285715	0.6363636363636364	0.4507042253521127	0.8823529411764706	0.7757009345794392	0.5205479452054794
dmw=12535	0.40185185185185185	0.4117647058823529	0.42081447963800905	0.5816993464052288	0.14102564102564102	0.5978260869565217	0.09009009009009009	0.3556701030927835	0.039603960396039604	0.08333333333333333	0.14583333333333334	0.2926829268292683	0.3018867924528302	0.3058823529411765	0.0	0.5714285714285714	0.7
dmw=12538	0.8442211055276382	0.7782515991471215	0.8156028368794326	0.859504132231405	0.497907949790795	0.6914893617021277	0.3939393939393939	0.8181818181818182	0.5542168674698795	0.7027027027027027	0.7021276595744681	0.8	0.6785714285714286	0.5161290322580645	0.3684210526315789	0.8888888888888888	0.6666666666666666
dmw=12572	0.7288135593220338	0.7264038231780168	0.6357615894039735	0.7342995169082126	0.7520891364902507	0.7771084337349398	0.7134146341463414	0.564935064935065	0.7972972972972973	0.7027027027027027	0.7375	0.75	0.6326530612244898	0.7719298245614035	0.7941176470588235	0.5319148936170213	0.6
dmw=12605	0.3111888111888112	0.19947275922671354	0.2073170731707317	0.3543046357615894	0.10514541387024609	0.22885572139303484	0.15363128491620112	0.1937984496124031	0.2052980132450331	0.2926829268292683	0.1595744680851064	0.25806451612903225	0.18181818181818182	0.08849557522123894	0.32608695652173914	0.24444444444444444	0.2727272727272727
dmw=12606	0.5795387344766411	0.4874915483434753	0.4832474226804124	0.5784313725490197	0.4567901234567901	0.5581395348837209	0.4658573596358118	0.46065259117082535	0.46261682242990654	0.4818181818181818	0.45348837209302323	0.549618320610687	0.6593406593406593	0.4796747967479675	0.5	0.5510204081632653	0.6785714285714286
dmw=12638	0.9186813186813186	0.8716049382716049	0.8650793650793651	0.8108108108108109	0.4943181818181818	0.9571428571428572	0.4444444444444444	0.9416666666666667	0.75	1.0	0.9310344827586207	0.8113207547169812	0.7450980392156863	0.9166666666666666	0.7333333333333333	1.0	0.0
dmw=12647	0.5391705069124424	0.4592274678111588	0.5394736842105263	0.6296296296296297	0.08974358974358974	0.16666666666666666	0.06796116504854369	0.5652173913043478	0.21052631578947367	0.6666666666666666	0.13333333333333333	0.18181818181818182	0.3888888888888889	0.0625	0.16666666666666666	0.6	0.0
dmw=12649	0.6441102756892231	0.6336363636363637	0.8410958904109589	0.714765100671141	0.8421052631578947	0.9081967213114754	0.8792270531400966	0.5708661417322834	0.8131868131868132	0.8253968253968254	0.8148148148148148	0.9615384615384616	0.5348837209302325	0.7710843373493976	0.85	0.9545454545454546	0.7115384615384616
dmw=12677	0.34660421545667447	0.24911660777385158	0.321256038647343	0.45989304812834225	0.2346723044397463	0.4256410256410256	0.19207317073170732	0.23411371237458195	0.15625	0.3025210084033613	0.171875	0.36036036036036034	0.32653061224489793	0.1368421052631579	0.42	0.68	0.34615384615384615
dmw=12680	0.2823779193205945	0.22916666666666666	0.5156794425087108	0.3834808259587021	0.6442006269592476	0.6257668711656442	0.6260683760683761	0.39913232104121477	0.640625	0.6011904761904762	0.5153846153846153	0.6402439024390244	0.41975308641975306	0.5828220858895705	0.7142857142857143	0.7045454545454546	0.5777777777777777
dmw=12739	0.7507530120481928	0.7250712250712251	0.8190127970749543	0.8053949903660886	0.6771523178807947	0.7507507507507507	0.6349557522123894	0.6953488372093023	0.7942583732057417	0.693069306930693	0.8235294117647058	0.7219251336898396	0.5135135135135135	0.6832579185520362	0.5555555555555556	0.74	0.9512195121951219
dmw=12741	0.5825185185185185	0.5580964153275649	0.5955056179775281	0.6526082130965594	0.4397981254506128	0.5777777777777777	0.3956386292834891	0.5471491228070176	0.48951048951048953	0.5432098765432098	0.45569620253164556	0.4921875	0.44387755102040816	0.46645367412140576	0.5925925925925926	0.5	0.5939849624060151
dmw=12742	0.007048872180451127	0.006218905472636816	0.004120879120879121	0.00625	0.004509582863585118	0.0030120481927710845	0.001876172607879925	0.006535947712418301	0.003861003861003861	0.010582010582010581	0.0055248618784530384	0.0	0.0072992700729927005	0.010582010582010581	0.3050847457627119	0.02702702702702703	0.0
dmw=12744	0.34634760705289674	0.2921225382932166	0.35543766578249336	0.48214285714285715	0.10438413361169102	0.3137254901960784	0.2082018927444795	0.22935779816513763	0.15748031496062992	0.48936170212765956	0.24675324675324675	0.17142857142857143	0.45714285714285713	0.10344827586206896	0.4074074074074074	0.4	0.25
dmw=12747	0.34127540294323755	0.29897610921501705	0.3339382940108893	0.4080267558528428	0.3083623693379791	0.3323529411764706	0.30632411067193677	0.4117647058823529	0.2620320855614973	0.40298507462686567	0.17964071856287425	0.3076923076923077	0.20270270270270271	0.33774834437086093	0.3838383838383838	0.0	0.6226415094339622
dmw=12760	0.7122774133083412	0.6832546313112967	0.9059674502712477	0.8567741935483871	0.8849104859335039	0.9205851619644723	0.807061790668348	0.7531512605042017	0.9172932330827067	0.8725868725868726	0.7696335078534031	0.8364312267657993	0.6133004926108374	0.8956521739130435	0.7246376811594203	0.8928571428571429	0.6585365853658537
dmw=12781	0.765358361774744	0.7631352282515074	0.7897838899803536	0.8084507042253521	0.3700234192037471	0.8	0.31560283687943264	0.5468164794007491	0.49606299212598426	0.8614457831325302	0.527027027027027	0.711340206185567	0.7692307692307693	0.5350877192982456	0.8545454545454545	0.8627450980392157	0.5609756097560976
dmw=12782	0.6519654841802492	0.6182741116751269	0.6129032258064516	0.5454545454545454	0.06598984771573604	0.6064814814814815	0.03215434083601286	0.6127819548872181	0.17391304347826086	0.5864661654135338	0.4576271186440678	0.7473684210526316	0.8285714285714286	0.29365079365079366	0.3793103448275862	0.8585858585858586	0.425
dmw=12787	0.3536100056850483	0.35353053435114506	0.4052631578947368	0.40933572710951527	0.08421052631578947	0.3676148796498906	0.04647160068846816	0.3605072463768116	0.0954356846473029	0.4731182795698925	0.2962962962962963	0.3795620437956204	0.3888888888888889	0.225	0.19230769230769232	0.41	0.3582089552238806
dmw=12794	0.8278145695364238	0.766743648960739	0.8118811881188119	0.8409090909090909	0.5854922279792746	0.9636363636363636	0.8012048192771084	0.7516778523489933	0.6170212765957447	0.21568627450980393	0.7142857142857143	0.47368421052631576	0.6666666666666666	0.7049180327868853	0.9666666666666667	0.9333333333333333	0.7619047619047619
dmw=12798	0.003278688524590164	0.0	0.0	0.04819277108433735	0.0	0.0	0.0	0.0	0.20833333333333334	0.0	0.0	0.1	0.0	0.0	0.0	0.0	0.0
dmw=12799	0.19340974212034384	0.15353260869565216	0.20481927710843373	0.18834080717488788	0.11295681063122924	0.2871287128712871	0.14601769911504425	0.17	0.22429906542056074	0.1388888888888889	0.19117647058823528	0.1891891891891892	0.13	0.10256410256410256	0.1111111111111111	0.08928571428571429	0.35714285714285715
dmw=12801	0.42805755395683454	0.3422083007047768	0.54421768707483	0.5680933852140078	0.5249537892791127	0.7571884984025559	0.6209677419354839	0.4945054945054945	0.6898395721925134	0.5961538461538461	0.38317757009345793	0.4657534246575342	0.46788990825688076	0.5529411764705883	0.875	0.8461538461538461	0.6176470588235294
dmw=12804	0.5914249684741488	0.5120481927710844	0.49295774647887325	0.6069364161849711	0.39072847682119205	0.5185185185185185	0.43373493975903615	0.6141304347826086	0.2807017543859649	0.6	0.6086956521739131	0.36666666666666664	0.4716981132075472	0.24242424242424243	0.6	0.5	0.6923076923076923
dmw=12806	0.002008032128514056	0.003992015968063872	0.005263157894736842	0.02857142857142857	0.021052631578947368	0.0	0.0	0.0	0.0	0.0	0.0	0.05405405405405406	0.0196078431372549	0.0	0.0	0.0	0.2857142857142857
dmw=12818	0.41202672605790647	0.4006001500375094	0.39963503649635035	0.4398976982097187	0.043912175648702596	0.31983805668016196	0.04608294930875576	0.2914046121593291	0.028985507246376812	0.38235294117647056	0.2037037037037037	0.472	0.3484848484848485	0.010309278350515464	0.3018867924528302	0.39090909090909093	0.4722222222222222
dmw=12872	0.37453874538745385	0.3174872665534805	0.1722488038277512	0.3609022556390977	0.4327731092436975	0.2830188679245283	0.36645962732919257	0.2992125984251969	0.6153846153846154	0.18181818181818182	0.34782608695652173	0.10526315789473684	0.40625	0.3548387096774194	0.5357142857142857	0.25925925925925924	0.2857142857142857
dmw=12882	0.5290205562273277	0.481941309255079	0.5248618784530387	0.5020408163265306	0.39185393258426965	0.4813664596273292	0.33203125	0.3996282527881041	0.43103448275862066	0.45	0.31213872832369943	0.47953216374269003	0.4791666666666667	0.30625	0.2903225806451613	0.627906976744186	0.6373626373626373
dmw=12914	0.6085842408712364	0.5818399044205496	0.7701754385964912	0.6777251184834123	0.47074122236671	0.6617647058823529	0.5183752417794971	0.6004784688995215	0.47039473684210525	0.654320987654321	0.5643564356435643	0.6942675159235668	0.5555555555555556	0.34532374100719426	0.5294117647058824	0.7368421052631579	0.7676767676767676
dmw=12915	0.6998535871156661	0.6656976744186046	0.6633165829145728	0.7839506172839507	0.3702290076335878	0.6896551724137931	0.6706586826347305	0.5775862068965517	0.4318181818181818	0.6666666666666666	0.5555555555555556	0.17777777777777778	0.6764705882352942	0.5157894736842106	0.5714285714285714	0.5	0.19047619047619047
dmw=12923	0.020833333333333332	0.005366726296958855	0.08558558558558559	0.07514450867052024	0.009836065573770493	0.06467661691542288	0.0	0.005917159763313609	0.01694915254237288	0.125	0.0	0.0967741935483871	0.0	0.0	0.15384615384615385	0.23076923076923078	0.07142857142857142
dmw=12927	0.9057052297939778	0.9033101045296167	0.8820638820638821	0.948051948051948	0.8386524822695035	0.891213389121339	0.8984962406015038	0.8877551020408163	0.9065420560747663	0.7983193277310925	0.8275862068965517	0.9166666666666666	0.8677685950413223	0.7401574803149606	1.0	0.9431818181818182	0.8648648648648649
dmw=12928	0.5407303370786517	0.48297213622291024	0.5203252032520326	0.5894736842105263	0.23867069486404835	0.41228070175438597	0.31862745098039214	0.5300546448087432	0.3541666666666667	0.4864864864864865	0.631578947368421	0.45588235294117646	0.55	0.3333333333333333	0.4375	0.37777777777777777	0.52
dmw=12945	0.6666666666666666	0.5286103542234333	0.75	0.7608695652173914	0.16062176165803108	0.5363636363636364	0.20610687022900764	0.5402298850574713	0.2711864406779661	0.5945945945945946	0.3404255319148936	0.8214285714285714	0.6857142857142857	0.19230769230769232	0.6	0.38461538461538464	0.6428571428571429
dmw=12959	0.0032520325203252032	0.0034965034965034965	0.010948905109489052	0.0106951871657754	0.008547008547008548	0.058823529411764705	0.0	0.0	0.0	0.0	0.0	0.0	0.0	0.015625	0.0	0.058823529411764705	0.2222222222222222
dmw=12968	0.4427672955974843	0.3744782349433512	0.5372340425531915	0.47619047619047616	0.6044776119402985	0.6165644171779141	0.6158940397350994	0.3233644859813084	0.5746268656716418	0.48677248677248675	0.375	0.6946564885496184	0.4876543209876543	0.5634517766497462	0.7073170731707317	0.75	0.8888888888888888
dmw=12970	0.3249475890985325	0.3333333333333333	0.4863013698630137	0.5	0.48223350253807107	0.4628099173553719	0.45555555555555555	0.10576923076923077	0.5084745762711864	0.5666666666666667	0.28888888888888886	0.6363636363636364	0.2702702702702703	0.38461538461538464	0.4375	0.3	0.35
dmw=13000	0.566543438077634	0.4546296296296296	0.5011441647597255	0.631578947368421	0.21621621621621623	0.3984375	0.35174418604651164	0.3567073170731707	0.5470085470085471	0.5135135135135135	0.18421052631578946	0.4177215189873418	0.42990654205607476	0.19767441860465115	0.7142857142857143	0.7666666666666667	0.6
dmw=13050	0.8606173994387278	0.802907915993538	0.815	0.922360248447205	0.7306201550387597	0.8828451882845189	0.8280254777070064	0.8228882833787466	0.8461538461538461	0.8854166666666666	0.6713286713286714	0.8823529411764706	0.8241758241758241	0.7338709677419355	0.9595959595959596	0.9777777777777777	0.8888888888888888
dmw=13089	0.2986425339366516	0.25726744186046513	0.5216216216216216	0.4046511627906977	0.49002849002849	0.7051282051282052	0.6355140186915887	0.16666666666666666	0.6026490066225165	0.5319148936170213	0.2682926829268293	0.7894736842105263	0.4918032786885246	0.44339622641509435	0.7222222222222222	0.6470588235294118	0.6428571428571429
dmw=13115	0.0	0.0	0.0	0.0	0.0	0.02857142857142857	0.01694915254237288	0.0	0.0	0.19047619047619047	0.0	0.0	0.0	0.0	0.0	0.0	0.0
dmw=13129	0.5717480432351845	0.5825	0.617737003058104	0.5794930875576036	0.3126094570928196	0.423444976076555	0.28940217391304346	0.5304449648711944	0.3522727272727273	0.4965753424657534	0.5514705882352942	0.5537190082644629	0.44761904761904764	0.2822966507177033	0.5670103092783505	0.6305732484076433	0.5806451612903226
dmw=13137	0.391008174386921	0.3340794627867935	0.3063583815028902	0.41222879684418146	0.23214285714285715	0.3805031446540881	0.2361111111111111	0.3510436432637571	0.26180257510729615	0.3877551020408163	0.37037037037037035	0.3333333333333333	0.39361702127659576	0.18072289156626506	0.29411764705882354	0.3466666666666667	0.37362637362637363
dmw=13155	0.6643717728055077	0.6227758007117438	0.6614173228346457	0.7564102564102564	0.448559670781893	0.7865168539325843	0.6080402010050251	0.5563380281690141	0.5740740740740741	0.9285714285714286	0.3333333333333333	0.9523809523809523	0.5897435897435898	0.5569620253164557	0.5806451612903226	1.0	0.9444444444444444
dmw=13185	0.016771488469601678	0.009950248756218905	0.0	0.008695652173913044	0.00558659217877095	0.008403361344537815	0.0	0.006134969325153374	0.0	0.0	0.03333333333333333	0.0	0.0	0.043478260869565216	0.18181818181818182	0.0	0.0
dmw=13187	0.4909706546275395	0.46291866028708134	0.6741573033707865	0.5328947368421053	0.6632653061224489	0.8657718120805369	0.6162464985994398	0.6078431372549019	0.8135593220338984	0.6774193548387096	0.2765957446808511	0.6774193548387096	0.6415094339622641	0.5	0.8909090909090909	0.71875	0.5789473684210527
dmw=13188	0.4519906323185012	0.3767634854771784	0.5298013245033113	0.39914163090128757	0.05927342256214149	0.33015873015873015	0.025830258302583026	0.42329545454545453	0.06818181818181818	0.42016806722689076	0.32051282051282054	0.5263157894736842	0.5754716981132075	0.1595744680851064	0.2786885245901639	0.37735849056603776	0.5185185185185185
dmw=13218	0.07713498622589532	0.0835509138381201	0.03731343283582089	0.15492957746478872	0.018292682926829267	0.13924050632911392	0.019801980198019802	0.08490566037735849	0.0	0.14285714285714285	0.0	0.0	0.0	0.0	0.0	0.0	0.07692307692307693
dmw=13232	0.25686977299880526	0.18421052631578946	0.3817204301075269	0.3115942028985507	0.3576017130620985	0.6626016260162602	0.6638176638176638	0.10561056105610561	0.4463276836158192	0.59375	0.19736842105263158	0.4857142857142857	0.33766233766233766	0.5471698113207547	0.7941176470588235	0.5531914893617021	0.7777777777777778
dmw=13249	0.7011308562197092	0.6287215411558669	0.7089201877934272	0.7071823204419889	0.3622641509433962	0.5093167701863354	0.42777777777777776	0.6772727272727272	0.4090909090909091	0.6511627906976745	0.6756756756756757	0.7954545454545454	0.6458333333333334	0.2037037037037037	0.14285714285714285	0.45	0.6363636363636364
dmw=13272	0.4805194805194805	0.5115894039735099	0.39487179487179486	0.43243243243243246	0.2550607287449393	0.48333333333333334	0.3624161073825503	0.3314285714285714	0.4305555555555556	0.296875	0.3333333333333333	0.6	0.5454545454545454	0.2328767123287671	0.5476190476190477	0.25	0.4827586206896552
dmw=13282	0.374031007751938	0.3686274509803922	0.6234567901234568	0.5774647887323944	0.6878612716763006	0.7204301075268817	0.6590909090909091	0.368	0.975	0.6086956521739131	0.5833333333333334	0.18181818181818182	0.42105263157894735	0.5714285714285714	0.7333333333333333	0.9	0.29411764705882354
dmw=13297	0.2462809917355372	0.2154648132059079	0.22418136020151133	0.27906976744186046	0.12320328542094455	0.1718213058419244	0.07303370786516854	0.13128491620111732	0.10828025477707007	0.3881578947368421	0.16494845360824742	0.1746031746031746	0.2	0.11235955056179775	0.375	0.17647058823529413	0.20588235294117646
dmw=13302	0.6916666666666667	0.662882096069869	0.6649350649350649	0.6880466472303207	0.6445578231292517	0.7099236641221374	0.6353887399463807	0.4778481012658228	0.6990291262135923	0.5588235294117647	0.6377952755905512	0.6341463414634146	0.6363636363636364	0.3592233009708738	0.68	0.6842105263157895	0.6428571428571429
dmw=13303	0.18822553897180763	0.16322008862629248	0.20364238410596028	0.18324607329842932	0.13541666666666666	0.11267605633802817	0.11940298507462686	0.11538461538461539	0.07272727272727272	0.14492753623188406	0.208955223880597	0.14285714285714285	0.12	0.13768115942028986	0.28	0.3157894736842105	0.2727272727272727
dmw=13305	0.007317073170731708	0.008403361344537815	0.0	0.024691358024691357	0.0064516129032258064	0.0	0.007936507936507936	0.010752688172043012	0.038461538461538464	0.0	0.0	0.030303030303030304	0.0	0.0	0.043478260869565216	0.0	0.3076923076923077
dmw=13335	0.8939393939393939	0.8881118881118881	0.9455782312925171	0.8898305084745762	0.6756756756756757	0.8860759493670886	0.5982142857142857	0.7969924812030075	0.8095238095238095	0.9	0.9230769230769231	0.9354838709677419	0.6	0.6470588235294118	0.6842105263157895	0.9285714285714286	0.8
dmw=13385	0.011183597390493943	0.0044742729306487695	0.0024449877750611247	0.004329004329004329	0.01364522417153996	0.043478260869565216	0.007936507936507936	0.006493506493506494	0.007042253521126761	0.0	0.014925373134328358	0.0	0.037037037037037035	0.019417475728155338	0.0	0.024096385542168676	0.2692307692307692
dmw=13429	0.5273088381330685	0.4591078066914498	0.5358744394618834	0.542713567839196	0.20304568527918782	0.39814814814814814	0.21176470588235294	0.47653429602888087	0.304	0.4105263157894737	0.425	0.56	0.43478260869565216	0.21649484536082475	0.3541666666666667	0.6097560975609756	0.5294117647058824
dmw=13437	0.4951974386339381	0.4427736006683375	0.7834394904458599	0.6793893129770993	0.7352941176470589	0.7935779816513762	0.7890909090909091	0.7595419847328244	0.7421052631578947	0.7384615384615385	0.5148514851485149	0.7419354838709677	0.6831683168316832	0.8307692307692308	0.8679245283018868	0.803921568627451	0.7727272727272727
dmw=13468	0.11786372007366483	0.0946969696969697	0.3881278538812785	0.20134228187919462	0.07857142857142857	0.25609756097560976	0.09137055837563451	0.15492957746478872	0.12195121951219512	0.2835820895522388	0.06451612903225806	0.41025641025641024	0.10256410256410256	0.16666666666666666	0.36	0.3333333333333333	0.2631578947368421
dmw=13469	0.2481089258698941	0.2463295269168026	0.5147679324894515	0.4041095890410959	0.14695340501792115	0.5634920634920635	0.42245989304812837	0.2159090909090909	0.31645569620253167	0.5833333333333334	0.2909090909090909	0.5285714285714286	0.4107142857142857	0.2463768115942029	0.7368421052631579	0.5957446808510638	0.6333333333333333
dmw=13474	0.4993983152827918	0.4712230215827338	0.450402144772118	0.6466666666666666	0.29213483146067415	0.36764705882352944	0.38869257950530034	0.44385026737967914	0.5254237288135594	0.5151515151515151	0.6049382716049383	0.6923076923076923	0.4426229508196721	0.13333333333333333	0.2631578947368421	0.7714285714285715	0.6901408450704225
dmw=13479	0.8588899341486359	0.8304836345872008	0.8419071518193224	0.9365325077399381	0.9285714285714286	0.8671875	0.8898305084745762	0.888755980861244	0.8766233766233766	0.8014705882352942	0.9069767441860465	0.8958333333333334	0.6830985915492958	0.918918918918919	0.925	0.98	0.5869565217391305
dmw=13485	0.19207683073229292	0.1068075117370892	0.45496535796766746	0.2753623188405797	0.44501278772378516	0.5227272727272727	0.5813953488372093	0.19827586206896552	0.4126984126984127	0.4246575342465753	0.2125	0.5421686746987951	0.25	0.5876288659793815	0.6060606060606061	0.6730769230769231	0.42857142857142855
dmw=13504	0.46765913757700206	0.4001019367991845	0.6855241264559068	0.6	0.584375	0.7951070336391437	0.6508226691042047	0.4033018867924528	0.5852272727272727	0.6923076923076923	0.43870967741935485	0.7087378640776699	0.5263157894736842	0.6690647482014388	0.8958333333333334	0.7840909090909091	0.4639175257731959
dmw=13505	0.38303693570451436	0.3822573153738969	0.48677248677248675	0.5029940119760479	0.46772366930917325	0.47282608695652173	0.49927431059506533	0.2625766871165644	0.4485049833887043	0.3333333333333333	0.2623762376237624	0.5185185185185185	0.3223684210526316	0.34210526315789475	0.631578947368421	0.48148148148148145	0.5081967213114754
dmw=13506	0.9050758075148319	0.8681592039800995	0.9331046312178388	0.9173789173789174	0.9207772795216741	0.9617834394904459	0.8967889908256881	0.6903669724770642	0.9170731707317074	0.6432160804020101	0.9147286821705426	0.9811320754716981	0.8608695652173913	0.9435483870967742	0.9347826086956522	0.9772727272727273	0.8
dmw=13526	0.004332755632582322	0.008681925808997633	0.002320185614849188	0.0	0.007104795737122558	0.0035587188612099642	0.006472491909385114	0.00684931506849315	0.004032258064516129	0.018404907975460124	0.0	0.0	0.0	0.0	0.0	0.046875	0.2545454545454545
dmw=13541	0.5169606512890095	0.48654545454545456	0.6199677938808373	0.5826446280991735	0.44613050075872535	0.5478260869565217	0.5798922800718133	0.5298701298701298	0.45263157894736844	0.5666666666666667	0.46099290780141844	0.5482233502538071	0.6689655172413793	0.39655172413793105	0.5422535211267606	0.8111111111111111	0.5357142857142857
dmw=13542	0.005307855626326964	0.0	0.0064794816414686825	0.019417475728155338	0.008571428571428572	0.005847953216374269	0.016129032258064516	0.0	0.01020408163265306	0.0	0.018867924528301886	0.05357142857142857	0.029411764705882353	0.008547008547008548	0.0	0.0	0.4666666666666667
dmw=13567	0.5854503464203233	0.47009102730819247	0.6811053024645257	0.7089820359281437	0.5152017689331122	0.8512820512820513	0.6669285153181461	0.45849802371541504	0.6542553191489362	0.7569620253164557	0.39154929577464787	0.7486486486486487	0.6121212121212121	0.6560364464692483	0.7300613496932515	0.8053097345132744	0.84251968503937
dmw=13568	0.32987220447284343	0.18204283360790774	0.43243243243243246	0.5698689956331878	0.2039045553145336	0.462406015037594	0.20273972602739726	0.09792284866468842	0.4	0.5560975609756098	0.13636363636363635	0.6513157894736842	0.5254237288135594	0.22988505747126436	0.6266666666666667	0.5669291338582677	0.7631578947368421
dmw=13572	0.8013750954927426	0.7731126362535325	0.8824742268041237	0.8653500897666068	0.8506787330316742	0.8471223021582733	0.8133764832793959	0.803076923076923	0.7620967741935484	0.6695652173913044	0.743801652892562	0.819672131147541	0.8558139534883721	0.8611111111111112	0.8390804597701149	0.8780487804878049	0.6886792452830188
dmw=13578	0.033478893740902474	0.01730103806228374	0.03317535545023697	0.024242424242424242	0.02976190476190476	0.03816793893129771	0.006944444444444444	0.04054054054054054	0.0	0.04918032786885246	0.04225352112676056	0.0	0.3	0.0	0.034482758620689655	0.0	0.0
dmw=13586	0.01011804384485666	0.008645533141210375	0.015	0.0	0.0049261083743842365	0.0	0.010101010101010102	0.0	0.0375	0.0	0.0	0.0625	0.0	0.0	0.11764705882352941	0.0	0.0
dmw=13619	0.009067357512953367	0.01012829169480081	0.0053285968028419185	0.01485148514851485	0.0026917900403768506	0.012594458438287154	0.0036036036036036037	0.007425742574257425	0.0	0.0273972602739726	0.01875	0.0	0.0	0.012269938650306749	0.01098901098901099	0.0	0.22580645161290322
dmw=13640	0.8911392405063291	0.8751753155680224	0.9248434237995825	0.9342857142857143	0.9143302180685359	0.9702702702702702	0.9016736401673641	0.9205426356589147	0.9307958477508651	0.653179190751445	0.7769230769230769	0.9202898550724637	0.8653846153846154	0.9565217391304348	1.0	0.9659090909090909	0.7575757575757576
dmw=13657	0.7552182163187856	0.780241935483871	0.7535211267605634	0.7398648648648649	0.7446428571428572	0.7135135135135136	0.6949685534591195	0.7789757412398922	0.7841726618705036	0.5921052631578947	0.6344086021505376	0.21686746987951808	0.7798165137614679	0.7051282051282052	0.8372093023255814	0.7321428571428571	0.3
dmw=13666	0.21105527638190955	0.14143426294820718	0.4700460829493088	0.31547619047619047	0.44886363636363635	0.44086021505376344	0.4076923076923077	0.22321428571428573	0.45121951219512196	0.36363636363636365	0.1111111111111111	0.3448275862068966	0.1794871794871795	0.42857142857142855	0.4666666666666667	0.5882352941176471	0.5454545454545454
dmw=13676	0.3660245183887916	0.34146341463414637	0.35	0.3671875	0.09663865546218488	0.25	0.2459016393442623	0.3384615384615385	0.25	0.4	0.25	0.3148148148148148	0.325	0.20833333333333334	0.2857142857142857	0.2916666666666667	0.6
dmw=13692	0.8887287402709715	0.8525660041530703	0.8904411764705882	0.9119351100811124	0.913638757240653	0.9431664411366711	0.902376910016978	0.9046221570066031	0.9027777777777778	0.683377308707124	0.8363636363636363	0.934156378600823	0.8341968911917098	0.9164179104477612	0.9358288770053476	0.9044943820224719	0.7777777777777778
dmw=13693	0.8193832599118943	0.8202531645569621	0.8470588235294118	0.845360824742268	0.42857142857142855	0.8493150684931506	0.19626168224299065	0.7678571428571429	0.3918918918918919	0.9230769230769231	0.8571428571428571	0.8181818181818182	0.74	0.46808510638297873	1.0	0.75	0.6296296296296297
dmw=13718	0.7447963800904978	0.6895833333333333	0.6789772727272727	0.7545787545787546	0.2717391304347826	0.6064814814814815	0.4056603773584906	0.6964285714285714	0.4318181818181818	0.543046357615894	0.49019607843137253	0.7804878048780488	0.6363636363636364	0.5416666666666666	0.5294117647058824	0.5357142857142857	0.6764705882352942
dmw=13722	0.40528233151183973	0.3411042944785276	0.3760504201680672	0.3842239185750636	0.16885553470919323	0.3211267605633803	0.21993127147766323	0.23214285714285715	0.31451612903225806	0.34306569343065696	0.32727272727272727	0.34285714285714286	0.22641509433962265	0.24096385542168675	0.2222222222222222	0.4716981132075472	0.3055555555555556
dmw=13745	0.5006954102920723	0.4163372859025033	0.4721189591078067	0.5445026178010471	0.2518703241895262	0.39622641509433965	0.27467811158798283	0.3352272727272727	0.17721518987341772	0.5591397849462365	0.5344827586206896	0.45348837209302323	0.5932203389830508	0.21666666666666667	0.4090909090909091	0.47058823529411764	0.0
dmw=13763	0.311639549436796	0.30641090358404843	0.30666666666666664	0.36079077429983525	0.23790849673202613	0.31456953642384106	0.2072072072072072	0.21119592875318066	0.2616487455197133	0.22758620689655173	0.3282442748091603	0.31666666666666665	0.36538461538461536	0.17061611374407584	0.28169014084507044	0.4430379746835443	0.43023255813953487
dmw=13772	0.7651821862348178	0.7234375	0.7539936102236422	0.8374760994263862	0.7544426494345718	0.8546255506607929	0.7990970654627539	0.39889705882352944	0.7258883248730964	0.8666666666666667	0.7142857142857143	0.7976878612716763	0.6923076923076923	0.5851063829787234	0.9047619047619048	0.875	0.7058823529411765
dmw=13778	0.00954653937947494	0.0030120481927710845	0.0	0.0	0.0	0.0	0.007142857142857143	0.0	0.0	0.2222222222222222	0.0	0.0	0.034482758620689655	0.0	0.0	0.047619047619047616	0.0
dmw=13790	0.5283842794759825	0.5228310502283106	0.5341614906832298	0.4968553459119497	0.2170212765957447	0.4411764705882353	0.17972350230414746	0.504	0.359375	0.3611111111111111	0.5357142857142857	0.46808510638297873	0.3582089552238806	0.33962264150943394	0.2	0.36363636363636365	0.5294117647058824
dmw=13806	0.7344734473447345	0.7217968351199592	0.7399328859060402	0.7633136094674556	0.5243055555555556	0.745920745920746	0.5134706814580031	0.7275320970042796	0.5202312138728323	0.6118421052631579	0.7735849056603774	0.6934865900383141	0.6255707762557078	0.54	0.6585365853658537	0.6417910447761194	0.8238636363636364
dmw=13808	0.07289879931389365	0.061246040126715945	0.47858942065491183	0.09665427509293681	0.7983193277310925	0.624	0.8771331058020477	0.13399503722084366	0.8181818181818182	0.38	0.3645833333333333	0.7261904761904762	0.4444444444444444	0.9019607843137255	0.813953488372093	0.5802469135802469	0.6216216216216216
dmw=13809	0.55	0.4280821917808219	0.5294117647058824	0.6904761904761905	0.24864864864864866	0.6521739130434783	0.24761904761904763	0.4367816091954023	0.3333333333333333	0.44680851063829785	0.4166666666666667	0.4	0.4782608695652174	0.15	0.6129032258064516	0.45454545454545453	0.625
dmw=13828	0.7136563876651982	0.6064757160647571	0.5524079320113314	0.8090909090909091	0.6368715083798883	0.795	0.7095588235294118	0.6347826086956522	0.7131782945736435	0.6792452830188679	0.5694444444444444	0.05084745762711865	0.6119402985074627	0.5490196078431373	1.0	0.8157894736842105	0.45652173913043476
dmw=13832	0.5123762376237624	0.49938800489596086	0.8174603174603174	0.7429906542056075	0.7670886075949367	0.9051094890510949	0.75	0.8055555555555556	0.7657657657657657	0.559322033898305	0.6024096385542169	0.9130434782608695	0.7613636363636364	0.8852459016393442	0.8620689655172413	0.8888888888888888	0.5853658536585366
dmw=13835	0.5456674473067916	0.533724340175953	0.41935483870967744	0.4074074074074074	0.19373219373219372	0.2235294117647059	0.589622641509434	0.3096446700507614	0.4966442953020134	0.4915254237288136	0.7105263157894737	0.6132075471698113	0.5151515151515151	0.03125	0.3333333333333333	0.46875	0.7241379310344828
dmw=13844	0.4660541092394079	0.43365531265887136	0.42105263157894735	0.46050420168067224	0.16358463726884778	0.29108910891089107	0.0502283105022831	0.42225859247135844	0.10606060606060606	0.4619883040935672	0.26744186046511625	0.5432098765432098	0.4578313253012048	0.06315789473684211	0.4117647058823529	0.5542168674698795	0.5283018867924528
dmw=13863	0.1713823767178658	0.13548387096774195	0.1865671641791045	0.2246376811594203	0.1068840579710145	0.1391941391941392	0.07073170731707316	0.10465116279069768	0.02631578947368421	0.19801980198019803	0.109375	0.22033898305084745	0.23255813953488372	0.030927835051546393	0.22448979591836735	0.1111111111111111	0.203125
dmw=13868	0.73992673992674	0.7921387283236995	0.8763702801461632	0.831081081081081	0.8942661756970016	0.8758002560819462	0.8801169590643275	0.6192926045016077	0.8857142857142857	0.7828162291169452	0.7106741573033708	0.8878504672897196	0.6200607902735562	0.9006085192697769	0.9622641509433962	0.8639455782312925	0.7724137931034483
dmw=13908	0.55668358714044	0.39517625231910947	0.37799043062200954	0.6637168141592921	0.22709163346613545	0.30392156862745096	0.21468926553672316	0.543046357615894	0.0975609756097561	0.6346153846153846	0.5333333333333333	0.5588235294117647	0.7045454545454546	0.05263157894736842	0.46153846153846156	0.8947368421052632	0.6944444444444444
dmw=13925	0.29821717990275526	0.3184601924759405	0.41040462427745666	0.3732394366197183	0.0586145648312611	0.3705357142857143	0.12403100775193798	0.2920634920634921	0.1506849315068493	0.425531914893617	0.28431372549019607	0.3793103448275862	0.3617021276595745	0.09090909090909091	0.4594594594594595	0.4931506849315068	0.3333333333333333
dmw=13958	0.7214285714285714	0.662621359223301	0.6193548387096774	0.7888888888888889	0.4978902953586498	0.8910891089108911	0.24444444444444444	0.8083333333333333	0.0975609756097561	0.38235294117647056	0.6140350877192983	0.7727272727272727	0.8333333333333334	0.6274509803921569	0.782608695652174	0.6666666666666666	0.7692307692307693
dmw=13983	0.5761772853185596	0.5892857142857143	0.6153846153846154	0.5476190476190477	0.2	0.4788732394366197	0.2465753424657534	0.6612903225806451	0.38461538461538464	0.5	0.32558139534883723	0.65625	0.6857142857142857	0.4358974358974359	0.5862068965517241	0.5555555555555556	0.5625
dmw=13984	0.6898779612347452	0.6830559757942511	0.6658986175115207	0.7188498402555911	0.44932432432432434	0.7222222222222222	0.6241610738255033	0.6617647058823529	0.6896551724137931	0.4807692307692308	0.4387755102040816	0.6818181818181818	0.6447368421052632	0.4077669902912621	0.7317073170731707	0.8536585365853658	0.6739130434782609
dmw=14007	0.9204545454545454	0.8927392739273927	0.9186851211072664	0.9655172413793104	0.943502824858757	0.9398148148148148	0.9358024691358025	0.9492273730684326	0.952	0.8181818181818182	0.8611111111111112	0.900523560209424	0.5416666666666666	0.9791666666666666	1.0	1.0	0.825
dmw=14011	0.8300366300366301	0.7665639445300462	0.8502673796791443	0.8758169934640523	0.6148007590132827	0.7892561983471075	0.6124661246612466	0.7989276139410187	0.48854961832061067	0.8181818181818182	0.6111111111111112	0.8433734939759037	0.6633663366336634	0.5526315789473685	0.813953488372093	0.65625	0.796875
dmw=14031	0.7922312556458898	0.7811203319502075	0.74	0.8611111111111112	0.4677804295942721	0.725609756097561	0.460431654676259	0.8523489932885906	0.37681159420289856	0.6395348837209303	0.6116504854368932	0.76	0.873015873015873	0.5178571428571429	0.875	0.9166666666666666	0.75
dmw=14033	0.8910179640718563	0.8512820512820513	0.8719512195121951	0.9519650655021834	0.9242424242424242	0.935672514619883	0.8698884758364313	0.8980582524271845	0.9305555555555556	0.6923076923076923	0.8333333333333334	0.9690721649484536	0.8877551020408163	0.8787878787878788	0.8648648648648649	1.0	0.7857142857142857
dmw=14035	0.924937965260546	0.8356940509915014	0.8629032258064516	0.9002375296912114	0.9467889908256881	0.9222614840989399	0.8968609865470852	0.9207708779443254	0.9180327868852459	0.7928571428571428	0.9550561797752809	0.9357798165137615	0.7529411764705882	0.9305555555555556	1.0	0.9047619047619048	0.8
dmw=14036	0.9032258064516129	0.8741721854304636	0.9203703703703704	0.9356984478935698	0.9281045751633987	0.958217270194986	0.952712100139082	0.9525691699604744	0.9317073170731708	0.8095238095238095	0.9261363636363636	0.953307392996109	0.6779661016949152	0.9523809523809523	0.9841269841269841	1.0	0.7086614173228346
dmw=14037	0.9059561128526645	0.8797653958944281	0.9236514522821577	0.9446870451237264	0.8902554399243141	0.9438202247191011	0.8851351351351351	0.9221052631578948	0.8488888888888889	0.628140703517588	0.9289940828402367	0.9186991869918699	0.8384615384615385	0.9258312020460358	0.9491525423728814	1.0	0.9333333333333333
dmw=14038	0.8716577540106952	0.8332129963898917	0.8770161290322581	0.9263959390862944	0.8993288590604027	0.928082191780822	0.9087048832271762	0.9010416666666666	0.890295358649789	0.5	0.9252336448598131	0.9379310344827586	0.7961165048543689	0.8896551724137931	0.8717948717948718	0.8333333333333334	0.75
dmw=14039	0.8707964601769912	0.8674220963172804	0.926605504587156	0.9185606060606061	0.9264705882352942	0.9197080291970803	0.8863636363636364	0.9142857142857143	0.8739130434782608	0.6349206349206349	0.8817733990147784	0.9240506329113924	0.9626168224299065	0.9363957597173145	1.0	0.9259259259259259	0.6285714285714286
dmw=14040	0.9081385979049154	0.8840970350404312	0.9392133492252682	0.9212121212121213	0.9207100591715977	0.945518453427065	0.8891428571428571	0.9244992295839753	0.9027431421446384	0.75	0.8682926829268293	0.9548387096774194	0.9248826291079812	0.9395348837209302	0.9523809523809523	1.0	0.7913669064748201
dmw=14041	0.8841996911991765	0.8556051457075348	0.8948701709943002	0.9299610894941635	0.9044652128764278	0.9007009345794392	0.915844838921762	0.91311093871218	0.9513274336283186	0.8400770712909441	0.8713910761154856	0.9240121580547113	0.8012618296529969	0.9426048565121413	0.9532374100719424	0.9512195121951219	0.8357142857142857
dmw=14042	0.8586162440911044	0.8477598956067856	0.8768472906403941	0.8998682476943346	0.912	0.9568345323741008	0.8637770897832817	0.8774583963691377	0.9556135770234987	0.6974358974358974	0.9	0.8674033149171271	0.8614457831325302	0.9319727891156463	0.9689922480620154	0.9066666666666666	0.8387096774193549
dmw=14043	0.9188654353562006	0.8602746326186461	0.9070048309178744	0.9425036390101892	0.9404761904761905	0.9368863955119214	0.9017045454545455	0.9323636363636364	0.9501779359430605	0.7624113475177305	0.8896321070234113	0.8647798742138365	0.937007874015748	0.9219143576826196	0.9714285714285714	0.9558011049723757	0.7925925925925926
dmw=14044	0.9089726918075423	0.8618753509264458	0.9398826979472141	0.9192660550458716	0.9041570438799076	0.9058823529411765	0.880354505169867	0.9127272727272727	0.9463414634146341	0.6544117647058824	0.8631578947368421	0.9696969696969697	0.8125	0.9649122807017544	0.9767441860465116	0.9692307692307692	0.8545454545454545
dmw=14045	0.8651196519216824	0.80835734870317	0.8918918918918919	0.9170731707317074	0.8571428571428571	0.9400921658986175	0.8616236162361623	0.8660194174757282	0.8103448275862069	0.7927927927927928	0.85	0.9411764705882353	0.7288135593220338	0.9017857142857143	0.9156626506024096	0.9583333333333334	0.48
dmw=14046	0.8985395849346657	0.8417169684775319	0.871900826446281	0.9245283018867925	0.8787375415282392	0.9217687074829932	0.9036144578313253	0.929701230228471	0.9190283400809717	0.569620253164557	0.8306010928961749	0.9591836734693877	0.8888888888888888	0.9436619718309859	0.9615384615384616	1.0	0.7924528301886793
dmw=14047	0.8819444444444444	0.8445454545454546	0.9002123142250531	0.897119341563786	0.9039665970772442	0.9547038327526133	0.8857142857142857	0.9009345794392524	0.8894736842105263	0.48314606741573035	0.853448275862069	0.78125	0.5625	0.9603960396039604	0.8936170212765957	1.0	0.6190476190476191
dmw=14048	0.8635305076851421	0.8158260064784821	0.8473609129814551	0.9333333333333333	0.9227421109902068	0.9723404255319149	0.9087893864013267	0.9248768472906403	0.9543147208121827	0.6864406779661016	0.8130081300813008	0.8905472636815921	0.9375	0.9333333333333333	0.9736842105263158	0.9605263157894737	0.8356164383561644
dmw=14049	0.8840816326530613	0.8600160901045857	0.8992537313432836	0.9171974522292994	0.8982597054886211	0.9076305220883534	0.8473520249221184	0.8720538720538721	0.910377358490566	0.49206349206349204	0.8673469387755102	0.9404761904761905	0.875968992248062	0.9174311926605505	0.95	1.0	0.75
dmw=14050	0.8910344827586207	0.8489388264669163	0.9022082018927445	0.9421487603305785	0.8333333333333334	0.983957219251337	0.8369098712446352	0.8888888888888888	0.92	0.33980582524271846	0.7868852459016393	0.921875	1.0	0.972972972972973	0.9333333333333333	1.0	0.75
dmw=14051	0.893739230327398	0.8603936039360394	0.912621359223301	0.9123711340206185	0.9093298291721419	0.9473684210526315	0.8871287128712871	0.9441489361702128	0.9407407407407408	0.7093596059113301	0.7169811320754716	0.8888888888888888	0.7974683544303798	0.937984496124031	0.8627450980392157	0.9390243902439024	0.7241379310344828
dmw=14052	0.8925143953934741	0.9031007751937985	0.9650537634408602	0.9577922077922078	0.8988235294117647	0.8681818181818182	0.9064516129032258	0.9413407821229051	0.9259259259259259	0.6376811594202898	0.9387755102040817	0.8951048951048951	0.9375	0.9145299145299145	0.8837209302325582	0.9210526315789473	0.9411764705882353
dmw=14053	0.8773381294964029	0.8305634373733279	0.8906882591093117	0.9145907473309609	0.9082412914188616	0.9762419006479481	0.8717241379310345	0.9101717305151915	0.8895184135977338	0.640625	0.8163265306122449	0.7902097902097902	0.8776978417266187	0.943502824858757	0.9545454545454546	0.7647058823529411	0.8288288288288288
dmw=14054	0.9219143576826196	0.8475952529668956	0.9271623672230652	0.9163265306122449	0.9288762446657184	0.9411764705882353	0.9160714285714285	0.9471544715447154	0.957345971563981	0.6666666666666666	0.8978102189781022	0.8877551020408163	0.770949720670391	0.8901734104046243	0.9814814814814815	0.9622641509433962	0.8955223880597015
dmw=14058	0.9016817593790427	0.9199776161163962	0.9378427787934186	0.960377358490566	0.9428848015488868	0.9414414414414415	0.9224652087475149	0.9528301886792453	0.9551282051282052	0.7745098039215687	0.89937106918239	1.0	0.7888888888888889	0.9523809523809523	0.9444444444444444	0.905982905982906	0.8571428571428571
dmw=14059	0.8978388998035364	0.8526048284625158	0.9290780141843972	0.910873440285205	0.9245283018867925	0.946969696969697	0.8969072164948454	0.9454545454545454	0.9285714285714286	0.7034883720930233	0.9058823529411765	0.9902912621359223	0.7631578947368421	0.8840579710144928	1.0	0.967391304347826	0.7525773195876289
dmw=14060	0.864951768488746	0.8421887390959556	0.8954128440366973	0.9228187919463087	0.8509316770186336	0.8438818565400844	0.7714932126696833	0.8578088578088578	0.8723404255319149	0.7123287671232876	0.7572815533980582	0.8468468468468469	0.9010989010989011	0.89375	0.9607843137254902	0.9583333333333334	0.717948717948718
dmw=14061	0.8582255907267053	0.8050282195997948	0.8736462093862816	0.9112050739957717	0.8639380530973452	0.8631178707224335	0.927461139896373	0.9015817223198594	0.9227272727272727	0.7012987012987013	0.8603603603603603	0.9634146341463414	0.9215686274509803	0.9390862944162437	0.9384615384615385	0.98989898989899	0.6753246753246753
dmw=14062	0.9187432286023836	0.8712349397590361	0.8979963570127505	0.9373333333333334	0.8045178105994787	0.8647260273972602	0.7856272838002436	0.9301204819277108	0.8326996197718631	0.6927899686520376	0.8384279475982532	0.7714285714285715	0.8740740740740741	0.7965116279069767	0.9178082191780822	0.8666666666666667	0.7446808510638298
dmw=14067	0.9281961471103327	0.8693508627773213	0.9436133486766398	0.9295774647887324	0.9250585480093677	0.9422066549912435	0.8941747572815534	0.9127962085308057	0.9329268292682927	0.7115384615384616	0.8922413793103449	0.9761904761904762	0.848	0.9337016574585635	1.0	1.0	0.8583333333333333
dmw=14068	0.8550247116968699	0.8370720188902007	0.9140461215932913	0.9090909090909091	0.8946360153256705	0.9459459459459459	0.8997429305912596	0.9411764705882353	0.9352941176470588	0.6830985915492958	0.8778625954198473	0.8251748251748252	0.7608695652173914	0.9436619718309859	0.9344262295081968	0.9661016949152542	0.7083333333333334
dmw=14069	0.8822322527697989	0.8192721257237386	0.931665062560154	0.9094387755102041	0.9	0.9813829787234043	0.8775510204081632	0.9066339066339066	0.9406528189910979	0.8311688311688312	0.91701244813278	0.8736842105263158	0.6839622641509434	0.9329608938547486	0.9576271186440678	0.9748427672955975	0.75
dmw=14070	0.9237536656891495	0.8804034582132565	0.8949579831932774	0.9030303030303031	0.937125748502994	0.967741935483871	0.8863636363636364	0.9447236180904522	0.9259259259259259	0.375	0.8811881188118812	0.9833333333333333	0.9354838709677419	0.9512195121951219	0.9655172413793104	1.0	0.6363636363636364
dmw=14077	0.8521647307286166	0.8071748878923767	0.8609112709832134	0.9311740890688259	0.8410757946210269	0.9269662921348315	0.8189910979228486	0.8911917098445595	0.8556701030927835	0.6577181208053692	0.7857142857142857	0.7419354838709677	0.543859649122807	0.8072289156626506	0.9038461538461539	0.8125	0.3888888888888889
dmw=14078	0.914651493598862	0.8611556982343499	0.8733705772811918	0.9173913043478261	0.9232736572890026	0.9482758620689655	0.9098939929328622	0.9215686274509803	0.9635036496350365	0.8775510204081632	0.875	0.8421052631578947	0.8979591836734694	0.9461077844311377	0.9444444444444444	1.0	0.6307692307692307
dmw=14079	0.8837837837837837	0.856338028169014	0.9130434782608695	0.9477124183006536	0.9046321525885559	0.966824644549763	0.9126760563380282	0.9007444168734491	0.8571428571428571	0.6640625	0.9084507042253521	0.8412698412698413	0.8207547169811321	0.896551724137931	1.0	1.0	0.6935483870967742
dmw=14080	0.8946518015834545	0.8580539899139721	0.9201696876205168	0.9385297845373891	0.9124251497005988	0.9349289454001496	0.9043752819124944	0.9072632944228275	0.9096244131455399	0.7295673076923077	0.8565022421524664	0.8800959232613909	0.7973684210526316	0.9380234505862647	0.9372197309417041	0.9527027027027027	0.7491166077738516
dmw=14081	0.9089327146171694	0.9077669902912622	0.8878048780487805	0.9344827586206896	0.9413298565840938	0.9164179104477612	0.959758551307847	0.9343544857768052	0.8934426229508197	0.813953488372093	0.8902439024390244	0.8557213930348259	0.9166666666666666	0.8808290155440415	0.9895833333333334	1.0	0.7222222222222222
dmw=14082	0.9025619487610248	0.8626094974642693	0.9265255292652553	0.9291497975708503	0.9154375614552606	0.9522546419098143	0.9166666666666666	0.928235294117647	0.9387755102040817	0.685	0.898936170212766	0.95	0.9132653061224489	0.9570815450643777	0.98	0.9512195121951219	0.7578947368421053
dmw=14083	0.8837837837837837	0.9193954659949622	0.9622641509433962	0.96875	0.9745762711864406	0.9828326180257511	0.9809523809523809	0.9477124183006536	0.9312977099236641	0.6710526315789473	0.90625	0.898876404494382	0.8	1.0	1.0	0.9583333333333334	0.6363636363636364
dmw=14084	0.8880706921944035	0.8607038123167156	0.8613445378151261	0.943089430894309	0.8943089430894309	0.9424460431654677	0.9241071428571429	0.9396984924623115	0.9662921348314607	0.6626506024096386	0.8970588235294118	0.8441558441558441	0.8653846153846154	0.926829268292683	1.0	0.9534883720930233	0.625
dmw=14089	0.9031746031746032	0.872840053167922	0.8944504896626768	0.9551495016611296	0.9146482122260668	0.9466666666666667	0.9109947643979057	0.9203539823008849	0.9380165289256198	0.7903225806451613	0.9090909090909091	0.9251101321585903	0.89171974522293	0.9712918660287081	0.9672131147540983	0.9365079365079365	0.7425742574257426
dmw=14091	0.9355828220858896	0.9113207547169812	0.964824120603015	0.9375	0.9258426966292135	0.925	0.9813953488372092	0.9364161849710982	0.9553571428571429	0.6336633663366337	0.9240506329113924	0.9069767441860465	0.6216216216216216	0.9646017699115044	1.0	0.9880952380952381	0.7894736842105263
dmw=14094	0.375	0.38540478905359177	0.7443946188340808	0.5880758807588076	0.7223650385604113	0.7658227848101266	0.5526315789473685	0.43175487465181056	0.52	0.5698924731182796	0.4675324675324675	0.41379310344827586	0.532258064516129	0.8260869565217391	0.6666666666666666	0.9852941176470589	0.8125
dmw=14100	0.8314606741573034	0.7781385281385281	0.9116945107398569	0.8654434250764526	0.8803245436105477	0.9378238341968912	0.8397790055248618	0.873015873015873	0.8363636363636363	0.6506024096385542	0.7669172932330827	0.8490566037735849	0.8921568627450981	0.9340659340659341	1.0	0.9875	0.85
dmw=14101	0.8564102564102564	0.8391089108910891	0.8815331010452961	0.8673740053050398	0.8800557880055788	0.916030534351145	0.8858800773694391	0.8984547461368654	0.8605769230769231	0.35185185185185186	0.8089171974522293	0.7368421052631579	0.8796992481203008	0.9308176100628931	0.9803921568627451	1.0	0.7717391304347826
dmw=14111	0.7641418983700863	0.7533742331288343	0.8934169278996865	0.8953488372093024	0.8036951501154734	0.9069767441860465	0.847457627118644	0.8132780082987552	0.859375	0.5959595959595959	0.8260869565217391	0.7731958762886598	0.7931034482758621	0.9333333333333333	1.0	1.0	0.6333333333333333
dmw=14112	0.9077912794853467	0.8735154394299287	0.8738049713193117	0.9574468085106383	0.9357429718875502	0.9655172413793104	0.9153543307086615	0.924	0.9222797927461139	0.6666666666666666	0.8260869565217391	0.7945205479452054	0.8636363636363636	0.9080459770114943	1.0	0.8846153846153846	0.84
dmw=14117	0.09470124013528748	0.04714201532115498	0.38274932614555257	0.2311111111111111	0.10678210678210678	0.32616487455197135	0.07190635451505016	0.19405940594059407	0.1076923076923077	0.425531914893617	0.05472636815920398	0.4636363636363636	0.0963855421686747	0.1597222222222222	0.32653061224489793	0.4666666666666667	0.4897959183673469
dmw=14118	0.8823529411764706	0.8898305084745762	0.9041095890410958	0.945	0.9242424242424242	0.8632075471698113	0.9415807560137457	0.9726027397260274	0.9180327868852459	0.4603174603174603	0.8607594936708861	0.8571428571428571	0.6575342465753424	0.8148148148148148	1.0	1.0	0.71875
dmw=14119	0.7125307125307125	0.6282420749279539	0.788235294117647	0.911504424778761	0.5064102564102564	0.65	0.5376344086021505	0.7272727272727273	0.7962962962962963	0.723404255319149	0.7272727272727273	0.967741935483871	0.6470588235294118	0.5483870967741935	0.5	0.8636363636363636	0.6153846153846154
dmw=14120	0.8370535714285714	0.7959034381858083	0.6075268817204301	0.8137931034482758	0.8387096774193549	0.9116465863453815	0.8168067226890756	0.8099173553719008	0.802547770700637	0.6666666666666666	0.7333333333333333	0.5566037735849056	0.7131782945736435	0.8461538461538461	0.864406779661017	0.7076923076923077	0.6964285714285714
dmw=14130	0.8006993006993007	0.6890052356020943	0.6804123711340206	0.8565400843881856	0.4507042253521127	0.6206896551724138	0.42066420664206644	0.7007874015748031	0.5408163265306123	0.5614035087719298	0.7368421052631579	0.7889908256880734	0.6875	0.4805194805194805	0.5	0.7176470588235294	0.7741935483870968
dmw=14134	0.8488228004956629	0.7728395061728395	0.8297872340425532	0.8601694915254238	0.46551724137931033	0.8283582089552238	0.28169014084507044	0.8140350877192982	0.35365853658536583	0.631578947368421	0.7272727272727273	0.875	0.647887323943662	0.35365853658536583	0.9333333333333333	0.9	0.7575757575757576
dmw=14138	0.23835616438356164	0.2830188679245283	0.19285714285714287	0.19318181818181818	0.24342105263157895	0.3974358974358974	0.24778761061946902	0.12121212121212122	0.05660377358490566	0.041666666666666664	0.16216216216216217	0.38461538461538464	0.2916666666666667	0.47058823529411764	0.21428571428571427	0.09090909090909091	0.5714285714285714
dmw=14143	0.47707736389684813	0.3569682151589242	0.47160493827160493	0.5138121546961326	0.19020172910662825	0.3706896551724138	0.03211009174311927	0.4	0.08	0.4050632911392405	0.25925925925925924	0.23684210526315788	0.5263157894736842	0.26	0.6470588235294118	0.85	0.6521739130434783
dmw=14151	0.7270818754373688	0.6910069177555727	0.7877813504823151	0.8524590163934426	0.8815261044176707	0.8673835125448028	0.857451403887689	0.7857142857142857	0.9065934065934066	0.5700934579439252	0.8532110091743119	0.8504672897196262	0.7244897959183674	0.8947368421052632	0.0	0.9333333333333333	0.7142857142857143
dmw=14152	0.015789473684210527	0.0	0.0	0.0	0.009478672985781991	0.0	0.0	0.0	0.027777777777777776	0.0	0.0	0.024390243902439025	0.23076923076923078	0.0	0.0	0.0	0.0
dmw=14172	0.7469879518072289	0.713963963963964	0.7114093959731543	0.6717557251908397	0.38349514563106796	0.6761904761904762	0.4457831325301205	0.6326530612244898	0.5714285714285714	0.6666666666666666	0.3333333333333333	0.7428571428571429	0.75	0.21052631578947367	0.7142857142857143	0.6666666666666666	0.9130434782608695
dmw=14185	0.7407407407407407	0.5862068965517241	0.5975609756097561	0.831858407079646	0.4696969696969697	0.7333333333333333	0.5909090909090909	0.6298076923076923	0.49056603773584906	0.5925925925925926	0.5614035087719298	0.6875	0.7777777777777778	0.76	0.2619047619047619	0.5294117647058824	0.0
dmw=14186	0.511049723756906	0.43449959316517495	0.5371900826446281	0.6006600660066007	0.2950108459869848	0.6057142857142858	0.4738372093023256	0.24566473988439305	0.40963855421686746	0.5739130434782609	0.12121212121212122	0.30864197530864196	0.46875	0.30851063829787234	0.6666666666666666	0.5	0.2604166666666667
dmw=14187	0.8533455545371219	0.8215593929879644	0.875615763546798	0.8661971830985915	0.44297082228116713	0.8042813455657493	0.38443935926773454	0.8322237017310253	0.6419753086419753	0.8581081081081081	0.7597765363128491	0.8341708542713567	0.7733990147783252	0.5897435897435898	0.6666666666666666	0.9166666666666666	0.84375
dmw=14196	0.7028753993610224	0.6503579952267303	0.7152941176470589	0.7743055555555556	0.5475285171102662	0.6993464052287581	0.5789473684210527	0.623015873015873	0.5555555555555556	0.7910447761194029	0.5454545454545454	0.5974025974025974	0.6891891891891891	0.38461538461538464	0.59375	0.5333333333333333	0.5769230769230769
dmw=14206	0.9149722735674677	0.8560311284046692	0.9411764705882353	0.8571428571428571	0.9113924050632911	0.9387755102040817	0.8876404494382022	0.927007299270073	0.9594594594594594	0.7872340425531915	0.8571428571428571	0.9726027397260274	0.972972972972973	0.9555555555555556	1.0	1.0	0.058823529411764705
dmw=14216	0.8005050505050505	0.6853146853146853	0.7293233082706767	0.8346456692913385	0.5110132158590308	0.6166666666666667	0.5811965811965812	0.6878306878306878	0.5370370370370371	0.5666666666666667	0.5094339622641509	0.575	0.6896551724137931	0.546875	1.0	0.8571428571428571	0.9473684210526315
dmw=14230	0.8639157155399473	0.8155932203389831	0.8893360160965795	0.9629629629629629	0.8846960167714885	0.9312977099236641	0.8738532110091743	0.8846153846153846	0.9247311827956989	0.5695364238410596	0.8296296296296296	0.7619047619047619	0.875	0.9112903225806451	0.958904109589041	1.0	0.48
dmw=14231	0.8162460567823344	0.7613065326633166	0.8882175226586103	0.8838526912181303	0.8333333333333334	0.8918918918918919	0.8148936170212766	0.8427835051546392	0.7884615384615384	0.9342105263157895	0.7105263157894737	0.8878504672897196	0.8493150684931506	0.8950276243093923	0.9811320754716981	0.9074074074074074	0.5714285714285714
dmw=14232	0.821969696969697	0.7553269654665687	0.9140811455847255	0.8425655976676385	0.8726937269372693	0.927007299270073	0.8535564853556485	0.8769230769230769	0.8513513513513513	0.6689655172413793	0.8787878787878788	0.7397260273972602	0.896551724137931	0.936	0.918918918918919	0.9655172413793104	0.6790123456790124
dmw=14233	0.809731752963194	0.8086386003280481	0.9182692307692307	0.9222222222222223	0.9155749636098981	0.9020618556701031	0.8114104595879557	0.8964285714285715	0.8915094339622641	0.7191780821917808	0.7846153846153846	0.8430232558139535	0.937984496124031	0.8682634730538922	0.8571428571428571	0.9130434782608695	0.5113636363636364
dmw=14234	0.7749615975422427	0.7309847878302642	0.8846153846153846	0.835820895522388	0.8554913294797688	0.9173553719008265	0.8734177215189873	0.8739946380697051	0.7964601769911505	0.7654320987654321	0.6363636363636364	0.8067226890756303	0.9008264462809917	0.9186991869918699	0.9726027397260274	0.9333333333333333	0.6666666666666666
dmw=14235	0.8515831134564644	0.8222506393861893	0.9165137614678899	0.9059929494712103	0.8806497175141242	0.8736141906873615	0.9106678230702515	0.9184357541899442	0.9122137404580153	0.7553956834532374	0.8789237668161435	0.9545454545454546	0.9304347826086956	0.8858267716535433	0.993103448275862	0.9387755102040817	0.6305970149253731
dmw=14236	0.4817332200509771	0.5253682487725041	0.6332574031890661	0.6376811594202898	0.5875831485587583	0.6332046332046332	0.48058252427184467	0.5826558265582655	0.5928571428571429	0.6691176470588235	0.3153153153153153	0.7191011235955056	0.5869565217391305	0.64	0.6538461538461539	0.6052631578947368	0.43859649122807015
dmw=14237	0.8910640985159457	0.8096419709322935	0.8805970149253731	0.9091858037578288	0.8945827232796486	0.9014675052410901	0.8952254641909815	0.8993157380254154	0.9259259259259259	0.8579710144927536	0.8856209150326797	0.888	0.8571428571428571	0.9107692307692308	0.9662921348314607	0.9184782608695652	0.6081081081081081
dmw=14238	0.8663870581186339	0.8281743524952622	0.937592867756315	0.9204819277108434	0.8980509745127436	0.8892045454545454	0.9137614678899083	0.9248291571753986	0.9044117647058824	0.660958904109589	0.8962264150943396	0.7659574468085106	0.9918032786885246	0.9743589743589743	0.959349593495935	1.0	0.9342105263157895
dmw=14239	0.8261980830670926	0.8562962962962963	0.8656462585034014	0.9186351706036745	0.8855534709193246	0.9358974358974359	0.906801007556675	0.8729198184568835	0.926530612244898	0.588957055214724	0.8465116279069768	0.8584070796460177	0.873015873015873	0.89	0.9795918367346939	0.978494623655914	0.5747126436781609
dmw=14240	0.7722882615156018	0.7523076923076923	0.8830645161290323	0.8746130030959752	0.8397839783978398	0.9230769230769231	0.8477272727272728	0.8167741935483871	0.8333333333333334	0.6708860759493671	0.7676348547717843	0.8556149732620321	0.8625	0.8558951965065502	0.9148936170212766	0.9363636363636364	0.6195652173913043
dmw=14241	0.7877237851662404	0.7377551020408163	0.8443271767810027	0.8779527559055118	0.8427787934186471	0.9390243902439024	0.8558558558558559	0.883419689119171	0.8288288288288288	0.5825242718446602	0.6435643564356436	0.9152542372881356	0.7777777777777778	0.8108108108108109	1.0	0.9024390243902439	0.5581395348837209
dmw=14242	0.8104674796747967	0.8022483392948391	0.8921713441654358	0.9087779690189329	0.8888888888888888	0.9166666666666666	0.8523676880222841	0.8646616541353384	0.8391304347826087	0.78125	0.689119170984456	0.9328859060402684	0.75	0.9329896907216495	0.987012987012987	0.9367088607594937	0.7752808988764045
dmw=14243	0.8645518630412891	0.8025114155251142	0.8941058941058941	0.925	0.8905325443786982	0.9272237196765498	0.8925170068027211	0.932998324958124	0.8700564971751412	0.6120218579234973	0.8769230769230769	0.9559748427672956	0.91	0.8743455497382199	0.9491525423728814	0.9104477611940298	0.703125
dmw=14246	0.8441985128825868	0.7986348122866894	0.8731501057082452	0.9180576631259484	0.8881903906600809	0.9346195069667739	0.8627546071774975	0.9012508229098091	0.9012833168805529	0.684346701164295	0.7470119521912351	0.883668903803132	0.857566765578635	0.9124203821656051	0.9270833333333334	0.9609756097560975	0.5988023952095808
dmw=14247	0.8091603053435115	0.7893333333333333	0.8786279683377308	0.8952380952380953	0.8939393939393939	0.9182389937106918	0.8341013824884793	0.8381742738589212	0.9	0.43373493975903615	0.8556701030927835	0.9473684210526315	0.8888888888888888	0.9117647058823529	0.9166666666666666	1.0	0.7837837837837838
dmw=14248	0.8362193362193362	0.7847738981110475	0.9190283400809717	0.8910411622276029	0.9250681198910081	0.8781362007168458	0.8784722222222222	0.9285714285714286	0.898876404494382	0.782051282051282	0.8546255506607929	0.859504132231405	1.0	0.9707317073170731	0.9484536082474226	0.9565217391304348	0.7073170731707317
dmw=14249	0.8512526096033403	0.803804347826087	0.8583815028901735	0.9075425790754258	0.8884803921568627	0.9331103678929766	0.878839590443686	0.9014778325123153	0.8404255319148937	0.6977777777777778	0.8095238095238095	0.8099173553719008	0.7701149425287356	0.875	0.971830985915493	0.96	0.7413793103448276
dmw=14250	0.8717518860016764	0.8571428571428571	0.9094567404426559	0.9085173501577287	0.8632162661737524	0.9025641025641026	0.8960176991150443	0.9217002237136466	0.9185185185185185	0.8156424581005587	0.725	0.961038961038961	0.8273381294964028	0.8911917098445595	0.9775280898876404	0.9285714285714286	0.6851851851851852
dmw=14251	0.858281665190434	0.7994505494505495	0.9567198177676538	0.9084249084249084	0.831081081081081	0.9457364341085271	0.9184210526315789	0.8515151515151516	0.8802816901408451	0.4691358024691358	0.8918918918918919	0.9242424242424242	1.0	0.9344262295081968	0.9137931034482759	0.9310344827586207	0.6470588235294118
dmw=14252	0.8559670781893004	0.8212669683257918	0.9101307189542484	0.8974358974358975	0.9217758985200846	0.9325153374233128	0.9434628975265018	0.9473684210526315	0.9943181818181818	0.922077922077922	0.9	0.9813084112149533	0.9111111111111111	0.9380952380952381	1.0	0.6	0.78125
dmw=14253	0.8535651149086624	0.773039069490009	0.9060650887573964	0.942367601246106	0.8871715610510046	0.9344729344729344	0.8757396449704142	0.9000969932104753	0.8776824034334764	0.70703125	0.8676470588235294	0.9352750809061489	0.8085106382978723	0.8986928104575164	0.9774011299435028	0.8769230769230769	0.75
dmw=14254	0.8827498945592577	0.8564593301435407	0.945845004668534	0.9464944649446494	0.9035339063992359	0.9553805774278216	0.9017763845350052	0.904093567251462	0.9453125	0.7204030226700252	0.9346153846153846	0.856	0.73	0.95578231292517	0.84	0.9720670391061452	0.7333333333333333
dmw=14255	0.8491666666666666	0.8247261345852895	0.8811659192825112	0.9252873563218391	0.9229607250755287	0.9090909090909091	0.9046511627906977	0.860655737704918	0.9555555555555556	0.7037037037037037	0.8214285714285714	0.6976744186046512	0.9381443298969072	0.9571428571428572	1.0	0.8985507246376812	0.75
dmw=14256	0.8375554975189344	0.805973715651135	0.9034003091190108	0.8990256864481843	0.897834536368684	0.9420289855072463	0.8398576512455516	0.8850987432675045	0.925	0.6307277628032345	0.8894009216589862	0.8776223776223776	0.8898071625344353	0.8663594470046083	0.9827586206896551	0.9166666666666666	0.6793893129770993
dmw=14257	0.8365888518342067	0.8360927152317881	0.8741830065359477	0.8875	0.8695652173913043	0.9375	0.8380281690140845	0.8780487804878049	0.943502824858757	0.7647058823529411	0.7109826589595376	0.8918918918918919	0.9438202247191011	0.847953216374269	0.9157303370786517	0.9662921348314607	0.47191011235955055
dmw=14258	0.8441860465116279	0.7981651376146789	0.9241622574955908	0.9186991869918699	0.9187620889748549	0.9405204460966543	0.9006622516556292	0.9008264462809917	0.888235294117647	0.8046875	0.9122807017543859	0.9363636363636364	0.9310344827586207	0.9217391304347826	0.95	1.0	0.5172413793103449
dmw=14259	0.8791643139469226	0.8479338842975207	0.8673780487804879	0.904862579281184	0.906519065190652	0.9426229508196722	0.8593220338983051	0.9213286713286714	0.912568306010929	0.6412213740458015	0.7734806629834254	0.8760330578512396	0.7916666666666666	0.9454545454545454	0.9836065573770492	0.9887640449438202	0.6891891891891891
dmw=14260	0.8648339060710195	0.8492590700051099	0.9233894370284388	0.8754914809960681	0.9193450576106731	0.9067017082785808	0.8868640850417616	0.9135802469135802	0.9182389937106918	0.6151761517615176	0.7382198952879581	0.9363057324840764	0.9574468085106383	0.9294403892944039	0.981651376146789	0.941747572815534	0.7628205128205128
dmw=14261	0.8697493822802682	0.8493723849372385	0.917516218721038	0.9365482233502538	0.8932270916334661	0.977859778597786	0.8921568627450981	0.8952618453865336	0.923728813559322	0.777027027027027	0.8842105263157894	0.9096385542168675	0.9393939393939394	0.9473684210526315	0.9512195121951219	0.9696969696969697	0.6013986013986014
dmw=14262	0.8800726832222895	0.8642335766423358	0.8991769547325102	0.9530516431924883	0.9069767441860465	0.9604743083003953	0.9076212471131639	0.9259259259259259	0.9476744186046512	0.6716417910447762	0.8551724137931035	0.9103448275862069	0.8780487804878049	0.9380530973451328	1.0	0.9873417721518988	0.6111111111111112
dmw=14263	0.8903420523138833	0.8321279025504378	0.9074252651880425	0.9191564147627417	0.8958155422715628	0.9130434782608695	0.8766006984866124	0.9068396226415094	0.9333333333333333	0.696078431372549	0.9182879377431906	0.9067796610169492	0.6161616161616161	0.9392523364485982	0.975609756097561	0.9080459770114943	0.810126582278481
dmw=14264	0.8869414959269316	0.873490813648294	0.9273162939297125	0.9205816554809844	0.9188854489164087	0.9018087855297158	0.8904538341158059	0.9150657229524772	0.8969594594594594	0.8011204481792717	0.9041353383458647	0.9220183486238532	0.9428571428571428	0.9539877300613497	0.9692307692307692	0.9481481481481482	0.7298850574712644
dmw=14265	0.8612765957446809	0.8452088452088452	0.9175	0.8737541528239202	0.8712871287128713	0.9836065573770492	0.8832752613240418	0.8853932584269663	0.9477611940298507	0.5911949685534591	0.8253968253968254	0.7857142857142857	0.8970588235294118	0.8636363636363636	0.9629629629629629	0.9836065573770492	0.6666666666666666
dmw=14266	0.8585626911314985	0.7947454844006568	0.8968481375358166	0.8884120171673819	0.9074074074074074	0.9424460431654677	0.832	0.9038461538461539	0.9038461538461539	0.7294117647058823	0.75	0.7723577235772358	0.8405797101449275	0.9097744360902256	1.0	0.9733333333333334	0.3333333333333333
dmw=14267	0.6777920410783055	0.6087516087516087	0.8374384236453202	0.7888198757763976	0.8197278911564626	0.8735632183908046	0.748792270531401	0.7854545454545454	0.8532110091743119	0.44776119402985076	0.7592592592592593	0.782608695652174	0.8387096774193549	0.7924528301886793	1.0	0.9166666666666666	0.3972602739726027
dmw=14268	0.8626907073509015	0.8139825218476904	0.8957169459962756	0.8990147783251231	0.927710843373494	0.935672514619883	0.8943661971830986	0.8646288209606987	0.8823529411764706	0.6746987951807228	0.8074866310160428	0.8695652173913043	0.9473684210526315	0.9851851851851852	0.9710144927536232	1.0	0.6
dmw=14269	0.8453194053836882	0.7996688741721855	0.9028846153846154	0.8710691823899371	0.8672413793103448	0.9109461966604824	0.8879892037786775	0.9128686327077749	0.884375	0.753968253968254	0.8445121951219512	0.9020618556701031	0.8907563025210085	0.9252873563218391	0.967032967032967	0.93	0.5338983050847458
dmw=14270	0.853940708604483	0.8189792663476874	0.8910133843212237	0.889967637540453	0.9017857142857143	0.9552238805970149	0.9204081632653062	0.8740359897172236	0.8372093023255814	0.6338028169014085	0.8235294117647058	0.9008264462809917	0.8378378378378378	0.9108910891089109	1.0	0.971830985915493	0.7384615384615385
dmw=14271	0.857062937062937	0.8017569546120058	0.8822341857335128	0.9096534653465347	0.881159420289855	0.9285714285714286	0.8758689175769613	0.890282131661442	0.8704545454545455	0.7510822510822511	0.837378640776699	0.8853211009174312	0.8158995815899581	0.9190031152647975	0.9473684210526315	0.963963963963964	0.7954545454545454
dmw=14272	0.8484658735128365	0.7862440997977074	0.9164086687306502	0.9174757281553398	0.8697478991596639	0.9477611940298507	0.8848314606741573	0.9234449760765551	0.8743169398907104	0.5454545454545454	0.8451612903225807	0.7843137254901961	0.7083333333333334	0.8905109489051095	0.9795918367346939	0.9838709677419355	0.7386363636363636
dmw=14273	0.8431253785584494	0.8278433809819764	0.8950166112956811	0.8812729498164015	0.8709079678814082	0.941108545034642	0.859375	0.9046153846153846	0.8953771289537713	0.7610062893081762	0.796137339055794	0.9202453987730062	0.8423772609819121	0.9173728813559322	0.9307359307359307	1.0	0.6551724137931034
dmw=14274	0.7465388711395101	0.7171171171171171	0.8369565217391305	0.8765957446808511	0.7995391705069125	0.9282868525896414	0.7811764705882352	0.7736486486486487	0.8627450980392157	0.7676767676767676	0.7830188679245284	0.9534883720930233	0.828125	0.7972972972972973	0.9811320754716981	0.92	0.5733333333333334
dmw=14275	0.8430286241920592	0.7993393889347646	0.8703071672354948	0.8553459119496856	0.8662704309063893	0.9219858156028369	0.852233676975945	0.9251207729468599	0.9096774193548387	0.6823529411764706	0.8461538461538461	0.7706422018348624	0.7065217391304348	0.8967391304347826	0.9384615384615385	0.9882352941176471	0.4583333333333333
dmw=14276	0.8339002267573696	0.8027142498115104	0.9065359477124183	0.8882421420256111	0.8726491133799033	0.9469453376205788	0.8838133068520357	0.8972922502334267	0.9216494845360824	0.5662921348314607	0.8160535117056856	0.9309309309309309	0.9230769230769231	0.9335443037974683	0.9177215189873418	0.9384615384615385	0.6911764705882353
dmw=14277	0.8277254374158816	0.8256097560975609	0.8925373134328358	0.9234042553191489	0.9162303664921466	0.9148936170212766	0.845360824742268	0.9219512195121952	0.9302325581395349	0.7236842105263158	0.7910447761194029	0.7446808510638298	0.8928571428571429	0.9811320754716981	1.0	0.9423076923076923	0.6666666666666666
dmw=14278	0.8	0.7531157270029674	0.8644578313253012	0.8513513513513513	0.834920634920635	0.9335664335664335	0.821826280623608	0.8580375782881002	0.7584269662921348	0.7303370786516854	0.6653225806451613	0.783068783068783	0.8070175438596491	0.8255813953488372	0.9841269841269841	0.765625	0.6744186046511628
dmw=14279	0.7118320610687023	0.6576895818568391	0.8863636363636364	0.8983516483516484	0.7964169381107492	0.9715302491103203	0.7471783295711061	0.8035190615835777	0.8188405797101449	0.7647058823529411	0.7768595041322314	0.875968992248062	0.9206349206349206	0.8686131386861314	0.9166666666666666	1.0	0.5777777777777777
dmw=14280	0.8666943521594684	0.830316742081448	0.882960413080895	0.9315525876460768	0.8784473953013279	0.9415929203539823	0.900871459694989	0.9012048192771084	0.896551724137931	0.8277511961722488	0.8503937007874016	0.8090909090909091	0.8505154639175257	0.8944099378881988	0.9508196721311475	0.9567901234567902	0.6858974358974359
dmw=14281	0.8513321130770796	0.8168035375868604	0.9388971684053651	0.9129720853858785	0.8969849246231156	0.9572284003421728	0.8555291319857312	0.8812233285917497	0.9038142620232172	0.7488855869242199	0.8257918552036199	0.8346666666666667	0.9283489096573209	0.9189627228525121	0.9497206703910615	0.9298245614035088	0.646551724137931
dmw=14282	0.860772895712017	0.7865168539325843	0.9028571428571428	0.8828671328671329	0.9035476718403548	0.940677966101695	0.8040201005025126	0.9035294117647059	0.8318181818181818	0.8169934640522876	0.8723404255319149	0.7565217391304347	0.84375	0.9385964912280702	0.961038961038961	0.9117647058823529	0.7017543859649122
dmw=14283	0.8392502130076682	0.7709043250327654	0.8953258722843976	0.8428246013667426	0.8641484426772698	0.9395866454689984	0.8372623574144487	0.8875	0.8909090909090909	0.7347670250896058	0.825287356321839	0.744807121661721	0.8844444444444445	0.8975741239892183	0.9491525423728814	0.9935064935064936	0.5975609756097561
dmw=14284	0.8359962406015038	0.7985748218527315	0.9110320284697508	0.9028925619834711	0.8772321428571429	0.9313725490196079	0.8701854493580599	0.8921933085501859	0.9052631578947369	0.6040816326530613	0.8409090909090909	0.8103448275862069	0.9389312977099237	0.9598214285714286	0.9615384615384616	0.75	0.725
dmw=14285	0.8733031674208145	0.8595971563981043	0.9	0.9523809523809523	0.8952380952380953	0.9376623376623376	0.9241706161137441	0.9436619718309859	0.9421965317919075	0.7	0.8571428571428571	0.875	0.9438202247191011	0.9375	0.9873417721518988	1.0	0.631578947368421
dmw=14286	0.8721244925575101	0.8540350877192983	0.9049773755656109	0.9556213017751479	0.922879177377892	0.8964285714285715	0.8857715430861723	0.9479392624728851	0.8048780487804879	0.7333333333333333	0.8268156424581006	0.8279569892473119	0.9452054794520548	0.9796954314720813	0.9607843137254902	0.9767441860465116	0.7191011235955056
dmw=14287	0.8750390502967823	0.8491793124806442	0.9186440677966101	0.9460122699386503	0.9198275862068965	0.9467040673211781	0.9133640552995391	0.9226907630522089	0.9150326797385621	0.8154761904761905	0.8650519031141869	0.8132780082987552	0.8085106382978723	0.9535864978902954	1.0	0.8884120171673819	0.7936507936507936
dmw=14288	0.858402489626556	0.8114882506527415	0.8902275769745649	0.9054545454545454	0.8726467331118494	0.9279279279279279	0.8753993610223643	0.8987161198288159	0.8636363636363636	0.6137566137566137	0.7251461988304093	0.8082901554404145	0.9181818181818182	0.9285714285714286	0.9264705882352942	0.9850746268656716	0.696078431372549
dmw=14289	0.8697332817935833	0.8222477064220184	0.8882618510158014	0.9233716475095786	0.9120234604105572	0.9325153374233128	0.9025500910746812	0.9154929577464789	0.908641975308642	0.7125984251968503	0.8371040723981901	0.9294871794871795	0.9767441860465116	0.9007633587786259	0.9645390070921985	0.9789473684210527	0.7741935483870968
dmw=14290	0.811841445057702	0.7376498800959232	0.876391982182628	0.8402061855670103	0.8622047244094488	0.9285714285714286	0.8668941979522184	0.9099264705882353	0.8560311284046692	0.7666666666666667	0.7669902912621359	0.8091603053435115	0.8571428571428571	0.9177215189873418	0.9838709677419355	0.8018018018018018	0.6
dmw=14291	0.7719429857464366	0.7172218284904324	0.85	0.8706140350877193	0.8372881355932204	0.8453038674033149	0.8493150684931506	0.839907192575406	0.765625	0.8349514563106796	0.7885714285714286	0.8571428571428571	0.7631578947368421	0.8545454545454545	0.9327731092436975	0.9295774647887324	0.6181818181818182
dmw=14292	0.8488946125778064	0.8015631784628745	0.893573264781491	0.897165991902834	0.871938775510204	0.9121140142517815	0.8603491271820449	0.8830985915492958	0.911353032659409	0.631578947368421	0.836852207293666	0.8944723618090452	0.7263779527559056	0.9093023255813953	0.9330143540669856	0.9459459459459459	0.6551724137931034
dmw=14293	0.9011164274322169	0.8521739130434782	0.9571899012074643	0.9082397003745318	0.9274193548387096	0.9343936381709742	0.8794871794871795	0.9083191850594228	0.903370786516854	0.7129909365558912	0.8844884488448845	0.9447236180904522	0.9516129032258065	0.9425287356321839	0.9659090909090909	0.9433962264150944	0.6847826086956522
dmw=14294	0.8726222008186852	0.8208638187396743	0.9159978598180846	0.9153543307086615	0.9198454852728151	0.9041420118343195	0.8909214092140921	0.8957198443579767	0.9066874027993779	0.6654343807763401	0.8263888888888888	0.8837719298245614	0.9377777777777778	0.935361216730038	0.9336283185840708	0.9591836734693877	0.7662337662337663
dmw=14295	0.8537414965986394	0.8288253477588872	0.886337543053961	0.9172077922077922	0.9048020219039595	0.9771689497716894	0.8858560794044665	0.8921679909194098	0.9354838709677419	0.7886178861788617	0.8222222222222222	0.9666666666666667	0.888	0.8927038626609443	0.9157894736842105	0.9857142857142858	0.7870370370370371
dmw=14296	0.8332402754513307	0.7818659658344284	0.8686224489795918	0.8941728064300067	0.8704807310290028	0.9035433070866141	0.8615934627170582	0.8780630105017503	0.8748419721871049	0.7215815485996705	0.762	0.9056603773584906	0.8440366972477065	0.898972602739726	0.9649122807017544	0.9333333333333333	0.7088607594936709
dmw=14297	0.8624443344878773	0.848780487804878	0.9232505643340858	0.9203703703703704	0.8825031928480205	0.9487951807228916	0.915041782729805	0.8992042440318302	0.9078014184397163	0.6121495327102804	0.8101851851851852	0.8645833333333334	0.9651162790697675	0.9215686274509803	0.9259259259259259	0.9368421052631579	0.8174603174603174
dmw=14299	0.9038772213247173	0.8993135011441648	0.9326241134751773	0.9382940108892922	0.9356136820925554	0.9429824561403509	0.9070208728652751	0.9119047619047619	0.9272727272727272	0.5816993464052288	0.9108910891089109	0.9469026548672567	0.8333333333333334	0.9705882352941176	0.9710144927536232	0.975609756097561	0.8153846153846154
dmw=14300	0.8809431774255895	0.848404255319149	0.8483290488431876	0.9269102990033222	0.9042675893886967	0.9473684210526315	0.8841544607190412	0.8935643564356436	0.9579579579579579	0.7310344827586207	0.8285714285714286	0.8854961832061069	0.7457627118644068	0.8963414634146342	0.9733333333333334	0.98	0.6016949152542372
dmw=14301	0.8303921568627451	0.7448979591836735	0.8900804289544236	0.8844621513944223	0.8580786026200873	0.9307359307359307	0.8837209302325582	0.9232736572890026	0.8561151079136691	0.7222222222222222	0.776595744680851	0.875	0.8571428571428571	0.868421052631579	0.9743589743589743	0.9672131147540983	0.6785714285714286
dmw=14302	0.8405639913232104	0.7884922749067661	0.8959731543624161	0.8162162162162162	0.8670886075949367	0.9258064516129032	0.871517027863777	0.8742857142857143	0.901840490797546	0.8181818181818182	0.7975206611570248	0.7281553398058253	0.927536231884058	0.9329608938547486	0.88	0.8620689655172413	0.3783783783783784
dmw=14303	0.8148148148148148	0.7477592829705506	0.8469656992084432	0.8962962962962963	0.8026666666666666	0.9580838323353293	0.8169398907103825	0.8608923884514436	0.8227848101265823	0.45569620253164556	0.9142857142857143	0.8076923076923077	0.8235294117647058	0.8115942028985508	0.9772727272727273	1.0	0.75
dmw=14304	0.8086560364464692	0.7412162162162163	0.8954703832752613	0.8743961352657005	0.8833619210977701	0.9120603015075377	0.8788927335640139	0.8657844990548205	0.7654320987654321	0.8817733990147784	0.751269035532995	0.9115646258503401	0.8260869565217391	0.7961165048543689	0.9069767441860465	0.9569377990430622	0.9090909090909091
dmw=14305	0.8231907894736842	0.7504091653027823	0.8257080610021786	0.8390804597701149	0.8709122203098106	0.912751677852349	0.8336798336798337	0.8440748440748441	0.8743169398907104	0.5961538461538461	0.7894736842105263	0.8305084745762712	0.9072164948453608	0.9127906976744186	0.9487179487179487	0.94	0.5873015873015873
dmw=14306	0.8119266055045872	0.7961089494163424	0.8796992481203008	0.8831908831908832	0.8858773181169758	0.8172043010752689	0.8741092636579573	0.8670756646216768	0.8130841121495327	0.8103448275862069	0.8106060606060606	0.835820895522388	0.8571428571428571	0.937007874015748	1.0	0.95	0.3
dmw=14307	0.8513372698853768	0.8414149443561209	0.8929440389294404	0.9041614123581336	0.9014336917562724	0.9275808936825886	0.8992974238875878	0.9	0.8935574229691877	0.7336956521739131	0.8193548387096774	0.8762886597938144	0.9148936170212766	0.9085714285714286	0.9888888888888889	0.9869281045751634	0.6408450704225352
dmw=14308	0.8061224489795918	0.7412467976088813	0.883177570093458	0.8980392156862745	0.8660194174757282	0.9383886255924171	0.8232323232323232	0.8556701030927835	0.8304093567251462	0.6846153846153846	0.784	0.5441176470588235	0.8695652173913043	0.8790322580645161	0.9629629629629629	0.9508196721311475	0.7
dmw=14309	0.8683982683982684	0.8192588092345079	0.9230769230769231	0.9246575342465754	0.8772919605077574	0.9491778774289985	0.8771750255885363	0.9008579599618685	0.8827586206896552	0.6804407713498623	0.8877887788778878	0.8509316770186336	0.9152542372881356	0.924	0.974025974025974	0.981651376146789	0.7623762376237624
dmw=14310	0.8801213960546282	0.8345802161263508	0.8895631067961165	0.8938207136640557	0.8910256410256411	0.9266155531215772	0.8712574850299402	0.9026022304832714	0.85423197492163	0.523943661971831	0.7799564270152506	0.9104046242774566	0.8704318936877077	0.9195652173913044	0.9310344827586207	0.943502824858757	0.6958174904942965
dmw=14311	0.853628023352794	0.8155529503712388	0.919815668202765	0.9038461538461539	0.8920686835650041	0.9339622641509434	0.8553571428571428	0.9	0.8720538720538721	0.7077922077922078	0.788659793814433	0.8206896551724138	0.8789808917197452	0.8356164383561644	0.9642857142857143	0.9879518072289156	0.7702702702702703
dmw=14312	0.8491938033512488	0.8382058470164198	0.8985126859142607	0.8785357737104825	0.9137658227848101	0.9229422066549913	0.8561576354679803	0.9112081513828238	0.9098039215686274	0.7386934673366834	0.8257261410788381	0.7978142076502732	0.89568345323741	0.9407114624505929	0.9766355140186916	1.0	0.6527777777777778
dmw=14313	0.8749465583582727	0.8309121219337937	0.88627665390924	0.9224806201550387	0.9051293690422152	0.9131483715319663	0.8971061093247589	0.9094514210178454	0.8969804618117229	0.6673267326732674	0.8528896672504378	0.9371428571428572	0.8470149253731343	0.9634703196347032	1.0	0.9941860465116279	0.7310924369747899
dmw=14314	0.8648793565683646	0.824181626187962	0.9072769953051644	0.8995726495726496	0.9174528301886793	0.9088235294117647	0.9144486692015209	0.9348484848484848	0.9333333333333333	0.7448275862068966	0.7615894039735099	0.8440860215053764	0.9619047619047619	0.9382716049382716	0.927536231884058	0.9830508474576272	0.71875
dmw=14315	0.7995365005793743	0.8017492711370262	0.8974358974358975	0.9265536723163842	0.8516483516483516	0.9585798816568047	0.8305647840531561	0.8681318681318682	0.8688524590163934	0.6129032258064516	0.8068181818181818	0.9841269841269841	0.9054054054054054	0.8925619834710744	0.8918918918918919	0.9047619047619048	0.7333333333333333
dmw=14316	0.9056931768796176	0.8561887800534284	0.9409368635437881	0.9233511586452763	0.9348127600554785	0.9301801801801802	0.8736998514115899	0.946949602122016	0.9403973509933775	0.5736434108527132	0.8538812785388128	0.9523809523809523	0.9056603773584906	0.9575757575757575	0.9607843137254902	0.9	0.6890756302521008
dmw=14317	0.8928276999175597	0.8968723584108199	0.9109947643979057	0.9201520912547528	0.9273127753303965	0.9611650485436893	0.9368770764119602	0.9512195121951219	0.9195402298850575	0.6	0.8235294117647058	0.9764705882352941	0.97	0.9402985074626866	0.9714285714285714	0.9545454545454546	0.8571428571428571
dmw=14319	0.8258516396052212	0.7672131147540984	0.8977591036414566	0.8975188781014024	0.8720538720538721	0.904610492845787	0.8588351431391905	0.8581730769230769	0.9085239085239085	0.7176165803108808	0.819620253164557	0.8664688427299704	0.9158878504672897	0.9140625	0.9562043795620438	0.96875	0.66875
dmw=14320	0.7992592592592592	0.73568281938326	0.8903508771929824	0.8910411622276029	0.866779089376054	0.9123505976095617	0.8302277432712215	0.8685968819599109	0.8378378378378378	0.6805555555555556	0.8	0.8653846153846154	0.9117647058823529	0.9	0.9401709401709402	0.9629629629629629	0.6326530612244898
dmw=14321	0.8524752475247525	0.7804642166344294	0.9469026548672567	0.890282131661442	0.8971291866028708	0.9688715953307393	0.915	0.9272030651340997	0.9278350515463918	0.7721518987341772	0.8225806451612904	0.7323943661971831	0.8115942028985508	0.9274193548387096	0.9846153846153847	0.9807692307692307	0.6428571428571429
dmw=14322	0.8797789037309995	0.8177083333333334	0.8873591989987485	0.8960843373493976	0.9242424242424242	0.9739130434782609	0.8916913946587537	0.9194847020933977	0.9272151898734177	0.8650793650793651	0.8301886792452831	0.9096385542168675	0.8059701492537313	0.9526627218934911	0.970873786407767	0.984375	0.7272727272727273
dmw=14323	0.8419139915202908	0.7458246346555324	0.8640897755610972	0.8763326226012793	0.8521046643913538	0.9472527472527472	0.8771929824561403	0.9015025041736227	0.7309417040358744	0.708185053380783	0.575	0.9293478260869565	0.7222222222222222	0.9425837320574163	0.9459459459459459	0.9782608695652174	0.8051948051948052
dmw=14324	0.8591144335825187	0.7881443298969072	0.8746736292428199	0.8849372384937239	0.9258312020460358	0.8982558139534884	0.8745762711864407	0.887905604719764	0.8937007874015748	0.7	0.8051948051948052	0.7155172413793104	0.7659574468085106	0.9244186046511628	0.9821428571428571	0.9125	0.7142857142857143
dmw=14325	0.8046296296296296	0.78	0.9206349206349206	0.8875968992248062	0.8614514608859567	0.947075208913649	0.8788368336025848	0.8929110105580694	0.9078014184397163	0.585635359116022	0.7068965517241379	0.7987012987012987	0.8163265306122449	0.8714285714285714	1.0	0.9594594594594594	0.6428571428571429
dmw=14326	0.8238380809595203	0.8517441860465116	0.902088772845953	0.9544468546637744	0.8703071672354948	0.9615384615384616	0.9281045751633987	0.8903743315508021	0.9432624113475178	0.8113207547169812	0.8910891089108911	0.9213973799126638	0.9595959595959596	0.9456521739130435	0.9705882352941176	0.9897959183673469	0.7166666666666667
dmw=14327	0.8716289104638619	0.8424068767908309	0.9127205199628597	0.9435665914221218	0.8859504132231405	0.9706314243759178	0.9193877551020408	0.9259597806215722	0.9342857142857143	0.775438596491228	0.8213058419243986	0.8253968253968254	0.9222222222222223	0.9597069597069597	0.9380530973451328	0.948905109489051	0.6513761467889908
dmw=14328	0.8830992297236067	0.8032714412024757	0.8822115384615384	0.9124513618677043	0.8931718061674009	0.948076923076923	0.8966131907308378	0.8282352941176471	0.875	0.7198067632850241	0.7769230769230769	0.8472906403940886	0.9357798165137615	0.9417989417989417	0.9565217391304348	0.9801324503311258	0.6601941747572816
dmw=14329	0.8903614457831325	0.8419042021745519	0.9313207547169812	0.9241164241164241	0.9376359680928209	0.9322250639386189	0.9274028629856851	0.8991436726926736	0.9316239316239316	0.6693121693121693	0.8244111349036403	0.8564356435643564	0.8617021276595744	0.9770992366412213	0.9897959183673469	0.9807692307692307	0.6339285714285714
dmw=14330	0.8334663474328279	0.7881062355658198	0.8706603131381893	0.8997161778618732	0.876207729468599	0.8871201157742402	0.8857827476038339	0.8809293320425944	0.8868778280542986	0.7780429594272077	0.7449392712550608	0.8893280632411067	0.8205128205128205	0.9016949152542373	0.9136690647482014	0.9041095890410958	0.5
dmw=14331	0.898628503279666	0.8337393422655298	0.861904761904762	0.9402597402597402	0.923784494086728	0.8975903614457831	0.9326047358834244	0.9678800856531049	0.9038461538461539	0.7363636363636363	0.7619047619047619	0.9423076923076923	0.9159663865546218	0.9548022598870056	1.0	0.9659090909090909	0.9
dmw=14332	0.837991718426501	0.8218649517684887	0.8997326203208557	0.9312714776632303	0.8810888252148997	0.9606741573033708	0.9205702647657841	0.9145631067961165	0.9190751445086706	0.6058394160583942	0.831858407079646	0.8404255319148937	0.78	0.8638743455497382	0.9876543209876543	0.9830508474576272	0.6557377049180327
dmw=14333	0.8546845124282982	0.8249733191035219	0.9164677804295943	0.9583333333333334	0.9120879120879121	0.9273743016759777	0.8257261410788381	0.8865979381443299	0.8852459016393442	0.8354430379746836	0.8461538461538461	0.9777777777777777	0.9696969696969697	0.95	0.975609756097561	0.8620689655172413	0.36363636363636365
dmw=14334	0.7670772676371781	0.72	0.8179271708683473	0.8652849740932642	0.8207171314741036	0.9067357512953368	0.823321554770318	0.8458498023715415	0.7326732673267327	0.4166666666666667	0.6451612903225806	0.68	0.7571428571428571	0.8941176470588236	0.95	0.8947368421052632	0.3469387755102041
dmw=14335	0.8713768115942029	0.8627630375114365	0.8760869565217392	0.9102040816326531	0.8902439024390244	0.9728260869565217	0.8945868945868946	0.9139072847682119	0.94	0.7111111111111111	0.860655737704918	0.7752808988764045	0.8135593220338984	0.925531914893617	1.0	0.9574468085106383	0.62
dmw=14336	0.8120265151515151	0.7569060773480663	0.8925729442970822	0.8877338877338877	0.8761682242990654	0.9476309226932669	0.89	0.895500725689405	0.8693877551020408	0.7700534759358288	0.825	0.7952755905511811	0.9019607843137255	0.9146341463414634	0.92	1.0	0.5154639175257731
dmw=14337	0.8735048930772019	0.8349664775657556	0.908289241622575	0.9080174021131138	0.9097040089921319	0.8988860325621251	0.886094674556213	0.9240183579806222	0.9062901155327343	0.8369565217391305	0.8548387096774194	0.7824561403508772	0.903353057199211	0.9311926605504587	0.9696969696969697	0.9322033898305084	0.7016393442622951
dmw=14338	0.8841862254713351	0.8413710641689917	0.9197674418604651	0.9396825396825397	0.92725509214355	0.9629120879120879	0.9129129129129129	0.8994910941475827	0.9453551912568307	0.8305785123966942	0.7808219178082192	0.8715083798882681	0.9130434782608695	0.9444444444444444	0.9886363636363636	0.9736842105263158	0.6629213483146067
dmw=14339	0.8494909251881363	0.807002561912895	0.8405639913232104	0.9245647969052224	0.8776185226019846	0.9342105263157895	0.8875	0.8928104575163399	0.9184782608695652	0.7828571428571428	0.7471910112359551	0.8591549295774648	0.9044117647058824	0.9	0.9506172839506173	0.98	0.47413793103448276
dmw=14340	0.8633754305396096	0.840625	0.8942953020134228	0.9391891891891891	0.8782849239280774	0.9288702928870293	0.8782961460446247	0.8903591682419659	0.8296943231441049	0.532051282051282	0.8113207547169812	0.7802197802197802	0.905982905982906	0.9423076923076923	0.9848484848484849	0.9175257731958762	0.8837209302325582
dmw=14341	0.8674793550924106	0.8196258383339217	0.9175824175824175	0.9320388349514563	0.9231456657730116	0.905241935483871	0.9183673469387755	0.9147788565264293	0.9236111111111112	0.7603305785123967	0.7991967871485943	0.9629629629629629	0.8181818181818182	0.9384057971014492	0.950354609929078	0.9923076923076923	0.839622641509434
dmw=14342	0.8833979328165374	0.8210793190872873	0.895774647887324	0.9489932885906041	0.9013854930725347	0.9593639575971732	0.8807339449541285	0.8896797153024911	0.912621359223301	0.8136094674556213	0.8768656716417911	0.8660714285714286	0.864406779661017	0.9358024691358025	0.9647058823529412	0.9911504424778761	0.7225806451612903
dmw=14343	0.859915611814346	0.8225806451612904	0.8823529411764706	0.9512987012987013	0.9041916167664671	0.9572192513368984	0.9273743016759777	0.9323943661971831	0.9518072289156626	0.911504424778761	0.7398373983739838	0.8846153846153846	0.7920792079207921	0.9618320610687023	0.9722222222222222	0.953125	0.4473684210526316
dmw=14344	0.8922462941847207	0.863855421686747	0.9221238938053097	0.9132231404958677	0.9042089985486212	0.9684813753581661	0.9166666666666666	0.9025341130604289	0.9121338912133892	0.6203208556149733	0.7952380952380952	0.8794326241134752	0.8478260869565217	0.8846153846153846	0.984375	0.9166666666666666	0.7384615384615385
dmw=14345	0.8242718446601942	0.7253306205493387	0.8820058997050148	0.9494949494949495	0.9057142857142857	0.940959409594096	0.8753056234718827	0.9016949152542373	0.888	0.7099236641221374	0.8518518518518519	0.85	0.6777777777777778	0.9477611940298507	1.0	1.0	0.6136363636363636
dmw=14346	0.8961165048543689	0.8544204935957513	0.9438521677327647	0.9194187582562747	0.9339061467283543	0.9551166965888689	0.9361022364217252	0.9322834645669291	0.9152046783625731	0.764102564102564	0.8705882352941177	0.8996655518394648	0.9547511312217195	0.9526315789473684	0.9850746268656716	0.9709302325581395	0.6542056074766355
dmw=14347	0.8065573770491803	0.8107344632768362	0.899581589958159	0.9543010752688172	0.8945578231292517	0.9571865443425076	0.9242957746478874	0.8822269807280514	0.9619047619047619	0.9365079365079365	0.8789808917197452	0.9101796407185628	1.0	0.9433962264150944	0.9591836734693877	0.961038961038961	0.6190476190476191
dmw=14348	0.828125	0.827129015808261	0.9	0.9301369863013699	0.8811619718309859	0.9429892141756548	0.843426883308715	0.871191135734072	0.8278388278388278	0.7934272300469484	0.759493670886076	0.7857142857142857	0.8313253012048193	0.9095238095238095	0.8780487804878049	1.0	0.5952380952380952
dmw=14352	0.8172043010752689	0.7415254237288136	0.9011764705882352	0.9116279069767442	0.8669724770642202	0.9470899470899471	0.85625	0.8868501529051988	0.8461538461538461	0.5491803278688525	0.8552631578947368	0.75	0.9367088607594937	0.9010989010989011	0.9347826086956522	1.0	0.4
dmw=14353	0.870843989769821	0.8358281023660068	0.9295261239368166	0.9120171673819742	0.8757763975155279	0.9261603375527426	0.9063893016344725	0.8905228758169934	0.8978622327790974	0.6291666666666667	0.922077922077922	0.9103448275862069	0.7191011235955056	0.9576271186440678	1.0	0.9625	0.5901639344262295
dmw=14354	0.8859592711682743	0.8493582526458004	0.9081196581196581	0.9498997995991983	0.9192751235584844	0.9431345353675451	0.9247382198952879	0.9258710155670867	0.9350073855243722	0.705050505050505	0.8705179282868526	0.8611111111111112	0.8835341365461847	0.9630872483221476	0.9210526315789473	0.9709090909090909	0.8
dmw=14355	0.8752107925801011	0.8399313991710733	0.8998397435897436	0.8980645161290323	0.9263233190271817	0.9283819628647215	0.9095257074531686	0.9221957040572792	0.9379760609357998	0.6706948640483383	0.8825622775800712	0.9128440366972477	0.9142259414225942	0.9159021406727829	0.9704641350210971	0.9724409448818898	0.808695652173913
dmw=14356	0.8682123245881636	0.8741007194244604	0.9164345403899722	0.8955613577023499	0.9058663028649386	0.9558359621451105	0.8860759493670886	0.9170305676855895	0.9238578680203046	0.5813953488372093	0.8740157480314961	0.9	0.953125	0.9344262295081968	0.9629629629629629	0.9746835443037974	0.75
dmw=14357	0.8701651210133454	0.8356909684439608	0.9135737009544008	0.9068514241724404	0.8961169944528492	0.9304059652029826	0.8872775214238628	0.8874912648497554	0.8928571428571429	0.6462585034013606	0.859375	0.8680351906158358	0.8851540616246498	0.9272237196765498	0.9801980198019802	0.9766081871345029	0.66
dmw=14358	0.8713583049564888	0.806346623270952	0.8976052848885219	0.9389671361502347	0.8568608094768015	0.915	0.8884331419196062	0.9069111424541608	0.9147727272727273	0.7759336099585062	0.8509615384615384	0.9	0.9020979020979021	0.9490445859872612	0.9421487603305785	0.9224137931034483	0.6666666666666666
dmw=14359	0.8812230497843982	0.8477451386015722	0.9413020277481323	0.9445324881141046	0.9130787977254264	0.9424184261036468	0.9087261785356068	0.9552631578947368	0.9557522123893806	0.6793103448275862	0.9112149532710281	0.8662790697674418	0.848	0.9120879120879121	0.9672131147540983	0.9594594594594594	0.7525773195876289
dmw=14360	0.9087979374798582	0.8850049003593596	0.9397071490094746	0.9532215357458076	0.9299007444168734	0.9630071599045346	0.9264184397163121	0.9185267857142857	0.952112676056338	0.6153846153846154	0.8277310924369747	0.8802395209580839	0.8694029850746269	0.9354838709677419	0.9801980198019802	0.9924242424242424	0.7298850574712644
dmw=14361	0.8726993865030674	0.8391933815925543	0.9170243204577968	0.9123134328358209	0.8971061093247589	0.95	0.8633004926108374	0.8961038961038961	0.899581589958159	0.756578947368421	0.8388888888888889	0.77	0.8701923076923077	0.8826291079812206	0.9479166666666666	0.9636363636363636	0.7457627118644068
dmw=14362	0.8463356973995272	0.8156884256719693	0.9316888045540797	0.8521505376344086	0.9323308270676691	0.9496021220159151	0.8763523956723338	0.8973305954825462	0.916058394160584	0.6712962962962963	0.7579617834394905	0.7814569536423841	0.8289473684210527	0.963855421686747	0.9852941176470589	0.9411764705882353	0.6949152542372882
dmw=14363	0.854706684856753	0.8241262683201804	0.8654037886340977	0.8977695167286245	0.8821576763485477	0.9046692607003891	0.9127086007702182	0.9218045112781955	0.905940594059406	0.6350877192982456	0.8109965635738832	0.9120370370370371	0.8958333333333334	0.9080459770114943	0.9444444444444444	0.9659090909090909	0.8153846153846154
dmw=14364	0.9343981745579008	0.8679479231246126	0.9162011173184358	0.9331683168316832	0.96271637816245	0.9585798816568047	0.9633943427620633	0.9688109161793372	0.92	0.7976190476190477	0.8493975903614458	0.9491525423728814	0.924812030075188	0.9256756756756757	0.9583333333333334	1.0	0.75
dmw=14365	0.8291413703382481	0.7879656160458453	0.9172749391727494	0.9321266968325792	0.9337474120082816	0.8903225806451613	0.8715953307392996	0.940251572327044	0.937007874015748	0.88	0.7986111111111112	0.8818897637795275	0.5333333333333333	0.8921568627450981	0.8484848484848485	0.9696969696969697	0.6086956521739131
dmw=14366	0.8871606334841629	0.8579465541490858	0.9009433962264151	0.9292730844793713	0.9076330981398332	0.9579375848032564	0.8956310679611651	0.9391462306993642	0.941834451901566	0.8949579831932774	0.908641975308642	0.9204152249134948	0.815068493150685	0.9203296703296703	0.9744680851063829	0.9224806201550387	0.6666666666666666
dmw=14367	0.8484658735128365	0.8226703755215578	0.9048442906574394	0.9251207729468599	0.9251968503937008	0.918918918918919	0.927536231884058	0.9373549883990719	0.8813559322033898	0.7387387387387387	0.7931034482758621	0.776595744680851	0.7714285714285715	0.8846153846153846	0.9649122807017544	0.925	0.8333333333333334
dmw=14368	0.8429181728557344	0.7910631741140216	0.8941605839416058	0.8759036144578313	0.8613861386138614	0.8764705882352941	0.890990990990991	0.8696444849589791	0.85	0.5657370517928287	0.8260869565217391	0.8762376237623762	0.9162790697674419	0.9467213114754098	1.0	0.9609375	0.693069306930693
dmw=14369	0.8656906429026098	0.8268156424581006	0.9081481481481481	0.9370277078085643	0.90625	0.9691943127962085	0.8935837245696401	0.8875219683655536	0.9372197309417041	0.7235023041474654	0.8216216216216217	0.8571428571428571	0.7555555555555555	0.9095744680851063	0.9431818181818182	0.8846153846153846	0.4
dmw=14370	0.8703703703703703	0.7997097242380261	0.8498498498498499	0.9129213483146067	0.8657243816254417	0.8440860215053764	0.8767441860465116	0.8857808857808858	0.8809523809523809	0.865546218487395	0.7931034482758621	0.9072847682119205	0.7419354838709677	0.8913043478260869	0.9857142857142858	0.9310344827586207	0.7540983606557377
dmw=14371	0.8418520745640409	0.8084848484848485	0.8833333333333333	0.9078014184397163	0.9090909090909091	0.945859872611465	0.9104991394148021	0.9213893967093236	0.8873239436619719	0.7795698924731183	0.9085714285714286	0.95625	0.8867924528301887	0.9181818181818182	0.961038961038961	0.9795918367346939	0.6896551724137931
dmw=14372	0.8748874887488749	0.8177447552447552	0.8954314720812183	0.9369627507163324	0.8971061093247589	0.9336569579288025	0.8883374689826302	0.9048751486325802	0.9414414414414415	0.7614035087719299	0.8576779026217228	0.8421052631578947	0.9186991869918699	0.967391304347826	0.9428571428571428	0.9803921568627451	0.7884615384615384
dmw=14374	0.863905325443787	0.8392434988179669	0.9120458891013384	0.9220985691573926	0.8975109809663251	0.8630573248407644	0.919917864476386	0.9125	0.94375	0.7116564417177914	0.7962962962962963	0.8910256410256411	0.9626865671641791	0.9210526315789473	0.9594594594594594	0.9775280898876404	0.735632183908046
dmw=14375	0.8729508196721312	0.8276896699528504	0.9352409638554217	0.9325396825396826	0.9116647791619479	0.9201101928374655	0.9075829383886256	0.9181034482758621	0.8777777777777778	0.7222222222222222	0.8480565371024735	0.8050847457627118	0.8777777777777778	0.934156378600823	1.0	0.8794326241134752	0.8787878787878788
dmw=14376	0.8619830592924763	0.7992599444958371	0.8456632653061225	0.8679706601466992	0.9112709832134293	0.9556962025316456	0.852017937219731	0.9317180616740088	0.910377358490566	0.7241379310344828	0.7784810126582279	0.9298245614035088	0.765625	0.8884120171673819	0.9540229885057471	0.9814814814814815	0.8591549295774648
dmw=14377	0.8871177015755329	0.8501557061732918	0.9337877312560857	0.9367612293144209	0.8840328861964517	0.9478330658105939	0.9002570694087404	0.9132169576059851	0.9074074074074074	0.7651632970451011	0.8297029702970297	0.9282700421940928	0.9030172413793104	0.9671179883945842	0.9951923076923077	0.981081081081081	0.7806691449814126
dmw=14378	0.8397887323943662	0.8134615384615385	0.9013157894736842	0.9168734491315137	0.8832369942196532	0.9192913385826772	0.8641975308641975	0.8832236842105263	0.9264214046822743	0.6039215686274509	0.8119266055045872	0.8917525773195877	0.8273381294964028	0.9247311827956989	0.9230769230769231	0.8942307692307693	0.6896551724137931
dmw=14379	0.8620390455531454	0.8329466357308585	0.8911819887429644	0.9161764705882353	0.9103852596314908	0.9573643410852714	0.9046052631578947	0.900131406044678	0.9183673469387755	0.7423076923076923	0.8738738738738738	0.8346456692913385	0.8582089552238806	0.9557291666666666	0.9548387096774194	0.9571428571428572	0.5333333333333333
dmw=14380	0.8719723183391004	0.8422857142857143	0.9239263803680982	0.9322344322344323	0.9183234819989253	0.9405351833498513	0.9013071895424837	0.9101741521539871	0.8896672504378283	0.7028301886792453	0.8810810810810811	0.9554973821989529	0.8821428571428571	0.9450354609929078	0.9937106918238994	0.8333333333333334	0.7903225806451613
dmw=14381	0.8783269961977186	0.7963111467522053	0.9210526315789473	0.9298245614035088	0.8931552587646077	0.9222614840989399	0.9138888888888889	0.834920634920635	0.8914728682170543	0.8072289156626506	0.6846846846846847	0.8490566037735849	1.0	0.967741935483871	0.9722222222222222	0.8918918918918919	0.6666666666666666
dmw=14382	0.8238719068413392	0.7926078028747433	0.8423236514522822	0.8295454545454546	0.7694610778443114	0.8888888888888888	0.7688888888888888	0.859375	0.8020833333333334	0.7692307692307693	0.6388888888888888	0.6290322580645161	0.8857142857142857	0.9166666666666666	0.8571428571428571	0.9285714285714286	0.6041666666666666
dmw=14383	0.7825773938084953	0.7631901840490798	0.8495702005730659	0.8785714285714286	0.846815834767642	0.9103139013452914	0.8114478114478114	0.8363636363636363	0.805921052631579	0.5492957746478874	0.8363636363636363	0.656	0.8269230769230769	0.8833333333333333	0.9565217391304348	0.9791666666666666	0.6231884057971014
dmw=14384	0.8354838709677419	0.7942497753818508	0.8903225806451613	0.8702928870292888	0.839622641509434	0.9390243902439024	0.8454545454545455	0.8428571428571429	0.937984496124031	0.5465116279069767	0.7843137254901961	0.8241758241758241	0.9	0.9425287356321839	0.9259259259259259	0.95	0.68
dmw=14385	0.8563402889245586	0.8132295719844358	0.8947368421052632	0.9003831417624522	0.8762711864406779	0.9513274336283186	0.8391608391608392	0.9053708439897699	0.9281437125748503	0.7605633802816901	0.8090909090909091	0.6166666666666667	0.7647058823529411	0.8333333333333334	0.9310344827586207	0.8571428571428571	0.6415094339622641
dmw=14386	0.7982365145228216	0.7262512768130746	0.8363384188626907	0.8622222222222222	0.8018741633199464	0.9339853300733496	0.7983870967741935	0.85667215815486	0.950354609929078	0.8262910798122066	0.7359307359307359	0.8870967741935484	0.9090909090909091	0.8229665071770335	0.9285714285714286	0.9146341463414634	0.7721518987341772
dmw=14387	0.8362139917695474	0.8017031630170316	0.8943781942078365	0.913953488372093	0.885989010989011	0.925	0.8729166666666667	0.8837209302325582	0.8013245033112583	0.8207547169811321	0.75	0.8588235294117647	0.8717948717948718	0.9181286549707602	0.8857142857142857	0.9662921348314607	0.6842105263157895
dmw=14388	0.8414526129317981	0.798549556809025	0.8807785888077859	0.9248704663212435	0.9162210338680927	0.9230769230769231	0.8883248730964467	0.9463087248322147	0.8740740740740741	0.7358490566037735	0.8851351351351351	0.855072463768116	0.8648648648648649	0.9341317365269461	0.975609756097561	0.9487179487179487	0.6984126984126984
dmw=14389	0.7898860398860399	0.728952772073922	0.8403669724770643	0.8533007334963325	0.8394863563402889	0.889967637540453	0.8025594149908593	0.8540540540540541	0.8031914893617021	0.7485380116959064	0.8344827586206897	0.9044117647058824	0.8	0.7797619047619048	0.9615384615384616	0.9302325581395349	0.5625
dmw=14390	0.8165938864628821	0.83345507669832	0.9406474820143885	0.8943820224719101	0.9006734006734006	0.9354838709677419	0.8891891891891892	0.9111842105263158	0.8603351955307262	0.8765957446808511	0.8296296296296296	0.9404761904761905	0.8880597014925373	0.9098360655737705	0.98	0.9661016949152542	0.75
dmw=14391	0.8238822246455835	0.7645413870246085	0.9089456869009584	0.8968481375358166	0.867704280155642	0.9216417910447762	0.8606158833063209	0.8562992125984252	0.9194139194139194	0.6428571428571429	0.8451612903225807	0.9387755102040817	0.7411764705882353	0.8823529411764706	0.9830508474576272	0.8297872340425532	0.5079365079365079
dmw=14392	0.796771993634917	0.7374224672639559	0.852773826458037	0.8758758758758759	0.8615664845173042	0.930715935334873	0.8056155507559395	0.8386363636363636	0.8382099827882961	0.78099173553719	0.7896995708154506	0.8789473684210526	0.7931034482758621	0.8023255813953488	0.9510204081632653	0.8957055214723927	0.5850340136054422
dmw=14394	0.8297448165869219	0.7690771074710347	0.9019607843137255	0.887905604719764	0.8900279589934762	0.9618320610687023	0.8265734265734266	0.859504132231405	0.8345588235294118	0.6391752577319587	0.7671232876712328	0.8649789029535865	0.967948717948718	0.9230769230769231	0.96	0.9803921568627451	0.6804123711340206
dmw=14395	0.8864107883817427	0.834971546818417	0.8943661971830986	0.9367088607594937	0.9042437431991295	0.9669421487603306	0.8624113475177305	0.896978021978022	0.883495145631068	0.8492063492063492	0.7882736156351792	0.9230769230769231	0.9078014184397163	0.908	0.9473684210526315	0.9841269841269841	0.8695652173913043
dmw=14396	0.8583554376657825	0.832112676056338	0.9305135951661632	0.8961038961038961	0.9178571428571428	0.9428571428571428	0.8988476312419974	0.9377162629757786	0.9107142857142857	0.7210526315789474	0.8423076923076923	0.8805970149253731	0.8888888888888888	0.9341317365269461	0.9813084112149533	0.922077922077922	0.9047619047619048
dmw=14397	0.8756756756756757	0.8315789473684211	0.9033412887828163	0.9110512129380054	0.9219653179190751	0.9597701149425287	0.9141716566866267	0.9074829931972789	0.9105960264900662	0.8324873096446701	0.8470588235294118	0.9338235294117647	0.9152542372881356	0.9457831325301205	0.8780487804878049	0.9700598802395209	0.6666666666666666
dmw=14398	0.8768392370572207	0.823869610935857	0.9051987767584098	0.9254267744833783	0.8864950078822911	0.9732770745428974	0.9103101424979044	0.9140786749482401	0.9129411764705883	0.7487684729064039	0.8983957219251337	0.9130434782608695	0.9078014184397163	0.963076923076923	0.9456521739130435	0.9034090909090909	0.7158469945355191
dmw=14399	0.8782874617737003	0.8112965340179717	0.9096267190569745	0.949468085106383	0.9045138888888888	0.9151943462897526	0.9212765957446809	0.8960396039603961	0.8791208791208791	0.5759493670886076	0.9290322580645162	0.9153846153846154	0.8490566037735849	0.9365079365079365	0.9347826086956522	0.9382716049382716	0.6388888888888888
dmw=14400	0.8571428571428571	0.7436140018921475	0.9268817204301075	0.875968992248062	0.8735632183908046	0.9595375722543352	0.8662952646239555	0.8766233766233766	0.8640776699029126	0.567741935483871	0.7721518987341772	0.9142857142857143	0.7560975609756098	0.9264705882352942	1.0	1.0	0.75
dmw=14401	0.8580683156654888	0.8298621296567908	0.9098591549295775	0.9153339604891816	0.8918753817959683	0.927734375	0.912751677852349	0.9171826625386997	0.8840970350404312	0.6091370558375635	0.801829268292683	0.9464285714285714	0.7876712328767124	0.9367588932806324	0.9194630872483222	0.96045197740113	0.75
dmw=14402	0.8523929471032745	0.8162635100360268	0.8933717579250721	0.9081196581196581	0.8925619834710744	0.9411764705882353	0.907624633431085	0.9137426900584795	0.9025270758122743	0.6804979253112033	0.7838983050847458	0.9607843137254902	0.7456140350877193	0.9262295081967213	0.9404761904761905	0.9230769230769231	0.8333333333333334
dmw=14403	0.8819188191881919	0.7986842105263158	0.9378787878787879	0.9122137404580153	0.9034229828850856	0.9720101781170484	0.8823529411764706	0.9233791748526523	0.978494623655914	0.6333333333333333	0.7952380952380952	0.9387755102040817	0.9482758620689655	0.9857142857142858	0.9411764705882353	0.9761904761904762	0.8764044943820225
dmw=14404	0.874859075535513	0.8458298230834035	0.9248554913294798	0.9312602291325696	0.9150246305418719	0.9181034482758621	0.918854415274463	0.9271676300578034	0.9596774193548387	0.68	0.8823529411764706	0.9	0.8189655172413793	0.9341317365269461	0.9902912621359223	0.9636363636363636	0.8441558441558441
dmw=14405	0.8698481561822126	0.8012465373961218	0.9251439539347409	0.8757062146892656	0.910873440285205	0.932	0.917910447761194	0.9377593360995851	0.9182389937106918	0.6607142857142857	0.7982456140350878	0.989247311827957	0.9318181818181818	0.9545454545454546	0.9795918367346939	1.0	0.6949152542372882
dmw=14406	0.8772040302267002	0.8271227855833843	0.8684684684684685	0.9180790960451978	0.9112582781456954	0.953125	0.8803245436105477	0.9343065693430657	0.9488188976377953	0.6830985915492958	0.8397435897435898	0.8785046728971962	0.8321167883211679	0.8506787330316742	1.0	0.9607843137254902	0.872093023255814
dmw=14407	0.7224654765914449	0.6692558645331677	0.8329435349148012	0.8051568961323279	0.7772511848341233	0.8766829865361077	0.7753466204506065	0.7791203479942	0.7898089171974523	0.7035891089108911	0.6937073540561031	0.776083467094703	0.8096234309623431	0.8296577946768061	0.9244094488188976	0.8969072164948454	0.5400410677618069
dmw=14408	0.5294648904944683	0.4511048425011754	0.647159090909091	0.6112469437652812	0.594033031433138	0.7015418502202643	0.5622775800711743	0.5686136523574947	0.597623089983022	0.5730593607305936	0.49435665914221216	0.5754475703324808	0.5852713178294574	0.6455696202531646	0.774390243902439	0.7232704402515723	0.38650306748466257
dmw=14409	0.7931190583974649	0.7737516570923553	0.8953771289537713	0.8925619834710744	0.8651804670912951	0.9574468085106383	0.8547979797979798	0.8725925925925926	0.9169329073482428	0.7341040462427746	0.756	0.9221556886227545	0.9013157894736842	0.8954545454545455	0.9856115107913669	0.9821428571428571	0.6565656565656566
dmw=14410	0.8136531365313653	0.7696774193548387	0.8704177323103154	0.861878453038674	0.8319391634980988	0.9227053140096618	0.8563106796116505	0.8492063492063492	0.8475336322869955	0.7491638795986622	0.7773584905660378	0.7923497267759563	0.8367346938775511	0.8697068403908795	0.9622641509433962	0.8909090909090909	0.7265625
dmw=14411	0.8019103934500796	0.748449553774013	0.8735362997658079	0.8642816581487791	0.8442971273159953	0.9206688011383849	0.8374226584168978	0.8295889101338432	0.8629587155963303	0.765422077922078	0.7521040550879877	0.8483197093551317	0.8404133180252583	0.8731343283582089	0.9217391304347826	0.9289827255278311	0.6737588652482269
dmw=14412	0.7290238328436174	0.6798245614035088	0.8229249011857708	0.7904642409033877	0.7860116569525396	0.8865478119935171	0.8069039913700108	0.7552941176470588	0.7664041994750657	0.6780185758513931	0.6552901023890785	0.7887323943661971	0.8807947019867549	0.8277027027027027	0.9044117647058824	0.9224806201550387	0.4298245614035088
dmw=14413	0.8661710037174721	0.7845142439737034	0.8995433789954338	0.9251700680272109	0.8884120171673819	0.9665271966527197	0.8995535714285714	0.8741418764302059	0.89375	0.7515151515151515	0.6341463414634146	0.8860759493670886	0.9545454545454546	0.9317073170731708	0.9896907216494846	0.8918918918918919	0.7058823529411765
dmw=14414	0.8284873021715127	0.8170360712733594	0.9063475546305931	0.9064449064449065	0.9145785876993167	0.9388297872340425	0.9112021857923497	0.8751696065128901	0.8679245283018868	0.845108695652174	0.7894736842105263	0.9186046511627907	0.8381742738589212	0.952755905511811	0.9736842105263158	0.9622641509433962	0.7127659574468085
dmw=14415	0.8819248477647408	0.832087015635622	0.8982832618025751	0.8891269416175683	0.9034410112359551	0.9370015948963317	0.9050802139037433	0.9280117531831538	0.9198717948717948	0.7117008443908324	0.8561020036429873	0.9396170839469808	0.7928176795580111	0.9571078431372549	0.9414414414414415	0.9606986899563319	0.778816199376947
dmw=14416	0.822347266881029	0.75115562403698	0.9296482412060302	0.9249394673123487	0.9078694817658349	0.9391025641025641	0.889763779527559	0.8978494623655914	0.8870967741935484	0.7769784172661871	0.7889908256880734	0.711864406779661	0.847457627118644	0.9029850746268657	0.9607843137254902	0.96	0.46808510638297873
dmw=14417	0.829077644606566	0.8271954674220963	0.8600917431192661	0.9235074626865671	0.8715909090909091	0.9322799097065463	0.8729372937293729	0.9004267425320057	0.8791946308724832	0.583011583011583	0.743801652892562	0.8857142857142857	0.9052631578947369	0.9203821656050956	0.9312977099236641	0.9398496240601504	0.6615384615384615
dmw=14420	0.8806324110671937	0.872431506849315	0.869653767820774	0.9481481481481482	0.9534883720930233	0.9821428571428571	0.9391727493917275	0.9014925373134328	0.9491525423728814	0.6944444444444444	0.8144329896907216	0.9672131147540983	0.872093023255814	0.9396551724137931	0.9891304347826086	1.0	0.82
dmw=14421	0.8850574712643678	0.8379337539432177	0.8946212952799122	0.9077155824508321	0.8992112182296231	0.9640287769784173	0.9056152927120669	0.9167556029882604	0.9003215434083601	0.6418918918918919	0.9104477611940298	0.9022988505747126	0.9523809523809523	0.9421965317919075	0.9774436090225563	0.972972972972973	0.7294117647058823
dmw=14422	0.8610940381069453	0.8115682766845558	0.8502994011976048	0.9229249011857708	0.8995873452544704	0.945273631840796	0.8803418803418803	0.9279661016949152	0.8486238532110092	0.8380952380952381	0.7714285714285715	0.7222222222222222	0.825	0.9174311926605505	0.9402985074626866	0.9615384615384616	0.6304347826086957
dmw=14423	0.8810454323400098	0.8454235637779941	0.9125520523497918	0.9307400379506642	0.9061822125813449	0.9447674418604651	0.9046511627906977	0.9387755102040817	0.9187817258883249	0.6746031746031746	0.785377358490566	0.9296636085626911	0.9235880398671097	0.9133574007220217	0.9764705882352941	0.9471153846153846	0.7588235294117647
dmw=14424	0.8536184210526315	0.81226626776365	0.8846153846153846	0.8938906752411575	0.9261083743842364	0.9571428571428572	0.9054945054945055	0.9051987767584098	0.9026548672566371	0.6071428571428571	0.815068493150685	0.8360655737704918	0.7830188679245284	0.9274193548387096	0.9838709677419355	1.0	0.7088607594936709
dmw=14425	0.8422696512233212	0.8087071240105541	0.8929001203369434	0.8867647058823529	0.84192037470726	0.958217270194986	0.8534201954397395	0.867231638418079	0.8473895582329317	0.6428571428571429	0.7266666666666667	0.8260869565217391	0.8502673796791443	0.879746835443038	0.9444444444444444	0.9746835443037974	0.7011494252873564
dmw=14426	0.8285714285714286	0.7858942065491183	0.8666666666666667	0.8903225806451613	0.8802588996763754	0.9473684210526315	0.8414239482200647	0.8650793650793651	0.8604651162790697	0.7661691542288557	0.8028673835125448	0.9273743016759777	0.8950276243093923	0.910828025477707	0.9761904761904762	0.8830409356725146	0.4318181818181818
dmw=14427	0.883355614973262	0.8211413251627729	0.8915906788247214	0.9090909090909091	0.9098922624877571	0.9425742574257425	0.9082397003745318	0.9267707082833133	0.8829268292682927	0.8411214953271028	0.7988505747126436	0.8439716312056738	0.8879668049792531	0.9258160237388724	0.9841269841269841	0.9827586206896551	0.5673076923076923
dmw=14434	0.8769574944071589	0.8111888111888111	0.9095477386934674	0.9338842975206612	0.6600985221674877	0.9285714285714286	0.6619718309859155	0.9607843137254902	0.7301587301587301	0.7804878048780488	0.6190476190476191	0.9166666666666666	0.8787878787878788	0.6818181818181818	0.8333333333333334	0.9583333333333334	0.8888888888888888
dmw=14435	0.8747474747474747	0.8438287153652393	0.9133709981167608	0.9348659003831418	0.9474940334128878	0.9574468085106383	0.911522633744856	0.9318181818181818	0.9470198675496688	0.6149068322981367	0.8785714285714286	0.8333333333333334	0.9215686274509803	0.940677966101695	0.9833333333333333	1.0	0.6888888888888889
dmw=14436	0.88	0.8296473401075911	0.8806509945750453	0.887240356083086	0.9382504288164666	0.9425287356321839	0.9004739336492891	0.9474885844748858	0.906832298136646	0.7486033519553073	0.8053097345132744	0.8581081081081081	0.8416666666666667	0.9407894736842105	0.9565217391304348	1.0	0.7752808988764045
dmw=14437	0.8471776044056907	0.8058111380145279	0.8871181938911022	0.898360655737705	0.9006882989183874	0.9511343804537522	0.8704318936877077	0.8848484848484849	0.9176470588235294	0.6560509554140127	0.8773584905660378	0.9146341463414634	0.8952879581151832	0.9422222222222222	0.9801980198019802	0.9224806201550387	0.8717948717948718
dmw=14438	0.8492808005003127	0.7889009793253536	0.9181669394435352	0.8916876574307305	0.8695652173913043	0.9689655172413794	0.8934010152284264	0.8942457231726283	0.8861788617886179	0.7961783439490446	0.808641975308642	0.7142857142857143	0.8942307692307693	0.8954248366013072	0.9642857142857143	0.9871794871794872	0.4864864864864865
dmw=14439	0.855192878338279	0.8637346791636625	0.917900403768506	0.9132653061224489	0.9011725293132329	0.9487951807228916	0.9042145593869731	0.92894280762565	0.9479166666666666	0.8888888888888888	0.8220338983050848	0.8305084745762712	0.9035087719298246	0.9814814814814815	0.9044117647058824	0.8285714285714286	0.6781609195402298
dmw=14440	0.8223289315726291	0.7618522601984564	0.8865248226950354	0.9128205128205128	0.8905109489051095	0.9473684210526315	0.8846153846153846	0.9054054054054054	0.8321167883211679	0.4125	0.8681318681318682	0.9259259259259259	0.8227848101265823	0.8701298701298701	0.8	0.926829268292683	0.7666666666666667
dmw=14441	0.8581699346405228	0.8287092882991556	0.9101123595505618	0.9393305439330544	0.9044481054365733	0.9337748344370861	0.9065040650406504	0.9148514851485149	0.9067796610169492	0.6455696202531646	0.9304347826086956	0.7843137254901961	0.7345132743362832	0.9239130434782609	0.9767441860465116	0.963963963963964	0.7313432835820896
dmw=14442	0.8609426038264115	0.8198074277854195	0.9273447820343461	0.9027777777777778	0.8901234567901235	0.9281914893617021	0.8737727910238429	0.8936567164179104	0.8991825613079019	0.5458333333333333	0.8356164383561644	0.7905982905982906	0.8629032258064516	0.9407894736842105	0.9794520547945206	0.9548387096774194	0.639344262295082
dmw=14445	0.8701527614571093	0.8663101604278075	0.9291139240506329	0.9697986577181208	0.9187145557655955	0.8851351351351351	0.9033613445378151	0.9174311926605505	0.9096774193548387	0.6666666666666666	0.8526315789473684	0.9036144578313253	1.0	0.97	0.975609756097561	0.98	0.5416666666666666
dmw=14446	0.8889806025588114	0.8694158075601375	0.9127837514934289	0.8853820598006644	0.8938992042440318	0.9553990610328639	0.9279411764705883	0.926896551724138	0.9551122194513716	0.8558951965065502	0.8659217877094972	0.8540145985401459	0.9074074074074074	0.9498432601880877	0.9807692307692307	0.9490445859872612	0.6530612244897959
dmw=14447	0.9164179104477612	0.8677130044843049	0.902200488997555	0.9047619047619048	0.9380804953560371	0.990909090909091	0.8864628820960698	0.9250814332247557	0.9368421052631579	0.7731958762886598	0.7887323943661971	0.8947368421052632	1.0	0.9310344827586207	0.9791666666666666	0.9696969696969697	0.8125
dmw=14449	0.8623331685615423	0.8087967183226983	0.9141381536475145	0.9077615298087739	0.8961840628507295	0.9423963133640553	0.8905472636815921	0.9032846715328468	0.8983050847457628	0.5698324022346368	0.8333333333333334	0.8793774319066148	0.9192825112107623	0.9219512195121952	0.9661016949152542	0.9476744186046512	0.6774193548387096
dmw=14450	0.7410169491525423	0.696362286562732	0.8322981366459627	0.8900523560209425	0.840630472854641	0.9358974358974359	0.8451443569553806	0.7965811965811965	0.8345864661654135	0.6308724832214765	0.6486486486486487	0.9032258064516129	0.8947368421052632	0.8857142857142857	0.9523809523809523	0.9264705882352942	0.8554216867469879
dmw=14451	0.8888421052631579	0.8587623996221068	0.9249471458773785	0.9146757679180887	0.9218158890290038	0.9238095238095239	0.8745294855708908	0.9588414634146342	0.9513274336283186	0.6179401993355482	0.8802083333333334	0.9330143540669856	0.8823529411764706	0.8881578947368421	0.9528301886792453	0.9692307692307692	0.5308641975308642
dmw=14452	0.856072432094911	0.8214540270848183	0.9082167832167832	0.9477124183006536	0.9067103109656302	0.976890756302521	0.8955732122587968	0.915273132664437	0.8825301204819277	0.6317204301075269	0.8409090909090909	0.8898809523809523	0.9096045197740112	0.9320113314447592	1.0	0.9555555555555556	0.6967213114754098
dmw=14453	0.875886524822695	0.8537774167343624	0.8857142857142857	0.934375	0.921803127874885	0.9149888143176734	0.9010043041606887	0.8823529411764706	0.9055690072639225	0.6933333333333334	0.8982300884955752	0.9387755102040817	0.7293233082706767	0.8827586206896552	0.9375	0.9663865546218487	0.6407766990291263
dmw=14454	0.8900071890726097	0.8372093023255814	0.9021956087824351	0.9085106382978724	0.9180035650623886	0.9357798165137615	0.920388349514563	0.896875	0.9558823529411765	0.6870229007633588	0.8449612403100775	0.9473684210526315	0.9367088607594937	0.9397590361445783	0.9821428571428571	0.9393939393939394	0.6728971962616822
dmw=14455	0.8715203426124197	0.8495412844036697	0.9170554691550026	0.9191176470588235	0.9106145251396648	0.9498997995991983	0.9068100358422939	0.9346443030653557	0.9395866454689984	0.7402862985685071	0.8232662192393736	0.8807339449541285	0.8666666666666667	0.9489795918367347	0.9512195121951219	0.9703389830508474	0.6464646464646465
dmw=14456	0.8751753155680224	0.862548692264886	0.9586206896551724	0.9333333333333333	0.9051620648259304	0.9656652360515021	0.8910256410256411	0.9346733668341709	0.9432989690721649	0.6518987341772152	0.8861788617886179	0.9578947368421052	0.7818181818181819	0.9225806451612903	0.9444444444444444	0.9733333333333334	0.6842105263157895
dmw=14457	0.8523042754025542	0.7949860724233984	0.8688811188811189	0.9384920634920635	0.8974739970282318	0.9556213017751479	0.8463810930576071	0.8802521008403361	0.915057915057915	0.5882352941176471	0.8866666666666667	0.7888198757763976	0.6904761904761905	0.9191919191919192	0.9722222222222222	0.8771929824561403	0.6222222222222222
dmw=14458	0.8412806539509536	0.7655367231638418	0.9137055837563451	0.8888888888888888	0.8656957928802589	0.8789237668161435	0.7679814385150812	0.9006479481641468	0.9055555555555556	0.569620253164557	0.8846153846153846	0.9056603773584906	0.8533333333333334	0.9019607843137255	0.9157894736842105	0.8269230769230769	0.76
dmw=14459	0.775635407537248	0.7824156305506217	0.8549747048903878	0.9226006191950464	0.8675	0.9315068493150684	0.8629283489096573	0.8740157480314961	0.8031914893617021	0.851063829787234	0.8133333333333334	0.8521739130434782	0.8108108108108109	0.8863636363636364	0.9213483146067416	1.0	0.3142857142857143
dmw=14460	0.8330658105939005	0.7808441558441559	0.9023861171366594	0.9396825396825397	0.8322368421052632	0.9111111111111111	0.8657074340527577	0.8662952646239555	0.8116883116883117	0.7383720930232558	0.6990291262135923	0.945054945054945	0.8235294117647058	0.8133333333333334	0.8840579710144928	0.922077922077922	0.53125
dmw=14461	0.885175380542687	0.850756775783175	0.9182692307692307	0.9288135593220339	0.897876643073812	0.9377104377104377	0.9297820823244553	0.9304461942257218	0.8787061994609164	0.8623853211009175	0.9253731343283582	0.7714285714285715	0.781021897810219	0.9552238805970149	0.9517241379310345	0.9354838709677419	0.7705882352941177
dmw=14462	0.7702546296296297	0.7066381156316917	0.8715447154471545	0.8636363636363636	0.823170731707317	0.9096916299559471	0.789279112754159	0.7905660377358491	0.7974683544303798	0.7608695652173914	0.7639751552795031	0.6625	0.8426966292134831	0.8791208791208791	0.937007874015748	0.8783783783783784	0.7272727272727273
dmw=14464	0.8302583025830258	0.8194029850746268	0.8909710391822828	0.8761609907120743	0.8983870967741936	0.8902439024390244	0.8857142857142857	0.901595744680851	0.9202453987730062	0.7076023391812866	0.8301886792452831	0.8760330578512396	0.972972972972973	0.875	0.9090909090909091	0.9782608695652174	0.5294117647058824
dmw=14465	0.8735936465916612	0.8069599474720945	0.9184466019417475	0.8917050691244239	0.9051580698835274	0.8974358974358975	0.8595988538681948	0.8942115768463074	0.9315068493150684	0.6304347826086957	0.8789808917197452	0.8493150684931506	0.8392857142857143	0.9244186046511628	0.9859154929577465	0.9726027397260274	0.675
dmw=14466	0.8344316309719935	0.8231653404067197	0.9487704918032787	0.8892307692307693	0.9078694817658349	0.9494949494949495	0.8283582089552238	0.8919491525423728	0.9297297297297298	0.8048780487804879	0.8539325842696629	0.8761904761904762	0.9428571428571428	0.9358974358974359	0.9692307692307692	0.9473684210526315	0.5
dmw=14467	0.7695961995249406	0.6903485254691689	0.9141274238227147	0.8351063829787234	0.8829113924050633	0.849624060150376	0.7838616714697406	0.8440366972477065	0.8924731182795699	0.4142857142857143	0.7547169811320755	0.7727272727272727	0.8714285714285714	0.9436619718309859	1.0	0.9565217391304348	0.6031746031746031
dmw=14468	0.9140173410404624	0.8499655884377151	0.8805237315875614	0.9387254901960784	0.9240506329113924	0.9634146341463414	0.9	0.9078947368421053	0.9278350515463918	0.5769230769230769	0.9106145251396648	0.8690476190476191	0.7450980392156863	0.8717948717948718	0.9636363636363636	0.9848484848484849	0.7398373983739838
dmw=14469	0.8626286619160728	0.8612534489554592	0.965979381443299	0.9404186795491143	0.9233490566037735	0.9801324503311258	0.9126637554585153	0.9592476489028213	0.89453125	0.7934782608695652	0.7912621359223301	0.8714285714285714	0.7976190476190477	0.9176470588235294	0.9791666666666666	0.9855072463768116	0.6404494382022472
dmw=14470	0.906765943671091	0.8713471133285816	0.9343354430379747	0.9293628808864266	0.926890756302521	0.9626865671641791	0.9416149068322981	0.9407965554359526	0.9402985074626866	0.7570977917981072	0.8690476190476191	0.9448529411764706	0.9135802469135802	0.9595015576323987	0.9393939393939394	0.9827586206896551	0.7727272727272727
dmw=14471	0.8556397306397306	0.8253275109170306	0.9061696658097687	0.8862815884476535	0.892578125	0.9396751740139211	0.8887700534759359	0.9214285714285714	0.8941605839416058	0.6574074074074074	0.7953216374269005	0.8904109589041096	0.8262910798122066	0.9360730593607306	0.9662921348314607	0.9896907216494846	0.7083333333333334
dmw=14472	0.879155672823219	0.8614697120158887	0.9024725274725275	0.9032258064516129	0.928395061728395	0.9251336898395722	0.9173047473200613	0.9511278195488722	0.9278350515463918	0.8166666666666667	0.7884615384615384	0.7903225806451613	0.9120879120879121	0.8916256157635468	0.9841269841269841	0.9245283018867925	0.7954545454545454
dmw=14473	0.8774333093006489	0.8214548126377663	0.9178356713426854	0.9228650137741047	0.9163090128755365	0.958139534883721	0.8951219512195122	0.9146567717996289	0.9141414141414141	0.6301369863013698	0.8258426966292135	0.898989898989899	0.96	0.88	0.953125	0.8979591836734694	0.819047619047619
dmw=14474	0.8721100380450688	0.8611940298507462	0.9170437405731523	0.9266826923076923	0.932923076923077	0.9556574923547401	0.9088669950738916	0.9328922495274102	0.8989247311827957	0.7237237237237237	0.8410852713178295	0.9446494464944649	0.8709677419354839	0.9642857142857143	0.9823008849557522	0.966183574879227	0.7329842931937173
dmw=14479	0.8494446729740848	0.8088122605363984	0.8722222222222222	0.9165217391304348	0.9019118869492935	0.9435626102292769	0.8462469733656174	0.8621867881548975	0.9330708661417323	0.7662721893491125	0.8333333333333334	0.8148148148148148	0.8453038674033149	0.85	0.9166666666666666	0.9580838323353293	0.7
dmw=14480	0.9300554016620498	0.8746846089150546	0.9218106995884774	0.91	0.9339774557165862	0.9459459459459459	0.9365942028985508	0.9492537313432836	0.9567567567567568	0.6086956521739131	0.875	0.9767441860465116	0.9225352112676056	0.9476744186046512	0.970873786407767	0.975	0.8444444444444444
dmw=14484	0.85986328125	0.8173731030873888	0.9318479685452162	0.9170653907496013	0.9126903553299492	0.9878934624697336	0.9465081723625557	0.9189627228525121	0.935374149659864	0.6645161290322581	0.9026548672566371	0.888	0.9081632653061225	0.9192825112107623	0.9911504424778761	0.8679245283018868	0.8051948051948052
dmw=14485	0.8498190591073582	0.7976190476190477	0.9159663865546218	0.9015544041450777	0.890282131661442	0.9013698630136986	0.8925619834710744	0.8836477987421384	0.8987341772151899	0.8375	0.7909604519774012	0.8721804511278195	0.8648648648648649	0.8354430379746836	0.8805970149253731	0.9555555555555556	0.5568181818181818
dmw=14486	0.8756756756756757	0.8559523809523809	0.9390243902439024	0.9164305949008499	0.9101123595505618	0.957089552238806	0.9229781771501926	0.9156626506024096	0.9093198992443325	0.7942386831275721	0.873015873015873	0.9444444444444444	0.9345794392523364	0.9301310043668122	0.9411764705882353	0.8888888888888888	0.7062937062937062
dmw=14487	0.8793604651162791	0.801665404996215	0.8571428571428571	0.9017857142857143	0.9047619047619048	0.9539007092198581	0.8467583497053045	0.9176136363636364	0.946058091286307	0.5872093023255814	0.7777777777777778	0.91	0.8378378378378378	0.9130434782608695	0.9302325581395349	0.9166666666666666	0.7704918032786885
dmw=14488	0.881980198019802	0.8515130190007038	0.8894927536231884	0.9335394126738794	0.9178082191780822	0.9187817258883249	0.9073275862068966	0.9315789473684211	0.9228187919463087	0.8213333333333334	0.8454935622317596	0.8267148014440433	0.805	0.944954128440367	0.9619047619047619	0.8916666666666667	0.7894736842105263
dmw=14489	0.8917127071823204	0.8543283582089553	0.9096774193548387	0.9207650273224044	0.9252948885976409	0.982367758186398	0.9389140271493213	0.9044715447154471	0.9507575757575758	0.8785046728971962	0.8285714285714286	0.8169934640522876	0.971830985915493	0.9640718562874252	0.9607843137254902	0.9545454545454546	0.7945205479452054
dmw=14490	0.8828767123287671	0.8376830044557607	0.91350531107739	0.9547619047619048	0.9496402877697842	0.9666666666666667	0.9347319347319347	0.9330855018587361	0.9149797570850202	0.5979381443298969	0.9069767441860465	0.8355263157894737	0.9342105263157895	0.9505494505494505	0.9534883720930233	0.8909090909090909	0.85
dmw=14491	0.896854764107308	0.845227062094532	0.933695652173913	0.9385171790235082	0.9375866851595007	0.967741935483871	0.9364548494983278	0.9255189255189256	0.8678414096916299	0.7925311203319502	0.8538461538461538	0.864516129032258	0.9008264462809917	0.963302752293578	0.9473684210526315	0.989247311827957	0.8518518518518519
dmw=14492	0.8558201058201058	0.8165374677002584	0.8971308607417775	0.9128738621586476	0.8862050456253355	0.9241274658573596	0.9046808510638298	0.9121789560894781	0.9131578947368421	0.6876640419947506	0.8524096385542169	0.9432624113475178	0.9509433962264151	0.9283276450511946	0.963302752293578	0.8731343283582089	0.7066666666666667
dmw=14493	0.8507826086956521	0.8203899009268136	0.9088422971741112	0.8646706586826347	0.8596214511041009	0.9462540716612378	0.880085653104925	0.8959810874704491	0.9247311827956989	0.827433628318584	0.8598130841121495	0.8231292517006803	0.5212121212121212	0.9223880597014925	0.9361702127659575	0.8863636363636364	0.5274725274725275
dmw=14494	0.8584558823529411	0.8105181747873164	0.89937106918239	0.8987341772151899	0.8776699029126214	0.9312169312169312	0.8858447488584474	0.9172932330827067	0.9155844155844156	0.7333333333333333	0.801980198019802	0.851063829787234	0.5396825396825397	0.95	0.948051948051948	0.9444444444444444	0.7735849056603774
dmw=14495	0.8321964529331515	0.7994082840236686	0.8616352201257862	0.8872180451127819	0.8730684326710817	0.9396551724137931	0.8762886597938144	0.8469827586206896	0.880184331797235	0.6010362694300518	0.717948717948718	0.9026548672566371	0.875	0.8903508771929824	0.9421487603305785	0.9696969696969697	0.6
dmw=14496	0.8307210031347962	0.8216094541361846	0.9018817204301075	0.9518272425249169	0.9094437257438551	0.9640522875816994	0.8739130434782608	0.9026086956521739	0.8666666666666667	0.7235023041474654	0.8928571428571429	0.8208955223880597	0.9811320754716981	0.8721804511278195	1.0	1.0	0.5897435897435898
dmw=14497	0.7547660311958405	0.7081158044613194	0.8702770780856424	0.8666666666666667	0.795593635250918	0.884990253411306	0.8048433048433048	0.797427652733119	0.7443946188340808	0.7224489795918367	0.7216981132075472	0.8391304347826087	0.7557251908396947	0.9122807017543859	0.9066666666666666	0.8548387096774194	0.7045454545454546
dmw=14498	0.8314374353671148	0.7801741195092996	0.876664736537348	0.8979885057471264	0.8517427589592538	0.9035409035409036	0.8120767494356659	0.8858578607322326	0.8590381426202321	0.7163120567375887	0.7590822179732314	0.84	0.8847583643122676	0.8948453608247423	0.9545454545454546	0.9289940828402367	0.7577639751552795
dmw=14499	0.868172268907563	0.8100719424460432	0.9022988505747126	0.8994515539305301	0.8991494532199271	0.9029345372460497	0.9424703891708968	0.9261838440111421	0.9163763066202091	0.7543859649122807	0.9180327868852459	0.865979381443299	0.6022727272727273	0.8994974874371859	0.9841269841269841	0.9534883720930233	0.6444444444444445
dmw=14504	0.9131773399014779	0.8704379562043796	0.8770764119601329	0.9467787114845938	0.9328767123287671	0.9349397590361446	0.9226190476190477	0.9510603588907015	0.967741935483871	0.6082474226804123	0.875	0.8811881188118812	0.6857142857142857	0.9554794520547946	1.0	0.975	0.7837837837837838
dmw=14508	0.8668683812405447	0.8245614035087719	0.915929203539823	0.9441117764471058	0.9098143236074271	0.9186351706036745	0.9105839416058394	0.904	0.9351351351351351	0.7955801104972375	0.75	0.8269230769230769	0.8881118881118881	0.8910256410256411	0.9587628865979382	0.972972972972973	0.8088235294117647
dmw=14509	0.8705547652916074	0.8780977896851976	0.9482071713147411	0.8854489164086687	0.9135593220338983	0.9675324675324676	0.9064748201438849	0.9588607594936709	0.9698492462311558	0.4044943820224719	0.851063829787234	0.9056603773584906	0.8541666666666666	0.9688715953307393	0.9270833333333334	0.9852941176470589	0.7719298245614035
dmw=14513	0.8645418326693227	0.8387953941541186	0.9359823399558499	0.8873239436619719	0.8942115768463074	0.8711340206185567	0.9258241758241759	0.9042553191489362	0.8188976377952756	0.6634615384615384	0.910958904109589	0.917910447761194	0.8648648648648649	0.9375	0.92	0.9629629629629629	0.6851851851851852
dmw=14514	0.8619676945668135	0.9166666666666666	0.8706293706293706	0.9142857142857143	0.9369085173501577	0.9222222222222223	0.8918918918918919	0.9139072847682119	0.9514563106796117	0.8173076923076923	0.8227848101265823	0.6785714285714286	0.625	0.9402985074626866	0.9824561403508771	0.75	0.6666666666666666
dmw=14515	0.554925584691708	0.4703328509406657	0.543859649122807	0.6169491525423729	0.38204225352112675	0.5040871934604905	0.3509933774834437	0.4668769716088328	0.5226130653266332	0.5439560439560439	0.4166666666666667	0.6140350877192983	0.46835443037974683	0.39473684210526316	0.46153846153846156	0.7272727272727273	0.5961538461538461
dmw=14516	0.9193664506839453	0.8441660140955364	0.8937093275488069	0.9647887323943662	0.8842105263157894	0.9545454545454546	0.8541114058355438	0.9345372460496614	0.9533333333333334	0.5486111111111112	0.6705882352941176	0.9243697478991597	0.8269230769230769	0.9140625	1.0	0.9066666666666666	0.5769230769230769
dmw=14517	0.8837630031659882	0.8277830637488106	0.9090909090909091	0.917004048582996	0.8880688806888068	0.9370629370629371	0.8982412060301508	0.9331436699857752	0.9010238907849829	0.6586538461538461	0.7733333333333333	0.8547486033519553	0.8846153846153846	0.9254658385093167	0.9775280898876404	0.9821428571428571	0.7301587301587301
dmw=14518	0.7827426810477658	0.7475429975429976	0.86892177589852	0.9031413612565445	0.7665289256198347	0.9035369774919614	0.8388429752066116	0.8410852713178295	0.8492462311557789	0.7466666666666667	0.839622641509434	0.972027972027972	0.9157894736842105	0.9367088607594937	1.0	0.9090909090909091	0.7752808988764045
dmw=14521	0.824685534591195	0.8029576338928857	0.9172852598091198	0.9196940726577438	0.889348500517063	0.9273743016759777	0.8592132505175983	0.9227272727272727	0.8922651933701657	0.8486238532110092	0.8391959798994975	0.8559670781893004	0.8323699421965318	0.91701244813278	0.9571428571428572	0.922077922077922	0.592
dmw=14522	0.892613933996857	0.8814613291877186	0.9154639175257732	0.9308600337268128	0.9231398201144726	0.963276836158192	0.9296536796536796	0.9064245810055865	0.9330985915492958	0.8401826484018264	0.9391891891891891	0.9166666666666666	0.9653465346534653	0.9069767441860465	0.9764705882352941	1.0	0.5416666666666666
dmw=14523	0.8265765765765766	0.7967667436489607	0.8863287250384024	0.9065656565656566	0.8452380952380952	0.9518900343642611	0.8602941176470589	0.8869179600886918	0.8936170212765957	0.788135593220339	0.8247422680412371	0.7711864406779662	0.7631578947368421	0.9132947976878613	0.9572649572649573	0.9375	0.6470588235294118
dmw=14528	0.7074102368220015	0.6683831101956745	0.6411378555798687	0.7225609756097561	0.5345394736842105	0.6	0.5685279187817259	0.5243055555555556	0.5	0.5041322314049587	0.5232558139534884	0.5217391304347826	0.7804878048780488	0.5294117647058824	0.56	0.7589285714285714	0.6206896551724138
dmw=14537	0.8207171314741036	0.6959578207381371	0.7257383966244726	0.7866666666666666	0.5141242937853108	0.6407766990291263	0.5658536585365853	0.7727272727272727	0.6	0.6	0.5915492957746479	0.5384615384615384	0.8596491228070176	0.43478260869565216	0.45	0.5862068965517241	0.5833333333333334
dmw=14538	0.43391066545123064	0.43112244897959184	0.3900523560209424	0.5252100840336135	0.32053742802303264	0.5278969957081545	0.41694915254237286	0.43059490084985835	0.5606060606060606	0.46987951807228917	0.36879432624113473	0.1791044776119403	0.4827586206896552	0.4090909090909091	0.5294117647058824	0.48717948717948717	0.43478260869565216
dmw=14546	0.5351778656126482	0.40734109221128023	0.6392405063291139	0.663003663003663	0.50920245398773	0.6272727272727273	0.5060975609756098	0.4882154882154882	0.6111111111111112	0.5211267605633803	0.51	0.3076923076923077	0.3977272727272727	0.37037037037037035	0.64	0.625	0.5454545454545454
dmw=14549	0.9136363636363637	0.8762645914396887	0.9015544041450777	0.9337606837606838	0.95	0.9411764705882353	0.9426934097421203	0.9453551912568307	0.9243697478991597	0.6333333333333333	0.8947368421052632	0.9	0.7764705882352941	0.9701492537313433	0.9473684210526315	0.9473684210526315	0.9302325581395349
dmw=14550	0.915576694411415	0.872996300863132	0.9675090252707581	0.946524064171123	0.9544235924932976	0.9903846153846154	0.9433198380566802	0.9385113268608414	0.9361702127659575	0.5925925925925926	0.8736842105263158	0.987012987012987	0.90625	0.9135802469135802	0.9722222222222222	1.0	0.9333333333333333
dmw=14561	0.6194690265486725	0.5407166123778502	0.6198347107438017	0.6976744186046512	0.22560975609756098	0.35185185185185186	0.18627450980392157	0.35185185185185186	0.34285714285714286	0.56	0.42105263157894735	0.5862068965517241	0.3157894736842105	0.0	0.2222222222222222	0.38461538461538464	0.4444444444444444
dmw=14575	0.35612181479179617	0.33029908972691807	0.35864978902953587	0.40271493212669685	0.3790446841294299	0.41823899371069184	0.5028142589118199	0.1446028513238289	0.5	0.3467741935483871	0.18493150684931506	0.48322147651006714	0.25757575757575757	0.31176470588235294	0.4782608695652174	0.4	0.44680851063829785
dmw=14584	0.7955271565495208	0.7906976744186046	0.6721311475409836	0.8789808917197452	0.6644736842105263	0.7	0.5740740740740741	0.75	0.7155963302752294	0.631578947368421	0.6	0.5957446808510638	0.7575757575757576	0.5689655172413793	0.7567567567567568	0.5333333333333333	1.0
dmw=14599	0.9020881670533643	0.8793185044959773	0.9220588235294118	0.9487179487179487	0.9201725997842503	0.9872340425531915	0.9127906976744186	0.9102941176470588	0.9034090909090909	0.8012820512820513	0.9311926605504587	0.8909952606635071	0.7152317880794702	0.9504132231404959	0.8928571428571429	0.9629629629629629	0.7769230769230769
dmw=14600	0.8693051081454211	0.8549862763037511	0.8699095022624435	0.8882783882783882	0.8668668668668669	0.8391812865497076	0.8488745980707395	0.8496042216358839	0.885	0.7790697674418605	0.8014705882352942	0.8043478260869565	0.6914893617021277	0.8642857142857143	0.6363636363636364	0.8636363636363636	0.6829268292682927
dmw=14603	0.8673087212413055	0.8448707256046706	0.9191616766467066	0.8929188255613126	0.9025487256371814	0.9702970297029703	0.8703956343792633	0.8909090909090909	0.8783068783068783	0.6942446043165468	0.8387096774193549	0.9488636363636364	0.8360655737704918	0.8486842105263158	1.0	0.967741935483871	0.6575342465753424
dmw=14604	0.8637316561844863	0.8313120176405733	0.8765060240963856	0.9518072289156626	0.8782051282051282	0.8413793103448276	0.8504983388704319	0.8776371308016878	0.8943661971830986	0.46938775510204084	0.8414634146341463	0.8301886792452831	0.6507936507936508	0.8666666666666667	0.9428571428571428	0.9428571428571428	0.5471698113207547
dmw=14607	0.5392749244712991	0.4569343065693431	0.4152542372881356	0.6	0.29959514170040485	0.5779816513761468	0.31007751937984496	0.36929460580912865	0.3617021276595745	0.25609756097560976	0.2	0.4411764705882353	0.5185185185185185	0.15384615384615385	0.8076923076923077	0.7027027027027027	0.4864864864864865
dmw=14609	0.9125581395348837	0.9222054380664653	0.9501385041551247	0.948339483394834	0.9273127753303965	0.8978102189781022	0.9741176470588235	0.9264705882352942	0.8645833333333334	0.6470588235294118	0.9130434782608695	0.8913043478260869	0.7471264367816092	0.9680851063829787	1.0	1.0	0.7272727272727273
dmw=14615	0.3820870994248151	0.3852596314907873	0.3684640522875817	0.38722826086956524	0.25604297224709044	0.5033898305084745	0.2585969738651995	0.28858218318695106	0.3522727272727273	0.36507936507936506	0.22981366459627328	0.49504950495049505	0.3640552995391705	0.2788104089219331	0.5797101449275363	0.3974358974358974	0.46296296296296297
dmw=14616	0.13231197771587744	0.11412535079513564	0.19962335216572505	0.1681159420289855	0.08762886597938144	0.3407821229050279	0.0759493670886076	0.14898989898989898	0.08860759493670886	0.20121951219512196	0.07627118644067797	0.2465753424657534	0.17567567567567569	0.16312056737588654	0.14814814814814814	0.1368421052631579	0.2619047619047619
dmw=14618	0.38910505836575876	0.37542662116040953	0.8130081300813008	0.6075949367088608	0.28865979381443296	0.863013698630137	0.17647058823529413	0.7204301075268817	0.2	0.851063829787234	0.5348837209302325	0.9666666666666667	0.34782608695652173	0.391304347826087	0.8888888888888888	0.9705882352941176	0.8888888888888888
dmw=14621	0.4626391096979332	0.48043818466353677	0.7073170731707317	0.5547945205479452	0.7054545454545454	0.8382352941176471	0.832	0.3788546255506608	0.7183098591549296	0.6031746031746031	0.5428571428571428	0.7142857142857143	0.5357142857142857	0.6923076923076923	0.8709677419354839	0.8947368421052632	0.7857142857142857
dmw=14633	0.616822429906542	0.5428134556574924	0.61003861003861	0.7972972972972973	0.15210355987055016	0.5302013422818792	0.3744292237442922	0.6705202312138728	0.46835443037974683	0.68	0.5454545454545454	0.6268656716417911	0.7115384615384616	0.27631578947368424	0.15789473684210525	0.7727272727272727	0.75
dmw=14634	0.6966019417475728	0.5081967213114754	0.5976331360946746	0.7677419354838709	0.3926940639269406	0.8395061728395061	0.4233128834355828	0.689922480620155	0.4897959183673469	0.7	0.7169811320754716	0.8888888888888888	0.5789473684210527	0.26666666666666666	0.6666666666666666	1.0	0.8518518518518519
dmw=14643	0.7838312829525483	0.7308319738988581	0.6698113207547169	0.76	0.7166666666666667	0.6532258064516129	0.6018099547511312	0.8264462809917356	0.5737704918032787	0.5	0.6296296296296297	0.7272727272727273	0.6944444444444444	0.6666666666666666	0.7297297297297297	0.8125	0.21212121212121213
dmw=14653	0.5791826309067688	0.5815036593479708	0.5587044534412956	0.6284916201117319	0.4413919413919414	0.5651041666666666	0.4004424778761062	0.49019607843137253	0.41946308724832215	0.6594594594594595	0.38764044943820225	0.625	0.5786163522012578	0.21674876847290642	0.4787234042553192	0.723404255319149	0.7241379310344828
dmw=14655	0.7473118279569892	0.5989847715736041	0.6971830985915493	0.7375	0.41810344827586204	0.6219512195121951	0.2987012987012987	0.7909090909090909	0.4	0.8333333333333334	0.6086956521739131	1.0	0.9166666666666666	0.5208333333333334	0.15384615384615385	1.0	0.7142857142857143
dmw=14665	0.42362525458248473	0.4092741935483871	0.4117647058823529	0.6058394160583942	0.26339285714285715	0.5697674418604651	0.17452830188679244	0.2768361581920904	0.35294117647058826	0.423728813559322	0.3880597014925373	0.7105263157894737	0.5454545454545454	0.15789473684210525	0.8181818181818182	0.7714285714285715	0.3225806451612903
dmw=14666	0.03903477643718949	0.020833333333333332	0.15058479532163743	0.04470588235294118	0.2458521870286576	0.28307692307692306	0.2494802494802495	0.04	0.3	0.2661290322580645	0.056962025316455694	0.2878787878787879	0.1134020618556701	0.2702702702702703	0.12698412698412698	0.17073170731707318	0.046875
dmw=14667	0.2808988764044944	0.21207430340557276	0.2536231884057971	0.5680933852140078	0.13677811550151975	0.7755102040816326	0.3597560975609756	0.0851063829787234	0.25203252032520324	0.5714285714285714	0.22972972972972974	0.4111111111111111	0.14285714285714285	0.27586206896551724	0.3	0.8518518518518519	0.7037037037037037
dmw=14668	0.3346774193548387	0.32945736434108525	0.3185840707964602	0.36942675159235666	0.2	0.31386861313868614	0.30701754385964913	0.3471502590673575	0.2808988764044944	0.4897959183673469	0.3181818181818182	0.32653061224489793	0.373134328358209	0.3125	0.20754716981132076	0.25806451612903225	0.2857142857142857
dmw=14670	0.5499207606973059	0.4658573596358118	0.40948275862068967	0.5927601809954751	0.25	0.59375	0.34234234234234234	0.3125	0.3655913978494624	0.5625	0.23333333333333334	0.36538461538461536	0.75	0.22916666666666666	0.55	0.8	0.21951219512195122
dmw=14678	0.690631808278867	0.5902085222121487	0.6196721311475409	0.7195121951219512	0.449438202247191	0.7682926829268293	0.5311653116531165	0.6727272727272727	0.5619834710743802	0.5	0.10526315789473684	0.5714285714285714	0.6296296296296297	0.5448275862068965	0.6388888888888888	0.6666666666666666	0.37037037037037035
dmw=14686	0.002205071664829107	0.007194244604316547	0.005305039787798408	0.005847953216374269	0.010416666666666666	0.0	0.0	0.003816793893129771	0.0	0.0	0.008547008547008548	0.03333333333333333	0.013888888888888888	0.007352941176470588	0.42857142857142855	0.0	0.0
dmw=14702	0.8484398216939079	0.8488888888888889	0.8820754716981132	0.9479768786127167	0.4244604316546763	0.8241758241758241	0.5272727272727272	0.8584905660377359	0.6756756756756757	0.76	0.9230769230769231	1.0	0.7435897435897436	0.62	1.0	0.8333333333333334	0.8064516129032258
dmw=14703	0.8793859649122807	0.8728606356968215	0.7706766917293233	0.8943089430894309	0.47101449275362317	0.6290322580645161	0.46825396825396826	0.8243243243243243	0.6283185840707964	0.5989010989010989	0.717741935483871	0.5333333333333333	0.8513513513513513	0.42105263157894735	0.7592592592592593	0.6376811594202898	0.5625
dmw=14719	0.9028436018957346	0.888095238095238	0.8798076923076923	0.9662921348314607	0.7235023041474654	0.7733333333333333	0.6455696202531646	0.901840490797546	0.7333333333333333	0.9454545454545454	0.7222222222222222	0.9285714285714286	0.9473684210526315	0.7368421052631579	0.6363636363636364	1.0	0.5
dmw=14729	0.7094488188976378	0.6288659793814433	0.7152173913043478	0.711864406779661	0.34710743801652894	0.7244897959183674	0.33793103448275863	0.6467532467532467	0.39669421487603307	0.42105263157894735	0.5232558139534884	0.6111111111111112	0.8	0.4766355140186916	0.7878787878787878	0.8958333333333334	0.7105263157894737
dmw=14733	0.1694915254237288	0.08854166666666667	0.6417445482866043	0.37988826815642457	0.6348684210526315	0.6509433962264151	0.6666666666666666	0.48258706467661694	0.59375	0.4489795918367347	0.3013698630136986	0.5217391304347826	0.2631578947368421	0.7636363636363637	0.6981132075471698	0.6470588235294118	0.5
dmw=14734	0.24025974025974026	0.136	0.5521472392638037	0.39344262295081966	0.5570776255707762	0.7279411764705882	0.5378151260504201	0.4697986577181208	0.4782608695652174	0.6153846153846154	0.39473684210526316	0.4230769230769231	0.38095238095238093	0.5178571428571429	0.6666666666666666	0.75	0.25
dmw=14778	0.895	0.8771428571428571	0.9711191335740073	0.9282511210762332	0.9377162629757786	0.9629629629629629	0.9289340101522843	0.9384615384615385	0.9145299145299145	0.7792207792207793	0.9166666666666666	0.8888888888888888	0.5476190476190477	1.0	1.0	1.0	0.9166666666666666
dmw=14779	0.3796680497925311	0.30670926517571884	0.4339622641509434	0.2080536912751678	0.4370860927152318	0.53125	0.558282208588957	0.37168141592920356	0.631578947368421	0.36363636363636365	0.5	0.15384615384615385	0.09523809523809523	0.5	0.12121212121212122	0.5517241379310345	0.23076923076923078
dmw=14783	0.6022944550669216	0.5457570715474209	0.43434343434343436	0.7154471544715447	0.37280701754385964	0.5555555555555556	0.2714285714285714	0.7254901960784313	0.30985915492957744	0.4444444444444444	0.3333333333333333	0.6376811594202898	0.5	0.375	0.4666666666666667	0.6428571428571429	0.8222222222222222
dmw=14792	0.15725190839694655	0.12908496732026145	0.24621212121212122	0.18181818181818182	0.1896551724137931	0.23529411764705882	0.10441767068273092	0.11711711711711711	0.10465116279069768	0.35714285714285715	0.08641975308641975	0.3218390804597701	0.2558139534883721	0.08695652173913043	0.3	0.5	0.4
dmw=14793	0.8069565217391305	0.7528700906344411	0.777972027972028	0.8521560574948666	0.5518925518925519	0.7002801120448179	0.5295169946332737	0.7569573283858998	0.5361702127659574	0.7410071942446043	0.689873417721519	0.8103448275862069	0.7304347826086957	0.49295774647887325	0.46153846153846156	0.9560439560439561	0.8775510204081632
dmw=14797	0.823943661971831	0.7991913746630728	0.7624633431085044	0.8387096774193549	0.7156549520766773	0.8256410256410256	0.8037383177570093	0.8191489361702128	0.78	0.7857142857142857	0.75	0.7090909090909091	0.7142857142857143	0.5862068965517241	0.9047619047619048	0.9302325581395349	0.9285714285714286
dmw=14805	0.8450920245398773	0.8235294117647058	0.8273092369477911	0.8741721854304636	0.6591928251121076	0.835820895522388	0.7031963470319634	0.8726114649681529	0.4782608695652174	0.8444444444444444	0.8392857142857143	0.8181818181818182	0.8055555555555556	0.8823529411764706	1.0	0.8918918918918919	0.8846153846153846
dmw=14807	0.9689655172413794	0.9365942028985508	0.8020304568527918	0.9924242424242424	0.9441340782122905	0.9763779527559056	0.989247311827957	0.9581151832460733	1.0	0.8918918918918919	0.8888888888888888	1.0	0.6875	0.9444444444444444	1.0	0.9583333333333334	0.7857142857142857
dmw=14829	0.05794947994056464	0.0782967032967033	0.0856353591160221	0.04	0.04291845493562232	0.13756613756613756	0.012903225806451613	0.055299539170506916	0.0	0.08536585365853659	0.0784313725490196	0.04878048780487805	0.08333333333333333	0.018518518518518517	0.21428571428571427	0.13636363636363635	0.1509433962264151
dmw=14838	0.8830811554332875	0.8588235294117647	0.9127272727272727	0.9606299212598425	0.8224852071005917	0.9210526315789473	0.9574468085106383	0.8227848101265823	0.7611940298507462	0.0	0.8902439024390244	0.8909090909090909	0.3333333333333333	0.9130434782608695	1.0	1.0	0.0
dmw=14856	0.0410958904109589	0.043782837127845885	0.060453400503778336	0.09166666666666666	0.023310023310023312	0.20100502512562815	0.021341463414634148	0.05303030303030303	0.04310344827586207	0.1206896551724138	0.07216494845360824	0.04225352112676056	0.14035087719298245	0.0072992700729927005	0.20689655172413793	0.11363636363636363	0.06382978723404255
dmw=14874	0.6842105263157895	0.5862068965517241	0.7020872865275142	0.7488584474885844	0.43875278396436523	0.7333333333333333	0.30751708428246016	0.5084269662921348	0.32075471698113206	0.7569060773480663	0.5058823529411764	0.6222222222222222	0.6565656565656566	0.34	0.875	0.90625	0.8260869565217391
dmw=14884	0.5691358024691358	0.502127659574468	0.6078431372549019	0.6838709677419355	0.5306122448979592	0.7161290322580646	0.6039603960396039	0.27983539094650206	0.5	0.5538461538461539	0.39344262295081966	0.6666666666666666	0.5918367346938775	0.43478260869565216	0.6341463414634146	0.7391304347826086	0.5357142857142857
dmw=14900	0.7124260355029586	0.6976047904191617	0.6934306569343066	0.777027027027027	0.7288732394366197	0.7908496732026143	0.693069306930693	0.34574468085106386	0.7753623188405797	0.6716417910447762	0.6666666666666666	0.696969696969697	0.8	0.7659574468085106	0.873015873015873	0.8928571428571429	1.0
dmw=14902	0.8685344827586207	0.7344398340248963	0.7714285714285715	0.9398496240601504	0.38207547169811323	0.7560975609756098	0.5119047619047619	0.6916666666666667	0.4166666666666667	0.6923076923076923	0.5161290322580645	0.9117647058823529	0.78125	0.10714285714285714	0.5	0.6666666666666666	0.8461538461538461
dmw=14917	0.5677824267782426	0.5268817204301075	0.5653436592449177	0.6031746031746031	0.43201754385964913	0.5412474849094567	0.4941860465116279	0.4602941176470588	0.38764044943820225	0.47761194029850745	0.46441947565543074	0.585635359116022	0.5276381909547738	0.45901639344262296	0.7099236641221374	0.6688741721854304	0.3950617283950617
dmw=14919	0.6489533011272142	0.6119402985074627	0.6106870229007634	0.6946107784431138	0.2026578073089701	0.6257668711656442	0.2641509433962264	0.5242718446601942	0.2647058823529412	0.6896551724137931	0.42592592592592593	0.49019607843137253	0.532258064516129	0.12244897959183673	0.47619047619047616	0.7142857142857143	0.6470588235294118
dmw=14932	0.26574307304785894	0.23425414364640884	0.4147727272727273	0.3403141361256545	0.49298597194388777	0.43169398907103823	0.4697508896797153	0.38571428571428573	0.3548387096774194	0.36619718309859156	0.3333333333333333	0.55	0.3157894736842105	0.46153846153846156	0.5102040816326531	0.41818181818181815	0.5517241379310345
dmw=14940	0.4288659793814433	0.38375973303670746	0.417910447761194	0.6022727272727273	0.24641148325358853	0.3716216216216216	0.2730627306273063	0.31974921630094044	0.24210526315789474	0.6206896551724138	0.3488372093023256	0.45454545454545453	0.37373737373737376	0.1896551724137931	0.5833333333333334	0.625	0.7619047619047619
dmw=14954	0.31069767441860463	0.2454212454212454	0.4036144578313253	0.3959731543624161	0.16443594646271512	0.41694915254237286	0.1838006230529595	0.13526570048309178	0.1794871794871795	0.3764705882352941	0.1717171717171717	0.3411764705882353	0.2247191011235955	0.0948905109489051	0.47368421052631576	0.47058823529411764	0.5777777777777777
dmw=14958	0.07006802721088436	0.040955631399317405	0.145933014354067	0.15	0.006993006993006993	0.2996389891696751	0.0407673860911271	0.13846153846153847	0.03804347826086957	0.15060240963855423	0.10227272727272728	0.056818181818181816	0.015873015873015872	0.009174311926605505	0.03614457831325301	0.4375	0.11538461538461539
dmw=14972	0.16608996539792387	0.18700475435816163	0.4117647058823529	0.4166666666666667	0.3576158940397351	0.5436241610738255	0.3028571428571429	0.3614457831325301	0.3411764705882353	0.24390243902439024	0.15384615384615385	0.3142857142857143	0.2037037037037037	0.2037037037037037	0.6111111111111112	0.47619047619047616	0.7692307692307693
dmw=14973	0.18993839835728954	0.2002612102742708	0.3576158940397351	0.3147482014388489	0.37259100642398285	0.36363636363636365	0.359253499222395	0.3208137715179969	0.40148698884758366	0.3076923076923077	0.23076923076923078	0.3054187192118227	0.2621951219512195	0.3862433862433862	0.5408163265306123	0.4520547945205479	0.38372093023255816
dmw=14982	0.9060913705583756	0.8493589743589743	0.7883211678832117	0.8518518518518519	0.7058823529411765	0.7543859649122807	0.6666666666666666	0.7920792079207921	0.7627118644067796	0.8055555555555556	0.55	0.9230769230769231	0.9310344827586207	0.47058823529411764	0.7777777777777778	0.0	1.0
dmw=14993	0.7136699507389163	0.6684672518568535	0.7058823529411765	0.7965367965367965	0.55858310626703	0.6597222222222222	0.572354211663067	0.7004608294930875	0.6217948717948718	0.7756410256410257	0.6518987341772152	0.6666666666666666	0.7419354838709677	0.4860335195530726	0.5555555555555556	0.7936507936507936	0.6555555555555556
dmw=15018	0.05555555555555555	0.064891846921797	0.27586206896551724	0.1518987341772152	0.3775811209439528	0.1981981981981982	0.3756345177664975	0.036231884057971016	0.2558139534883721	0.2641509433962264	0.34285714285714286	0.2976190476190476	0.041666666666666664	0.19230769230769232	0.5714285714285714	0.45454545454545453	0.48
dmw=15021	0.7376884422110552	0.6115035317860746	0.6448863636363636	0.746938775510204	0.2845117845117845	0.730909090909091	0.36231884057971014	0.6433566433566433	0.504950495049505	0.6732673267326733	0.5116279069767442	0.7105263157894737	0.6448598130841121	0.15	0.5625	1.0	0.9411764705882353
dmw=15022	0.9069020866773676	0.838351822503962	0.87248322147651	0.8936170212765957	0.6167247386759582	0.9363636363636364	0.8220338983050848	0.8	0.7835051546391752	0.6470588235294118	0.6964285714285714	0.8108108108108109	0.8928571428571429	0.8068181818181818	0.5714285714285714	1.0	0.6153846153846154
dmw=15026	0.4088785046728972	0.23684210526315788	0.5579710144927537	0.4897959183673469	0.44680851063829785	0.717391304347826	0.3615819209039548	0.23178807947019867	0.35714285714285715	0.65	0.34210526315789475	1.0	0.14285714285714285	0.3103448275862069	0.8181818181818182	0.7777777777777778	0.7647058823529411
dmw=15027	0.5980392156862745	0.5088309503784693	0.5261121856866537	0.6135770234986945	0.45226130653266333	0.5833333333333334	0.4337748344370861	0.47098214285714285	0.5333333333333333	0.3118279569892473	0.4528301886792453	0.4909090909090909	0.5565217391304348	0.49557522123893805	0.21875	0.5277777777777778	0.275
dmw=15028	0.7304964539007093	0.7288503253796096	0.7150997150997151	0.7766990291262136	0.5976744186046512	0.6113989637305699	0.5905797101449275	0.6875	0.5470085470085471	0.6129032258064516	0.803030303030303	0.6415094339622641	0.5531914893617021	0.5671641791044776	0.7777777777777778	0.6153846153846154	0.5
dmw=15033	0.2734375	0.1703056768558952	0.6274509803921569	0.5432098765432098	0.6	0.8974358974358975	0.6853932584269663	0.3472222222222222	0.6666666666666666	0.42105263157894735	0.4838709677419355	0.65	0.8	0.7666666666666667	0.0	0.9545454545454546	0.6666666666666666
dmw=15038	0.8145087235996327	0.7867494824016563	0.8832116788321168	0.8448275862068966	0.6022988505747127	0.8279569892473119	0.390625	0.7668918918918919	0.44366197183098594	0.8472222222222222	0.6732673267326733	0.9375	0.7428571428571429	0.626984126984127	1.0	0.95	0.7222222222222222
dmw=15039	0.07330827067669173	0.07564575645756458	0.07053941908713693	0.034482758620689655	0.022321428571428572	0.041666666666666664	0.042682926829268296	0.12643678160919541	0.030303030303030304	0.09090909090909091	0.25	0.0975609756097561	0.0	0.07692307692307693	0.0	0.058823529411764705	0.2962962962962963
dmw=15077	0.34576757532281205	0.2965034965034965	0.24313725490196078	0.3842364532019704	0.11326860841423948	0.23703703703703705	0.28846153846153844	0.2818181818181818	0.23484848484848486	0.21311475409836064	0.2	0.14864864864864866	0.36	0.12727272727272726	0.2857142857142857	0.4074074074074074	0.2608695652173913
dmw=15083	0.3198959687906372	0.3194842406876791	0.6839378238341969	0.5871559633027523	0.552901023890785	0.6436170212765957	0.5461538461538461	0.36860068259385664	0.6101694915254238	0.37383177570093457	0.6027397260273972	0.78125	0.47368421052631576	0.5192307692307693	0.6363636363636364	0.7619047619047619	0.56
dmw=15116	0.6521394611727417	0.6508585445625511	0.8404494382022472	0.736231884057971	0.8706099815157117	0.8844444444444445	0.8333333333333334	0.7562814070351759	0.8881118881118881	0.7526881720430108	0.797979797979798	0.9044117647058824	0.8441558441558441	0.9139784946236559	0.926829268292683	0.890625	0.9117647058823529
dmw=15117	0.44994617868675996	0.44881889763779526	0.6762177650429799	0.5793103448275863	0.7567567567567568	0.7213114754098361	0.6487455197132617	0.55	0.6694915254237288	0.582089552238806	0.5466666666666666	0.6666666666666666	0.4666666666666667	0.7524752475247525	0.7714285714285715	0.627906976744186	0.59375
dmw=15129	0.6900647948164147	0.6510522742701969	0.8297258297258298	0.7493606138107417	0.8360655737704918	0.8697478991596639	0.8136882129277566	0.6369294605809128	0.8592592592592593	0.7533333333333333	0.47368421052631576	0.7313432835820896	0.4715447154471545	0.7571428571428571	0.8271604938271605	0.7142857142857143	0.9166666666666666
dmw=15137	0.8394308943089431	0.8198837959974177	0.7705882352941177	0.889763779527559	0.32123411978221417	0.7206896551724138	0.2729528535980149	0.6590909090909091	0.2976190476190476	0.8048780487804879	0.7166666666666667	0.65	0.7134502923976608	0.2361111111111111	0.6470588235294118	0.9607843137254902	0.5869565217391305
dmw=15154	0.8598081023454158	0.8522988505747127	0.879948914431673	0.9420289855072463	0.7431192660550459	0.9563953488372093	0.8127208480565371	0.8949211908931699	0.827906976744186	0.736318407960199	0.6581632653061225	0.8350515463917526	0.8375	0.774390243902439	0.9827586206896551	0.9292929292929293	0.7619047619047619
dmw=15166	0.5739514348785872	0.5936675461741425	0.6422764227642277	0.6379310344827587	0.6217616580310881	0.44	0.5	0.40119760479041916	0.5394736842105263	0.5526315789473685	0.65	0.47058823529411764	0.5581395348837209	0.4358974358974359	0.5714285714285714	0.631578947368421	0.47058823529411764
dmw=15167	0.5836575875486382	0.5642361111111112	0.5352112676056338	0.5983606557377049	0.34718100890207715	0.5858585858585859	0.4235294117647059	0.23696682464454977	0.4230769230769231	0.5308641975308642	0.4166666666666667	0.4788732394366197	0.6966292134831461	0.10810810810810811	0.5789473684210527	0.25	0.5555555555555556
dmw=15191	0.38810301051867974	0.2930344275420336	0.34901222953904043	0.4873524451939292	0.2548853016142736	0.4408783783783784	0.39186991869918697	0.11618257261410789	0.37055837563451777	0.4083333333333333	0.15897435897435896	0.33624454148471616	0.28484848484848485	0.2967479674796748	0.5142857142857142	0.5543478260869565	0.32142857142857145
dmw=15212	0.9280359820089955	0.894484412470024	0.9323770491803278	0.9585062240663901	0.9223107569721115	0.975975975975976	0.8947368421052632	0.9501246882793017	0.9577464788732394	0.7086092715231788	0.8866666666666667	0.90625	0.8026315789473685	0.9360730593607306	1.0	0.9629629629629629	0.6986301369863014
dmw=15254	0.8049586776859504	0.7760141093474426	0.8805970149253731	0.796875	0.6123348017621145	0.9225352112676056	0.609375	0.7426470588235294	0.7446808510638298	0.9512195121951219	0.7115384615384616	0.7419354838709677	0.7428571428571429	0.8372093023255814	0.75	0.9655172413793104	0.7692307692307693
dmw=15266	0.8426294820717132	0.8110445775116434	0.8767605633802817	0.9256594724220624	0.6836734693877551	0.8185053380782918	0.6632390745501285	0.8708971553610503	0.8655913978494624	0.7393939393939394	0.6870229007633588	0.7473684210526316	0.8350515463917526	0.6174496644295302	0.96875	0.9036144578313253	0.851063829787234
dmw=15271	0.40927077444884113	0.37330037082818296	0.42028985507246375	0.4657534246575342	0.19458544839255498	0.4358974358974359	0.1653290529695024	0.3400576368876081	0.24598930481283424	0.42771084337349397	0.11428571428571428	0.38333333333333336	0.2972972972972973	0.22941176470588234	0.35185185185185186	0.2375	0.2236842105263158
dmw=15272	0.1568	0.08358662613981763	0.12878787878787878	0.10317460317460317	0.025806451612903226	0.19696969696969696	0.02100840336134454	0.1277533039647577	0.0	0.3111111111111111	0.037037037037037035	0.1111111111111111	0.14754098360655737	0.0	0.275	0.3333333333333333	0.2916666666666667
dmw=15290	0.06469979296066253	0.03675481846705513	0.1301775147928994	0.11519198664440734	0.010011123470522803	0.12804878048780488	0.01968503937007874	0.031067961165048542	0.008797653958944282	0.45864661654135336	0.03146853146853147	0.01639344262295082	0.06451612903225806	0.009852216748768473	0.0851063829787234	0.12643678160919541	0.04065040650406504
dmw=15341	0.43772893772893773	0.36632390745501286	0.5321428571428571	0.5509433962264151	0.44903225806451613	0.576036866359447	0.43276283618581907	0.31101511879049676	0.5145631067961165	0.5470085470085471	0.34210526315789475	0.4954954954954955	0.42543859649122806	0.4539877300613497	0.36046511627906974	0.5157894736842106	0.45774647887323944
dmw=15343	0.46902017291066284	0.42614840989399294	0.629742033383915	0.5119305856832972	0.6085578446909667	0.5752212389380531	0.6170212765957447	0.46534653465346537	0.6476683937823834	0.5877862595419847	0.48175182481751827	0.6422018348623854	0.5	0.6573426573426573	0.5909090909090909	0.5797101449275363	0.6071428571428571
dmw=15349	0.4359455654622243	0.4641206519095111	0.38594327990135635	0.4516393442622951	0.2767915844838922	0.4057623049219688	0.2898997686969931	0.3485444531864674	0.41019955654101997	0.41885964912280704	0.3427835051546392	0.4262295081967213	0.43775100401606426	0.17549668874172186	0.41832669322709165	0.42771084337349397	0.4264705882352941
dmw=15356	0.41679160419790107	0.36324167872648333	0.34765625	0.5191256830601093	0.28413284132841327	0.5299145299145299	0.38461538461538464	0.22142857142857142	0.16326530612244897	0.5064935064935064	0.0875	0.3409090909090909	0.19047619047619047	0.3728813559322034	0.2962962962962963	0.6666666666666666	0.6470588235294118
dmw=15360	0.0021929824561403508	0.004048582995951417	0.018518518518518517	0.0	0.009146341463414634	0.0064516129032258064	0.006711409395973154	0.007326007326007326	0.0	0.0	0.011235955056179775	0.024390243902439025	0.015625	0.0	0.0	0.0	0.11764705882352941
dmw=15374	0.835016835016835	0.7991921523369879	0.8433420365535248	0.8752642706131079	0.6928783382789317	0.8413098236775819	0.7606679035250464	0.8046744574290484	0.7972972972972973	0.7161016949152542	0.6970802919708029	0.8862275449101796	0.728	0.6883116883116883	0.9259259259259259	0.9818181818181818	0.8
dmw=15375	0.9491964748574391	0.9410456062291435	0.9371221281741233	0.9344262295081968	0.9523121387283237	0.9818181818181818	0.896551724137931	0.947841726618705	0.9530791788856305	0.7424242424242424	0.9202898550724637	0.7584269662921348	0.9205298013245033	0.9436619718309859	0.9903846153846154	0.9473684210526315	0.8409090909090909
dmw=15378	0.7371349095966621	0.6708661417322834	0.7940074906367042	0.8579545454545454	0.56	0.7428571428571429	0.5750798722044729	0.7813953488372093	0.6637931034482759	0.4594594594594595	0.5333333333333333	0.7288135593220338	0.7358490566037735	0.6810344827586207	0.7619047619047619	0.7142857142857143	0.7272727272727273
dmw=15384	0.10891089108910891	0.05731080088170463	0.34515366430260047	0.14207650273224043	0.07214428857715431	0.5024390243902439	0.11078717201166181	0.19701492537313434	0.08695652173913043	0.4	0.07647058823529412	0.4368932038834951	0.13953488372093023	0.36538461538461536	0.627906976744186	0.7142857142857143	0.582089552238806
dmw=15395	0.10982874162323157	0.09544049459041731	0.208955223880597	0.20352564102564102	0.38323353293413176	0.4369602763385147	0.5508298755186722	0.06862745098039216	0.45454545454545453	0.36893203883495146	0.15517241379310345	0.4354066985645933	0.1254355400696864	0.4925925925925926	0.639344262295082	0.35294117647058826	0.475
dmw=15444	0.5755237045203969	0.5024330900243309	0.5162337662337663	0.6681034482758621	0.5684754521963824	0.6863905325443787	0.7324561403508771	0.6378600823045267	0.6463414634146342	0.3448275862068966	0.4421052631578947	0.20512820512820512	0.6428571428571429	0.6634615384615384	0.7307692307692307	0.5	0.3103448275862069
dmw=15497	0.7075630252100841	0.6436170212765957	0.651685393258427	0.7543859649122807	0.45787545787545786	0.5916666666666667	0.4492753623188406	0.48717948717948717	0.5901639344262295	0.65	0.2391304347826087	0.42857142857142855	0.5454545454545454	0.34328358208955223	0.625	0.7727272727272727	0.5
dmw=15516	0.5307994757536042	0.2579092159559835	0.3380281690140845	0.697986577181208	0.08759124087591241	0.346031746031746	0.13659793814432988	0.38715953307393	0.16062176165803108	0.48484848484848486	0.4028776978417266	0.4105960264900662	0.5	0.027777777777777776	0.36231884057971014	0.5142857142857142	0.631578947368421
dmw=15517	0.41766109785202865	0.42342342342342343	0.5762376237623762	0.5925925925925926	0.5274102079395085	0.68125	0.39384615384615385	0.18625277161862527	0.3916083916083916	0.5185185185185185	0.3	0.6972477064220184	0.46464646464646464	0.3939393939393939	0.8333333333333334	0.8	0.723404255319149
dmw=15529	0.12043795620437957	0.09832635983263599	0.26	0.2222222222222222	0.03664921465968586	0.2857142857142857	0.01935483870967742	0.267515923566879	0.0	0.34782608695652173	0.25	0.30952380952380953	0.16666666666666666	0.34210526315789475	0.1875	0.41379310344827586	0.07692307692307693
dmw=15533	0.46786632390745503	0.4148527528809219	0.45307443365695793	0.49142857142857144	0.05597964376590331	0.2641509433962264	0.03968253968253968	0.39285714285714285	0.025	0.5652173913043478	0.4166666666666667	0.5957446808510638	0.39473684210526316	0.09210526315789473	0.2361111111111111	0.3617021276595745	0.2702702702702703
dmw=15534	0.521351179094965	0.432	0.4577702702702703	0.4306569343065693	0.026272577996715927	0.12840466926070038	0.02576112412177986	0.5085836909871244	0.07009345794392523	0.4444444444444444	0.34507042253521125	0.35294117647058826	0.4764705882352941	0.008333333333333333	0.11363636363636363	0.4418604651162791	0.4883720930232558
dmw=15535	0.9026345933562429	0.9057187017001546	0.9317507418397626	0.8863636363636364	0.7379032258064516	0.8545454545454545	0.7490196078431373	0.9128630705394191	0.8315789473684211	0.9135802469135802	0.845360824742268	0.9375	0.875	0.8169014084507042	0.925	0.92	0.8571428571428571
dmw=15566	0.014014014014014014	0.06947608200455581	0.006802721088435374	0.004	0.08505154639175258	0.04149377593360996	0.08	0.02717391304347826	0.00819672131147541	0.0	0.0	0.0	0.0	0.0	0.0	0.02702702702702703	0.21212121212121213
dmw=15577	0.8635879218472469	0.8237232289950577	0.8860898138006572	0.8891377379619261	0.9205974842767296	0.9223300970873787	0.8871181938911022	0.8955223880597015	0.93058568329718	0.8734177215189873	0.8407960199004975	0.8529411764705882	0.6124567474048442	0.7674418604651163	0.9618320610687023	0.9504132231404959	0.7449664429530202
dmw=15578	0.8559322033898306	0.8652173913043478	0.934156378600823	0.7857142857142857	0.8723404255319149	0.780952380952381	0.9369369369369369	0.9222972972972973	0.8617021276595744	0.61	0.9315068493150684	0.6875	0.6666666666666666	0.9615384615384616	0.9298245614035088	1.0	0.6956521739130435
dmw=15594	0.08136482939632546	0.07720144752714113	0.4194915254237288	0.37988826815642457	0.22185430463576158	0.569620253164557	0.16753926701570682	0.1878453038674033	0.12280701754385964	0.5	0.14516129032258066	0.6153846153846154	0.4375	0.3492063492063492	0.88	0.7777777777777778	0.9230769230769231
dmw=15610	0.1806981519507187	0.10232558139534884	0.15	0.2857142857142857	0.045454545454545456	0.14084507042253522	0.009259259259259259	0.15384615384615385	0.16363636363636364	0.14705882352941177	0.23684210526315788	0.2608695652173913	0.4642857142857143	0.08571428571428572	0.0	0.24	0.25
dmw=15637	0.14627659574468085	0.11596385542168675	0.23711340206185566	0.3395348837209302	0.07304785894206549	0.45806451612903226	0.11186440677966102	0.1534090909090909	0.14444444444444443	0.3559322033898305	0.07547169811320754	0.2391304347826087	0.24324324324324326	0.1625	0.391304347826087	0.7209302325581395	0.02631578947368421
dmw=15639	0.6615698267074414	0.572851805728518	0.43333333333333335	0.6864406779661016	0.5518018018018018	0.6741573033707865	0.583941605839416	0.6095890410958904	0.6693548387096774	0.2736842105263158	0.6666666666666666	0.15503875968992248	0.5333333333333333	0.5679012345679012	0.7352941176470589	0.5625	0.4691358024691358
dmw=15649	0.5946843853820598	0.5505107832009081	0.710691823899371	0.7130801687763713	0.7714932126696833	0.8078817733990148	0.7163636363636363	0.5606694560669456	0.7062937062937062	0.7938931297709924	0.671875	0.7011494252873564	0.4868421052631579	0.7684210526315789	0.7692307692307693	0.9285714285714286	0.7755102040816326
dmw=15661	0.9224676948728637	0.9055400557991231	0.9306532663316583	0.9369918699186992	0.9272875816993464	0.9727891156462585	0.9119669876203577	0.9220588235294118	0.9498327759197325	0.7477203647416414	0.8776978417266187	0.8905660377358491	0.6413043478260869	0.9319727891156463	0.9454545454545454	0.9911504424778761	0.7816091954022989
dmw=15662	0.719179966978536	0.7258301498677637	0.7523333333333333	0.8143028846153846	0.7151724137931035	0.8873333333333333	0.8383512544802867	0.7172413793103448	0.7965056526207606	0.6170212765957447	0.7595419847328244	0.77046783625731	0.6776859504132231	0.7738998482549317	0.7806451612903226	0.868632707774799	0.6866096866096866
dmw=15663	0.9275777414075287	0.9150326797385621	0.9168096054888508	0.9647390691114246	0.9215686274509803	0.9263351749539595	0.9177215189873418	0.9477211796246648	0.9647058823529412	0.7867435158501441	0.8535714285714285	0.9239130434782609	0.7407407407407407	0.9513274336283186	0.9316770186335404	0.9416666666666667	0.8732394366197183
dmw=15664	0.7307692307692307	0.6430401366353544	0.7100737100737101	0.7786259541984732	0.40717299578059074	0.6652173913043479	0.4	0.7307692307692307	0.4451219512195122	0.6355140186915887	0.5959595959595959	0.8024691358024691	0.6103896103896104	0.35714285714285715	0.5102040816326531	0.6909090909090909	0.775
dmw=15665	0.6702912621359224	0.642998678996037	0.6850899742930592	0.6821963394342762	0.733596837944664	0.7197986577181208	0.7260579064587973	0.7902010050251256	0.6938271604938272	0.5335570469798657	0.6736401673640168	0.6308411214953271	0.7663934426229508	0.6226912928759895	0.7851851851851852	0.831858407079646	0.5573770491803278
dmw=15667	0.8396711202466598	0.7998056365403304	0.8721590909090909	0.8024691358024691	0.56353591160221	0.8054054054054054	0.6363636363636364	0.8138686131386861	0.5897435897435898	0.7	0.7419354838709677	0.8928571428571429	0.6455696202531646	0.7230769230769231	0.5370370370370371	0.9166666666666666	0.8913043478260869
dmw=15671	0.4915492957746479	0.3870056497175141	0.43811219946571683	0.5236842105263158	0.30526315789473685	0.47884615384615387	0.34474327628361856	0.35046728971962615	0.40730337078651685	0.384375	0.3884057971014493	0.6	0.5585585585585585	0.3148148148148148	0.26666666666666666	0.42424242424242425	0.3898305084745763
dmw=15672	0.28454258675078864	0.23539421440726035	0.32961783439490444	0.4077834179357022	0.1406025824964132	0.34146341463414637	0.12605042016806722	0.2025862068965517	0.11004784688995216	0.3626943005181347	0.2318840579710145	0.4230769230769231	0.24806201550387597	0.0972972972972973	0.3116883116883117	0.45454545454545453	0.17543859649122806
dmw=15692	0.8868471953578336	0.8657844990548205	0.9543859649122807	0.9294117647058824	0.8391866913123844	0.7959183673469388	0.9177631578947368	0.900804289544236	0.9425287356321839	0.45294117647058824	0.8201438848920863	0.9473684210526315	0.7731958762886598	0.9384615384615385	0.0	1.0	1.0
dmw=15693	0.9113535629048756	0.9257246376811594	0.9222222222222223	0.9614285714285714	0.8207253886010363	0.918854415274463	0.8885630498533724	0.8974008207934336	0.9088319088319088	0.7443037974683544	0.9294117647058824	0.9626168224299065	0.7962962962962963	0.918552036199095	0.953125	1.0	0.8760330578512396
dmw=15696	0.8680851063829788	0.8238557558945908	0.797427652733119	0.945	0.7258883248730964	0.783625730994152	0.7711864406779662	0.7913385826771654	0.6097560975609756	0.8271604938271605	0.64	0.9193548387096774	0.7924528301886793	0.13333333333333333	0.8	0.9705882352941176	0.6071428571428571
dmw=15697	0.6729191090269636	0.6813977389516958	0.8412017167381974	0.7009345794392523	0.3581730769230769	0.6751592356687898	0.45454545454545453	0.7210884353741497	0.3114754098360656	0.6666666666666666	0.35365853658536583	0.9473684210526315	0.631578947368421	0.6197183098591549	0.696969696969697	0.9122807017543859	0.8387096774193549
dmw=15718	0.5052854122621564	0.42793296089385474	0.47181008902077154	0.5063291139240507	0.493573264781491	0.5916666666666667	0.4623955431754875	0.4874551971326165	0.6136363636363636	0.24615384615384617	0.4268292682926829	0.6	0.42857142857142855	0.3978494623655914	0.52	0.40384615384615385	0.3333333333333333
dmw=15739	0.3131115459882583	0.39920045688178185	0.34407484407484407	0.41654357459379615	0.3869602032176122	0.3473684210526316	0.40963855421686746	0.3860759493670886	0.391812865497076	0.4431818181818182	0.5882352941176471	0.40350877192982454	0.3526570048309179	0.35313531353135313	0.625	0.44	0.07692307692307693
dmw=15744	0.003861003861003861	0.0038461538461538464	0.009708737864077669	0.0	0.0	0.029850746268656716	0.0	0.0	0.0	0.06666666666666667	0.0	0.0	0.0	0.0	0.0	0.0	0.15384615384615385
dmw=15745	0.12096774193548387	0.07385229540918163	0.4028776978417266	0.41916167664670656	0.07734806629834254	0.4827586206896552	0.06179775280898876	0.23703703703703705	0.078125	0.15555555555555556	0.07692307692307693	0.46153846153846156	0.2571428571428571	0.175	0.8333333333333334	0.9428571428571428	0.7142857142857143
dmw=15759	0.5214050493962679	0.5307692307692308	0.7703180212014135	0.6564885496183206	0.7215189873417721	0.7935779816513762	0.7434944237918215	0.6387832699619772	0.7368421052631579	0.7816091954022989	0.6419753086419753	0.6707317073170732	0.5087719298245614	0.722972972972973	1.0	0.8888888888888888	0.8372093023255814
dmw=15760	0.6448979591836734	0.6048064085447263	0.6936619718309859	0.6995515695067265	0.26063829787234044	0.664	0.3067226890756303	0.7169811320754716	0.3541666666666667	0.6376811594202898	0.2631578947368421	0.5172413793103449	0.5932203389830508	0.0963855421686747	0.44	0.6	0.7391304347826086
dmw=15796	0.5031512605042017	0.5005628517823639	0.4715852442671984	0.557504873294347	0.2993799822852081	0.5399305555555556	0.2984723854289072	0.4247787610619469	0.44314868804664725	0.5073529411764706	0.3028571428571429	0.5330188679245284	0.37333333333333335	0.2742616033755274	0.5581395348837209	0.6991150442477876	0.46788990825688076
dmw=15819	0.858085808580858	0.8440233236151603	0.8790199081163859	0.9032815198618307	0.8693181818181818	0.902542372881356	0.8854961832061069	0.897364771151179	0.9345238095238095	0.64453125	0.8909090909090909	0.8238993710691824	0.8526785714285714	0.9590643274853801	0.9285714285714286	1.0	0.7241379310344828
dmw=15820	0.8862530413625304	0.8688718251624336	0.8556547619047619	0.9085173501577287	0.9262295081967213	0.8534798534798534	0.9026548672566371	0.9209138840070299	0.9322033898305084	0.7853403141361257	0.8870967741935484	0.8782608695652174	0.719626168224299	0.9166666666666666	1.0	0.9090909090909091	0.7065217391304348
dmw=15822	0.6589673913043478	0.5496495327102804	0.6066536203522505	0.8058690744920993	0.3236151603498542	0.7088305489260143	0.449438202247191	0.49168207024029575	0.4251497005988024	0.5897435897435898	0.23846153846153847	0.6190476190476191	0.6434782608695652	0.17757009345794392	0.7142857142857143	0.559322033898305	0.8222222222222222
dmw=15823	0.7430389817024662	0.6740370898716119	0.7037037037037037	0.8404255319148937	0.4342857142857143	0.6882591093117408	0.561038961038961	0.6917293233082706	0.6293706293706294	0.6585365853658537	0.6698113207547169	0.7619047619047619	0.7946428571428571	0.4959349593495935	0.6470588235294118	0.8947368421052632	0.7631578947368421
dmw=15824	0.7221006564551422	0.4811320754716981	0.6646341463414634	0.6076923076923076	0.3933649289099526	0.6621621621621622	0.4015748031496063	0.6496350364963503	0.5227272727272727	0.6666666666666666	0.6	0.6	0.23809523809523808	0.4375	0.2692307692307692	0.4375	0.75
dmw=15831	0.7316341829085458	0.7698815566835872	0.7510548523206751	0.8453038674033149	0.3093220338983051	0.7302631578947368	0.40404040404040403	0.7375565610859729	0.34782608695652173	0.639344262295082	0.7	0.6333333333333333	0.7166666666666667	0.41379310344827586	0.6538461538461539	0.8536585365853658	0.6607142857142857
dmw=15865	0.1605351170568562	0.15817223198594024	0.10638297872340426	0.21951219512195122	0.0871559633027523	0.05555555555555555	0.1368421052631579	0.06944444444444445	0.3157894736842105	0.05263157894736842	0.16363636363636364	0.13333333333333333	0.029411764705882353	0.0	0.043478260869565216	0.21428571428571427	0.37037037037037035
dmw=15869	0.5564285714285714	0.43735035913806863	0.6231263383297645	0.6125461254612546	0.5823970037453183	0.6204081632653061	0.6296296296296297	0.4971590909090909	0.5560975609756098	0.5569620253164557	0.2571428571428571	0.672566371681416	0.6144578313253012	0.5986842105263158	0.5151515151515151	0.6911764705882353	0.5396825396825397
dmw=15881	0.11584158415841585	0.1169811320754717	0.15789473684210525	0.1925925925925926	0.05417607223476298	0.21052631578947367	0.08083832335329341	0.1552346570397112	0.10526315789473684	0.2631578947368421	0.10526315789473684	0.36046511627906974	0.14285714285714285	0.05	0.125	0.19148936170212766	0.2
dmw=15925	0.6168831168831169	0.5916398713826366	0.539568345323741	0.7125984251968503	0.425531914893617	0.6666666666666666	0.38362068965517243	0.6599326599326599	0.36470588235294116	0.6222222222222222	0.4095238095238095	0.6632653061224489	0.5507246376811594	0.6235294117647059	0.4909090909090909	0.8627450980392157	0.7027027027027027
dmw=16083	0.28351449275362317	0.20609579100145137	0.5290628706998813	0.3011456628477905	0.46946564885496184	0.5613207547169812	0.5243393602225312	0.22145328719723184	0.4716981132075472	0.375	0.2620320855614973	0.47333333333333333	0.22950819672131148	0.5371428571428571	0.6	0.4942528735632184	0.47692307692307695
dmw=16092	0.0	0.00851063829787234	0.06451612903225806	0.03508771929824561	0.40404040404040403	0.23076923076923078	0.2962962962962963	0.0	0.16666666666666666	0.125	0.0	0.32	0.041666666666666664	0.5	0.0	0.0	0.2
dmw=16103	0.1424581005586592	0.10684931506849316	0.46153846153846156	0.30851063829787234	0.32116788321167883	0.42045454545454547	0.4180327868852459	0.16037735849056603	0.32857142857142857	0.4166666666666667	0.5277777777777778	0.75	0.2857142857142857	0.12903225806451613	0.8	0.8333333333333334	0.4
dmw=16111	0.0031847133757961785	0.006230529595015576	0.018867924528301886	0.0	0.0	0.0	0.010101010101010102	0.0	0.0	0.05714285714285714	0.0	0.0	0.0	0.0	0.0	0.0	0.18181818181818182
dmw=16124	0.71580547112462	0.6988543371522095	0.7064220183486238	0.6642857142857143	0.3127962085308057	0.7833333333333333	0.375	0.6615384615384615	0.4166666666666667	0.6666666666666666	0.5714285714285714	0.7560975609756098	0.6410256410256411	0.7	0.7222222222222222	0.8	0.6153846153846154
dmw=16129	0.0	0.005763688760806916	0.009345794392523364	0.0	0.022058823529411766	0.015384615384615385	0.02127659574468085	0.0	0.0	0.0	0.0	0.0	0.0	0.0	0.23529411764705882	0.0	0.0
dmw=16169	0.44108761329305135	0.446875	0.5594713656387665	0.5827338129496403	0.13503649635036497	0.3724137931034483	0.06796116504854369	0.6214953271028038	0.11904761904761904	0.40425531914893614	0.17307692307692307	0.47058823529411764	0.47619047619047616	0.3561643835616438	0.625	0.5151515151515151	0.5862068965517241
dmw=16172	0.18402505873140174	0.1487994589110585	0.3902439024390244	0.2782258064516129	0.3732394366197183	0.5834896810506567	0.2815656565656566	0.27283950617283953	0.23645320197044334	0.44816053511705684	0.10054347826086957	0.5903614457831325	0.2971014492753623	0.4727272727272727	0.47244094488188976	0.6648351648351648	0.4915254237288136
dmw=16174	0.7834394904458599	0.6925714285714286	0.7862318840579711	0.9141414141414141	0.648910411622276	0.8888888888888888	0.6944444444444444	0.8008130081300813	0.7241379310344828	0.6455696202531646	0.6057692307692307	0.9354838709677419	0.7659574468085106	0.6145833333333334	0.9166666666666666	0.7619047619047619	0.8695652173913043
dmw=16202	0.6386630532971996	0.5918827508455468	0.6514745308310992	0.6728232189973615	0.4565826330532213	0.6733067729083665	0.3539325842696629	0.5268817204301075	0.42105263157894735	0.5934065934065934	0.49019607843137253	0.610738255033557	0.7076923076923077	0.42424242424242425	0.6	0.7307692307692307	0.5446428571428571
dmw=16204	0.6260504201680672	0.6075550891920252	0.6515513126491647	0.6679389312977099	0.4568627450980392	0.5169082125603864	0.1441717791411043	0.6925566343042071	0.3069306930693069	0.6231884057971014	0.6470588235294118	0.6464646464646465	0.8444444444444444	0.5360824742268041	0.6111111111111112	0.8823529411764706	0.4444444444444444
dmw=16292	0.6002691790040376	0.5431568088033012	0.5090735434574976	0.5797413793103449	0.5564818674447687	0.6031746031746031	0.6152314584370333	0.24015748031496062	0.589041095890411	0.5376344086021505	0.3967168262653899	0.5746102449888641	0.4318181818181818	0.5516759776536313	0.6622222222222223	0.6870229007633588	0.6407185628742516
dmw=16295	0.167420814479638	0.18083462132921174	0.21428571428571427	0.1891891891891892	0.011278195488721804	0.13533834586466165	0.015544041450777202	0.08227848101265822	0.03571428571428571	0.3488372093023256	0.16279069767441862	0.16666666666666666	0.13636363636363635	0.0	0.05263157894736842	0.13793103448275862	0.16666666666666666
dmw=16353	0.16466739367502725	0.2175925925925926	0.425	0.18141592920353983	0.38461538461538464	0.6795580110497238	0.29285714285714287	0.22790697674418606	0.4406779661016949	0.8194444444444444	0.25	0.5	0.3333333333333333	0.6521739130434783	0.7073170731707317	0.7435897435897436	0.9545454545454546
dmw=16355	0.8110236220472441	0.80622009569378	0.9	0.9029126213592233	0.7432432432432432	0.8947368421052632	0.4095238095238095	0.9156626506024096	0.574468085106383	0.8095238095238095	0.65	0.8235294117647058	0.8571428571428571	0.9056603773584906	1.0	1.0	0.5666666666666667
dmw=16358	0.35333333333333333	0.2833117723156533	0.5128205128205128	0.423728813559322	0.349009900990099	0.5185185185185185	0.23444976076555024	0.2824427480916031	0.3116883116883117	0.4117647058823529	0.2222222222222222	0.2857142857142857	0.45	0.296875	0.4117647058823529	0.44680851063829785	0.36363636363636365
dmw=16395	0.0038684719535783366	0.0	0.016666666666666666	0.01282051282051282	0.003861003861003861	0.029411764705882353	0.0	0.01020408163265306	0.01639344262295082	0.058823529411764705	0.034482758620689655	0.0	0.021739130434782608	0.0	0.0	0.0	0.13333333333333333
dmw=16409	0.7018970189701897	0.6758241758241759	0.6470588235294118	0.751937984496124	0.4528301886792453	0.5764705882352941	0.15789473684210525	0.6885245901639344	0.3	0.5909090909090909	0.4642857142857143	0.5925925925925926	0.58	0.6923076923076923	0.3076923076923077	0.6666666666666666	0.8125
dmw=16420	0.5674342105263158	0.5603271983640081	0.4634146341463415	0.5741935483870968	0.15544041450777202	0.5238095238095238	0.12871287128712872	0.3728813559322034	0.08450704225352113	0.4583333333333333	0.3	0.43333333333333335	0.3548387096774194	0.10526315789473684	0.0	0.5882352941176471	0.0
dmw=16421	0.6075628314503113	0.6042648152739896	0.5082824760244115	0.6013712047012733	0.3813813813813814	0.6057692307692307	0.30324543610547666	0.5253227408142999	0.34402332361516036	0.48757763975155277	0.48320413436692505	0.5	0.5688888888888889	0.3804034582132565	0.4934210526315789	0.5898617511520737	0.4369747899159664
dmw=16425	0.5541338582677166	0.4831573655103067	0.5720858895705522	0.5711805555555556	0.0846063454759107	0.350210970464135	0.06336633663366337	0.5081699346405228	0.17216117216117216	0.4603174603174603	0.2484076433121019	0.6272189349112426	0.3619631901840491	0.1111111111111111	0.3238095238095238	0.6296296296296297	0.5274725274725275
dmw=16442	0.581570996978852	0.6039236479321315	0.660904255319149	0.617059891107078	0.7726130653266332	0.7956656346749226	0.8194174757281554	0.5489443378119002	0.689873417721519	0.40131578947368424	0.689922480620155	0.6614173228346457	0.6774193548387096	0.8017241379310345	0.8703703703703703	0.7142857142857143	0.5547445255474452
dmw=16445	0.5543478260869565	0.4946091644204852	0.7372013651877133	0.70042194092827	0.5805471124620061	0.8609271523178808	0.6696428571428571	0.625	0.6233766233766234	0.625	0.6477272727272727	0.5238095238095238	0.7142857142857143	0.7115384615384616	0.8461538461538461	0.8823529411764706	0.46875
dmw=16509	0.41161290322580646	0.3828207847295864	0.49008498583569404	0.4959677419354839	0.6107954545454546	0.632258064516129	0.6238532110091743	0.22535211267605634	0.6637931034482759	0.6491228070175439	0.4634146341463415	0.5573770491803278	0.5454545454545454	0.5340909090909091	0.68	0.7307692307692307	0.6666666666666666
dmw=16544	0.6365145228215767	0.5852649006622517	0.5250596658711217	0.6840490797546013	0.3391812865497076	0.5526315789473685	0.36069651741293535	0.46943765281173594	0.3177570093457944	0.5609756097560976	0.4819277108433735	0.6142857142857143	0.5454545454545454	0.29464285714285715	0.5081967213114754	0.7567567567567568	0.6666666666666666
dmw=16590	0.16632231404958678	0.08456659619450317	0.21323529411764705	0.34210526315789475	0.008064516129032258	0.18181818181818182	0.023529411764705882	0.10238907849829351	0.036036036036036036	0.3197278911564626	0.012195121951219513	0.2641509433962264	0.07936507936507936	0.025	0.15555555555555556	0.6341463414634146	0.38461538461538464
dmw=16608	0.9299645390070922	0.9306666666666666	0.9519450800915332	0.956953642384106	0.9401709401709402	0.94	0.9368421052631579	0.96	0.9583333333333334	0.9197080291970803	0.9058823529411765	0.9743589743589743	0.6071428571428571	0.96875	0.875	0.9583333333333334	0.9615384615384616
dmw=16717	0.008025682182985553	0.005671077504725898	0.01020408163265306	0.0	0.006389776357827476	0.0	0.004524886877828055	0.0	0.0	0.0	0.0	0.025	0.038461538461538464	0.0	0.1111111111111111	0.0	0.2727272727272727
dmw=16723	0.338785046728972	0.2846441947565543	0.41935483870967744	0.4046511627906977	0.3917910447761194	0.5	0.34615384615384615	0.22727272727272727	0.40625	0.27586206896551724	0.2328767123287671	0.4230769230769231	0.3684210526315789	0.2956521739130435	0.25	0.5384615384615384	0.22857142857142856
dmw=16784	0.641860465116279	0.6310160427807486	0.7991967871485943	0.7027027027027027	0.6377952755905512	0.7676056338028169	0.3476190476190476	0.7833333333333333	0.4805194805194805	0.6753246753246753	0.7450980392156863	0.8620689655172413	0.48148148148148145	0.8148148148148148	0.8	1.0	0.8235294117647058
dmw=16789	0.628175519630485	0.5526881720430108	0.8783783783783784	0.8043478260869565	0.8838383838383839	0.8977272727272727	0.9393939393939394	0.6495726495726496	0.8351648351648352	0.7346938775510204	0.7045454545454546	0.7307692307692307	0.7647058823529411	0.9491525423728814	0.8888888888888888	0.8947368421052632	0.8461538461538461
dmw=16790	0.21598877980364656	0.1636085626911315	0.48905109489051096	0.32903225806451614	0.5376344086021505	0.6391752577319587	0.5285714285714286	0.12980769230769232	0.5517241379310345	0.5737704918032787	0.22727272727272727	0.7073170731707317	0.1875	0.5104166666666666	0.5526315789473685	0.7777777777777778	0.3902439024390244
dmw=16823	0.4235690235690236	0.38754578754578756	0.48034188034188036	0.5708502024291497	0.5614702154626109	0.5783783783783784	0.5	0.27176220806794055	0.5255102040816326	0.4258064516129032	0.35648148148148145	0.5476190476190477	0.35714285714285715	0.5066666666666667	0.6285714285714286	0.5633802816901409	0.3146067415730337
dmw=16831	0.3030690537084399	0.2790073775989269	0.26916524701873934	0.26883910386965376	0.06578947368421052	0.22982885085574573	0.12967032967032968	0.193717277486911	0.2	0.1958041958041958	0.14634146341463414	0.2866666666666667	0.21428571428571427	0.044585987261146494	0.16363636363636364	0.2518518518518518	0.29411764705882354
dmw=16844	0.14743589743589744	0.11209439528023599	0.3490909090909091	0.20930232558139536	0.33618233618233617	0.4895833333333333	0.23595505617977527	0.1657754010695187	0.4725274725274725	0.49382716049382713	0.125	0.5161290322580645	0.09302325581395349	0.43	0.6363636363636364	0.6363636363636364	0.23684210526315788
dmw=16908	0.7054545454545454	0.6906077348066298	0.5870967741935483	0.7745098039215687	0.39732142857142855	0.547945205479452	0.3157894736842105	0.4956521739130435	0.5365853658536586	0.7358490566037735	0.46153846153846156	0.8636363636363636	0.6388888888888888	0.14285714285714285	0.0	0.6	0.45454545454545453
dmw=16911	0.35398706896551724	0.3712606837606838	0.4557377049180328	0.35714285714285715	0.16842105263157894	0.4024767801857585	0.15859030837004406	0.45990566037735847	0.12890625	0.3372093023255814	0.2549019607843137	0.32038834951456313	0.29591836734693877	0.2634730538922156	0.225	0.3829787234042553	0.46511627906976744
dmw=16939	0.5632839224629419	0.535931790499391	0.47794117647058826	0.5697211155378487	0.4639175257731959	0.5449101796407185	0.3125	0.5434782608695652	0.4625	0.4957983193277311	0.5617977528089888	0.5578947368421052	0.5111111111111111	0.5431034482758621	0.5555555555555556	0.4375	0.6190476190476191
dmw=16946	0.7793167128347184	0.7264864864864865	0.7419354838709677	0.7962264150943397	0.5703275529865125	0.7003610108303249	0.6348684210526315	0.5274390243902439	0.6666666666666666	0.7	0.6730769230769231	0.7878787878787878	0.6440677966101694	0.46296296296296297	0.7428571428571429	0.6794871794871795	0.7446808510638298
dmw=16952	0.8895405669599218	0.8604187437686939	0.811704834605598	0.8700361010830325	0.6642201834862386	0.8432432432432433	0.6940509915014165	0.790625	0.5350877192982456	0.75	0.9090909090909091	0.8255813953488372	0.8245614035087719	0.3709677419354839	0.6595744680851063	0.9285714285714286	0.8367346938775511
dmw=16958	0.7937743190661478	0.7531645569620253	0.7120418848167539	0.8	0.5221238938053098	0.6666666666666666	0.6303317535545023	0.6847826086956522	0.6354166666666666	0.8035714285714286	0.7428571428571429	0.7894736842105263	0.7555555555555555	0.21428571428571427	0.6842105263157895	0.9	0.9411764705882353
dmw=16977	0.5742444152431012	0.551789077212806	0.5823429541595926	0.4946524064171123	0.4924698795180723	0.5196304849884527	0.23770491803278687	0.6265486725663717	0.34459459459459457	0.4834123222748815	0.44696969696969696	0.5625	0.48295454545454547	0.6442307692307693	0.6041666666666666	0.6885245901639344	0.62
dmw=16982	0.7424593967517401	0.6965742251223491	0.5174129353233831	0.8007518796992481	0.7131931166347992	0.8097165991902834	0.6937269372693727	0.7074829931972789	0.7580645161290323	0.627906976744186	0.7380952380952381	0.4563106796116505	0.5466666666666666	0.8105263157894737	0.8166666666666667	0.7023809523809523	0.6111111111111112
dmw=17003	0.5205047318611987	0.5011086474501109	0.5788177339901478	0.46283783783783783	0.27884615384615385	0.3575757575757576	0.14681440443213298	0.5735294117647058	0.1810344827586207	0.5901639344262295	0.45217391304347826	0.5616438356164384	0.4782608695652174	0.28	0.2682926829268293	0.5	0.8
dmw=17015	0.9050966608084359	0.8828748890860693	0.8259705488621151	0.9010238907849829	0.8136200716845878	0.9254498714652957	0.7863247863247863	0.8544726301735648	0.8540925266903915	0.731404958677686	0.7131474103585658	0.8137931034482758	0.7973856209150327	0.7478260869565218	0.8775510204081632	0.8227848101265823	0.7818181818181819
dmw=17016	0.22311557788944725	0.2363238512035011	0.26136363636363635	0.2597864768683274	0.37667304015296366	0.47115384615384615	0.37174721189591076	0.17667844522968199	0.4036144578313253	0.43478260869565216	0.15789473684210525	0.35185185185185186	0.1527777777777778	0.3974358974358974	0.36065573770491804	0.5192307692307693	0.4146341463414634
dmw=17018	0.8052095130237825	0.7684797768479776	0.8511904761904762	0.7213114754098361	0.888268156424581	0.9597701149425287	0.8055555555555556	0.8364779874213837	0.967741935483871	0.8260869565217391	0.8173913043478261	0.8333333333333334	0.42857142857142855	0.9411764705882353	0.94	0.918918918918919	0.6666666666666666
dmw=17020	0.16606929510155316	0.17535545023696683	0.2226148409893993	0.23770491803278687	0.22713864306784662	0.45038167938931295	0.12962962962962962	0.06451612903225806	0.22972972972972974	0.411214953271028	0.2857142857142857	0.2571428571428571	0.05405405405405406	0.26582278481012656	0.6052631578947368	0.5757575757575758	0.15789473684210525
dmw=17038	0.4632068164213788	0.3969594594594595	0.6189710610932476	0.5101449275362319	0.3552	0.5706051873198847	0.3446327683615819	0.49889135254988914	0.3705357142857143	0.5393258426966292	0.43434343434343436	0.656934306569343	0.3482142857142857	0.5694444444444444	0.6714285714285714	0.6666666666666666	0.8636363636363636
dmw=17080	0.02413793103448276	0.011523687580025609	0.10932475884244373	0.04780876494023904	0.05204460966542751	0.09154929577464789	0.0860655737704918	0.023809523809523808	0.056338028169014086	0.0	0.05333333333333334	0.08955223880597014	0.040983606557377046	0.01818181818181818	0.15384615384615385	0.02857142857142857	0.1388888888888889
dmw=17094	0.2369172216936251	0.18682505399568033	0.22440087145969498	0.24193548387096775	0.11172161172161173	0.28512396694214875	0.10852713178294573	0.1696113074204947	0.20224719101123595	0.30344827586206896	0.18115942028985507	0.25252525252525254	0.29	0.12264150943396226	0.3157894736842105	0.3076923076923077	0.25806451612903225
dmw=17096	0.43030949839914623	0.4159848961611076	0.538989700833742	0.48011569052783803	0.2689408964696549	0.5818743563336766	0.28797289666854886	0.2574803149606299	0.3111111111111111	0.5217391304347826	0.31232876712328766	0.6673076923076923	0.432	0.3333333333333333	0.6618357487922706	0.6798245614035088	0.6666666666666666
dmw=17113	0.6329233680227058	0.6259067357512953	0.7223476297968398	0.6856287425149701	0.5595238095238095	0.7070707070707071	0.4503464203233256	0.6466876971608833	0.4909090909090909	0.7064220183486238	0.6607142857142857	0.6981132075471698	0.5483870967741935	0.65	0.6857142857142857	0.6744186046511628	0.5161290322580645
dmw=17138	0.8341232227488151	0.8296460176991151	0.6086956521739131	0.753731343283582	0.8256410256410256	0.7652173913043478	0.7769784172661871	0.541095890410959	0.7948717948717948	0.6585365853658537	0.8536585365853658	0.7346938775510204	0.7272727272727273	0.5671641791044776	0.8125	0.8064516129032258	0.5833333333333334
dmw=17143	0.49416342412451364	0.5092213114754098	0.4970414201183432	0.5495867768595041	0.2755102040816326	0.30303030303030304	0.18556701030927836	0.5036231884057971	0.33707865168539325	0.2875	0.30357142857142855	0.49333333333333335	0.4942528735632184	0.28	0.45161290322580644	0.34615384615384615	0.75
dmw=17145	0.3035264483627204	0.27555816686251466	0.3139784946236559	0.3082039911308204	0.04118616144975288	0.2301980198019802	0.07157894736842105	0.2188679245283019	0.08490566037735849	0.3484848484848485	0.28820960698689957	0.36879432624113473	0.36220472440944884	0.03982300884955752	0.1956521739130435	0.3228346456692913	0.2222222222222222
dmw=17162	0.24046610169491525	0.24285714285714285	0.5853658536585366	0.38976377952755903	0.31265508684863524	0.529126213592233	0.10606060606060606	0.3793103448275862	0.12931034482758622	0.5056179775280899	0.2967032967032967	0.5454545454545454	0.3548387096774194	0.43902439024390244	0.40625	0.6511627906976745	0.22448979591836735
dmw=17188	0.6168582375478927	0.5974264705882353	0.436241610738255	0.6625310173697271	0.4337979094076655	0.6394849785407726	0.2596491228070175	0.5686274509803921	0.3300970873786408	0.4897959183673469	0.4883720930232558	0.27941176470588236	0.5230769230769231	0.5338983050847458	0.35294117647058826	0.7076923076923077	0.7727272727272727
dmw=17196	0.2278582930756844	0.17182410423452768	0.2546875	0.22938144329896906	0.22067901234567902	0.35	0.36923076923076925	0.23060344827586207	0.28205128205128205	0.375	0.08383233532934131	0.171875	0.24468085106382978	0.32038834951456313	0.2826086956521739	0.36363636363636365	0.045454545454545456
dmw=17205	0.755011135857461	0.7300710339384373	0.5964214711729622	0.6904024767801857	0.6827133479212254	0.7523809523809524	0.5608465608465608	0.6508379888268156	0.6898395721925134	0.45454545454545453	0.6470588235294118	0.684931506849315	0.7450980392156863	0.8283582089552238	0.8571428571428571	0.5901639344262295	0.7560975609756098
dmw=17220	0.783068783068783	0.648578811369509	0.6825396825396826	0.7226277372262774	0.17557251908396945	0.582089552238806	0.34513274336283184	0.6949152542372882	0.12307692307692308	0.5526315789473685	0.4375	0.9090909090909091	0.65	0.2857142857142857	0.4166666666666667	0.3333333333333333	0.6
dmw=17282	0.37907608695652173	0.39586206896551723	0.2304147465437788	0.45226130653266333	0.21052631578947367	0.4444444444444444	0.25462962962962965	0.3014354066985646	0.673469387755102	0.45901639344262296	0.4	0.0	0.5121951219512195	0.23529411764705882	0.35714285714285715	0.8636363636363636	0.10526315789473684
dmw=17288	0.00528169014084507	0.002028397565922921	0.005449591280653951	0.0	0.0	0.01015228426395939	0.007662835249042145	0.0	0.0	0.0	0.05263157894736842	0.03571428571428571	0.01639344262295082	0.01834862385321101	0.0	0.0	0.2413793103448276
dmw=17294	0.43333333333333335	0.26296296296296295	0.36792452830188677	0.65	0.12790697674418605	0.675	0.2765957446808511	0.19718309859154928	0.375	0.19047619047619047	0.48	0.14285714285714285	0.5263157894736842	0.04	1.0	0.7058823529411765	0.75
dmw=17343	0.5670023237800155	0.489811320754717	0.5477815699658704	0.6387096774193548	0.4017094017094017	0.640625	0.4444444444444444	0.4909090909090909	0.358974358974359	0.5943396226415094	0.47474747474747475	0.6641221374045801	0.6341463414634146	0.3888888888888889	0.7096774193548387	0.4864864864864865	0.34782608695652173
dmw=17356	0.005366726296958855	0.008672086720867209	0.004005340453938585	0.006276150627615063	0.010214504596527068	0.0026666666666666666	0.005050505050505051	0.011730205278592375	0.004784688995215311	0.011904761904761904	0.017142857142857144	0.00881057268722467	0.025	0.0	0.0	0.027777777777777776	0.19230769230769232
dmw=17398	0.8020989505247377	0.7457044673539519	0.7258687258687259	0.8344370860927153	0.7743589743589744	0.8970588235294118	0.8080357142857143	0.8055555555555556	0.6461538461538462	0.6271186440677966	0.6779661016949152	0.03333333333333333	0.6	0.8421052631578947	0.9318181818181818	0.8571428571428571	0.5833333333333334
dmw=17403	0.7094907407407407	0.5355892648774796	0.53156146179402	0.7058823529411765	0.3034300791556728	0.6944444444444444	0.3088803088803089	0.5954692556634305	0.37755102040816324	0.6363636363636364	0.5647058823529412	0.5161290322580645	0.6470588235294118	0.47560975609756095	0.5869565217391305	0.8648648648648649	1.0
dmw=17410	0.9267399267399268	0.9217391304347826	0.8402625820568927	0.9567723342939481	0.9205298013245033	0.9894736842105263	0.903448275862069	0.9099099099099099	0.9264705882352942	0.7317073170731707	0.7851851851851852	0.9428571428571428	0.868421052631579	0.9814814814814815	0.9772727272727273	0.9722222222222222	0.8135593220338984
dmw=17429	0.7701612903225806	0.7112068965517241	0.8272727272727273	0.7831325301204819	0.11016949152542373	0.5106382978723404	0.18032786885245902	0.6774193548387096	0.08	0.5454545454545454	0.5757575757575758	0.7083333333333334	0.6	0.28	0.3333333333333333	0.4	0.7
dmw=17430	0.5058626465661642	0.47518382352941174	0.44611528822055135	0.49014084507042255	0.24881516587677724	0.4713656387665198	0.3333333333333333	0.37448559670781895	0.38513513513513514	0.2641509433962264	0.34615384615384615	0.6404494382022472	0.26666666666666666	0.2597402597402597	0.36363636363636365	0.6326530612244898	0.5806451612903226
dmw=17457	0.10404624277456648	0.07641196013289037	0.2774566473988439	0.01020408163265306	0.07462686567164178	0.014705882352941176	0.04040404040404041	0.3032258064516129	0.3076923076923077	0.0	0.0	0.0	0.0	0.0	0.09090909090909091	0.16666666666666666	0.0
dmw=17459	0.6006711409395973	0.580048270313757	0.5536277602523659	0.6145124716553289	0.3157894736842105	0.5795053003533569	0.34459459459459457	0.529113924050633	0.36054421768707484	0.5130434782608696	0.43846153846153846	0.6744186046511628	0.4824561403508772	0.176056338028169	0.4691358024691358	0.5529411764705883	0.6571428571428571
dmw=17489	0.3181583031557165	0.26346265199768387	0.2579310344827586	0.38405797101449274	0.11475409836065574	0.44891640866873067	0.0683371298405467	0.09174311926605505	0.1483050847457627	0.35751295336787564	0.23300970873786409	0.43410852713178294	0.37142857142857144	0.13496932515337423	0.31521739130434784	0.3918918918918919	0.4146341463414634
dmw=17502	0.15771028037383178	0.23516237402015677	0.37244897959183676	0.19117647058823528	0.431266846361186	0.36649214659685864	0.39919354838709675	0.24022346368715083	0.2711864406779661	0.41818181818181815	0.43617021276595747	0.2222222222222222	0.4823529411764706	0.4105263157894737	0.5897435897435898	0.6153846153846154	0.045454545454545456
dmw=17519	0.8102108768035516	0.8220930232558139	0.8012820512820513	0.924	0.5857142857142857	0.8713450292397661	0.6641509433962264	0.8768656716417911	0.7802197802197802	0.6666666666666666	0.676056338028169	0.825	0.8125	0.6444444444444445	0.4375	1.0	0.7878787878787878
dmw=17526	0.21207658321060383	0.19933554817275748	0.6305084745762712	0.40540540540540543	0.7877906976744186	0.8484848484848485	0.7969924812030075	0.395	0.75	0.6133333333333333	0.43243243243243246	0.7441860465116279	0.29411764705882354	0.7611940298507462	0.6363636363636364	0.6875	0.8387096774193549
dmw=17537	0.5914844649021864	0.57981220657277	0.42724458204334365	0.6666666666666666	0.41714285714285715	0.5595238095238095	0.48221343873517786	0.4818941504178273	0.46987951807228917	0.3977272727272727	0.3645833333333333	0.02127659574468085	0.49019607843137253	0.4205607476635514	0.6415094339622641	0.5625	0.5
dmw=17556	0.27403846153846156	0.24190800681431004	0.23978201634877383	0.29846153846153844	0.22672064777327935	0.2706422018348624	0.17630057803468208	0.2956521739130435	0.12903225806451613	0.2235294117647059	0.3106796116504854	0.2755102040816326	0.0	0.11864406779661017	0.18604651162790697	0.273972602739726	0.3698630136986301
dmw=17563	0.0	0.009036144578313253	0.005917159763313609	0.010752688172043012	0.0	0.0125	0.0	0.0	0.0	0.05555555555555555	0.13333333333333333	0.0	0.09090909090909091	0.0	0.0	0.0	0.1
dmw=17578	0.5684754521963824	0.4690265486725664	0.6222222222222222	0.7388059701492538	0.25	0.6285714285714286	0.22330097087378642	0.5377358490566038	0.2926829268292683	0.3611111111111111	0.6129032258064516	0.8709677419354839	0.35714285714285715	0.2222222222222222	0.3684210526315789	0.75	0.375
dmw=17589	0.20692883895131087	0.14776274713839752	0.1854419410745234	0.24064171122994651	0.07766990291262135	0.3141025641025641	0.1103202846975089	0.12169312169312169	0.15476190476190477	0.18292682926829268	0.041666666666666664	0.38	0.18181818181818182	0.04838709677419355	0.17073170731707318	0.35555555555555557	0.057971014492753624
dmw=17591	0.025	0.027600849256900213	0.006172839506172839	0.0	0.00558659217877095	0.010101010101010102	0.03333333333333333	0.0	0.011235955056179775	0.44329896907216493	0.023809523809523808	0.0	0.0	0.0	0.0	0.75	0.0
dmw=17625	0.5463549920760697	0.5293276108726752	0.5042630937880633	0.5657142857142857	0.3643979057591623	0.5401174168297456	0.3616692426584235	0.31478260869565217	0.37575757575757573	0.44508670520231214	0.3669724770642202	0.49473684210526314	0.3618421052631579	0.2175732217573222	0.5189873417721519	0.5344827586206896	0.47435897435897434
dmw=17630	0.608316566063045	0.5105657805044308	0.5932773109243697	0.6275071633237822	0.41575757575757577	0.44148936170212766	0.4482758620689655	0.5717884130982368	0.5104895104895105	0.3611111111111111	0.5338983050847458	0.5648148148148148	0.5916666666666667	0.48484848484848486	0.6666666666666666	0.46296296296296297	0.5803571428571429
dmw=17677	0.11807909604519774	0.10140500916310324	0.30500758725341426	0.2482394366197183	0.3557692307692308	0.40350877192982454	0.35476718403547675	0.07569721115537849	0.3522267206477733	0.29457364341085274	0.2064516129032258	0.45454545454545453	0.14285714285714285	0.22289156626506024	0.423728813559322	0.3582089552238806	0.3125
dmw=17679	0.8944723618090452	0.8561549100968188	0.8958742632612967	0.9073634204275535	0.8796433878157504	0.8812260536398467	0.9149888143176734	0.9520426287744227	0.9103139013452914	0.8121212121212121	0.7077922077922078	0.9310344827586207	0.6615384615384615	0.8898305084745762	0.9833333333333333	0.8904109589041096	0.6296296296296297
dmw=17680	0.7059859154929577	0.6884176182707994	0.8454746136865342	0.7375886524822695	0.4630738522954092	0.7931034482758621	0.5994236311239193	0.7621483375959079	0.5769230769230769	0.7083333333333334	0.5111111111111111	0.8543689320388349	0.8292682926829268	0.6068376068376068	0.9108910891089109	0.9666666666666667	0.8297872340425532
dmw=17740	0.31778741865509763	0.2992213570634038	0.20209059233449478	0.30714285714285716	0.232	0.2833333333333333	0.23043478260869565	0.24096385542168675	0.3465346534653465	0.4125	0.19047619047619047	0.19444444444444445	0.2903225806451613	0.18604651162790697	0.35294117647058826	0.17142857142857143	0.6190476190476191
dmw=17789	0.24345549738219896	0.22995461422087746	0.26337448559670784	0.30864197530864196	0.1183206106870229	0.47692307692307695	0.05639097744360902	0.14285714285714285	0.13138686131386862	0.2807017543859649	0.16279069767441862	0.40540540540540543	0.36666666666666664	0.09859154929577464	0.6666666666666666	0.20833333333333334	0.6153846153846154
dmw=17859	0.5029239766081871	0.404351087771943	0.7368421052631579	0.6372549019607843	0.7478070175438597	0.7088607594936709	0.7345132743362832	0.5098591549295775	0.7188940092165899	0.7741935483870968	0.5220125786163522	0.7017543859649122	0.6101694915254238	0.6984126984126984	0.78125	0.8148148148148148	0.41935483870967744
dmw=17870	0.6529209621993127	0.6607032695866749	0.6320422535211268	0.6506550218340611	0.45554202192448234	0.5149051490514905	0.5666666666666667	0.5641025641025641	0.461038961038961	0.6785714285714286	0.5571428571428572	0.6590909090909091	0.5751633986928104	0.44	0.5692307692307692	0.717948717948718	0.7714285714285715
dmw=17871	0.8669354838709677	0.8513011152416357	0.8879310344827587	0.9146341463414634	0.6770538243626062	0.8782608695652174	0.6167146974063401	0.7013888888888888	0.6548672566371682	0.868421052631579	0.7641509433962265	0.9012345679012346	0.7466666666666667	0.5555555555555556	0.9117647058823529	0.8936170212765957	0.9
dmw=17888	0.581924577373212	0.6102783725910065	0.7725903614457831	0.689873417721519	0.8277153558052435	0.7689873417721519	0.7717842323651453	0.7924151696606786	0.7835051546391752	0.6515837104072398	0.76875	0.7168141592920354	0.5247524752475248	0.8558558558558559	0.8	0.7619047619047619	0.8072289156626506
dmw=17895	0.6422535211267606	0.6191099476439791	0.512	0.7014925373134329	0.26071428571428573	0.5083333333333333	0.39763779527559057	0.5791666666666667	0.35294117647058826	0.35106382978723405	0.5531914893617021	0.6666666666666666	0.44	0.5	0.4	0.525	0.6666666666666666
dmw=17907	0.6628787878787878	0.6929824561403509	0.5652173913043478	0.6959459459459459	0.411522633744856	0.5933333333333334	0.38095238095238093	0.6265822784810127	0.4084507042253521	0.5074626865671642	0.5227272727272727	0.7222222222222222	0.7307692307692307	0.22916666666666666	0.3333333333333333	0.59375	0.4642857142857143
dmw=17949	0.22535211267605634	0.10301837270341208	0.38778625954198476	0.4785992217898833	0.24686192468619247	0.6048951048951049	0.3853820598006645	0.02756892230576441	0.44206008583690987	0.5027624309392266	0.1518987341772152	0.6048387096774194	0.3416149068322981	0.2712765957446808	0.7283950617283951	0.6271186440677966	0.5833333333333334
dmw=18030	0.8372093023255814	0.8112338858195212	0.832579185520362	0.8148148148148148	0.6177606177606177	0.8628571428571429	0.6858006042296072	0.6982758620689655	0.6574074074074074	0.8415841584158416	0.6813186813186813	0.8018018018018018	0.8607594936708861	0.4574468085106383	0.8235294117647058	0.7407407407407407	0.7903225806451613
dmw=18032	0.8824476650563607	0.8846153846153846	0.9647887323943662	0.9473684210526315	0.7056277056277056	0.8991596638655462	0.7945205479452054	0.6763005780346821	0.68	0.5849056603773585	0.6461538461538462	0.8148148148148148	0.7272727272727273	0.5365853658536586	1.0	0.8888888888888888	0.8064516129032258
dmw=18043	0.005319148936170213	0.001697792869269949	0.004032258064516129	0.006756756756756757	0.023890784982935155	0.007462686567164179	0.004901960784313725	0.0	0.014925373134328358	0.017241379310344827	0.0	0.03333333333333333	0.0	0.0	0.0	0.0	0.15789473684210525
dmw=18048	0.0112	0.006443298969072165	0.004366812227074236	0.012096774193548387	0.008426966292134831	0.0	0.005154639175257732	0.0	0.0	0.0297029702970297	0.0	0.0	0.0	0.03125	0.0	0.0	0.4
dmw=18156	0.16542056074766356	0.15424430641821946	0.20323325635103925	0.16607773851590105	0.01006036217303823	0.06832298136645963	0.00267379679144385	0.17472118959107807	0.02666666666666667	0.1652892561983471	0.10743801652892562	0.13253012048192772	0.1566265060240964	0.0	0.0	0.18604651162790697	0.35135135135135137
dmw=18186	0.37327188940092165	0.37110016420361247	0.5886699507389163	0.5129032258064516	0.557504873294347	0.5844748858447488	0.5962732919254659	0.32781456953642385	0.5511811023622047	0.5	0.3488372093023256	0.6451612903225806	0.5555555555555556	0.44	0.717948717948718	0.5789473684210527	0.6206896551724138
dmw=18187	0.22432962720732505	0.21433962264150944	0.3920335429769392	0.31143552311435524	0.3431241655540721	0.5031645569620253	0.3142361111111111	0.1898238747553816	0.30735930735930733	0.45595854922279794	0.175	0.543046357615894	0.29245283018867924	0.3230769230769231	0.676923076923077	0.6710526315789473	0.5487804878048781
dmw=18194	0.7707828894269573	0.7477295660948536	0.7814569536423841	0.8169398907103825	0.8321428571428572	0.8604651162790697	0.8571428571428571	0.5209424083769634	0.8596491228070176	0.6962962962962963	0.8488372093023255	0.953125	0.7361111111111112	0.8536585365853658	0.88	0.9347826086956522	0.7692307692307693
dmw=18203	0.4427767354596623	0.4063786008230453	0.5514705882352942	0.4525862068965517	0.16666666666666666	0.36585365853658536	0.047619047619047616	0.4431137724550898	0.047619047619047616	0.3125	0.325	0.5633802816901409	0.225	0.33766233766233766	0.5769230769230769	0.42857142857142855	0.41509433962264153
dmw=18210	0.002044989775051125	0.004761904761904762	0.008264462809917356	0.014492753623188406	0.004761904761904762	0.0	0.0	0.0	0.0	0.0	0.0	0.0	0.0	0.0	0.42857142857142855	0.0	0.0
dmw=18227	0.2597968069666183	0.2535885167464115	0.4166666666666667	0.38949671772428884	0.5602503912363067	0.5905511811023622	0.5524475524475524	0.2725225225225225	0.4645669291338583	0.4607329842931937	0.32298136645962733	0.5	0.3161764705882353	0.5517241379310345	0.6666666666666666	0.7142857142857143	0.5121951219512195
dmw=18235	0.49703791469194314	0.5093542546771274	0.6193548387096774	0.5474613686534217	0.5604551920341394	0.632398753894081	0.6451077943615257	0.39823008849557523	0.6685714285714286	0.49523809523809526	0.6133333333333333	0.6421052631578947	0.5067567567567568	0.592964824120603	0.6376811594202898	0.68	0.6862745098039216
dmw=18241	0.2070393374741201	0.19008264462809918	0.44753086419753085	0.3230769230769231	0.4868035190615836	0.6487804878048781	0.36013986013986016	0.5342960288808665	0.2727272727272727	0.4722222222222222	0.30612244897959184	0.6027397260273972	0.2777777777777778	0.6875	0.6363636363636364	0.7560975609756098	0.38095238095238093
dmw=18242	0.5368421052631579	0.5038167938931297	0.7797356828193832	0.542713567839196	0.8122605363984674	0.8727272727272727	0.5931372549019608	0.8721461187214612	0.5866666666666667	0.6585365853658537	0.7454545454545455	0.8	0.7450980392156863	0.9078947368421053	0.9523809523809523	0.9090909090909091	0.6666666666666666
dmw=18244	0.846793930494371	0.8157517899761336	0.8790637191157347	0.8938547486033519	0.9060773480662984	0.9183673469387755	0.894478527607362	0.8894230769230769	0.9196787148594378	0.672514619883041	0.7655172413793103	0.8763440860215054	0.7552447552447552	0.8789808917197452	0.9176470588235294	0.963963963963964	0.7553191489361702
dmw=18266	0.6900544959128065	0.5318471337579618	0.6672473867595818	0.8378378378378378	0.6128500823723229	0.7142857142857143	0.583864118895966	0.5647058823529412	0.620253164556962	0.5043478260869565	0.35514018691588783	0.5	0.6428571428571429	0.6296296296296297	0.6526315789473685	0.6764705882352942	0.5977011494252874
dmw=18274	0.8250630782169891	0.7696577243293247	0.8390557939914163	0.8826530612244898	0.7773584905660378	0.9320388349514563	0.804147465437788	0.41687979539641945	0.900709219858156	0.7410714285714286	0.5909090909090909	0.864406779661017	0.8482142857142857	0.7578947368421053	0.8333333333333334	0.9767441860465116	0.8793103448275862
dmw=18279	0.5059037238873751	0.49913344887348354	0.48788927335640137	0.5640138408304498	0.3726315789473684	0.47244094488188976	0.4005681818181818	0.4247787610619469	0.49640287769784175	0.584070796460177	0.5643564356435643	0.5048543689320388	0.46875	0.3557692307692308	0.4888888888888889	0.5	0.39285714285714285
dmw=18299	0.5626865671641791	0.520891364902507	0.5084033613445378	0.6265822784810127	0.33527696793002915	0.5671641791044776	0.36742424242424243	0.40186915887850466	0.38271604938271603	0.5217391304347826	0.4444444444444444	0.625	0.5454545454545454	0.39655172413793105	0.28	0.8125	0.625
dmw=18327	0.3190428713858425	0.302836230558097	0.5171428571428571	0.3432343234323432	0.3691460055096419	0.5	0.39714285714285713	0.26591760299625467	0.5	0.4015748031496063	0.3409090909090909	0.5396825396825397	0.4186046511627907	0.345679012345679	0.5	0.7307692307692307	0.8235294117647058
dmw=18360	0.9436274509803921	0.924892703862661	0.91015625	0.9794520547945206	0.9655172413793104	0.90625	0.9565217391304348	0.9295774647887324	0.9866666666666667	0.6904761904761905	0.961038961038961	0.76	0.85	1.0	1.0	1.0	0.6666666666666666
dmw=18368	0.3827977315689981	0.3483992467043315	0.6997971602434077	0.4447852760736196	0.7445109780439122	0.72	0.7783783783783784	0.14741035856573706	0.8571428571428571	0.7553191489361702	0.6793893129770993	0.7428571428571429	0.20833333333333334	0.9223300970873787	0.6756756756756757	0.9523809523809523	0.6470588235294118
dmw=18373	0.6039735099337749	0.6515151515151515	0.3607305936073059	0.4885844748858447	0.8289085545722714	0.7301587301587301	0.8212927756653993	0.6410256410256411	0.7228915662650602	0.2619047619047619	0.34615384615384615	0.2127659574468085	0.696969696969697	0.7647058823529411	0.8	0.8157894736842105	0.42857142857142855
dmw=18375	0.0066815144766146995	0.0	0.022857142857142857	0.029197080291970802	0.046948356807511735	0.31313131313131315	0.15135135135135136	0.024539877300613498	0.1553398058252427	0.14634146341463414	0.0	0.08333333333333333	0.04	0.38461538461538464	0.2	0.42857142857142855	0.02702702702702703
dmw=18383	0.8977272727272727	0.888807607900512	0.9078014184397163	0.9552238805970149	0.9230769230769231	0.9418960244648318	0.9129554655870445	0.9065817409766455	0.926605504587156	0.4421768707482993	0.8202247191011236	0.9716981132075472	0.896	0.9506172839506173	1.0	0.975	0.8857142857142857
dmw=18393	0.3663716814159292	0.35748031496062993	0.6055555555555555	0.4900990099009901	0.7272727272727273	0.6954022988505747	0.7783505154639175	0.5373134328358209	0.8	0.6585365853658537	0.6	0.8064516129032258	0.4782608695652174	0.7608695652173914	0.6666666666666666	0.9642857142857143	0.6
dmw=18414	0.7126760563380282	0.6634615384615384	0.6496815286624203	0.5842696629213483	0.44144144144144143	0.6818181818181818	0.5779816513761468	0.7209302325581395	0.40540540540540543	0.5185185185185185	0.4074074074074074	0.5789473684210527	0.7619047619047619	0.21739130434782608	0.125	0.7777777777777778	0.058823529411764705
dmw=18498	0.3194888178913738	0.3113879003558719	0.7272727272727273	0.5789473684210527	0.42729970326409494	0.7938144329896907	0.30985915492957744	0.6291079812206573	0.43333333333333335	0.5	0.3	0.52	0.37037037037037035	0.675	0.8823529411764706	0.8064516129032258	0.84
dmw=18533	0.8452502553626149	0.7998909487459106	0.853625170998632	0.8778625954198473	0.7929125138427464	0.8790697674418605	0.7993079584775087	0.844559585492228	0.8120300751879699	0.589041095890411	0.7178217821782178	0.8169014084507042	0.8	0.8316326530612245	0.9591836734693877	0.9215686274509803	0.7291666666666666
dmw=18534	0.7819095477386935	0.6896887159533074	0.6282420749279539	0.8165137614678899	0.5684210526315789	0.788659793814433	0.6766666666666666	0.6049382716049383	0.6230769230769231	0.6951219512195121	0.6530612244897959	0.45	0.5517241379310345	0.18181818181818182	0.7076923076923077	0.48717948717948717	0.86
dmw=18535	0.5769828926905132	0.46865671641791046	0.5555555555555556	0.6040268456375839	0.1033434650455927	0.4126984126984127	0.12352941176470589	0.19642857142857142	0.2153846153846154	0.5161290322580645	0.23076923076923078	0.4230769230769231	0.425	0.018518518518518517	0.058823529411764705	0.47058823529411764	0.6923076923076923
dmw=18543	0.8347826086956521	0.7757936507936508	0.6574074074074074	0.782312925170068	0.5307017543859649	0.7610619469026548	0.43795620437956206	0.5736434108527132	0.5	0.7794117647058824	0.6296296296296297	0.8055555555555556	0.782608695652174	0.34782608695652173	1.0	0.9375	0.9090909090909091
dmw=18551	0.41415929203539825	0.38826185101580135	0.4148936170212766	0.4485981308411215	0.15897435897435896	0.36538461538461536	0.2079207920792079	0.1858974358974359	0.22727272727272727	0.3157894736842105	0.42592592592592593	0.5172413793103449	0.2564102564102564	0.0	0.6363636363636364	0.6190476190476191	0.9090909090909091
dmw=18553	0.7502021018593371	0.6691983122362869	0.7690941385435168	0.8011869436201781	0.35833333333333334	0.8383838383838383	0.3183183183183183	0.33663366336633666	0.2689075630252101	0.7659574468085106	0.5043478260869565	0.8925619834710744	0.7333333333333333	0.5357142857142857	0.863013698630137	0.864406779661017	0.8
dmw=18586	0.01358695652173913	0.003134796238244514	0.006756756756756757	0.0	0.013888888888888888	0.0	0.0	0.0	0.0	0.09523809523809523	0.0	0.16666666666666666	0.0	0.0	0.0	0.0	0.0
dmw=18627	0.7207977207977208	0.6620879120879121	0.5777777777777777	0.5957446808510638	0.44785276073619634	0.8421052631578947	0.512396694214876	0.7090909090909091	0.639344262295082	0.45454545454545453	0.6341463414634146	0.375	0.5333333333333333	0.42105263157894735	0.6666666666666666	0.9714285714285714	0.8666666666666667
dmw=18652	0.6972762645914397	0.681016231474947	0.7125256673511293	0.7391304347826086	0.5677966101694916	0.7864768683274022	0.6469298245614035	0.6436285097192225	0.7466666666666667	0.6839080459770115	0.684931506849315	0.8554216867469879	0.5757575757575758	0.6837606837606838	0.620253164556962	0.6101694915254238	0.7384615384615385
dmw=18662	0.36231884057971014	0.3698453608247423	0.4584615384615385	0.43243243243243246	0.5081081081081081	0.5471698113207547	0.4625	0.2878228782287823	0.552	0.4215686274509804	0.4393939393939394	0.325	0.3269230769230769	0.4666666666666667	0.45	0.5789473684210527	0.43478260869565216
dmw=18663	0.8283261802575107	0.8225806451612904	0.9157894736842105	0.9420289855072463	0.352112676056338	0.9166666666666666	0.5058823529411764	0.8607594936708861	0.5531914893617021	0.7666666666666667	0.6428571428571429	0.8	0.7307692307692307	0.5238095238095238	1.0	1.0	0.7272727272727273
dmw=18760	0.1803230543318649	0.08952654232424677	0.2680161943319838	0.21155943293347873	0.03890784982935153	0.15512048192771086	0.014937106918238994	0.11089303238469088	0.031496062992125984	0.2840909090909091	0.05737704918032787	0.2658959537572254	0.15827338129496402	0.011940298507462687	0.0962962962962963	0.45222929936305734	0.2878787878787879
dmw=18772	0.522867737948084	0.42837653478854026	0.5824915824915825	0.6090225563909775	0.26644736842105265	0.7202797202797203	0.19900497512437812	0.325	0.38926174496644295	0.45454545454545453	0.3076923076923077	0.2903225806451613	0.5686274509803921	0.2	0.6666666666666666	0.8666666666666667	0.8148148148148148
dmw=18773	0.6088607594936709	0.5601503759398496	0.7480314960629921	0.6593886462882096	0.39076923076923076	0.7441860465116279	0.39148936170212767	0.5772727272727273	0.4631578947368421	0.6309523809523809	0.5052631578947369	0.5	0.5384615384615384	0.5428571428571428	0.8604651162790697	1.0	0.7142857142857143
dmw=18775	0.20650263620386644	0.1980115990057995	0.2175824175824176	0.3045822102425876	0.03090507726269316	0.09813084112149532	0.04054054054054054	0.1789709172259508	0.04142011834319527	0.3142857142857143	0.07633587786259542	0.24528301886792453	0.1095890410958904	0.05747126436781609	0.05084745762711865	0.3333333333333333	0.2777777777777778
dmw=18797	0.12927191679049035	0.1470160116448326	0.3413793103448276	0.12663755458515283	0.3941368078175896	0.3153846153846154	0.3305084745762712	0.11267605633802817	0.4090909090909091	0.34615384615384615	0.15714285714285714	0.5373134328358209	0.20967741935483872	0.4339622641509434	0.35714285714285715	0.5483870967741935	0.5
dmw=18845	0.6203143893591294	0.5313568985176739	0.5038560411311054	0.6633663366336634	0.2921615201900237	0.5408805031446541	0.39603960396039606	0.503448275862069	0.21238938053097345	0.4878048780487805	0.4017857142857143	0.5930232558139535	0.6346153846153846	0.1375	0.723404255319149	0.5384615384615384	0.5094339622641509
dmw=18874	0.053763440860215055	0.04740406320541761	0.33557046979865773	0.1796875	0.310126582278481	0.5128205128205128	0.35	0.012987012987012988	0.38461538461538464	0.3958333333333333	0.17073170731707318	0.18518518518518517	0.16666666666666666	0.2894736842105263	0.75	0.7857142857142857	0.0
dmw=18909	0.035940803382663845	0.01293103448275862	0.15083798882681565	0.1391304347826087	0.19745222929936307	0.23893805309734514	0.31875	0.056338028169014086	0.17857142857142858	0.2857142857142857	0.13333333333333333	0.32653061224489793	0.34615384615384615	0.11538461538461539	0.3333333333333333	0.4	0.16666666666666666
dmw=18928	0.5986394557823129	0.595575221238938	0.6029106029106029	0.5756578947368421	0.28865979381443296	0.5129310344827587	0.38372093023255816	0.5753424657534246	0.40714285714285714	0.589041095890411	0.24166666666666667	0.6911764705882353	0.5	0.2894736842105263	0.4264705882352941	0.23943661971830985	0.5185185185185185
dmw=18969	0.0	0.015985790408525755	0.027472527472527472	0.008620689655172414	0.004	0.01639344262295082	0.0	0.01834862385321101	0.0	0.10256410256410256	0.0	0.024390243902439025	0.019230769230769232	0.0	0.0	0.0	0.0
dmw=18977	0.5187637969094923	0.5214446952595937	0.45454545454545453	0.5390070921985816	0.15306122448979592	0.582089552238806	0.07547169811320754	0.18902439024390244	0.05555555555555555	0.5588235294117647	0.5357142857142857	0.6666666666666666	0.25	0.06944444444444445	0.43243243243243246	0.5625	0.3888888888888889
dmw=18985	0.5301837270341208	0.5211428571428571	0.44787644787644787	0.5435684647302904	0.5484764542936288	0.4625	0.5392857142857143	0.6046511627906976	0.5813953488372093	0.47058823529411764	0.4186046511627907	0.10344827586206896	0.5094339622641509	0.5609756097560976	0.6551724137931034	0.6451612903225806	0.5277777777777778
dmw=19010	0.6744704570791528	0.6712485681557846	0.8046875	0.7291666666666666	0.8403614457831325	0.8807339449541285	0.86	0.7729083665338645	0.8769230769230769	0.6818181818181818	0.78	0.676923076923077	0.543859649122807	0.935064935064935	0.926829268292683	0.7611940298507462	0.8095238095238095
dmw=19016	0.6417682926829268	0.6177024482109228	0.3811659192825112	0.5902439024390244	0.37800687285223367	0.5	0.12574850299401197	0.5112781954887218	0.391304347826087	0.2972972972972973	0.5975609756097561	0.2692307692307692	0.3902439024390244	0.25882352941176473	0.6	0.5	0.5555555555555556
dmw=19036	0.7725258493353028	0.7603603603603604	0.9299065420560748	0.8804347826086957	0.9186440677966101	0.8899082568807339	0.9411764705882353	0.7222222222222222	0.9558823529411765	0.8611111111111112	0.7631578947368421	0.8666666666666667	0.55	0.86	0.9411764705882353	1.0	0.9230769230769231
dmw=19049	0.8696596669080376	0.8246031746031746	0.8504672897196262	0.84375	0.4300884955752212	0.7172774869109948	0.6728971962616822	0.827893175074184	0.6273291925465838	0.9387755102040817	0.6880733944954128	0.9186046511627907	0.8412698412698413	0.48091603053435117	0.6585365853658537	0.8333333333333334	0.6666666666666666
dmw=19052	0.8517350157728707	0.7958199356913184	0.8458149779735683	0.8222222222222222	0.7966804979253111	0.925	0.43352601156069365	0.6871794871794872	0.654320987654321	0.6712328767123288	0.8709677419354839	0.7346938775510204	0.9014084507042254	0.7857142857142857	0.75	0.8	0.8333333333333334
dmw=19053	0.009584664536741214	0.0027624309392265192	0.0	0.0	0.0	0.014925373134328358	0.0	0.0	0.0	0.0	0.0	0.0	0.030303030303030304	0.0	0.0	0.0	0.18181818181818182
dmw=19064	0.8513853904282116	0.7407045009784736	0.7931873479318735	0.9041533546325878	0.4340659340659341	0.8217821782178217	0.48863636363636365	0.7746913580246914	0.6033057851239669	0.8181818181818182	0.6808510638297872	0.8225806451612904	0.9382716049382716	0.38	0.6666666666666666	0.8888888888888888	0.7540983606557377
dmw=19071	0.5333333333333333	0.50390625	0.609375	0.7241379310344828	0.14634146341463414	0.631578947368421	0.136986301369863	0.6792452830188679	0.23529411764705882	0.8275862068965517	0.5625	0.72	0.6666666666666666	0.2727272727272727	0.0	0.7142857142857143	0.7692307692307693
dmw=19078	0.4838709677419355	0.32266666666666666	0.779874213836478	0.6847826086956522	0.5569620253164557	0.803030303030303	0.5538461538461539	0.3695652173913043	0.4246575342465753	0.6595744680851063	0.16666666666666666	1.0	0.8113207547169812	0.5616438356164384	0.75	0.9411764705882353	0.7777777777777778
dmw=19080	0.0353356890459364	0.07390648567119155	0.11486486486486487	0.09693877551020408	0.08389261744966443	0.22110552763819097	0.03137254901960784	0.026515151515151516	0.10679611650485436	0.1	0.039473684210526314	0.2808988764044944	0.01818181818181818	0.16883116883116883	0.0	0.21621621621621623	0.0
dmw=19083	0.7442865966646078	0.6965317919075145	0.8021978021978022	0.8188073394495413	0.5977011494252874	0.8032786885245902	0.5659090909090909	0.7435158501440923	0.556910569105691	0.5887850467289719	0.6711711711711712	0.8	0.8333333333333334	0.7033898305084746	0.611764705882353	0.925	0.7520661157024794
dmw=19084	0.12072336265884653	0.04118616144975288	0.6950517836593786	0.3356643356643357	0.4948770491803279	0.7107750472589792	0.654320987654321	0.35233160621761656	0.634703196347032	0.6470588235294118	0.22167487684729065	0.7061611374407583	0.3431372549019608	0.7467811158798283	0.752	0.875	0.7674418604651163
dmw=19087	0.3970420932878271	0.3273113708820404	0.3507246376811594	0.4542124542124542	0.08208955223880597	0.42134831460674155	0.12546125461254612	0.29333333333333333	0.25165562913907286	0.26881720430107525	0.46464646464646464	0.325	0.3877551020408163	0.20224719101123595	0.4166666666666667	0.28125	0.45714285714285713
dmw=19107	0.009900990099009901	0.0025	0.008333333333333333	0.0	0.0	0.0	0.0	0.016666666666666666	0.0	0.0	0.0	0.0	0.13636363636363635	0.0	0.0	0.0	0.0
dmw=19118	0.7511415525114156	0.6273291925465838	0.6204819277108434	0.8333333333333334	0.49101796407185627	0.5056179775280899	0.5	0.7063492063492064	0.28	0.6181818181818182	0.6349206349206349	0.6842105263157895	0.7608695652173914	0.5405405405405406	0.5	0.9019607843137255	0.0
dmw=19122	0.888646288209607	0.8027210884353742	0.842809364548495	0.974025974025974	0.6467065868263473	0.8671328671328671	0.8181818181818182	0.8652482269503546	0.8130081300813008	0.5272727272727272	0.68	0.86	0.9491525423728814	0.6862745098039216	0.7241379310344828	0.6428571428571429	0.65625
dmw=19134	0.2532188841201717	0.22866894197952217	0.5616438356164384	0.35	0.75	0.8148148148148148	0.8235294117647058	0.2909090909090909	0.6764705882352942	0.32142857142857145	0.2631578947368421	0.85	0.2727272727272727	0.6	0.8461538461538461	1.0	0.7
dmw=19142	0.41867704280155643	0.41349206349206347	0.5339366515837104	0.506578947368421	0.527027027027027	0.7920792079207921	0.52	0.7033248081841432	0.47586206896551725	0.4774774774774775	0.5084745762711864	0.30158730158730157	0.6122448979591837	0.7841726618705036	0.9117647058823529	0.9142857142857143	0.675
dmw=19156	0.8251748251748252	0.7632241813602015	0.7645914396887159	0.8874458874458875	0.56797583081571	0.8714285714285714	0.6709558823529411	0.7018348623853211	0.5697674418604651	0.7041420118343196	0.3825503355704698	0.5377358490566038	0.8045977011494253	0.5777777777777777	0.7613636363636364	0.8333333333333334	0.7291666666666666
dmw=19174	0.8821625121398511	0.8688793953335524	0.9262569832402234	0.9251781472684085	0.8838174273858921	0.8952991452991453	0.9194865810968494	0.920314253647587	0.8983050847457628	0.6987951807228916	0.86	0.9174311926605505	0.5778894472361809	0.8	0.9047619047619048	0.881578947368421	0.8880597014925373
dmw=19193	0.7477313974591652	0.7249134948096886	0.7468354430379747	0.852112676056338	0.46785714285714286	0.7868852459016393	0.42063492063492064	0.7052023121387283	0.6	0.71875	0.7727272727272727	0.7674418604651163	0.6086956521739131	0.6144578313253012	0.6851851851851852	0.8076923076923077	0.8823529411764706
dmw=19194	0.3201357466063348	0.27783783783783783	0.6394366197183099	0.54	0.4904109589041096	0.6830985915492958	0.5416666666666666	0.3055555555555556	0.47413793103448276	0.5595238095238095	0.42045454545454547	0.803030303030303	0.4868421052631579	0.4	0.8048780487804879	0.9166666666666666	0.45454545454545453
dmw=19196	0.21862348178137653	0.1390593047034765	0.15606936416184972	0.23893805309734514	0.032520325203252036	0.07692307692307693	0.0658682634730539	0.15517241379310345	0.07692307692307693	0.09090909090909091	0.04477611940298507	0.6136363636363636	0.07894736842105263	0.015384615384615385	0.07692307692307693	0.6666666666666666	0.08
dmw=19209	0.21510883482714468	0.15003441156228492	0.19152542372881357	0.2639593908629442	0.04357798165137615	0.22110552763819097	0.06382978723404255	0.09558823529411764	0.08670520231213873	0.273972602739726	0.15789473684210525	0.1875	0.28	0.056	0.1262135922330097	0.37037037037037035	0.3076923076923077
dmw=19210	0.09578313253012048	0.08803986710963455	0.3401015228426396	0.17889087656529518	0.42229367631296894	0.434010152284264	0.39854014598540144	0.17479674796747968	0.4872611464968153	0.44696969696969696	0.1889763779527559	0.49707602339181284	0.27692307692307694	0.3865979381443299	0.15384615384615385	0.4270833333333333	0.425531914893617
dmw=19223	0.8542615484710475	0.7939778129952456	0.8106617647058824	0.9027149321266968	0.624765478424015	0.845360824742268	0.7306967984934086	0.8351063829787234	0.7619047619047619	0.7833333333333333	0.8142857142857143	0.9509803921568627	0.8026315789473685	0.6139240506329114	0.7924528301886793	0.9428571428571428	0.8529411764705882
dmw=19228	0.8248803827751197	0.799645390070922	0.755939524838013	0.8796296296296297	0.5773420479302832	0.721030042918455	0.4857142857142857	0.7551020408163265	0.5692307692307692	0.7288135593220338	0.8865979381443299	0.6153846153846154	0.7422680412371134	0.5	0.7647058823529411	0.9148936170212766	0.8936170212765957
dmw=19229	0.5658263305322129	0.47391304347826085	0.4146341463414634	0.6103286384976526	0.37966101694915255	0.5636363636363636	0.3512396694214876	0.3951612903225806	0.47058823529411764	0.4854368932038835	0.4057971014492754	0.27586206896551724	0.4375	0.4406779661016949	0.6	0.6666666666666666	0.45
dmw=19233	0.5445134575569358	0.4608879492600423	0.43636363636363634	0.6911764705882353	0.233502538071066	0.581081081081081	0.2803030303030303	0.5112781954887218	0.2972972972972973	0.6129032258064516	0.41935483870967744	0.7272727272727273	0.30303030303030304	0.047619047619047616	0.35	0.5555555555555556	0.7142857142857143
dmw=19234	0.7016861219195849	0.6603535353535354	0.7662835249042146	0.8262910798122066	0.3639344262295082	0.6176470588235294	0.449438202247191	0.5795918367346938	0.47863247863247865	0.6710526315789473	0.44565217391304346	0.7916666666666666	0.46153846153846156	0.37333333333333335	0.6842105263157895	0.5	0.8076923076923077
dmw=19290	0.8238993710691824	0.8362235067437379	0.8019323671497585	0.8235294117647058	0.594059405940594	0.6821705426356589	0.7133333333333334	0.7232142857142857	0.6746987951807228	0.7761194029850746	0.7551020408163265	0.76	0.6625	0.8695652173913043	0.9285714285714286	0.9705882352941176	0.9047619047619048
dmw=19291	0.8380952380952381	0.8603859250851306	0.879746835443038	0.8414096916299559	0.7578347578347578	0.8524590163934426	0.5564853556485355	0.8613445378151261	0.9	0.7142857142857143	0.8026315789473685	0.8533333333333334	0.92	0.8253968253968254	0.9090909090909091	1.0	0.7666666666666667
dmw=19294	0.4558960074280409	0.4640069384215091	0.44266666666666665	0.5306748466257669	0.42857142857142855	0.48704663212435234	0.475	0.33766233766233766	0.4666666666666667	0.345679012345679	0.45	0.2571428571428571	0.43859649122807015	0.39080459770114945	0.5517241379310345	0.5849056603773585	0.421875
dmw=19307	0.09041591320072333	0.07228915662650602	0.20093457943925233	0.15436241610738255	0.30196078431372547	0.2903225806451613	0.3973509933774834	0.0	0.4888888888888889	0.1956521739130435	0.15217391304347827	0.19444444444444445	0.2	0.2857142857142857	0.3508771929824561	0.3793103448275862	0.30434782608695654
dmw=19310	0.8786127167630058	0.8625106746370623	0.8626943005181347	0.8843537414965986	0.9123173277661796	0.9761904761904762	0.9055793991416309	0.8708609271523179	0.9609375	0.6703296703296703	0.905982905982906	0.8292682926829268	0.904	0.9042553191489362	0.9215686274509803	1.0	0.8301886792452831
dmw=19322	0.7639198218262806	0.7734939759036145	0.7831325301204819	0.7534246575342466	0.35648148148148145	0.6904761904761905	0.4375	0.7266666666666667	0.18	0.873015873015873	0.6428571428571429	0.6071428571428571	0.8214285714285714	0.24444444444444444	0.5357142857142857	0.875	0.625
dmw=19340	0.8731587561374795	0.8197908286403862	0.8813131313131313	0.8923766816143498	0.8442307692307692	0.9261363636363636	0.8505434782608695	0.8746355685131195	0.8395061728395061	0.6036036036036037	0.8113207547169812	0.8064516129032258	0.8214285714285714	0.8958333333333334	1.0	0.9560439560439561	0.4117647058823529
dmw=19385	0.39751552795031053	0.3624928530588908	0.6130221130221131	0.5666666666666667	0.6423562412342216	0.55	0.6708074534161491	0.45824847250509165	0.6306306306306306	0.5377358490566038	0.43805309734513276	0.6241610738255033	0.5	0.7142857142857143	0.5652173913043478	0.7727272727272727	0.6483516483516484
dmw=19391	0.9450063211125158	0.9108855047941342	0.9336734693877551	0.967391304347826	0.9361702127659575	0.9695945945945946	0.9582608695652174	0.9494949494949495	0.9655172413793104	0.7220338983050848	0.9293478260869565	0.9202453987730062	0.8367346938775511	0.9612903225806452	0.95	0.979381443298969	0.8108108108108109
dmw=19425	0.8577336641852771	0.8387096774193549	0.8523908523908524	0.95	0.8409893992932862	0.9727891156462585	0.8964705882352941	0.8977272727272727	0.9572649572649573	0.8243243243243243	0.8879310344827587	0.873015873015873	0.7894736842105263	0.9473684210526315	0.9166666666666666	0.9615384615384616	0.8461538461538461
dmw=19457	0.7031029619181947	0.768983268983269	0.7177121771217713	0.7414187643020596	0.5519713261648745	0.6311111111111111	0.46790890269151136	0.553072625698324	0.5358851674641149	0.7010309278350515	0.6237623762376238	0.8538461538461538	0.6440677966101694	0.4392523364485981	0.8021978021978022	0.6666666666666666	0.8867924528301887
dmw=19464	0.8377581120943953	0.8074839980305268	0.8882882882882883	0.8990291262135922	0.8626292466765141	0.9420289855072463	0.897364771151179	0.9083333333333333	0.9227053140096618	0.6242424242424243	0.7707317073170732	0.8951612903225806	0.9230769230769231	0.85	0.984375	0.9473684210526315	0.7777777777777778
dmw=19474	0.9023991275899673	0.8697547683923705	0.8990825688073395	0.9131886477462438	0.8895705521472392	0.9257294429708223	0.8739495798319328	0.9193825042881647	0.9164179104477612	0.8372093023255814	0.8482142857142857	0.848780487804878	0.7373737373737373	0.8736842105263158	0.9696969696969697	0.9690721649484536	0.8085106382978723
dmw=19475	0.8513011152416357	0.7913247362250879	0.8771428571428571	0.8971061093247589	0.7322695035460993	0.8721311475409836	0.7616099071207431	0.9043478260869565	0.86	0.7473684210526316	0.6530612244897959	0.8521739130434782	0.7380952380952381	0.8705882352941177	0.8817204301075269	0.7096774193548387	0.819672131147541
dmw=19478	0.8680089485458613	0.792694965449161	0.6728971962616822	0.8820754716981132	0.6936708860759494	0.8875968992248062	0.8544061302681992	0.6	0.768595041322314	0.7857142857142857	0.6333333333333333	0.9298245614035088	0.9468085106382979	0.8245614035087719	0.9259259259259259	0.7631578947368421	0.0
dmw=19484	0.15008726003490402	0.08949771689497717	0.5021008403361344	0.23421052631578948	0.5217391304347826	0.5480769230769231	0.5184135977337111	0.49166666666666664	0.5252525252525253	0.3620689655172414	0.23770491803278687	0.5	0.2602739726027397	0.5272727272727272	0.525	0.6226415094339622	0.5625
dmw=19485	0.3415730337078652	0.24936386768447838	0.7540983606557377	0.5435897435897435	0.8274231678486997	0.8617021276595744	0.7916666666666666	0.44954128440366975	0.8125	0.890625	0.36666666666666664	0.8656716417910447	0.5480769230769231	0.8651685393258427	0.8076923076923077	0.7027027027027027	0.8095238095238095
dmw=19504	0.013114754098360656	0.003787878787878788	0.007874015748031496	0.0	0.009345794392523364	0.0	0.008620689655172414	0.0196078431372549	0.04878048780487805	0.0	0.0	0.16	0.0	0.0	0.0	0.0	0.0
dmw=19505	0.9101449275362319	0.8966887417218543	0.948948948948949	0.9521276595744681	0.8967551622418879	0.9918032786885246	0.9348837209302325	0.9116465863453815	0.9173553719008265	0.6296296296296297	0.8285714285714286	0.8235294117647058	0.8032786885245902	0.953125	1.0	0.7586206896551724	0.5517241379310345
dmw=19506	0.6116751269035533	0.6182065217391305	0.6645962732919255	0.7411764705882353	0.6632124352331606	0.6229508196721312	0.6129032258064516	0.6558704453441295	0.6462585034013606	0.5833333333333334	0.5882352941176471	0.3684210526315789	0.5952380952380952	0.6103896103896104	0.5714285714285714	0.5277777777777778	0.38461538461538464
dmw=19507	0.899057127010538	0.8862001308044474	0.9138840070298769	0.9068901303538175	0.9273570324574961	0.9246753246753247	0.9177101967799642	0.9533678756476683	0.8848920863309353	0.8167539267015707	0.8475609756097561	0.9230769230769231	0.9565217391304348	0.90625	0.905982905982906	0.7560975609756098	0.6463414634146342
dmw=19508	0.8956969130028064	0.8937242327072835	0.9496221662468514	0.9467140319715808	0.9423368740515933	0.9552772808586762	0.9294258373205742	0.9418070444104135	0.9359430604982206	0.8592964824120602	0.9022988505747126	0.9057377049180327	0.916083916083916	0.9215686274509803	0.9833333333333333	1.0	0.5192307692307693
dmw=19509	0.9245585874799358	0.9125874125874126	0.8816964285714286	0.9397163120567376	0.9310344827586207	0.9808612440191388	0.9359756097560976	0.9307479224376731	0.9308510638297872	0.5157894736842106	0.7916666666666666	0.9696969696969697	0.6818181818181818	0.9607843137254902	1.0	0.8846153846153846	0.8837209302325582
dmw=19511	0.3894736842105263	0.3470899470899471	0.31545741324921134	0.5267175572519084	0.19519519519519518	0.558282208588957	0.2156398104265403	0.22740524781341107	0.22556390977443608	0.2037037037037037	0.15730337078651685	0.21052631578947367	0.589041095890411	0.224	0.4444444444444444	0.2727272727272727	0.36619718309859156
dmw=19516	0.8658623136976579	0.8189873417721519	0.9307909604519774	0.9160493827160494	0.9077429983525536	0.9551569506726457	0.8607888631090487	0.8827160493827161	0.859375	0.7575757575757576	0.8116883116883117	0.9065934065934066	0.9322033898305084	0.905511811023622	1.0	0.7931034482758621	0.72
dmw=19517	0.8962779156327544	0.8786926461345066	0.9205526770293609	0.9492481203007519	0.9024	0.9223057644110275	0.8785310734463276	0.9406392694063926	0.935064935064935	0.5391705069124424	0.8741258741258742	0.9416666666666667	0.7478991596638656	0.9618320610687023	1.0	0.9655172413793104	0.6338028169014085
dmw=19523	0.5899880810488677	0.6132665832290363	0.7307692307692307	0.7364620938628159	0.5989717223650386	0.7889447236180904	0.6569767441860465	0.6411483253588517	0.6981132075471698	0.7564102564102564	0.375	0.9753086419753086	0.6727272727272727	0.6571428571428571	0.64	0.9791666666666666	0.72
dmw=19528	0.87875	0.8822937625754527	0.8353293413173652	0.8269230769230769	0.6561679790026247	0.8926553672316384	0.7254901960784313	0.8975409836065574	0.8888888888888888	0.625	0.5983606557377049	0.8387096774193549	0.9137931034482759	0.7961165048543689	0.9111111111111111	0.9302325581395349	0.8113207547169812
dmw=19532	0.7095990279465371	0.6546454767726161	0.7817896389324961	0.8660550458715597	0.6118836915297092	0.6371681415929203	0.6574225122349103	0.7321772639691715	0.8313253012048193	0.7718446601941747	0.7463768115942029	0.743801652892562	0.8095238095238095	0.6194029850746269	0.7058823529411765	0.868421052631579	0.8888888888888888
dmw=19533	0.8821428571428571	0.8210862619808307	0.8045112781954887	0.8924731182795699	0.40458015267175573	0.8064516129032258	0.5384615384615384	0.8645833333333334	0.6122448979591837	0.8076923076923077	0.5714285714285714	0.7631578947368421	0.8666666666666667	0.4444444444444444	1.0	1.0	1.0
dmw=19534	0.8943965517241379	0.8738584474885844	0.941944847605225	0.9633251833740831	0.9113110539845758	0.9342915811088296	0.9187418086500655	0.9385796545105566	0.9038461538461539	0.7047619047619048	0.863905325443787	0.8571428571428571	0.8634146341463415	0.9657534246575342	0.9885057471264368	1.0	0.921875
dmw=19535	0.9219571370804691	0.8926499032882012	0.9127358490566038	0.9423076923076923	0.9078787878787878	0.9328859060402684	0.9413333333333334	0.9391447368421053	0.9585492227979274	0.7628458498023716	0.9074074074074074	0.8181818181818182	0.8359375	0.9776785714285714	0.9242424242424242	0.981651376146789	0.8527131782945736
dmw=19536	0.8980865224625624	0.8714011516314779	0.9386792452830188	0.9255150554675119	0.9110556940980881	0.9492600422832981	0.9310793237971391	0.9150823827629911	0.9080459770114943	0.6084142394822006	0.8901960784313725	0.9341317365269461	0.8048780487804879	0.9230769230769231	0.9761904761904762	0.9320388349514563	0.8245614035087719
dmw=19539	0.8900634249471459	0.8545187362233652	0.9049586776859504	0.9365558912386707	0.9147894221351616	0.905982905982906	0.8829676071055381	0.9303135888501742	0.9357798165137615	0.7796610169491526	0.8867313915857605	0.9415204678362573	0.6612903225806451	0.9487179487179487	0.961038961038961	0.990909090909091	0.6458333333333334
dmw=19543	0.8367052023121387	0.8081123244929798	0.9086021505376344	0.9226190476190477	0.9198113207547169	0.9298245614035088	0.881578947368421	0.8582089552238806	0.8275862068965517	0.4189189189189189	0.7560975609756098	0.7142857142857143	0.6111111111111112	0.9180327868852459	1.0	0.8378378378378378	0.8571428571428571
dmw=19545	0.36281179138321995	0.3962655601659751	0.558282208588957	0.5670103092783505	0.6878306878306878	0.7349397590361446	0.727810650887574	0.31724137931034485	0.6304347826086957	0.5652173913043478	0.5	0.6666666666666666	0.4	0.6538461538461539	0.8666666666666667	0.625	0.5882352941176471
dmw=19553	0.834061135371179	0.7297047970479705	0.9036885245901639	0.8853868194842407	0.8186157517899761	0.9388888888888889	0.8403908794788274	0.8615916955017301	0.8596491228070176	0.5196078431372549	0.7386363636363636	0.88	0.8313253012048193	0.8055555555555556	0.9772727272727273	0.9629629629629629	0.6097560975609756
dmw=19554	0.6923076923076923	0.5793650793650794	0.6666666666666666	0.8111111111111111	0.5307855626326964	0.71875	0.5372168284789643	0.7515151515151515	0.45751633986928103	0.48717948717948717	0.5	0.5818181818181818	0.6049382716049383	0.35051546391752575	0.7166666666666667	0.8648648648648649	0.9166666666666666
dmw=19555	0.7508138502515537	0.7246753246753247	0.7553333333333333	0.7765486725663717	0.5805447470817121	0.7689655172413793	0.6007371007371007	0.6514522821576764	0.6575963718820862	0.673992673992674	0.7072463768115942	0.7385159010600707	0.758957654723127	0.5498489425981873	0.7	0.7939698492462312	0.5507246376811594
dmw=19558	0.25868725868725867	0.3328290468986384	0.43317972350230416	0.3090909090909091	0.616	0.5906040268456376	0.581081081081081	0.28921568627450983	0.5806451612903226	0.2916666666666667	0.4157303370786517	0.5	0.175	0.3541666666666667	0.4782608695652174	0.6666666666666666	0.2903225806451613
dmw=19559	0.8576512455516014	0.893212669683258	0.8533333333333334	0.9014598540145985	0.8706467661691543	0.8553459119496856	0.9532163742690059	0.7604790419161677	0.8625	0.8877551020408163	0.8875	0.8974358974358975	0.8970588235294118	0.9642857142857143	0.8888888888888888	0.9333333333333333	0.8928571428571429
dmw=19562	0.9238754325259516	0.8847425602267359	0.9285714285714286	0.9523809523809523	0.9367369589345172	0.9825581395348837	0.9097421203438395	0.9290322580645162	0.9421487603305785	0.8207547169811321	0.8758169934640523	0.8068965517241379	0.7394957983193278	0.9827586206896551	0.9591836734693877	0.9885057471264368	0.6964285714285714
dmw=19567	0.9527452745274527	0.9518134715025907	0.9468085106382979	0.9827586206896551	0.9672619047619048	0.9794520547945206	0.9414414414414415	0.9606625258799172	0.9802371541501976	0.9444444444444444	0.9441340782122905	0.9022988505747126	0.872093023255814	0.9259259259259259	0.9411764705882353	0.7395833333333334	0.9074074074074074
dmw=19569	0.5585585585585585	0.4672131147540984	0.4734848484848485	0.48427672955974843	0.4033898305084746	0.41379310344827586	0.24242424242424243	0.4416243654822335	0.28735632183908044	0.35064935064935066	0.2535211267605634	0.5	0.2631578947368421	0.6428571428571429	0.23684210526315788	0.7777777777777778	0.13157894736842105
dmw=19571	0.8687040181097906	0.7957351290684624	0.9066666666666666	0.9322033898305084	0.8873239436619719	0.8513011152416357	0.8878787878787879	0.8891213389121339	0.898876404494382	0.9207920792079208	0.8324607329842932	0.8333333333333334	0.6578947368421053	0.8020833333333334	0.9594594594594594	0.9841269841269841	0.7710843373493976
dmw=19574	0.9014814814814814	0.860977288368892	0.9311827956989247	0.9533527696793003	0.9138576779026217	0.9411764705882353	0.927765237020316	0.9040178571428571	0.9308510638297872	0.7661290322580645	0.924812030075188	0.971830985915493	0.6198347107438017	0.8620689655172413	1.0	0.9871794871794872	0.8852459016393442
dmw=19581	0.8640040444893832	0.833922261484099	0.906832298136646	0.8960629921259843	0.8708133971291866	0.8964705882352941	0.8806544754571703	0.9148629148629148	0.9276729559748428	0.7043010752688172	0.8932806324110671	0.9382022471910112	0.985	0.9285714285714286	0.9418604651162791	0.8870967741935484	0.75
dmw=19582	0.8848005502063274	0.8252361673414305	0.9328859060402684	0.9302030456852792	0.8885714285714286	0.937365010799136	0.8965873836608066	0.8852071005917159	0.9119496855345912	0.7130044843049327	0.8369905956112853	0.886986301369863	0.7583333333333333	0.9606741573033708	0.975609756097561	0.8823529411764706	0.6761904761904762
dmw=19587	0.8843797856049005	0.8241379310344827	0.9561200923787528	0.926509186351706	0.8660287081339713	0.9565217391304348	0.8975903614457831	0.8994252873563219	0.9371428571428572	0.20408163265306123	0.8402777777777778	0.9398496240601504	0.8688524590163934	0.9361702127659575	0.9807692307692307	0.8205128205128205	0.7530864197530864
dmw=19588	0.8305378831694621	0.8076923076923077	0.863517060367454	0.9033613445378151	0.9028901734104047	0.9267605633802817	0.8846153846153846	0.8786482334869432	0.914572864321608	0.44751381215469616	0.8577981651376146	0.8770491803278688	0.8723404255319149	0.9054054054054054	1.0	0.972972972972973	0.8181818181818182
dmw=19589	0.8951686417502279	0.8622448979591837	0.929718875502008	0.9152892561983471	0.9369202226345084	0.9402985074626866	0.9488	0.933206106870229	0.9214659685863874	0.6119402985074627	0.9365079365079365	0.7916666666666666	0.8823529411764706	0.9117647058823529	1.0	0.9605263157894737	0.8
dmw=19590	0.8348170128585559	0.7687203791469195	0.8565400843881856	0.8834688346883469	0.9295154185022027	0.88	0.8422273781902552	0.8518518518518519	0.8333333333333334	0.704	0.8461538461538461	0.855072463768116	0.9302325581395349	0.9180327868852459	0.9090909090909091	0.9603960396039604	0.74
dmw=19591	0.8900226757369615	0.8334277620396601	0.8819362455726092	0.9090909090909091	0.914249684741488	0.9621993127147767	0.9096296296296297	0.9174917491749175	0.9183673469387755	0.7340823970037453	0.9259259259259259	0.7631578947368421	0.9285714285714286	0.9772727272727273	0.96	0.8493150684931506	0.7368421052631579
dmw=19596	0.8669724770642202	0.7581967213114754	0.8936651583710408	0.9230769230769231	0.9025974025974026	0.9518716577540107	0.8611764705882353	0.8930041152263375	0.8461538461538461	0.672316384180791	0.7125	1.0	0.9016393442622951	0.9587628865979382	0.9298245614035088	0.9565217391304348	0.7068965517241379
dmw=19597	0.886117136659436	0.9039900249376559	0.9122807017543859	0.9053497942386831	0.8513513513513513	0.91	0.852233676975945	0.9703264094955489	0.898989898989899	0.7065217391304348	0.84	1.0	0.9736842105263158	0.7313432835820896	1.0	0.972972972972973	0.9
dmw=19601	0.9037974683544304	0.9181034482758621	0.8964646464646465	0.9565217391304348	0.9364548494983278	0.9695121951219512	0.9233128834355828	0.9576271186440678	0.9528301886792453	0.8867924528301887	0.9324324324324325	0.9714285714285714	0.9615384615384616	0.84375	1.0	0.7142857142857143	0.42857142857142855
dmw=19602	0.9379760609357998	0.9111216730038023	0.9638916750250752	0.9608177172061328	0.9264705882352942	0.981081081081081	0.9536231884057971	0.9543509272467903	0.9303135888501742	0.7741935483870968	0.9055555555555556	0.9191176470588235	0.8157894736842105	0.9127906976744186	0.9139784946236559	1.0	0.7543859649122807
dmw=19603	0.7944199706314243	0.7247191011235955	0.8273092369477911	0.8823529411764706	0.8717948717948718	0.940677966101695	0.8774509803921569	0.8515625	0.9433962264150944	0.6944444444444444	0.9259259259259259	0.7121212121212122	0.6176470588235294	0.9295774647887324	0.96875	0.9	0.8125
dmw=19604	0.8761968381206858	0.8407058823529412	0.9001560062402496	0.9315985130111524	0.920921825576141	0.9357601713062098	0.9108327192336035	0.9296137339055794	0.9365994236311239	0.6948818897637795	0.875	0.8189300411522634	0.8385964912280702	0.9455958549222798	0.959731543624161	0.9467455621301775	0.7846715328467153
dmw=19605	0.8729333963155409	0.8616383616383616	0.9605095541401274	0.9389179755671903	0.9278481012658227	0.9537275064267352	0.9198369565217391	0.9475100942126514	0.9471544715447154	0.7794117647058824	0.8830188679245283	0.9424083769633508	0.9008264462809917	0.9830508474576272	0.9636363636363636	0.9885057471264368	0.6746987951807228
dmw=19606	0.8754595588235294	0.8099343185550082	0.8849740932642487	0.9089655172413793	0.9121212121212121	0.980225988700565	0.8927738927738927	0.9251968503937008	0.9568345323741008	0.827433628318584	0.8986784140969163	0.6728971962616822	0.7485714285714286	0.900398406374502	0.8089887640449438	0.9148936170212766	0.6952380952380952
dmw=19607	0.8874724197107134	0.8465016658733936	0.9105034182722188	0.9330855018587361	0.91	0.944206008583691	0.9042386185243328	0.9157446808510639	0.8917089678510999	0.6877637130801688	0.8674033149171271	0.8526645768025078	0.936	0.9597855227882037	0.9479166666666666	0.9724137931034482	0.6096256684491979
dmw=19608	0.8524	0.8186212694409416	0.8926654740608229	0.8949964763918252	0.8892938496583144	0.9559471365638766	0.8788788788788788	0.8899868247694335	0.9247311827956989	0.821917808219178	0.8212765957446808	0.830952380952381	0.8477366255144033	0.9197761194029851	0.9567307692307693	0.8883495145631068	0.572139303482587
dmw=19609	0.8506317689530686	0.8023049645390071	0.9442857142857143	0.9098837209302325	0.9181034482758621	0.9560439560439561	0.8904109589041096	0.9069069069069069	0.9076923076923077	0.812	0.841897233201581	0.9506172839506173	0.889763779527559	0.8969072164948454	0.9733333333333334	0.9157894736842105	0.65625
dmw=19610	0.8745210727969349	0.8190327613104524	0.9113636363636364	0.9113924050632911	0.915	0.8959731543624161	0.8798882681564246	0.9240506329113924	0.8118811881188119	0.7045454545454546	0.911504424778761	0.76	0.8688524590163934	0.896774193548387	0.953125	0.978021978021978	0.62
dmw=19611	0.8714830710538866	0.8452355111786412	0.929845422116528	0.9383399209486166	0.9134396355353075	0.9504405286343612	0.920591456736035	0.9305019305019305	0.8752327746741154	0.7230769230769231	0.857421875	0.9420731707317073	0.7672727272727272	0.9112149532710281	0.8947368421052632	0.9256198347107438	0.7876712328767124
dmw=19612	0.8415559772296015	0.8021201413427562	0.9482758620689655	0.9002770083102493	0.9333333333333333	0.9680851063829787	0.9112627986348123	0.8621794871794872	0.9120879120879121	0.9506172839506173	0.6219512195121951	0.8923076923076924	0.8947368421052632	0.935064935064935	0.9555555555555556	0.9615384615384616	0.8571428571428571
dmw=19613	0.8169014084507042	0.7552657973921765	0.910025706940874	0.8228571428571428	0.8416666666666667	0.9565217391304348	0.8833333333333333	0.8716216216216216	0.9285714285714286	0.8787878787878788	0.7628865979381443	0.9247311827956989	0.7714285714285715	0.9285714285714286	0.9523809523809523	0.9736842105263158	0.4642857142857143
dmw=19614	0.8218954248366013	0.7951496388028896	0.8674863387978142	0.9046822742474916	0.857293868921776	0.9261744966442953	0.847887323943662	0.8968386023294509	0.9202127659574468	0.5595238095238095	0.7944444444444444	0.7209302325581395	0.9521531100478469	0.907103825136612	1.0	0.9354838709677419	0.9795918367346939
dmw=19615	0.7946725860155383	0.6787330316742082	0.8673218673218673	0.7572815533980582	0.8532110091743119	0.92	0.8618618618618619	0.8328445747800587	0.7708333333333334	0.7452830188679245	0.7739130434782608	0.8518518518518519	0.8269230769230769	0.8916666666666667	0.9178082191780822	1.0	0.6888888888888889
dmw=19616	0.8533333333333334	0.8512960436562074	0.9139344262295082	0.9013157894736842	0.9258010118043845	0.9582089552238806	0.8823529411764706	0.9197651663405088	0.925	0.6466666666666666	0.8333333333333334	0.8591549295774648	0.8736842105263158	0.9732142857142857	0.9655172413793104	0.9069767441860465	0.8588235294117647
dmw=19617	0.8721997796547926	0.8104015799868335	0.9205357142857142	0.9380530973451328	0.9010238907849829	0.9568788501026694	0.893526405451448	0.9053591790193842	0.9662027833001988	0.8161559888579387	0.84375	0.9250936329588015	0.9509803921568627	0.967032967032967	0.9875776397515528	0.9545454545454546	0.5783132530120482
dmw=19618	0.7629960871995528	0.7215789473684211	0.9055900621118013	0.82	0.7878440366972477	0.8982558139534884	0.7887563884156729	0.8056537102473498	0.8523076923076923	0.5975609756097561	0.7682926829268293	0.8871794871794871	0.8620689655172413	0.7990196078431373	0.8823529411764706	0.9680851063829787	0.8333333333333334
dmw=19619	0.841931216931217	0.7901053864168618	0.9000812347684809	0.9078156312625251	0.8858530661809351	0.896	0.8893166506256015	0.8639846743295019	0.9081364829396326	0.6895674300254453	0.8540145985401459	0.8114035087719298	0.7454545454545455	0.9204152249134948	0.927710843373494	0.9821428571428571	0.6837606837606838
dmw=19620	0.8495639534883721	0.8414820473644004	0.8855359001040582	0.9192462987886945	0.9213649851632048	0.8822652757078987	0.8682328907048008	0.9036755386565273	0.9312169312169312	0.8328912466843501	0.7583333333333333	0.9234972677595629	0.9193548387096774	0.9623430962343096	0.951417004048583	0.978021978021978	0.7716535433070866
dmw=19621	0.8855245165071303	0.849887556221889	0.9412034910427194	0.9163923633969717	0.9162261081740545	0.9447463768115942	0.9087115284298383	0.9102231447846393	0.9163822525597269	0.6939203354297694	0.8897058823529411	0.859375	0.9154929577464789	0.9514285714285714	0.9775641025641025	0.9803921568627451	0.8013698630136986
dmw=19622	0.8965930902111324	0.8258064516129032	0.929047907822923	0.9322183098591549	0.9155489319423745	0.9317365269461078	0.8982035928143712	0.932441942294159	0.9345955249569707	0.7405857740585774	0.8316498316498316	0.9292452830188679	0.896551724137931	0.9207317073170732	0.9651741293532339	0.9322033898305084	0.7741935483870968
dmw=19623	0.8260598503740648	0.7798340778557754	0.8820224719101124	0.9055258467023173	0.8608108108108108	0.9518413597733711	0.85	0.8202959830866807	0.8571428571428571	0.8590909090909091	0.7351351351351352	0.9381443298969072	0.8444444444444444	0.8883495145631068	1.0	0.9888888888888889	0.6229508196721312
dmw=19624	0.8702111024237685	0.8278874150760271	0.9149400218102508	0.901219512195122	0.8912685337726524	0.9584775086505191	0.8946322067594433	0.8879668049792531	0.9525862068965517	0.8293838862559242	0.884	0.9016393442622951	0.7898550724637681	0.9330143540669856	1.0	0.9717514124293786	0.65625
dmw=19625	0.9027027027027027	0.8600979858464889	0.927027027027027	0.9391480730223124	0.9348341232227488	0.9561643835616438	0.9421364985163204	0.9199457259158752	0.914396887159533	0.8	0.7797619047619048	0.9665071770334929	0.9866666666666667	0.9879032258064516	0.9662921348314607	0.9069767441860465	0.7844827586206896
dmw=19626	0.8645130183220829	0.844411619891679	0.9149746192893401	0.9292364990689013	0.9034334763948498	0.9442231075697212	0.9012345679012346	0.9168900804289544	0.9261744966442953	0.788659793814433	0.815028901734104	0.8588957055214724	0.6696428571428571	0.960352422907489	0.9574468085106383	0.989247311827957	0.5833333333333334
dmw=19627	0.87390263367917	0.8210290827740492	0.8899176954732511	0.8753894080996885	0.8912167606768735	0.9534313725490197	0.8878504672897196	0.9267990074441688	0.9247311827956989	0.7917808219178082	0.843065693430657	0.875	0.92	0.9224489795918367	0.9280575539568345	0.949438202247191	0.7692307692307693
dmw=19628	0.8887594641817123	0.8163392578734019	0.9090909090909091	0.9004914004914005	0.8971308607417775	0.9276672694394213	0.9045226130653267	0.9121245828698554	0.8759305210918115	0.8355795148247979	0.8786407766990292	0.9562043795620438	0.7635467980295566	0.9548022598870056	0.9393939393939394	0.9696969696969697	0.6850393700787402
dmw=19629	0.7593818984547461	0.7172995780590717	0.8349514563106796	0.7904761904761904	0.7889655172413793	0.897196261682243	0.7725381414701803	0.8361774744027304	0.8898678414096917	0.6881188118811881	0.6422413793103449	0.9	0.7816091954022989	0.8192090395480226	0.9259259259259259	0.918918918918919	0.5540540540540541
dmw=19630	0.8947741364038972	0.856199282883563	0.9146407347379795	0.9072615923009624	0.9025764895330113	0.9498364231188658	0.9088925259138025	0.9199759326113117	0.8659517426273459	0.7555012224938875	0.8518518518518519	0.9364303178484108	0.872791519434629	0.9597701149425287	0.9329268292682927	0.9064039408866995	0.7785016286644951
dmw=19631	0.8440967283072546	0.8481178396072013	0.894420600858369	0.9009661835748792	0.9014179608372721	0.9411764705882353	0.8677551020408163	0.8860016764459346	0.8647798742138365	0.6948228882833788	0.8451025056947609	0.8928571428571429	0.8592233009708737	0.9397590361445783	0.95	0.9572649572649573	0.375
dmw=19632	0.7776152158010241	0.7670294236195082	0.8801229508196722	0.8348868175765646	0.8514664143803217	0.9189627228525121	0.8233830845771144	0.8508997429305912	0.8805555555555555	0.7903930131004366	0.8061797752808989	0.8859649122807017	0.826530612244898	0.9417989417989417	0.9270833333333334	0.8811881188118812	0.5603448275862069
dmw=19633	0.8757575757575757	0.8252252252252252	0.9096313912009513	0.9040880503144654	0.9136069114470843	0.9385593220338984	0.8726355611601513	0.9085439229843562	0.9085714285714286	0.8681318681318682	0.7785714285714286	0.8443579766536965	0.8709677419354839	0.9435897435897436	0.9528301886792453	0.9801324503311258	0.5166666666666667
dmw=19634	0.8335353535353536	0.7753647777400746	0.8943661971830986	0.9370503597122302	0.8435374149659864	0.9380530973451328	0.858600583090379	0.865967365967366	0.879837067209776	0.7214611872146118	0.8596491228070176	0.9081081081081082	0.9010989010989011	0.9037900874635568	0.93	0.9183673469387755	0.5641025641025641
dmw=19635	0.8146938775510204	0.7575542125844295	0.8914807302231237	0.8744884038199181	0.8286235186873291	0.902135231316726	0.8110599078341014	0.8597857838364168	0.8760330578512396	0.7676348547717843	0.6971153846153846	0.8806818181818182	0.9349593495934959	0.8775510204081632	0.8676470588235294	0.8195876288659794	0.7719298245614035
dmw=19636	0.8493408662900188	0.822265625	0.8773946360153256	0.9356846473029046	0.8783977110157367	0.8771929824561403	0.9186046511627907	0.8584686774941995	0.8759124087591241	0.7365269461077845	0.7080745341614907	0.7055214723926381	0.8175675675675675	0.9354838709677419	0.9821428571428571	0.9739130434782609	0.6129032258064516
dmw=19637	0.7736113896129938	0.7174916107382551	0.8716577540106952	0.8524046434494196	0.8384387351778656	0.9427027027027027	0.8237347294938918	0.8401384083044983	0.8576104746317512	0.7196531791907514	0.7614314115308151	0.8168674698795181	0.7816593886462883	0.8706563706563707	0.9746835443037974	0.943127962085308	0.6651162790697674
dmw=19638	0.8158544108574953	0.7788632326820604	0.8427726120033813	0.8719590268886044	0.8795962509012256	0.8842592592592593	0.8522012578616353	0.8897560975609756	0.8689655172413793	0.6070381231671554	0.7746478873239436	0.797752808988764	0.7950310559006211	0.8963414634146342	0.9397590361445783	0.9705882352941176	0.6797385620915033
dmw=19639	0.8146805618486633	0.7934397163120568	0.9155107187894073	0.8986928104575164	0.8686868686868687	0.9144254278728606	0.8707571801566579	0.8822714681440443	0.8910891089108911	0.7333333333333333	0.776536312849162	0.92	0.8740740740740741	0.949438202247191	0.9174311926605505	0.9264705882352942	0.7157894736842105
dmw=19640	0.8618673250601001	0.831451355661882	0.9020574732188403	0.8963486454652533	0.8967295226870948	0.9227086183310533	0.8829249319331	0.8823874755381604	0.905377456049638	0.7896233120113717	0.8330071754729289	0.8805346700083542	0.8391534391534392	0.9136253041362531	0.9493506493506494	0.947209653092006	0.6440972222222222
dmw=19641	0.7459436195394878	0.6926469264692647	0.8325630603040258	0.8160059220266491	0.8138986397542782	0.8704358068315665	0.8079118283802401	0.779874213836478	0.8178499726227414	0.674953531598513	0.7263361236316807	0.8121413470250679	0.7643549589858315	0.8206004393458628	0.887302396736359	0.8960739030023095	0.6348993288590604
dmw=19642	0.7727712486717102	0.7264755365973863	0.8429417773237998	0.832851495663461	0.8155400397862465	0.8743376828786081	0.8150743634988656	0.7888147371904473	0.8268573598278699	0.7181865018031942	0.7614449808556684	0.8125140670717983	0.7735849056603774	0.8359501894964808	0.914426353653919	0.8876611418047882	0.6750241080038573
dmw=19644	0.8581579666575567	0.8286159439106725	0.905616224648986	0.9087003222341569	0.8927710843373494	0.9231738035264484	0.8553750966744006	0.8834355828220859	0.8991596638655462	0.5510204081632653	0.833648393194707	0.847682119205298	0.9195979899497487	0.9287749287749287	0.945054945054945	0.9382022471910112	0.6964285714285714
dmw=19645	0.8867635807192042	0.8626577579806979	0.9298597194388778	0.9368421052631579	0.9460431654676259	0.9662921348314607	0.928709055876686	0.9154078549848943	0.9354838709677419	0.59	0.8620689655172413	0.8818897637795275	0.9814814814814815	0.9512195121951219	0.9354838709677419	0.9583333333333334	0.8571428571428571
dmw=19646	0.8710181136789507	0.7670173267326733	0.8945993031358885	0.9118773946360154	0.8868065967016492	0.9550321199143469	0.8402107111501317	0.8731182795698925	0.8956521739130435	0.6910828025477707	0.8006644518272426	0.7294685990338164	0.865546218487395	0.9592592592592593	0.9247311827956989	0.91875	0.7372262773722628
dmw=19647	0.7588652482269503	0.6096491228070176	0.7522658610271903	0.8549618320610687	0.8096514745308311	0.8832116788321168	0.7925925925925926	0.6481481481481481	0.8934426229508197	0.6320754716981132	0.6043956043956044	0.7671232876712328	0.921875	0.7162162162162162	0.9583333333333334	0.8292682926829268	0.6333333333333333
dmw=19648	0.8746770025839793	0.7553551296505073	0.9244444444444444	0.8465346534653465	0.896875	0.8775510204081632	0.8540540540540541	0.8409090909090909	0.9405940594059405	0.48936170212765956	0.7272727272727273	0.7833333333333333	0.9387755102040817	0.95	1.0	1.0	0.6428571428571429
dmw=19650	0.8131229235880398	0.8195121951219512	0.8789808917197452	0.8741496598639455	0.8935281837160751	0.9043478260869565	0.8521560574948666	0.833810888252149	0.9064748201438849	0.8615384615384616	0.864406779661017	0.8072289156626506	0.9552238805970149	0.8513513513513513	1.0	0.9473684210526315	0.8260869565217391
dmw=19651	0.8377752027809965	0.7952565343659245	0.9497847919655668	0.9371584699453552	0.8915929203539823	0.9529411764705882	0.9173290937996821	0.8969072164948454	0.9398496240601504	0.7134146341463414	0.8363636363636363	0.7117117117117117	0.8813559322033898	0.864321608040201	1.0	0.9824561403508771	0.6511627906976745
dmw=19655	0.827416712179137	0.7857142857142857	0.9161764705882353	0.9185336048879837	0.8507670850767085	0.9217877094972067	0.8774774774774775	0.869639794168096	0.8354978354978355	0.6948356807511737	0.8857142857142857	0.8613861386138614	0.8442622950819673	0.9233716475095786	0.9464285714285714	0.9278350515463918	0.5384615384615384
dmw=19656	0.8868450390189521	0.8292993630573249	0.8962075848303394	0.9467849223946785	0.930379746835443	0.9407665505226481	0.8803921568627451	0.9305263157894736	0.9247311827956989	0.6527777777777778	0.7819548872180451	0.898989898989899	0.9242424242424242	0.9467455621301775	0.9393939393939394	0.9555555555555556	0.609375
dmw=19657	0.7760532150776053	0.6863354037267081	0.85431654676259	0.8419689119170984	0.8826446280991735	0.851145038167939	0.8571428571428571	0.828042328042328	0.7810650887573964	0.5454545454545454	0.7133757961783439	0.7230769230769231	0.8632478632478633	0.8714285714285714	0.9111111111111111	0.7931034482758621	0.625
dmw=19658	0.8205380577427821	0.7670795045944866	0.9009990917347865	0.9020618556701031	0.8737024221453287	0.9334719334719335	0.8605150214592274	0.8692579505300353	0.8664495114006515	0.7220447284345048	0.771551724137931	0.8900523560209425	0.8775510204081632	0.8199052132701422	0.979381443298969	0.9396551724137931	0.6910569105691057
dmw=19659	0.8591620393740536	0.8163159262146011	0.8996458087367178	0.8999064546304958	0.908236594803759	0.9417249417249417	0.9014778325123153	0.899546827794562	0.9072727272727272	0.8053097345132744	0.7740112994350282	0.9070631970260223	0.8935361216730038	0.9177718832891246	0.9836065573770492	0.9629629629629629	0.6524390243902439
dmw=19660	0.8902104300091491	0.8351893095768375	0.8969521044992743	0.9382303839732888	0.9212860310421286	0.9462151394422311	0.9233926128590971	0.871313672922252	0.9121621621621622	0.8980891719745223	0.8333333333333334	0.904	0.8163265306122449	0.9041916167664671	0.9558823529411765	0.98989898989899	0.7105263157894737
dmw=19661	0.7874546397096941	0.7433789954337899	0.8888888888888888	0.8802588996763754	0.8367952522255193	0.9591397849462365	0.8160315374507228	0.8603425559947299	0.8062015503875969	0.8090909090909091	0.7441860465116279	0.8670212765957447	0.8238341968911918	0.8206896551724138	0.9166666666666666	0.9540229885057471	0.6225165562913907
dmw=19662	0.8786692759295499	0.8474148802017655	0.9322638146167558	0.9135802469135802	0.9134897360703812	0.96	0.9018518518518519	0.9201773835920177	0.934010152284264	0.66	0.7905405405405406	0.958904109589041	0.8839285714285714	0.9757575757575757	1.0	0.9848484848484849	0.5882352941176471
dmw=19663	0.8603903559127439	0.8184119677790563	0.8887492143306097	0.918918918918919	0.9143803216650899	0.9379084967320261	0.9020771513353115	0.8898089171974523	0.8887262079062958	0.7589285714285714	0.8280141843971631	0.9110512129380054	0.9341317365269461	0.907103825136612	0.9203980099502488	0.9666666666666667	0.6747967479674797
dmw=19664	0.8390216154721274	0.7818639798488665	0.9024096385542169	0.9067103109656302	0.8868360277136259	0.9490291262135923	0.8907435508345979	0.8774422735346359	0.8910505836575876	0.7487684729064039	0.8296943231441049	0.8380952380952381	0.908256880733945	0.9583333333333334	0.8823529411764706	0.9555555555555556	0.7391304347826086
dmw=19665	0.8413320274240941	0.8056300268096515	0.918580375782881	0.9212827988338192	0.8772635814889336	0.97	0.9078341013824884	0.8787878787878788	0.9323308270676691	0.8367346938775511	0.7628205128205128	0.9159663865546218	0.8775510204081632	0.9210526315789473	0.9230769230769231	1.0	0.6206896551724138
dmw=19666	0.7195828505214369	0.6615067079463365	0.7857142857142857	0.8050541516245487	0.7893617021276595	0.8743169398907104	0.8019559902200489	0.754874651810585	0.9	0.5421686746987951	0.6428571428571429	0.6770833333333334	0.7560975609756098	0.9416058394160584	1.0	1.0	0.4935064935064935
dmw=19667	0.6414473684210527	0.5367132867132867	0.875	0.8375634517766497	0.6836734693877551	0.8584070796460177	0.7207207207207207	0.6741071428571429	0.8360655737704918	0.574468085106383	0.55	0.5806451612903226	0.8787878787878788	0.7627118644067796	0.8620689655172413	0.9375	0.46153846153846156
dmw=19669	0.8809080759211017	0.8143790849673203	0.914777878513146	0.9037900874635568	0.9051724137931034	0.9529085872576177	0.8911392405063291	0.9041322314049587	0.8984126984126984	0.5732758620689655	0.7551020408163265	0.8478260869565217	0.8110236220472441	0.949438202247191	0.9035087719298246	0.9682539682539683	0.8157894736842105
dmw=19670	0.8687537627934979	0.815806246016571	0.9338842975206612	0.878345498783455	0.8693333333333333	0.9512195121951219	0.8862478777589134	0.9171483622350675	0.9058823529411765	0.7459016393442623	0.9134615384615384	0.9225352112676056	0.9789473684210527	0.9821428571428571	0.9230769230769231	0.9883720930232558	0.5287356321839081
dmw=19671	0.8668493150684932	0.8071303331385155	0.9335604770017035	0.9118942731277533	0.9126466753585397	0.9308176100628931	0.8954954954954955	0.9036697247706422	0.8743718592964824	0.6025641025641025	0.8085106382978723	0.9023255813953488	0.8767123287671232	0.9252873563218391	0.8979591836734694	0.9322033898305084	0.7083333333333334
dmw=19672	0.8212785814279048	0.7752913752913753	0.8739495798319328	0.8961038961038961	0.8679471788715486	0.9069767441860465	0.87627365356623	0.8551617873651772	0.8581560283687943	0.7793427230046949	0.8118811881188119	0.8630952380952381	0.963302752293578	0.9166666666666666	0.9404761904761905	0.9882352941176471	0.8245614035087719
dmw=19673	0.8648481091134532	0.8215411057003724	0.9212062256809338	0.9219712525667351	0.9156939040207522	0.9520103761348897	0.892416225749559	0.9197154471544715	0.9161425576519916	0.824	0.7649572649572649	0.9492753623188406	0.8597560975609756	0.9455128205128205	0.9219858156028369	0.9691358024691358	0.816793893129771
dmw=19674	0.8820835718374356	0.8355130784708249	0.9215686274509803	0.9417670682730924	0.9035752979414952	0.9156626506024096	0.9019292604501608	0.9422718808193669	0.930327868852459	0.7638190954773869	0.8382352941176471	0.8292682926829268	0.9	0.9391304347826087	0.9076923076923077	1.0	0.8476190476190476
dmw=19675	0.8782410288321925	0.839459231094212	0.9271327014218009	0.9315537303216974	0.895774647887324	0.9606801275239107	0.8911222780569514	0.906832298136646	0.9233333333333333	0.7182741116751269	0.8222222222222222	0.8919491525423728	0.8279569892473119	0.9344978165938864	0.9766081871345029	0.9738219895287958	0.6512820512820513
dmw=19676	0.8665447897623401	0.8058007566204287	0.9148745519713262	0.9071729957805907	0.8879837067209776	0.964329643296433	0.8913738019169329	0.9145631067961165	0.9079601990049752	0.8284600389863548	0.828009828009828	0.8981481481481481	0.8299319727891157	0.9344608879492601	0.9736842105263158	0.9455782312925171	0.6074766355140186
dmw=19677	0.8396946564885496	0.7771458117890383	0.8837438423645321	0.9230769230769231	0.8513513513513513	0.9079497907949791	0.8701986754966887	0.8673621460506706	0.9146341463414634	0.694300518134715	0.6973684210526315	0.8577981651376146	0.78125	0.9206349206349206	0.9705882352941176	1.0	0.7333333333333333
dmw=19678	0.8585804132973944	0.8183079056865464	0.9066399286987522	0.9067103109656302	0.9072505680644495	0.947565543071161	0.8828906026849471	0.8936664729808251	0.9183400267737617	0.6915377616014559	0.8178368121442126	0.8709327548806941	0.8711985688729875	0.9027322404371585	0.9627192982456141	0.9558599695585996	0.6766743648960739
dmw=19679	0.869815668202765	0.8370769691524409	0.9255222524977293	0.9107744107744108	0.9218551461245235	0.9569583931133429	0.9191246431969553	0.9378109452736318	0.950920245398773	0.7318840579710145	0.9090909090909091	0.8647540983606558	0.8985507246376812	0.9711111111111111	0.9470198675496688	0.8208955223880597	0.7941176470588235
dmw=19680	0.8414376321353065	0.7681022243256034	0.8860898138006572	0.8978328173374613	0.8756567425569177	0.9445727482678984	0.8969072164948454	0.9199134199134199	0.9072164948453608	0.7898832684824902	0.8125	0.8626373626373627	0.8984771573604061	0.8938053097345132	0.9866666666666667	0.8853503184713376	0.7540983606557377
dmw=19681	0.8987450085567599	0.8350111856823266	0.914859437751004	0.9540441176470589	0.925761421319797	0.92914653784219	0.9196234612599565	0.8951923076923077	0.9278350515463918	0.7443820224719101	0.8745098039215686	0.8176638176638177	0.9008264462809917	0.9397590361445783	0.976878612716763	0.9651162790697675	0.631578947368421
dmw=19682	0.8556067588325653	0.8556789069171649	0.9210526315789473	0.9405684754521964	0.9263456090651558	0.9678571428571429	0.9090909090909091	0.896551724137931	0.8895348837209303	0.7412587412587412	0.8900523560209425	0.924812030075188	0.8532110091743119	0.978021978021978	1.0	0.9272727272727272	0.9069767441860465
dmw=19683	0.9091274628065943	0.8437874550539353	0.9513960703205792	0.9321789321789322	0.9323031640912436	0.9522935779816514	0.9186991869918699	0.9396433470507545	0.9538461538461539	0.6733668341708543	0.8075313807531381	0.8472222222222222	0.8383233532934131	0.966804979253112	0.9663865546218487	0.9784172661870504	0.7788461538461539
dmw=19684	0.8644918444165621	0.8339055793991417	0.9222357229647631	0.9167842031029619	0.8942598187311178	0.9138211382113821	0.87422934648582	0.8695106649937264	0.9015151515151515	0.6163522012578616	0.805921052631579	0.8381294964028777	0.7913669064748201	0.908675799086758	0.9655172413793104	0.8860759493670886	0.7966101694915254
dmw=19685	0.8593333333333333	0.8140716281432563	0.9205175600739371	0.936993699369937	0.9376237623762376	0.9322033898305084	0.9146141215106732	0.9172413793103448	0.908256880733945	0.6651376146788991	0.84375	0.9145299145299145	0.9478260869565217	0.910828025477707	0.9533333333333334	0.9586206896551724	0.7545454545454545
dmw=19686	0.8210976478973628	0.7764932562620424	0.84765625	0.9397590361445783	0.8316430020283976	0.9429530201342282	0.841304347826087	0.9050279329608939	0.8857142857142857	0.7142857142857143	0.7108433734939759	0.7853107344632768	0.9175257731958762	0.8606060606060606	0.9142857142857143	0.8913043478260869	0.6617647058823529
dmw=19687	0.8721351025331725	0.8194798572157063	0.8998482549317147	0.9257425742574258	0.9257861635220126	0.9718670076726342	0.8918169209431346	0.8846880907372401	0.8926829268292683	0.6870967741935484	0.8285714285714286	0.8764044943820225	0.9176470588235294	0.9153225806451613	0.8918918918918919	1.0	0.8148148148148148
dmw=19688	0.7902374670184696	0.7329192546583851	0.8551307847082495	0.9166666666666666	0.8944444444444445	0.9425287356321839	0.8448275862068966	0.843400447427293	0.8421052631578947	0.6985294117647058	0.7480314960629921	0.8617021276595744	0.9032258064516129	0.8780487804878049	0.9523809523809523	0.94	0.7454545454545455
dmw=19689	0.7919937205651492	0.728414442700157	0.8563218390804598	0.8651026392961877	0.8892261001517451	0.9399141630901288	0.8937093275488069	0.8453038674033149	0.8390243902439024	0.6781609195402298	0.696969696969697	0.8390804597701149	0.9178082191780822	0.8429752066115702	0.9473684210526315	0.9423076923076923	0.46875
dmw=19690	0.8267716535433071	0.8073941562313656	0.8958509737510584	0.9152542372881356	0.8934646374216652	0.9318479685452162	0.8715083798882681	0.8958742632612967	0.8099173553719008	0.6944444444444444	0.8344370860927153	0.8201438848920863	0.8387096774193549	0.9194915254237288	0.9517241379310345	1.0	0.7079646017699115
dmw=19693	0.8622197922361946	0.7979657882570504	0.886896551724138	0.9189655172413793	0.8945868945868946	0.9346246973365617	0.8760951188986232	0.9125214408233276	0.8680981595092024	0.7837837837837838	0.8546255506607929	0.8	0.8571428571428571	0.8895705521472392	0.9102564102564102	0.7191011235955056	0.717948717948718
dmw=19694	0.8934889658945833	0.858568177840014	0.9314009661835749	0.9246785058175138	0.9251810136765889	0.9419167473378509	0.9051269765213225	0.8877615726062144	0.85828025477707	0.7508833922261484	0.8333333333333334	0.8563432835820896	0.8827838827838828	0.9326424870466321	0.9393063583815029	0.948936170212766	0.6369047619047619
dmw=19695	0.8958557588805167	0.856079752878405	0.9311411992263056	0.9284140969162996	0.9283314669652856	0.9483240223463687	0.9231366459627329	0.9237650719564372	0.9449360865290068	0.7930622009569378	0.8633879781420765	0.7931034482758621	0.896797153024911	0.952	0.9722222222222222	0.9472140762463344	0.7103658536585366
dmw=19696	0.893491124260355	0.8556477805846265	0.8928892889288929	0.9328358208955224	0.9025604551920341	0.8910369068541301	0.90754039497307	0.910752688172043	0.9397590361445783	0.7841584158415842	0.8456140350877193	0.8991935483870968	0.9344978165938864	0.9619047619047619	0.9844961240310077	0.9836065573770492	0.7526881720430108
dmw=19697	0.8952857738840216	0.8408376963350785	0.896045197740113	0.9247863247863248	0.9036348267117498	0.9369627507163324	0.9223880597014925	0.9110546378653113	0.9423076923076923	0.7266187050359713	0.8958333333333334	0.7847533632286996	0.868421052631579	0.953125	0.9607843137254902	0.9506172839506173	0.6142857142857143
dmw=19698	0.8497547926883638	0.7522311942201445	0.8878504672897196	0.906054279749478	0.856440511307768	0.9004237288135594	0.8397435897435898	0.8646112600536193	0.9272151898734177	0.8252788104089219	0.8106060606060606	0.8809523809523809	0.8975903614457831	0.8796992481203008	0.8918918918918919	1.0	0.7350427350427351
dmw=19699	0.8876611418047882	0.7988560533841754	0.8800904977375565	0.9373297002724795	0.8962472406181016	0.9627329192546584	0.8333333333333334	0.9365079365079365	0.9041095890410958	0.7737226277372263	0.9	0.7906976744186046	0.8589743589743589	0.9642857142857143	1.0	1.0	0.68
dmw=19700	0.8694690265486725	0.8075489282385834	0.9239904988123515	0.9330357142857143	0.9014492753623189	0.9591474245115453	0.9015748031496063	0.9165154264972777	0.9198717948717948	0.7134146341463414	0.8422939068100358	0.9107142857142857	0.7578125	0.9359605911330049	0.9411764705882353	0.7906976744186046	0.7596153846153846
dmw=19701	0.8594429939077458	0.8362760834670947	0.8988149498632635	0.9173441734417345	0.919921875	0.9209677419354839	0.917910447761194	0.889308176100629	0.9301745635910225	0.7880794701986755	0.9346938775510204	0.8623853211009175	0.8032786885245902	0.9289099526066351	0.9683544303797469	0.9473684210526315	0.6972477064220184
dmw=19702	0.91047531149054	0.8725848563968669	0.9163346613545816	0.9338842975206612	0.9284064665127021	0.9786729857819905	0.8852223816355811	0.9213917525773195	0.8968481375358166	0.625615763546798	0.875	0.9263157894736842	0.952	0.9465648854961832	0.911504424778761	0.9285714285714286	0.7711864406779662
dmw=19704	0.8606798153587915	0.7779177162048698	0.9335232668566001	0.8988603988603988	0.895169578622816	0.9393939393939394	0.9143206854345165	0.8592896174863388	0.9463722397476341	0.7580071174377224	0.900709219858156	0.9391304347826087	0.8941798941798942	0.945273631840796	0.967948717948718	0.93	0.75
dmw=19705	0.8146143437077131	0.8101945003353455	0.8957983193277311	0.9200680272108843	0.8890625	0.9466666666666667	0.8980477223427332	0.8787128712871287	0.9097222222222222	0.7983870967741935	0.7246376811594203	0.725	0.8571428571428571	0.9084507042253521	0.8571428571428571	0.9620253164556962	0.7272727272727273
dmw=19706	0.8591635916359164	0.7960808328230251	0.9066455696202531	0.9147465437788018	0.8932384341637011	0.9136690647482014	0.8883572567783095	0.8641686182669789	0.9134199134199135	0.6047904191616766	0.8623188405797102	0.819047619047619	0.8648648648648649	0.9430051813471503	0.9850746268656716	1.0	0.7457627118644068
dmw=19707	0.9038846615939127	0.8681102362204725	0.9329239489844119	0.94287680660702	0.9364770070148091	0.9306466729147141	0.8996848739495799	0.9370409233997902	0.9312714776632303	0.6572481572481572	0.8049886621315193	0.859073359073359	0.8866498740554156	0.9632829373650108	0.9689922480620154	0.9503105590062112	0.8272727272727273
dmw=19708	0.9074949358541526	0.8569162436548223	0.9316628701594533	0.9261744966442953	0.9203222918531782	0.9264214046822743	0.9215509467989179	0.9125364431486881	0.9003215434083601	0.68125	0.8396436525612472	0.8566775244299675	0.9722222222222222	0.9659863945578231	0.9826086956521739	0.9876543209876543	0.7352941176470589
dmw=19709	0.9046511627906977	0.864963503649635	0.9094707520891365	0.9445350734094616	0.9287003610108303	0.9554655870445344	0.8888888888888888	0.9530284301606922	0.9446366782006921	0.5897435897435898	0.743455497382199	0.7668711656441718	0.8846153846153846	0.961218836565097	0.9532710280373832	0.9875	0.7605633802816901
dmw=19710	0.8380165289256198	0.8163120567375887	0.9394618834080718	0.8947368421052632	0.8641304347826086	0.906896551724138	0.8333333333333334	0.8666666666666667	0.7751479289940828	0.6632124352331606	0.8392857142857143	0.9065420560747663	1.0	0.9254658385093167	0.9777777777777777	0.9565217391304348	0.6170212765957447
dmw=19714	0.8753038405444823	0.8492514197212184	0.8903409090909091	0.9337511190689346	0.9197689345314506	0.9501187648456056	0.9316939890710383	0.9229671897289586	0.9178470254957507	0.7596153846153846	0.8453865336658354	0.8312883435582822	0.8704453441295547	0.9565217391304348	0.9444444444444444	0.958904109589041	0.815028901734104
dmw=19715	0.9055385660890248	0.8646228039958663	0.8973105134474327	0.9310344827586207	0.917910447761194	0.9513776337115073	0.9154411764705882	0.9095982142857143	0.938375350140056	0.827485380116959	0.9179331306990881	0.7749287749287749	0.958139534883721	0.9536679536679536	0.9429824561403509	0.9076923076923077	0.8758620689655172
dmw=19716	0.8911872441284207	0.8590179873602334	0.9257213014119091	0.9366963402571711	0.9403272377285852	0.9349173553719008	0.8967484312606959	0.91324200913242	0.9318936877076412	0.5886524822695035	0.8455008488964346	0.8508997429305912	0.9022222222222223	0.8865740740740741	0.9633507853403142	0.9672131147540983	0.69
dmw=19717	0.9263492063492064	0.8434690639873083	0.9362416107382551	0.911504424778761	0.9338327091136079	0.984375	0.8974358974358975	0.9442379182156134	0.9640287769784173	0.6173469387755102	0.8928571428571429	0.9154929577464789	0.9405940594059405	0.9736842105263158	1.0	0.9555555555555556	0.7786885245901639
dmw=19718	0.8799298860648553	0.8213391739674594	0.9225721784776902	0.946376811594203	0.9230310262529833	0.9500542888165038	0.9231433506044905	0.9170194750211685	0.9287598944591029	0.6907216494845361	0.8679867986798679	0.964824120603015	0.9553072625698324	0.9387308533916849	0.9487179487179487	0.9655172413793104	0.7425742574257426
dmw=19719	0.8396558466953461	0.8221830985915493	0.904572564612326	0.8917975567190227	0.9007765314926661	0.9230769230769231	0.8351851851851851	0.8937360178970917	0.8559670781893004	0.7897897897897898	0.7630769230769231	0.9609756097560975	0.8181818181818182	0.9105691056910569	0.9263157894736842	0.9657142857142857	0.7303370786516854
dmw=19720	0.8673857868020305	0.7981591058514136	0.9469387755102041	0.923728813559322	0.9045521292217328	0.9508670520231214	0.8918918918918919	0.9421157684630739	0.9090909090909091	0.8450704225352113	0.8457943925233645	0.8823529411764706	0.963855421686747	0.9245283018867925	0.921875	0.9782608695652174	0.6031746031746031
dmw=19721	0.6438174273858921	0.5813273727647867	0.7371323529411765	0.7155172413793104	0.6874524714828897	0.7568412822517592	0.6773084479371316	0.6817685589519651	0.7144736842105263	0.641156462585034	0.6494464944649446	0.7198443579766537	0.7241379310344828	0.7315875613747954	0.7842323651452282	0.8028673835125448	0.44565217391304346
dmw=19722	0.7262558869701727	0.679684254258413	0.804381049414162	0.7672354948805461	0.7596425211665099	0.8326848249027238	0.7650531286894924	0.7463258785942491	0.7579298831385642	0.6666666666666666	0.7084188911704312	0.7873303167420814	0.7980132450331126	0.8155136268343816	0.7943548387096774	0.8743455497382199	0.5821917808219178
dmw=19723	0.8096429383670685	0.7741554453106544	0.8555858310626703	0.8620938628158845	0.8530524041058887	0.9059561128526645	0.8355614973262032	0.826530612244898	0.8734177215189873	0.7288503253796096	0.7719665271966527	0.8333333333333334	0.8410852713178295	0.9051094890510949	0.9146919431279621	0.9181286549707602	0.6428571428571429
dmw=19724	0.8285633723389257	0.79115980355119	0.8876465284039675	0.8732111473763495	0.8675397877984085	0.9104895104895104	0.8466339723584485	0.8620126079850572	0.8666666666666667	0.7863128491620112	0.8159824046920822	0.8581730769230769	0.8685393258426967	0.8997613365155132	0.8960573476702509	0.9351145038167938	0.705989110707804
dmw=19725	0.7737729347117445	0.726383727752787	0.8411892675852066	0.8255887969446213	0.8053735255570118	0.8862194016319129	0.8084061135371179	0.8049645390070922	0.8159937888198758	0.7400194741966893	0.7875848690591658	0.8225058004640371	0.7918088737201365	0.8509021842355176	0.8740554156171285	0.8901601830663616	0.6498855835240275
dmw=19726	0.7021866582158136	0.6795010395010395	0.7950627793147478	0.7816921744152469	0.771466565349544	0.8202692003167062	0.7477233571252769	0.7652544630961897	0.7550607287449392	0.683861459100958	0.7281144781144782	0.7711496746203904	0.7438356164383562	0.8007414272474513	0.8461538461538461	0.8384030418250951	0.5978494623655914
dmw=19727	0.7396417534622868	0.6930041907558655	0.8267413116184382	0.800656847133758	0.7881672660602215	0.8516847596221627	0.7715147085693403	0.7809458933437136	0.781826900023975	0.6888400219901044	0.7117144600366077	0.7772351615326822	0.7959479015918958	0.8270893371757925	0.8450233800935204	0.8681785967399008	0.6111587982832618
dmw=19728	0.8126145947928126	0.7607238605898123	0.8732702112163147	0.8439897698209718	0.8444976076555024	0.9239766081871345	0.8312912346842601	0.8679802955665025	0.88	0.7859007832898173	0.7566371681415929	0.89171974522293	0.941747572815534	0.8489010989010989	0.8909090909090909	0.918918918918919	0.6262626262626263
dmw=19729	0.8589866156787763	0.8301320528211285	0.8988391376451078	0.9315068493150684	0.8862837045720985	0.98125	0.8850226928895613	0.8721804511278195	0.8707865168539326	0.7701612903225806	0.852589641434263	0.8883720930232558	0.9395973154362416	0.8571428571428571	0.95	0.9433962264150944	0.6724137931034483
dmw=19730	0.8405329027048849	0.830801768890598	0.9032640949554896	0.9129447388342165	0.8929909042268592	0.8977272727272727	0.9148336153412295	0.9098360655737705	0.8911439114391144	0.5921052631578947	0.797979797979798	0.9013698630136986	0.7493036211699164	0.9465116279069767	0.9738219895287958	0.9664804469273743	0.7055214723926381
dmw=19731	0.7460567823343849	0.6479198767334361	0.8571428571428571	0.825065274151436	0.7755681818181818	0.9078341013824884	0.82560706401766	0.7430555555555556	0.8235294117647058	0.5	0.7142857142857143	0.7767857142857143	0.8	0.75	0.9166666666666666	0.8909090909090909	0.3877551020408163
dmw=19732	0.7756521739130435	0.6863157894736842	0.8723640399556049	0.9003164556962026	0.8261376896149358	0.9453860640301318	0.8170028818443804	0.8312236286919831	0.797583081570997	0.6544502617801047	0.6334661354581673	0.8431372549019608	0.7864077669902912	0.8953488372093024	0.95	0.9306930693069307	0.5403225806451613
dmw=19733	0.7861942577886377	0.7389510901591043	0.9075342465753424	0.8783382789317508	0.8266178266178266	0.937984496124031	0.8492647058823529	0.8530066815144766	0.9030612244897959	0.8791946308724832	0.6782608695652174	0.7710843373493976	0.8740157480314961	0.879746835443038	0.9405940594059405	0.9444444444444444	0.7222222222222222
dmw=19734	0.8056951423785594	0.7623862487360971	0.9342857142857143	0.8586956521739131	0.8820638820638821	0.9149797570850202	0.84375	0.8561872909698997	0.8703703703703703	0.46099290780141844	0.7980769230769231	0.9428571428571428	0.875	0.9166666666666666	0.9565217391304348	1.0	0.5555555555555556
dmw=19735	0.8002699055330634	0.7431803060545575	0.8743386243386243	0.87	0.8596187175043327	0.9494163424124513	0.8453947368421053	0.8598130841121495	0.9336283185840708	0.6910112359550562	0.7901785714285714	0.9074074074074074	0.91	0.9435483870967742	0.9426229508196722	0.8727272727272727	0.5645161290322581
dmw=19736	0.8485181119648738	0.781195079086116	0.9187620889748549	0.9010238907849829	0.8628318584070797	0.9294871794871795	0.8652849740932642	0.8991825613079019	0.9259259259259259	0.5954198473282443	0.71875	0.8125	0.9032258064516129	0.9761904761904762	0.9347826086956522	0.8444444444444444	0.7045454545454546
dmw=19737	0.782983970406905	0.7246192893401016	0.9059561128526645	0.8785046728971962	0.8715083798882681	0.973404255319149	0.8604651162790697	0.8327272727272728	0.9035087719298246	0.9534883720930233	0.7435897435897436	0.9701492537313433	0.7631578947368421	0.8591549295774648	0.8666666666666667	0.9259259259259259	0.4411764705882353
dmw=19738	0.8327814569536424	0.7186654643823264	0.878003696857671	0.8395061728395061	0.9003164556962026	0.8738738738738738	0.8822055137844611	0.8700440528634361	0.8581560283687943	0.8877551020408163	0.7547169811320755	0.9552238805970149	0.8828125	0.8879310344827587	1.0	1.0	0.4473684210526316
dmw=19739	0.8543046357615894	0.8172043010752689	0.7974025974025974	0.9012345679012346	0.8735632183908046	0.95	0.8555133079847909	0.8962655601659751	0.8983050847457628	0.5283018867924528	0.717391304347826	0.8181818181818182	0.9791666666666666	0.9285714285714286	0.9629629629629629	0.9841269841269841	0.6363636363636364
dmw=19740	0.8396066463207867	0.8020523005627276	0.8985148514851485	0.8721804511278195	0.8877476155539251	0.9806763285024155	0.8548770816812054	0.8670465337132004	0.9256505576208178	0.552870090634441	0.7457627118644068	0.8636363636363636	0.7676056338028169	0.9072847682119205	0.9389312977099237	0.9363636363636364	0.675
dmw=19741	0.7801672640382318	0.7404692082111437	0.8842443729903537	0.8048780487804879	0.908284023668639	0.9649122807017544	0.8586206896551725	0.7932960893854749	0.8247422680412371	0.8055555555555556	0.6835443037974683	0.8305084745762712	0.9459459459459459	0.8735632183908046	1.0	0.9736842105263158	0.25
dmw=19742	0.7614314115308151	0.7353279631760644	0.869198312236287	0.8636363636363636	0.8694158075601375	0.9516908212560387	0.8328530259365994	0.8774703557312253	0.837037037037037	0.6842105263157895	0.6074766355140186	0.87	0.8181818181818182	0.9245283018867925	1.0	0.9787234042553191	0.5483870967741935
dmw=19743	0.8079422382671481	0.7496443812233285	0.9052044609665427	0.8646080760095012	0.8285256410256411	0.9182879377431906	0.7682926829268293	0.8193832599118943	0.8114285714285714	0.7052631578947368	0.668918918918919	0.896551724137931	0.9036144578313253	0.9096045197740112	0.9558823529411765	0.8870967741935484	0.7307692307692307
dmw=19744	0.8275347912524851	0.7983614019116978	0.9288990825688074	0.9207419898819561	0.9237804878048781	0.9479674796747968	0.9098457888493475	0.8896321070234113	0.865	0.776255707762557	0.9153439153439153	0.8341968911917098	0.9333333333333333	0.8863636363636364	0.9245283018867925	0.9590163934426229	0.7368421052631579
dmw=19745	0.8912448700410397	0.8770739064856712	0.941025641025641	0.9691211401425178	0.927170868347339	0.9212598425196851	0.9090909090909091	0.9184466019417475	0.9411764705882353	0.7254901960784313	0.8	0.9433962264150944	0.9655172413793104	0.9526315789473684	0.95	0.9135802469135802	0.8676470588235294
dmw=19746	0.8566094100074683	0.8032440056417489	0.9243421052631579	0.9133858267716536	0.9101123595505618	0.9504132231404959	0.8940092165898618	0.8615384615384616	0.9296875	0.7843137254901961	0.7256637168141593	0.8983050847457628	0.9009009009009009	0.8351648351648352	0.989010989010989	0.9772727272727273	0.6575342465753424
dmw=19747	0.8014059753954306	0.7504173622704507	0.8417085427135679	0.9037037037037037	0.8411214953271028	0.9333333333333333	0.8308351177730193	0.8174157303370787	0.8930817610062893	0.6275862068965518	0.6707317073170732	0.8703703703703703	0.7142857142857143	0.8857142857142857	0.8518518518518519	0.9545454545454546	0.5185185185185185
dmw=19748	0.7833865814696486	0.7337740384615384	0.8992125984251969	0.9171270718232044	0.849862258953168	0.9278996865203761	0.8134110787172012	0.8110599078341014	0.8918918918918919	0.7388059701492538	0.710691823899371	0.7264957264957265	0.7413793103448276	0.8888888888888888	0.9367088607594937	0.9212598425196851	0.3953488372093023
dmw=19749	0.8264761904761905	0.802334197851056	0.8713910761154856	0.8835425383542538	0.8920978740473325	0.95092693565976	0.8885172798216276	0.8931489629164048	0.9015918958031838	0.7917981072555205	0.8169811320754717	0.8278481012658228	0.8443804034582133	0.9173387096774194	0.9924528301886792	0.9627659574468085	0.6804123711340206
dmw=19750	0.7701219512195122	0.7183014354066986	0.8834244080145719	0.901213171577123	0.8239795918367347	0.9181818181818182	0.8429906542056075	0.8591549295774648	0.8423645320197044	0.7973856209150327	0.7239263803680982	0.6931216931216931	0.877906976744186	0.8767123287671232	0.9797979797979798	0.9181818181818182	0.5961538461538461
dmw=19751	0.8999615236629472	0.8736875596563792	0.9024390243902439	0.9135071090047393	0.9346076458752515	0.9707112970711297	0.9221611721611722	0.9169811320754717	0.9316239316239316	0.7470817120622568	0.7862595419847328	0.9446808510638298	0.9652173913043478	0.9644970414201184	0.9811320754716981	0.9622641509433962	0.7281553398058253
dmw=19752	0.8494554772581678	0.8362213527110117	0.8561020036429873	0.9274809160305344	0.912621359223301	0.9685534591194969	0.9133986928104575	0.8748091603053435	0.9488054607508533	0.726027397260274	0.774390243902439	0.944954128440367	0.7319587628865979	0.9285714285714286	0.96	0.9117647058823529	0.8230088495575221
dmw=19753	0.896551724137931	0.8534090909090909	0.8798701298701299	0.9149797570850202	0.6864686468646864	0.9186046511627907	0.7532467532467533	0.8781362007168458	0.5972222222222222	0.6266666666666667	0.7866666666666666	0.92	0.8095238095238095	0.6538461538461539	0.5789473684210527	0.6666666666666666	0.8205128205128205
dmw=19762	0.8482932996207333	0.8046511627906977	0.9094269870609981	0.9331742243436754	0.9036544850498339	0.9447004608294931	0.8571428571428571	0.8888888888888888	0.8855421686746988	0.4919786096256685	0.7816901408450704	0.8722222222222222	0.8863636363636364	0.8968253968253969	1.0	0.9770114942528736	0.6086956521739131
dmw=19763	0.860249697946033	0.8343881856540084	0.9305402425578831	0.9547872340425532	0.9170506912442397	0.9190871369294605	0.9030239833159541	0.9309978768577495	0.9163636363636364	0.8411764705882353	0.9069767441860465	0.9583333333333334	0.8666666666666667	0.9416058394160584	0.9698795180722891	0.9534883720930233	0.8070175438596491
dmw=19764	0.8726454877705931	0.8725193407332661	0.9058252427184466	0.9148665819567979	0.9325613079019074	0.9330628803245437	0.908284023668639	0.910333048676345	0.928125	0.6486486486486487	0.9131832797427653	0.8839779005524862	0.7510917030567685	0.9241379310344827	0.9402985074626866	0.952	0.9183673469387755
dmw=19765	0.8388732394366197	0.7648745519713261	0.8846694796061885	0.9354120267260579	0.8575305291723202	0.9095607235142119	0.8983957219251337	0.8752327746741154	0.84472049689441	0.8235294117647058	0.7664233576642335	0.8062015503875969	0.8796992481203008	0.8776978417266187	0.95	0.978494623655914	0.631578947368421
dmw=19766	0.8095644748078565	0.7750653879686138	0.9426934097421203	0.8778280542986425	0.8056112224448898	0.9151785714285714	0.7831632653061225	0.8390092879256966	0.8679245283018868	0.7023809523809523	0.7304964539007093	0.8290598290598291	0.9425287356321839	0.8985507246376812	1.0	0.9836065573770492	0.34210526315789475
dmw=19767	0.8020869565217391	0.7715218278253774	0.9066937119675457	0.8825214899713467	0.8636363636363636	0.9696969696969697	0.8495297805642633	0.8555758683729433	0.8545454545454545	0.609271523178808	0.8409090909090909	0.8771929824561403	0.8513513513513513	0.9255952380952381	0.9714285714285714	1.0	0.7122302158273381
dmw=19768	0.8860994886099489	0.8160152526215443	0.912258064516129	0.9323741007194245	0.8870779976717112	0.9381443298969072	0.9075297225891678	0.8954154727793696	0.9063545150501672	0.689119170984456	0.7528089887640449	0.92	0.8494623655913979	0.9248826291079812	0.9375	0.9879518072289156	0.819672131147541
dmw=19769	0.8593481989708405	0.7756452680344142	0.8956639566395664	0.929718875502008	0.8722222222222222	0.9335106382978723	0.8973799126637555	0.9166666666666666	0.9623655913978495	0.8873239436619719	0.8288770053475936	0.8870967741935484	0.9080459770114943	0.9379310344827586	0.9710144927536232	1.0	0.3854166666666667
dmw=19770	0.8715473317243229	0.821335646140503	0.9140445126630852	0.9232715008431703	0.9178004535147393	0.9373177842565598	0.9134199134199135	0.92	0.930976430976431	0.8205882352941176	0.8768328445747801	0.842809364548495	0.9455445544554455	0.9516129032258065	0.9545454545454546	0.9714285714285714	0.6107784431137725
dmw=19771	0.9072847682119205	0.8522648083623693	0.9145569620253164	0.9325842696629213	0.9333333333333333	0.9596774193548387	0.8757396449704142	0.9554655870445344	0.9594594594594594	0.6666666666666666	0.8445945945945946	0.9185185185185185	0.9152542372881356	0.9733333333333334	0.96875	0.803921568627451	0.7045454545454546
dmw=19772	0.8672955974842768	0.8344212704983283	0.893729056965055	0.918098510882016	0.9337121212121212	0.9553648068669528	0.9044890162368673	0.9283314669652856	0.9254807692307693	0.8509615384615384	0.7901785714285714	0.8589211618257261	0.8697916666666666	0.9234782608695652	0.9307958477508651	0.9836734693877551	0.7711267605633803
dmw=19773	0.8897526501766785	0.8323424494649228	0.935820895522388	0.9054878048780488	0.9402173913043478	0.9761904761904762	0.921161825726141	0.9160714285714285	0.9705882352941176	0.803030303030303	0.917910447761194	0.8505747126436781	1.0	0.9922480620155039	0.9590163934426229	1.0	0.5853658536585366
dmw=19774	0.8781549173194082	0.8653715834651006	0.946229913473424	0.9276111685625646	0.931129476584022	0.9651567944250871	0.9157164105106594	0.8932406822488945	0.9208053691275168	0.7610837438423645	0.8703374777975134	0.9274193548387096	0.8862068965517241	0.9327956989247311	0.9764705882352941	0.9895833333333334	0.7164948453608248
dmw=19775	0.8568619740464019	0.8176214648295866	0.9057649667405765	0.9283276450511946	0.9160714285714285	0.9626998223801065	0.8966789667896679	0.9334016393442623	0.8924050632911392	0.8666666666666667	0.8528678304239401	0.7238095238095238	0.8691588785046729	0.9279778393351801	0.9661016949152542	0.9382716049382716	0.6696428571428571
dmw=19776	0.8470111448834853	0.7610062893081762	0.8381201044386423	0.8880208333333334	0.8883495145631068	0.978494623655914	0.8308026030368764	0.8582089552238806	0.8461538461538461	0.7446808510638298	0.835820895522388	0.8571428571428571	0.8921568627450981	0.8924731182795699	0.9555555555555556	0.8870967741935484	0.7777777777777778
dmw=19777	0.8788981288981289	0.8158759981211836	0.9137199434229137	0.9011627906976745	0.899188876013905	0.9287305122494433	0.9101283880171184	0.8936781609195402	0.901060070671378	0.815028901734104	0.9132653061224489	0.8727272727272727	0.8728813559322034	0.9166666666666666	0.9195402298850575	0.9315068493150684	0.6805555555555556
dmw=19778	0.8610593558690445	0.8454428754813864	0.9206695778748181	0.9225130890052357	0.9136453526697429	0.9349804941482445	0.9171875	0.9231360491929285	0.8715277777777778	0.6572327044025157	0.8356164383561644	0.8864628820960698	0.9149797570850202	0.9279778393351801	0.9723756906077348	0.9791666666666666	0.8229665071770335
dmw=19779	0.9188144329896907	0.8591256072172103	0.9197860962566845	0.9132791327913279	0.9272445820433437	0.9263959390862944	0.9044834307992202	0.9157706093189965	0.9649122807017544	0.6971153846153846	0.8835978835978836	0.8688524590163934	0.9680851063829787	0.9117647058823529	1.0	0.9285714285714286	0.6857142857142857
dmw=19780	0.8214285714285714	0.7756286266924565	0.8924731182795699	0.831858407079646	0.8772845953002611	0.8738738738738738	0.8876404494382022	0.8847184986595175	0.8870967741935484	0.4639175257731959	0.7473684210526316	0.75	0.8936170212765957	0.9629629629629629	0.0	0.7068965517241379	0.5789473684210527
dmw=19781	0.8728033472803347	0.8608391608391608	0.9176672384219554	0.9103313840155945	0.9325681492109039	0.9605263157894737	0.9036608863198459	0.9083333333333333	0.9647887323943662	0.6842105263157895	0.8457142857142858	0.7323943661971831	0.9318181818181818	0.9438202247191011	0.9743589743589743	0.96	0.8095238095238095
dmw=19782	0.8836351441985245	0.8626802884615384	0.9172714078374455	0.9183895538628944	0.9097270818754374	0.968365553602812	0.8890925756186985	0.9173076923076923	0.9197860962566845	0.8082191780821918	0.8664259927797834	0.7863247863247863	0.8425531914893617	0.9446366782006921	0.9593023255813954	0.975609756097561	0.7948717948717948
dmw=19783	0.8732553753300641	0.8529874213836478	0.9440758293838862	0.9122085048010974	0.8917322834645669	0.9119170984455959	0.8890374331550802	0.9313593539703903	0.9615384615384616	0.7165354330708661	0.8566308243727598	0.8601398601398601	0.9119170984455959	0.9016393442622951	0.94375	0.9754098360655737	0.6981132075471698
dmw=19784	0.8234854151084517	0.7807933194154488	0.9330218068535826	0.9036827195467422	0.918918918918919	0.9225806451612903	0.9352818371607515	0.8951406649616368	0.8579881656804734	0.7071428571428572	0.8515625	0.9457364341085271	0.8488372093023255	0.9333333333333333	0.9428571428571428	0.9166666666666666	0.631578947368421
dmw=19785	0.8115942028985508	0.7522779043280182	0.8977469670710572	0.8713235294117647	0.8714499252615845	0.932475884244373	0.8707782672540382	0.8668885191347754	0.9173913043478261	0.7604790419161677	0.8578680203045685	0.9196428571428571	0.9305555555555556	0.896774193548387	0.9516129032258065	0.9384615384615385	0.4307692307692308
dmw=19786	0.8226299694189603	0.7756598240469208	0.8988326848249028	0.8848484848484849	0.8998302207130731	0.9628378378378378	0.9125560538116592	0.8630952380952381	0.864516129032258	0.768595041322314	0.7637795275590551	0.9078947368421053	0.8764044943820225	0.9083969465648855	0.9387755102040817	0.9344262295081968	0.390625
dmw=19787	0.8568764568764569	0.8111922141119221	0.8893805309734514	0.9016393442622951	0.8746642793196061	0.9202586206896551	0.8573667711598746	0.8685344827586207	0.8829268292682927	0.7039473684210527	0.7559808612440191	0.8111111111111111	0.9307692307692308	0.9365079365079365	0.963963963963964	0.9555555555555556	0.7380952380952381
dmw=19788	0.9016511127063891	0.8583535108958837	0.9319620253164557	0.9392712550607287	0.9503105590062112	0.9168975069252078	0.9384615384615385	0.9337748344370861	0.9620253164556962	0.7966101694915254	0.7948717948717948	0.925	0.9152542372881356	0.9668874172185431	0.9857142857142858	1.0	0.5666666666666667
dmw=19789	0.8630259623992838	0.7961264016309888	0.9076923076923077	0.9076517150395779	0.9390962671905697	0.9495798319327731	0.8968058968058968	0.9435483870967742	0.9186602870813397	0.5	0.8910891089108911	0.7657657657657657	0.9661016949152542	0.9772727272727273	1.0	0.9130434782608695	0.6779661016949152
dmw=19790	0.8912	0.8528225806451613	0.9095744680851063	0.926984126984127	0.920774647887324	0.9695121951219512	0.917910447761194	0.9098360655737705	0.8805970149253731	0.6666666666666666	0.8870967741935484	0.9058823529411765	0.9340659340659341	0.9239130434782609	0.967741935483871	1.0	0.6865671641791045
dmw=19791	0.8839095177123346	0.8371230845279288	0.9080459770114943	0.9473684210526315	0.9131868131868132	0.961453744493392	0.9062276306370795	0.919908466819222	0.9248747913188647	0.8612244897959184	0.7620137299771167	0.9580838323353293	0.806930693069307	0.9337121212121212	0.9525423728813559	0.9675324675324676	0.7807017543859649
dmw=19792	0.8771284829721362	0.8376992123099469	0.9122502172024327	0.9332386363636364	0.9095477386934674	0.938860103626943	0.9035874439461884	0.9202855443188578	0.9190340909090909	0.8049180327868852	0.8415841584158416	0.8637602179836512	0.8526315789473684	0.9360189573459715	0.92578125	0.9528619528619529	0.8181818181818182
dmw=19793	0.9310344827586207	0.9082100968893422	0.9145299145299145	0.9631336405529954	0.9375	0.9408740359897172	0.9334600760456274	0.9357429718875502	0.9523809523809523	0.7945945945945946	0.8791946308724832	0.9028571428571428	0.8936170212765957	0.9452054794520548	1.0	1.0	0.7388059701492538
dmw=19794	0.9059176438505591	0.8781362007168458	0.9240506329113924	0.9605504587155963	0.9319682959048877	0.9464285714285714	0.9254237288135593	0.9176578225068619	0.9498327759197325	0.7256410256410256	0.9201277955271565	0.889344262295082	0.9475806451612904	0.9647058823529412	0.9743589743589743	0.9578947368421052	0.6095890410958904
dmw=19795	0.8762443438914027	0.8335251246643651	0.882803943044907	0.9001848428835489	0.9157416750756812	0.9204440333024977	0.8971279373368146	0.8925979680696662	0.9029733959311425	0.6872586872586872	0.8742393509127789	0.8866279069767442	0.8575757575757575	0.9268867924528302	0.9761904761904762	0.9408866995073891	0.5523809523809524
dmw=19796	0.873249299719888	0.8352657004830918	0.8933518005540166	0.8979744936234059	0.9027777777777778	0.9477866061293984	0.905982905982906	0.9133782483156881	0.9284525790349417	0.866	0.8398876404494382	0.8776041666666666	0.8283582089552238	0.9634146341463414	0.9754901960784313	0.9568627450980393	0.73
dmw=19797	0.8690053285968028	0.8065875741492351	0.917687595712098	0.8991257565568258	0.9110344827586206	0.950626959247649	0.8796864349011588	0.9060283687943262	0.9257849666983825	0.731675392670157	0.8370044052863436	0.8422174840085288	0.8620689655172413	0.9390243902439024	0.9311475409836065	0.9469964664310954	0.7654320987654321
dmw=19798	0.8811019816336394	0.8456760630673674	0.92643391521197	0.9251824817518248	0.9234800838574424	0.9186046511627907	0.9192200557103064	0.8891656288916563	0.9117647058823529	0.70995670995671	0.8197674418604651	0.8776371308016878	0.8625954198473282	0.9191919191919192	0.9885057471264368	0.9333333333333333	0.8582089552238806
dmw=19799	0.8419560595322466	0.7798165137614679	0.9281314168377823	0.878419452887538	0.852	0.919831223628692	0.8736842105263158	0.9163498098859315	0.905829596412556	0.6946107784431138	0.8088235294117647	0.9382716049382716	0.9444444444444444	0.9235668789808917	0.9701492537313433	0.9512195121951219	0.603448275862069
dmw=19801	0.8223418573351279	0.7408284023668639	0.9004329004329005	0.9201520912547528	0.9059233449477352	0.9382022471910112	0.8791666666666667	0.875968992248062	0.9431818181818182	0.6774193548387096	0.6290322580645161	0.7333333333333333	0.7971014492753623	0.9186046511627907	0.9230769230769231	0.9666666666666667	0.7083333333333334
dmw=19802	0.9035259549461312	0.8772182254196643	0.9452991452991453	0.9498327759197325	0.9244823386114495	0.9497907949790795	0.928235294117647	0.9233576642335767	0.9264705882352942	0.9033816425120773	0.8764705882352941	0.952	0.8046875	0.9510869565217391	0.9782608695652174	0.9354838709677419	0.7586206896551724
dmw=19803	0.8517786561264822	0.7699843260188087	0.906283280085197	0.8575380359612724	0.8830227743271222	0.8858075040783034	0.8562176165803109	0.857331571994716	0.8690909090909091	0.8322147651006712	0.7944444444444444	0.7906976744186046	0.9124423963133641	0.8729508196721312	0.948905109489051	0.9411764705882353	0.6774193548387096
dmw=19804	0.8912237330037083	0.8814382896015549	0.8814016172506739	0.9444444444444444	0.9591346153846154	0.9702127659574468	0.9409090909090909	0.9424242424242424	0.8837209302325582	0.6538461538461539	0.96	0.9310344827586207	0.9344262295081968	0.946969696969697	0.9761904761904762	0.9767441860465116	0.7692307692307693
dmw=19806	0.890728476821192	0.912743972445465	0.9277456647398844	0.97	0.9368686868686869	0.9172413793103448	0.9192307692307692	0.9373040752351097	0.9204545454545454	0.57	0.725	0.9196428571428571	1.0	0.9495798319327731	1.0	0.9772727272727273	0.8307692307692308
dmw=19808	0.7931547619047619	0.7529100529100529	0.8484005563282336	0.8327272727272728	0.8597402597402597	0.9372197309417041	0.8381578947368421	0.8484438430311232	0.8935185185185185	0.6805555555555556	0.7419354838709677	0.8271604938271605	0.8693693693693694	0.865546218487395	0.9021739130434783	0.9629629629629629	0.7647058823529411
dmw=19809	0.786038077969175	0.7290322580645161	0.8891402714932126	0.8474114441416893	0.8966725043782837	0.9019607843137255	0.8467532467532467	0.891640866873065	0.8445945945945946	0.8961038961038961	0.8090909090909091	0.9074074074074074	0.9152542372881356	0.8701298701298701	0.953125	0.9259259259259259	0.6111111111111112
dmw=19810	0.7953488372093023	0.7387518142235123	0.8631578947368421	0.9027777777777778	0.8350694444444444	0.9013282732447818	0.7839506172839507	0.8200836820083682	0.7961783439490446	0.7302325581395349	0.5966386554621849	0.9090909090909091	0.8495575221238938	0.9418604651162791	0.922077922077922	0.9113924050632911	0.4722222222222222
dmw=19811	0.8749302065884981	0.8141592920353983	0.9391771019677997	0.8809523809523809	0.9152542372881356	0.9002932551319648	0.9053497942386831	0.9216354344122658	0.9790575916230366	0.7837837837837838	0.8095238095238095	0.8669064748201439	0.936046511627907	0.974025974025974	0.9807692307692307	0.9759036144578314	0.6101694915254238
dmw=19812	0.8670829616413916	0.8010801080108011	0.9076576576576577	0.8943298969072165	0.8941798941798942	0.9428571428571428	0.8622754491017964	0.8823529411764706	0.9154929577464789	0.625	0.8220858895705522	0.8846153846153846	0.9102564102564102	0.9156626506024096	1.0	0.8679245283018868	0.7142857142857143
dmw=19813	0.8241673121611154	0.8150943396226416	0.9247311827956989	0.9446366782006921	0.8341708542713567	0.967741935483871	0.8819742489270386	0.8556149732620321	0.8503937007874016	0.6335877862595419	0.9157894736842105	0.8709677419354839	0.9120879120879121	0.9159663865546218	0.98	0.9333333333333333	0.7111111111111111
dmw=19814	0.8637101135749053	0.8039003250270856	0.9142125480153649	0.9067164179104478	0.8881199538638985	0.9033333333333333	0.8772455089820359	0.8849407783417935	0.9190283400809717	0.8494623655913979	0.87248322147651	0.8362068965517241	0.9024390243902439	0.9178082191780822	0.9230769230769231	0.967741935483871	0.8026315789473685
dmw=19815	0.8681647940074907	0.8243861839367458	0.8938223938223938	0.9037656903765691	0.8927272727272727	0.926829268292683	0.8994708994708994	0.9168646080760094	0.9387186629526463	0.7697160883280757	0.8102766798418972	0.8578431372549019	0.9318181818181818	0.9351851851851852	0.974025974025974	0.9382716049382716	0.7272727272727273
dmw=19816	0.8731408573928259	0.7754569190600522	0.8754789272030651	0.9233716475095786	0.8851674641148325	0.8774703557312253	0.8720379146919431	0.909433962264151	0.8834355828220859	0.5757575757575758	0.8137931034482758	0.8543046357615894	0.9253731343283582	0.8914728682170543	1.0	0.9761904761904762	0.9047619047619048
dmw=19817	0.8184534927157265	0.7921279212792128	0.8949416342412452	0.8946629213483146	0.8898931799506984	0.9596774193548387	0.8554070473876063	0.9121540312876053	0.9	0.8091603053435115	0.8149606299212598	0.927007299270073	0.7441860465116279	0.9159663865546218	0.9830508474576272	0.9732142857142857	0.6597938144329897
dmw=19818	0.7976804123711341	0.7263088137839628	0.876358695652174	0.8792792792792793	0.8544668587896254	0.9153846153846154	0.7945205479452054	0.8024439918533605	0.8449197860962567	0.6985645933014354	0.864406779661017	0.7405660377358491	0.8452380952380952	0.9074074074074074	0.8837209302325582	0.972972972972973	0.5609756097560976
dmw=19819	0.8850967007963595	0.8156108597285068	0.9272976680384087	0.9042857142857142	0.9034157832744405	0.9442231075697212	0.9178255372945638	0.8870292887029289	0.9357429718875502	0.8152866242038217	0.8539823008849557	0.7307692307692307	0.9009433962264151	0.9612403100775194	0.9743589743589743	0.9397590361445783	0.5172413793103449
dmw=19820	0.8471965495995071	0.793471019320453	0.8674863387978142	0.87	0.9004524886877828	0.89272030651341	0.8456521739130435	0.8264150943396227	0.8427947598253275	0.8325123152709359	0.75	0.912	0.9154929577464789	0.8771929824561403	0.9259259259259259	0.953125	0.6
dmw=19821	0.7867924528301887	0.7769857433808554	0.8877551020408163	0.865979381443299	0.8809980806142035	0.9535864978902954	0.8878504672897196	0.8607954545454546	0.8939393939393939	0.6017699115044248	0.6976744186046512	0.967391304347826	0.8181818181818182	0.8863636363636364	0.9487179487179487	0.8837209302325582	0.6923076923076923
dmw=19822	0.7226502311248074	0.6908517350157729	0.719626168224299	0.7385321100917431	0.5036231884057971	0.6884057971014492	0.4419642857142857	0.7218543046357616	0.5405405405405406	0.8958333333333334	0.5161290322580645	0.6727272727272727	0.7333333333333333	0.48148148148148145	0.5833333333333334	0.8888888888888888	0.6041666666666666
dmw=19823	0.9090909090909091	0.851291745431632	0.9124218051831993	0.9554367201426025	0.9173967459324155	0.9356223175965666	0.9183673469387755	0.9130434782608695	0.9007352941176471	0.7697841726618705	0.8427672955974843	0.8928571428571429	0.795774647887324	0.9423868312757202	0.9655172413793104	0.9782608695652174	0.8313253012048193
dmw=19826	0.8743523316062176	0.8541114058355438	0.915057915057915	0.8882978723404256	0.9097222222222222	0.9576547231270358	0.8456521739130435	0.8977556109725686	0.9117647058823529	0.7692307692307693	0.8780487804878049	0.7474747474747475	0.6551724137931034	0.9137931034482759	0.925	1.0	0.8181818181818182
dmw=19827	0.8968140751307656	0.8219339622641509	0.9366715758468336	0.8922764227642277	0.8850931677018633	0.9541062801932367	0.8610315186246418	0.9252669039145908	0.922077922077922	0.73	0.8253968253968254	0.9	0.8525641025641025	0.9393939393939394	0.9787234042553191	0.9777777777777777	0.525
dmw=19828	0.881933438985737	0.8536585365853658	0.9177820267686424	0.9635854341736695	0.9345794392523364	0.9365079365079365	0.9550102249488752	0.9530386740331491	0.9550561797752809	0.8174603174603174	0.9166666666666666	0.9072164948453608	0.6707317073170732	0.875	0.9444444444444444	1.0	0.6956521739130435
dmw=19829	0.8687697160883281	0.8172678888231816	0.915129151291513	0.9348441926345609	0.9101123595505618	0.9565217391304348	0.9080252479711451	0.8919667590027701	0.8872180451127819	0.6958333333333333	0.8170212765957446	0.8584070796460177	0.697841726618705	0.9622641509433962	0.9940828402366864	0.9726027397260274	0.70625
dmw=19830	0.8558951965065502	0.834681042228212	0.8622047244094488	0.9159159159159159	0.9193798449612403	0.9364548494983278	0.9144144144144144	0.9439775910364145	0.9689922480620154	0.624	0.7755102040816326	0.8461538461538461	0.8947368421052632	0.9565217391304348	1.0	0.9411764705882353	0.7419354838709677
dmw=19832	0.8751252086811352	0.8131578947368421	0.8582949308755761	0.8938321536905965	0.8898305084745762	0.9320882852292021	0.9148148148148149	0.9001074113856069	0.898876404494382	0.8348214285714286	0.8092783505154639	0.9541284403669725	0.7453416149068323	0.9142857142857143	0.935064935064935	1.0	0.72
dmw=19840	0.8168693009118541	0.7365079365079366	0.8845401174168297	0.8860759493670886	0.8475836431226765	0.9373493975903614	0.8205128205128205	0.8314606741573034	0.8660714285714286	0.7475728155339806	0.5663716814159292	0.7708333333333334	0.9411764705882353	0.9069767441860465	0.8571428571428571	0.96	0.7
dmw=19841	0.8484946584655229	0.7978260869565217	0.9048490393412626	0.925754060324826	0.8945848375451263	0.9187898089171974	0.8932203389830509	0.8907488986784141	0.8528610354223434	0.6302521008403361	0.8525179856115108	0.9265536723163842	0.9147286821705426	0.919732441471572	0.9245283018867925	0.9615384615384616	0.7333333333333333
dmw=19842	0.8703021370670597	0.826996860830136	0.8873056994818653	0.8941176470588236	0.8974358974358975	0.9378238341968912	0.8704128440366973	0.9281767955801105	0.9314641744548287	0.6656441717791411	0.8	0.8370607028753994	0.7696629213483146	0.9	0.9415204678362573	0.9241379310344827	0.8166666666666667
dmw=19847	0.8357142857142857	0.7958236658932715	0.8695652173913043	0.93048128342246	0.8551099611901681	0.9285714285714286	0.872865275142315	0.848780487804878	0.8833333333333333	0.8540145985401459	0.8012422360248447	0.7346938775510204	0.8294573643410853	0.9263157894736842	0.967032967032967	0.9215686274509803	0.6621621621621622
dmw=19848	0.854251012145749	0.8376	0.886	0.9227053140096618	0.9336188436830836	0.9058441558441559	0.9633802816901409	0.9248704663212435	0.9681528662420382	0.8646616541353384	0.7264150943396226	0.9325842696629213	0.8051948051948052	0.9807692307692307	0.9629629629629629	1.0	0.7204301075268817
dmw=19850	0.871141975308642	0.8015810276679842	0.9328358208955224	0.9610778443113772	0.8581314878892734	0.900497512437811	0.7828418230563002	0.8956310679611651	0.8994082840236687	0.7604166666666666	0.8345864661654135	0.7971014492753623	0.7865168539325843	0.8275862068965517	0.92	1.0	0.6274509803921569
dmw=19852	0.898428053204353	0.8600525624178712	0.9413919413919414	0.9097222222222222	0.9369250985545335	0.9739130434782609	0.8892508143322475	0.9404255319148936	0.9390243902439024	0.6895161290322581	0.803921568627451	0.7386363636363636	0.9907407407407407	0.9647887323943662	0.9264705882352942	0.7428571428571429	0.71875
dmw=19853	0.8803418803418803	0.8391070053887606	0.8825757575757576	0.9444444444444444	0.943076923076923	0.9	0.8842364532019704	0.9479905437352246	0.95	0.7959183673469388	0.8137931034482758	0.9150943396226415	0.8666666666666667	0.9571428571428572	0.9696969696969697	0.9594594594594594	0.5813953488372093
dmw=19854	0.8658869395711501	0.8171134777818583	0.8896833503575077	0.936127744510978	0.9202037351443124	0.97265625	0.8796296296296297	0.9087353324641461	0.9313725490196079	0.6903225806451613	0.8823529411764706	0.8702702702702703	0.8584905660377359	0.8821138211382114	1.0	0.9657534246575342	0.6928104575163399
dmw=19855	0.9081967213114754	0.8600556070435589	0.8616071428571429	0.9053497942386831	0.9228971962616822	0.9514563106796117	0.9080459770114943	0.9115479115479116	0.8986486486486487	0.6287878787878788	0.8118811881188119	1.0	0.7619047619047619	0.9682539682539683	0.987012987012987	0.9487179487179487	0.9736842105263158
dmw=19856	0.8917073170731707	0.8490374873353597	0.9399038461538461	0.9324894514767933	0.9100642398286938	0.9830508474576272	0.9205882352941176	0.9045801526717557	0.951048951048951	0.4918032786885246	0.8921568627450981	0.9636363636363636	0.9315068493150684	0.9325842696629213	0.8235294117647058	0.9215686274509803	0.8260869565217391
dmw=19857	0.8737614678899083	0.8330625507717303	0.910010111223458	0.9029275808936826	0.9232158988256549	0.942643391521197	0.9078651685393259	0.9114583333333334	0.9108910891089109	0.717948717948718	0.7857142857142857	0.8655172413793103	0.7772727272727272	0.8896551724137931	0.9320388349514563	0.8583333333333333	0.5714285714285714
dmw=19858	0.8847173144876325	0.862670713201821	0.9220389805097451	0.921832884097035	0.9163135593220338	0.949290060851927	0.9447852760736196	0.9129979035639413	0.9288702928870293	0.7546296296296297	0.9141414141414141	0.88268156424581	0.806930693069307	0.918918918918919	0.9491525423728814	0.9743589743589743	0.7164179104477612
dmw=19859	0.8822179732313575	0.8550440744368266	0.9129943502824859	0.9297235023041475	0.9288537549407114	0.9349112426035503	0.9015990159901599	0.9402618657937807	0.8662790697674418	0.8137472283813747	0.7757009345794392	0.9552845528455285	0.916030534351145	0.9612756264236902	1.0	0.9542857142857143	0.5636363636363636
dmw=19860	0.8847926267281107	0.8345679012345679	0.9502332814930016	0.9100294985250738	0.9165275459098498	0.9481981981981982	0.906084656084656	0.9006085192697769	0.9102564102564102	0.6282051282051282	0.8786127167630058	0.9375	0.958041958041958	0.9112903225806451	0.9873417721518988	0.9344262295081968	0.9090909090909091
dmw=19861	0.855188141391106	0.8497457235321313	0.9036144578313253	0.9026217228464419	0.9285714285714286	0.9718969555035128	0.9130434782608695	0.9066427289048474	0.95	0.8692307692307693	0.8551724137931035	0.9027777777777778	0.8469387755102041	0.9423076923076923	0.971830985915493	0.9878048780487805	0.6144578313253012
dmw=19862	0.8899156287665729	0.8673805601317958	0.8983903420523138	0.9248466257668712	0.9277942631058358	0.95	0.902158273381295	0.9196035242290749	0.9585492227979274	0.8641114982578397	0.8280254777070064	0.8715596330275229	0.9435897435897436	0.9215686274509803	0.9917355371900827	0.974025974025974	0.7647058823529411
dmw=19863	0.8882478632478632	0.8211471504489646	0.9141689373297003	0.8953603158933859	0.9288756388415673	0.947027027027027	0.9023605150214592	0.916327716443928	0.9261146496815287	0.8174474959612278	0.8510998307952623	0.8875502008032129	0.9342560553633218	0.9288888888888889	0.9473684210526315	0.8518518518518519	0.765625
dmw=19864	0.8534145280556764	0.7850701402805611	0.8472222222222222	0.865424430641822	0.9010375099760575	0.9314516129032258	0.83984375	0.856929955290611	0.8872727272727273	0.721830985915493	0.7400881057268722	0.7880434782608695	0.8333333333333334	0.9253731343283582	0.9345794392523364	0.8082191780821918	0.8102189781021898
dmw=19865	0.8817998656816656	0.8874388254486134	0.922740524781341	0.9337231968810916	0.9259259259259259	0.9360902255639098	0.9259259259259259	0.923202614379085	0.9435483870967742	0.6950354609929078	0.871900826446281	0.952054794520548	0.9298245614035088	0.9572953736654805	0.9873417721518988	0.9345794392523364	0.9047619047619048
dmw=19866	0.8641262509622787	0.8014801915542011	0.8847222222222222	0.9030694668820679	0.9002403846153846	0.911504424778761	0.886968085106383	0.8952020202020202	0.9003115264797508	0.8021978021978022	0.8642533936651584	0.8258426966292135	0.8222222222222222	0.9	0.9603174603174603	0.9381443298969072	0.5813953488372093
dmw=19867	0.8652618135376756	0.8091185410334346	0.8973063973063973	0.8806818181818182	0.9083526682134571	0.9308176100628931	0.8657487091222031	0.9177489177489178	0.9181494661921709	0.6130952380952381	0.7569060773480663	0.9078014184397163	0.8375	0.9050279329608939	1.0	0.9807692307692307	0.5740740740740741
dmw=19868	0.868560105680317	0.8619572261827608	0.9101497504159733	0.9294320137693631	0.9079497907949791	0.9181818181818182	0.9178743961352657	0.9302325581395349	0.9285714285714286	0.6194331983805668	0.826530612244898	0.9574468085106383	0.8955223880597015	0.9751243781094527	1.0	0.9523809523809523	0.4791666666666667
dmw=19869	0.8183333333333334	0.841421143847487	0.9016064257028112	0.9328621908127208	0.8846918489065606	0.9383259911894273	0.90625	0.9203354297693921	0.8981481481481481	0.5033112582781457	0.7674418604651163	0.9196428571428571	0.9302325581395349	0.8846153846153846	0.8888888888888888	0.9318181818181818	0.7391304347826086
dmw=19870	0.8917933130699088	0.8523489932885906	0.9434782608695652	0.9454148471615721	0.9074074074074074	0.8812154696132597	0.9222011385199241	0.924	0.9081632653061225	0.75	0.6814159292035398	0.9477611940298507	0.855072463768116	0.8877551020408163	0.9714285714285714	0.9459459459459459	0.9466666666666667
dmw=19871	0.8334771354616048	0.7944862155388471	0.9118329466357309	0.8985507246376812	0.8915254237288136	0.9227053140096618	0.8863109048723898	0.9009287925696594	0.8703703703703703	0.673202614379085	0.7914110429447853	0.8057142857142857	0.9340659340659341	0.8472222222222222	0.9014084507042254	1.0	0.6052631578947368
dmw=19872	0.8921052631578947	0.8560606060606061	0.8495370370370371	0.9827586206896551	0.8973880597014925	0.9637681159420289	0.9071428571428571	0.9088729016786571	0.9689922480620154	0.40186915887850466	0.8133333333333334	0.923728813559322	0.8347826086956521	0.9329268292682927	0.9019607843137255	0.9726027397260274	0.7540983606557377
dmw=19873	0.8640638358506697	0.7895352236188249	0.9110953058321479	0.8979591836734694	0.9041353383458647	0.9522431259044862	0.8786127167630058	0.9313264346190028	0.9464285714285714	0.6903914590747331	0.8108974358974359	0.8885714285714286	0.8817204301075269	0.9437939110070258	0.9254658385093167	0.918918918918919	0.7202797202797203
dmw=19874	0.8410286382232612	0.739001189060642	0.9036918138041734	0.9170305676855895	0.8922363847045192	0.9064327485380117	0.8633217993079585	0.8638655462184874	0.8856088560885609	0.7575757575757576	0.765625	0.8858695652173914	0.8	0.8244274809160306	0.8333333333333334	0.9555555555555556	0.7
dmw=19875	0.907361963190184	0.8693790149892934	0.9523809523809523	0.9329388560157791	0.9298013245033112	0.9421841541755889	0.9271844660194175	0.9260780287474333	0.9388888888888889	0.7395348837209302	0.848	0.905982905982906	0.9504950495049505	0.9279279279279279	0.9769230769230769	1.0	0.6986301369863014
dmw=19879	0.8550786230344242	0.8023715415019763	0.8978549540347294	0.9028268551236749	0.8961325966850828	0.9413680781758957	0.8752598752598753	0.9248366013071896	0.9354838709677419	0.5446009389671361	0.850828729281768	0.8223684210526315	0.7084870848708487	0.9272727272727272	0.9294117647058824	0.9772727272727273	0.7922077922077922
dmw=19880	0.8816061411278417	0.850104275286757	0.9306930693069307	0.9368213228035538	0.9247894103489771	0.9590973201692524	0.8879492600422833	0.9173262972735268	0.9076576576576577	0.6889632107023411	0.8604060913705583	0.8784722222222222	0.9042553191489362	0.9370932754880694	0.9664429530201343	0.9433962264150944	0.7828571428571428
dmw=19881	0.8395061728395061	0.7932659932659932	0.8931433659839715	0.9192913385826772	0.8697883258499037	0.9204737732656514	0.8698817106460418	0.8975095785440613	0.8865030674846626	0.811965811965812	0.7879656160458453	0.9141914191419142	0.8303030303030303	0.9353846153846154	0.9463087248322147	0.9325842696629213	0.6292134831460674
dmw=19882	0.8737174427782163	0.8470588235294118	0.8974358974358975	0.9172413793103448	0.9171597633136095	0.9166666666666666	0.887719298245614	0.9291497975708503	0.8873239436619719	0.5851063829787234	0.9381443298969072	0.9076923076923077	0.9487179487179487	0.8952380952380953	1.0	0.8571428571428571	0.5283018867924528
dmw=19883	0.8538745387453874	0.7648745519713261	0.9210526315789473	0.9375	0.9088145896656535	0.8885135135135135	0.886986301369863	0.9026548672566371	0.9047619047619048	0.7419354838709677	0.8015267175572519	0.9302325581395349	0.8615384615384616	0.9099099099099099	0.958904109589041	0.9411764705882353	0.6417910447761194
dmw=19884	0.8842490842490842	0.8323741007194244	0.9285714285714286	0.9256198347107438	0.9389438943894389	0.9623287671232876	0.9289719626168225	0.9320594479830149	0.893719806763285	0.8529411764705882	0.7094017094017094	0.9484536082474226	0.9	0.9338842975206612	0.9873417721518988	0.9876543209876543	0.782051282051282
dmw=19885	0.897244094488189	0.8554493307839388	0.8960441582336707	0.8957345971563981	0.9285714285714286	0.9667832167832168	0.9040348964013086	0.9327846364883402	0.9174917491749175	0.7254901960784313	0.8188976377952756	0.8987341772151899	0.8857142857142857	0.948051948051948	0.9080459770114943	1.0	0.7857142857142857
dmw=19886	0.8534278959810875	0.8060453400503779	0.9061728395061729	0.9175257731958762	0.889487870619946	0.9578947368421052	0.8830769230769231	0.9367588932806324	0.8648648648648649	0.6791044776119403	0.8583333333333333	0.8141592920353983	0.9705882352941176	0.9130434782608695	0.9538461538461539	0.9411764705882353	0.864406779661017
dmw=19887	0.875748502994012	0.8128577719066491	0.9130938586326767	0.9410714285714286	0.9151219512195122	0.9397260273972603	0.9058355437665783	0.9131075110456554	0.9006622516556292	0.5843621399176955	0.8440366972477065	0.9152542372881356	0.8958333333333334	0.9102564102564102	1.0	0.825	0.8260869565217391
dmw=19890	0.87001287001287	0.8043981481481481	0.9098786828422877	0.9436325678496869	0.9301242236024845	0.9627507163323782	0.9114503816793893	0.875	0.8578947368421053	0.6614583333333334	0.9285714285714286	0.93717277486911	0.8982035928143712	0.9384615384615385	0.97	0.9583333333333334	0.6521739130434783
dmw=19892	0.8717748240813136	0.8478802992518704	0.9042553191489362	0.9608433734939759	0.9242685025817556	0.9354838709677419	0.9294320137693631	0.910411622276029	0.9086538461538461	0.664	0.8360655737704918	0.828125	0.9125	0.9661016949152542	0.9512195121951219	0.968421052631579	0.9615384615384616
dmw=19896	0.6067073170731707	0.5928571428571429	0.6370967741935484	0.7263157894736842	0.390625	0.5950413223140496	0.3574660633484163	0.6515837104072398	0.36065573770491804	0.390625	0.48	0.6323529411764706	0.6875	0.543859649122807	0.6944444444444444	0.7058823529411765	0.7419354838709677
dmw=19897	0.7665260196905767	0.6968773800456969	0.8938356164383562	0.881578947368421	0.8140293637846656	0.9287749287749287	0.7821782178217822	0.8730569948186528	0.8377192982456141	0.7972027972027972	0.7698412698412699	0.8679245283018868	0.8426966292134831	0.8482142857142857	1.0	0.9344262295081968	0.5675675675675675
dmw=19898	0.8887267420649398	0.8488320846187748	0.8760683760683761	0.909952606635071	0.909683426443203	0.9150485436893204	0.8957055214723927	0.9368258859784283	0.9097387173396675	0.7312138728323699	0.8048780487804879	0.9273504273504274	0.9325153374233128	0.9098360655737705	0.9430379746835443	0.8979591836734694	0.65625
dmw=19899	0.8977599080987938	0.8269604666234608	0.9192660550458716	0.8961937716262975	0.8989113530326595	0.9282296650717703	0.8711018711018711	0.9137055837563451	0.958041958041958	0.6582914572864321	0.8404907975460123	0.9205607476635514	0.9098360655737705	0.9527896995708155	0.941747572815534	0.9629629629629629	0.5333333333333333
dmw=19900	0.9103535353535354	0.8407789232531501	0.9132075471698113	0.9281045751633987	0.9176470588235294	0.9467455621301775	0.9417040358744395	0.9521531100478469	0.9242424242424242	0.8026315789473685	0.7623762376237624	0.918918918918919	0.7	0.9306930693069307	0.9642857142857143	1.0	0.7386363636363636
dmw=19901	0.8574031890660593	0.8208255159474672	0.8997429305912596	0.9240506329113924	0.8867735470941884	0.9507494646680942	0.9004739336492891	0.8914285714285715	0.9422382671480144	0.740072202166065	0.8	0.8277310924369747	0.8214285714285714	0.9554140127388535	1.0	0.943089430894309	0.8
dmw=19902	0.8713646532438478	0.8529735682819384	0.8772727272727273	0.9083820662768031	0.9088639200998752	0.9622641509433962	0.9052823315118397	0.9057301293900185	0.925	0.6470588235294118	0.875	0.8354430379746836	0.6923076923076923	0.813953488372093	0.9523809523809523	0.9206349206349206	0.7654320987654321
dmw=19903	0.8933209647495362	0.8452792881858626	0.9053398058252428	0.9037162162162162	0.9118483412322275	0.9368836291913215	0.9068100358422939	0.925686591276252	0.8884462151394422	0.9119718309859155	0.7743589743589744	0.9285714285714286	0.7184466019417476	0.9359605911330049	0.9315068493150684	0.9782608695652174	0.54
dmw=19904	0.9232605729877217	0.8927056827820187	0.9408418657565415	0.9315960912052117	0.9268953068592057	0.9609856262833676	0.9327628361858191	0.9255874673629243	0.9434523809523809	0.8333333333333334	0.9020979020979021	0.927461139896373	0.7823529411764706	0.95703125	0.9655172413793104	0.9937888198757764	0.7317073170731707
dmw=19905	0.7451891174518912	0.6964285714285714	0.8553846153846154	0.8230958230958231	0.7878787878787878	0.9056603773584906	0.7706855791962175	0.8132118451025057	0.7961783439490446	0.6617647058823529	0.8083333333333333	0.9195402298850575	0.7954545454545454	0.7785234899328859	0.9259259259259259	0.7906976744186046	0.6233766233766234
dmw=19911	0.5165851005981512	0.45933014354066987	0.7864197530864198	0.6193415637860082	0.771689497716895	0.7799511002444988	0.7173524150268337	0.7231012658227848	0.708904109589041	0.6573033707865169	0.5421686746987951	0.8787878787878788	0.5625	0.8347826086956521	0.8522727272727273	0.7083333333333334	0.7377049180327869
dmw=19912	0.8670360110803325	0.8142470694319206	0.88125	0.9262536873156342	0.891500904159132	0.8595317725752508	0.9002217294900222	0.9285714285714286	0.8585858585858586	0.6071428571428571	0.6896551724137931	0.9459459459459459	0.8082191780821918	0.9607843137254902	0.9454545454545454	0.9	0.5106382978723404
dmw=19913	0.8702290076335878	0.8091009988901221	0.8403908794788274	0.9390243902439024	0.886021505376344	0.8417721518987342	0.8794326241134752	0.8876404494382022	0.8378378378378378	0.43529411764705883	0.8089887640449438	0.9736842105263158	0.8048780487804879	0.9285714285714286	1.0	0.9148936170212766	0.7647058823529411
dmw=19914	0.867690490253987	0.8649068322981367	0.8941018766756033	0.9486166007905138	0.899880810488677	0.910411622276029	0.9095744680851063	0.9149277688603531	0.9571428571428572	0.6820083682008368	0.8888888888888888	0.9158878504672897	0.8958333333333334	0.9583333333333334	1.0	0.9883720930232558	0.8333333333333334
dmw=19915	0.8754466564573762	0.8401950162513543	0.9011299435028248	0.916256157635468	0.926487747957993	0.945031712473573	0.905	0.8937282229965157	0.9426229508196722	0.7587548638132295	0.8565217391304348	0.8214285714285714	0.9024390243902439	0.9338235294117647	0.9777777777777777	0.9770114942528736	0.7441860465116279
dmw=19916	0.8807495741056218	0.8708774113254512	0.8968481375358166	0.923699421965318	0.8778311599176389	0.9209677419354839	0.9323420074349442	0.9229946524064171	0.9287356321839081	0.7417061611374408	0.8170347003154574	0.9105691056910569	0.8905472636815921	0.9295039164490861	0.9267399267399268	0.9838709677419355	0.8648648648648649
dmw=19917	0.8378978534418949	0.7808988764044944	0.9046563192904656	0.9285714285714286	0.8535645472061657	0.9318181818181818	0.8418803418803419	0.8850574712643678	0.8375634517766497	0.9354838709677419	0.8543689320388349	0.65625	0.8431372549019608	0.905982905982906	0.9736842105263158	1.0	0.5555555555555556
dmw=19918	0.9009410599306588	0.869250645994832	0.8990228013029316	0.9002267573696145	0.9310761789600968	0.9432989690721649	0.9149198520345253	0.9336158192090396	0.9511400651465798	0.645933014354067	0.8982300884955752	0.8470588235294118	0.8382352941176471	0.9190751445086706	0.9342105263157895	0.96	0.7424242424242424
dmw=19919	0.8634785962205939	0.8114874815905744	0.8740234375	0.9245033112582781	0.8771929824561403	0.8956406869220608	0.8881932021466905	0.9076305220883534	0.8826530612244898	0.5119453924914675	0.8159722222222222	0.8141025641025641	0.7931034482758621	0.9455252918287937	0.9620253164556962	0.9705882352941176	0.6666666666666666
dmw=19920	0.8715824357912179	0.8493506493506493	0.8883720930232558	0.8512820512820513	0.9226069246435845	0.8981132075471698	0.9118387909319899	0.8922155688622755	0.9156626506024096	0.5411764705882353	0.8161764705882353	0.9365079365079365	0.8125	0.9411764705882353	0.9354838709677419	0.984375	0.6461538461538462
dmw=19921	0.8491364117025026	0.8326916345817291	0.8780068728522337	0.8928571428571429	0.8818565400843882	0.9341917024320457	0.8745954692556634	0.9034653465346535	0.8578947368421053	0.7774725274725275	0.8138528138528138	0.8084291187739464	0.8916256157635468	0.9107692307692308	0.975609756097561	0.9452054794520548	0.7289719626168224
dmw=19925	0.901580826109128	0.8332371609924986	0.906832298136646	0.967479674796748	0.9252336448598131	0.9306930693069307	0.927461139896373	0.9517133956386293	0.8861386138613861	0.7063197026022305	0.895	0.8947368421052632	0.9077669902912622	0.8633540372670807	0.968503937007874	0.9420289855072463	0.8303571428571429
dmw=19955	0.9096573208722741	0.8585858585858586	0.9139072847682119	0.932475884244373	0.7860262008733624	0.898876404494382	0.8559322033898306	0.922360248447205	0.8045977011494253	0.9038461538461539	0.944954128440367	0.8604651162790697	0.8717948717948718	0.8607594936708861	0.8947368421052632	0.972972972972973	0.8125
dmw=19956	0.8476510067114094	0.7929984779299848	0.8413001912045889	0.887905604719764	0.6651917404129793	0.8523076923076923	0.7384196185286104	0.8636363636363636	0.7469135802469136	0.7433628318584071	0.6434782608695652	0.7814569536423841	0.7142857142857143	0.6388888888888888	0.8518518518518519	0.8947368421052632	0.83
dmw=19964	0.20802005012531327	0.17549167927382753	0.4482758620689655	0.3516949152542373	0.39556962025316456	0.7024793388429752	0.2757009345794392	0.3684210526315789	0.2523364485981308	0.5555555555555556	0.34408602150537637	0.6739130434782609	0.2692307692307692	0.5434782608695652	1.0	0.8717948717948718	0.8157894736842105
dmw=19967	0.6566757493188011	0.5327102803738317	0.6666666666666666	0.6041666666666666	0.23125	0.43023255813953487	0.30701754385964913	0.5897435897435898	0.17647058823529413	0.6451612903225806	0.5	0.5882352941176471	0.7647058823529411	0.03225806451612903	0.35294117647058826	0.6666666666666666	0.55
dmw=19971	0.8791069924178602	0.8542222222222222	0.8690476190476191	0.8652777777777778	0.8519388954171563	0.7697160883280757	0.764629388816645	0.8530864197530864	0.8647798742138365	0.7329192546583851	0.8978723404255319	0.9307692307692308	0.8866995073891626	0.48091603053435117	0.5694444444444444	0.9159663865546218	0.7830188679245284
dmw=19973	0.6614925373134328	0.603035610040864	0.655688622754491	0.702355460385439	0.46082337317397076	0.6797235023041475	0.4648956356736243	0.6566523605150214	0.6443298969072165	0.7268041237113402	0.36363636363636365	0.7153846153846154	0.6306306306306306	0.6012269938650306	0.3157894736842105	0.7540983606557377	0.5774647887323944
dmw=20001	0.7831632653061225	0.7339181286549707	0.5723684210526315	0.7931034482758621	0.7294117647058823	0.6554621848739496	0.7745664739884393	0.7716535433070866	0.6363636363636364	0.3333333333333333	0.6190476190476191	0.1518987341772152	0.7333333333333333	0.82	0.6857142857142857	0.7857142857142857	0.5833333333333334
dmw=20018	0.7993697478991597	0.6418950301904319	0.500768049155146	0.7367458866544789	0.6213364595545134	0.8530701754385965	0.6438172043010753	0.7168458781362007	0.6506550218340611	0.4818181818181818	0.6209150326797386	0.504	0.8222222222222222	0.7589743589743589	0.8369565217391305	0.8963414634146342	0.7615384615384615
dmw=20020	0.06047516198704104	0.023206751054852322	0.37254901960784315	0.1951219512195122	0.35046728971962615	0.45038167938931295	0.48502994011976047	0.004629629629629629	0.5555555555555556	0.3709677419354839	0.13636363636363635	0.4625	0.0	0.42	0.6	0.5454545454545454	0.4117647058823529
dmw=20031	0.8168449197860963	0.7658045977011494	0.678343949044586	0.8950276243093923	0.49019607843137253	0.7467532467532467	0.3936651583710407	0.7533632286995515	0.6268656716417911	0.7159090909090909	0.6588235294117647	0.7222222222222222	0.86	0.5	0.875	0.95	0.7142857142857143
dmw=20034	0.296969696969697	0.3278955954323002	0.34035087719298246	0.3284671532846715	0.15789473684210525	0.25170068027210885	0.21363636363636362	0.37799043062200954	0.25806451612903225	0.43333333333333335	0.65	0.27450980392156865	0.35294117647058826	0.16216216216216217	0.24444444444444444	0.5555555555555556	0.4
dmw=20041	0.4343832020997375	0.36583679114799444	0.3532608695652174	0.5204819277108433	0.23694779116465864	0.43617021276595747	0.21535181236673773	0.3966789667896679	0.3941908713692946	0.32679738562091504	0.2485207100591716	0.4411764705882353	0.4396551724137931	0.273224043715847	0.4626865671641791	0.5283018867924528	0.40476190476190477
dmw=20050	0.35698447893569846	0.2229064039408867	0.32941176470588235	0.42105263157894735	0.2297650130548303	0.39572192513368987	0.3283018867924528	0.1341991341991342	0.3258426966292135	0.024390243902439025	0.14285714285714285	0.1016949152542373	0.5333333333333333	0.21739130434782608	0.6818181818181818	0.3870967741935484	0.6
dmw=20051	0.15779092702169625	0.1389413988657845	0.46883468834688347	0.3375	0.2366412213740458	0.7007874015748031	0.2680115273775216	0.3654485049833887	0.43820224719101125	0.7623762376237624	0.17105263157894737	0.6571428571428571	0.5636363636363636	0.2807017543859649	0.8	0.8412698412698413	0.525
dmw=20064	0.39904229848363926	0.2707667731629393	0.33648393194706994	0.34782608695652173	0.21658986175115208	0.28440366972477066	0.18295739348370926	0.3227848101265823	0.2073170731707317	0.26436781609195403	0.14634146341463414	0.38202247191011235	0.2815533980582524	0.2847682119205298	0.25	0.38596491228070173	0.42857142857142855
dmw=20077	0.19937205651491366	0.19904458598726116	0.298932384341637	0.2079646017699115	0.1716867469879518	0.2807017543859649	0.09271523178807947	0.24782608695652175	0.11538461538461539	0.11666666666666667	0.15789473684210525	0.525	0.18421052631578946	0.1267605633802817	1.0	0.21621621621621623	0.07142857142857142
dmw=20078	0.8903775883069428	0.8571428571428571	0.8553846153846154	0.8726114649681529	0.6411764705882353	0.8666666666666667	0.7463768115942029	0.9292929292929293	0.8773584905660378	0.5471698113207547	0.5428571428571428	0.8955223880597015	0.96	0.6382978723404256	0.7428571428571429	0.8571428571428571	0.85
dmw=20082	0.89749430523918	0.8450106157112527	0.7482517482517482	0.8926174496644296	0.6054054054054054	0.9252336448598131	0.5620915032679739	0.8703703703703703	0.55	0.6944444444444444	0.43478260869565216	0.8857142857142857	0.8620689655172413	0.48	0.9230769230769231	0.9	0.9375
dmw=20088	0.9275603663613655	0.9155609167671894	0.9226804123711341	0.9814814814814815	0.9111111111111111	0.9591078066914498	0.9653179190751445	0.9714285714285714	0.9322033898305084	0.6721311475409836	0.8673469387755102	0.7073170731707317	0.9814814814814815	0.9672131147540983	0.9649122807017544	0.9577464788732394	0.8571428571428571
dmw=20089	0.8884955752212389	0.9075471698113208	0.9145907473309609	0.9345454545454546	0.9436201780415431	0.860655737704918	0.9261083743842364	0.9250936329588015	0.9529411764705882	0.6444444444444445	0.746031746031746	0.8135593220338984	0.8421052631578947	0.9411764705882353	0.90625	1.0	0.40476190476190477
dmw=20097	0.6666666666666666	0.5738255033557047	0.554945054945055	0.5733333333333334	0.1782178217821782	0.35	0.1956521739130435	0.49523809523809526	0.35	0.6363636363636364	0.3333333333333333	0.6666666666666666	0.6923076923076923	0.0	0.5263157894736842	0.6666666666666666	0.38095238095238093
dmw=20105	0.3049932523616734	0.35581061692969873	0.24642857142857144	0.39790575916230364	0.23765432098765432	0.44936708860759494	0.24050632911392406	0.3795180722891566	0.28125	0.29245283018867924	0.37037037037037035	0.25225225225225223	0.5	0.08641975308641975	0.0	0.17142857142857143	0.4666666666666667
dmw=20108	0.8446909667194928	0.850480109739369	0.82	0.864321608040201	0.6635514018691588	0.9325842696629213	0.5405405405405406	0.8465346534653465	0.6991869918699187	0.7808219178082192	0.581081081081081	0.8604651162790697	0.7	0.5072463768115942	0.868421052631579	0.9714285714285714	0.72
dmw=20128	0.5869894099848714	0.5445205479452054	0.47017543859649125	0.46715328467153283	0.3793103448275862	0.5862068965517241	0.536144578313253	0.5046728971962616	0.425	0.3191489361702128	0.2	0.696969696969697	0.6590909090909091	0.44642857142857145	0.5333333333333333	0.53125	0.32142857142857145
dmw=20140	0.8209408194233687	0.7784711388455539	0.823943661971831	0.8608247422680413	0.7060041407867494	0.8	0.7159353348729792	0.8351177730192719	0.753731343283582	0.7014925373134329	0.7431192660550459	0.925	0.9368421052631579	0.5833333333333334	0.7692307692307693	0.92	0.7777777777777778
dmw=20142	0.005571030640668524	0.007238883143743537	0.007434944237918215	0.016666666666666666	0.003929273084479371	0.004545454545454545	0.010416666666666666	0.005050505050505051	0.022099447513812154	0.031578947368421054	0.0	0.0	0.0	0.0	0.2777777777777778	0.0	0.0
dmw=20154	0.8415446071904128	0.8363780778395552	0.8959183673469387	0.8441247002398081	0.8646723646723646	0.8840125391849529	0.9002079002079002	0.8421052631578947	0.9368421052631579	0.7272727272727273	0.8206896551724138	0.7596899224806202	0.7023809523809523	0.9084507042253521	0.8863636363636364	0.8888888888888888	0.53125
dmw=20185	0.8459214501510574	0.8424153166421208	0.8597285067873304	0.9	0.884393063583815	0.968	0.9023255813953488	0.9227053140096618	0.9320388349514563	0.8292682926829268	0.8260869565217391	0.6842105263157895	0.6976744186046512	0.9655172413793104	1.0	0.9473684210526315	0.3684210526315789
dmw=20195	0.8745308310991957	0.8451327433628318	0.8849270664505673	0.9312839059674503	0.8310038119440915	0.8533724340175953	0.7990867579908676	0.8388214904679376	0.7593360995850622	0.7377049180327869	0.7005988023952096	0.9111111111111111	0.9290780141843972	0.7956204379562044	0.8390804597701149	0.9782608695652174	0.8404255319148937
dmw=20202	0.624633431085044	0.501577287066246	0.496	0.7614678899082569	0.36082474226804123	0.5283018867924528	0.5	0.12359550561797752	0.4358974358974359	0.42857142857142855	0.6206896551724138	0.35	0.59375	0.0	0.6666666666666666	0.7272727272727273	0.3333333333333333
dmw=20203	0.19518377693282637	0.10411622276029056	0.46332046332046334	0.30493273542600896	0.5799256505576208	0.6343283582089553	0.5562913907284768	0.22545454545454546	0.5	0.3620689655172414	0.2602739726027397	0.4090909090909091	0.22580645161290322	0.5113636363636364	0.75	0.8524590163934426	0.3191489361702128
dmw=20215	0.6698635189966802	0.6939196152524906	0.7169811320754716	0.7300435413642961	0.3086816720257235	0.6809269162210339	0.3463203463203463	0.6551297898640297	0.43360433604336046	0.6156351791530945	0.7228464419475655	0.7075471698113207	0.6645161290322581	0.27692307692307694	0.5887850467289719	0.7903225806451613	0.39473684210526316
dmw=20216	0.6038961038961039	0.4813614262560778	0.7954545454545454	0.8740157480314961	0.6363636363636364	0.8598130841121495	0.6358974358974359	0.7266666666666667	0.725	0.8571428571428571	0.28125	0.8064516129032258	0.6091954022988506	0.6451612903225806	0.5714285714285714	0.8387096774193549	0.36
dmw=20217	0.20193470374848851	0.1697459584295612	0.5188172043010753	0.38202247191011235	0.23969072164948454	0.73125	0.203125	0.5126050420168067	0.37037037037037035	0.45555555555555555	0.43333333333333335	0.4696969696969697	0.2878787878787879	0.4342105263157895	0.4	0.7948717948717948	0.35714285714285715
dmw=20223	0.9459459459459459	0.9552023121387283	0.8666666666666667	0.9418604651162791	0.9272727272727272	1.0	0.9385245901639344	0.9090909090909091	1.0	0.9473684210526315	0.9629629629629629	0.979381443298969	0.8153846153846154	0.9354838709677419	0.9411764705882353	1.0	0.9
dmw=20224	0.9020372778500216	0.8921971252566735	0.9316005471956225	0.956140350877193	0.9142280524722503	0.9428571428571428	0.9157894736842105	0.9470899470899471	0.9481865284974094	0.7342657342657343	0.90625	0.9067357512953368	0.6095890410958904	0.9502262443438914	0.9558823529411765	0.9886363636363636	0.7101449275362319
dmw=20225	0.9025590551181102	0.9015479876160991	0.937984496124031	0.9252873563218391	0.9324942791762014	0.9682080924855492	0.8893939393939394	0.864406779661017	0.8918918918918919	0.7178683385579937	0.8540540540540541	0.9137931034482759	0.717391304347826	0.9666666666666667	0.8596491228070176	0.8849557522123894	0.8695652173913043
dmw=20226	0.9029398040130658	0.8786496350364964	0.9213649851632048	0.911660777385159	0.9279279279279279	0.9206349206349206	0.9224806201550387	0.9280774550484094	0.8830645161290323	0.7785234899328859	0.8968609865470852	0.9095744680851063	0.7557251908396947	0.9503105590062112	0.9252873563218391	0.9736842105263158	0.7164179104477612
dmw=20227	0.9032536711776562	0.8738288569643973	0.9155948553054662	0.9217948717948717	0.9102486355366889	0.8956158663883089	0.8940455341506129	0.906284454244763	0.8938053097345132	0.7279693486590039	0.793939393939394	0.8354430379746836	0.6530612244897959	0.9651741293532339	0.9787234042553191	0.9565217391304348	0.75
dmw=20228	0.8996825396825396	0.9035087719298246	0.9282868525896414	0.9602446483180428	0.9281984334203656	0.9369627507163324	0.9199438202247191	0.9395833333333333	0.9498207885304659	0.6855670103092784	0.863013698630137	0.912	0.8734177215189873	0.9595959595959596	0.975	0.9861111111111112	0.7741935483870968
dmw=20229	0.8707753479125249	0.87882096069869	0.9487951807228916	0.9180722891566265	0.9192139737991266	0.9111111111111111	0.871875	0.9037037037037037	0.953125	0.898989898989899	0.8026315789473685	0.8846153846153846	0.509090909090909	0.9142857142857143	0.7142857142857143	0.875	0.8181818181818182
dmw=20231	0.8337129840546698	0.8347613219094248	0.7514619883040936	0.8631578947368421	0.5058479532163743	0.8	0.5548780487804879	0.7454545454545455	0.6330275229357798	0.8	0.5492957746478874	1.0	0.8688524590163934	0.6590909090909091	0.46153846153846156	0.9090909090909091	1.0
dmw=20232	0.44556962025316454	0.29594017094017094	0.4472843450479233	0.4868913857677903	0.26229508196721313	0.5677083333333334	0.2	0.43197278911564624	0.4117647058823529	0.5131578947368421	0.45714285714285713	0.5949367088607594	0.36923076923076925	0.5040650406504065	0.7209302325581395	0.5681818181818182	0.043478260869565216
dmw=20234	0.5153631284916201	0.49058693244739754	0.46407185628742514	0.44545454545454544	0.07194244604316546	0.3701657458563536	0.022304832713754646	0.4919093851132686	0.04054054054054054	0.5	0.31746031746031744	0.5957446808510638	0.4810126582278481	0.18518518518518517	0.6086956521739131	0.2222222222222222	0.42857142857142855
dmw=20240	0.8693931398416886	0.881979695431472	0.8709677419354839	0.9107142857142857	0.8424242424242424	0.8507462686567164	0.801762114537445	0.867579908675799	0.8571428571428571	0.6153846153846154	0.7636363636363637	0.7931034482758621	0.7073170731707317	0.7857142857142857	0.8235294117647058	0.7631578947368421	0.8235294117647058
dmw=20242	0.904862579281184	0.875724937862469	0.9425287356321839	0.8967551622418879	0.9266503667481663	0.9326923076923077	0.906801007556675	0.9423558897243107	0.889763779527559	0.6067415730337079	0.7590361445783133	0.9365079365079365	0.9595959595959596	0.9256198347107438	0.9473684210526315	0.9863013698630136	0.6078431372549019
dmw=20244	0.17747440273037543	0.1016949152542373	0.2962962962962963	0.1956521739130435	0.504424778761062	0.509090909090909	0.6075949367088608	0.09649122807017543	0.3	0.45161290322580644	0.2727272727272727	0.26666666666666666	0.46153846153846156	0.7857142857142857	0.5	0.76	0.23529411764705882
dmw=20250	0.8159340659340659	0.8106448311156602	0.8262108262108262	0.8586956521739131	0.6778350515463918	0.7509578544061303	0.6099290780141844	0.8141891891891891	0.6467391304347826	0.7195121951219512	0.6972477064220184	0.6914893617021277	0.8888888888888888	0.22950819672131148	0.9166666666666666	0.6842105263157895	0.84
dmw=20252	0.004316546762589928	0.0031446540880503146	0.0031446540880503146	0.007042253521126761	0.003472222222222222	0.02	0.017921146953405017	0.011494252873563218	0.012345679012345678	0.037037037037037035	0.0	0.0	0.0	0.0	0.25	0.0	0.0
dmw=20257	0.8100172711571675	0.7852015461071231	0.8153098420413123	0.8083538083538083	0.4779706275033378	0.6513513513513514	0.3473282442748092	0.7669291338582677	0.5100671140939598	0.7637362637362637	0.7116564417177914	0.738255033557047	0.7766990291262136	0.6043956043956044	0.7457627118644068	0.7647058823529411	0.7837837837837838
dmw=20258	0.05522388059701493	0.02734375	0.14915254237288136	0.0962962962962963	0.021739130434782608	0.0335195530726257	0.02586206896551724	0.008064516129032258	0.0425531914893617	0.3142857142857143	0.0	0.15625	0.04477611940298507	0.0	0.0	0.5208333333333334	0.17391304347826086
dmw=20273	0.83203125	0.7244444444444444	0.8292682926829268	0.8648648648648649	0.3888888888888889	0.6323529411764706	0.5102040816326531	0.8412698412698413	0.5862068965517241	0.6896551724137931	0.4	1.0	0.6666666666666666	0.8076923076923077	0.7272727272727273	0.8571428571428571	0.7142857142857143
dmw=20290	0.17553191489361702	0.14193548387096774	0.6149162861491628	0.2833607907742998	0.7699214365881033	0.6605263157894737	0.7708006279434851	0.13380281690140844	0.7684210526315789	0.6192893401015228	0.46382978723404256	0.6706586826347305	0.3556701030927835	0.7758620689655172	0.8292682926829268	0.7181818181818181	0.7777777777777778
dmw=20297	0.7178899082568807	0.7049469964664311	0.7472283813747228	0.7246835443037974	0.35130434782608694	0.6243386243386243	0.2620320855614973	0.6925207756232687	0.44761904761904764	0.6692913385826772	0.5405405405405406	0.8157894736842105	0.6666666666666666	0.5967741935483871	0.5625	0.68	0.8214285714285714
dmw=20299	0.8112582781456954	0.7424381301558204	0.8115942028985508	0.8814432989690721	0.5422138836772983	0.8155339805825242	0.5782828282828283	0.8037974683544303	0.7196969696969697	0.6326530612244898	0.4444444444444444	0.8732394366197183	0.7727272727272727	0.38235294117647056	0.7916666666666666	0.75	0.7954545454545454
dmw=20300	0.7591093117408907	0.655310621242485	0.7428571428571429	0.8739495798319328	0.441340782122905	0.7961165048543689	0.5369458128078818	0.8432835820895522	0.8163265306122449	0.94	0.5625	0.8085106382978723	0.6842105263157895	0.6428571428571429	0.2727272727272727	0.8846153846153846	0.9047619047619048
dmw=20301	0.7314814814814815	0.5730061349693252	0.62	0.7436974789915967	0.30068337129840544	0.6706586826347305	0.386046511627907	0.5753424657534246	0.5566037735849056	0.45	0.32786885245901637	0.45714285714285713	0.7058823529411765	0.5333333333333333	0.625	0.65	0.65
dmw=20302	0.7924944812362031	0.7964989059080962	0.639344262295082	0.8264462809917356	0.4294478527607362	0.7341772151898734	0.5079365079365079	0.7698412698412699	0.4153846153846154	0.6666666666666666	0.48148148148148145	0.5757575757575758	0.5555555555555556	0.5428571428571428	0.5789473684210527	0.7058823529411765	0.7777777777777778
dmw=20303	0.9095513748191028	0.8885157824042982	0.9578947368421052	0.9214285714285714	0.8953488372093024	0.9602649006622517	0.9205526770293609	0.9133489461358314	0.9602649006622517	0.4897959183673469	0.9193548387096774	0.8805970149253731	0.6982758620689655	0.9509803921568627	0.9583333333333334	0.8611111111111112	0.8289473684210527
dmw=20305	0.6599099099099099	0.6218345526167698	0.6813793103448276	0.6660447761194029	0.46871444823663255	0.6325459317585301	0.525305410122164	0.312210200927357	0.5520361990950227	0.5480225988700564	0.5294117647058824	0.6545454545454545	0.5566037735849056	0.28	0.5952380952380952	0.7534246575342466	0.7027027027027027
dmw=20309	0.7723735408560312	0.695049504950495	0.8392857142857143	0.7831325301204819	0.5153061224489796	0.8172043010752689	0.3933333333333333	0.8152866242038217	0.52	0.6904761904761905	0.7	0.8627450980392157	0.7619047619047619	0.3333333333333333	1.0	0.9230769230769231	0.5862068965517241
dmw=20310	0.8711595639246779	0.8378099173553719	0.8611111111111112	0.8688524590163934	0.8279569892473119	0.8813559322033898	0.7988505747126436	0.8109243697478992	0.875	0.8021978021978022	0.7717391304347826	0.9065420560747663	0.7894736842105263	0.7368421052631579	0.7647058823529411	0.7307692307692307	0.9
dmw=20313	0.2391304347826087	0.22453450164293537	0.5603015075376885	0.4532871972318339	0.5546218487394958	0.6029411764705882	0.6184971098265896	0.4050632911392405	0.6551724137931034	0.5342465753424658	0.34065934065934067	0.6338028169014085	0.3333333333333333	0.6190476190476191	0.8214285714285714	0.95	0.6222222222222222
dmw=20314	0.23838209982788297	0.23812351543942992	0.298876404494382	0.34991708126036486	0.25408942202835333	0.41778975741239893	0.265474552957359	0.25487465181058494	0.34177215189873417	0.41284403669724773	0.3157894736842105	0.42948717948717946	0.20346320346320346	0.19558359621451105	0.2621359223300971	0.3046875	0.3939393939393939
dmw=20328	0.7014428412874584	0.6493184634448576	0.5272727272727272	0.7601809954751131	0.25696594427244585	0.5548780487804879	0.4742647058823529	0.5209302325581395	0.6777777777777778	0.684931506849315	0.5058823529411764	0.68	0.8072289156626506	0.1511627906976744	0.23076923076923078	0.7407407407407407	0.8823529411764706
dmw=20333	0.8192893401015229	0.8102667337695018	0.7702888583218707	0.8796296296296297	0.5600505689001264	0.7920792079207921	0.6138888888888889	0.7105666156202144	0.6595744680851063	0.6825396825396826	0.6554621848739496	0.8323353293413174	0.8454545454545455	0.39361702127659576	0.9572649572649573	0.8018018018018018	0.6352941176470588
dmw=20347	0.5897435897435898	0.4025670945157526	0.45151515151515154	0.688034188034188	0.28061224489795916	0.6618705035971223	0.30422535211267604	0.4479166666666667	0.38513513513513514	0.35051546391752575	0.3333333333333333	0.5111111111111111	0.6808510638297872	0.44086021505376344	0.6451612903225806	0.6071428571428571	0.6739130434782609
dmw=20357	0.47249834327369117	0.4084690553745928	0.4486571879936809	0.4377880184331797	0.38375350140056025	0.5078947368421053	0.4656652360515021	0.27720739219712526	0.5418994413407822	0.5984251968503937	0.26785714285714285	0.5379310344827586	0.3157894736842105	0.39855072463768115	0.47058823529411764	0.3939393939393939	0.5
dmw=20439	0.17327293318233294	0.09386733416770963	0.29607250755287007	0.2916666666666667	0.3918918918918919	0.4577114427860697	0.398406374501992	0.05485232067510549	0.3611111111111111	0.6296296296296297	0.16	0.2692307692307692	0.26666666666666666	0.28735632183908044	0.6551724137931034	0.7066666666666667	0.6333333333333333
dmw=20440	0.5514138817480719	0.4718208092485549	0.5876436781609196	0.625	0.7242302543507363	0.740625	0.7717601547388782	0.29832935560859186	0.6504065040650406	0.6838235294117647	0.5645161290322581	0.6645962732919255	0.528	0.7757575757575758	0.8307692307692308	0.8507462686567164	0.6909090909090909
dmw=20448	0.6763779527559055	0.6878980891719745	0.6296296296296297	0.6735905044510386	0.6407766990291263	0.7354085603112841	0.6735074626865671	0.6268656716417911	0.5886287625418061	0.6619047619047619	0.5952380952380952	0.6556291390728477	0.5754716981132075	0.6575342465753424	0.7021276595744681	0.8148148148148148	0.625
dmw=20459	0.8403819918144612	0.7790294627383015	0.7852631578947369	0.8646003262642741	0.8477011494252874	0.9393203883495146	0.8832236842105263	0.8712871287128713	0.844106463878327	0.8313253012048193	0.6344827586206897	0.9086021505376344	0.7803468208092486	0.9385474860335196	0.9558823529411765	0.9459459459459459	0.803030303030303
dmw=20494	0.562551103843009	0.39855072463768115	0.5166994106090373	0.6345177664974619	0.26844262295081966	0.656084656084656	0.24921135646687698	0.5029239766081871	0.4566929133858268	0.4895833333333333	0.31683168316831684	0.6666666666666666	0.41379310344827586	0.3170731707317073	0.5	0.7631578947368421	0.5625
dmw=20499	0.6583034647550776	0.5573549257759784	0.6347517730496454	0.6402116402116402	0.2819277108433735	0.4858757062146893	0.16182572614107885	0.5201612903225806	0.31666666666666665	0.5606060606060606	0.6730769230769231	0.3333333333333333	0.5789473684210527	0.1643835616438356	0.38235294117647056	0.8571428571428571	0.8648648648648649
dmw=20500	0.35294117647058826	0.2839657282741738	0.30927835051546393	0.38735177865612647	0.45475113122171945	0.4387755102040816	0.36328125	0.11016949152542373	0.4	0.48	0.26804123711340205	0.6373626373626373	0.42105263157894735	0.31958762886597936	0.4482758620689655	0.5084745762711864	0.5294117647058824
dmw=20572	0.30025125628140703	0.34217877094972066	0.44625407166123776	0.39487179487179486	0.5271084337349398	0.49375	0.4230769230769231	0.5062240663900415	0.449438202247191	0.42045454545454547	0.2328767123287671	0.5	0.375	0.5806451612903226	0.6333333333333333	0.6190476190476191	0.29411764705882354
dmw=20577	0.424978317432784	0.3772504091653028	0.664179104477612	0.5647058823529412	0.6296296296296297	0.7725321888412017	0.6954022988505747	0.3204819277108434	0.6938775510204082	0.6947368421052632	0.3157894736842105	0.7523809523809524	0.5567010309278351	0.5964912280701754	0.6923076923076923	1.0	0.6363636363636364
dmw=20589	0.8491735537190083	0.8209562563580874	0.9451697127937336	0.9493670886075949	0.9115281501340483	0.9049429657794676	0.9275862068965517	0.881619937694704	0.8837209302325582	1.0	0.9107142857142857	0.8823529411764706	0.8974358974358975	0.9310344827586207	0.984375	0.952755905511811	0.6607142857142857
dmw=20594	0.8089171974522293	0.6936416184971098	0.5378151260504201	0.8333333333333334	0.5384615384615384	0.8955223880597015	0.688	0.6290322580645161	0.6037735849056604	0.5625	0.5517241379310345	0.03571428571428571	0.6	0.6190476190476191	1.0	0.8333333333333334	0.25
dmw=20595	0.22762478485370052	0.18875159778440562	0.10835214446952596	0.23022847100175747	0.20038722168441434	0.2385542168674699	0.22646310432569974	0.14037626628075253	0.20714285714285716	0.2170212765957447	0.21674876847290642	0.1306532663316583	0.15486725663716813	0.15300546448087432	0.13392857142857142	0.2761904761904762	0.125
dmw=20615	0.5365025466893039	0.5437037037037037	0.48249027237354086	0.5844748858447488	0.42857142857142855	0.5384615384615384	0.46923076923076923	0.09865470852017937	0.4788732394366197	0.5903614457831325	0.43333333333333335	0.5263157894736842	0.6190476190476191	0.057692307692307696	0.5789473684210527	0.4	0.673469387755102
dmw=20622	0.14420062695924765	0.09273570324574962	0.09274193548387097	0.15897435897435896	0.03333333333333333	0.18181818181818182	0.05583756345177665	0.06572769953051644	0.02702702702702703	0.046511627906976744	0.027777777777777776	0.22580645161290322	0.21428571428571427	0.0	0.10256410256410256	0.21875	0.0625
dmw=20628	0.5584642233856894	0.5673249551166966	0.4921052631578947	0.55625	0.3261802575107296	0.4842105263157895	0.13782051282051283	0.6448598130841121	0.2601626016260163	0.21739130434782608	0.391304347826087	0.5	0.5172413793103449	0.5263157894736842	0.42857142857142855	0.5365853658536586	0.6153846153846154
dmw=20629	0.738061797752809	0.7301587301587301	0.6227106227106227	0.7106299212598425	0.5304212168486739	0.72	0.367112810707457	0.7110091743119266	0.589041095890411	0.5966386554621849	0.6258503401360545	0.7244094488188977	0.5949367088607594	0.7573529411764706	0.7083333333333334	0.7473684210526316	0.68
dmw=20637	0.9244663382594417	0.8936170212765957	0.8045454545454546	0.9705882352941176	0.8228228228228228	0.9274193548387096	0.8484848484848485	0.94375	0.9807692307692307	0.7575757575757576	0.9183673469387755	0.9795918367346939	0.8253968253968254	0.88	1.0	0.875	0.9655172413793104
dmw=20638	0.7064128256513026	0.6426299045599152	0.684931506849315	0.7327935222672065	0.5507900677200903	0.766497461928934	0.5493827160493827	0.5625	0.47560975609756095	0.8235294117647058	0.5675675675675675	0.6702127659574468	0.7741935483870968	0.5	0.6428571428571429	0.6666666666666666	0.7575757575757576
dmw=20649	0.39987325728770595	0.38671875	0.3302919708029197	0.47770700636942676	0.31398104265402843	0.46005509641873277	0.315018315018315	0.3643533123028391	0.3333333333333333	0.4642857142857143	0.42528735632183906	0.36363636363636365	0.5670103092783505	0.3370165745856354	0.4186046511627907	0.47674418604651164	0.45454545454545453
dmw=20663	0.668918918918919	0.6756756756756757	0.5692307692307692	0.7959183673469388	0.40460526315789475	0.6971830985915493	0.4489051094890511	0.5643564356435643	0.46534653465346537	0.5287356321839081	0.6129032258064516	0.32558139534883723	0.6666666666666666	0.40476190476190477	0.5263157894736842	0.875	0.3888888888888889
dmw=20664	0.1813380281690141	0.1692466460268318	0.21739130434782608	0.1992619926199262	0.0847457627118644	0.1761904761904762	0.024390243902439025	0.11475409836065574	0.09782608695652174	0.15384615384615385	0.17391304347826086	0.1076923076923077	0.24489795918367346	0.030612244897959183	0.35	0.42857142857142855	0.3
dmw=20665	0.6651982378854625	0.635036496350365	0.634703196347032	0.7096774193548387	0.2376237623762376	0.6216216216216216	0.19718309859154928	0.48333333333333334	0.2549019607843137	0.8	0.45714285714285713	0.6206896551724138	0.8181818181818182	0.14285714285714285	0.375	0.6363636363636364	0.4444444444444444
dmw=20680	0.6550387596899225	0.5962085308056873	0.6697459584295612	0.734375	0.20595533498759305	0.6075268817204301	0.2360655737704918	0.5273311897106109	0.3883495145631068	0.5565217391304348	0.47674418604651164	0.7953216374269005	0.6823529411764706	0.24691358024691357	0.42857142857142855	0.6666666666666666	0.6086956521739131
dmw=20695	0.3890784982935154	0.2737154150197628	0.30412371134020616	0.5765124555160143	0.3152610441767068	0.5679611650485437	0.3588235294117647	0.27296587926509186	0.29411764705882354	0.5912408759124088	0.4318181818181818	0.49230769230769234	0.3983050847457627	0.17699115044247787	0.7741935483870968	0.8888888888888888	0.7142857142857143
dmw=20709	0.32	0.19838523644752018	0.4714285714285714	0.4212962962962963	0.04430379746835443	0.3916083916083916	0.04609929078014184	0.4198473282442748	0.029411764705882353	0.35365853658536583	0.1875	0.52	0.2619047619047619	0.20253164556962025	0.4375	0.5	0.56
dmw=20710	0.5309882747068677	0.35111876075731496	0.7429718875502008	0.6289308176100629	0.22171945701357465	0.6339869281045751	0.12755102040816327	0.6852791878172588	0.14782608695652175	0.6436781609195402	0.532258064516129	0.58	0.5087719298245614	0.6056338028169014	0.7727272727272727	0.8157894736842105	0.5952380952380952
dmw=20731	0.8752327746741154	0.8393782383419689	0.7613636363636364	0.9017341040462428	0.5551330798479087	0.8512396694214877	0.656	0.7660818713450293	0.6708860759493671	0.6153846153846154	0.7631578947368421	0.64	0.75	0.46153846153846156	0.868421052631579	0.7931034482758621	0.9230769230769231
dmw=20739	0.9470899470899471	0.9323562570462233	0.9683098591549296	0.9695817490494296	0.9274447949526814	0.9776536312849162	0.9575289575289575	0.9894179894179894	0.9375	0.6046511627906976	0.8793103448275862	0.9824561403508771	0.8	0.9642857142857143	0.9565217391304348	0.9523809523809523	0.9411764705882353
dmw=20741	0.2542640555906507	0.23456416464891042	0.2467718794835007	0.3298429319371728	0.29037267080745344	0.5015706806282723	0.43964562569213733	0.10266535044422508	0.4567901234567901	0.3155080213903743	0.1909722222222222	0.2430939226519337	0.22380952380952382	0.209375	0.5739130434782609	0.4293785310734463	0.39655172413793105
dmw=20742	0.9318181818181818	0.9083665338645418	0.9292452830188679	0.9787234042553191	0.973421926910299	0.8709677419354839	0.9810126582278481	0.9459459459459459	0.9545454545454546	0.6363636363636364	0.825	0.9516129032258065	0.43478260869565216	0.9714285714285714	1.0	1.0	1.0
dmw=20751	0.5741324921135647	0.4609375	0.7341772151898734	0.6888888888888889	0.21568627450980393	0.9565217391304348	0.09302325581395349	0.43283582089552236	0.2	0.7272727272727273	0.36363636363636365	0.7692307692307693	0.7931034482758621	0.42857142857142855	0.0	1.0	0.75
dmw=20753	0.5343406593406593	0.49081364829396323	0.5879828326180258	0.6010362694300518	0.41455696202531644	0.6158940397350994	0.2316715542521994	0.28651685393258425	0.24691358024691357	0.3584905660377358	0.4393939393939394	0.725	0.41025641025641024	0.43636363636363634	0.4642857142857143	0.6538461538461539	0.6190476190476191
dmw=20765	0.5422974176313446	0.5186813186813187	0.6091127098321343	0.42394822006472493	0.6593137254901961	0.7401574803149606	0.6195286195286195	0.48412698412698413	0.5393258426966292	0.49606299212598426	0.6464646464646465	0.7333333333333333	0.775	0.5824175824175825	0.7741935483870968	0.6785714285714286	0.4642857142857143
dmw=20774	0.6370192307692307	0.5765765765765766	0.6975206611570248	0.7165775401069518	0.459958932238193	0.6446886446886447	0.5092592592592593	0.6320541760722348	0.4067796610169492	0.5026178010471204	0.544	0.6774193548387096	0.7333333333333333	0.7244897959183674	0.8070175438596491	0.8863636363636364	0.7692307692307693
dmw=20775	0.23095238095238096	0.34005037783375314	0.5529411764705883	0.3464566929133858	0.4635416666666667	0.7142857142857143	0.33879781420765026	0.7564102564102564	0.2	0.72	0.6875	0.8857142857142857	0.3333333333333333	0.8676470588235294	0.7391304347826086	0.7777777777777778	0.8888888888888888
dmw=20776	0.0670391061452514	0.09850746268656717	0.4	0.07920792079207921	0.2389937106918239	0.5	0.06382978723404255	0.48322147651006714	0.21739130434782608	0.16666666666666666	0.23076923076923078	0.4594594594594595	0.3181818181818182	0.5952380952380952	0.3333333333333333	0.4666666666666667	0.68
dmw=20791	0.9060816012317167	0.878698224852071	0.9376344086021505	0.9501133786848073	0.9410958904109589	0.9261538461538461	0.9012048192771084	0.9049079754601227	0.9358490566037736	0.6643356643356644	0.9132653061224489	0.9308176100628931	0.7176470588235294	0.912751677852349	0.975609756097561	0.8688524590163934	0.8461538461538461
dmw=20801	0.8938973647711512	0.8357664233576643	0.9239864864864865	0.9362244897959183	0.9014962593516209	0.9510204081632653	0.9216152019002375	0.9009216589861752	0.9166666666666666	0.8235294117647058	0.8275862068965517	0.7647058823529411	0.6907216494845361	0.9318181818181818	0.9893617021276596	1.0	0.7966101694915254
dmw=20846	0.46663824344489446	0.4313903379451123	0.47071240105540896	0.5118715083798883	0.22373051784816492	0.4008714596949891	0.27770448548812665	0.38767650834403083	0.22844827586206898	0.48775055679287305	0.4108761329305136	0.5367847411444142	0.45958429561200925	0.15876777251184834	0.20212765957446807	0.5549132947976878	0.5434782608695652
dmw=20847	0.16083086053412463	0.08860759493670886	0.3660130718954248	0.26294820717131473	0.01812688821752266	0.2422062350119904	0.024029574861367836	0.11462450592885376	0.013215859030837005	0.30303030303030304	0.07142857142857142	0.38016528925619836	0.21666666666666667	0.006535947712418301	0.0	0.36363636363636365	0.3584905660377358
dmw=20861	0.92375	0.9208592425098926	0.9211822660098522	0.9	0.9194776931447225	0.8928571428571429	0.9335548172757475	0.9446935724962631	0.9906103286384976	0.7620817843866171	0.897196261682243	0.8041958041958042	0.7666666666666667	0.9357798165137615	1.0	0.9565217391304348	0.8596491228070176
dmw=20870	0.6845018450184502	0.47660311958405543	0.5436507936507936	0.7101449275362319	0.23300970873786409	0.7752808988764045	0.35467980295566504	0.6198347107438017	0.3625	0.576271186440678	0.45161290322580644	0.5272727272727272	0.4827586206896552	0.2222222222222222	0.5	0.875	0.6666666666666666
dmw=20874	0.21017907634307256	0.19285714285714287	0.13606911447084233	0.22006472491909385	0.13432835820895522	0.12105263157894737	0.08139534883720931	0.06086956521739131	0.1111111111111111	0.11382113821138211	0.2	0.2926829268292683	0.14516129032258066	0.018867924528301886	0.13953488372093023	0.2558139534883721	0.10909090909090909
dmw=20880	0.5584092792046396	0.502706883217324	0.5086042065009561	0.5917808219178082	0.3970315398886827	0.5488372093023256	0.38242894056847543	0.4091816367265469	0.3567251461988304	0.5136986301369864	0.5079365079365079	0.5166666666666667	0.2803738317757009	0.34831460674157305	0.5714285714285714	0.5657894736842105	0.6
dmw=20883	0.13574660633484162	0.11150442477876106	0.24571428571428572	0.17391304347826086	0.017241379310344827	0.08974358974358974	0.021739130434782608	0.09036144578313253	0.0	0.16666666666666666	0.0425531914893617	0.16666666666666666	0.17307692307692307	0.0	0.0	0.15789473684210525	0.07692307692307693
dmw=20932	0.002785515320334262	0.005025125628140704	0.0	0.04132231404958678	0.006172839506172839	0.0	0.01680672268907563	0.0	0.0	0.046511627906976744	0.0	0.030303030303030304	0.0	0.0	0.14285714285714285	0.0	0.0
dmw=20937	0.9266503667481663	0.9125615763546798	0.8734177215189873	0.9322916666666666	0.8289473684210527	0.9432624113475178	0.8888888888888888	0.855	0.831858407079646	0.7926829268292683	0.801980198019802	0.9743589743589743	0.5625	0.9154929577464789	1.0	0.9393939393939394	0.9285714285714286
dmw=20942	0.30441640378548895	0.3825301204819277	0.6602870813397129	0.43373493975903615	0.5853658536585366	0.6912751677852349	0.516	0.37320574162679426	0.6818181818181818	0.7083333333333334	0.5	0.6385542168674698	0.25	0.323943661971831	0.6111111111111112	0.9230769230769231	0.5384615384615384
dmw=20949	0.17363112391930835	0.16075050709939148	0.14397321428571427	0.1806853582554517	0.09799196787148594	0.141287284144427	0.10869565217391304	0.12942612942612944	0.14326647564469913	0.26548672566371684	0.06810035842293907	0.23178807947019867	0.2532467532467532	0.12738853503184713	0.19230769230769232	0.23076923076923078	0.2111111111111111
dmw=20950	0.36048265460030166	0.2421875	0.31399317406143346	0.25301204819277107	0.22448979591836735	0.34782608695652173	0.18285714285714286	0.17553191489361702	0.1518987341772152	0.3465346534653465	0.09302325581395349	0.1935483870967742	0.4727272727272727	0.08791208791208792	0.11764705882352941	0.14285714285714285	0.47058823529411764
dmw=20970	0.524812030075188	0.4460093896713615	0.48936170212765956	0.5786802030456852	0.36990595611285265	0.477124183006536	0.3175355450236967	0.4187192118226601	0.3883495145631068	0.5714285714285714	0.5161290322580645	0.6923076923076923	0.5454545454545454	0.3617021276595745	0.2903225806451613	0.88	0.5135135135135135
dmw=20971	0.4374057315233786	0.3863501483679525	0.42530120481927713	0.5594149908592322	0.30011587485515645	0.42857142857142855	0.24077328646748683	0.379073756432247	0.41968911917098445	0.3465346534653465	0.25157232704402516	0.5680473372781065	0.6259541984732825	0.3046875	0.21212121212121213	0.375	0.3103448275862069
dmw=20998	0.42592592592592593	0.35947712418300654	0.5930232558139535	0.5152354570637119	0.7239819004524887	0.6161137440758294	0.660958904109589	0.39156626506024095	0.6036585365853658	0.5588235294117647	0.47674418604651164	0.5360824742268041	0.4931506849315068	0.6714285714285714	0.6666666666666666	0.6779661016949152	0.6923076923076923
dmw=21031	0.8700516351118761	0.8245445829338447	0.8979591836734694	0.8938775510204081	0.9034267912772586	0.9518072289156626	0.9151785714285714	0.8333333333333334	0.9146341463414634	0.6538461538461539	0.925	0.9629629629629629	0.821656050955414	0.9365079365079365	0.9523809523809523	0.9174311926605505	0.6842105263157895
dmw=21048	0.7328366152208622	0.6973379629629629	0.7465986394557823	0.7309523809523809	0.4899845916795069	0.7011070110701108	0.5439024390243903	0.7139959432048681	0.562992125984252	0.6302521008403361	0.7071428571428572	0.8043478260869565	0.6764705882352942	0.5958549222797928	0.75	0.676923076923077	0.6666666666666666
dmw=21070	0.5256290773532153	0.40238704177323104	0.4190064794816415	0.5522788203753352	0.24465558194774348	0.38461538461538464	0.3668639053254438	0.47619047619047616	0.4214876033057851	0.5785123966942148	0.4745762711864407	0.36363636363636365	0.35185185185185186	0.2345679012345679	0.4117647058823529	0.45	0.47435897435897434
dmw=21097	0.786046511627907	0.7246376811594203	0.9054054054054054	0.7045454545454546	0.5359116022099447	0.7446808510638298	0.43434343434343436	0.711864406779661	0.6140350877192983	0.8048780487804879	0.6590909090909091	0.7083333333333334	0.95	0.5	0.625	0.6666666666666666	0.75
dmw=21113	0.370253164556962	0.3447098976109215	0.4444444444444444	0.4523809523809524	0.24166666666666667	0.36363636363636365	0.31932773109243695	0.42342342342342343	0.3235294117647059	0.34615384615384615	0.4	0.4	0.4	0.2777777777777778	0.375	0.42857142857142855	0.8
dmw=21114	0.8224699828473413	0.7913907284768212	0.8298507462686567	0.7375	0.7565632458233891	0.625	0.18468468468468469	0.7161572052401747	0.21212121212121213	0.7777777777777778	0.7395833333333334	0.8333333333333334	0.78125	0.6285714285714286	0.8305084745762712	0.8813559322033898	0.7
dmw=21127	0.18236472945891782	0.1503267973856209	0.18579234972677597	0.30666666666666664	0.3870967741935484	0.4715447154471545	0.2229299363057325	0.35	0.1111111111111111	0.2542372881355932	0.20930232558139536	0.05405405405405406	0.4444444444444444	0.2	0.47058823529411764	0.26666666666666666	0.5
dmw=21164	0.16302864938608458	0.20466321243523317	0.27134146341463417	0.23163841807909605	0.08029197080291971	0.4268774703557312	0.10580204778156997	0.11139896373056994	0.07784431137724551	0.37719298245614036	0.08536585365853659	0.14035087719298245	0.3225806451612903	0.05	0.41	0.3	0.24615384615384617
dmw=21168	0.9577221742881795	0.9278557114228457	0.9242424242424242	0.9427083333333334	0.9633757961783439	0.9676258992805755	0.9348314606741573	0.9942028985507246	0.9473684210526315	0.8561151079136691	0.9852941176470589	0.9390243902439024	0.8301886792452831	0.9795918367346939	0.9791666666666666	0.9767441860465116	0.8666666666666667
dmw=21183	0.002680965147453083	0.005063291139240506	0.0	0.0	0.005847953216374269	0.0	0.0	0.017391304347826087	0.0	0.0	0.0	0.13636363636363635	0.16129032258064516	0.0	0.0	0.0	0.0
dmw=21195	0.4265536723163842	0.3292867981790592	0.5772727272727273	0.5570469798657718	0.46875	0.7189542483660131	0.26180257510729615	0.5743243243243243	0.3013698630136986	0.578125	0.3392857142857143	0.5882352941176471	0.4666666666666667	0.6271186440677966	0.7222222222222222	0.8235294117647058	0.5925925925925926
dmw=21196	0.17752808988764046	0.09569377990430622	0.5234899328859061	0.48717948717948717	0.5098039215686274	0.7217391304347827	0.34615384615384615	0.3103448275862069	0.3389830508474576	0.7307692307692307	0.14705882352941177	0.6363636363636364	0.48148148148148145	0.4838709677419355	0.85	0.9444444444444444	0.5555555555555556
dmw=21208	0.29431438127090304	0.24612202688728024	0.21885521885521886	0.2422907488986784	0.05322128851540616	0.2868525896414343	0.060790273556231005	0.12195121951219512	0.08264462809917356	0.15714285714285714	0.04807692307692308	0.22448979591836735	0.1794871794871795	0.12	0.125	0.3793103448275862	0.18518518518518517
dmw=21257	0.8406482106684673	0.8	0.8038461538461539	0.8879310344827587	0.7405498281786942	0.8724137931034482	0.8342440801457195	0.8042452830188679	0.75	0.44155844155844154	0.7786885245901639	0.3235294117647059	0.7093023255813954	0.5966386554621849	0.9444444444444444	0.875	0.6226415094339622
dmw=21270	0.7470534904805077	0.6523855890944499	0.7411347517730497	0.7282229965156795	0.5767634854771784	0.7455830388692579	0.5236842105263158	0.691358024691358	0.47692307692307695	0.6666666666666666	0.6588235294117647	0.6764705882352942	0.7642276422764228	0.5263157894736842	0.36	0.8620689655172413	0.8260869565217391
dmw=21286	0.6582196231319039	0.6856754921928038	0.677257525083612	0.6673866090712743	0.3746397694524496	0.5787671232876712	0.23488372093023255	0.6779279279279279	0.47959183673469385	0.6423841059602649	0.6722689075630253	0.7052631578947368	0.4125874125874126	0.4189189189189189	0.6	0.5897435897435898	0.5517241379310345
dmw=21287	0.8571428571428571	0.8225214198286414	0.961038961038961	0.9037037037037037	0.2927536231884058	0.7959183673469388	0.27419354838709675	0.924	0.30851063829787234	0.8095238095238095	0.8181818181818182	0.9516129032258065	0.5178571428571429	0.4777777777777778	0.8088235294117647	0.9259259259259259	0.84375
dmw=21288	0.4493464052287582	0.3680672268907563	0.5345911949685535	0.625	0.3231441048034934	0.49	0.14772727272727273	0.5228758169934641	0.12790697674418605	0.6	0.5	0.59375	0.5	0.12307692307692308	0.6129032258064516	0.6875	0.0
dmw=21289	0.6972814107274063	0.6870848708487085	0.6072555205047319	0.8106666666666666	0.7341772151898734	0.8028846153846154	0.6995412844036697	0.2596491228070175	0.6506849315068494	0.5922330097087378	0.6666666666666666	0.7697841726618705	0.7590361445783133	0.6213592233009708	0.9655172413793104	0.8666666666666667	0.7272727272727273
dmw=21354	0.29694570135746606	0.30583058305830585	0.38524590163934425	0.271264367816092	0.7053333333333334	0.5800524934383202	0.7670103092783506	0.2014388489208633	0.6350710900473934	0.44086021505376344	0.45698924731182794	0.6132596685082873	0.3130434782608696	0.785234899328859	0.7727272727272727	0.5961538461538461	0.5892857142857143
dmw=21385	0.5888077858880778	0.5881642512077294	0.6807817589576547	0.665158371040724	0.07183908045977011	0.3684210526315789	0.03289473684210526	0.5791245791245792	0.05555555555555555	0.5904761904761905	0.3442622950819672	0.7027027027027027	0.6741573033707865	0.11627906976744186	0.484375	0.4166666666666667	0.5
dmw=21386	0.5512753774076002	0.4968520461699895	0.5416666666666666	0.6086261980830671	0.09985528219971057	0.40047961630695444	0.09363295880149813	0.534621578099839	0.15315315315315314	0.47023809523809523	0.35195530726256985	0.6055555555555555	0.39080459770114945	0.07857142857142857	0.18032786885245902	0.5142857142857142	0.37777777777777777
dmw=21394	0.3819148936170213	0.30713082537900055	0.3371501272264631	0.41523809523809524	0.2127659574468085	0.3566666666666667	0.20134228187919462	0.22627737226277372	0.36363636363636365	0.45517241379310347	0.2350230414746544	0.40331491712707185	0.40106951871657753	0.15384615384615385	0.3194444444444444	0.34782608695652173	0.46987951807228917
dmw=21397	0.038523274478330656	0.013618677042801557	0.12432432432432433	0.10569105691056911	0.021052631578947368	0.12878787878787878	0.07482993197278912	0.06666666666666667	0.0	0.16363636363636364	0.0	0.15517241379310345	0.2608695652173913	0.017241379310344827	0.06451612903225806	0.39285714285714285	0.2
dmw=21405	0.6193548387096774	0.567032967032967	0.7450980392156863	0.6129032258064516	0.8135593220338984	0.9117647058823529	0.8445945945945946	0.5405405405405406	0.8793103448275862	0.4528301886792453	0.5652173913043478	0.7333333333333333	0.7	0.9166666666666666	0.85	1.0	0.7083333333333334
dmw=21406	0.5484633569739953	0.5531453362255966	0.5528169014084507	0.5469613259668509	0.19607843137254902	0.4397905759162304	0.2263056092843327	0.3184584178498986	0.18604651162790697	0.6186440677966102	0.39215686274509803	0.6296296296296297	0.4491017964071856	0.18487394957983194	0.49411764705882355	0.5689655172413793	0.5444444444444444
dmw=21407	0.1027351567711808	0.09610802223987291	0.2314674735249622	0.16025641025641027	0.27946127946127947	0.4383116883116883	0.3195121951219512	0.08983451536643026	0.37341772151898733	0.18110236220472442	0.10457516339869281	0.25892857142857145	0.1518987341772152	0.17346938775510204	0.4268292682926829	0.34444444444444444	0.3333333333333333
dmw=21409	0.08739495798319327	0.08623548922056384	0.3745173745173745	0.30405405405405406	0.514018691588785	0.47580645161290325	0.5057471264367817	0.11961722488038277	0.34545454545454546	0.27450980392156865	0.16923076923076924	0.4444444444444444	0.2553191489361702	0.5098039215686274	0.5151515151515151	0.5945945945945946	0.42424242424242425
dmw=21416	0.681592039800995	0.600896860986547	0.609375	0.8269230769230769	0.2	0.4807692307692308	0.2465753424657534	0.625	0.3	0.6923076923076923	0.2962962962962963	0.7272727272727273	0.5714285714285714	0.20689655172413793	0.3	0.5	0.7
dmw=21432	0.3762254901960784	0.33794694348327564	0.5846645367412141	0.5451505016722408	0.4732824427480916	0.625615763546798	0.5945945945945946	0.43582089552238806	0.5436893203883495	0.4745762711864407	0.38461538461538464	0.6388888888888888	0.38961038961038963	0.5208333333333334	0.6451612903225806	0.5319148936170213	0.7142857142857143
dmw=21455	0.510548523206751	0.32689987937273823	0.4634920634920635	0.6556603773584906	0.11231884057971014	0.43884892086330934	0.12779552715654952	0.33884297520661155	0.16806722689075632	0.54	0.2459016393442623	0.38461538461538464	0.5952380952380952	0.022727272727272728	0.09090909090909091	0.75	0.7419354838709677
dmw=21476	0.8075801749271136	0.8145695364238411	0.9166666666666666	0.8714285714285714	0.5251798561151079	0.8285714285714286	0.5615384615384615	0.8787878787878788	0.6818181818181818	0.7692307692307693	0.9142857142857143	0.9523809523809523	0.7391304347826086	0.5555555555555556	0.8	0.9565217391304348	0.0
dmw=21488	0.18776077885952713	0.1843137254901961	0.3188976377952756	0.152317880794702	0.03202846975088968	0.10569105691056911	0.02262443438914027	0.1700404858299595	0.0	0.2413793103448276	0.14285714285714285	0.2222222222222222	0.2391304347826087	0.0821917808219178	0.022727272727272728	0.2777777777777778	0.18181818181818182
dmw=21504	0.423121387283237	0.38602520045819017	0.5	0.5296296296296297	0.4041994750656168	0.639344262295082	0.4879518072289157	0.23056994818652848	0.5074626865671642	0.5789473684210527	0.5116279069767442	0.5060240963855421	0.627906976744186	0.3855421686746988	0.9333333333333333	0.7804878048780488	0.7647058823529411
dmw=21519	0.5602605863192183	0.5783619817997978	0.6137184115523465	0.5880149812734082	0.3283582089552239	0.5447154471544715	0.3058510638297872	0.35507246376811596	0.2824427480916031	0.5871559633027523	0.5	0.6	0.5760869565217391	0.6306306306306306	0.7471264367816092	0.5454545454545454	0.7878787878787878
dmw=21535	0.8358061325420376	0.8030139935414424	0.8525073746312685	0.864406779661017	0.5764075067024129	0.7953488372093023	0.6312684365781711	0.8358778625954199	0.5	0.6494845360824743	0.7692307692307693	0.9019607843137255	0.7647058823529411	0.5185185185185185	0.375	0.9076923076923077	0.8666666666666667
dmw=21536	0.7425093632958801	0.7534653465346535	0.7946666666666666	0.8	0.5920745920745921	0.7321428571428571	0.32425742574257427	0.7761194029850746	0.5857142857142857	0.5981308411214953	0.75	0.8205128205128205	0.5569620253164557	0.7920792079207921	0.6052631578947368	0.8709677419354839	0.9230769230769231
dmw=21550	0.5539906103286385	0.4616870573084353	0.6034816247582205	0.5681233933161953	0.5896032831737346	0.7003484320557491	0.6699266503667481	0.4961439588688946	0.5783132530120482	0.631578947368421	0.28776978417266186	0.7638888888888888	0.43617021276595747	0.6190476190476191	0.5	0.5925925925925926	0.6736842105263158
dmw=21552	0.7633651056775798	0.660171102661597	0.7158774373259053	0.7710437710437711	0.4363256784968685	0.7251082251082251	0.5084745762711864	0.7119883040935673	0.48623853211009177	0.7623762376237624	0.5609756097560976	0.7130434782608696	0.8166666666666667	0.4066390041493776	0.4825174825174825	0.7886178861788617	0.7802197802197802
dmw=21554	0.7813588850174216	0.6136363636363636	0.6875	0.8013029315960912	0.4588859416445623	0.803347280334728	0.580327868852459	0.7365079365079366	0.5874125874125874	0.7592592592592593	0.47619047619047616	0.8705035971223022	0.9027777777777778	0.625	0.6666666666666666	0.9333333333333333	0.6060606060606061
dmw=21555	0.7458100558659218	0.6516129032258065	0.7360308285163777	0.7549019607843137	0.4307445956765412	0.7568027210884354	0.4994652406417112	0.72875	0.6024464831804281	0.7086614173228346	0.5675675675675675	0.8175182481751825	0.7582417582417582	0.4624624624624625	0.6515151515151515	0.8098591549295775	0.7171052631578947
dmw=21565	0.6894865525672371	0.7098121085594989	0.7278481012658228	0.6778523489932886	0.5535714285714286	0.780952380952381	0.432	0.738255033557047	0.5409836065573771	0.62	0.3888888888888889	0.4782608695652174	0.55	0.43902439024390244	0.8333333333333334	0.8333333333333334	0.8260869565217391
dmw=21567	0.5083333333333333	0.47288503253796094	0.6255813953488372	0.6140939597315436	0.5467032967032966	0.6816143497757847	0.6795580110497238	0.5164473684210527	0.6571428571428571	0.6105263157894737	0.3698630136986301	0.6111111111111112	0.5555555555555556	0.6666666666666666	0.6666666666666666	0.6222222222222222	0.7027027027027027
dmw=21568	0.46966115051221435	0.46016260162601624	0.672566371681416	0.5398457583547558	0.7014446227929374	0.7510729613733905	0.7286245353159851	0.4891566265060241	0.7528089887640449	0.6708860759493671	0.5106382978723404	0.6808510638297872	0.5631067961165048	0.6974789915966386	0.723404255319149	0.8627450980392157	0.5714285714285714
dmw=21574	0.7610663983903421	0.7508599508599508	0.7208672086720868	0.7783595113438045	0.6434108527131783	0.6721311475409836	0.6432160804020101	0.7179054054054054	0.6698113207547169	0.664179104477612	0.7575757575757576	0.8352941176470589	0.6846846846846847	0.7135922330097088	0.746031746031746	0.7232142857142857	0.82
dmw=21587	0.29133858267716534	0.2751677852348993	0.42777777777777776	0.5571428571428572	0.38565022421524664	0.6732673267326733	0.266304347826087	0.3900709219858156	0.4264705882352941	0.4358974358974359	0.25	0.717948717948718	0.6274509803921569	0.2857142857142857	0.6875	0.42857142857142855	0.5294117647058824
dmw=21596	0.939875604699378	0.9408740359897172	0.9184549356223176	0.9245283018867925	0.9272727272727272	0.9459459459459459	0.9406392694063926	0.9395973154362416	0.888268156424581	0.8270676691729323	0.9306930693069307	0.9857142857142858	0.7368421052631579	0.9710144927536232	0.9464285714285714	0.9836065573770492	0.7368421052631579
dmw=21603	0.10977337110481586	0.10810810810810811	0.6372180451127819	0.24437299035369775	0.7635726795096323	0.7660377358490567	0.7634854771784232	0.2598752598752599	0.7203389830508474	0.6024096385542169	0.2196969696969697	0.8461538461538461	0.1506849315068493	0.7899159663865546	0.9069767441860465	0.7571428571428571	0.7105263157894737
dmw=21636	0.7530064754856615	0.7063197026022305	0.7295454545454545	0.7003367003367004	0.3937947494033413	0.6139534883720931	0.3699186991869919	0.7453874538745388	0.40625	0.7126436781609196	0.5460992907801419	0.6909090909090909	0.6153846153846154	0.5	0.6666666666666666	0.5681818181818182	0.6607142857142857
dmw=21648	0.011061946902654867	0.0022271714922048997	0.01910828025477707	0.03333333333333333	0.0	0.05084745762711865	0.0	0.006622516556291391	0.022222222222222223	0.04878048780487805	0.0	0.0	0.0	0.0	0.25	0.0	0.0
dmw=21654	0.2388178913738019	0.24309815950920247	0.4425	0.3333333333333333	0.465324384787472	0.4305555555555556	0.4621212121212121	0.3634361233480176	0.4011627906976744	0.44559585492227977	0.22115384615384615	0.4794520547945205	0.2727272727272727	0.43373493975903615	0.6	0.4307692307692308	0.37777777777777777
dmw=21655	0.41271551724137934	0.4521829521829522	0.45336225596529284	0.4552238805970149	0.18018018018018017	0.4096774193548387	0.12052117263843648	0.45403899721448465	0.11290322580645161	0.417910447761194	0.30357142857142855	0.4153846153846154	0.4222222222222222	0.2966101694915254	0.4461538461538462	0.4444444444444444	0.5675675675675675
dmw=21683	0.006160164271047228	0.009328358208955223	0.00546448087431694	0.02040816326530612	0.003676470588235294	0.02054794520547945	0.0	0.006289308176100629	0.0	0.0	0.0	0.0	0.0	0.0	0.0	0.0	0.125
dmw=21684	0.36399682791435367	0.3323053199691596	0.4457274826789838	0.42592592592592593	0.3509090909090909	0.47783251231527096	0.3002481389578164	0.4222222222222222	0.22413793103448276	0.5125	0.4918032786885246	0.18072289156626506	0.26436781609195403	0.216	0.5833333333333334	0.36	0.3023255813953488
dmw=21694	0.8810748999428245	0.8753405994550408	0.8433098591549296	0.8833693304535637	0.810126582278481	0.8633720930232558	0.8565815324165029	0.8722986247544204	0.9214876033057852	0.8893805309734514	0.8465909090909091	0.7333333333333333	0.825	0.875968992248062	0.8777777777777778	0.9772727272727273	0.9772727272727273
dmw=21696	0.7215189873417721	0.7072322670375522	0.6617375231053605	0.7735849056603774	0.4452887537993921	0.7084548104956269	0.49318181818181817	0.6472868217054264	0.6710526315789473	0.7338129496402878	0.6724137931034483	0.7441860465116279	0.5961538461538461	0.411214953271028	0.7931034482758621	0.66	0.7333333333333333
dmw=21700	0.8572561459159397	0.8455631399317406	0.912	0.8612244897959184	0.6768867924528302	0.8353909465020576	0.739413680781759	0.8562300319488818	0.7375886524822695	0.7291666666666666	0.8076923076923077	0.84375	0.6701030927835051	0.7023809523809523	0.7027027027027027	0.8648648648648649	0.7692307692307693
dmw=21703	0.41526610644257705	0.3024425287356322	0.6026986506746627	0.463768115942029	0.586890243902439	0.6078431372549019	0.5703125	0.5024509803921569	0.5642458100558659	0.5304347826086957	0.44776119402985076	0.5547445255474452	0.54	0.6940298507462687	0.6626506024096386	0.7543859649122807	0.6712328767123288
dmw=21706	0.3490990990990991	0.2983783783783784	0.2198952879581152	0.39590443686006827	0.11483253588516747	0.29651162790697677	0.13815789473684212	0.2655172413793103	0.24	0.16176470588235295	0.2465753424657534	0.2711864406779661	0.4868421052631579	0.2236842105263158	0.5483870967741935	0.5087719298245614	0.1
dmw=21738	0.45712694877505566	0.41022908897176347	0.4489208633093525	0.4430693069306931	0.09764309764309764	0.17297297297297298	0.034482758620689655	0.39087301587301587	0.0648854961832061	0.5786163522012578	0.4581673306772908	0.36936936936936937	0.3924731182795699	0.02	0.1625	0.5454545454545454	0.373134328358209
dmw=21742	0.2760511882998172	0.32653061224489793	0.32222222222222224	0.4375	0.42905405405405406	0.42857142857142855	0.3933333333333333	0.1875	0.45	0.35555555555555557	0.375	0.3125	0.4594594594594595	0.22727272727272727	0.6129032258064516	0.37037037037037035	0.2857142857142857
dmw=21796	0.41221964423820573	0.5198587819947044	0.7311320754716981	0.4309133489461358	0.8403041825095057	0.7836879432624113	0.7184265010351967	0.7610789980732178	0.8125	0.5789473684210527	0.7764705882352941	0.896774193548387	0.4215686274509804	0.9122807017543859	0.8	0.7936507936507936	0.8235294117647058
dmw=21806	0.3103448275862069	0.3513215859030837	0.13694267515923567	0.18781725888324874	0.0948509485094851	0.2682926829268293	0.19369369369369369	0.23770491803278687	0.0	0.0660377358490566	0.2318840579710145	0.3246753246753247	0.2807017543859649	0.21666666666666667	0.07692307692307693	0.0	0.0
dmw=21818	0.6573589296102386	0.6526181353767561	0.6428571428571429	0.6872146118721462	0.39564660691421255	0.6198347107438017	0.4912663755458515	0.6327014218009479	0.515695067264574	0.6028708133971292	0.5093167701863354	0.5116279069767442	0.5462962962962963	0.3108108108108108	0.6363636363636364	0.6274509803921569	0.6493506493506493
dmw=21819	0.5189125295508275	0.43301435406698563	0.535031847133758	0.6180904522613065	0.12804878048780488	0.5032258064516129	0.16666666666666666	0.47509578544061304	0.1276595744680851	0.5287356321839081	0.28205128205128205	0.53125	0.379746835443038	0.33766233766233766	0.6666666666666666	0.5652173913043478	0.5531914893617021
dmw=21822	0.5058997050147492	0.48417721518987344	0.5	0.5072463768115942	0.2299168975069252	0.4563758389261745	0.1872146118721461	0.49489795918367346	0.23	0.5058823529411764	0.38333333333333336	0.3384615384615385	0.5348837209302325	0.125	0.4666666666666667	0.45714285714285713	0.21428571428571427
dmw=21843	0.255859375	0.24568965517241378	0.47901234567901235	0.3568904593639576	0.17634854771784234	0.30612244897959184	0.10795454545454546	0.23160762942779292	0.18604651162790697	0.5428571428571428	0.20192307692307693	0.4835164835164835	0.3225806451612903	0.20833333333333334	0.4782608695652174	0.5	0.5714285714285714
dmw=21876	0.3511111111111111	0.3198887343532684	0.49830508474576274	0.48011363636363635	0.6988155668358714	0.6233766233766234	0.6550308008213552	0.38375350140056025	0.6076923076923076	0.5643564356435643	0.4689655172413793	0.725925925925926	0.5217391304347826	0.5811965811965812	0.6071428571428571	0.8809523809523809	0.5454545454545454
dmw=21907	0.013123359580052493	0.007683863885839737	0.048859934853420196	0.006896551724137931	0.007936507936507936	0.04265402843601896	0.0043859649122807015	0.004149377593360996	0.0	0.0	0.015384615384615385	0.02247191011235955	0.010638297872340425	0.10714285714285714	0.09375	0.0	0.2631578947368421
dmw=21926	0.743421052631579	0.6147672552166934	0.7142857142857143	0.8311688311688312	0.42124542124542125	0.7058823529411765	0.40625	0.6699507389162561	0.5538461538461539	0.4146341463414634	0.42857142857142855	0.7352941176470589	0.6	0.5930232558139535	0.42857142857142855	1.0	0.76
dmw=21931	0.6535742340926944	0.5979988228369629	0.6630434782608695	0.7155172413793104	0.5605786618444847	0.7602996254681648	0.6022727272727273	0.37549407114624506	0.6553030303030303	0.6387434554973822	0.5882352941176471	0.6388888888888888	0.6708860759493671	0.5	0.7931034482758621	0.6086956521739131	0.7222222222222222
dmw=21933	0.19235668789808918	0.1138353765323993	0.5720338983050848	0.32124352331606215	0.17562724014336917	0.3761467889908257	0.21804511278195488	0.23504273504273504	0.14666666666666667	0.543859649122807	0.037037037037037035	0.6190476190476191	0.21875	0.5111111111111111	0.56	0.5384615384615384	0.3333333333333333
dmw=21959	0.5845136921624173	0.5728929384965832	0.5191011235955056	0.6264150943396226	0.31274900398406374	0.5486111111111112	0.37275064267352187	0.4946808510638298	0.3238095238095238	0.6165413533834586	0.4868421052631579	0.4470588235294118	0.5473684210526316	0.43356643356643354	0.4772727272727273	0.48	0.7692307692307693
dmw=21972	0.5307402760351317	0.5181932245922208	0.5097276264591439	0.526595744680851	0.02830188679245283	0.17123287671232876	0.033816425120772944	0.5052083333333334	0.17582417582417584	0.48	0.29292929292929293	0.3181818181818182	0.46774193548387094	0.01639344262295082	0.10810810810810811	0.6	0.3333333333333333
dmw=21987	0.33906071019473083	0.3211009174311927	0.3741496598639456	0.3917910447761194	0.05698005698005698	0.2558139534883721	0.01935483870967742	0.2760942760942761	0.07291666666666667	0.2702702702702703	0.18181818181818182	0.3291139240506329	0.2753623188405797	0.03488372093023256	0.42424242424242425	0.45	0.37142857142857144
dmw=21999	0.9019138755980861	0.878099173553719	0.9440993788819876	0.9480122324159022	0.8938271604938272	0.9573770491803278	0.9211956521739131	0.9043280182232346	0.9327354260089686	0.7474747474747475	0.9230769230769231	0.8775510204081632	0.8640776699029126	0.8899082568807339	0.9122807017543859	0.8923076923076924	0.6052631578947368
dmw=22009	0.04640371229698376	0.040160642570281124	0.3170731707317073	0.048	0.03614457831325301	0.32051282051282054	0.011976047904191617	0.1111111111111111	0.0	0.11428571428571428	0.13043478260869565	0.44	0.13157894736842105	0.05714285714285714	0.2916666666666667	0.35294117647058826	0.18181818181818182
dmw=22025	0.4388027792624265	0.35823529411764704	0.656203288490284	0.5204301075268817	0.6351515151515151	0.6608910891089109	0.658578856152513	0.5028901734104047	0.6481481481481481	0.5185185185185185	0.5449438202247191	0.6296296296296297	0.42528735632183906	0.6363636363636364	0.6990291262135923	0.7735849056603774	0.5121951219512195
dmw=22114	0.5391705069124424	0.4233409610983982	0.2780487804878049	0.5990990990990991	0.28350515463917525	0.5098039215686274	0.3343195266272189	0.5078534031413613	0.5135135135135135	0.32894736842105265	0.44545454545454544	0.22077922077922077	0.5131578947368421	0.52	0.41379310344827586	0.7777777777777778	0.7407407407407407
dmw=22126	0.005714285714285714	0.0061162079510703364	0.01818181818181818	0.009433962264150943	0.00625	0.027777777777777776	0.0078125	0.017094017094017096	0.0	0.03225806451612903	0.0	0.18181818181818182	0.045454545454545456	0.023809523809523808	0.23076923076923078	0.0	0.0
dmw=22181	0.09394572025052192	0.05251141552511415	0.3355263157894737	0.2125984251968504	0.2857142857142857	0.504950495049505	0.27450980392156865	0.16339869281045752	0.08888888888888889	0.5384615384615384	0.022727272727272728	0.3275862068965517	0.2	0.28125	0.5333333333333333	0.4117647058823529	0.18181818181818182
dmw=22211	0.010362694300518135	0.007751937984496124	0.0	0.0	0.05982905982905983	0.13793103448275862	0.10576923076923077	0.02027027027027027	0.0	0.03125	0.0	0.0	0.38095238095238093	0.04	0.0	0.0	0.29411764705882354
dmw=22226	0.007173601147776184	0.0046439628482972135	0.01818181818181818	0.020689655172413793	0.007633587786259542	0.03409090909090909	0.00398406374501992	0.0	0.0	0.1509433962264151	0.0	0.034482758620689655	0.05128205128205128	0.0	0.14285714285714285	0.0	0.0
dmw=22250	0.4698646986469865	0.4257528556593977	0.2564841498559078	0.4507042253521127	0.47738693467336685	0.5052083333333334	0.4807692307692308	0.3696682464454976	0.45918367346938777	0.26153846153846155	0.2982456140350877	0.15	0.48148148148148145	0.48739495798319327	0.6785714285714286	0.24	0.3783783783783784
dmw=22293	0.08719346049046321	0.052805280528052806	0.24444444444444444	0.18018018018018017	0.3541666666666667	0.36764705882352944	0.22772277227722773	0.1724137931034483	0.2413793103448276	0.44	0.044444444444444446	0.17647058823529413	0.3	0.18421052631578946	0.2222222222222222	0.4166666666666667	0.3
dmw=22344	0.10776942355889724	0.16480162767039674	0.3265993265993266	0.15140845070422534	0.4839319470699433	0.3795620437956204	0.4035714285714286	0.17325227963525835	0.30392156862745096	0.3625	0.224	0.5060240963855421	0.11851851851851852	0.4528301886792453	0.6190476190476191	0.5581395348837209	0.4411764705882353
dmw=22369	0.9067471201316512	0.9067796610169492	0.8755364806866953	0.9384328358208955	0.934322033898305	0.930635838150289	0.9471947194719472	0.9477806788511749	0.9444444444444444	0.8954248366013072	0.8787878787878788	0.8978494623655914	0.6086956521739131	0.9578947368421052	0.9761904761904762	0.975	0.703125
dmw=22397	0.6282722513089005	0.5866666666666667	0.6412556053811659	0.6495726495726496	0.35344827586206895	0.6347826086956522	0.3910891089108911	0.6145251396648045	0.44047619047619047	0.5405405405405406	0.47368421052631576	0.7222222222222222	0.723404255319149	0.49056603773584906	0.5625	0.75	0.5333333333333333
dmw=22413	0.13988229968311452	0.1239766081871345	0.3078730904817861	0.2099644128113879	0.41997851772287864	0.5371428571428571	0.5258152173913043	0.16470588235294117	0.4675925925925926	0.32571428571428573	0.18497109826589594	0.35251798561151076	0.24468085106382978	0.5967741935483871	0.6538461538461539	0.6	0.4
dmw=22415	0.8066298342541437	0.7140115163147792	0.6107784431137725	0.7718120805369127	0.34394904458598724	0.6238532110091743	0.2603550295857988	0.4217687074829932	0.47540983606557374	0.75	0.5405405405405406	0.8064516129032258	0.7857142857142857	0.21153846153846154	1.0	0.7777777777777778	0.7666666666666667
dmw=22431	0.10738255033557047	0.04617834394904458	0.1228813559322034	0.171875	0.09337349397590361	0.1523809523809524	0.1380952380952381	0.18478260869565216	0.04040404040404041	0.0975609756097561	0.0196078431372549	0.047619047619047616	0.3018867924528302	0.0	0.047619047619047616	0.32142857142857145	0.0
dmw=22454	0.2119921363040629	0.2520267888614734	0.15111478117258464	0.16987179487179488	0.3894230769230769	0.3267148014440433	0.36886005560704355	0.2566473988439306	0.38742393509127787	0.07357859531772576	0.34980988593155893	0.10919540229885058	0.1483050847457627	0.37966101694915255	0.3944954128440367	0.35	0.05319148936170213
dmw=22455	0.15224746254229096	0.1240768094534712	0.301909307875895	0.21442885771543085	0.07158119658119658	0.40189125295508277	0.09631391200951249	0.0380517503805175	0.08163265306122448	0.5	0.11764705882352941	0.5921052631578947	0.21649484536082475	0.0636042402826855	0.20987654320987653	0.6052631578947368	0.47368421052631576
dmw=22456	0.5588730025231287	0.5234782608695652	0.4859550561797753	0.5657894736842105	0.24357754519505234	0.5664335664335665	0.3500697350069735	0.3390625	0.36607142857142855	0.5351351351351351	0.4433497536945813	0.5276073619631901	0.46511627906976744	0.23148148148148148	0.48148148148148145	0.7432432432432432	0.6271186440677966
dmw=22457	0.27497621313035203	0.23910840932117527	0.26932668329177056	0.3045977011494253	0.1111111111111111	0.20948616600790515	0.08967391304347826	0.28719723183391005	0.10071942446043165	0.38613861386138615	0.12121212121212122	0.3142857142857143	0.3037974683544304	0.09433962264150944	0.0	0.36	0.13636363636363635
dmw=22463	0.0	0.006896551724137931	0.0	0.021739130434782608	0.0	0.0	0.010638297872340425	0.0	0.023255813953488372	0.0	0.15384615384615385	0.0	0.0	0.0	0.0	0.0	0.11764705882352941
