item,cluster,raw_fraction,residual,z_score,coverage
dmw=10088,10,0.46808510638297873,-0.2623969369380471,-1.9002631781062351,47
dmw=10088,2,0.583710407239819,-0.20894343409801186,-1.4788217523536118,221
dmw=10088,13,0.5849056603773585,-0.19905017016851845,-1.4008206666573175,53
dmw=10088,12,0.5882352941176471,-0.15137854136004814,-1.0249650511120612,51
dmw=10125,14,0.11267605633802817,-0.1904182396318468,-1.8342029811123592,71
dmw=10125,13,0.0718562874251497,-0.18322143110865147,-1.7614573133813645,167
dmw=10125,6,0.11956521739130435,-0.11621009379910419,-1.084103669412858,644
dmw=10205,7,0.3644578313253012,-0.3453057092236075,-2.5950601180823676,664
dmw=10205,13,0.391304347826087,-0.3230840225586708,-2.428705065536789,161
dmw=10222,7,0.44785276073619634,-0.27037454406273415,-2.6964401253823365,326
dmw=10319,6,0.07518796992481203,-0.5106725306922001,-2.064838320840145,133
dmw=10319,8,0.16981132075471697,-0.43532141252830436,-1.721093514519242,53
dmw=10319,14,0.26666666666666666,-0.39935703890470836,-1.5570273805727508,15
dmw=10320,3,0.3624161073825503,-0.21987528752334246,-1.7177425891476301,149
dmw=10341,6,0.1820388349514563,-0.23474677915126232,-1.471719399698756,412
dmw=10341,13,0.22857142857142856,-0.21375838701051023,-1.3548408153947147,105
dmw=10341,4,0.20503597122302158,-0.2094326105639645,-1.3307517558947088,556
dmw=10341,8,0.24183006535947713,-0.19452614792623643,-1.2477417645435411,153
dmw=10341,7,0.24722222222222223,-0.18955060834814347,-1.2200343528401407,360
dmw=10342,6,0.34444444444444444,-0.36357066295982443,-1.92491712198984,180
dmw=10342,13,0.38636363636363635,-0.34273106355648264,-1.8119744499360528,44
dmw=10342,4,0.4382716049382716,-0.26776743691874244,-1.4057002152235016,162
dmw=10342,8,0.5232558139534884,-0.20102228608476502,-1.0439669814928365,86
dmw=10343,6,0.3157894736842105,-0.28079693249313464,-1.887591223960505,152
dmw=10343,4,0.3163841807909605,-0.2779041726240317,-1.866946552769247,177
dmw=10343,13,0.4090909090909091,-0.2123180191895892,-1.3988798505118778,44
dmw=10343,8,0.4489795918367347,-0.1667073343196916,-1.0733714659396285,49
dmw=10364,13,0.3,-0.602586850803112,-3.7672364709693937,40
dmw=10371,6,0.10596026490066225,-0.16544347803589188,-1.9715216596838492,302
dmw=10371,7,0.16666666666666666,-0.12119356108144116,-1.500304231223574,270
dmw=10372,13,0.21311475409836064,-0.3888488623589189,-1.668839049195369,61
dmw=10372,6,0.2679425837320574,-0.30879198045837514,-1.3217173767306516,209
dmw=10372,8,0.3,-0.2961387252083754,-1.266853647089527,40
dmw=10372,4,0.28735632183908044,-0.2870477773584441,-1.2274358612971947,261
dmw=10396,0,0.1079136690647482,-0.2772798938021372,-1.5049921693320147,278
dmw=10396,1,0.10843373493975904,-0.23919093499608696,-1.3665681327728212,249
dmw=10396,3,0.27941176470588236,-0.15850561353394316,-1.0733391173844569,68
dmw=10396,10,0.19047619047619047,-0.1543890400532747,-1.0583785425656949,21
dmw=10396,7,0.265625,-0.14232535876253438,-1.0145363501725901,64
dmw=10409,7,0.010526315789473684,-0.07667307441768753,-1.3543888158606516,475
dmw=10409,10,0.0,-0.06801665098381499,-1.255562339549651,74
dmw=10409,0,0.012027491408934709,-0.06789234931570379,-1.2541432435508415,1164
dmw=10409,3,0.04093567251461988,-0.05654871644125882,-1.1246381108466863,342
dmw=10409,1,0.012468827930174564,-0.05632466946851471,-1.1220802677589965,1203
dmw=10417,6,0.21639344262295082,-0.17314120704623662,-1.5244250775163486,305
dmw=10417,13,0.25806451612903225,-0.15653145608588226,-1.388354988083751,62
dmw=10417,4,0.24109014675052412,-0.14617836958919647,-1.3035406275993597,477
dmw=10417,7,0.2692307692307692,-0.13990102147500705,-1.2521154544383601,286
dmw=10422,13,0.01639344262295082,-0.3644082401303078,-2.1485474912663842,61
dmw=10422,6,0.1346153846153846,-0.22192360624035481,-1.2365581786003066,312
dmw=10422,4,0.13367609254498714,-0.22067729633715855,-1.228581028496789,389
dmw=10423,13,0.12751677852348994,-0.37513935993884195,-2.5381555398551403,149
dmw=10423,6,0.2874493927125506,-0.1891561286102144,-1.2446630554849218,494
dmw=10423,4,0.31166912850812406,-0.16255721413365543,-1.0596705928739156,677
dmw=10435,7,0.1864864864864865,-0.3695669222297574,-2.594724874727229,370
dmw=10435,10,0.32413793103448274,-0.16484330471736297,-1.3770104497446047,145
dmw=10435,0,0.42747603833865816,-0.10498911151345208,-1.020992344233712,1565
dmw=10436,7,0.4307692307692308,-0.20733633455039746,-2.971351009565141,650
dmw=10438,7,0.03409090909090909,-0.16402334079424186,-1.441199750211449,264
dmw=10438,11,0.0967741935483871,-0.09915648912605238,-1.0098187923185953,62
dmw=10440,7,0.09584295612009237,-0.18625857695117193,-1.8231072305283842,866
dmw=10487,1,0.7031443938767067,-0.06112862911842332,-1.6532528264514044,4834
dmw=10487,12,0.7130434782608696,-0.05742405891544433,-1.595751198276062,345
dmw=10487,3,0.7721063982746226,-0.053690778763154534,-1.5378039397739205,1391
dmw=10487,0,0.7404306220095693,-0.05176085060459268,-1.5078479650458647,5016
dmw=10505,1,0.04151838671411625,-0.11934372863283307,-1.367559006328023,1686
dmw=10505,3,0.12949640287769784,-0.08942733235256348,-1.1330508868571894,417
dmw=10505,0,0.09821428571428571,-0.08572360956650237,-1.1040182100112386,2016
dmw=10505,16,0.05405405405405406,-0.077960566977821,-1.0431654086982574,37
dmw=10507,9,0.5954198473282443,-0.23393179557864097,-3.293235674788593,131
dmw=10507,12,0.7703703703703704,-0.10208732145294208,-1.383458828156319,135
dmw=10550,7,0.1905781584582441,-0.11590602828869484,-1.6725243307275168,467
dmw=10550,1,0.1829787234042553,-0.07172903190946356,-1.2609207200257182,1410
dmw=10574,13,0.0,-0.2080438343030963,-1.535771273643653,71
dmw=10574,4,0.01694915254237288,-0.17296501534784348,-1.250661301277732,236
dmw=10574,14,0.09523809523809523,-0.15494204385112043,-1.104176070063497,21
dmw=10574,6,0.04405286343612335,-0.1473333144989023,-1.0423346318406792,227
dmw=10588,15,0.16666666666666666,-0.3600568047504136,-2.6370198451740494,30
dmw=10597,7,0.5934065934065934,-0.21177442895387988,-2.1274059821792455,91
dmw=10597,2,0.7116564417177914,-0.10497373938253274,-1.2697075510295062,163
dmw=10597,10,0.6829268292682927,-0.07653915916228049,-1.0413542047805626,41
dmw=10611,12,0.7142857142857143,-0.20872711956920764,-3.0685673810729175,98
dmw=10611,16,0.782608695652174,-0.11923388359735809,-1.6004048302813663,46
dmw=10616,13,0.0,-0.538664039998589,-1.8089705629601025,29
dmw=10616,4,0.0782608695652174,-0.43202637653929443,-1.429755044075307,230
dmw=10616,6,0.11173184357541899,-0.4009390898002242,-1.319205157768234,179
dmw=10616,5,0.22448979591836735,-0.34388147420501847,-1.1163018626062542,49
dmw=10617,13,0.32142857142857145,-0.520454062940809,-2.552249677421566,28
dmw=10617,6,0.5128205128205128,-0.31468237364602947,-1.4462721799476785,78
dmw=10617,4,0.5663716814159292,-0.2597652195128859,-1.1511045749932742,113
dmw=10620,8,0.0,-0.18601178376801344,-1.775755085905501,100
dmw=10620,6,0.017316017316017316,-0.15688302855298822,-1.5738273162807397,231
dmw=10620,1,0.06292517006802721,-0.08747143119570862,-1.0926488746692826,588
dmw=10621,8,0.3333333333333333,-0.4309376327458328,-2.4893694531777126,120
dmw=10621,6,0.3814814814814815,-0.3680697135360009,-2.1106924464966013,270
dmw=10628,4,0.6611909650924025,-0.13300422531192235,-1.9129151718105388,487
dmw=10628,8,0.7241379310344828,-0.0843105543227951,-1.1982142608331747,87
dmw=10628,10,0.6901408450704225,-0.07343980869152156,-1.0386589911676527,71
dmw=10659,13,0.5172413793103449,-0.22205373471957723,-2.8375234315377678,116
dmw=10659,4,0.5947242206235012,-0.12204611648816277,-1.5325926090312016,834
dmw=10666,12,0.20987654320987653,-0.14633275716373662,-1.5414065293088373,81
dmw=10666,6,0.25157232704402516,-0.1374987067041868,-1.4547709371641953,318
dmw=10666,13,0.29411764705882354,-0.12000511589760765,-1.2832111747195871,51
dmw=10677,6,0.26838235294117646,-0.2687615930420511,-1.6101042156440843,272
dmw=10677,4,0.32421875,-0.21055258619676043,-1.2656678438337805,256
dmw=10677,14,0.4489795918367347,-0.1716511876626165,-1.0354791274198494,49
dmw=10717,6,0.3939393939393939,-0.21485603404151687,-1.7279685029433818,231
dmw=10717,8,0.4431818181818182,-0.18449682775026294,-1.5103819194948769,88
dmw=10717,2,0.4927536231884058,-0.152593708565737,-1.2817300029027343,207
dmw=10717,4,0.484149855907781,-0.12237119719303696,-1.0651231216248849,347
dmw=10722,7,0.03571428571428571,-0.18372096894217954,-1.4702520681511215,56
dmw=10722,1,0.03481012658227848,-0.1437677751705427,-1.2458199825598246,316
dmw=10722,0,0.09523809523809523,-0.1083403875902769,-1.0468110490778966,273
dmw=10771,11,0.2185430463576159,-0.41834641630589575,-3.09944275499511,151
dmw=10771,2,0.4232258064516129,-0.23386941335353573,-1.654592412996135,775
dmw=10786,12,0.26666666666666666,-0.16328586944331253,-1.5906808219893536,45
dmw=10786,5,0.375,-0.14576457282228894,-1.4351847796236628,224
dmw=10786,10,0.3,-0.11849914318290622,-1.1932125960560895,90
dmw=10825,8,0.0,-0.12662655104106274,-1.4432902679270594,90
dmw=10825,6,0.005154639175257732,-0.1128835708928703,-1.314257249695058,194
dmw=10825,10,0.014705882352941176,-0.08516414302989295,-1.0539991832308757,68
dmw=10826,6,0.3745819397993311,-0.3483699262444966,-3.097795048534141,299
dmw=10826,16,0.5,-0.134687130396562,-1.0848706788357891,46
dmw=10836,4,0.23247232472324722,-0.1969697072617456,-1.4187949291572142,542
dmw=10836,14,0.32142857142857145,-0.195761700858408,-1.4087707657614719,56
dmw=10836,13,0.2827586206896552,-0.1747646933177402,-1.2345354025814723,145
dmw=10843,14,0.0,-0.2711781643758415,-2.366980895757992,15
dmw=10843,12,0.0,-0.1865377162480748,-1.560301066499828,70
dmw=10843,10,0.03896103896103896,-0.14056544251095865,-1.1221546867348495,77
dmw=10910,7,0.07489878542510121,-0.10226080646225495,-2.148615589569,494
dmw=10910,3,0.13859649122807016,-0.05718293961275328,-1.4339357592316404,570
dmw=10910,1,0.08840061318344404,-0.05433369276005086,-1.3887628307060502,1957
dmw=10913,7,0.08923076923076922,-0.2529117108731123,-2.8760657445972386,325
dmw=10920,15,0.55,-0.3254862553624478,-2.5142570931092134,80
dmw=10920,6,0.632258064516129,-0.20760398940818015,-1.577876777856099,310
dmw=10920,4,0.6717557251908397,-0.166819121909226,-1.2539082251898053,524
dmw=10932,7,0.03488372093023256,-0.06082967217804119,-1.2076539896545084,172
dmw=10932,0,0.032423208191126277,-0.05536823222470556,-1.146148063847798,586
dmw=10937,5,0.18087855297157623,-0.2897379706094975,-1.860394125358576,387
dmw=10937,4,0.20155038759689922,-0.21141409099223205,-1.3133295355087116,258
dmw=10937,6,0.20930232558139536,-0.20597674042387606,-1.2753515654045355,258
dmw=10937,3,0.2857142857142857,-0.17992881286344065,-1.0934160065823522,490
dmw=10963,14,0.0,-0.24708158427106966,-2.963173847681668,24
dmw=10971,11,0.06153846153846154,-0.6833538506456542,-3.070368346700266,65
dmw=10971,9,0.27586206896551724,-0.35156155046676363,-1.5189767320913727,87
dmw=10971,2,0.5163551401869159,-0.2449850653090685,-1.0206473094405426,428
dmw=10996,9,0.7449664429530202,-0.13057930190551026,-2.257475616367182,149
dmw=10996,12,0.7926829268292683,-0.11559072217454369,-1.9664090066690805,82
dmw=10996,8,0.8481675392670157,-0.0769077765246362,-1.2152161621467517,191
dmw=11000,7,0.1111111111111111,-0.38974304970036616,-3.400894479088957,180
dmw=11001,7,0.14285714285714285,-0.5277104717513417,-2.8234570287592518,112
dmw=11001,15,0.42857142857142855,-0.28691906702597497,-1.5646631485047366,14
dmw=11029,4,0.10829103214890017,-0.3958276268824566,-1.7144933574090733,591
dmw=11029,8,0.18110236220472442,-0.3453813592870296,-1.4880323907447843,127
dmw=11029,6,0.16666666666666666,-0.339836667607639,-1.4631414266076461,318
dmw=11073,1,0.04919519383359782,-0.06348340217437332,-1.5655593301393576,4411
dmw=11073,0,0.0751864125932063,-0.05472609088186467,-1.443550254161514,4828
dmw=11074,13,0.0898876404494382,-0.6223533054609539,-2.3541271424475907,89
dmw=11074,8,0.26373626373626374,-0.44350874916577826,-1.6196846956076987,91
dmw=11074,14,0.4375,-0.321169378858311,-1.1172862534366548,16
dmw=11074,4,0.36795252225519287,-0.3204114950138855,-1.1141739302178166,337
dmw=11076,13,0.0,-0.2440062997438699,-1.7619908276450151,14
dmw=11076,11,0.0,-0.23736161832022806,-1.7032807839158985,18
dmw=11076,6,0.03529411764705882,-0.18999419976758858,-1.2847591066137765,85
dmw=11077,13,0.2077922077922078,-0.5111261205745676,-2.687920343402151,77
dmw=11077,6,0.3734567901234568,-0.3239187735344009,-1.6449901744924986,324
dmw=11086,0,0.04899777282850779,-0.2401780281393204,-1.6045656963203305,449
dmw=11086,1,0.02127659574468085,-0.23577963394843174,-1.590321223878781,470
dmw=11086,3,0.13333333333333333,-0.20260499879468616,-1.482883109945086,150
dmw=11088,8,0.24390243902439024,-0.4126506974115457,-2.2344463644086523,82
dmw=11088,6,0.4161490683229814,-0.22214138507157488,-1.2118193675137225,161
dmw=11088,13,0.47368421052631576,-0.18831650292905128,-1.0302521925506094,76
dmw=11089,13,0.39344262295081966,-0.32020757477248085,-2.3788317233882212,61
dmw=11089,8,0.5063291139240507,-0.20233960978821175,-1.439917825315041,79
dmw=11094,14,0.0,-0.2894275798346879,-2.1837097810324715,13
dmw=11094,8,0.07246376811594203,-0.16592691625968903,-1.1886733706064483,138
dmw=11094,13,0.08571428571428572,-0.15710743328682722,-1.1176153987292317,35
dmw=11094,4,0.06547619047619048,-0.15703671051780638,-1.1170455902101128,504
dmw=11094,6,0.07023411371237458,-0.15393354845192925,-1.0920436254139847,299
dmw=11105,7,0.03982300884955752,-0.1008539717270858,-1.3744434636184277,226
dmw=11105,12,0.037037037037037035,-0.07884394635558042,-1.1443110718464817,54
dmw=11106,1,0.15354135710747896,-0.20346577364621932,-1.6757367232365146,2019
dmw=11106,0,0.19949874686716793,-0.19547735445708544,-1.6342608537439967,1995
dmw=11106,10,0.2009132420091324,-0.1533004099828642,-1.4152781735429554,219
dmw=11106,3,0.3306930693069307,-0.1173700003063034,-1.228727499714419,505
dmw=11106,7,0.3203732503888025,-0.09754472939526254,-1.1257947004343538,643
dmw=11108,13,0.0,-0.14002761520064674,-1.589165329747812,43
dmw=11108,4,0.041666666666666664,-0.08520888898420362,-1.067163458317533,240
dmw=11118,13,0.5117647058823529,-0.15675008437542304,-2.1116759522568502,170
dmw=11118,4,0.49075081610446136,-0.1520782982886092,-2.047038104219808,919
dmw=11134,8,0.41025641025641024,-0.32229598771998846,-1.6584399211296734,39
dmw=11134,13,0.45454545454545453,-0.28273143081576885,-1.438050937296364,55
dmw=11134,14,0.5161290322580645,-0.2647794275318398,-1.3380517443041284,31
dmw=11134,4,0.465,-0.24964503975928337,-1.2537476953492102,200
dmw=11156,13,0.19658119658119658,-0.25010577410354884,-1.5816700569202624,117
dmw=11156,11,0.21951219512195122,-0.2182064485670844,-1.3560671982611818,123
dmw=11156,6,0.2071269487750557,-0.2139541910817834,-1.3259937898644505,449
dmw=11156,8,0.2631578947368421,-0.1775431316088526,-1.068482417264771,152
dmw=11157,4,0.03636363636363636,-0.24430938451249296,-1.4903686626814847,275
dmw=11157,8,0.05714285714285714,-0.2419614849420835,-1.4749105555357662,70
dmw=11157,13,0.08333333333333333,-0.2208797825146943,-1.3361127896330696,48
dmw=11157,6,0.0636042402826855,-0.21899884774682282,-1.3237290865384803,283
dmw=11169,15,0.4482758620689655,-0.20868571513144385,-2.3501867597028014,87
dmw=11176,7,0.6875,-0.12449587624418279,-1.7291507716044399,320
dmw=11191,9,0.555984555984556,-0.2235284111062935,-2.948672526963382,259
dmw=11191,12,0.7210884353741497,-0.11157986096939043,-1.513565782948743,147
dmw=11192,12,0.21428571428571427,-0.6655863273863375,-3.1988864194828066,14
dmw=11192,9,0.477124183006536,-0.36168470003719694,-1.6253827703996917,153
dmw=11194,13,0.10362694300518134,-0.6203253568947236,-1.952162767681943,193
dmw=11194,4,0.10995260663507109,-0.5906860819337937,-1.8521350489772115,1055
dmw=11194,6,0.20374707259953162,-0.4988886942724766,-1.5423338381540932,427
dmw=11194,8,0.2857142857142857,-0.43336521229549707,-1.3212027736328633,280
dmw=11221,10,0.2112676056338028,-0.2310745815332711,-1.666544161565986,71
dmw=11221,13,0.39622641509433965,-0.11880365518857205,-1.0356810305240387,53
dmw=1123,8,0.0,-0.3229221026456961,-2.165398565615441,35
dmw=1123,6,0.06951871657754011,-0.2361612039939598,-1.5779416731514708,187
dmw=1123,4,0.1092436974789916,-0.19441526144565174,-1.2952804506017934,238
dmw=1123,13,0.13793103448275862,-0.1903161341337385,-1.2675253140150131,29
dmw=11232,13,0.09302325581395349,-0.3181410840435065,-1.5997696084201831,86
dmw=11232,6,0.09009009009009009,-0.2960835231403004,-1.46933792799737,222
dmw=11234,13,0.08139534883720931,-0.5757768053330712,-2.5261190115760197,86
dmw=11234,4,0.30063291139240506,-0.3304596702374865,-1.2945676786108562,632
dmw=11234,8,0.3448275862068966,-0.3068601148268657,-1.1760922043558235,174
dmw=11234,6,0.35294117647058826,-0.2803696191860476,-1.0431035111500035,374
dmw=1124,6,0.1726078799249531,-0.4037784274319114,-2.007355253521395,533
dmw=1124,8,0.24669603524229075,-0.34909920919359894,-1.6973854706563525,227
dmw=1124,4,0.31220095693779903,-0.2618543840938258,-1.2028052560232414,836
dmw=1124,14,0.4155844155844156,-0.24172627882905307,-1.088701495592469,77
dmw=11289,1,0.25308641975308643,-0.24482242144241873,-1.7722286912095313,162
dmw=11289,0,0.3944954128440367,-0.14382193460477405,-1.1381453275420323,218
dmw=11294,12,0.41509433962264153,-0.46742637218714544,-3.4805999413685798,53
dmw=11294,10,0.7027027027027027,-0.17486838540866,-1.155552553075999,37
dmw=11296,13,0.21739130434782608,-0.29792396290335743,-1.7876729181592994,115
dmw=11296,7,0.2753623188405797,-0.2343170574134429,-1.4415452068473822,276
dmw=11302,10,0.0,-0.24358539992197134,-1.6371538354772406,96
dmw=11302,16,0.0,-0.20548379790766913,-1.3822230882543876,45
dmw=11302,13,0.109375,-0.19188145682414381,-1.291212348729536,64
dmw=11334,0,0.3527272727272727,-0.09413132668293145,-1.3946282940588022,550
dmw=11334,7,0.3779527559055118,-0.09251791609769466,-1.382452345131903,127
dmw=11334,3,0.417910447761194,-0.08323241645776713,-1.312377331114375,134
dmw=11334,1,0.3277693474962064,-0.07949002936375932,-1.284134604471648,659
dmw=11335,14,0.25806451612903225,-0.5217351297097866,-2.155810699273618,31
dmw=11335,6,0.3235294117647059,-0.391741412272637,-1.5682432391920529,272
dmw=11335,13,0.3924050632911392,-0.3436168355537943,-1.350721686091903,79
dmw=11335,4,0.44,-0.2733239805282998,-1.0330002215205065,375
dmw=11341,4,0.1400560224089636,-0.07961698394747457,-1.0553977683271727,357
dmw=11345,11,0.47619047619047616,-0.34756796229034814,-2.7350373289588377,42
dmw=11345,6,0.6815476190476191,-0.13213381536613322,-1.0375683092596164,336
dmw=11360,14,0.4,-0.18021797768006298,-1.8571148953083854,60
dmw=11360,2,0.38734177215189874,-0.14677760759646435,-1.5093404195771098,395
dmw=11360,11,0.38271604938271603,-0.12933227402607667,-1.327911753529706,81
dmw=11360,10,0.3488372093023256,-0.09953807901262585,-1.0180569126671555,86
dmw=11368,6,0.14823529411764705,-0.10608499114310774,-1.0546027879483355,425
dmw=11368,4,0.14733969986357434,-0.10517568838571742,-1.0499577173419907,733
dmw=11368,7,0.16859122401847576,-0.1015337342305343,-1.031353205194191,433
dmw=11368,10,0.11926605504587157,-0.10115214670677034,-1.0294039083555109,109
dmw=11382,13,0.35833333333333334,-0.2290770803699928,-1.9228415656494944,120
dmw=11382,7,0.39903846153846156,-0.1828942649689691,-1.522905023607307,624
dmw=11382,6,0.42424242424242425,-0.1376877895508723,-1.1314234454567462,561
dmw=11390,14,0.42857142857142855,-0.13028858419979844,-1.393301679027711,21
dmw=11390,0,0.3707250341997264,-0.09925035077946176,-1.151707422051064,731
dmw=11391,13,0.16666666666666666,-0.5531942629770916,-2.6513172362525683,18
dmw=11391,14,0.38235294117647056,-0.38311182286316925,-1.7325401282378325,34
dmw=11391,16,0.3333333333333333,-0.27319146189808724,-1.1387556594132524,21
dmw=11393,3,0.06060606060606061,-0.11753388814991869,-1.3898942281786257,528
dmw=11393,7,0.048879837067209775,-0.1119823344453317,-1.355012044170369,491
dmw=11393,0,0.03769633507853403,-0.11073678230396847,-1.3471858424800185,1910
dmw=11393,1,0.020869565217391306,-0.10823730541819593,-1.3314808313618043,1725
dmw=11393,10,0.05555555555555555,-0.0721868144041489,-1.1049640888324168,180
dmw=11407,6,0.035398230088495575,-0.5603818051495706,-1.7960512783437537,113
dmw=11407,4,0.13274336283185842,-0.46073715619506206,-1.4512983973634335,113
dmw=11407,13,0.19230769230769232,-0.42831292973403456,-1.339116302255638,26
dmw=11407,8,0.19230769230769232,-0.42258639691953104,-1.3193035104344761,26
dmw=11407,14,0.26666666666666666,-0.40842134864261687,-1.2702949459613255,15
dmw=11419,7,0.29806598407281,-0.13577655344624706,-1.8805633222084237,879
dmw=11419,0,0.29298545765611633,-0.11765772921941525,-1.722897984183112,2338
dmw=11419,1,0.2644561261625556,-0.10763826345535787,-1.6357111757706895,2473
dmw=11428,14,0.38095238095238093,-0.3629140523430513,-2.322963927861354,42
dmw=11428,10,0.42857142857142855,-0.20213691167890363,-1.2277413020034726,56
dmw=11428,8,0.5094339622641509,-0.18114028933991133,-1.084711168756518,53
dmw=11428,4,0.5,-0.17111806127267437,-1.0164392061167848,254
dmw=1145,0,0.4075425790754258,-0.08708806635080929,-1.5016915484100155,2466
dmw=1145,7,0.43859649122807015,-0.07980476475954751,-1.429851593266569,855
dmw=1145,1,0.38142857142857145,-0.07284618581998803,-1.3612145894824816,2800
dmw=1145,3,0.4790528233151184,-0.06990596915034769,-1.3322133143035992,549
dmw=11452,12,0.5319148936170213,-0.3503637716214425,-3.573060698694984,47
dmw=11457,14,0.10869565217391304,-0.22697627929250835,-2.740634795435284,46
dmw=11457,10,0.12844036697247707,-0.1006336040143303,-1.0435460476204623,109
dmw=1147,7,0.10144927536231885,-0.38091498682874836,-3.3562375345590776,207
dmw=1147,13,0.34,-0.14799872287203014,-1.2171784295153407,50
dmw=11482,6,0.07692307692307693,-0.4707814547246421,-1.8957046396361097,104
dmw=11482,8,0.14492753623188406,-0.42251385155730314,-1.7088989791890674,69
dmw=11482,4,0.28735632183908044,-0.25798391284170286,-1.072133905967522,174
dmw=11482,13,0.3333333333333333,-0.2400506460540916,-1.0027284346699625,33
dmw=11491,4,0.5311059907834101,-0.154107198597925,-1.6236369261315717,868
dmw=11491,8,0.5824175824175825,-0.12178546995405881,-1.3334723921867884,182
dmw=11491,13,0.5911602209944752,-0.11806933361351002,-1.3001112133584014,181
dmw=11491,6,0.592,-0.09526724092883809,-1.0954080964640271,500
dmw=11530,14,0.05970149253731343,-0.248426743721203,-2.4935755403378916,67
dmw=11530,13,0.11486486486486487,-0.14474638918446725,-1.3771289770411737,148
dmw=11533,13,0.0,-0.06735849850978956,-1.10695457631672,35
dmw=11533,11,0.0,-0.06510992332266378,-1.074475401408543,21
dmw=11534,14,0.5833333333333334,-0.18849199381733373,-1.4897640475580356,24
dmw=11534,13,0.5483870967741935,-0.17863010440121319,-1.4219461147843824,31
dmw=11534,4,0.5339805825242718,-0.16987596867509447,-1.3617459479487153,206
dmw=11535,13,0.1267605633802817,-0.4924941670645819,-1.9987133041127845,71
dmw=11535,4,0.2543103448275862,-0.33777079385631326,-1.3243091706818875,232
dmw=11535,14,0.35,-0.3238151580964701,-1.2634797158559163,20
dmw=11535,6,0.28402366863905326,-0.31035949194541035,-1.204829515293614,169
dmw=11537,6,0.5466666666666666,-0.17509693476059085,-1.8855833868565204,225
dmw=11537,4,0.5833333333333334,-0.1365104307375805,-1.4503545291248303,288
dmw=11537,16,0.5,-0.13331231033370772,-1.4142819611244764,18
dmw=11537,8,0.6139240506329114,-0.1236206414732498,-1.3049666947003529,158
dmw=11539,13,0.23232323232323232,-0.3383120941178817,-1.9392951024548637,99
dmw=11539,11,0.34,-0.2217047417675298,-1.2586282865764502,50
dmw=11539,2,0.38305084745762713,-0.2003064609627428,-1.1337210713186587,295
dmw=11540,4,0.5261707988980716,-0.24593202364597966,-1.9427168285181147,726
dmw=11540,13,0.6291390728476821,-0.16236803688892554,-1.243713116620573,151
dmw=11540,14,0.6756756756756757,-0.1525550167079227,-1.1616282640705309,74
dmw=11540,10,0.6013986013986014,-0.13788217772593558,-1.0388915528326823,143
dmw=11541,4,0.8303747534516766,-0.0829543931517952,-1.536853280861241,507
dmw=11541,14,0.8648648648648649,-0.07262603396851441,-1.3246582027243567,37
dmw=11541,9,0.8016528925619835,-0.06619412150456638,-1.192515222059395,121
dmw=11542,12,0.39805825242718446,-0.453465765447806,-3.3404624716079314,103
dmw=11542,11,0.6875,-0.18850729566179025,-1.2954113176686137,64
dmw=11549,11,0.07792207792207792,-0.11054377938583643,-1.4338522452344096,77
dmw=11549,10,0.05660377358490566,-0.09585444079015155,-1.289695434535266,53
dmw=11549,7,0.10227272727272728,-0.08831322365525775,-1.2156881670279753,176
dmw=11554,0,0.4331450094161959,-0.18037196914887527,-1.607105059043079,531
dmw=11554,12,0.4166666666666667,-0.16628132646616595,-1.5056500416806564,24
dmw=11554,3,0.528,-0.13575274022553452,-1.2858390425064201,125
dmw=11554,1,0.45617977528089887,-0.11830792195530543,-1.1602333919804717,445
dmw=11555,11,0.027777777777777776,-0.07951924630154554,-1.7198418328143252,72
dmw=11555,7,0.04985337243401759,-0.05877287858094982,-1.2538739985266727,341
dmw=11555,6,0.045351473922902494,-0.05561209950923271,-1.1828822278926436,441
dmw=11555,4,0.048417132216014895,-0.05168380501394274,-1.0946518975010153,537
dmw=11561,13,0.21212121212121213,-0.21367199292756858,-1.9130551567447238,66
dmw=11561,14,0.3055555555555556,-0.17946634217332147,-1.5873334184142904,36
dmw=11561,4,0.2633181126331811,-0.1349116565128432,-1.1630634704936216,657
dmw=11564,9,0.6816326530612244,-0.1992469610258376,-3.090176088455338,245
dmw=11564,12,0.7863247863247863,-0.12602050299130296,-1.905427379202752,117
dmw=11573,12,0.6904761904761905,-0.2275137056040124,-3.3995057183643875,168
dmw=11573,9,0.7918552036199095,-0.09644720538437201,-1.4477775688678705,221
dmw=11599,10,0.6848484848484848,-0.17252841580989298,-2.9871069862487363,165
dmw=11599,6,0.788135593220339,-0.09067357617301486,-1.6328829786932193,354
dmw=11599,9,0.7608695652173914,-0.05651662740992547,-1.0677830988935701,92
dmw=11604,12,0.0,-0.3205751493253768,-1.9083291444824442,26
dmw=11604,1,0.11379310344827587,-0.19927118762423335,-1.3794594967837035,290
dmw=11604,0,0.18980169971671387,-0.15909397008752804,-1.2042920036023765,353
dmw=11615,9,0.31343283582089554,-0.4440329178850272,-2.971299506955857,67
dmw=11615,11,0.6216216216216216,-0.2224985419948885,-1.4033002363997888,37
dmw=11615,16,0.5882352941176471,-0.18286337259327412,-1.1227662720415108,17
dmw=11619,12,0.6551724137931034,-0.23804812888369797,-2.5225059503486356,58
dmw=11619,9,0.6666666666666666,-0.1893067126634138,-1.9541094121878,78
dmw=11627,13,0.0,-0.10713928563287677,-1.1784657904323677,66
dmw=11627,3,0.022727272727272728,-0.09438837065320707,-1.0505778640754606,132
dmw=11629,16,0.7068965517241379,-0.05758875803837449,-1.3041711635247983,58
dmw=11636,8,0.22826086956521738,-0.3347549071339643,-2.6466503761838,184
dmw=11636,6,0.23782771535580524,-0.305411817738381,-2.4103795426844514,534
dmw=11639,13,0.31746031746031744,-0.19209883814294604,-1.846778926868236,63
dmw=11639,7,0.34959349593495936,-0.15432727019638248,-1.5130685433618596,246
dmw=11639,4,0.3805031446540881,-0.10061347629648204,-1.0385091926016,318
dmw=11639,6,0.3854748603351955,-0.09802371877759286,-1.0156287822347418,358
dmw=11666,9,0.6138211382113821,-0.19456162068333716,-2.5621944918653496,246
dmw=11666,16,0.6547619047619048,-0.16507245865792708,-2.137863431900384,84
dmw=11667,9,0.7044025157232704,-0.16449791376584721,-2.849125212106554,159
dmw=11667,16,0.7524752475247525,-0.12480910519553778,-2.1359210015336085,101
dmw=11668,16,0.5846153846153846,-0.26158318483823717,-3.2779089873346567,65
dmw=11668,9,0.7329192546583851,-0.10316842130459747,-1.2681613081197554,161
dmw=11673,12,0.5688622754491018,-0.32955217795711844,-3.586032386532653,167
dmw=11674,10,0.8018433179723502,-0.10636362758775186,-2.3690030477287176,217
dmw=11674,9,0.8108882521489972,-0.06959365331606959,-1.5459956990292558,349
dmw=11674,12,0.847953216374269,-0.06408892917178788,-1.422785701931264,171
dmw=11675,16,0.7209302325581395,-0.1478280926048342,-2.829309869409319,43
dmw=11675,9,0.7532467532467533,-0.10663818448340234,-2.0470408806794334,154
dmw=11676,10,0.6428571428571429,-0.1855108552364202,-2.4948258074453236,140
dmw=11676,9,0.6026785714285714,-0.1796300245132343,-2.414888840517736,224
dmw=11677,9,0.4457831325301205,-0.10727446493702597,-1.3169401840093153,83
dmw=11677,11,0.5774647887323944,-0.10462806290617388,-1.2884559656636692,71
dmw=11679,12,0.20689655172413793,-0.6371945118359973,-3.2422493352896615,29
dmw=11680,12,0.75,-0.15717240718112369,-2.3834054631244386,28
dmw=11680,9,0.75,-0.12410604281887971,-1.8302394064199528,156
dmw=11680,10,0.8108108108108109,-0.09233661101822088,-1.2987696893264482,111
dmw=11681,10,0.0,-0.05874125589117059,-1.0522466107306805,29
dmw=11682,3,0.38002594033722437,-0.07981668058702324,-1.6330613670343042,771
dmw=11682,0,0.3553868402024584,-0.05100076969647199,-1.2141064611830632,2766
dmw=11687,12,0.6477272727272727,-0.18079026288314115,-2.5679626726210842,88
dmw=11687,16,0.6301369863013698,-0.1572121408504813,-2.2290964846513583,73
dmw=11688,9,0.6200716845878136,-0.20499647898804796,-2.9513409959810737,279
dmw=11688,12,0.75,-0.1190854285301236,-1.7529506899565206,212
dmw=11689,12,0.6666666666666666,-0.2016103178998948,-2.59908404124808,249
dmw=11689,11,0.7379679144385026,-0.15238554591646714,-1.9184198619383186,187
dmw=11689,9,0.7004950495049505,-0.12354788163343511,-1.5196619946793548,404
dmw=11690,9,0.7068493150684931,-0.14353748176268089,-2.703698701844633,365
dmw=11690,12,0.7835497835497836,-0.1053414036476692,-1.9138253882128249,231
dmw=11690,10,0.8228228228228228,-0.06135191498453507,-1.0041476178748592,333
dmw=11691,9,0.5828877005347594,-0.2375049803153242,-3.4749627478901717,187
dmw=11692,9,0.5843373493975904,-0.24201446649224445,-3.052378804556937,166
dmw=11692,12,0.7450980392156863,-0.1249988970182413,-1.5142255590366234,51
dmw=11693,13,0.2857142857142857,-0.44732979731585354,-1.9277877810583717,35
dmw=11693,6,0.3068181818181818,-0.405332290304596,-1.7345430888713187,88
dmw=11694,16,0.7,-0.1437885517955072,-2.54409208171943,70
dmw=11694,10,0.7597402597402597,-0.11082158004420894,-1.9633512979938195,154
dmw=11696,6,0.5557620817843866,-0.18095533883151094,-2.3762054741827194,538
dmw=11696,13,0.6390977443609023,-0.11733996099283472,-1.5318934971398628,133
dmw=11696,10,0.6046511627906976,-0.0941187775516088,-1.2236987812292623,129
dmw=11707,13,0.18333333333333332,-0.12766706895345517,-1.819221750378245,120
dmw=11707,14,0.2857142857142857,-0.07868021465044911,-1.2083825042106737,70
dmw=11712,9,0.6859504132231405,-0.09485680162820609,-2.1664732319431126,121
dmw=11713,8,0.3333333333333333,-0.21921253643513255,-1.456602776568782,78
dmw=11713,4,0.3236151603498542,-0.20669844398563936,-1.3587582789958232,343
dmw=11713,12,0.3275862068965517,-0.16999048046949644,-1.07174807336889,58
dmw=11714,9,0.64,-0.20000510143268546,-2.3433728179153284,100
dmw=11714,16,0.6538461538461539,-0.19607157227452887,-2.293977349546185,52
dmw=11715,9,0.6170212765957447,-0.22244081966318663,-3.320303993720292,188
dmw=11724,9,0.7151898734177216,-0.1540615785810887,-2.8646566667388873,158
dmw=11724,13,0.8582089552238806,-0.0645965714087966,-1.2654028034941582,134
dmw=11731,9,0.6164383561643836,-0.24062137575357279,-3.06598252782731,146
dmw=11731,12,0.765625,-0.12843572137554315,-1.4716941191188158,64
dmw=11732,16,0.6666666666666666,-0.17012203474992338,-2.2670975231062496,48
dmw=11732,12,0.7265625,-0.14340403072438246,-1.890858450310529,128
dmw=11732,9,0.7009345794392523,-0.125251689105481,-1.6352397980624824,214
dmw=11733,9,0.6692913385826772,-0.14446171691356036,-2.9956808436299003,127
dmw=11733,1,0.8031704095112285,-0.05273724413600245,-1.3978400291520041,757
dmw=11734,9,0.6031390134529148,-0.20950087433326614,-3.4985674099050406,446
dmw=11734,10,0.7802690582959642,-0.07321462212167851,-1.157956278864777,223
dmw=11735,12,0.8373015873015873,-0.05492732545155965,-1.8594886520136296,252
dmw=11735,16,0.8117647058823529,-0.05207758343807034,-1.7664501633656828,170
dmw=11736,9,0.5232067510548524,-0.32775731348827664,-3.0970981322614524,237
dmw=11736,16,0.6904761904761905,-0.16983443682235533,-1.480171950399399,84
dmw=11736,10,0.7432432432432432,-0.14139608007111837,-1.1889999266179245,222
dmw=11737,16,0.5769230769230769,-0.23985268429731021,-3.374875991894806,104
dmw=11737,11,0.7836734693877551,-0.09386651869495544,-1.238302124374532,245
dmw=11738,9,0.6739130434782609,-0.1882420080265652,-3.5526217444335915,184
dmw=11740,9,0.5894736842105263,-0.23649101544075024,-3.088531778525657,95
dmw=11740,16,0.7021276595744681,-0.13445031499687776,-1.6970776406029664,47
dmw=11741,16,0.6444444444444445,-0.20284094349122606,-3.0012799085186863,45
dmw=11741,9,0.7452830188679245,-0.09194917990885032,-1.3464763287326353,212
dmw=11745,9,0.6790123456790124,-0.16036949127789057,-2.7580681816796724,243
dmw=11745,15,0.8205128205128205,-0.0985186920337151,-1.6401254923679842,39
dmw=11745,12,0.8082191780821918,-0.072100683722507,-1.1626244799542804,73
dmw=11746,16,0.6741573033707865,-0.16903089338831867,-2.629011060820729,89
dmw=11746,11,0.8009259259259259,-0.09537917458497558,-1.3733925394294841,216
dmw=11746,12,0.78125,-0.09400905367524703,-1.350034643391863,96
dmw=11747,9,0.6073619631901841,-0.20558149329683617,-3.247489272893685,163
dmw=11748,14,0.5625,-0.3539966662371311,-2.70392232862307,48
dmw=11748,9,0.5935483870967742,-0.23421129871688162,-1.7314179948430968,155
dmw=11748,12,0.6666666666666666,-0.20453874985602483,-1.4905147613442051,60
dmw=11749,16,0.5777777777777777,-0.1502574009311074,-2.472397874215521,45
dmw=11749,1,0.7129943502824859,-0.05838414821331506,-1.1270024055124064,2655
dmw=11750,10,0.8009708737864077,-0.06003852504016394,-1.8227253533818069,206
dmw=11750,9,0.7700831024930748,-0.05174245557099888,-1.5961815723917214,361
dmw=11751,9,0.5961538461538461,-0.16342680731676318,-2.3251670709358465,260
dmw=11751,16,0.6185567010309279,-0.15457359202698362,-2.2016529525551105,97
dmw=11752,16,0.6161616161616161,-0.23798928553780063,-3.6673215040341116,99
dmw=11753,9,0.60790273556231,-0.20815572628916224,-3.321777330004275,329
dmw=11754,9,0.6385542168674698,-0.1852258592494952,-3.4389198906462117,166
dmw=11759,9,0.5632911392405063,-0.14318041913512647,-2.6195935262549344,158
dmw=11759,1,0.6967462039045553,-0.06917706279053781,-1.3847861082326376,2305
dmw=11759,11,0.75,-0.056695939728326095,-1.1765282115136713,144
dmw=11760,16,0.5,-0.34943227949077527,-3.69239442613533,58
dmw=11761,11,0.8121212121212121,-0.07376648977645806,-1.6342989893618203,165
dmw=11761,16,0.76,-0.06845586999032793,-1.5053568230886203,50
dmw=11761,12,0.8,-0.063050382451875,-1.3741112621107345,100
dmw=11762,9,0.6341463414634146,-0.17295123885669772,-2.774395847283839,246
dmw=11762,14,0.7894736842105263,-0.11578750704020158,-1.8570280320805077,38
dmw=11763,16,0.6533333333333333,-0.11520427444801018,-2.453627581052611,75
dmw=11763,1,0.7550626808100289,-0.05207330538020105,-1.2581558973622615,2074
dmw=11764,16,0.4444444444444444,-0.27441230910119785,-2.925133170400715,81
dmw=11764,11,0.648854961832061,-0.15545959369367657,-1.7386990586787123,131
dmw=11765,16,0.52,-0.2819105101625168,-3.097490377112713,75
dmw=11766,11,0.5806451612903226,-0.3191393722100433,-2.889549749282987,62
dmw=11766,9,0.6204379562043796,-0.21770277425402784,-1.8956719371730433,137
dmw=11767,16,0.42857142857142855,-0.27332001590058724,-2.5343340840833073,28
dmw=11767,11,0.5897435897435898,-0.20126326757525737,-1.867498310674839,39
dmw=11767,12,0.6458333333333334,-0.10861103252626902,-1.0100654365467034,96
dmw=11768,9,0.5681818181818182,-0.2599965695939255,-3.1166105988907344,176
dmw=11768,11,0.7449392712550608,-0.1481932861351749,-1.7388039765264685,247
dmw=11769,10,0.7373737373737373,-0.14357038212492623,-2.7878014967215816,99
dmw=11769,16,0.7741935483870968,-0.08176946860300194,-1.533545396547662,93
dmw=11770,16,0.6290322580645161,-0.2227275964126607,-3.520961845942678,62
dmw=11770,9,0.7694704049844237,-0.07247586762434954,-1.0918270709196245,321
dmw=11771,9,0.6074766355140186,-0.22373948329574334,-2.7693209828178955,428
dmw=11771,16,0.6666666666666666,-0.17490390488818264,-2.135988802770642,81
dmw=11772,16,0.6461538461538462,-0.21266001526336475,-2.301430150120282,65
dmw=11772,9,0.6548672566371682,-0.1945174269913399,-2.0953964607076143,113
dmw=11772,11,0.7397260273972602,-0.1674942518020266,-1.7885116656376512,73
dmw=11773,9,0.6877637130801688,-0.19409609170396303,-3.6517595394809,237
dmw=11774,9,0.5175438596491229,-0.232133493841452,-2.895071401818857,114
dmw=11774,16,0.620253164556962,-0.1433582658355742,-1.7894862683168873,79
dmw=11775,12,0.7222222222222222,-0.17093917226161415,-2.459064247170601,36
dmw=11775,9,0.6896551724137931,-0.16624175505436023,-2.386544998567268,58
dmw=11775,11,0.8307692307692308,-0.08072319528789773,-1.0662999740618615,65
dmw=11776,9,0.54,-0.30598575386976135,-3.2016102843418914,150
dmw=11776,16,0.6538461538461539,-0.201745388475705,-2.045267050437872,52
dmw=11777,10,0.7085427135678392,-0.15006288163391712,-2.287728338565966,199
dmw=11777,16,0.7,-0.12984262623015708,-1.9803556572768994,60
dmw=11777,9,0.7031802120141343,-0.11570641751585953,-1.765467947452645,283
dmw=11778,9,0.6844444444444444,-0.15316753921103732,-2.9664169414864054,225
dmw=11778,16,0.7857142857142857,-0.06193169862617354,-1.2778130372708512,42
dmw=11779,9,0.7102803738317757,-0.12101331253453484,-3.021559410489947,214
dmw=11780,16,0.5465116279069767,-0.21534224824753123,-2.8400559893802777,86
dmw=11780,10,0.6829268292682927,-0.1164035500072611,-1.5901858343012631,123
dmw=11786,16,0.65,-0.18566012633960982,-3.2655297638561693,60
dmw=11787,9,0.6065573770491803,-0.1656467425404955,-2.3306088289612465,61
dmw=11787,16,0.6333333333333333,-0.15191013311375035,-2.1465051204647856,60
dmw=11789,9,0.36065573770491804,-0.36809303044381675,-3.0008066496990318,61
dmw=11789,11,0.5970149253731343,-0.22625457316313635,-1.8415238348765974,67
dmw=11790,12,0.6326530612244898,-0.26766751490144236,-3.488811846983661,98
dmw=11791,12,0.6415094339622641,-0.24174888087622404,-2.614697479690442,53
dmw=11791,9,0.6785714285714286,-0.1645749018368915,-1.6960599561612355,140
dmw=11791,13,0.7623762376237624,-0.1438633847645202,-1.4495212006281166,101
dmw=11792,9,0.5757575757575758,-0.26686218390161665,-3.6109662760039742,528
dmw=11793,1,0.6649484536082474,-0.09649590331321833,-2.0461788316328673,970
dmw=11793,10,0.6911764705882353,-0.06804645481510585,-1.527726145262836,68
dmw=11793,6,0.7392996108949417,-0.05252404272427358,-1.2448511978638177,514
dmw=11794,11,0.7111111111111111,-0.17121329685790532,-2.2062746913105715,90
dmw=11794,16,0.6551724137931034,-0.16828417605346713,-2.169005026851556,87
dmw=11795,12,0.765625,-0.094248505212844,-2.387492815943895,64
dmw=11796,9,0.5263157894736842,-0.26829831702614915,-3.2040798913142434,76
dmw=11796,14,0.8,-0.09833004039500437,-1.1618152310911316,10
dmw=11797,11,0.774468085106383,-0.12167773459977127,-2.2829049639490133,235
dmw=11797,9,0.7171717171717171,-0.11550828993817464,-2.165010320080732,99
dmw=11798,9,0.7321428571428571,-0.09297004761043537,-2.655452381643812,112
dmw=11799,14,0.6470588235294118,-0.24466848060226232,-3.178250168327336,51
dmw=11800,16,0.6145833333333334,-0.22226195369567026,-3.1852651912532806,96
dmw=11800,10,0.7741935483870968,-0.09042410902925901,-1.3783574047128428,186
dmw=11801,16,0.6197183098591549,-0.1940839025543032,-3.037757312754822,71
dmw=11803,11,0.7299270072992701,-0.1499865226424476,-2.37023543530659,137
dmw=11803,12,0.7555555555555555,-0.10051928695368195,-1.584739872135036,90
dmw=11803,16,0.7352941176470589,-0.08479146608703292,-1.3349961106918327,34
dmw=11805,14,0.6842105263157895,-0.212424199513373,-2.29240172442867,19
dmw=11805,10,0.6790123456790124,-0.15708520377484747,-1.6489629634358345,81
dmw=11805,9,0.6582278481012658,-0.13336273510650765,-1.3731365657221952,79
dmw=11805,16,0.6829268292682927,-0.12087534223920104,-1.227942882907007,41
dmw=11807,10,0.7794117647058824,-0.10338524793516501,-2.2842590663927034,204
dmw=11807,9,0.7586206896551724,-0.09005526375999806,-1.987387166976388,174
dmw=11808,16,0.6691729323308271,-0.18347200933035002,-2.926897120754099,133
dmw=11808,9,0.7015945330296127,-0.14128461156230065,-2.2315083506623714,439
dmw=11809,11,0.7142857142857143,-0.19559035810837888,-2.952727602502993,91
dmw=11809,15,0.8214285714285714,-0.10529207307311872,-1.4996096937441123,84
dmw=11809,16,0.7868852459016393,-0.07576024374858403,-1.0243710992000958,61
dmw=11810,16,0.5614035087719298,-0.28488296548180014,-2.633868862608872,57
dmw=11810,9,0.6159420289855072,-0.22023821187501458,-1.9914452335039827,138
dmw=11810,11,0.7349397590361446,-0.16354049590438735,-1.4279973058134476,83
dmw=11811,11,0.65,-0.20676486270818162,-3.083925155464081,20
dmw=11812,9,0.6812080536912751,-0.15195712024766472,-3.123391871299764,298
dmw=11812,11,0.8206896551724138,-0.07578018453542823,-1.5144311681838245,290
dmw=11813,9,0.6538461538461539,-0.16573376736932932,-3.14059387971124,286
dmw=11813,16,0.7560975609756098,-0.07440509874215662,-1.3512122310995722,41
dmw=11814,9,0.7142857142857143,-0.1543201779165717,-3.1149733278337295,126
dmw=11814,15,0.88,-0.05488769091549772,-1.0664987143668447,25
dmw=11815,16,0.5942028985507246,-0.2422542984689352,-3.4757229307756483,69
dmw=11816,9,0.5384615384615384,-0.32828834167568066,-3.798200860570611,156
dmw=11817,9,0.6345177664974619,-0.19899987003142117,-3.402013564662966,197
dmw=11829,16,0.6703296703296703,-0.13553849908263915,-2.789332593606814,91
dmw=11830,15,0.7692307692307693,-0.14575842600120703,-2.3462974951192526,26
dmw=11830,11,0.7941176470588235,-0.10163364784768081,-1.6072126694705897,68
dmw=11830,9,0.7308970099667774,-0.1011925503179879,-1.599824337914727,301
dmw=11831,9,0.6923076923076923,-0.11940587741554409,-2.355303494934845,247
dmw=11831,12,0.7569444444444444,-0.10157050014128433,-2.0028111039649175,144
dmw=11831,11,0.8305084745762712,-0.05149670353744651,-1.013169448595943,118
dmw=11833,16,0.6748466257668712,-0.1636472667108676,-2.6881304406495317,163
dmw=11833,9,0.6850152905198776,-0.14296416910416754,-2.3600543243993632,654
dmw=11834,9,0.6655172413793103,-0.1778770714369764,-2.8805466978293497,290
dmw=11834,12,0.7885714285714286,-0.09488021849866324,-1.5016564584247363,175
dmw=11834,16,0.7590361445783133,-0.09409752449114916,-1.4886529638439985,83
dmw=11835,16,0.7238805970149254,-0.11640715330553941,-2.4906826055495306,134
dmw=11835,11,0.8338983050847457,-0.06036561604313928,-1.284938710584231,295
dmw=11835,9,0.7710526315789473,-0.05881377430930268,-1.2515505526583557,380
dmw=11836,9,0.7609561752988048,-0.09821159243533051,-2.9988854239106857,251
dmw=11837,11,0.8317535545023697,-0.06808839524649613,-2.51156063153996,422
dmw=11839,16,0.48,-0.3156877592819194,-2.977552286513721,25
dmw=11839,9,0.6280487804878049,-0.15505861925622755,-1.4732003684420323,164
dmw=11839,10,0.7009345794392523,-0.12810014636469225,-1.2207241963341682,107
dmw=11840,9,0.6559139784946236,-0.1942201011799014,-2.8500303903783526,186
dmw=11840,16,0.7439024390243902,-0.11562166210557168,-1.6991147499947516,164
dmw=11840,11,0.8351063829787234,-0.07260679362793188,-1.0692487439645124,188
dmw=11841,13,0.48,-0.21915691333114218,-2.087526327946812,75
dmw=11841,4,0.5334821428571429,-0.14120805125935432,-1.246657819825282,448
dmw=11841,8,0.5675675675675675,-0.1264638382507315,-1.0876055377718414,111
dmw=11844,14,0.21153846153846154,-0.33557960105364315,-2.3628219645455184,52
dmw=11845,16,0.6363636363636364,-0.16361889008801367,-2.265342150729292,33
dmw=11845,9,0.6299212598425197,-0.15767476140482106,-2.1845898464404994,127
dmw=11849,9,0.42528735632183906,-0.3600118819090417,-3.020718506928392,87
dmw=11849,16,0.5737704918032787,-0.2240148016749396,-1.839018133230875,61
dmw=11850,9,0.7277070063694268,-0.09573406868087375,-2.6556278969970943,628
dmw=11850,16,0.7700534759358288,-0.06412387619265536,-1.8711974825618956,187
dmw=11851,9,0.6487455197132617,-0.20013269177129545,-3.353361603520343,558
dmw=11851,10,0.8269230769230769,-0.05603687740674601,-1.0118285794700843,260
dmw=11852,16,0.7929292929292929,-0.06766854865618643,-2.123823312747911,198
dmw=11852,12,0.8380281690140845,-0.051546243090428434,-1.6605681021557095,284
dmw=11853,16,0.5826086956521739,-0.2511849860626191,-3.7875590563846564,230
dmw=11855,16,0.75,-0.09442358750617408,-2.4733463639995974,48
dmw=11855,9,0.7773109243697479,-0.05690794298752666,-1.6348806304529309,238
dmw=11856,15,0.6,-0.2612751247646503,-3.4548729060985797,10
dmw=11857,16,0.5966386554621849,-0.18850110675771026,-3.1566963059720146,119
dmw=11857,9,0.6875,-0.08459594624948208,-1.4667144896576219,288
dmw=11858,9,0.6336633663366337,-0.1867128737253536,-3.304848129545382,303
dmw=11859,16,0.6781609195402298,-0.12054896916387725,-2.649839988181872,87
dmw=11859,1,0.7783851976450799,-0.054982492572851926,-1.4049835137669806,2378
dmw=11860,16,0.5526315789473685,-0.3189969029243901,-3.5442995857561126,76
dmw=11860,9,0.7472527472527473,-0.11566578164422403,-1.1262620705621993,273
dmw=11861,9,0.6484848484848484,-0.10215029350876392,-1.9604351770810013,165
dmw=11861,16,0.6981132075471698,-0.06641944228728525,-1.3706098938297726,53
dmw=11861,1,0.748974569319114,-0.05465367297333468,-1.1763870309247362,1219
dmw=11862,16,0.5211267605633803,-0.2538927162656428,-2.9801172377056684,71
dmw=11862,11,0.7093023255813954,-0.13773598975751722,-1.671830707030378,86
dmw=11863,11,0.8031088082901554,-0.07804535041063043,-2.4630053776729017,193
dmw=11864,9,0.5526315789473685,-0.25787348559769185,-2.8404168974988555,228
dmw=11864,16,0.6228070175438597,-0.19905076685270906,-2.182728495399968,114
dmw=11865,11,0.7070707070707071,-0.17199129551706138,-2.4807208134641576,99
dmw=11865,10,0.7412587412587412,-0.10791528283628005,-1.511248918242805,143
dmw=11865,12,0.7608695652173914,-0.09421255093342873,-1.3039261946247074,46
dmw=11866,12,0.5833333333333334,-0.22379915398819494,-2.682621171787786,48
dmw=11866,9,0.6440677966101694,-0.10424942598639964,-1.2743046893332168,118
dmw=11867,16,0.7380952380952381,-0.10189876779273666,-2.6714697268644163,126
dmw=11869,9,0.6578947368421053,-0.18148554256770733,-3.0129054241858566,76
dmw=11869,11,0.8117647058823529,-0.08884327886225873,-1.491171339172552,85
dmw=11870,9,0.7181628392484343,-0.10682815425042036,-2.797427581705359,479
dmw=11871,1,0.7577788415509813,-0.06763890154704688,-1.6160732814029384,2089
dmw=11871,11,0.7904761904761904,-0.06727581136519278,-1.6092630150812317,105
dmw=11871,10,0.7619047619047619,-0.06174930492072661,-1.5056056247236878,189
dmw=11871,16,0.7384615384615385,-0.051062507068088014,-1.3051597213641872,130
dmw=11872,11,0.7702702702702703,-0.09585942008037174,-2.408167637731271,148
dmw=11873,9,0.5964912280701754,-0.2152513475389367,-2.5307216514258775,114
dmw=11873,11,0.7297297297297297,-0.1522951995434868,-1.8249723467130852,148
dmw=11874,9,0.6963562753036437,-0.1372528375134765,-2.819169088431538,247
dmw=11874,16,0.75,-0.09384434078856863,-1.932189127815279,32
dmw=11875,16,0.15,-0.6640083377516356,-3.3176432423170934,20
dmw=11875,15,0.6,-0.2980921251934553,-1.3420243984181983,20
dmw=11875,14,0.6666666666666666,-0.2359302807101551,-1.0064062784279721,12
dmw=11876,16,0.5681818181818182,-0.25985631858687164,-3.0969025029820836,44
dmw=11876,10,0.7659574468085106,-0.09109614224056661,-1.1744570907684568,94
dmw=11877,9,0.605,-0.21780108854843416,-3.466870970986593,400
dmw=11880,1,0.8158490566037736,-0.05257766735452951,-1.9262467442975753,2650
dmw=11881,13,0.8102189781021898,-0.07970520283298344,-2.025220772279396,137
dmw=11881,1,0.7807909604519774,-0.07861408820368632,-2.0016346927801045,1770
dmw=11881,16,0.7727272727272727,-0.05632459826305847,-1.5198139311274321,22
dmw=11882,11,0.7065217391304348,-0.17925891467319655,-2.399748602442144,92
dmw=11882,9,0.6825396825396826,-0.13473252387774426,-1.7943601469697343,126
dmw=11882,16,0.7241379310344828,-0.10416745623169177,-1.3787922385206328,29
dmw=11884,9,0.5952380952380952,-0.251849359570566,-3.54560241109661,126
dmw=11885,16,0.6354166666666666,-0.2237539827266617,-3.5052710780531138,96
dmw=11886,16,0.5517241379310345,-0.24553565170050473,-2.396010635748654,29
dmw=11886,11,0.7,-0.16341393795875991,-1.4829039487215296,140
dmw=11886,10,0.6794871794871795,-0.15091768481848555,-1.3439588173394506,156
dmw=11886,12,0.7108433734939759,-0.12606359405901424,-1.0676075889198702,83
dmw=11887,9,0.6657681940700808,-0.1730327039475099,-3.106096151410106,371
dmw=11887,11,0.8375350140056023,-0.06268819428173367,-1.1400569462459758,357
dmw=11888,9,0.7385931558935361,-0.10842792568568937,-2.3328763062882367,1052
dmw=11888,11,0.8303249097472925,-0.07533857627488161,-1.5948618121757174,831
dmw=11888,16,0.790273556231003,-0.0662996885031144,-1.3932612879888697,329
dmw=11889,9,0.6644067796610169,-0.1661107681672851,-3.4341293380665077,295
dmw=11890,1,0.7789095266626722,-0.0735401372031943,-1.9513698315469157,1669
dmw=11890,11,0.8194444444444444,-0.06105772777699947,-1.6437067290930438,144
dmw=11890,12,0.7964601769911505,-0.0603011385872112,-1.6250585202845078,113
dmw=11898,16,0.45,-0.27185003696540205,-2.969449338343209,20
dmw=11898,1,0.6723338485316847,-0.09352822672945205,-1.1101571739788374,647
dmw=11903,9,0.600896860986547,-0.2335836332910698,-2.6771277726099343,223
dmw=11903,16,0.6363636363636364,-0.20830847211448011,-2.360982477159093,55
dmw=11904,9,0.7450980392156863,-0.07752148953602667,-1.9986609340740777,357
dmw=11904,11,0.8285714285714286,-0.06082304788847226,-1.5754122606858283,315
dmw=11904,10,0.8073394495412844,-0.05431870393255378,-1.4105492747432709,218
dmw=11905,9,0.5701754385964912,-0.22689073742010535,-3.3320330983008226,114
dmw=11908,9,0.6741071428571429,-0.11286672897139804,-1.9160278755054687,224
dmw=11908,10,0.7340425531914894,-0.09821528635414556,-1.6757442422062498,94
dmw=11909,16,0.717948717948718,-0.14535386887226653,-2.2180571466546506,39
dmw=11909,9,0.7178217821782178,-0.13630048759054458,-2.078343825115337,202
dmw=11909,10,0.8095238095238095,-0.07765472088441461,-1.1733123671698615,63
dmw=11910,16,0.676056338028169,-0.1573123557330015,-2.909648892717757,71
dmw=11910,1,0.8074807480748075,-0.05560122290724645,-1.0999398625224839,1818
dmw=11911,9,0.5666666666666667,-0.1848767700161814,-3.0835338491483624,120
dmw=11912,16,0.6,-0.14508877789857344,-2.5820806086365806,25
dmw=11912,1,0.730732635585157,-0.05577859341032532,-1.2679176054153847,1051
dmw=11913,9,0.6981132075471698,-0.07612073124991825,-1.9016484648466736,159
dmw=11913,1,0.7732680195941217,-0.05012391305106756,-1.3877282404495166,1429
dmw=11914,9,0.7120418848167539,-0.07331350741650866,-1.8120202610771703,191
dmw=11914,11,0.8045977011494253,-0.05923874578251598,-1.511912721173845,87
dmw=11915,9,0.7218543046357616,-0.10121788846192314,-2.4102126698135584,302
dmw=11915,14,0.8469945355191257,-0.06697862018391698,-1.6163649831176035,183
dmw=11916,16,0.6538461538461539,-0.14115861091120174,-2.214864642310544,104
dmw=11916,10,0.7098765432098766,-0.11856262792155414,-1.8261489209576822,324
dmw=11916,9,0.6865079365079365,-0.09588591511313882,-1.4360444151579848,252
dmw=11918,16,0.676923076923077,-0.1534476523022048,-2.2861177151256524,65
dmw=11918,9,0.6875,-0.13194133724474733,-1.9645330659077982,240
dmw=11918,11,0.8131868131868132,-0.07406191588931621,-1.0990601402210496,182
dmw=11919,10,0.6509433962264151,-0.1706558650515262,-2.984040209181486,106
dmw=11919,1,0.764261744966443,-0.05911733638656802,-1.2483064580287981,1192
dmw=11920,11,0.7967914438502673,-0.072972913787262,-1.9572856166045358,187
dmw=11920,10,0.7808988764044944,-0.057103176558249036,-1.5940907978069487,178
dmw=11921,16,0.6612903225806451,-0.15656091093741287,-2.7798330122536283,124
dmw=11921,14,0.8235294117647058,-0.08129405889768393,-1.374745345560535,85
dmw=11922,16,0.5454545454545454,-0.21584955382303106,-3.272743562055752,99
dmw=11923,11,0.678343949044586,-0.19270720417266174,-2.5091094471973636,314
dmw=11923,16,0.6611570247933884,-0.1466154566832868,-1.8723389573760127,121
dmw=11923,9,0.6824034334763949,-0.11334178150403496,-1.4126537513218727,233
dmw=11924,1,0.6865828092243187,-0.060505744114562665,-1.8772389345590712,954
dmw=11925,16,0.5769230769230769,-0.14718251308767694,-2.3017870147410764,26
dmw=11925,12,0.6666666666666666,-0.107336670468403,-1.7451272079807023,54
dmw=11926,16,0.725925925925926,-0.10610757270572313,-2.735281810965414,135
dmw=11927,9,0.6059479553903345,-0.2314569111526188,-3.7773325410866163,269
dmw=11928,15,0.7868852459016393,-0.1416391566151074,-2.2260526076037155,61
dmw=11928,9,0.7189542483660131,-0.13780326316549873,-2.160644870467219,153
dmw=11928,10,0.8,-0.08929401891538769,-1.3334894923831213,140
dmw=11929,14,0.8243243243243243,-0.09728436394029127,-1.8533641586648426,222
dmw=11929,16,0.7516778523489933,-0.0957098760816999,-1.8175646347693517,149
dmw=11929,12,0.7853881278538812,-0.09333511090940749,-1.7635690056079298,219
dmw=11929,10,0.8127572016460906,-0.06087932751970493,-1.0256137481783596,486
dmw=1193,16,0.09375,-0.2640350723865789,-2.3583563883026337,32
dmw=1193,11,0.27419354838709675,-0.19825777051041732,-1.7208715406539685,62
dmw=11930,16,0.6555555555555556,-0.1854947740329087,-3.0126714003896837,90
dmw=11930,15,0.7936507936507936,-0.12054671216792567,-1.9417746267631057,63
dmw=11931,16,0.4791666666666667,-0.27967170754783505,-3.3790803852618154,48
dmw=11932,9,0.6833333333333333,-0.1785810044484447,-3.2340763215137,240
dmw=11932,16,0.7962962962962963,-0.07438223715009029,-1.3064063308073126,108
dmw=11933,9,0.4111111111111111,-0.3470714571529192,-2.8776936825779766,90
dmw=11933,16,0.5909090909090909,-0.18087823748161502,-1.459572918401322,22
dmw=11933,10,0.6463414634146342,-0.16175292389602614,-1.296377305663599,82
dmw=11934,10,0.45794392523364486,-0.06417630557317938,-1.3476368933495415,107
dmw=11934,9,0.3902439024390244,-0.058339663335476244,-1.2518714443335188,82
dmw=11940,9,0.6877323420074349,-0.21213817094153342,-3.4729642365406725,269
dmw=11941,9,0.6029411764705882,-0.21998726500710963,-3.0086656609754283,136
dmw=11941,12,0.7333333333333333,-0.13406424989016752,-1.8182230299690882,45
dmw=11944,9,0.6149425287356322,-0.1381875703023563,-2.467869937430342,174
dmw=11944,4,0.7275747508305648,-0.10280203560483914,-1.8819267944192495,602
dmw=11947,10,0.7195121951219512,-0.07981000268780791,-1.8867667732904645,164
dmw=11948,16,0.7070707070707071,-0.16037635109313464,-2.6241751795210724,99
dmw=11948,10,0.7661290322580645,-0.12456174128583652,-2.020167518977213,124
dmw=11948,11,0.8392857142857143,-0.07390700914167225,-1.165883571099667,168
dmw=11949,9,0.7617328519855595,-0.06302152833604857,-1.9397634217472606,277
dmw=11950,16,0.5806451612903226,-0.24852886267151175,-2.891255612253498,31
dmw=11950,9,0.6912751677852349,-0.12690924190392483,-1.444837125566628,149
dmw=11950,10,0.7433628318584071,-0.11466784465955182,-1.2992505568420383,113
dmw=11953,14,0.7307692307692307,-0.17066609261519405,-2.715348009868779,26
dmw=11953,1,0.7779291553133515,-0.0668937847841643,-1.1944415711916057,1468
dmw=11953,16,0.7555555555555555,-0.056454699662959684,-1.0414443785244525,45
dmw=11954,14,0.8,-0.10454744030671559,-2.550594164771661,25
dmw=11954,9,0.7473684210526316,-0.05843450459756516,-1.5786440484624278,190
dmw=11955,9,0.7427652733118971,-0.07434817055217291,-2.187778480607063,311
dmw=11955,16,0.7606837606837606,-0.06747043452268886,-2.010572118664425,117
dmw=11956,16,0.5816326530612245,-0.1816088505342699,-2.988368044712668,98
dmw=11956,1,0.7401352874859075,-0.06236080287374601,-1.1927911541834118,1774
dmw=11956,14,0.8214285714285714,-0.05078608115119754,-1.0185048388344087,28
dmw=11957,10,0.7007299270072993,-0.07289451329228003,-1.7158964345439731,137
dmw=11957,1,0.7133620689655172,-0.06239017818479986,-1.544422578949216,1392
dmw=11957,16,0.68,-0.052951060327491195,-1.3903374402093585,50
dmw=11958,16,0.6666666666666666,-0.16295876736468595,-2.4026983751810476,54
dmw=11958,11,0.7789473684210526,-0.10777187640296582,-1.5931372938818056,95
dmw=11959,1,0.5912806539509536,-0.10657323368252813,-1.9657728725217445,734
dmw=11961,16,0.6666666666666666,-0.1219913882490753,-2.2642137039716266,54
dmw=11961,9,0.6878306878306878,-0.08793614043840814,-1.7088141871321347,189
dmw=11962,1,0.6263208453410183,-0.10321470991730897,-2.0932850769302145,1041
dmw=11962,9,0.5862068965517241,-0.0786786644593982,-1.7458974102207792,58
dmw=11963,1,0.6138364779874214,-0.11379844681888807,-2.0485780866775904,795
dmw=11963,10,0.6421052631578947,-0.08310701270590626,-1.6572752001136137,95
dmw=11964,16,0.6060606060606061,-0.24639620048441835,-3.3940853271722116,66
dmw=11964,9,0.7701149425287356,-0.07256589901518296,-1.0526061870477683,174
dmw=11965,11,0.6907216494845361,-0.1891937896514988,-2.5138986246046744,97
dmw=11965,16,0.6595744680851063,-0.16051378153557194,-2.1134393134333385,47
dmw=11966,16,0.559322033898305,-0.13276938518139692,-1.8426647409823946,59
dmw=11966,1,0.6545784224841342,-0.08453195494042487,-1.2909363364297282,1103
dmw=11966,8,0.7142857142857143,-0.07099468019307487,-1.1361001654099345,91
dmw=11967,16,0.4166666666666667,-0.22798053990598838,-2.3922189334309167,48
dmw=11967,11,0.625,-0.11964944963665769,-1.417939848988841,56
dmw=11967,1,0.600891861761427,-0.09483404290885389,-1.194761704222517,897
dmw=11968,16,0.3333333333333333,-0.4158385916648916,-3.464206292674824,27
dmw=11968,10,0.6578947368421053,-0.13019430501508933,-1.0569547866761932,114
dmw=11969,9,0.6875,-0.11991431682554721,-2.9974221082913424,144
dmw=11970,16,0.625,-0.1661260523383613,-3.080512287683028,144
dmw=11971,16,0.49056603773584906,-0.23670196663817877,-3.017724013373125,53
dmw=11971,1,0.6986301369863014,-0.07206494335426794,-1.0501672369401978,2117
dmw=11972,9,0.621160409556314,-0.19488827049927104,-2.7992428160696465,293
dmw=11972,16,0.7244897959183674,-0.10265031641202438,-1.4330341435161598,98
dmw=11972,11,0.7962962962962963,-0.0886549810859224,-1.225738256622042,216
dmw=11973,16,0.6363636363636364,-0.1789308276149323,-2.690345774793367,77
dmw=11973,10,0.719047619047619,-0.12701280834348438,-1.9296896764872467,210
dmw=11974,9,0.7322834645669292,-0.059585757080528934,-1.6943766414927894,127
dmw=11974,16,0.7523809523809524,-0.051687572061234754,-1.5072733458608074,105
dmw=11974,1,0.7877578176979375,-0.05023301433894212,-1.4728157403649786,1503
dmw=11975,16,0.6461538461538462,-0.15160375726055908,-2.4938982705730472,65
dmw=11975,9,0.6962962962962963,-0.08897400230128871,-1.4779878196860263,270
dmw=11975,14,0.8181818181818182,-0.07488790257751565,-1.2494987264279718,88
dmw=11977,9,0.7231040564373897,-0.09958596054910185,-1.8205978976137804,567
dmw=11977,11,0.7904328018223234,-0.09900919382985385,-1.8093293505371189,439
dmw=11977,16,0.7528089887640449,-0.080653739295939,-1.4507106982705322,178
dmw=11977,12,0.8088235294117647,-0.05838584444629591,-1.0156529651570234,340
dmw=11978,16,0.5523809523809524,-0.2788264304315843,-3.1019688947014594,105
dmw=11978,9,0.6920529801324503,-0.12826725261736172,-1.382252114107302,302
dmw=11979,16,0.5616438356164384,-0.2714923494419752,-3.3331134459936393,73
dmw=11979,10,0.7791411042944786,-0.08229427683853197,-1.0081634130132027,163
dmw=11980,16,0.6972477064220184,-0.1409545719856814,-3.101122968099044,109
dmw=11980,11,0.8407079646017699,-0.052085367164826146,-1.1658977744871626,226
dmw=11981,16,0.6532258064516129,-0.17164369222392228,-2.967358269905662,124
dmw=11981,9,0.709375,-0.10429019506408554,-1.8006570362276102,320
dmw=11982,11,0.7843137254901961,-0.10029024042791068,-2.692516216865642,153
dmw=11983,16,0.5533980582524272,-0.2874190384210751,-3.4256468671295153,103
dmw=11984,9,0.6227544910179641,-0.2001872181052241,-3.40921117624687,167
dmw=11984,1,0.8094462540716613,-0.05391951999876432,-1.1546845993685173,1842
dmw=11985,16,0.48717948717948717,-0.28367528213976306,-3.2461398255523886,39
dmw=11986,16,0.6,-0.23260769973276196,-3.5684594826039153,110
dmw=11987,16,0.3384615384615385,-0.4526211295693612,-3.743473098014364,65
dmw=11988,10,0.7609756097560976,-0.09353040491611875,-2.252627380861091,205
dmw=11988,16,0.7425742574257426,-0.08250473490362431,-2.0272633167675855,202
dmw=11989,9,0.6126126126126126,-0.20855945029201284,-3.087332078270073,222
dmw=11989,10,0.7791666666666667,-0.08130855341489562,-1.2127784405957136,240
dmw=11989,16,0.7523809523809524,-0.07963721584117989,-1.1881576952376975,105
dmw=11990,9,0.6835443037974683,-0.13675232528049863,-2.665362029428087,158
dmw=11990,16,0.7575757575757576,-0.07360915743597951,-1.5202740924385403,33
dmw=11991,16,0.6814159292035398,-0.09893553293484292,-2.36719895024365,226
dmw=11991,9,0.7017937219730942,-0.06530946192600107,-1.6387635487515757,446
dmw=11992,16,0.6571428571428571,-0.13619880980880628,-2.355253814306999,70
dmw=11992,9,0.6666666666666666,-0.11399000425069827,-2.0189290947778726,336
dmw=11993,11,0.7727272727272727,-0.07404000899325558,-1.938456905783601,88
dmw=11993,1,0.7488278633623576,-0.06365410047115239,-1.7326507287498176,1493
dmw=11994,12,0.7285714285714285,-0.13007184900543844,-2.1271327895795116,70
dmw=11994,9,0.7022900763358778,-0.10958497504208042,-1.8017430872017448,131
dmw=11994,16,0.75,-0.0731636022389951,-1.223268319514781,40
dmw=11994,10,0.7913669064748201,-0.06148847892397269,-1.0378342260804416,139
dmw=11995,11,0.6666666666666666,-0.13144622924915328,-1.970560776192922,39
dmw=11995,16,0.6363636363636364,-0.07455653411589469,-1.2597609880322855,44
dmw=11995,10,0.6886792452830188,-0.06514275572887507,-1.1421419417777579,106
dmw=11996,10,0.6575875486381323,-0.1828732874049408,-3.0546766876034104,257
dmw=11996,9,0.698170731707317,-0.0986800868179557,-1.7197309425310263,328
dmw=11997,11,0.782258064516129,-0.0795942941768597,-1.560592636671869,124
dmw=11997,9,0.7103825136612022,-0.0721331276922147,-1.4332581541005354,183
dmw=11997,16,0.7272727272727273,-0.06784861738116954,-1.3601374289898915,33
dmw=11997,15,0.8360655737704918,-0.050488068884074866,-1.0638571537029813,61
dmw=11998,16,0.6261682242990654,-0.16455257218598895,-2.6882837349044837,107
dmw=11998,1,0.7746913580246914,-0.05176390772852135,-1.0327216939039627,2592
dmw=11999,9,0.5567010309278351,-0.20335983456879414,-2.456893698039648,97
dmw=11999,16,0.5901639344262295,-0.18342757366159135,-2.238199042232957,61
dmw=1200,7,0.08163265306122448,-0.16813250415043585,-1.81977898335939,392
dmw=1200,3,0.14747474747474748,-0.12600500135552561,-1.4883628916923197,495
dmw=1200,0,0.12391193036354327,-0.10845721622368466,-1.3503148712786603,1953
dmw=12000,16,0.6797385620915033,-0.06610428314648675,-1.6177185461826393,153
dmw=12000,1,0.7267981438515081,-0.06037961821362625,-1.5209088725871407,1724
dmw=12001,10,0.6932773109243697,-0.0627735918098623,-2.0390093727851504,238
dmw=12002,9,0.6224489795918368,-0.14196755102597636,-2.4711603661395056,196
dmw=12002,16,0.7142857142857143,-0.06348765007419943,-1.1910353771501596,21
dmw=12002,10,0.76,-0.05335839031674128,-1.0258119456953476,125
dmw=12003,9,0.4818181818181818,-0.3847749411630831,-3.7409781834669635,110
dmw=12004,10,0.41333333333333333,-0.2349132427279178,-2.0582044783115054,75
dmw=12004,16,0.3888888888888889,-0.20789841294083883,-1.8488251401150801,18
dmw=12005,16,0.35714285714285715,-0.38910238779989875,-3.514064942163315,42
dmw=12005,9,0.6082474226804123,-0.12339982522759507,-1.081298310812668,97
dmw=12006,16,0.5656565656565656,-0.26131620086145835,-2.711034673877887,99
dmw=12006,12,0.6987951807228916,-0.16302130162254302,-1.6211521135301399,83
dmw=12006,9,0.6923076923076923,-0.12356529457844201,-1.1836684362357361,143
dmw=12007,16,0.5862068965517241,-0.21409803239648895,-3.0209027183344683,58
dmw=12007,9,0.6770833333333334,-0.1108497632359251,-1.5455783865966501,96
dmw=12008,4,0.6899441340782123,-0.11038698955651927,-1.6756521231663624,358
dmw=12008,16,0.6333333333333333,-0.09597804067569904,-1.4843753855345263,30
dmw=12008,10,0.6864406779661016,-0.08392474679307382,-1.324369631426037,118
dmw=12008,11,0.7313432835820896,-0.08107728053785423,-1.2865699237360377,67
dmw=12009,12,0.7040816326530612,-0.11663896561154363,-2.707190741133379,98
dmw=12010,16,0.5905511811023622,-0.1728675602843428,-2.6904822323522546,127
dmw=12010,9,0.6303030303030303,-0.11917400235509823,-1.9085651045604959,330
dmw=12011,16,0.6727272727272727,-0.16286886555652047,-2.256910580396998,110
dmw=12011,11,0.7411764705882353,-0.14977564365831741,-2.072066172570212,85
dmw=12011,12,0.7572815533980582,-0.11169688191248395,-1.53448678833539,103
dmw=12012,16,0.4393939393939394,-0.31660614576146423,-3.3844901438616377,66
dmw=12013,10,0.3394495412844037,-0.1846564098662627,-1.8399653011337402,109
dmw=12013,11,0.4375,-0.1495876073439113,-1.5489516813666577,48
dmw=12013,1,0.43672456575682383,-0.09042101360226229,-1.057965865610004,806
dmw=12015,9,0.6888888888888889,-0.14180100334764,-3.082780384916395,90
dmw=12016,16,0.4473684210526316,-0.2341706240783235,-2.4137120697993777,38
dmw=12016,9,0.49504950495049505,-0.16984071936268186,-1.7706441188504514,101
dmw=12022,16,0.46464646464646464,-0.2932815295782416,-3.5334781487764375,99
dmw=12023,16,0.6853932584269663,-0.11732943109743321,-2.209469299991309,89
dmw=12023,11,0.8054298642533937,-0.06196092176912016,-1.192990255689491,221
dmw=12023,9,0.7321428571428571,-0.05831857074784286,-1.1261224001153753,168
dmw=12024,16,0.6363636363636364,-0.18471018576675613,-3.4963863077672004,44
dmw=12025,16,0.6747572815533981,-0.13248222039291346,-2.8965633288611974,206
dmw=12026,16,0.6464646464646465,-0.110369022131382,-2.2114223945134492,99
dmw=12026,11,0.7548387096774194,-0.07858405353478792,-1.6569691552137387,155
dmw=12026,1,0.7429525222551929,-0.053915396342414046,-1.2266520118156035,2696
dmw=12027,16,0.4875,-0.2444456896286627,-3.072931642716148,80
dmw=12027,1,0.7106145251396648,-0.06424399060709673,-1.0083554289084529,1790
dmw=12028,9,0.6851851851851852,-0.1633678831292007,-2.9819094438919795,54
dmw=12028,16,0.7567567567567568,-0.10126884982939532,-1.8153264525344237,74
dmw=12029,16,0.6573426573426573,-0.14554373901809403,-2.9413037782471227,143
dmw=12030,9,0.6732673267326733,-0.09333416865677324,-2.3572963296988734,101
dmw=12030,1,0.7643129770992366,-0.052715645507536935,-1.5603368949935876,1048
dmw=12031,16,0.7422680412371134,-0.10789116517222552,-2.6083140674764755,97
dmw=12031,9,0.7524509803921569,-0.0878085529674768,-2.127870980477005,408
dmw=12033,16,0.0,-0.21493125649493364,-2.3959572428784837,65
dmw=12033,3,0.20950704225352113,-0.12583083248329996,-1.3759824224491322,568
dmw=12033,12,0.16666666666666666,-0.09655004769317135,-1.0407913889649099,66
dmw=12034,13,0.29041095890410956,-0.17173228526799528,-1.929379857537826,365
dmw=12034,2,0.3323397913561848,-0.14278320812662548,-1.569558614483258,2013
dmw=12034,14,0.40331491712707185,-0.11851821297282589,-1.2679579563235517,181
dmw=12036,14,0.42971086739780656,-0.06515798631829173,-1.8697505383824096,4012
dmw=12037,16,0.6694987255734919,-0.07167838625885037,-2.3046576623392268,1177
dmw=12038,3,0.3936731107205624,-0.10882928606593428,-1.1195377480677589,1138
dmw=12038,5,0.4009852216748768,-0.10651039007433127,-1.0971083111136368,1015
dmw=12038,12,0.31905781584582443,-0.09792632413423819,-1.0140792462006187,467
dmw=12039,13,0.0,-0.07875907401962677,-1.1184142135224147,33
dmw=12039,11,0.0,-0.07616100096169137,-1.0865180031442334,56
dmw=12043,10,0.7380952380952381,-0.12005792552807604,-2.343619930706619,126
dmw=12043,9,0.7295081967213115,-0.08882579959318648,-1.7602188204025773,122
dmw=12044,12,0.7796610169491526,-0.09437692333401526,-2.3258798662201507,118
dmw=12044,16,0.7692307692307693,-0.07247914356467455,-1.8392479444734475,52
dmw=12045,9,0.7481343283582089,-0.09104171722188836,-2.4226732526335857,1072
dmw=12045,11,0.8341645885286783,-0.0663077843704939,-1.7433027501310179,802
dmw=12046,9,0.6812447434819175,-0.14692389422510854,-2.7908068048075783,1189
dmw=12046,16,0.7528089887640449,-0.08586477164443307,-1.6173406253750606,356
dmw=12046,11,0.8278688524590164,-0.06525716505897661,-1.2212928548697992,976
dmw=12047,11,0.7596899224806202,-0.14306871325729387,-2.5292888680857852,129
dmw=12047,12,0.7777777777777778,-0.10507343306376227,-1.799823897312753,117
dmw=12047,16,0.7666666666666667,-0.08573646826619596,-1.428576774274107,60
dmw=12048,9,0.45925925925925926,-0.35792477018989866,-3.610141176810915,135
dmw=12049,9,0.7657992565055762,-0.07817464105346617,-2.322707032625618,538
dmw=12049,11,0.8376811594202899,-0.06597036868688388,-1.981982465893486,345
dmw=12050,9,0.6666666666666666,-0.15349925215219273,-2.0008669788233884,183
dmw=12050,16,0.6923076923076923,-0.13875280114973343,-1.797516853945529,52
dmw=12050,10,0.722972972972973,-0.13667944134205234,-1.768925705082771,148
dmw=12051,15,0.6818181818181818,-0.2037009965447134,-2.4921329792944147,22
dmw=12051,16,0.6444444444444445,-0.14900295271449682,-1.8265094267025241,45
dmw=12051,9,0.6774193548387096,-0.10334774274357883,-1.2709286247729423,217
dmw=12054,9,0.5833333333333334,-0.1689252090186656,-2.159349726084668,252
dmw=12054,16,0.6185567010309279,-0.14753706735797567,-1.8591265627566507,97
dmw=12054,12,0.6666666666666666,-0.143719480385759,-1.8055394837452359,138
dmw=12055,16,0.7017543859649122,-0.0863336354555907,-1.9775806187638707,57
dmw=12055,12,0.7719298245614035,-0.05721459954824448,-1.396131758350262,57
dmw=12055,11,0.8020833333333334,-0.054613655241674164,-1.344196106776267,96
dmw=12056,9,0.6329113924050633,-0.2251694082821748,-3.295049854589259,79
dmw=12056,11,0.8155339805825242,-0.09738549453956835,-1.3951023909561202,103
dmw=12057,16,0.6285714285714286,-0.18668861397465353,-2.389398215536185,35
dmw=12057,9,0.6774193548387096,-0.12616798925751904,-1.5686157727592995,124
dmw=12057,10,0.7380952380952381,-0.10793541858209432,-1.321345127966361,126
dmw=12058,16,0.5686274509803921,-0.2676114427508077,-3.2213572465266056,51
dmw=12058,9,0.6774193548387096,-0.148188833235394,-1.7071362536469086,124
dmw=12059,16,0.6290322580645161,-0.22393763505960407,-3.1473340986118514,62
dmw=12059,11,0.7912621359223301,-0.11189186627545233,-1.5255706019583328,206
dmw=12060,9,0.6338028169014085,-0.21189557104805345,-2.6834378721621492,142
dmw=12060,16,0.7142857142857143,-0.14103331980062583,-1.712784783066428,21
dmw=12060,12,0.7692307692307693,-0.11601579328161171,-1.3701010696683629,156
dmw=12061,16,0.6111111111111112,-0.2342767031208849,-3.057245479614494,54
dmw=12061,9,0.7349397590361446,-0.10029424073652116,-1.1787598463386635,166
dmw=12064,16,0.5294117647058824,-0.2636338525751938,-3.11688614885236,17
dmw=12064,9,0.6759776536312849,-0.10436982691956287,-1.2701050740251316,179
dmw=12065,9,0.6560283687943262,-0.16478100181724065,-2.5250391145547924,282
dmw=12065,11,0.7439613526570048,-0.1442117661779998,-2.2065664633954674,207
dmw=12065,16,0.7634408602150538,-0.06823210422010284,-1.0301764019311392,93
dmw=12066,16,0.45,-0.34350559885118953,-3.530652508434411,60
dmw=12067,16,0.5,-0.2891351603893457,-3.1680387258480693,10
dmw=12068,16,0.6818181818181818,-0.11231757235466522,-2.0583786941673936,66
dmw=12068,11,0.7593984962406015,-0.10173322289726394,-1.8736841026585598,133
dmw=12068,1,0.7653131452167928,-0.06409977025497748,-1.2169885550664723,1453
dmw=12071,11,0.81,-0.09109415234616047,-2.24220425167752,100
dmw=12071,16,0.7872340425531915,-0.06278587045999984,-1.5966498048626716,47
dmw=12072,9,0.6129032258064516,-0.12441219514814639,-2.1335472451134714,93
dmw=12072,12,0.7176470588235294,-0.08036063274094685,-1.4328819834520494,85
dmw=12072,11,0.775,-0.054549211512622375,-1.022336585728735,40
dmw=12073,16,0.6044776119402985,-0.16605774437227627,-2.56336926160835,134
dmw=12073,9,0.6420664206642066,-0.11481305089252303,-1.7836423387458034,271
dmw=12073,12,0.7359550561797753,-0.07823561273524338,-1.2270888428830726,178
dmw=12074,9,0.6955307262569832,-0.13009765936546447,-2.5550021221896344,358
dmw=12074,16,0.7459016393442623,-0.0903564649039652,-1.7823123325295178,122
dmw=12075,12,0.7162162162162162,-0.1621343029987048,-2.2779539936846964,222
dmw=12075,9,0.687007874015748,-0.14985581808280768,-2.091506858823603,508
dmw=12075,16,0.7205882352941176,-0.12634724529554975,-1.7345323566044546,68
dmw=12076,12,0.7222222222222222,-0.1308976409778303,-2.163338085197435,72
dmw=12076,9,0.7135922330097088,-0.09134711267587525,-1.5225869737584763,206
dmw=12076,16,0.7471264367816092,-0.06942360133848546,-1.167408045456203,87
dmw=12076,15,0.8372093023255814,-0.06241715024564032,-1.053897770935766,86
dmw=12077,9,0.6129032258064516,-0.12877444762874557,-2.634890374328767,124
dmw=12078,16,0.4838709677419355,-0.2621674562878581,-3.0094043639603814,31
dmw=12078,9,0.6117021276595744,-0.11973068333001147,-1.3624164205410063,188
dmw=12081,12,0.65,-0.21352529025873002,-2.2622058761794626,120
dmw=12081,9,0.6258064516129033,-0.19222352794405906,-2.015626236411949,155
dmw=12081,16,0.6770833333333334,-0.15194364426905627,-1.5493643816536198,96
dmw=12082,1,0.7455731593662628,-0.05283583234879874,-1.2386421813407966,1073
dmw=12085,16,0.6666666666666666,-0.08502199158928281,-1.7771925396451813,51
dmw=12085,12,0.7261904761904762,-0.07179902951954586,-1.5505541538238414,84
dmw=12085,1,0.7359507313317937,-0.056386818355210755,-1.2863925656864243,1299
dmw=12086,16,0.6754966887417219,-0.11055229271988354,-2.943436470179697,151
dmw=12089,9,0.575,-0.23532634281502463,-3.511438058654033,200
dmw=12090,12,0.6825396825396826,-0.14384510555638086,-2.1290604266404887,63
dmw=12090,16,0.6428571428571429,-0.14198018903517584,-2.1007602954777624,70
dmw=12091,4,0.6555555555555556,-0.18372475775029395,-1.9717548533240346,360
dmw=12091,13,0.6752136752136753,-0.1788323461702016,-1.9165201915245156,117
dmw=12091,15,0.75,-0.12605425265860115,-1.3206626889793984,40
dmw=12101,11,0.7851239669421488,-0.12109842504169821,-2.4001759917194607,121
dmw=12101,16,0.7777777777777778,-0.07959941175146767,-1.6044770391353824,54
dmw=12102,9,0.7012048192771084,-0.14348103272190582,-3.288696264255118,415
dmw=12102,11,0.8516320474777448,-0.052490058653592575,-1.2544545087758612,337
dmw=12103,9,0.6703703703703704,-0.19984788135102327,-3.7157520201315526,270
dmw=12104,9,0.7211538461538461,-0.1263430650936872,-2.438280577483461,104
dmw=12104,10,0.7862068965517242,-0.0956399159316973,-1.8005648055997454,145
dmw=12104,12,0.8125,-0.07414590298785151,-1.3541262014342692,48
dmw=12105,16,0.6451612903225806,-0.18417872538161395,-2.497182031057418,93
dmw=12105,9,0.6359649122807017,-0.18239382847932606,-2.4718583609230156,456
dmw=12106,9,0.6753246753246753,-0.1651740805635391,-3.2085095894581306,154
dmw=12106,15,0.8636363636363636,-0.05601121510805973,-1.20945585516707,44
dmw=12107,16,0.5434782608695652,-0.24947983383502115,-2.750255565263848,46
dmw=12107,9,0.6033057851239669,-0.1769502907164071,-1.9720748192280952,121
dmw=12109,9,0.7037037037037037,-0.12719786492614815,-2.9286157694074157,189
dmw=12112,16,0.758957654723127,-0.05119827948324274,-1.9931580066244559,307
dmw=12113,16,0.6282051282051282,-0.1457543139219062,-1.9916161181318188,78
dmw=12113,4,0.6906077348066298,-0.14529303633744406,-1.985077608701249,543
dmw=12113,14,0.782608695652174,-0.0961742140623224,-1.2888289864343276,46
dmw=12113,10,0.7289719626168224,-0.08103404008314363,-1.0742203133101795,107
dmw=12114,10,0.7597765363128491,-0.06410746247324994,-1.8895308996451359,179
dmw=12114,1,0.7726638772663877,-0.052981984978134444,-1.6640085906417383,1434
dmw=12115,15,0.7878787878787878,-0.14840540974302685,-2.4088617395417806,33
dmw=12115,11,0.8382352941176471,-0.08321635402211336,-1.343954914859912,68
dmw=12115,16,0.8115942028985508,-0.06788968403978246,-1.093583509977071,69
dmw=12124,9,0.5984251968503937,-0.19991085819614918,-3.6518758557079383,254
dmw=12125,16,0.6307692307692307,-0.16798261621012534,-2.7060310731972055,65
dmw=12125,9,0.7054263565891473,-0.08088313054216822,-1.3391859771485588,129
dmw=12129,16,0.5934959349593496,-0.269968193222339,-3.3850056041308405,123
dmw=12129,9,0.7209302325581395,-0.13336259631183844,-1.6029454518246502,430
dmw=12130,16,0.6923076923076923,-0.15941613730106485,-2.6555072772155355,65
dmw=12130,12,0.7710843373493976,-0.11120835240840499,-1.8584286412466318,83
dmw=12131,9,0.8195121951219512,-0.062152781650038125,-2.2493043392977863,205
dmw=12132,4,0.6449534717251253,-0.13707589511647833,-2.457293331456685,1397
dmw=12132,8,0.7293233082706767,-0.06758645614109116,-1.189130177491482,266
dmw=12134,12,0.7777777777777778,-0.0950801615719129,-2.2530970970648787,126
dmw=12134,11,0.8089887640449438,-0.08527139202115874,-2.0150224715981895,178
dmw=12134,9,0.7671232876712328,-0.06273749635290748,-1.46808855254084,292
dmw=12135,12,0.76,-0.12381441421735706,-2.516138610484539,100
dmw=12135,16,0.7704918032786885,-0.0830833597280839,-1.6195685803016595,61
dmw=12135,9,0.7804878048780488,-0.06337192094784971,-1.1856813293149024,287
dmw=12136,9,0.6104651162790697,-0.1983374655648663,-3.0300590243296766,172
dmw=12136,16,0.7333333333333333,-0.08690134258449589,-1.3247936068415962,120
dmw=12137,9,0.6452830188679245,-0.15833672786242592,-2.977679451423417,265
dmw=12137,16,0.7540983606557377,-0.06119260147961292,-1.232643598942184,61
dmw=12138,11,0.7948051948051948,-0.09141307158041745,-2.728852900158839,385
dmw=12139,9,0.5923566878980892,-0.2476907743271224,-3.474264848694114,157
dmw=12139,16,0.7524752475247525,-0.09748268367762758,-1.2501009688699882,101
dmw=12140,14,0.7631578947368421,-0.05708446561198166,-1.353727155779391,76
dmw=12140,4,0.7057777777777777,-0.056475714105297725,-1.3424775627958578,1125
dmw=12141,10,0.5576923076923077,-0.12055806354613008,-1.83789560767002,156
dmw=12141,8,0.6287425149700598,-0.10492126285857528,-1.6131562195702434,167
dmw=12141,9,0.5472972972972973,-0.06353421266847448,-1.0183222429255951,148
dmw=12146,8,0.3888888888888889,-0.2473496415637529,-2.005334318666108,90
dmw=12146,13,0.4520547945205479,-0.18977775315721895,-1.5218068742501867,73
dmw=12146,6,0.4857142857142857,-0.1318106226967683,-1.0349599212069545,210
dmw=12155,13,0.2621951219512195,-0.17575951416975477,-1.514440015299465,164
dmw=12155,14,0.3287671232876712,-0.16864245897544244,-1.448224004186674,73
dmw=12155,4,0.2725752508361204,-0.13759104284969065,-1.159326298729249,598
dmw=12155,6,0.2903225806451613,-0.12215363691449538,-1.0156989957157132,403
dmw=12156,11,0.6705882352941176,-0.2132833705752497,-2.2846515890189467,85
dmw=12156,16,0.6551724137931034,-0.17045240202521095,-1.7747713119997743,29
dmw=12156,9,0.6496350364963503,-0.1648229290490194,-1.7077553808232686,137
dmw=12157,13,0.49264705882352944,-0.28476300270289434,-2.64789083556815,136
dmw=12157,4,0.5850144092219021,-0.17208199977160066,-1.5672144547508302,347
dmw=12157,6,0.6258064516129033,-0.13304003386713692,-1.1927792854139447,310
dmw=12163,12,0.6865079365079365,-0.19009640374975623,-2.8201603342400374,252
dmw=12163,9,0.6877897990726429,-0.1468443203276324,-2.164264797797864,647
dmw=12164,16,0.5981308411214953,-0.22640485728583226,-3.261577191591246,107
dmw=12164,10,0.7635467980295566,-0.09049115223022841,-1.2660010184824866,203
dmw=12164,9,0.7327935222672065,-0.08052135022201268,-1.1196176987865978,247
dmw=12165,16,0.6037735849056604,-0.16571135188680952,-2.823680855163083,106
dmw=12165,9,0.6484018264840182,-0.10738452578016844,-1.8347251082094085,219
dmw=12166,9,0.720626631853786,-0.14011875315403322,-2.92767495291906,383
dmw=12166,12,0.7993197278911565,-0.09758735214697156,-1.9940471512561653,294
dmw=12167,9,0.568,-0.26779067346382424,-3.4032424555664473,125
dmw=12167,11,0.8,-0.09822080568521141,-1.2731418328144675,50
dmw=12168,12,0.5955056179775281,-0.2626853114298673,-3.418809402684446,89
dmw=12169,9,0.7418546365914787,-0.09976166329984237,-3.021250487081161,399
dmw=12170,12,0.5130434782608696,-0.3165279138837298,-3.431288120995122,115
dmw=12172,16,0.5428571428571428,-0.2158131440973018,-3.4435254508586,105
dmw=12173,9,0.6147540983606558,-0.2232645467490012,-3.0525914940606373,122
dmw=12173,16,0.7115384615384616,-0.13649361545428973,-1.8090723822211046,52
dmw=12176,2,0.24503311258278146,-0.19929668094495553,-2.072518070555843,302
dmw=12176,13,0.25,-0.18149969594531634,-1.8691676702834343,52
dmw=12176,4,0.2909090909090909,-0.11291755806427034,-1.0855402642969159,275
dmw=12181,11,0.7169811320754716,-0.1658358295398833,-2.4366100685808747,53
dmw=12181,16,0.7,-0.1241464362018263,-1.7770982152885049,10
dmw=12181,12,0.7678571428571429,-0.09160544339565002,-1.2623109095690968,56
dmw=12185,9,0.34146341463414637,-0.5201911204406349,-3.657390741082022,41
dmw=12186,9,0.5111111111111111,-0.328556465730124,-3.622200321126401,135
dmw=12187,12,0.6888888888888889,-0.21073417462151556,-2.7534779856870157,45
dmw=12187,16,0.7272727272727273,-0.14563388730557347,-1.832415484296758,33
dmw=12187,14,0.8461538461538461,-0.08950528667693358,-1.0382876635753,39
dmw=12194,13,0.07317073170731707,-0.17310377580225195,-2.2371250080808274,82
dmw=12194,7,0.12100456621004566,-0.1211066735699598,-1.5678121155645046,438
dmw=12198,12,0.715,-0.1641714873039254,-3.231692503068092,200
dmw=12198,16,0.7622950819672131,-0.0856366704571625,-1.6440900390301603,122
dmw=12199,9,0.717741935483871,-0.12719661554419548,-2.953045630147356,372
dmw=12199,16,0.7768595041322314,-0.07773892325950227,-1.803478504324904,121
dmw=12200,9,0.6446280991735537,-0.1727347077597161,-3.132683423510104,242
dmw=12200,10,0.7796610169491526,-0.07769672555237883,-1.4520418797084207,177
dmw=12201,9,0.7358490566037735,-0.08599353166125268,-2.3715573907479532,159
dmw=12201,11,0.8220338983050848,-0.06683660550699722,-1.8636931236245318,118
dmw=12203,7,0.38596491228070173,-0.20782837574681534,-1.67178400464121,57
dmw=12203,1,0.3525423728813559,-0.1780736225536268,-1.4967429145695041,295
dmw=12203,3,0.47297297297297297,-0.15007262560722384,-1.332018811607867,74
dmw=12204,12,0.3888888888888889,-0.23729930492273016,-2.2508459454001986,36
dmw=12204,7,0.5575757575757576,-0.11903685626535121,-1.3488964391995837,165
dmw=12204,1,0.5248713550600344,-0.0931589572129109,-1.151534059705156,583
dmw=12204,0,0.5787476280834914,-0.07671335330481388,-1.0261087493680399,527
dmw=12205,9,0.726027397260274,-0.1474870791301257,-2.5642522334244675,219
dmw=12205,12,0.7787610619469026,-0.12795857419743106,-2.2232810398955682,113
dmw=12208,8,0.010309278350515464,-0.22891339690598594,-1.5022203518722332,97
dmw=12208,6,0.034482758620689655,-0.19048191797497643,-1.2602146544515356,261
dmw=12208,14,0.10526315789473684,-0.1851066233290647,-1.2263660499791225,19
dmw=12208,4,0.06462585034013606,-0.1586798750867286,-1.059954977159663,294
dmw=12213,16,0.7551020408163265,-0.10272560722855129,-2.621416175049312,49
dmw=12213,11,0.8277777777777777,-0.07875761806254311,-2.002540805393827,180
dmw=12214,10,0.7612903225806451,-0.08579689624449904,-1.8528719599615984,155
dmw=12214,9,0.7195121951219512,-0.08535578814503786,-1.843312852181548,164
dmw=12214,16,0.75,-0.06648195500025356,-1.4343042543479174,56
dmw=12216,12,0.0,-0.225656844659647,-1.4778628596315004,13
dmw=12216,10,0.018867924528301886,-0.19870060417655494,-1.302333636336759,53
dmw=12218,16,0.7475728155339806,-0.07490033279673891,-1.978964352775202,103
dmw=12218,11,0.8221343873517787,-0.059487362631611584,-1.6032648968838041,253
dmw=12219,11,0.8459915611814346,-0.05558474177425077,-1.9686721255389281,474
dmw=12220,16,0.5833333333333334,-0.148811494547331,-2.8683169505097137,48
dmw=12220,1,0.7078768909754826,-0.06715868134577663,-1.448252621452012,1917
dmw=12220,10,0.7208121827411168,-0.052090773198558815,-1.186199202415929,197
dmw=12221,10,0.7959183673469388,-0.07320179116795567,-1.7480726118842322,245
dmw=12221,16,0.7857142857142857,-0.056388469965804155,-1.3770855655668661,112
dmw=12229,4,0.44612794612794615,-0.1413963495988677,-1.3274278993816337,594
dmw=12229,6,0.4589041095890411,-0.13093010914388997,-1.2218061241117446,438
dmw=12230,16,0.5087719298245614,-0.20488805654467168,-2.6632072409521386,57
dmw=12230,13,0.6666666666666666,-0.1393404347481224,-1.786102713335855,75
dmw=12243,16,0.49382716049382713,-0.33226531793032343,-3.2570283188773477,81
dmw=12243,9,0.6461538461538462,-0.16879501819230058,-1.507227991879073,195
dmw=12256,16,0.5777777777777777,-0.16423510085616078,-2.5602933660929357,45
dmw=12256,11,0.7619047619047619,-0.06026844381476881,-1.06387541679292,42
dmw=12256,8,0.7647058823529411,-0.05923074688808916,-1.0489395868719997,85
dmw=12261,4,0.06818181818181818,-0.27892024979653085,-1.187927652769236,132
dmw=12261,13,0.125,-0.24832208068252842,-1.0665059078916161,16
dmw=12263,12,0.7622377622377622,-0.10459312555312705,-1.7590677507480286,143
dmw=12263,16,0.7358490566037735,-0.09715752114345277,-1.6319512305377246,53
dmw=12263,10,0.765,-0.0963240958203978,-1.61770327958648,200
dmw=12263,9,0.7295918367346939,-0.09261881738578892,-1.5543591215238277,392
dmw=12267,8,0.18461538461538463,-0.25287260881869117,-1.597194266972621,65
dmw=12267,13,0.20689655172413793,-0.23656834755451958,-1.4843270538206348,29
dmw=12267,7,0.22674418604651161,-0.2111606657311578,-1.308440873294508,172
dmw=12267,6,0.2149122807017544,-0.20299198860005913,-1.2518927226002168,228
dmw=12276,11,0.075,-0.43467435820774464,-2.1489480442990914,40
dmw=12276,13,0.10810810810810811,-0.4106486972352861,-2.0223862475016325,37
dmw=12277,10,0.22077922077922077,-0.21298166405888633,-1.384645970097067,77
dmw=12277,4,0.27044025157232704,-0.2074407953279902,-1.344188795243875,477
dmw=12277,13,0.3108108108108108,-0.19550813902234682,-1.2570613814633318,74
dmw=12277,14,0.3902439024390244,-0.17546942570182544,-1.1107468289959959,82
dmw=12286,14,0.25925925925925924,-0.2722846834585018,-1.6253870285898246,81
dmw=12286,11,0.2553191489361702,-0.20746926256918902,-1.2322575413401993,188
dmw=12286,5,0.3116438356164384,-0.19022656087340384,-1.1276741816480926,292
dmw=12287,12,0.616822429906542,-0.3021454608691233,-3.6380213812338926,107
dmw=12292,16,0.4444444444444444,-0.3777160600933668,-3.161962877003623,36
dmw=12292,15,0.7037037037037037,-0.19929430813803128,-1.5252130206959809,54
dmw=12295,13,0.5789473684210527,-0.23321376866960009,-1.8468623107033268,57
dmw=12295,10,0.6,-0.16356304700176916,-1.2314859861041259,40
dmw=12295,9,0.5507246376811594,-0.1555543768251666,-1.1607279824511483,69
dmw=12307,13,0.14772727272727273,-0.4374573608399147,-1.971889196861578,88
dmw=12307,14,0.32432432432432434,-0.31747892114936704,-1.4006871923415638,37
dmw=12307,6,0.31875,-0.2409200160970273,-1.0362000382950094,320
dmw=12325,12,0.0,-0.16645731641130343,-1.141932594943788,23
dmw=12325,5,0.08433734939759036,-0.1390915270440845,-1.0002836962523936,83
dmw=12329,6,0.3712121212121212,-0.3162548318727605,-2.0726440281693113,264
dmw=12329,4,0.43902439024390244,-0.24638922259526436,-1.597829678720264,287
dmw=12329,10,0.4657534246575342,-0.1800800134553765,-1.1471850149746934,73
dmw=12330,6,0.29,-0.4634059356539543,-1.977254966502407,100
dmw=12330,13,0.36666666666666664,-0.4055959618027177,-1.7023165312274342,30
dmw=12330,8,0.41025641025641024,-0.3577128724215385,-1.474589362478482,39
dmw=12331,6,0.1095890410958904,-0.23406657364309663,-1.6494891486005083,146
dmw=12331,13,0.15384615384615385,-0.21369621113473636,-1.4904884189086067,65
dmw=12331,8,0.14925373134328357,-0.21266954771566648,-1.48247480438834,67
dmw=12331,4,0.1792452830188679,-0.16226179032449925,-1.0890173878088105,212
dmw=12341,12,0.7142857142857143,-0.18132695398479393,-3.2207344312502055,70
dmw=12344,0,0.2513772699449092,-0.25922996144415517,-1.9519422267610687,4901
dmw=12344,1,0.25005683109797683,-0.22010369817656356,-1.757756836966602,4399
dmw=12344,12,0.3046594982078853,-0.17415378022494982,-1.529705344611372,279
dmw=12344,3,0.46011754827875734,-0.10461171393066998,-1.1845649677215393,1191
dmw=12346,4,0.40078585461689586,-0.15191992919669872,-2.503331322677282,509
dmw=12346,2,0.5195652173913043,-0.07371614646723201,-1.1943293146581193,460
dmw=12346,11,0.5053763440860215,-0.0663895971944003,-1.071694994740824,93
dmw=12350,13,0.13846153846153847,-0.18545562111620234,-1.773577683612529,65
dmw=12350,9,0.07142857142857142,-0.13896378507380203,-1.2599832849049373,56
dmw=12350,6,0.17560975609756097,-0.12590422910608878,-1.1157146268870266,205
dmw=12358,13,0.1590909090909091,-0.5663645028526128,-2.9283722574131485,44
dmw=12358,14,0.5384615384615384,-0.23197740933252387,-1.1124510809364672,26
dmw=12363,12,0.37623762376237624,-0.15671907127941032,-1.7930111066522438,101
dmw=12363,8,0.45,-0.13726585143643594,-1.5426862469295488,200
dmw=12363,4,0.45038167938931295,-0.11502015073680971,-1.256427624859941,655
dmw=12393,9,0.5274725274725275,-0.2850779128743567,-3.6205923632524897,91
dmw=12405,4,0.1686046511627907,-0.16062769754305714,-1.148519416948316,172
dmw=12405,6,0.19083969465648856,-0.14050282894995483,-1.0434241344820274,131
dmw=12405,7,0.21568627450980393,-0.13400279157972506,-1.009479899750484,102
dmw=12411,12,0.6216216216216216,-0.25827891873734277,-2.819713167709446,37
dmw=12411,13,0.7837837837837838,-0.11968682329215308,-1.16385024236132,37
dmw=12416,16,0.45,-0.31133912899060684,-3.4843742397500126,80
dmw=12427,13,0.21052631578947367,-0.48650204685296206,-2.5534777705701033,19
dmw=12427,16,0.2727272727272727,-0.307119054425673,-1.6125324011022781,11
dmw=12428,1,0.6091954022988506,-0.1478940504800602,-2.1758181451144023,348
dmw=12428,8,0.6888888888888889,-0.11204575070261469,-1.7682697617816636,45
dmw=12428,3,0.7589285714285714,-0.06111847360328504,-1.1892930856708284,112
dmw=12438,7,0.40404040404040403,-0.39118641528976067,-3.0692826604773376,198
dmw=12438,13,0.5538461538461539,-0.2450295633807581,-1.9333103759991606,65
dmw=12449,0,0.27604871447902574,-0.18757395564379808,-2.020618438681638,2217
dmw=12449,1,0.27201475334255415,-0.1516609864157214,-1.75844272242449,2169
dmw=12449,3,0.41973490427098675,-0.0983012771774609,-1.3689004403600755,679
dmw=12450,0,0.06013745704467354,-0.21559538292937097,-1.4593547093453894,582
dmw=12450,1,0.029411764705882353,-0.215180863639041,-1.4575563590253875,680
dmw=12450,3,0.1736842105263158,-0.14761992234987117,-1.1644499989081472,190
dmw=12450,7,0.17105263157894737,-0.12407447124062207,-1.0623004234247053,228
dmw=12467,13,0.2358490566037736,-0.42093262622016187,-1.7821315911389275,106
dmw=12467,14,0.34375,-0.3647459406999949,-1.5236586670780419,32
dmw=12467,4,0.2953929539295393,-0.3352961451463696,-1.3881821800905922,369
dmw=12467,8,0.3404255319148936,-0.31086876569671523,-1.2758100738692573,94
dmw=12487,10,0.30434782608695654,-0.25389547514926303,-1.7049265681393972,46
dmw=12487,6,0.3860759493670886,-0.2177816931593733,-1.4884680512867041,158
dmw=12487,13,0.47540983606557374,-0.15310151728591936,-1.1007884960615348,61
dmw=12487,7,0.47333333333333333,-0.14989600514953444,-1.0815753213519617,150
dmw=12487,4,0.4597156398104265,-0.14185770809702503,-1.0333954364954083,211
dmw=12490,9,0.6181818181818182,-0.22549407342528094,-2.502720285437594,55
dmw=12490,14,0.7352941176470589,-0.18966223278025052,-2.0342704274634578,34
dmw=12498,12,0.6538461538461539,-0.17474447332884735,-2.6536941119677637,52
dmw=12498,13,0.76,-0.10063557664072131,-1.5493266822755563,25
dmw=12498,7,0.782051282051282,-0.07585658107820126,-1.180071210089861,156
dmw=12515,7,0.233201581027668,-0.29821695185791175,-2.1876755021266523,506
dmw=12535,8,0.039603960396039604,-0.32536902658117395,-1.6791625410164457,101
dmw=12535,6,0.09009009009009009,-0.2565449247601371,-1.3180765437327504,222
dmw=12535,4,0.14102564102564102,-0.20345198154944721,-1.0395241494303997,234
dmw=12538,14,0.3684210526315789,-0.40867265317911877,-2.1355752792210643,19
dmw=12538,6,0.3939393939393939,-0.3181253217132073,-1.6026556914732695,165
dmw=12538,13,0.5161290322580645,-0.21683318487058234,-1.0064971638353006,31
dmw=1257,11,0.21818181818181817,-0.5123332109244556,-3.5790012675053045,55
dmw=12572,15,0.5319148936170213,-0.23541254695226876,-2.6817090235319876,47
dmw=12572,7,0.564935064935065,-0.16253675396888456,-1.823735283271322,308
dmw=12572,2,0.6357615894039735,-0.1062630316064549,-1.1612193218368816,302
dmw=12605,13,0.08849557522123894,-0.157405620563514,-1.920463645755084,113
dmw=12605,4,0.10514541387024609,-0.12026608117384341,-1.4419961524682872,447
dmw=12606,14,0.5,-0.09784862580844256,-1.1170700038550068,52
dmw=12638,6,0.4444444444444444,-0.3575617970549535,-2.2138574331874596,198
dmw=12638,4,0.4943181818181818,-0.30616884885095325,-1.9042283553100408,176
dmw=12647,13,0.0625,-0.3519057106342347,-1.2954462809737843,32
dmw=12647,6,0.06796116504854369,-0.32138707475341133,-1.1631671068683194,103
dmw=12647,4,0.08974358974358974,-0.29733891355210645,-1.0589333883336536,78
dmw=12649,7,0.5708661417322834,-0.17333193327642737,-1.932150007504616,254
dmw=12649,12,0.5348837209302325,-0.16475001098551934,-1.8588306144108615,86
dmw=12649,0,0.6441102756892231,-0.0815644391796928,-1.1481372018846552,1197
dmw=12677,13,0.1368421052631579,-0.18560741973226083,-1.655993038317025,95
dmw=12677,8,0.15625,-0.1609241043876275,-1.4487318511360596,160
dmw=12677,6,0.19207317073170732,-0.1080296291709798,-1.004586825411218,328
dmw=12680,1,0.22916666666666666,-0.15501548262821427,-1.9207694128518336,1536
dmw=12680,0,0.2823779193205945,-0.14076141018601795,-1.8158896301310754,1413
dmw=12680,3,0.3834808259587021,-0.0935462756121912,-1.468486242410444,339
dmw=12739,14,0.5555555555555556,-0.24238922210237035,-1.96225307234261,18
dmw=12739,12,0.5135135135135135,-0.19527047550698917,-1.563055141991172,74
dmw=12741,6,0.3956386292834891,-0.15040244867086888,-1.5677776970007455,963
dmw=12741,15,0.5,-0.11723976869107555,-1.1610862778280728,114
dmw=12741,13,0.46645367412140576,-0.10528744829798692,-1.01450867475035,313
dmw=12744,13,0.10344827586206896,-0.20311043018666364,-1.6208182087256657,116
dmw=12744,4,0.10438413361169102,-0.1785267749637372,-1.4305373208521164,479
dmw=12744,8,0.15748031496062992,-0.14394729154199187,-1.162887341708164,127
dmw=12744,11,0.17142857142857143,-0.12745549560505587,-1.0352385626696814,70
dmw=12747,15,0.0,-0.3963045831234931,-2.618116127650269,16
dmw=12760,12,0.6133004926108374,-0.14192676521709868,-1.906304351924236,406
dmw=12760,14,0.7246376811594203,-0.1088710562946279,-1.5328227768203162,138
dmw=12760,0,0.7122774133083412,-0.06570053403122866,-1.0450584789554858,3201
dmw=12760,1,0.6832546313112967,-0.06550093626890974,-1.0428033136878787,2753
dmw=12781,6,0.31560283687943264,-0.3765302289165258,-2.055317541805212,282
dmw=12781,4,0.3700234192037471,-0.3200731431015383,-1.7251716106466624,427
dmw=12781,8,0.49606299212598426,-0.21285398411241574,-1.0981826583918255,127
dmw=12782,6,0.03215434083601286,-0.4868456065339609,-1.9217559482303155,311
dmw=12782,4,0.06598984771573604,-0.45062818097774526,-1.7722969905582056,394
dmw=12782,8,0.17391304347826086,-0.36502190200886064,-1.4190243592659035,184
dmw=12787,6,0.04647160068846816,-0.26663589069780225,-1.8143976236379176,581
dmw=12787,8,0.0954356846473029,-0.2351334796961383,-1.5907754561689007,241
dmw=12787,4,0.08421052631578947,-0.22684889698418542,-1.5319667401463275,760
dmw=12787,14,0.19230769230769232,-0.19889612316587238,-1.3335419317184205,78
dmw=12794,9,0.21568627450980393,-0.4457921246753217,-2.6450431671285215,51
dmw=12794,11,0.47368421052631576,-0.29842569755943,-1.7085912467533588,38
dmw=12799,15,0.08928571428571429,-0.12888449473764302,-1.6112915104356158,56
dmw=12799,14,0.1111111111111111,-0.11574549529875217,-1.4472335499285494,36
dmw=12799,13,0.10256410256410256,-0.08510127627806308,-1.0645995375558,39
dmw=12801,1,0.3422083007047768,-0.11000458587839451,-1.472383082519804,1277
dmw=12801,10,0.38317757009345793,-0.06601730750701246,-1.1257721615915932,107
dmw=12801,0,0.42805755395683454,-0.06449337329581134,-1.113763866013068,1112
dmw=12804,13,0.24242424242424243,-0.3071758228401924,-1.9109810399606066,33
dmw=12804,8,0.2807017543859649,-0.2628881319424089,-1.6165305386349142,57
dmw=12804,11,0.36666666666666664,-0.17391753849786623,-1.025001937528708,30
dmw=12818,13,0.010309278350515464,-0.3374418785364565,-1.7710887728792895,97
dmw=12818,8,0.028985507246376812,-0.31328539159835883,-1.6290633338643186,138
dmw=12818,4,0.043912175648702596,-0.2784909699565485,-1.424493314158495,501
dmw=12818,6,0.04608294930875576,-0.27840777489217267,-1.4240041778212398,434
dmw=1287,6,0.41818181818181815,-0.3897520934344905,-3.2028844731500516,220
dmw=1287,8,0.6,-0.22004613035750942,-1.7973241778225097,115
dmw=12872,11,0.10526315789473684,-0.24955711056565244,-1.9999884519256068,38
dmw=12872,2,0.1722488038277512,-0.20307829835525737,-1.6153678231856001,209
dmw=12872,15,0.25925925925925924,-0.1486374725178501,-1.1648600828430937,27
dmw=12882,14,0.2903225806451613,-0.26355118945635575,-2.022144181076282,62
dmw=12882,13,0.30625,-0.18805759676082956,-1.39416653781661,160
dmw=12914,13,0.34532374100719426,-0.27464728334453764,-2.1800938276850164,139
dmw=12914,14,0.5294117647058824,-0.1450709990032737,-1.167590854101334,68
dmw=12914,8,0.47039473684210525,-0.1438460440625386,-1.1580191139769311,304
dmw=12915,11,0.17777777777777778,-0.4659997841325604,-2.317418343280176,45
dmw=12915,16,0.19047619047619047,-0.3387688315793066,-1.5627750517529275,21
dmw=12915,4,0.3702290076335878,-0.25559603188300317,-1.0694533083502464,262
dmw=12927,13,0.7401574803149606,-0.15914637956027777,-3.0793620178161114,127
dmw=12928,4,0.23867069486404835,-0.22425576788160606,-1.6599111767108137,331
dmw=12928,15,0.37777777777777777,-0.16067968422256318,-1.166799092951163,45
dmw=12928,13,0.3333333333333333,-0.15797852338586893,-1.1458482106052856,63
dmw=12928,6,0.31862745098039214,-0.1466716698255509,-1.0581494125825075,204
dmw=12945,4,0.16062176165803108,-0.3488908689761687,-1.6034848997894644,193
dmw=12945,13,0.19230769230769232,-0.34558597029277516,-1.5881553478473873,52
dmw=12945,6,0.20610687022900764,-0.3057896115894919,-1.4035625943953882,131
dmw=12945,8,0.2711864406779661,-0.2606738897193807,-1.1942963299597094,59
dmw=12968,7,0.3233644859813084,-0.17687185108627823,-1.739332687445645,535
dmw=12970,7,0.10576923076923077,-0.3027086997498521,-2.380625615864994,104
dmw=12970,15,0.3,-0.16038002250243572,-1.3083833366515758,10
dmw=13000,13,0.19767441860465115,-0.2890538658135744,-1.7874468104212027,86
dmw=13000,4,0.21621621621621623,-0.24215286948471593,-1.4956764601109458,407
dmw=13000,10,0.18421052631578946,-0.23040929466047963,-1.4226198683844746,76
dmw=13050,10,0.6713286713286714,-0.12669355819272887,-1.8844646307526776,143
dmw=13050,13,0.7338709677419355,-0.10714127051085409,-1.6165743381790265,124
dmw=13050,4,0.7306201550387597,-0.09457767030304765,-1.4444376250634727,516
dmw=13089,7,0.16666666666666666,-0.27810602596291767,-2.1017914696303714,216
dmw=13089,1,0.25726744186046513,-0.1252525086226799,-1.202922933909011,688
dmw=13089,0,0.2986425339366516,-0.12278139037745411,-1.1883913059992899,663
dmw=13089,10,0.2682926829268293,-0.11135202687594281,-1.1211799299472571,82
dmw=131,11,0.10526315789473684,-0.39105328611083673,-1.8037912596502184,38
dmw=131,14,0.25,-0.3148160184334856,-1.401507857704179,16
dmw=131,8,0.21621621621621623,-0.2831273001814346,-1.2342950788347204,37
dmw=13129,13,0.2822966507177033,-0.2609158322309855,-1.849911961133662,209
dmw=13129,6,0.28940217391304346,-0.2278438020223882,-1.5884826189009404,736
dmw=13129,4,0.3126094570928196,-0.20225403344675186,-1.3861994108722697,1142
dmw=13129,8,0.3522727272727273,-0.18491611680225095,-1.249145830687787,352
dmw=13137,13,0.18072289156626506,-0.17640927819691712,-1.8657659187892817,83
dmw=13137,14,0.29411764705882354,-0.11957332588376912,-1.2334841554495934,51
dmw=13137,4,0.23214285714285715,-0.09930498540987048,-1.0080053601934222,728
dmw=13155,10,0.3333333333333333,-0.2625455022367465,-1.5535746203869445,51
dmw=13155,4,0.448559670781893,-0.18935209161777472,-1.1773802464884304,243
dmw=13187,10,0.2765957446808511,-0.25086961645560285,-2.281165349328989,47
dmw=13187,13,0.5,-0.09911340361361376,-1.1444714164307423,56
dmw=13187,3,0.5328947368421053,-0.0900440730985641,-1.0765397464263002,152
dmw=13188,6,0.025830258302583026,-0.331844726205916,-1.701821584848519,271
dmw=13188,8,0.06818181818181818,-0.30807884312911604,-1.5730999529627105,132
dmw=13188,4,0.05927342256214149,-0.29621284343702226,-1.508830898057957,523
dmw=13188,13,0.1595744680851064,-0.22239462381473052,-1.109013998261704,94
dmw=13218,15,0.0,-0.08708057359277656,-1.2566660124106752,14
dmw=13218,13,0.0,-0.07318902540614591,-1.0158162653132943,35
dmw=13232,7,0.10561056105610561,-0.2608721889241018,-1.7703986086123336,303
dmw=13232,1,0.18421052631578946,-0.1248772509248566,-1.1015146671330402,912
dmw=13232,10,0.19736842105263158,-0.10912210560312602,-1.024023814485005,76
dmw=13249,14,0.14285714285714285,-0.5392791136027912,-2.3122895822293006,14
dmw=13249,13,0.2037037037037037,-0.42449597793916527,-1.7637351066721132,54
dmw=1326,12,0.5845070422535211,-0.33319197918240373,-3.8478801298150036,142
dmw=13272,15,0.25,-0.2539234676258145,-1.8903515032821443,20
dmw=13272,13,0.2328767123287671,-0.22393216148505496,-1.6438205234489496,73
dmw=13272,4,0.2550607287449393,-0.17367605697972704,-1.230711250109908,247
dmw=13282,11,0.18181818181818182,-0.33072018617850824,-2.128380822872416,22
dmw=13282,7,0.368,-0.14798611838232378,-1.1571151620159905,125
dmw=13297,6,0.07303370786516854,-0.12730051607610304,-1.294828692204855,356
dmw=13297,13,0.11235955056179775,-0.10520159747455571,-1.0594322846270725,89
dmw=13297,8,0.10828025477707007,-0.10518086448450595,-1.059211438011722,157
dmw=1330,10,0.4782608695652174,-0.24008627532253635,-2.9864796534108473,138
dmw=1330,12,0.6197183098591549,-0.10801853701992936,-1.3436621499905272,71
dmw=13302,13,0.3592233009708738,-0.31791387297761736,-3.1464717710124632,103
dmw=13302,7,0.4778481012658228,-0.19433783641483715,-1.822006041011598,316
dmw=13303,8,0.07272727272727272,-0.10222368424126002,-1.60787601679158,165
dmw=13303,5,0.11267605633802817,-0.08411979753070024,-1.335215502559109,284
dmw=13335,6,0.5982142857142857,-0.23843598057016446,-1.718384338676613,112
dmw=13335,12,0.6,-0.21650958240526197,-1.5429938043098876,35
dmw=13335,13,0.6470588235294118,-0.20334649638232383,-1.4377015135234423,17
dmw=13335,14,0.6842105263157895,-0.1941386154166379,-1.3640471380619066,19
dmw=13335,4,0.6756756756756757,-0.15966662852448377,-1.0883037096963861,222
dmw=13429,13,0.21649484536082475,-0.23678398963867925,-1.7095408978572406,97
dmw=13429,4,0.20304568527918782,-0.2222081613273993,-1.6010435270630035,591
dmw=13429,6,0.21176470588235294,-0.2158224369504603,-1.5535104270073188,340
dmw=13429,14,0.3541666666666667,-0.1587489629597864,-1.1286754373354604,48
dmw=13429,8,0.304,-0.1432759619272762,-1.013499826421829,125
dmw=13437,1,0.4427736006683375,-0.14145821244966605,-2.1346311810142726,1197
dmw=13437,0,0.4951974386339381,-0.12775648577593796,-2.007951920577448,937
dmw=13437,10,0.5148514851485149,-0.0664161700716801,-1.4408302713566907,101
dmw=13468,4,0.07857142857142857,-0.07786820946546358,-1.1481045804743704,280
dmw=13468,10,0.06451612903225806,-0.06984337036924132,-1.072658367082023,31
dmw=13468,6,0.09137055837563451,-0.06633214105014368,-1.0396472433321629,197
dmw=13469,4,0.14695340501792115,-0.17568444083693163,-1.5799266643839929,279
dmw=13469,7,0.2159090909090909,-0.12698518681295953,-1.2897318635048902,176
dmw=13469,13,0.2463768115942029,-0.101618021414522,-1.1385710365229575,69
dmw=13474,13,0.13333333333333333,-0.35690653085289914,-2.054868786949883,75
dmw=13474,14,0.2631578947368421,-0.2866909446256181,-1.6673657609593713,19
dmw=13474,4,0.29213483146067415,-0.1697253401738284,-1.021860566212913,356
dmw=13479,16,0.5869565217391305,-0.22465460636301515,-2.848616061781991,92
dmw=13479,12,0.6830985915492958,-0.1658848217496589,-2.0858669359659805,142
dmw=13485,1,0.1068075117370892,-0.17019986644361046,-1.7126885356138979,852
dmw=13485,7,0.19827586206896552,-0.13302592128674495,-1.467510597672311,232
dmw=13485,0,0.19207683073229292,-0.11850091063566637,-1.3717119907452409,833
dmw=13485,3,0.2753623188405797,-0.083690677331686,-1.142123735188265,276
dmw=13504,7,0.4033018867924528,-0.1450886156389114,-1.8703737712373463,424
dmw=13504,1,0.4001019367991845,-0.08418275636848388,-1.3619342709902218,1962
dmw=13504,0,0.46765913757700206,-0.05708394510439052,-1.1357145571326315,1948
dmw=13505,7,0.2625766871165644,-0.17075498499401942,-2.1306535800760247,815
dmw=13505,10,0.2623762376237624,-0.106390066877255,-1.3853808416978768,202
dmw=13505,13,0.34210526315789475,-0.09677372802387657,-1.2740345462294629,228
dmw=13506,7,0.6903669724770642,-0.2036921294778533,-2.665165213771094,436
dmw=13506,9,0.6432160804020101,-0.1843841496297517,-2.414116881928624,199
dmw=1354,14,0.136986301369863,-0.11178809769641879,-1.209259397707587,73
dmw=1354,12,0.07228915662650602,-0.0972112106778593,-1.0921038941360905,83
dmw=13541,13,0.39655172413793105,-0.16160595603678696,-1.7931668821776359,58
dmw=13541,8,0.45263157894736844,-0.09953706737083673,-1.154074362366234,95
dmw=13567,10,0.39154929577464787,-0.1617713363998769,-1.6204968316410477,355
dmw=13567,7,0.45849802371541504,-0.16003796754834299,-1.6075376342269714,1012
dmw=13567,1,0.47009102730819247,-0.0862405945126879,-1.055805828868299,3076
dmw=13567,4,0.5152017689331122,-0.08158299901114441,-1.020984215726928,1809
dmw=13568,7,0.09792284866468842,-0.25290608658330127,-1.6077397938859275,337
dmw=13568,10,0.13636363636363635,-0.15585358534322347,-1.1273655859618998,132
dmw=13572,8,0.7620967741935484,-0.06123826509190489,-1.6310630194816182,248
dmw=13572,9,0.6695652173913044,-0.05687292614156725,-1.5123789963023702,345
dmw=13572,16,0.6886792452830188,-0.052540036928902634,-1.3945772105534704,106
dmw=13640,9,0.653179190751445,-0.18961387838833366,-2.8764682074548467,173
dmw=13640,10,0.7769230769230769,-0.10112693455765531,-1.5053408160669657,130
dmw=13640,16,0.7575757575757576,-0.09498752280319545,-1.4102090908753204,33
dmw=13657,11,0.21686746987951808,-0.5381401304686289,-3.155804251894817,83
dmw=13657,16,0.3,-0.35719443236216236,-1.9549790980298725,10
dmw=13666,10,0.1111111111111111,-0.14368134166524027,-1.6113792982325803,27
dmw=13666,1,0.14143426294820718,-0.11567976440447578,-1.3953862462884568,502
dmw=13666,7,0.22321428571428573,-0.08596239944629983,-1.1661582891173565,112
dmw=13666,12,0.1794871794871795,-0.08431086176443506,-1.1534189830066781,39
dmw=13666,0,0.21105527638190955,-0.0781827325665663,-1.106149026895662,597
dmw=13676,4,0.09663865546218488,-0.21261460935813603,-1.6193074923310147,238
dmw=13692,9,0.683377308707124,-0.1435791889474417,-3.1999651119109416,379
dmw=13692,16,0.7777777777777778,-0.059743409428554606,-1.2486921899316483,261
dmw=13693,6,0.19626168224299065,-0.5320558043046408,-2.4112715113127194,107
dmw=13693,8,0.3918918918918919,-0.35196687894041934,-1.5747038939473759,74
dmw=13693,4,0.42857142857142855,-0.2978543018324494,-1.323334579542513,168
dmw=13693,13,0.46808510638297873,-0.2803670074359962,-1.2421007991875022,47
dmw=13718,4,0.2717391304347826,-0.36196790496318043,-2.184749928152517,368
dmw=13718,6,0.4056603773584906,-0.2302582208143209,-1.2700538204028522,212
dmw=13718,8,0.4318181818181818,-0.22241798264686113,-1.2156050121625972,132
dmw=13722,14,0.2222222222222222,-0.18555670616963482,-1.8622094746400544,54
dmw=13722,4,0.16885553470919323,-0.1572019718746666,-1.5364988653301428,533
dmw=13722,7,0.23214285714285715,-0.1142759783761097,-1.0434083164220755,224
dmw=13722,13,0.24096385542168675,-0.11057991494517039,-1.0009516649290315,83
dmw=13745,8,0.17721518987341772,-0.25633466393395893,-1.6942892357260702,79
dmw=13745,13,0.21666666666666667,-0.22284832873794203,-1.463640270364755,60
dmw=13745,4,0.2518703241895262,-0.15982984522353882,-1.0295781988913408,401
dmw=13763,13,0.17061611374407584,-0.14414940632862397,-1.7132012896857363,211
dmw=13763,7,0.21119592875318066,-0.09872456997693058,-1.1820368695771812,393
dmw=13763,14,0.28169014084507044,-0.08677020479037784,-1.0422513697920075,71
dmw=13763,6,0.2072072072072072,-0.0855140465326219,-1.0275627847329525,666
dmw=13772,7,0.39889705882352944,-0.3538290763507801,-3.0534512761000268,544
dmw=13772,13,0.5851063829787234,-0.17179446518578567,-1.5409472424188506,94
dmw=13790,6,0.17972350230414746,-0.25636113550937983,-1.948432616590323,217
dmw=13790,4,0.2170212765957447,-0.2167188314187893,-1.6315468716885688,235
dmw=13790,15,0.36363636363636365,-0.14538602404521206,-1.0613391020076253,33
dmw=13806,8,0.5202312138728323,-0.18753196946925565,-1.4699482029396098,173
dmw=13806,6,0.5134706814580031,-0.17747106690514514,-1.380289821510114,631
dmw=13806,13,0.54,-0.1727538650946301,-1.3382521736438306,250
dmw=13806,4,0.5243055555555556,-0.16459535097567612,-1.2655470494152699,864
dmw=13808,3,0.09665427509293681,-0.26000010702953313,-1.6623051571987362,269
dmw=13808,0,0.07289879931389365,-0.23544837154501908,-1.5740243708827404,1166
dmw=13808,1,0.061246040126715945,-0.21367572528821435,-1.495736368271149,947
dmw=13808,7,0.13399503722084366,-0.19499836223359168,-1.4285780894679487,403
dmw=13809,13,0.15,-0.33503388507126275,-2.2437321685727576,20
dmw=13809,6,0.24761904761904763,-0.21143453406027624,-1.3470117075683126,105
dmw=13809,4,0.24864864864864866,-0.2080369216399458,-1.3223618323792243,185
dmw=13828,11,0.05084745762711865,-0.6216408023870118,-3.411045420011803,59
dmw=13832,0,0.5123762376237624,-0.14413919877774772,-2.2042954887452355,808
dmw=13832,1,0.49938800489596086,-0.11974475352531538,-1.9673674259440042,817
dmw=13835,13,0.03125,-0.45950329930575334,-2.0791457508216125,32
dmw=13835,5,0.2235294117647059,-0.2972717001320673,-1.3119389454628323,85
dmw=13835,4,0.19373219373219372,-0.2686386499066633,-1.1765308554051663,351
dmw=13844,13,0.06315789473684211,-0.34113953511649076,-1.7971858539876233,190
dmw=13844,6,0.0502283105022831,-0.32922680404200766,-1.7297010008424363,438
dmw=13844,8,0.10606060606060606,-0.2924098466790053,-1.5211353121384605,198
dmw=13844,4,0.16358463726884778,-0.2136267490972419,-1.0748341459838364,703
dmw=1386,14,0.18181818181818182,-0.2708361127983114,-1.811924683052849,22
dmw=1386,13,0.125,-0.2693514418136589,-1.8000975074844352,48
dmw=13863,8,0.02631578947368421,-0.12605614525839517,-1.7497357565532288,152
dmw=13863,13,0.030927835051546393,-0.12460278675476619,-1.7297814708866333,97
dmw=13863,6,0.07073170731707316,-0.07159027532867852,-1.0019316015952922,410
dmw=13868,7,0.6192926045016077,-0.1946035158781867,-2.497361923471164,1555
dmw=13868,12,0.6200607902735562,-0.15778875642361556,-2.063265369202906,329
dmw=1387,13,0.24742268041237114,-0.4552597351875248,-1.8254339748678183,97
dmw=1387,4,0.24566473988439305,-0.43270577774634966,-1.7220475813739808,346
dmw=1387,6,0.30472103004291845,-0.3757273663974397,-1.4608609372235517,233
dmw=1387,8,0.34615384615384615,-0.3514371465035566,-1.3495155895810944,78
dmw=1388,6,0.3277310924369748,-0.36496868334765703,-2.1434912860437594,238
dmw=1388,13,0.4117647058823529,-0.3026743910716325,-1.7396773176798472,51
dmw=1388,4,0.46368715083798884,-0.2269781947624665,-1.2489873956206066,358
dmw=1388,14,0.5357142857142857,-0.22491777713485983,-1.2356310287964338,28
dmw=13908,13,0.05263157894736842,-0.4116667142270456,-1.821804009202927,19
dmw=13908,8,0.0975609756097561,-0.3607108352125994,-1.6088252489314983,41
dmw=13908,6,0.21468926553672316,-0.2237936831565919,-1.0365567321521865,177
dmw=13925,4,0.0586145648312611,-0.22503894690301973,-1.9142227033514954,563
dmw=13925,13,0.09090909090909091,-0.21642768706574686,-1.846358580119323,132
dmw=13925,6,0.12403100775193798,-0.16156492929252403,-1.4139929304076164,387
dmw=13925,8,0.1506849315068493,-0.15151339918880058,-1.3347782405107422,146
dmw=13958,8,0.0975609756097561,-0.5609155325203823,-2.6904837412308495,41
dmw=13958,6,0.24444444444444444,-0.39581561678482313,-1.8891741163062004,135
dmw=1398,16,0.6875,-0.2498051415113226,-3.0256622627013674,16
dmw=1398,9,0.7661691542288557,-0.16653813898700232,-1.8916198116011746,201
dmw=13983,4,0.2,-0.3179063311400521,-2.022798936187176,170
dmw=13983,6,0.2465753424657534,-0.2737124538483042,-1.7280786084464717,73
dmw=13984,13,0.4077669902912621,-0.26365563154704846,-2.4267761694733854,103
dmw=13984,4,0.44932432432432434,-0.19651857364881897,-1.7793259145822666,592
dmw=13984,10,0.4387755102040816,-0.1653838368353911,-1.4790715704556772,98
dmw=14007,12,0.5416666666666666,-0.36144905605772015,-3.62082429950686,96
dmw=14011,8,0.48854961832061067,-0.28924566545559044,-2.0558621721121946,131
dmw=14011,13,0.5526315789473685,-0.22932685722426283,-1.572334650859452,152
dmw=14031,8,0.37681159420289856,-0.355832123399482,-2.178062908298614,138
dmw=14031,6,0.460431654676259,-0.2562494843851906,-1.5502948237185354,278
dmw=14031,4,0.4677804295942721,-0.2469596632367856,-1.4917318725239126,419
dmw=14031,13,0.5178571428571429,-0.21951002730974922,-1.3186896079393888,56
dmw=14033,9,0.6923076923076923,-0.13605153678623383,-2.589786490525839,78
dmw=14035,12,0.7529411764705882,-0.1267117474432784,-2.549673559693571,85
dmw=14036,12,0.6779661016949152,-0.22071272288257537,-2.902453385320527,118
dmw=14036,16,0.7086614173228346,-0.1630854674729545,-2.124447571337929,127
dmw=14037,9,0.628140703517588,-0.21583833395014174,-3.3812059770153153,398
dmw=14038,9,0.5,-0.30396836294161766,-3.4875726312184043,150
dmw=14039,16,0.6285714285714286,-0.20854512909398093,-2.6571903491213753,70
dmw=14039,9,0.6349206349206349,-0.19161037272715098,-2.439391254885964,189
dmw=14040,9,0.75,-0.10542725203286019,-2.666617847406285,276
dmw=14040,16,0.7913669064748201,-0.07317156275043768,-1.8686136895947882,139
dmw=14041,12,0.8012618296529969,-0.07669740505940148,-2.8922146948083207,317
dmw=14042,9,0.6974358974358974,-0.11504958791100517,-2.9201964649176673,195
dmw=14043,9,0.7624113475177305,-0.09160331676819944,-2.419857453395883,564
dmw=14043,16,0.7925925925925926,-0.07060807593581075,-1.8743585613748288,270
dmw=14044,9,0.6544117647058824,-0.1884198445603562,-3.26164008974513,136
dmw=14044,12,0.8125,-0.07051290982472114,-1.2318462179233856,160
dmw=14045,16,0.48,-0.32249709159259665,-3.4909121405798946,25
dmw=14045,12,0.7288135593220338,-0.11251036246869472,-1.1314912541480322,59
dmw=14046,9,0.569620253164557,-0.2577555675574513,-3.517646029528733,79
dmw=14047,9,0.48314606741573035,-0.3286675635702074,-2.387223321558986,89
dmw=14047,12,0.5625,-0.296094466948034,-2.112066946706643,48
dmw=14047,16,0.6190476190476191,-0.20405744533916292,-1.3345979356435491,21
dmw=14048,9,0.6864406779661016,-0.1288673630761532,-2.709581501650191,236
dmw=14049,9,0.49206349206349204,-0.32346943141679757,-3.6634311966971644,126
dmw=14050,9,0.33980582524271846,-0.457746507910661,-3.598973975276961,103
dmw=14051,10,0.7169811320754716,-0.1499452924007848,-2.187633738314996,106
dmw=14051,9,0.7093596059113301,-0.1197199494734893,-1.6927606753955473,203
dmw=14051,16,0.7241379310344828,-0.11540184709772827,-1.6220613105005726,58
dmw=14052,9,0.6376811594202898,-0.21795741032408844,-3.3947541834852,138
dmw=14053,9,0.640625,-0.1732786486491099,-2.489506143107731,128
dmw=14053,15,0.7647058823529411,-0.14004828332356056,-1.978678293844468,85
dmw=14053,11,0.7902097902097902,-0.09328521131639,-1.2598213308125357,143
dmw=14054,9,0.6666666666666666,-0.18116504990348858,-3.0002321291459615,168
dmw=14054,12,0.770949720670391,-0.1159565091785616,-1.9096287920108008,179
dmw=14058,12,0.7888888888888889,-0.11594408109615362,-2.530652789222044,180
dmw=14058,9,0.7745098039215687,-0.09654191764887599,-2.106586426330484,408
dmw=14059,9,0.7034883720930233,-0.1380680148703045,-2.2143194376590776,172
dmw=14059,12,0.7631578947368421,-0.11886017587611797,-1.904677684619437,76
dmw=14059,16,0.7525773195876289,-0.09881258439540053,-1.5814986236021775,97
dmw=14060,6,0.7714932126696833,-0.08196965136478107,-1.6215734084184517,442
dmw=14060,16,0.717948717948718,-0.07703785791331297,-1.5226561989559266,39
dmw=14060,10,0.7572815533980582,-0.07114175517595234,-1.40439779352525,103
dmw=14060,9,0.7123287671232876,-0.07004608295757808,-1.382421845141821,146
dmw=14061,16,0.6753246753246753,-0.130288232230236,-2.4444593334405744,77
dmw=14061,9,0.7012987012987013,-0.09218636455278673,-1.8120980976498362,231
dmw=14062,9,0.6927899686520376,-0.11503367878990756,-1.6287629026250878,319
dmw=14062,11,0.7714285714285715,-0.10792303483855836,-1.497249072725774,105
dmw=14062,13,0.7965116279069767,-0.08664461823529568,-1.103697366180652,172
dmw=14062,6,0.7856272838002436,-0.08633190646354527,-1.0979136533356721,821
dmw=14067,9,0.7115384615384616,-0.14907454085275496,-3.1317120870532755,260
dmw=14068,9,0.6830985915492958,-0.13249929176052966,-2.117754192695382,142
dmw=14068,16,0.7083333333333334,-0.11837739132458047,-1.8850977989074622,24
dmw=14068,12,0.7608695652173914,-0.1007288130655648,-1.5943398664429362,92
dmw=14069,12,0.6839622641509434,-0.18295985465812048,-3.080974639786207,212
dmw=14069,16,0.75,-0.08311651985141044,-1.4467327817536788,108
dmw=14070,9,0.375,-0.47253381362392377,-3.4781270116541925,48
dmw=14070,16,0.6363636363636364,-0.2206957277316357,-1.5548289164028717,66
dmw=14077,16,0.3888888888888889,-0.3802049224721901,-2.939232481459586,36
dmw=14077,12,0.543859649122807,-0.2690971535455856,-1.9723291692493865,57
dmw=14078,16,0.6307692307692307,-0.22757204764096262,-3.467134557516874,65
dmw=14079,9,0.6640625,-0.1619964549648153,-2.360123099945566,128
dmw=14079,16,0.6935483870967742,-0.14311923142802208,-2.079175209492103,62
dmw=14080,9,0.7295673076923077,-0.10458853973565807,-2.2720423744750384,832
dmw=14080,16,0.7491166077738516,-0.09524711529160113,-2.056698591651423,283
dmw=14080,12,0.7973684210526316,-0.0788610329163365,-1.6789573825370252,380
dmw=14081,16,0.7222222222222222,-0.15123130664718099,-2.8472057102835646,54
dmw=14081,11,0.8557213930348259,-0.06160246177764317,-1.067054165226665,201
dmw=14082,9,0.685,-0.16631507219363795,-3.1293789862050776,200
dmw=14082,16,0.7578947368421053,-0.10274849010381382,-1.9490956485816517,95
dmw=14083,16,0.6363636363636364,-0.2523375139506351,-2.6383228568764894,22
dmw=14083,9,0.6710526315789473,-0.20993877950802808,-2.167197590033396,152
dmw=14083,12,0.8,-0.11243049085392365,-1.083707266194531,35
dmw=14084,16,0.625,-0.2147740699974322,-2.7587790351228914,24
dmw=14084,9,0.6626506024096386,-0.16667541309988854,-2.128802761935935,83
dmw=14089,16,0.7425742574257426,-0.11804172047491213,-3.0427625639170706,101
dmw=14089,9,0.7903225806451613,-0.06096373369926955,-1.6160143735349553,248
dmw=14091,12,0.6216216216216216,-0.2909879903349666,-2.770059581677841,74
dmw=14091,9,0.6336633663366337,-0.2475631025352465,-2.3225935777086772,101
dmw=14094,0,0.375,-0.1508477109721712,-1.389587055740019,944
dmw=14094,11,0.41379310344827586,-0.13227520122365782,-1.2769927910692331,29
dmw=14094,7,0.43175487465181056,-0.11773248095610817,-1.1888287832420865,359
dmw=14094,1,0.38540478905359177,-0.09998634850554061,-1.081244360830788,877
dmw=14100,9,0.6506024096385542,-0.12319601461811236,-2.3575071908234753,83
dmw=14100,10,0.7669172932330827,-0.05432970034735285,-1.2059830591887626,133
dmw=14101,9,0.35185185185185186,-0.43982339262969805,-3.609306402770993,108
dmw=14111,9,0.5959595959595959,-0.12473929404858386,-1.9735039599755444,99
dmw=14111,16,0.6333333333333333,-0.1023439646976092,-1.674403668772877,30
dmw=14112,9,0.6666666666666666,-0.1784646331184615,-2.80454521088457,129
dmw=14112,11,0.7945205479452054,-0.10989582988980029,-1.6528538419079684,73
dmw=14117,1,0.04714201532115498,-0.08715186638838249,-1.0613149356692055,1697
dmw=14117,6,0.07190635451505016,-0.08410947126084285,-1.0418434650292099,598
dmw=14117,10,0.05472636815920398,-0.07815655716701253,-1.0037445373287268,201
dmw=14118,9,0.4603174603174603,-0.3721030440204898,-2.993994085350639,63
dmw=14118,12,0.6575342465753424,-0.2173340685966404,-1.643678264447089,73
dmw=14119,14,0.5,-0.26029491546251415,-1.95738815943986,10
dmw=14119,4,0.5064102564102564,-0.18385952299440778,-1.3933727769540916,156
dmw=14119,13,0.5483870967741935,-0.1656742488471884,-1.2591839669989093,31
dmw=14119,6,0.5376344086021505,-0.15467124353911688,-1.1779929892733174,93
dmw=14120,11,0.5566037735849056,-0.2476928760698458,-2.5189186430919017,106
dmw=14120,2,0.6075268817204301,-0.21032417259939873,-2.0931407145560397,558
dmw=14120,15,0.7076923076923077,-0.1296545890905444,-1.1739938089264612,65
dmw=14130,6,0.42066420664206644,-0.24682083412440664,-1.5966749394354134,271
dmw=14130,14,0.5,-0.23889024249755364,-1.540822857241756,14
dmw=14130,4,0.4507042253521127,-0.2146600972996417,-1.3701793384687382,497
dmw=14130,13,0.4805194805194805,-0.20969090967074572,-1.3351832765173126,77
dmw=14134,6,0.28169014084507044,-0.46948128798929817,-2.096449310243126,142
dmw=14134,13,0.35365853658536583,-0.4164883247894118,-1.8306080454383253,82
dmw=14134,8,0.35365853658536583,-0.41216718711352884,-1.808930889910724,82
dmw=14134,4,0.46551724137931033,-0.28386680727364394,-1.1653070351185368,174
dmw=14138,15,0.09090909090909091,-0.21144188280190354,-1.5911550440679567,11
dmw=14138,8,0.05660377358490566,-0.20276160531763365,-1.5167967191216685,53
dmw=14143,6,0.03211009174311927,-0.34059235149483524,-1.7695093103805801,218
dmw=14143,8,0.08,-0.31159293089806595,-1.6270760948909988,100
dmw=14151,9,0.5700934579439252,-0.11231617727894794,-2.1283077810366575,107
dmw=14151,1,0.6910069177555727,-0.05396869923190839,-1.277101427318946,1301
dmw=14172,13,0.21052631578947367,-0.4559637990730856,-2.180499254672602,19
dmw=14172,10,0.3333333333333333,-0.2654870946395818,-1.2216601232216568,42
dmw=14172,4,0.38349514563106796,-0.25723672017241966,-1.180128630371829,206
dmw=14185,16,0.0,-0.5310585294665505,-2.5303875985234945,13
dmw=14185,14,0.2619047619047619,-0.4437855814318061,-2.0699713025391713,42
dmw=14186,10,0.12121212121212122,-0.2818262967379983,-1.9143036181686948,66
dmw=14186,7,0.24566473988439305,-0.22347986914389825,-1.48615570076707,346
dmw=14186,13,0.30851063829787234,-0.1662556428699163,-1.066242531882636,94
dmw=14187,6,0.38443935926773454,-0.3899051062007761,-2.30741175220356,437
dmw=14187,4,0.44297082228116713,-0.329702344515551,-1.9292196873751724,754
dmw=14187,13,0.5897435897435898,-0.2022983819866747,-1.1288715586955653,195
dmw=14196,13,0.38461538461538464,-0.2964066997712153,-2.187056169004767,78
dmw=14196,15,0.5333333333333333,-0.18725125648120755,-1.2665309223859913,30
dmw=14206,16,0.058823529411764705,-0.7943779906618045,-3.7859339784494774,17
dmw=14216,4,0.5110132158590308,-0.16871148824010807,-1.1478789776661107,227
dmw=14216,8,0.5370370370370371,-0.1618631358378667,-1.0982926741619274,54
dmw=14216,13,0.546875,-0.15710390749587488,-1.0638329198808127,64
dmw=14230,16,0.48,-0.3250029663092102,-2.9211474718672172,25
dmw=14230,9,0.5695364238410596,-0.22331043162198827,-1.972407252871016,151
dmw=14231,16,0.5714285714285714,-0.19070434796213453,-2.5724236393812596,77
dmw=14231,10,0.7105263157894737,-0.08905074648455003,-1.2815148351477863,152
dmw=14232,11,0.7397260273972602,-0.10207557167464842,-1.8666019634454274,73
dmw=14232,16,0.6790123456790124,-0.08898015401559578,-1.6588395455949236,81
dmw=14232,9,0.6689655172413793,-0.08526803501006164,-1.5999457523598954,145
dmw=14232,1,0.7553269654665687,-0.05133194606772562,-1.0615403288279863,1361
dmw=14233,16,0.5113636363636364,-0.27680366598035444,-3.3656424180586524,88
dmw=14234,10,0.6363636363636364,-0.14628945386918268,-2.3945638298303,110
dmw=14234,16,0.6666666666666666,-0.07639647490793966,-1.3892579324440875,36
dmw=14234,1,0.7309847878302642,-0.053734860504501825,-1.0633045256405036,1249
dmw=14235,16,0.6305970149253731,-0.18299000204561056,-3.2071802818973225,268
dmw=14236,10,0.3153153153153153,-0.19086732607800483,-2.404646126505619,111
dmw=14236,6,0.48058252427184467,-0.07228439595032221,-1.0592770726390248,412
dmw=14236,0,0.4817332200509771,-0.06781799273752298,-1.008604006472416,1177
dmw=14237,16,0.6081081081081081,-0.21627849961683543,-3.69257159176542,148
dmw=14238,9,0.660958904109589,-0.15556204460194933,-2.478907850916111,292
dmw=14238,11,0.7659574468085106,-0.11931407175270425,-1.9697771890039826,141
dmw=14239,16,0.5747126436781609,-0.23084458612526593,-2.7022123781034026,87
dmw=14239,9,0.588957055214724,-0.20446974986995559,-2.3900962539695665,163
dmw=1424,11,0.36486486486486486,-0.1821512452033079,-1.5760865270841418,74
dmw=1424,6,0.3482142857142857,-0.1819268562348787,-1.5738749292811376,336
dmw=1424,8,0.3829787234042553,-0.1670360154367101,-1.4271094665016917,94
dmw=14240,16,0.6195652173913043,-0.12086719977796268,-2.605060478416747,92
dmw=14240,9,0.6708860759493671,-0.05473689516063607,-1.340577650362973,237
dmw=14241,16,0.5581395348837209,-0.17876258415612656,-2.1466597604776787,86
dmw=14241,9,0.5825242718446602,-0.13944261537204383,-1.6852640271648338,103
dmw=14241,10,0.6435643564356436,-0.13359232988777925,-1.61661451281948,101
dmw=14242,10,0.689119170984456,-0.12859696542047228,-2.534916048484451,193
dmw=14242,12,0.75,-0.07460195970383099,-1.5725576503816983,112
dmw=14243,9,0.6120218579234973,-0.19370453363663787,-3.00548347704548,183
dmw=14243,16,0.703125,-0.11417586941817204,-1.7764968728262613,64
dmw=14246,16,0.5988023952095808,-0.19433709291984358,-2.965492525261402,167
dmw=14246,9,0.684346701164295,-0.09609881532741804,-1.4794000990415483,773
dmw=14246,10,0.7470119521912351,-0.07979989229913864,-1.2328393219037583,502
dmw=14247,9,0.43373493975903615,-0.32314805957084697,-3.6249367563439407,83
dmw=14248,16,0.7073170731707317,-0.10060519025643755,-2.1322976873602113,82
dmw=14248,1,0.7847738981110475,-0.05653514232804413,-1.3614619315233296,1747
dmw=14249,9,0.6977777777777778,-0.08257358849229346,-1.8009049194806974,225
dmw=14249,12,0.7701149425287356,-0.06323284232007342,-1.3893133856345259,87
dmw=14249,16,0.7413793103448276,-0.05167002759523198,-1.1432444591412776,58
dmw=14249,11,0.8099173553719008,-0.05041932809684113,-1.1166282510415753,121
dmw=14250,16,0.6851851851851852,-0.14174406876092038,-2.507515586910825,54
dmw=14250,10,0.725,-0.1310992942595962,-2.3159291279050107,120
dmw=14251,9,0.4691358024691358,-0.32700953318971526,-3.1524361500499234,81
dmw=14251,16,0.6470588235294118,-0.16109589825000237,-1.55335041479092,17
dmw=14252,15,0.6,-0.3132095870031303,-3.4853476555951532,25
dmw=14253,9,0.70703125,-0.08230110405099245,-2.0634493405930203,256
dmw=14253,1,0.773039069490009,-0.06286056377768945,-1.635872507733622,3353
dmw=14253,16,0.75,-0.05164310497521918,-1.3891548013292565,96
dmw=14254,12,0.73,-0.1477701425134781,-2.122684373944226,100
dmw=14254,9,0.7204030226700252,-0.11571929201759734,-1.6303638548219472,397
dmw=14254,16,0.7333333333333333,-0.1128981311297288,-1.5870291110833554,120
dmw=14254,14,0.84,-0.08096230790170977,-1.0964754806192791,25
dmw=14255,11,0.6976744186046512,-0.17765846603932733,-2.613106759922957,86
dmw=14255,9,0.7037037037037037,-0.09825525155140324,-1.4709087811991521,135
dmw=14256,9,0.6307277628032345,-0.151136069518092,-2.655066587610075,371
dmw=14256,16,0.6793893129770993,-0.11510808077876655,-2.0647931239023194,262
dmw=14257,16,0.47191011235955055,-0.3232606808628456,-3.402088275121915,89
dmw=14257,10,0.7109826589595376,-0.11760130032332394,-1.2067604344028817,173
dmw=14258,16,0.5172413793103449,-0.30325038433239504,-3.647680573694246,29
dmw=14259,9,0.6412213740458015,-0.17219622503011311,-2.3846073112188186,131
dmw=14259,16,0.6891891891891891,-0.13544439268920905,-1.8498844003366774,74
dmw=14259,10,0.7734806629834254,-0.08064162455451274,-1.052528354805071,181
dmw=14260,9,0.6151761517615176,-0.20516933701682372,-2.8813613717643616,369
dmw=14260,10,0.7382198952879581,-0.12157940046696791,-1.6952094738396666,191
dmw=14261,16,0.6013986013986014,-0.23715045977157645,-3.5656711029503003,143
dmw=14262,16,0.6111111111111112,-0.23515274015126408,-2.9819138766683584,54
dmw=14262,9,0.6716417910447762,-0.16451462739086364,-2.074779299565654,134
dmw=14263,12,0.6161616161616161,-0.2484175552448351,-3.3111429314305862,99
dmw=14263,9,0.696078431372549,-0.12328325979583699,-1.6029851748869965,204
dmw=14264,16,0.7298850574712644,-0.12246918356407244,-3.1624944655522316,174
dmw=14265,9,0.5911949685534591,-0.20863742594139456,-2.6461166095325614,159
dmw=14265,16,0.6666666666666666,-0.14500928369192756,-1.8251399241082429,60
dmw=14265,11,0.7857142857142857,-0.08815600931668943,-1.091577523856123,84
dmw=14266,11,0.7723577235772358,-0.09137121415100347,-1.857017106936479,123
dmw=14266,10,0.75,-0.08078107086754271,-1.6649995132433015,72
dmw=14266,9,0.7294117647058823,-0.05578956099548382,-1.211860262909775,170
dmw=14267,16,0.3972602739726027,-0.2337477194103023,-2.480431779807915,73
dmw=14267,9,0.44776119402985076,-0.16545547614501493,-1.8642230402620532,67
dmw=14267,1,0.6087516087516087,-0.07433178233866289,-1.042003505240326,777
dmw=14268,16,0.6,-0.21262596141354984,-2.7777970186489056,75
dmw=14268,9,0.6746987951807228,-0.12612869524118742,-1.6821660470584379,166
dmw=14269,16,0.5338983050847458,-0.26461598026318744,-3.6746751155552677,118
dmw=14270,9,0.6338028169014085,-0.16388778456302122,-2.818886697496471,142
dmw=14270,16,0.7384615384615385,-0.07116918264655614,-1.2688499350263143,65
dmw=14272,9,0.5454545454545454,-0.23252049514981377,-2.853913293565923,187
dmw=14272,12,0.7083333333333334,-0.12308761954192471,-1.514251555173895,168
dmw=14273,16,0.6551724137931034,-0.15289401670447522,-2.9799378722283456,116
dmw=14274,16,0.5733333333333334,-0.13418133115190956,-2.4011423725611234,75
dmw=14275,16,0.4583333333333333,-0.3330620805011945,-3.2155762194489266,24
dmw=14275,12,0.7065217391304348,-0.1254259351608601,-1.0941762407596864,92
dmw=14276,9,0.5662921348314607,-0.21530106914084013,-3.1337221713442784,445
dmw=14276,16,0.6911764705882353,-0.10306184369611915,-1.5812932196520328,136
dmw=14277,11,0.7446808510638298,-0.1273269401440621,-2.3095954887533514,47
dmw=14277,9,0.7236842105263158,-0.07344620104442923,-1.4237056442311031,76
dmw=14278,10,0.6653225806451613,-0.11054978026244244,-1.8978994369569397,248
dmw=14278,15,0.765625,-0.08282079352349947,-1.4252442191219008,64
dmw=14278,16,0.6744186046511628,-0.061046158183675536,-1.054084064345349,43
dmw=14278,8,0.7584269662921348,-0.060533570485371224,-1.04534673641907,178
dmw=14279,16,0.5777777777777777,-0.10882542105816162,-1.9985238803123513,45
dmw=14279,1,0.6576895818568391,-0.07644870995233854,-1.6083320857743262,1411
dmw=14279,0,0.7118320610687023,-0.0526940810349934,-1.3220503428403836,1572
dmw=14280,16,0.6858974358974359,-0.13393901602263147,-3.0548557390600295,156
dmw=14280,11,0.8090909090909091,-0.07064418504847458,-1.6392825235099773,220
dmw=14281,16,0.646551724137931,-0.1688999853575721,-3.0304626912797956,116
dmw=14281,9,0.7488855869242199,-0.0549026198469581,-1.015357720039921,673
dmw=14282,11,0.7565217391304347,-0.10760410214092375,-2.1362346645949075,115
dmw=14282,16,0.7017543859649122,-0.09648153622338762,-1.9255312081587013,114
dmw=14282,6,0.8040201005025126,-0.05193322724853333,-1.0816177848549202,597
dmw=14283,16,0.5975609756097561,-0.17660250633073393,-2.732325161568477,164
dmw=14283,11,0.744807121661721,-0.10159490686612715,-1.6371134116095474,337
dmw=14284,9,0.6040816326530613,-0.17596701421511562,-2.43722694956647,245
dmw=14284,15,0.75,-0.1350934903275509,-1.8813600051534387,44
dmw=14285,16,0.631578947368421,-0.20923870250561016,-2.964708925508474,76
dmw=14285,9,0.7,-0.1304239040319387,-1.8732454095885112,220
dmw=14286,16,0.7191011235955056,-0.11799644360877726,-1.9317742035563596,89
dmw=14286,9,0.7333333333333333,-0.0931777054667049,-1.5220251602303052,210
dmw=14286,8,0.8048780487804879,-0.0882961238886314,-1.4414318855003962,164
dmw=14286,11,0.8279569892473119,-0.06405634463889998,-1.041241259322862,93
dmw=14287,11,0.8132780082987552,-0.08314509544603954,-2.0157082163456694,241
dmw=14287,12,0.8085106382978723,-0.06688703920865169,-1.6308395652136325,282
dmw=14288,9,0.6137566137566137,-0.17405405392010742,-2.482436902716529,189
dmw=14288,10,0.7251461988304093,-0.1078083126292757,-1.520870176192607,171
dmw=14288,16,0.696078431372549,-0.10410939985082424,-1.4671799104824197,102
dmw=14289,9,0.7125984251968503,-0.10488172901108583,-2.427002708764062,254
dmw=14289,16,0.7741935483870968,-0.05430986544336658,-1.3891888456614674,62
dmw=14290,16,0.6,-0.15922676736739771,-2.6365156677938844,85
dmw=14290,15,0.8018018018018018,-0.06213493885411492,-1.126795092133081,111
dmw=14290,1,0.7376498800959232,-0.061321795490738684,-1.114151193203078,2085
dmw=14291,16,0.6181818181818182,-0.11276824031570754,-2.350864920898046,55
dmw=14291,1,0.7172218284904324,-0.0567512264683695,-1.3364031586707048,1411
dmw=14292,9,0.631578947368421,-0.1469531849935506,-2.312698135273156,399
dmw=14292,16,0.6551724137931034,-0.1361347346022781,-2.140479130256456,203
dmw=14292,12,0.7263779527559056,-0.10549496945903902,-1.6527244448746308,508
dmw=14293,16,0.6847826086956522,-0.16717606808565266,-2.8078262888084833,92
dmw=14293,9,0.7129909365558912,-0.12916488135807613,-2.165624948312948,331
dmw=14294,9,0.6654343807763401,-0.14713056411024494,-3.0403817669920836,541
dmw=14294,16,0.7662337662337663,-0.05758731539412354,-1.2529752490698929,231
dmw=14296,16,0.7088607594936709,-0.07239954504472246,-2.0511126119855043,237
dmw=14296,10,0.762,-0.054418761291500695,-1.6117829980809208,500
dmw=14297,9,0.6121495327102804,-0.20511525740597636,-3.4051804892875035,214
dmw=14299,9,0.5816993464052288,-0.2763522776205455,-3.6691689638010354,153
dmw=14300,16,0.6016949152542372,-0.22303125047850392,-2.940030722280621,118
dmw=14300,12,0.7457627118644068,-0.11418296372364933,-1.4504585030594221,118
dmw=14300,9,0.7310344827586207,-0.08248028250617323,-1.0166121410791593,145
dmw=14301,16,0.6785714285714286,-0.09960961151848635,-2.1963447826663245,56
dmw=14301,1,0.7448979591836735,-0.07065926994656524,-1.6407996791116544,1078
dmw=14302,16,0.3783783783783784,-0.3999470936505636,-3.5401582323747496,74
dmw=14302,11,0.7281553398058253,-0.12133620272681533,-1.012972836700833,103
dmw=14303,9,0.45569620253164556,-0.28050901841263076,-3.0992383146131575,79
dmw=14304,8,0.7654320987654321,-0.08155209261614027,-1.6694257022102716,162
dmw=14304,1,0.7412162162162163,-0.06967060378941803,-1.4770988854733482,1480
dmw=14304,10,0.751269035532995,-0.05774127924808681,-1.2839977473654876,197
dmw=14304,13,0.7961165048543689,-0.053984365921626476,-1.223184225476752,103
dmw=14305,16,0.5873015873015873,-0.16792186279644516,-2.4266399098201807,63
dmw=14305,9,0.5961538461538461,-0.14480881761939401,-2.1063599221567872,104
dmw=14306,16,0.3,-0.4778605524734367,-3.750555135057936,30
dmw=14307,16,0.6408450704225352,-0.17794814176782436,-3.074992006372622,142
dmw=14307,9,0.7336956521739131,-0.07359533382517114,-1.3203726135618181,368
dmw=14308,11,0.5441176470588235,-0.2847086524450546,-3.346259483105468,68
dmw=14309,9,0.6804407713498623,-0.1293489442877196,-2.777895679629909,363
dmw=14309,16,0.7623762376237624,-0.058799599078814824,-1.3722112078175626,101
dmw=14310,9,0.523943661971831,-0.2785086457756143,-3.422888144533297,355
dmw=14310,16,0.6958174904942965,-0.11835937196655322,-1.358955364221407,263
dmw=14311,9,0.7077922077922078,-0.08830871383102235,-1.9620483401717936,308
dmw=14311,10,0.788659793814433,-0.051179769918607954,-1.1589503050907832,194
dmw=14311,11,0.8206896551724138,-0.05060727165807466,-1.1465671834699214,145
dmw=14312,16,0.6527777777777778,-0.16179870577967048,-2.6949503704069593,72
dmw=14312,11,0.7978142076502732,-0.07814510210312275,-1.3329138636844842,183
dmw=14312,9,0.7386934673366834,-0.06417757082145825,-1.105496434209791,398
dmw=14313,9,0.6673267326732674,-0.14983967113951768,-2.6675356796479885,505
dmw=14313,16,0.7310924369747899,-0.09711219321238995,-1.7682774481659003,119
dmw=14314,16,0.71875,-0.10473507477714339,-1.9855048675049012,64
dmw=14314,10,0.7615894039735099,-0.09154310747534722,-1.7521075508014117,302
dmw=14314,9,0.7448275862068966,-0.06738477770412177,-1.3246891668978726,290
dmw=14315,9,0.6129032258064516,-0.1475613294309952,-2.7164991810259913,124
dmw=14316,9,0.5736434108527132,-0.2673072659317638,-3.181157476344851,258
dmw=14316,16,0.6890756302521008,-0.16173949177568325,-1.879189032559576,119
dmw=14317,9,0.6,-0.2598951201294847,-3.5900062786397853,70
dmw=14319,16,0.66875,-0.10989812680867284,-2.5195342532973197,160
dmw=14320,16,0.6326530612244898,-0.12996019337102072,-2.4499122798785145,49
dmw=14320,9,0.6805555555555556,-0.068084151942567,-1.4075578646178821,72
dmw=14320,1,0.73568281938326,-0.06626215607842478,-1.3768647984531497,1135
dmw=14321,16,0.6428571428571429,-0.17329534593188445,-2.3750222883635934,28
dmw=14321,11,0.7323943661971831,-0.14469794643002887,-1.9853590775121965,71
dmw=14322,16,0.7272727272727273,-0.1104571607952014,-2.4139096268423414,55
dmw=14322,12,0.8059701492537313,-0.06477579535619116,-1.4776392746762412,134
dmw=14323,10,0.575,-0.23194593530421714,-2.7272747828669117,120
dmw=14323,8,0.7309417040358744,-0.11431004989330029,-1.3704866901057924,223
dmw=14323,12,0.7222222222222222,-0.09192391378119547,-1.1122896032752219,54
dmw=14324,11,0.7155172413793104,-0.14541226667618945,-2.354245974989532,116
dmw=14324,9,0.7,-0.08119735686403495,-1.2854535508876135,190
dmw=14324,16,0.7142857142857143,-0.07957362668238832,-1.2584281992674657,98
dmw=14324,12,0.7659574468085106,-0.06807562209107576,-1.0670555066103795,47
dmw=14325,9,0.585635359116022,-0.17259278628759733,-2.2688077785445566,181
dmw=14325,16,0.6428571428571429,-0.12897397015469958,-1.7101238324123547,126
dmw=14325,10,0.7068965517241379,-0.101236386089129,-1.354851858163631,174
dmw=14326,16,0.7166666666666667,-0.12397150618909114,-2.7032027771671676,60
dmw=14326,0,0.8238380809595203,-0.06274999892611555,-1.512771274889065,1334
dmw=14327,16,0.6513761467889908,-0.18829492211519083,-3.077089250294783,109
dmw=14327,11,0.8253968253968254,-0.06843249421032371,-1.1092250866969615,252
dmw=14328,16,0.6601941747572816,-0.15117645623968023,-2.465685607048361,103
dmw=14328,9,0.7198067632850241,-0.07970585334892288,-1.3173266815376063,207
dmw=14328,10,0.7769230769230769,-0.0657409721508121,-1.092944973269944,130
dmw=14329,16,0.6339285714285714,-0.2082742968732143,-2.7023712793977097,112
dmw=14329,9,0.6693121693121693,-0.1625693158021696,-2.094477623440526,378
dmw=14330,16,0.5,-0.28612053945052784,-3.6921104165780623,52
dmw=14331,10,0.7619047619047619,-0.11110544264308997,-2.2506888579098088,147
dmw=14331,9,0.7363636363636363,-0.10020377210505182,-2.0495954843578463,110
dmw=14332,9,0.6058394160583942,-0.19433856504965852,-2.5031969243086016,137
dmw=14332,16,0.6557377049180327,-0.15626819039192075,-2.0014794294166607,61
dmw=14333,16,0.36363636363636365,-0.45770348320198984,-3.720816844967712,44
dmw=14334,16,0.3469387755102041,-0.3566189088406912,-2.6829070454701913,49
dmw=14334,9,0.4166666666666667,-0.2708655544613447,-1.9951248003356064,48
dmw=14335,16,0.62,-0.20975089581915884,-2.7639799659622497,50
dmw=14335,11,0.7752808988764045,-0.11152750078515694,-1.4159571445692596,89
dmw=14335,9,0.7111111111111111,-0.10767917145624373,-1.3631424790019049,90
dmw=14336,16,0.5154639175257731,-0.25828448525322756,-3.339651480927824,97
dmw=14337,16,0.7016393442622951,-0.12707989646076767,-2.727375140248316,305
dmw=14337,11,0.7824561403508772,-0.1036188828517568,-2.232486655773585,570
dmw=14338,16,0.6629213483146067,-0.18304094939422444,-3.0843112428479857,178
dmw=14338,10,0.7808219178082192,-0.09159743785735852,-1.5703404091158155,219
dmw=14339,16,0.47413793103448276,-0.3224474574821521,-3.5594966183394727,116
dmw=1434,14,0.5789473684210527,-0.14938526042000044,-1.5115875444899387,19
dmw=1434,10,0.5138888888888888,-0.09800350256405832,-1.126761838540602,72
dmw=1434,0,0.5562913907284768,-0.09606190762260913,-1.1122201864993135,453
dmw=1434,7,0.5865921787709497,-0.08700853155782018,-1.0444145686937654,179
dmw=14340,9,0.532051282051282,-0.2657576211268372,-3.348950900015926,156
dmw=14340,11,0.7802197802197802,-0.09225614008602645,-1.172284567192143,91
dmw=14341,10,0.7991967871485943,-0.0609755690467767,-1.7228371809118488,249
dmw=14341,9,0.7603305785123967,-0.06047107307133248,-1.7110899687944818,242
dmw=14342,16,0.7225806451612903,-0.10883851550075052,-2.797756664176038,155
dmw=14343,16,0.4473684210526316,-0.38132012406314814,-3.4692465792147686,38
dmw=14343,10,0.7398373983739838,-0.11777572573291173,-1.044467935868425,123
dmw=14344,9,0.6203208556149733,-0.20937015952995153,-3.1182287961388755,187
dmw=14344,16,0.7384615384615385,-0.10165949470418545,-1.4149872452136203,65
dmw=14345,16,0.6136363636363636,-0.16334179401770355,-2.1835504925179072,44
dmw=14345,12,0.6777777777777778,-0.14191678086570247,-1.924282113285337,90
dmw=14345,1,0.7253306205493387,-0.08917809735699345,-1.28608073160332,983
dmw=14346,16,0.6542056074766355,-0.20600173904794084,-3.2900864723002807,107
dmw=14346,9,0.764102564102564,-0.08675250720153727,-1.3942104200408745,390
dmw=14347,16,0.6190476190476191,-0.19661858912002228,-3.0094932512481436,42
dmw=14347,0,0.8065573770491803,-0.06112574154382844,-1.2252119731984559,1525
dmw=14348,16,0.5952380952380952,-0.20606186146608463,-2.9241810473379655,42
dmw=14348,11,0.7857142857142857,-0.08064249784465416,-1.055475400675829,182
dmw=1435,7,0.36908517350157727,-0.2732295355460235,-2.3042518802879672,317
dmw=1435,1,0.43982494529540483,-0.1415385425342085,-1.483428843768734,914
dmw=1435,0,0.5015673981191222,-0.11861166728668393,-1.340526835604194,957
dmw=14352,16,0.4,-0.3634261124532514,-3.0325543711288305,35
dmw=14352,9,0.5491803278688525,-0.2003043676917735,-1.6776486474277992,122
dmw=14353,16,0.5901639344262295,-0.23322792661607383,-2.5540061262262994,61
dmw=14353,9,0.6291666666666667,-0.18294788883503477,-1.986157883239656,240
dmw=14353,12,0.7191011235955056,-0.13973246976041664,-1.498095406072873,89
dmw=14354,9,0.705050505050505,-0.13257555667068477,-3.0187569304227013,495
dmw=14355,9,0.6706948640483383,-0.1551370377635647,-3.4022087971483495,662
dmw=14356,9,0.5813953488372093,-0.24981441998195142,-3.452433067051923,129
dmw=14356,16,0.75,-0.09156453686775634,-1.2581213749354538,92
dmw=14357,9,0.6462585034013606,-0.1642856457652423,-2.5521907120671545,441
dmw=14357,16,0.66,-0.16189504199337956,-2.5148670806941498,250
dmw=14358,16,0.6666666666666666,-0.15148361580693204,-3.298523226594428,72
dmw=14359,9,0.6793103448275862,-0.16010301189129472,-2.8813585819387724,290
dmw=14359,16,0.7525773195876289,-0.09677874902169525,-1.741749238597808,97
dmw=14360,9,0.6153846153846154,-0.24653791696194394,-3.120936271982399,312
dmw=14360,16,0.7298850574712644,-0.14080122846837062,-1.6990884571167382,174
dmw=14361,11,0.77,-0.11437809491129802,-2.5185131946468533,100
dmw=14361,16,0.7457627118644068,-0.08057271950968559,-1.7459091661882529,59
dmw=14361,9,0.756578947368421,-0.05862495529889933,-1.2443045887072364,152
dmw=14362,9,0.6712962962962963,-0.12045750426416757,-1.8343200522860381,216
dmw=14362,16,0.6949152542372882,-0.10904293950584865,-1.6635448967748558,59
dmw=14362,11,0.7814569536423841,-0.08683078809045086,-1.3312252952378862,151
dmw=14362,10,0.7579617834394905,-0.07827133852749235,-1.203165981444161,157
dmw=14363,9,0.6350877192982456,-0.1633780108410645,-3.3848008605957163,285
dmw=14364,16,0.75,-0.13723007396168696,-2.7104614122142934,56
dmw=14364,9,0.7976190476190477,-0.08181320958295046,-1.578308714597839,168
dmw=14364,10,0.8493975903614458,-0.05797758289864785,-1.0913528149355272,166
dmw=14365,12,0.5333333333333333,-0.309836671333901,-2.975251806999762,15
dmw=14365,16,0.6086956521739131,-0.1959943791910359,-1.8471298832713832,23
dmw=14366,16,0.6666666666666666,-0.1851362845017337,-3.3998208129452596,159
dmw=14366,12,0.815068493150685,-0.0672892593667338,-1.2518150660146534,292
dmw=14367,11,0.776595744680851,-0.10303559683826735,-2.0320033282436936,94
dmw=14367,12,0.7714285714285715,-0.08431724833843768,-1.65648408947666,70
dmw=14367,9,0.7387387387387387,-0.06949432159836455,-1.3591130812500307,111
dmw=14367,10,0.7931034482758621,-0.056756586637854434,-1.1035742693708464,116
dmw=14368,9,0.5657370517928287,-0.20802637443232352,-2.989349317540308,251
dmw=14368,16,0.693069306930693,-0.09366885963135996,-1.4155360741047125,101
dmw=14369,16,0.4,-0.4211087520660205,-3.6455149926091233,50
dmw=14370,12,0.7419354838709677,-0.09393118285323765,-2.2273305847864,93
dmw=14371,16,0.6896551724137931,-0.12793398958385205,-2.9011263829361162,58
dmw=14372,9,0.7614035087719299,-0.05537466438975014,-1.7360686633520381,285
dmw=14374,9,0.7116564417177914,-0.11085365322177776,-2.0800110318048044,163
dmw=14374,16,0.735632183908046,-0.09765933839353469,-1.8384201628185328,87
dmw=14374,10,0.7962962962962963,-0.06527245502117818,-1.2454090516287208,108
dmw=14375,9,0.7222222222222222,-0.09919629421714982,-2.2696265007725764,108
dmw=14375,11,0.8050847457627118,-0.08349960456242422,-1.926690675540309,118
dmw=14376,12,0.765625,-0.07406710216284329,-1.7271594332692226,64
dmw=14376,9,0.7241379310344828,-0.06406251823412668,-1.533188540128619,116
dmw=14376,10,0.7784810126582279,-0.054797902834354595,-1.3535643062272191,158
dmw=14377,9,0.7651632970451011,-0.07226094065192767,-1.9645677087252773,643
dmw=14377,16,0.7806691449814126,-0.06679858171287367,-1.8320758288568788,269
dmw=14378,9,0.6039215686274509,-0.18409502547734657,-3.0620705930928116,255
dmw=14378,16,0.6896551724137931,-0.11072961695106043,-1.8239347334035019,116
dmw=14379,16,0.5333333333333333,-0.2976572266884785,-3.5644201602895915,90
dmw=14380,9,0.7028301886792453,-0.1258894132476085,-2.6178621142573033,424
dmw=14380,15,0.8333333333333334,-0.07977595599158505,-1.6836662428025841,144
dmw=14381,10,0.6846846846846847,-0.1607122945602546,-2.2235772301795205,111
dmw=14381,16,0.6666666666666666,-0.14786082148855895,-2.0507155379033146,12
dmw=14382,11,0.6290322580645161,-0.18538047016051384,-2.236155040938366,62
dmw=14382,10,0.6388888888888888,-0.13379036809419642,-1.6037388328070963,72
dmw=14382,16,0.6041666666666666,-0.12772824065390087,-1.52942636790691,48
dmw=14383,9,0.5492957746478874,-0.17002891970776768,-2.159197309622065,142
dmw=14383,11,0.656,-0.16030156295619225,-2.0403161805044463,125
dmw=14383,16,0.6231884057971014,-0.11116122790659799,-1.439756473987285,69
dmw=14384,9,0.5465116279069767,-0.21084029107465718,-2.9987810658587537,172
dmw=14384,16,0.68,-0.09098929610192874,-1.3734414421354122,25
dmw=14385,11,0.6166666666666667,-0.2439797528493629,-2.9528863296108074,120
dmw=14385,16,0.6415094339622641,-0.151963043237476,-1.7553315252244546,53
dmw=14386,1,0.7262512768130746,-0.052711063145621795,-1.6792381168596666,1958
dmw=14387,16,0.6842105263157895,-0.11189480587882417,-2.3637656294934994,57
dmw=14387,10,0.75,-0.07939875707048871,-1.7006691451936025,164
dmw=14387,8,0.8013245033112583,-0.0626758246234762,-1.3594301909378996,151
dmw=14388,16,0.6984126984126984,-0.1113707830484143,-2.500762762718835,63
dmw=14388,9,0.7358490566037735,-0.06200149421198797,-1.5029522956214134,159
dmw=14389,16,0.5625,-0.17090027580366118,-2.962342249898052,48
dmw=14390,16,0.75,-0.06787660656280614,-2.1165756188338274,56
dmw=14390,0,0.8165938864628821,-0.05277577564330993,-1.7521432535897143,1374
dmw=14391,16,0.5079365079365079,-0.2659366519077644,-3.0278271925795983,63
dmw=14391,9,0.6428571428571429,-0.11749699218609266,-1.329860717218777,168
dmw=14392,16,0.5850340136054422,-0.15623699823267356,-3.0470740808950185,147
dmw=14394,9,0.6391752577319587,-0.12788804094397532,-2.0313706596102588,291
dmw=14394,16,0.6804123711340206,-0.09990082487466068,-1.632223132191269,97
dmw=14395,10,0.7882736156351792,-0.07376919455868602,-2.5773869834999865,307
dmw=14396,9,0.7210526315789474,-0.10150961697625094,-2.800604127885414,190
dmw=14397,16,0.6666666666666666,-0.17866161758680665,-3.35230124483046,60
dmw=14398,16,0.7158469945355191,-0.11609455742676755,-2.716371328692057,183
dmw=14398,9,0.7487684729064039,-0.07232309057380137,-1.768528004571916,406
dmw=14399,9,0.5759493670886076,-0.23410857312452227,-2.8872327030715974,158
dmw=14399,16,0.6388888888888888,-0.18254265684524895,-2.243428119813461,36
dmw=14400,9,0.567741935483871,-0.19952551786213246,-2.7496721471950574,155
dmw=14400,1,0.7436140018921475,-0.0739709321713703,-1.129663674888456,1057
dmw=14400,12,0.7560975609756098,-0.06660593151824934,-1.0346343823225417,82
dmw=14401,9,0.6091370558375635,-0.19836882897741803,-3.0959915436558827,394
dmw=14401,16,0.75,-0.06899816019064353,-1.0517224975265413,108
dmw=14401,12,0.7876712328767124,-0.06749529304047608,-1.027974728234295,146
dmw=14402,9,0.6804979253112033,-0.11992680600176797,-2.351368431980459,241
dmw=14402,12,0.7456140350877193,-0.10389785729951106,-2.052995104796574,114
dmw=14402,10,0.7838983050847458,-0.05951998976212436,-1.2269164744125731,236
dmw=14403,9,0.6333333333333333,-0.19100124557051312,-3.0318886859046175,120
dmw=14403,10,0.7952380952380952,-0.06782048804455088,-1.2321336086782129,210
dmw=14403,1,0.7986842105263158,-0.0658087914022607,-1.2027413454829006,1520
dmw=14404,9,0.68,-0.15325575009193348,-3.1986060442535007,200
dmw=14404,12,0.8189655172413793,-0.05655811313211989,-1.2670616421548835,116
dmw=14405,9,0.6607142857142857,-0.1526582374228297,-2.305538926525968,112
dmw=14405,16,0.6949152542372882,-0.12967537702145715,-1.9862575203372508,59
dmw=14406,9,0.6830985915492958,-0.12880533113185122,-2.740057669875316,284
dmw=14407,16,0.5400410677618069,-0.1340721454078585,-2.663322645309519,487
dmw=14407,1,0.6692558645331677,-0.053521986880840644,-1.2783774903296763,12874
dmw=14408,16,0.38650306748466257,-0.06972743827973005,-1.686075712557837,163
dmw=14408,1,0.4511048425011754,-0.06286838468820571,-1.570622574874874,4254
dmw=14409,16,0.6565656565656566,-0.11876595476759555,-2.327709620699899,99
dmw=14409,10,0.756,-0.05521272807010402,-1.2982171880920697,250
dmw=14411,16,0.6737588652482269,-0.07755605312133651,-2.3928895751377253,423
dmw=14412,16,0.4298245614035088,-0.24294006212054198,-3.0415776337594638,114
dmw=14413,10,0.6341463414634146,-0.20136646687484894,-2.8779757537240727,123
dmw=14413,16,0.7058823529411765,-0.09724698947232502,-1.4515711458693659,119
dmw=14414,16,0.7127659574468085,-0.09466112530962878,-2.3999135503265365,94
dmw=14415,9,0.7117008443908324,-0.10736562756479762,-2.463819308820683,829
dmw=14415,12,0.7928176795580111,-0.07152793720231188,-1.6809543715772237,362
dmw=14415,16,0.778816199376947,-0.05119764847338126,-1.2368445517497686,321
dmw=14416,16,0.46808510638297873,-0.3192133391848654,-3.253948796045467,47
dmw=14416,11,0.711864406779661,-0.14425196836355836,-1.4632471976206758,59
dmw=14417,9,0.583011583011583,-0.20040863233534767,-2.791522229791276,259
dmw=14417,16,0.6615384615384615,-0.13444869605408305,-1.8631780603242847,65
dmw=14417,10,0.743801652892562,-0.08549408837654837,-1.1741730799041916,242
dmw=14420,9,0.6944444444444444,-0.15205455617542096,-2.7579595634198673,108
dmw=14420,10,0.8144329896907216,-0.06660913266519031,-1.2783676687991938,97
dmw=14421,9,0.6418918918918919,-0.18460642028178675,-2.9975572389262264,296
dmw=14421,16,0.7294117647058823,-0.10767369939212179,-1.7904282754063996,85
dmw=14422,16,0.6304347826086957,-0.18014461356387768,-2.5066312907442754,46
dmw=14422,11,0.7222222222222222,-0.15085703034001174,-2.079955736459497,90
dmw=14423,9,0.6746031746031746,-0.15631600494625397,-2.833794297586181,252
dmw=14423,10,0.785377358490566,-0.08304598955115061,-1.50934857090859,424
dmw=14423,16,0.7588235294117647,-0.08246484110274965,-1.4988435972860323,170
dmw=14424,9,0.6071428571428571,-0.19077942267066406,-2.6938224083978377,140
dmw=14424,16,0.7088607594936709,-0.10099122589764409,-1.4338675700643724,79
dmw=14425,9,0.6428571428571429,-0.13497698625060006,-2.2529734673157633,98
dmw=14425,10,0.7266666666666667,-0.09796135062993994,-1.6105545855779864,150
dmw=14425,16,0.7011494252873564,-0.08948915554108094,-1.4635167729458765,87
dmw=14426,16,0.4318181818181818,-0.34946690871662317,-3.7022512594847923,44
dmw=14427,16,0.5673076923076923,-0.26457941628172266,-3.503720239976812,104
dmw=14434,10,0.6190476190476191,-0.17952204215703726,-1.6647237145305356,21
dmw=14434,4,0.6600985221674877,-0.16558916792459855,-1.5350769596206135,203
dmw=14434,6,0.6619718309859155,-0.16508463512222704,-1.5303822326402476,142
dmw=14434,13,0.6818181818181818,-0.1596481171936418,-1.4797949025824122,44
dmw=14435,9,0.6149068322981367,-0.21180465084252664,-2.8263316066918094,161
dmw=14435,16,0.6888888888888889,-0.1483992992158757,-2.0008557471005153,45
dmw=14436,9,0.7486033519553073,-0.06874847038529974,-1.6662661584255103,179
dmw=14436,16,0.7752808988764045,-0.053100306541874476,-1.3221198030985215,89
dmw=14436,10,0.8053097345132744,-0.05203900904699976,-1.298778939056364,113
dmw=14437,9,0.6560509554140127,-0.14469200871246735,-3.2235869306977456,157
dmw=14438,16,0.4864864864864865,-0.31319352235088305,-3.2658226479128833,37
dmw=14438,11,0.7142857142857143,-0.15089227174301667,-1.5595596156894678,105
dmw=14439,16,0.6781609195402298,-0.16329669935190883,-2.7162214583101356,87
dmw=14439,15,0.8285714285714286,-0.08586500387812201,-1.3960743702331582,70
dmw=14439,11,0.8305084745762712,-0.06457931037138154,-1.0331707023141814,118
dmw=14440,9,0.4125,-0.3481823154830971,-3.581454655855243,80
dmw=14441,9,0.6455696202531646,-0.16465512232460633,-2.3047867941558944,158
dmw=14441,12,0.7345132743362832,-0.12281786864411015,-1.7107210344732955,113
dmw=14441,11,0.7843137254901961,-0.09667694803593918,-1.3395344843595829,102
dmw=14441,16,0.7313432835820896,-0.09024727628958917,-1.2482367175492863,67
dmw=14442,9,0.5458333333333333,-0.2495965320785506,-2.9221660688844615,240
dmw=14442,16,0.639344262295082,-0.16812694583340904,-1.943859412152481,61
dmw=14445,16,0.5416666666666666,-0.29457754160044425,-3.14498711042246,24
dmw=14445,9,0.6666666666666666,-0.15894710899677889,-1.7083323184636081,243
dmw=14446,16,0.6530612244897959,-0.1993383894243641,-3.492369463452674,98
dmw=14447,10,0.7887323943661971,-0.09576763591512705,-2.021053072144194,71
dmw=14447,9,0.7731958762886598,-0.07759509202139203,-1.658887373711025,97
dmw=14449,9,0.5698324022346368,-0.2300637446362792,-3.1376594383893677,358
dmw=14449,16,0.6774193548387096,-0.1343174636564537,-1.8425105431973492,186
dmw=14450,10,0.6486486486486487,-0.10642572291626284,-2.0313833874677365,111
dmw=14450,9,0.6308724832214765,-0.06567854920468619,-1.4769791278004176,149
dmw=14450,1,0.696362286562732,-0.06095955725188307,-1.4127727301128512,1347
dmw=14451,16,0.5308641975308642,-0.3105480656530216,-3.1274717035260315,81
dmw=14451,9,0.6179401993355482,-0.21310934169403262,-2.104800785833815,301
dmw=14452,9,0.6317204301075269,-0.17814362259230665,-2.7761124326830844,372
dmw=14452,16,0.6967213114754098,-0.12452539468645185,-1.9769628210860362,122
dmw=14453,16,0.6407766990291263,-0.18954697450684055,-2.597493418911527,103
dmw=14453,12,0.7293233082706767,-0.13527976688784793,-1.8092244527376515,133
dmw=14453,9,0.6933333333333334,-0.1260585758104349,-1.675280233449313,225
dmw=14454,16,0.6728971962616822,-0.16405952930154732,-2.653321653312193,107
dmw=14454,9,0.6870229007633588,-0.1393400420862655,-2.2654686606063055,131
dmw=14455,16,0.6464646464646465,-0.19515114291233238,-3.1700266058626996,198
dmw=14455,9,0.7402862985685071,-0.09097740081734562,-1.4458101319360466,489
dmw=14456,9,0.6518987341772152,-0.1834534813785611,-2.516359078403499,158
dmw=14456,16,0.6842105263157895,-0.16128956616101542,-2.205812228853177,114
dmw=14456,12,0.7818181818181819,-0.09534882257786426,-1.2818919748836817,55
dmw=14457,9,0.5882352941176471,-0.1898568952891888,-2.16869713074804,221
dmw=14457,16,0.6222222222222222,-0.1686635442308102,-1.915530952036419,90
dmw=14457,12,0.6904761904761905,-0.1410398183274818,-1.5855504260941522,84
dmw=14458,9,0.569620253164557,-0.19088764661619362,-3.09404570550917,158
dmw=14458,6,0.7679814385150812,-0.06927154521670709,-1.1999275078582035,431
dmw=14459,16,0.3142857142857143,-0.4507666484121756,-3.7107867598767883,35
dmw=14460,16,0.53125,-0.24287479925154642,-3.1094405429481258,32
dmw=14460,10,0.6990291262135923,-0.11112233249257175,-1.3740565695176858,103
dmw=14461,11,0.7714285714285715,-0.12614041217487715,-2.4771205795669764,175
dmw=14461,12,0.781021897810219,-0.09572228288261164,-1.8740853646263869,137
dmw=14461,16,0.7705882352941177,-0.07439929104434906,-1.4513599944099915,170
dmw=14462,11,0.6625,-0.1382163162467146,-2.822568276851453,160
dmw=14462,1,0.7066381156316917,-0.05242098121153704,-1.3067664804145471,1868
dmw=14464,16,0.5294117647058824,-0.2716291927356823,-3.3381881584177036,17
dmw=14464,9,0.7076023391812866,-0.08110034625025442,-1.0085254043380028,171
dmw=14465,9,0.6304347826086957,-0.16957930409298216,-2.6218054578420777,138
dmw=14465,16,0.675,-0.13684942106281361,-2.120404684958821,40
dmw=14466,16,0.5,-0.3173247388782414,-3.6294615614455994,26
dmw=14467,9,0.4142857142857143,-0.2890115060592237,-2.8894650567241658,70
dmw=14467,16,0.6031746031746031,-0.11567018221411063,-1.2585399855941715,63
dmw=14468,9,0.5769230769230769,-0.25159770051199404,-3.041384629836237,156
dmw=14468,12,0.7450980392156863,-0.12670622353044048,-1.4625980614160252,102
dmw=14468,16,0.7398373983739838,-0.09917115828695022,-1.114519936169597,123
dmw=14469,16,0.6404494382022472,-0.2075940166459126,-2.91866246501994,89
dmw=14469,10,0.7912621359223301,-0.08293408071579556,-1.1186760718875237,206
dmw=14469,12,0.7976190476190477,-0.0816444622698348,-1.100055047917455,84
dmw=14470,9,0.7570977917981072,-0.10711525336636774,-2.5091141010979037,317
dmw=14470,16,0.7727272727272727,-0.10012559317832159,-2.3465537681892648,154
dmw=14471,9,0.6574074074074074,-0.1420831618046392,-2.531658824160207,324
dmw=14471,16,0.7083333333333334,-0.10301624656589592,-1.857420582159642,144
dmw=14472,11,0.7903225806451613,-0.10768036349965138,-2.3958541094308177,124
dmw=14472,10,0.7884615384615384,-0.08365340957241452,-1.8494979642985332,156
dmw=14472,16,0.7954545454545454,-0.05015138969519106,-1.0876854395108781,88
dmw=14473,9,0.6301369863013698,-0.1850994150294758,-3.3365472568918224,146
dmw=14474,16,0.7329842931937173,-0.11679232947724627,-2.317797146913097,191
dmw=14474,9,0.7237237237237237,-0.11613271068754605,-2.3049719993467632,333
dmw=14479,16,0.7,-0.09722713354752632,-2.437234586738471,170
dmw=14480,9,0.6086956521739131,-0.261283663486763,-3.7315653904416903,138
dmw=14484,9,0.6645161290322581,-0.16383802583093854,-3.000734443226943,155
dmw=14484,1,0.8173731030873888,-0.050368001888173364,-1.0091280698587193,1911
dmw=14485,16,0.5568181818181818,-0.24063949614270963,-3.5802146324614554,88
dmw=14486,16,0.7062937062937062,-0.14123268552181956,-3.2284076809379068,143
dmw=14487,9,0.5872093023255814,-0.20781586220359982,-3.2516630965389943,172
dmw=14488,12,0.805,-0.06732709191116759,-1.851306753038438,200
dmw=14488,11,0.8267148014440433,-0.06709299490561937,-1.8447438267390923,277
dmw=14488,16,0.7894736842105263,-0.0501668520396259,-1.3702182004861378,95
dmw=14489,11,0.8169934640522876,-0.08900366924862035,-2.160155164748822,153
dmw=14489,16,0.7945205479452054,-0.0625325615385296,-1.5809554932351715,73
dmw=14489,10,0.8285714285714286,-0.053299814514644495,-1.378938860536254,175
dmw=14490,9,0.5979381443298969,-0.2436117471167295,-3.485272629020547,97
dmw=14491,9,0.7925311203319502,-0.055923187840824395,-1.7512881008946182,241
dmw=14492,9,0.6876640419947506,-0.11431626681059393,-2.3026350622298,381
dmw=14492,16,0.7066666666666667,-0.10705970746873883,-2.169874777058477,225
dmw=14493,12,0.5212121212121212,-0.31824378554515353,-2.8477704943736266,165
dmw=14493,16,0.5274725274725275,-0.27280796709053234,-2.4170842964440777,91
dmw=14494,12,0.5396825396825397,-0.2991212330199339,-3.6005207616937778,63
dmw=14495,16,0.6,-0.1819129704391338,-2.385627014199873,50
dmw=14495,9,0.6010362694300518,-0.16769469364649348,-2.1977955785509566,193
dmw=14495,10,0.717948717948718,-0.0990423786289315,-1.290859873301141,195
dmw=14496,16,0.5897435897435898,-0.22738254075690045,-2.898681787908809,39
dmw=14496,9,0.7235023041474654,-0.08204091219618992,-1.1048422881917792,217
dmw=14497,8,0.7443946188340808,-0.05213904024300631,-1.6763507833019122,223
dmw=14499,12,0.6022727272727273,-0.2526652523668935,-2.9113621797061664,88
dmw=14499,16,0.6444444444444445,-0.17428019426284547,-1.9850565259102435,90
dmw=145,0,0.10059880239520957,-0.13364237940734428,-1.6184775007558605,835
dmw=145,1,0.10290556900726393,-0.10354559952682658,-1.388432935634636,826
dmw=145,10,0.10714285714285714,-0.09731828715750092,-1.3408345091065252,56
dmw=145,12,0.1388888888888889,-0.07330544144969775,-1.157292460086508,36
dmw=145,3,0.21717171717171718,-0.058392372254135017,-1.0433045008651063,198
dmw=1450,7,0.41812865497076024,-0.2778336877546004,-2.3616687553477163,342
dmw=1450,13,0.45,-0.2507143577863477,-2.1132231230394245,140
dmw=14504,9,0.6082474226804123,-0.2453981603337405,-2.6930710380029947,194
dmw=14504,12,0.6857142857142857,-0.2057040946548273,-2.2268005503157373,35
dmw=14508,10,0.75,-0.10729146733118122,-2.641501369188538,208
dmw=14508,11,0.8269230769230769,-0.058864150400999904,-1.5127026657161808,156
dmw=14509,9,0.4044943820224719,-0.4383037502973868,-3.7388730825222978,89
dmw=14513,9,0.6634615384615384,-0.14921115632038373,-2.397749330510256,104
dmw=14513,16,0.6851851851851852,-0.13873857773803544,-2.225429451118828,54
dmw=14513,8,0.8188976377952756,-0.06500868239136981,-1.0122490893028069,127
dmw=14514,12,0.625,-0.24781460365303898,-2.1759676886263337,48
dmw=14514,11,0.6785714285714286,-0.21565180261014805,-1.8459456852598457,56
dmw=14514,16,0.6666666666666666,-0.17356333333600704,-1.414076553900372,27
dmw=14514,15,0.75,-0.16371595549327456,-1.3130327623714102,12
dmw=14515,6,0.3509933774834437,-0.14727907772916232,-1.501828072372576,302
dmw=14515,13,0.39473684210526316,-0.12958413386008938,-1.3301189884320175,152
dmw=14515,14,0.46153846153846156,-0.1217934060022805,-1.2545189326424855,65
dmw=14515,4,0.38204225352112675,-0.1138453387006007,-1.1773920784649679,568
dmw=14516,9,0.5486111111111112,-0.27856535794656956,-2.3444626795940358,144
dmw=14516,16,0.5769230769230769,-0.26080728719710466,-2.178609515849459,26
dmw=14516,10,0.6705882352941176,-0.19478807698714062,-1.5620169233477788,85
dmw=14517,9,0.6586538461538461,-0.1573102754855661,-2.6264856528959246,208
dmw=14517,16,0.7301587301587301,-0.09690084175221558,-1.6097340963929911,63
dmw=14517,10,0.7733333333333333,-0.08287813378674525,-1.373717811035779,225
dmw=14521,16,0.592,-0.20566218127046998,-3.5237601373020846,125
dmw=14522,16,0.5416666666666666,-0.3263269411567934,-3.785794884733506,48
dmw=14523,16,0.6470588235294118,-0.13892889615004833,-2.5845966977049444,34
dmw=14523,11,0.7711864406779662,-0.08396526176574481,-1.5975748571488488,118
dmw=14523,12,0.7631578947368421,-0.06420400654488456,-1.2427076669005563,114
dmw=14528,8,0.5,-0.15240667084620185,-1.247978800308078,150
dmw=14528,14,0.56,-0.14950722792001592,-1.2182476313027741,25
dmw=14528,7,0.5243055555555556,-0.1284851074103477,-1.0026847684927862,288
dmw=14528,13,0.5294117647058824,-0.12847398154237055,-1.0025706827633616,119
dmw=14537,14,0.45,-0.30343173311172295,-1.8707234037044194,20
dmw=14537,13,0.43478260869565216,-0.2716030172374904,-1.6349348739671639,46
dmw=14538,11,0.1791044776119403,-0.2630679745428316,-2.8609367733846787,67
dmw=14538,4,0.32053742802303264,-0.10262601959120721,-1.159255341423518,521
dmw=14546,11,0.3076923076923077,-0.22958633331334832,-2.4128284262575517,26
dmw=14546,13,0.37037037037037035,-0.17593455748479514,-1.8525681786873993,27
dmw=14549,9,0.6333333333333333,-0.22521548896766685,-3.269197715858004,120
dmw=14549,12,0.7764705882352941,-0.11874089146097744,-1.6885970691515764,85
dmw=14550,9,0.5925925925925926,-0.27573032723089197,-3.7109385243328408,108
dmw=14561,13,0.0,-0.4986391566572351,-2.312531887545111,32
dmw=14561,6,0.18627450980392157,-0.28632438773873603,-1.2073135263968162,102
dmw=14575,7,0.1446028513238289,-0.23364653013158723,-2.406800080734113,491
dmw=14575,10,0.18493150684931506,-0.13236420155949433,-1.397694066317089,146
dmw=14584,15,0.5333333333333333,-0.25184525867611673,-2.0136904537423836,15
dmw=14584,13,0.5689655172413793,-0.18264380059409568,-1.3236479459417878,58
dmw=14584,6,0.5740740740740741,-0.15756271656607357,-1.0735518554729901,216
dmw=14599,12,0.7152317880794702,-0.17138712308220128,-3.0447385288440945,151
dmw=14599,16,0.7769230769230769,-0.08006839376664632,-1.3800840073214717,130
dmw=14600,14,0.6363636363636364,-0.25650331735132703,-3.097721256569329,11
dmw=14600,12,0.6914893617021277,-0.14554875124871403,-1.533428967200717,188
dmw=14600,16,0.6829268292682927,-0.11448826941256474,-1.0955229490254281,82
dmw=14603,16,0.6575342465753424,-0.16143855158082576,-2.6072086268950665,73
dmw=14603,9,0.6942446043165468,-0.11323468669390702,-1.8368345103672967,278
dmw=14604,9,0.46938775510204084,-0.3069929804432882,-2.6451423196983037,98
dmw=14604,16,0.5471698113207547,-0.24207644546536056,-2.03206512643073,53
dmw=14604,12,0.6507936507936508,-0.17933297864630515,-1.439510570855904,63
dmw=14607,13,0.15384615384615385,-0.3170481403044971,-2.075655992203079,26
dmw=14607,10,0.2,-0.19930668268708301,-1.2878190341954487,50
dmw=14609,9,0.6470588235294118,-0.22758572222628481,-2.52214649434771,102
dmw=14609,12,0.7471264367816092,-0.16045798795580057,-1.696119333355161,87
dmw=14609,16,0.7272727272727273,-0.1554379866766017,-1.6343466927335204,33
dmw=14615,13,0.2788104089219331,-0.10770483593989721,-1.2581415395662099,269
dmw=14615,4,0.25604297224709044,-0.10385780041279014,-1.216377887098104,1117
dmw=14615,6,0.2585969738651995,-0.10350442700184875,-1.2125416437824297,727
dmw=14615,7,0.28858218318695106,-0.09259798994967938,-1.0941406975206727,797
dmw=14615,10,0.22981366459627328,-0.09018362079984316,-1.0679301586803147,161
dmw=14616,6,0.0759493670886076,-0.06516928938582058,-1.1392115027858591,395
dmw=14616,8,0.08860759493670886,-0.06249101136300131,-1.1027412998792103,158
dmw=14618,6,0.17647058823529413,-0.3391253676424235,-1.5664952096302385,119
dmw=14618,8,0.2,-0.33554578098411053,-1.5533284825653615,25
dmw=14618,4,0.28865979381443296,-0.22455319714202437,-1.145066524643392,97
dmw=14621,7,0.3788546255506608,-0.2209960048497796,-2.1809904002642084,227
dmw=14621,0,0.4626391096979332,-0.11417933020636017,-1.4183655668445418,629
dmw=14621,3,0.5547945205479452,-0.07414479764433302,-1.1325363287778136,146
dmw=14621,1,0.48043818466353677,-0.05644247723618895,-1.0061494215138538,639
dmw=14633,14,0.15789473684210525,-0.4631150503483988,-2.174249273408946,38
dmw=14633,4,0.15210355987055016,-0.38306831756317195,-1.8038927353929555,309
dmw=14633,13,0.27631578947368424,-0.287024825687022,-1.359523128882513,76
dmw=14634,13,0.26666666666666666,-0.3569108696185506,-2.1287363001643533,30
dmw=14634,4,0.3926940639269406,-0.20381737659171417,-1.3312513051495396,219
dmw=14634,6,0.4233128834355828,-0.17549251846361846,-1.183703235689004,163
dmw=14643,16,0.21212121212121213,-0.41158943047540164,-3.177457504097173,33
dmw=14653,13,0.21674876847290642,-0.34596707627346496,-2.278051136107916,203
dmw=14655,14,0.15384615384615385,-0.5479569397632044,-2.280181457627732,13
dmw=14655,6,0.2987012987012987,-0.326696305987881,-1.370594012106349,77
dmw=14655,8,0.4,-0.24394812798405185,-1.0304218695620933,30
dmw=14665,13,0.15789473684210525,-0.2609363360531234,-1.804404360325478,38
dmw=14665,6,0.17452830188679244,-0.21915760868933934,-1.563200398311119,212
dmw=14665,7,0.2768361581920904,-0.13651432836576832,-1.0860703394096982,177
dmw=14665,4,0.26339285714285715,-0.12801825427638297,-1.037019378281004,224
dmw=14666,3,0.04470588235294118,-0.09945214718119619,-1.33845108542001,425
dmw=14666,7,0.04,-0.08965619560716034,-1.2416969055307114,400
dmw=14666,1,0.020833333333333332,-0.0824694699788562,-1.170713934759502,1248
dmw=14666,0,0.03903477643718949,-0.08026072442733598,-1.1488982527600216,1409
dmw=14667,7,0.0851063829787234,-0.2265221317934697,-1.3482893431671854,188
dmw=14667,4,0.13677811550151975,-0.15561910551221453,-1.0352706754391872,329
dmw=14668,14,0.20754716981132076,-0.19186377855921039,-1.903001282211104,53
dmw=14668,15,0.25806451612903225,-0.12936378029999096,-1.255234975345941,31
dmw=14668,4,0.2,-0.11846472361221372,-1.142274305016417,260
dmw=14670,13,0.22916666666666666,-0.24419795894138632,-1.4306299968252432,48
dmw=14670,4,0.25,-0.19510882994946355,-1.1386766659096232,300
dmw=14678,10,0.10526315789473684,-0.4564449959898821,-3.26481291245526,38
dmw=14702,4,0.4244604316546763,-0.3637620915932269,-2.3820427095672025,278
dmw=14702,6,0.5272727272727272,-0.2625378742181269,-1.7139895149350122,165
dmw=14702,13,0.62,-0.18659809619699685,-1.2128069657167577,50
dmw=14703,13,0.42105263157894735,-0.3328198314843991,-1.794865851817272,57
dmw=14703,6,0.46825396825396826,-0.2657635441504015,-1.3603815136348223,378
dmw=14703,4,0.47101449275362317,-0.26113635689643033,-1.330400128270103,552
dmw=14703,11,0.5333333333333333,-0.21373044261577,-1.0232383674410945,30
dmw=14719,14,0.6363636363636364,-0.24938589263216737,-1.8287693986599318,11
dmw=14719,6,0.6455696202531646,-0.2005733629016826,-1.4318357503101904,158
dmw=14729,6,0.33793103448275863,-0.27518496686967797,-1.793237595389597,435
dmw=14729,4,0.34710743801652894,-0.2637432510317968,-1.7188157647970241,484
dmw=14729,8,0.39669421487603307,-0.23522254502826367,-1.5333048518666275,121
dmw=14729,13,0.4766355140186916,-0.16090386187321254,-1.049904239056744,107
dmw=14733,1,0.08854166666666667,-0.2556943453968141,-2.127998656616982,768
dmw=14733,0,0.1694915254237288,-0.21216140455623672,-1.8740015400646186,767
dmw=14733,12,0.2631578947368421,-0.08895349252078372,-1.1551331661579218,38
dmw=14734,1,0.136,-0.2062488071626833,-1.9785506498607046,500
dmw=14734,0,0.24025974025974026,-0.1393150116041069,-1.5206274520808445,462
dmw=14778,12,0.5476190476190477,-0.3475593387619281,-3.5570465385439016,42
dmw=14779,14,0.12121212121212122,-0.3414514027331503,-2.0626150463030686,33
dmw=14779,12,0.09523809523809523,-0.2514481614322517,-1.5065390634700055,21
dmw=14779,11,0.15384615384615385,-0.2414532303527946,-1.4447863860883483,26
dmw=14779,3,0.2080536912751678,-0.22032689379182088,-1.3142594384250952,149
dmw=14783,6,0.2714285714285714,-0.25298464962689854,-1.463946630521541,210
dmw=14783,8,0.30985915492957744,-0.23446169201810324,-1.3517537497816803,71
dmw=14792,13,0.08695652173913043,-0.09987831541868705,-1.2142167206475927,23
dmw=14792,8,0.10465116279069768,-0.07852713297543663,-1.0377709441997476,86
dmw=14793,14,0.46153846153846156,-0.32694786185697644,-1.9931853730352624,39
dmw=14793,13,0.49295774647887325,-0.25291501288996154,-1.515876109607735,142
dmw=14793,8,0.5361702127659574,-0.20507838692923153,-1.2074607909922472,235
dmw=14793,6,0.5295169946332737,-0.19609036907846966,-1.1495126741781552,559
dmw=14797,13,0.5862068965517241,-0.225796930590214,-2.490885918195591,58
dmw=14797,11,0.7090909090909091,-0.09729933995827778,-1.0620430229744697,55
dmw=14805,8,0.4782608695652174,-0.34416483168130696,-3.0745032094795754,69
dmw=14805,4,0.6591928251121076,-0.14977386424607197,-1.3746008650661838,223
dmw=14805,6,0.7031963470319634,-0.10724027460572694,-1.0026548343431836,219
dmw=14807,12,0.6875,-0.24504984350217818,-2.77935051378567,32
dmw=14807,2,0.8020304568527918,-0.146968819668716,-1.5748931934504549,197
dmw=14807,16,0.7857142857142857,-0.12804279091439907,-1.342477248071277,14
dmw=1481,9,0.5915492957746479,-0.21469859657457946,-2.929128418152302,142
dmw=1481,12,0.7358490566037735,-0.11831469759395608,-1.4085071722984628,106
dmw=14829,8,0.0,-0.07395473850849828,-1.5365570123352839,95
dmw=14829,13,0.018518518518518517,-0.05711436007299757,-1.2190105840315733,54
dmw=14829,6,0.012903225806451613,-0.055754757127081216,-1.193373567557121,155
dmw=14838,12,0.3333333333333333,-0.5223033790619369,-3.2480349954068974,51
dmw=14856,13,0.0072992700729927005,-0.05361929322075256,-1.3813068679796072,137
dmw=14874,8,0.32075471698113206,-0.29036500598670795,-1.674772182643755,106
dmw=14874,6,0.30751708428246016,-0.2844255696821346,-1.6433094447216818,439
dmw=14874,13,0.34,-0.2768674099812561,-1.6032719082203117,100
dmw=1488,13,0.5178571428571429,-0.28574913600181906,-2.3948657978528582,56
dmw=1488,14,0.6923076923076923,-0.14632552103373764,-1.1967778661019342,26
dmw=1488,4,0.6537216828478964,-0.13130052544428772,-1.067665836590636,309
dmw=14884,7,0.27983539094650206,-0.28665655523304984,-2.7970172455352778,243
dmw=14884,13,0.43478260869565216,-0.13724054809397995,-1.4043067768319935,46
dmw=14884,10,0.39344262295081966,-0.10613493005136371,-1.1143705061945643,61
dmw=14900,7,0.34574468085106386,-0.373820174506107,-3.495300341634255,188
dmw=14902,13,0.10714285714285714,-0.61309796746895,-2.521913561659681,56
dmw=14902,4,0.38207547169811323,-0.31466959046987947,-1.1949298584807957,212
dmw=14902,8,0.4166666666666667,-0.2986616027504105,-1.1237491650158131,60
dmw=14917,8,0.38764044943820225,-0.16353016300808149,-2.2077834845988122,178
dmw=14917,13,0.45901639344262296,-0.09814589562716697,-1.2580767985344632,183
dmw=14917,4,0.43201754385964913,-0.0969107275606172,-1.240135978545129,912
dmw=14917,7,0.4602941176470588,-0.0912954564562804,-1.1585741483760377,680
dmw=14919,13,0.12244897959183673,-0.4381645731217527,-2.077133939912042,49
dmw=14919,4,0.2026578073089701,-0.329757104836121,-1.5201940451827305,301
dmw=14919,8,0.2647058823529412,-0.2899253632471455,-1.3155597490565716,102
dmw=14919,6,0.2641509433962264,-0.27063814170954553,-1.2164722664075966,212
dmw=14932,0,0.26574307304785894,-0.08770623981049819,-1.4069211310749603,794
dmw=14932,1,0.23425414364640884,-0.08312409132247284,-1.358571497708602,905
dmw=14932,3,0.3403141361256545,-0.06437401993803166,-1.1607256445242466,191
dmw=14940,13,0.1896551724137931,-0.22855182957092401,-1.4946034803238333,58
dmw=14940,8,0.24210526315789474,-0.17021304700402537,-1.156997776442539,95
dmw=14940,4,0.24641148325358853,-0.144388940289573,-1.007554038660717,418
dmw=14954,13,0.0948905109489051,-0.20216392780414538,-1.6238793590358862,137
dmw=14954,7,0.13526570048309178,-0.15710001798202916,-1.3007743463638621,414
dmw=14958,13,0.009174311926605505,-0.08639087634405607,-1.0142941296712717,109
dmw=14972,0,0.16608996539792387,-0.12433843428885072,-1.1585955115493585,578
dmw=14972,13,0.2037037037037037,-0.11155879952903106,-1.078139790669107,54
dmw=14972,10,0.15384615384615385,-0.10204596396261095,-1.0182505952816148,65
dmw=14973,0,0.18993839835728954,-0.08989322482162193,-1.9594739272483932,1948
dmw=1498,14,0.5238095238095238,-0.19916731947755806,-1.4654909813434314,21
dmw=1498,6,0.45027624309392267,-0.19900917814640862,-1.4642370642311824,362
dmw=1498,8,0.4954954954954955,-0.17178684554546014,-1.2483886934380737,111
dmw=1498,4,0.4884910485933504,-0.15861894734374665,-1.14397922143308,391
dmw=14982,13,0.47058823529411764,-0.3530990886003491,-2.342327517119709,34
dmw=14982,10,0.55,-0.2272534371870938,-1.4096266681369034,40
dmw=1499,14,0.1,-0.46681152305856954,-2.6423239215235723,10
dmw=1499,8,0.3010752688172043,-0.20029893461728882,-1.1204923919152274,93
dmw=1499,4,0.2865853658536585,-0.19241142957863555,-1.0754534167284628,328
dmw=14993,13,0.4860335195530726,-0.20974341878314284,-1.934024809819784,179
dmw=14993,14,0.5555555555555556,-0.188351069161955,-1.7297817780377602,54
dmw=14993,4,0.55858310626703,-0.11258151549428153,-1.0063734740462753,734
dmw=15018,7,0.036231884057971016,-0.16368571585847483,-1.5110560821527106,138
dmw=15018,0,0.05555555555555555,-0.12958113403446114,-1.2907493357862052,540
dmw=15018,12,0.041666666666666664,-0.12503875233168443,-1.26140672901104,72
dmw=15018,1,0.064891846921797,-0.09704851328703465,-1.0805970499547906,601
dmw=15021,13,0.15,-0.4625890466946765,-2.2526511898450137,160
dmw=15021,4,0.2845117845117845,-0.30074655855910937,-1.5075315165793453,594
dmw=15021,6,0.36231884057971014,-0.22525320732039705,-1.159961593151076,345
dmw=15022,4,0.6167247386759582,-0.21338215212019884,-2.145137599947387,287
dmw=15022,16,0.6153846153846154,-0.15120464723945437,-1.4594332642438304,13
dmw=15026,12,0.14285714285714285,-0.22719297785080905,-1.4164401088531833,14
dmw=15026,7,0.23178807947019867,-0.19141152608108916,-1.2615970868249249,151
dmw=15027,14,0.21875,-0.38967529840385395,-3.2853099440014994,32
dmw=15028,8,0.5470085470085471,-0.15850646137375568,-1.3672041137689992,117
dmw=15028,13,0.5671641791044776,-0.1433642016414881,-1.195216936496377,67
dmw=15028,15,0.6153846153846154,-0.13240196438167107,-1.0707068385160168,26
dmw=15033,1,0.1703056768558952,-0.23439751997267388,-1.8827426125637587,229
dmw=15033,0,0.2734375,-0.17080265062874267,-1.5481493547574987,256
dmw=15033,7,0.3472222222222222,-0.12060866197911507,-1.2840624817466963,72
dmw=15038,6,0.390625,-0.3575418997789318,-2.299662534855395,320
dmw=15038,8,0.44366197183098594,-0.3192803275766382,-2.0596316323146486,142
dmw=15039,14,0.0,-0.09444543495761004,-1.2258845305351271,30
dmw=15077,13,0.12727272727272726,-0.17117403717680246,-1.7728343132280817,55
dmw=15077,4,0.11326860841423948,-0.16190779477812178,-1.663840004042172,309
dmw=15077,11,0.14864864864864866,-0.14224136777921306,-1.4325133742524765,74
dmw=15083,0,0.3198959687906372,-0.1403086608559425,-1.903526201306581,769
dmw=15083,7,0.36860068259385664,-0.11530428994183728,-1.6906932403159323,293
dmw=15083,1,0.3194842406876791,-0.1008371810920235,-1.5675516654266017,698
dmw=15116,0,0.6521394611727417,-0.0991085973358693,-2.060067284106998,1262
dmw=15116,1,0.6508585445625511,-0.0689161992106847,-1.7002210010319512,1223
dmw=15116,3,0.736231884057971,-0.05348548599830383,-1.516310972698012,345
dmw=15117,0,0.44994617868675996,-0.11261672726552169,-1.855640991962892,929
dmw=15117,1,0.44881889763779526,-0.07357482866135168,-1.4126078209506931,889
dmw=15117,12,0.4666666666666667,-0.0643776228822116,-1.3082412971272606,90
dmw=15129,12,0.4715447154471545,-0.22437079417939954,-1.9497132503055856,123
dmw=15129,10,0.47368421052631576,-0.2122178215512141,-1.8510178970339874,133
dmw=15137,13,0.2361111111111111,-0.4851549705023764,-1.8969924981662383,144
dmw=15137,6,0.2729528535980149,-0.4268752709474649,-1.6381760448096483,403
dmw=15137,8,0.2976190476190476,-0.41874539237581604,-1.6020717691492812,168
dmw=15137,4,0.32123411978221417,-0.37658617981846576,-1.4148453772198044,551
dmw=15154,10,0.6581632653061225,-0.16561325839840224,-2.3757792761533074,196
dmw=15154,4,0.7431192660550459,-0.10502705817400138,-1.4628036606397878,654
dmw=15154,13,0.774390243902439,-0.08784095441537643,-1.2038256491587092,164
dmw=15166,7,0.40119760479041916,-0.1816693813811327,-1.7565131937633744,167
dmw=15166,5,0.44,-0.17712316681655954,-1.707799831866778,75
dmw=15166,13,0.4358974358974359,-0.15244365573256002,-1.443355218047982,39
dmw=15167,13,0.10810810810810811,-0.41612422200374033,-2.4853790938056477,111
dmw=15167,7,0.23696682464454977,-0.28163643925711845,-1.6479249194637167,211
dmw=1518,6,0.27884615384615385,-0.338094168352843,-2.2008976125529967,520
dmw=1518,13,0.40559440559440557,-0.23566912551181424,-1.572908490038083,143
dmw=1518,8,0.45248868778280543,-0.1831769837116815,-1.2510683115657428,221
dmw=15191,7,0.11618257261410789,-0.2397339992490091,-2.4910590786418223,723
dmw=15191,10,0.15897435897435896,-0.1378691897340839,-1.4746607839348975,195
dmw=15212,16,0.6986301369863014,-0.181614251902661,-2.4795476705201875,73
dmw=15212,9,0.7086092715231788,-0.16342392497615643,-2.208800527162519,151
dmw=15212,12,0.8026315789473685,-0.10295361380302137,-1.3087527119569424,76
dmw=15254,6,0.609375,-0.16678220319634163,-1.7371117252120165,192
dmw=15254,4,0.6123348017621145,-0.1621606187643071,-1.6932496131123038,227
dmw=15266,13,0.6174496644295302,-0.2095429026667961,-2.2589158678869223,149
dmw=15266,6,0.6632390745501285,-0.1483226896246127,-1.5855754082294196,389
dmw=15266,4,0.6836734693877551,-0.1264250428348992,-1.3447305822788191,588
dmw=15271,10,0.11428571428571428,-0.19507973150599484,-1.4437659796766458,140
dmw=15271,6,0.1653290529695024,-0.18546325741693426,-1.3532410093932652,623
dmw=15271,15,0.2375,-0.18259168059890285,-1.3262093339879886,80
dmw=15271,4,0.19458544839255498,-0.1540374014704135,-1.0574127620188163,591
dmw=15272,13,0.0,-0.12221289325877088,-1.3421518328316164,32
dmw=15272,8,0.0,-0.1196349986298096,-1.3185133746291782,87
dmw=15272,6,0.02100840336134454,-0.09045193339623137,-1.0509141252289311,238
dmw=15341,14,0.36046511627906974,-0.1700615610637476,-2.0514156118071853,86
dmw=15341,7,0.31101511879049676,-0.1541900632571524,-1.8698123983439172,463
dmw=15343,7,0.46534653465346537,-0.08070161823276983,-1.4507912331916828,505
dmw=15343,3,0.5119305856832972,-0.06435469698597995,-1.2492324819745286,461
dmw=15343,1,0.42614840989399294,-0.055775553706705505,-1.1434510091346097,1415
dmw=15343,0,0.46902017291066284,-0.05336473081137699,-1.1137253840549906,1388
dmw=15349,13,0.17549668874172186,-0.24959075953590482,-2.477172236279645,604
dmw=15349,4,0.2767915844838922,-0.12074648451503989,-1.09775461559747,1521
dmw=15356,10,0.0875,-0.23910721980312086,-1.4492021765779812,80
dmw=15356,8,0.16326530612244897,-0.2246646441161165,-1.3617639649323299,98
dmw=15356,7,0.22142857142857142,-0.16690361529598652,-1.012067264544627,140
dmw=15374,13,0.6883116883116883,-0.13059213357039345,-1.9717589415274936,154
dmw=15374,4,0.6928783382789317,-0.1085312420554072,-1.644692507162976,674
dmw=15374,10,0.6970802919708029,-0.07447924332517408,-1.1398504521573236,274
dmw=15375,11,0.7584269662921348,-0.179845158050164,-2.7132947049871547,178
dmw=15375,9,0.7424242424242424,-0.15518426397742113,-2.2992573012627098,198
dmw=15378,4,0.56,-0.13463572153759285,-1.5605358882096227,325
dmw=15378,9,0.4594594594594595,-0.126905579816825,-1.4662126903006139,37
dmw=15378,10,0.5333333333333333,-0.12229954980413682,-1.410009906942269,60
dmw=15378,6,0.5750798722044729,-0.12157563587676734,-1.4011767083921165,313
dmw=15384,4,0.07214428857715431,-0.08702287224083465,-1.0444261800445955,499
dmw=15384,8,0.08695652173913043,-0.08456547216206889,-1.032507550446332,161
dmw=15384,1,0.05731080088170463,-0.08089926979127751,-1.0147261120605706,1361
dmw=15395,7,0.06862745098039216,-0.1761125431042299,-1.5993638140520163,918
dmw=15395,0,0.10982874162323157,-0.11775906739976512,-1.2527281104496686,2686
dmw=15395,1,0.09544049459041731,-0.10494009430983611,-1.1765798827246983,2588
dmw=15395,12,0.1254355400696864,-0.08056317461898388,-1.0317742716332245,287
dmw=15444,11,0.20512820512820512,-0.3831902367620413,-2.8635517053020965,39
dmw=15444,16,0.3103448275862069,-0.1602725889833445,-1.0977303231573476,29
dmw=15497,10,0.2391304347826087,-0.3188286437616676,-1.9021112206675868,46
dmw=15497,13,0.34328358208955223,-0.28495865128923636,-1.6604985872018252,67
dmw=15516,13,0.027777777777777776,-0.3452681300207341,-1.8468116842033668,180
dmw=15516,4,0.08759124087591241,-0.25924331587325317,-1.4078175612311588,685
dmw=15516,6,0.13659793814432988,-0.21240091314846402,-1.1687756091401533,388
dmw=15516,8,0.16062176165803108,-0.2067697968880787,-1.140039401238043,193
dmw=15517,7,0.18625277161862527,-0.2895744351204532,-2.1522345134375307,451
dmw=15517,10,0.3,-0.10950576577535254,-1.064128437106295,70
dmw=15529,8,0.0,-0.16376661703726245,-1.7664665102523092,53
dmw=15529,6,0.01935483870967742,-0.1337460184684449,-1.5111452197277797,155
dmw=15529,4,0.03664921465968586,-0.11521879253011812,-1.353573570196228,191
dmw=15533,8,0.025,-0.3382724652573425,-1.6324261820151773,80
dmw=15533,6,0.03968253968253968,-0.305290979863894,-1.4617240815593378,252
dmw=15533,4,0.05597964376590331,-0.2868413984996375,-1.3662346803441006,393
dmw=15533,13,0.09210526315789473,-0.2767951246177361,-1.3142382334607268,76
dmw=15534,13,0.008333333333333333,-0.38413581847043404,-1.5209263269685664,120
dmw=15534,6,0.02576112412177986,-0.3421436406122772,-1.3231127543559515,427
dmw=15534,4,0.026272577996715927,-0.33941650813435165,-1.3102659851250589,609
dmw=15534,14,0.11363636363636363,-0.3370644446584761,-1.2991860625559988,88
dmw=15534,8,0.07009345794392523,-0.3166085278590186,-1.2028238782264453,214
dmw=15534,5,0.12840466926070038,-0.29307515962338593,-1.0919646686369036,257
dmw=15535,4,0.7379032258064516,-0.1376476359383677,-2.1537079105466916,248
dmw=15535,6,0.7490196078431373,-0.12756700617586236,-1.9904109678834183,255
dmw=15535,13,0.8169014084507042,-0.07052983891239417,-1.0664612492913073,71
dmw=1557,7,0.4668141592920354,-0.07159019735750838,-1.3112341852754061,452
dmw=1557,10,0.41064638783269963,-0.06055510022164046,-1.1670357572267822,263
dmw=1557,1,0.42263056092843326,-0.051609488937974735,-1.05014117359454,2068
dmw=15577,12,0.6124567474048442,-0.23574000057539635,-3.13137846553663,289
dmw=15577,13,0.7674418604651163,-0.10967804985438179,-1.4271727952782005,215
dmw=15578,9,0.61,-0.18777931556934957,-1.6692225756649146,100
dmw=15578,11,0.6875,-0.1849555123006038,-1.6407038825296112,16
dmw=15578,12,0.6666666666666666,-0.1807264180535546,-1.59799260642664,48
dmw=1558,12,0.6333333333333333,-0.2764285609612319,-3.263825204034064,60
dmw=1558,9,0.7421383647798742,-0.1353550091720176,-1.475079173927761,159
dmw=15594,0,0.08136482939632546,-0.12923581341769408,-1.200843567296451,762
dmw=15594,1,0.07720144752714113,-0.10773650328612937,-1.1191327174860373,829
dmw=15594,8,0.12280701754385964,-0.10374463876407711,-1.1039611310291284,114
dmw=15610,14,0.0,-0.1905658943901069,-1.8094175547985911,28
dmw=15610,6,0.009259259259259259,-0.1338485636313811,-1.334092091160758,108
dmw=15610,4,0.045454545454545456,-0.09648740989956854,-1.020983073475083,198
dmw=1562,14,0.20588235294117646,-0.2363963559147696,-2.0058875264375318,34
dmw=1562,1,0.16839134524929444,-0.15229178630713625,-1.448350651214535,1063
dmw=1562,0,0.21535393818544366,-0.1415794811372236,-1.3773378016306022,1003
dmw=1562,10,0.20618556701030927,-0.1118477290664579,-1.1802433010371995,97
dmw=15637,4,0.07304785894206549,-0.10450448136316466,-1.0188006501843796,397
dmw=15639,11,0.15503875968992248,-0.44126896571686774,-3.103246287342776,129
dmw=15639,9,0.2736842105263158,-0.18633382024557504,-1.1902499315668593,95
dmw=15639,2,0.43333333333333335,-0.18408183894567287,-1.1733513905201778,390
dmw=15649,12,0.4868421052631579,-0.14014106567685064,-1.7656196123382368,76
dmw=15649,7,0.5606694560669456,-0.11668615217939271,-1.545535968341426,239
dmw=15649,1,0.5505107832009081,-0.06832129473692139,-1.0917157456201185,881
dmw=15649,0,0.5946843853820598,-0.06154349616450361,-1.028117872694441,903
dmw=15661,12,0.6413043478260869,-0.2607342578761488,-3.269779608761437,92
dmw=15661,9,0.7477203647416414,-0.11969043166670401,-1.3585265777497688,329
dmw=15661,16,0.7816091954022989,-0.09426717898891057,-1.0140218231321971,87
dmw=15663,12,0.7407407407407407,-0.168860749182708,-3.185191582757462,108
dmw=15663,9,0.7867435158501441,-0.09053983139113486,-1.5806030720986426,347
dmw=15664,13,0.35714285714285715,-0.2991433629114469,-1.8494645538166088,126
dmw=15664,6,0.4,-0.23239769122504106,-1.4135458324551236,350
dmw=15664,4,0.40717299578059074,-0.22300418331368954,-1.352196446729347,474
dmw=15664,8,0.4451219512195122,-0.20567317392434153,-1.239006913055852,164
dmw=15664,14,0.5102040816326531,-0.1978378642692491,-1.1878341840979856,49
dmw=15665,13,0.6226912928759895,-0.08562260487508933,-1.6402719818713596,379
dmw=15665,11,0.6308411214953271,-0.06990407507107088,-1.3548166937786759,214
dmw=15667,14,0.5370370370370371,-0.2922795893656951,-2.1487157086375475,54
dmw=15667,4,0.56353591160221,-0.2099106246458874,-1.4915124526402865,362
dmw=15667,8,0.5897435897435898,-0.19901100127263338,-1.4045468340433616,78
dmw=15671,14,0.26666666666666666,-0.24057775447445745,-2.236940773478605,90
dmw=15671,13,0.3148148148148148,-0.13284618125319997,-1.1911346442843387,216
dmw=15671,4,0.30526315789473685,-0.11445353656427326,-1.0125877246337076,1045
dmw=15672,13,0.0972972972972973,-0.17870470374386982,-1.738141963221264,185
dmw=15672,8,0.11004784688995216,-0.16113449323125045,-1.5711615067886215,209
dmw=15672,6,0.12605042016806722,-0.1296092039579872,-1.2715574019749787,595
dmw=15672,4,0.1406025824964132,-0.1132458752223269,-1.1160466811970187,697
dmw=15692,9,0.45294117647058824,-0.34800387419144857,-3.151907555094211,170
dmw=15693,9,0.7443037974683544,-0.10761427507343346,-2.1667762139709144,395
dmw=15693,12,0.7962962962962963,-0.09378301787657461,-1.888363596812566,162
dmw=15693,4,0.8207253886010363,-0.08153957696259251,-1.6419125056811321,965
dmw=15696,13,0.13333333333333333,-0.6913821371240356,-3.4554647314079165,30
dmw=15697,8,0.3114754098360656,-0.33947360929606785,-1.9586926731487337,122
dmw=15697,4,0.3581730769230769,-0.2721619212515493,-1.5908098161635151,416
dmw=15697,10,0.35365853658536583,-0.2343320626612302,-1.384055879932573,82
dmw=15697,6,0.45454545454545453,-0.1780096606938572,-1.076233468253887,297
dmw=15718,15,0.40384615384615385,-0.14884652076262317,-1.9487435728296831,52
dmw=15718,9,0.24615384615384617,-0.11645280259790192,-1.4723089121719934,65
dmw=15718,13,0.3978494623655914,-0.10781676239053917,-1.3452932709078798,93
dmw=15739,16,0.07692307692307693,-0.21128310428248415,-2.1258163979630873,13
dmw=15759,0,0.5214050493962679,-0.11526905885597061,-1.5672600827936947,911
dmw=15759,12,0.5087719298245614,-0.09799082552965288,-1.4252374175892342,57
dmw=15759,1,0.5307692307692308,-0.0676835605155558,-1.1761194394332295,780
dmw=15760,13,0.0963855421686747,-0.48578856964099704,-2.2087727701764304,83
dmw=15760,4,0.26063829787234044,-0.29362070022719505,-1.2597106330775376,376
dmw=15760,6,0.3067226890756303,-0.24989193516360986,-1.043746771113833,238
dmw=15760,10,0.2631578947368421,-0.24681692677841888,-1.0285601843105932,57
dmw=15796,13,0.2742616033755274,-0.21572852255469416,-1.9113663966215781,237
dmw=15796,6,0.2984723854289072,-0.16551115454993814,-1.443815123712839,851
dmw=15796,4,0.2993799822852081,-0.16223181661797814,-1.4132826867232977,1129
dmw=158,6,0.5096618357487923,-0.2061408881955319,-2.319505057320304,414
dmw=158,8,0.5579710144927537,-0.17382525804630578,-1.8953740618096109,138
dmw=158,13,0.6230769230769231,-0.11345238986996875,-1.1030019321861737,130
dmw=15819,9,0.64453125,-0.153438340387948,-2.727430793467249,256
dmw=15819,16,0.7241379310344828,-0.08575923736294733,-1.5750637791011899,116
dmw=15820,12,0.719626168224299,-0.14693692322909457,-2.429669972850175,107
dmw=15820,16,0.7065217391304348,-0.126162152360072,-2.0691792285872133,92
dmw=15822,13,0.17757009345794392,-0.4111747086412152,-2.1594034730893963,107
dmw=15822,10,0.23846153846153847,-0.27827687990589556,-1.4392377081435217,130
dmw=15822,4,0.3236151603498542,-0.2373224419290541,-1.2173079412376917,686
dmw=15823,4,0.4342857142857143,-0.23917956208595859,-2.0848638788580742,525
dmw=15823,13,0.4959349593495935,-0.20204792350414807,-1.773948423348124,123
dmw=15823,6,0.561038961038961,-0.11452072804587055,-1.0410543501318186,385
dmw=15824,14,0.2692307692307692,-0.3828353312744231,-2.003073322141816,26
dmw=15824,12,0.23809523809523808,-0.2978726709293817,-1.511704202781839,21
dmw=15831,4,0.3093220338983051,-0.36334370065481597,-1.9725775701940336,236
dmw=15831,8,0.34782608695652173,-0.3442462891959156,-1.8582914362349559,69
dmw=15831,13,0.41379310344827586,-0.2834232803056605,-1.4943035441174495,58
dmw=15831,6,0.40404040404040403,-0.270722394915273,-1.418296641703027,198
dmw=15865,13,0.0,-0.14923244931222276,-1.38921519023644,49
dmw=15865,14,0.043478260869565216,-0.1387194296219983,-1.2891806550709637,23
dmw=15865,5,0.05555555555555555,-0.1095954986066851,-1.0120577173086311,90
dmw=15869,10,0.2571428571428571,-0.2429390999062031,-2.8022781554215426,105
dmw=15869,14,0.5151515151515151,-0.11461923782968941,-1.4026516720418152,33
dmw=15881,13,0.05,-0.09637522459200103,-1.4035756933697494,100
dmw=15881,4,0.05417607223476298,-0.07854290594293459,-1.1842623474993044,443
dmw=15925,8,0.36470588235294116,-0.23801269762177185,-1.7402391616135098,85
dmw=15925,6,0.38362068965517243,-0.19978894599067848,-1.4572265158367823,232
dmw=15925,14,0.4909090909090909,-0.17286589324795104,-1.2578854238727093,55
dmw=15925,4,0.425531914893617,-0.15555731307755433,-1.1297308901173724,329
dmw=16083,7,0.22145328719723184,-0.1490802339833991,-1.769431461222001,578
dmw=16083,1,0.20609579100145137,-0.10672161453244411,-1.4065238160221063,2067
dmw=16083,3,0.3011456628477905,-0.09846147733371852,-1.335755056825683,611
dmw=16083,12,0.22950819672131148,-0.09081690594811673,-1.270260160248059,183
dmw=16083,0,0.28351449275362317,-0.06512037556963451,-1.0501050312486342,2208
dmw=16092,7,0.0,-0.1187637772915022,-1.0649728516782868,51
dmw=16092,0,0.0,-0.10916431299870423,-1.0047324311016173,190
dmw=16103,13,0.12903225806451613,-0.16047510891461186,-1.3883824771247906,31
dmw=16103,1,0.10684931506849316,-0.12867295220153532,-1.238186282673508,365
dmw=16103,7,0.16037735849056603,-0.12451213326499841,-1.2185354402571595,106
dmw=16103,0,0.1424581005586592,-0.12345609134418328,-1.213547933305399,358
dmw=16124,4,0.3127962085308057,-0.3279646293584755,-2.377855415097297,211
dmw=16124,6,0.375,-0.26795380750628384,-1.9324097561009994,168
dmw=16124,8,0.4166666666666667,-0.2444393826142343,-1.7578679289992698,84
dmw=16169,6,0.06796116504854369,-0.3354329311468912,-1.854837207544179,206
dmw=16169,8,0.11904761904761904,-0.30374411115124667,-1.676401731253012,84
dmw=16169,4,0.13503649635036497,-0.26606381439798327,-1.4642290565088851,274
dmw=16169,10,0.17307692307692307,-0.18611526341137014,-1.0140495365379396,52
dmw=16172,10,0.10054347826086957,-0.14221924748781942,-1.5267978982182213,368
dmw=16172,1,0.1487994589110585,-0.09621126891061182,-1.2204510083079083,2957
dmw=16172,0,0.18402505873140174,-0.09215964938891352,-1.1934730562666274,2554
dmw=16174,13,0.6145833333333334,-0.1543741380923439,-1.7811932827640622,96
dmw=16174,10,0.6057692307692307,-0.10736058723648478,-1.2964335490110879,104
dmw=16174,4,0.648910411622276,-0.09921194648529152,-1.2124123923639765,413
dmw=16202,6,0.3539325842696629,-0.2286600431082635,-1.9525766692715294,356
dmw=16202,13,0.42424242424242425,-0.18346758654059808,-1.5417977622443182,99
dmw=16202,8,0.42105263157894735,-0.18086096919749328,-1.5181047943341632,114
dmw=16204,6,0.1441717791411043,-0.42700560094187384,-2.508287812356386,326
dmw=16204,8,0.3069306930693069,-0.2837247899138607,-1.6862975513976772,101
dmw=1625,6,0.25,-0.39659788869827217,-2.130472652785429,92
dmw=1625,8,0.34146341463414637,-0.32319807740667844,-1.7073630199048773,41
dmw=1625,4,0.35344827586206895,-0.2909666468116403,-1.5215665099914597,116
dmw=16292,7,0.24015748031496062,-0.3258327122901906,-3.034342674825431,1778
dmw=16295,13,0.0,-0.1510268288264868,-1.3889774631927085,79
dmw=16295,14,0.05263157894736842,-0.1316709997095907,-1.1962151970322954,19
dmw=16295,4,0.011278195488721804,-0.12572806312466484,-1.1370302395272749,266
dmw=16295,6,0.015544041450777202,-0.12259407095625757,-1.1058192059485672,193
dmw=16295,8,0.03571428571428571,-0.11222929963937102,-1.0025977528549634,84
dmw=16353,3,0.18141592920353983,-0.17129005273381143,-1.3296220183846872,226
dmw=16353,0,0.16466739367502725,-0.14001289874782796,-1.2032459006496539,917
dmw=16353,7,0.22790697674418606,-0.09728945801579106,-1.0306207769437947,215
dmw=16355,6,0.4095238095238095,-0.3905284386343151,-2.715056693853993,105
dmw=16355,8,0.574468085106383,-0.23807810003796193,-1.653049413057176,47
dmw=16355,16,0.5666666666666667,-0.160411302269168,-1.112003027289383,30
dmw=16358,6,0.23444976076555024,-0.11586657620729257,-1.4302404745594082,209
dmw=16358,10,0.2222222222222222,-0.08669671326924688,-1.0943113329597447,72
dmw=16358,7,0.2824427480916031,-0.08669073966722479,-1.0942425391157762,262
dmw=16358,11,0.2857142857142857,-0.08021085499773511,-1.0196181879726192,42
dmw=16409,6,0.15789473684210525,-0.4520093762832516,-2.167430768059435,95
dmw=16409,14,0.3076923076923077,-0.38020034197947794,-1.7873533766759544,13
dmw=16409,8,0.3,-0.3287664484232831,-1.5151193843785977,20
dmw=16420,8,0.08450704225352113,-0.3862711338154065,-1.7355749617391736,71
dmw=16420,13,0.10526315789473684,-0.37156120481305355,-1.6530931183427688,57
dmw=16420,6,0.12871287128712872,-0.32218589568660194,-1.3762347790288516,101
dmw=16420,4,0.15544041450777202,-0.2930975271555262,-1.2131298274377649,193
dmw=16421,6,0.30324543610547666,-0.23947247464635796,-1.865129487223106,986
dmw=16421,8,0.34402332361516036,-0.21847522667955027,-1.659533400363673,343
dmw=16421,13,0.3804034582132565,-0.1880539467239335,-1.3616612160651793,347
dmw=16421,4,0.3813813813813814,-0.15896804168324602,-1.0768644527663191,1332
dmw=16425,6,0.06336633663366337,-0.36449625276935677,-1.6652123117313506,505
dmw=16425,13,0.1111111111111111,-0.3424466069402206,-1.5521567235470104,144
dmw=16425,4,0.0846063454759107,-0.3409225620027191,-1.5443424575871951,851
dmw=16425,8,0.17216117216117216,-0.2753930029069673,-1.2083514441968022,273
dmw=1644,6,0.4806201550387597,-0.2682004426844556,-2.1242237256187475,129
dmw=1644,13,0.5652173913043478,-0.20270252363658958,-1.605243541316171,23
dmw=1644,4,0.584,-0.1630220180820925,-1.2908305586557203,125
dmw=16442,9,0.40131578947368424,-0.13238830452542844,-1.751973718540269,152
dmw=16442,7,0.5489443378119002,-0.11906547244624166,-1.6029305504328444,521
dmw=16442,3,0.617059891107078,-0.07760588360988008,-1.1391201209479644,551
dmw=16445,11,0.5238095238095238,-0.10172451951018036,-1.6659217573840044,63
dmw=16445,1,0.4946091644204852,-0.0724482509375205,-1.3494361216421131,742
dmw=16445,0,0.5543478260869565,-0.051953344611707974,-1.1278797630543709,736
dmw=16509,7,0.22535211267605634,-0.2737798133135101,-2.5697105272210434,213
dmw=16544,13,0.29464285714285715,-0.2677803250009541,-1.7657587071392025,112
dmw=16544,8,0.3177570093457944,-0.23868901032509243,-1.5626654659452857,107
dmw=16544,4,0.3391812865497076,-0.19506290583166452,-1.258101472844402,513
dmw=16544,6,0.36069651741293535,-0.17592064363476428,-1.124464883481941,402
dmw=1659,10,0.0,-0.10926943058694548,-1.8867814211118452,90
dmw=1659,13,0.03333333333333333,-0.10773740129914208,-1.8553892457580403,60
dmw=1659,8,0.05555555555555555,-0.08260211447510432,-1.3403525308400726,144
dmw=16590,4,0.008064516129032258,-0.12591898484666958,-1.0261503554506783,372
dmw=16590,13,0.025,-0.12274769575018127,-1.006572024210761,80
dmw=16608,12,0.6071428571428571,-0.3135894124412514,-3.766938359852419,140
dmw=16723,14,0.25,-0.1701840593794532,-2.279662103583007,16
dmw=16723,7,0.22727272727272727,-0.13081325815651282,-1.7694978685518243,308
dmw=16784,6,0.3476190476190476,-0.3107359702406769,-2.379391882411094,210
dmw=16784,8,0.4805194805194805,-0.19559920818081805,-1.6134877734498156,77
dmw=16784,12,0.48148148148148145,-0.1445749847052355,-1.2740682716560279,27
dmw=16789,1,0.5526881720430108,-0.14661637619092793,-2.0354429550289006,465
dmw=16789,0,0.628175519630485,-0.1040461051263395,-1.6254435633262787,433
dmw=16789,7,0.6495726495726496,-0.10088228488295237,-1.5949724307070599,117
dmw=16790,7,0.12980769230769232,-0.22189931905803903,-1.799700988681947,208
dmw=16790,1,0.1636085626911315,-0.13193797322441908,-1.3042126675001138,654
dmw=16790,12,0.1875,-0.11532238881313034,-1.212697495632512,64
dmw=16790,0,0.21598877980364656,-0.11434832357541252,-1.2073325475552454,713
dmw=16823,7,0.27176220806794055,-0.20512956324082177,-2.8705376745761666,471
dmw=16823,12,0.35714285714285715,-0.06478891226274897,-1.009452327207543,98
dmw=16831,13,0.044585987261146494,-0.20917943688919022,-2.0639318681710113,157
dmw=16831,4,0.06578947368421052,-0.16703327850251942,-1.5776132236826195,608
dmw=16831,14,0.16363636363636364,-0.13799863560800185,-1.2425865281028878,110
dmw=16844,12,0.09302325581395349,-0.12942971558033217,-1.3022953933512087,43
dmw=16844,1,0.11209439528023599,-0.10441406501549208,-1.1488537139400712,678
dmw=16844,0,0.14743589743589744,-0.09779800091879476,-1.108271919616648,624
dmw=16844,7,0.1657754010695187,-0.09748730990100707,-1.106366194581685,187
dmw=16844,10,0.125,-0.08944768990826071,-1.0570525542941036,40
dmw=16908,13,0.14285714285714285,-0.479479202916448,-2.380138551032453,28
dmw=16908,6,0.3157894736842105,-0.28174577429064485,-1.3228603601702869,152
dmw=16911,8,0.12890625,-0.2231158231801516,-1.7460041444454144,256
dmw=16911,14,0.225,-0.1891572550177167,-1.4541670987402646,80
dmw=16911,6,0.15859030837004406,-0.1754022641396183,-1.3359578773630785,454
dmw=16911,4,0.16842105263157894,-0.16345284451864364,-1.2332655817575753,760
dmw=16939,6,0.3125,-0.20986368245578724,-2.1451839835668864,208
dmw=16939,15,0.4375,-0.15701829833839498,-1.5801963155088694,16
dmw=16946,13,0.46296296296296297,-0.25511794799280646,-2.3321096072160388,108
dmw=16946,7,0.5274390243902439,-0.18605286909660823,-1.6607578740632027,328
dmw=16946,4,0.5703275529865125,-0.12415314264250987,-1.0590574300645363,519
dmw=16952,13,0.3709677419354839,-0.4507345334104852,-2.75289080827366,62
dmw=16952,8,0.5350877192982456,-0.2830337458338372,-1.6386695740460817,114
dmw=16952,14,0.6595744680851063,-0.1945133206749522,-1.0505307894872842,47
dmw=16958,13,0.21428571428571427,-0.5228770518221277,-2.922937795802394,28
dmw=16958,4,0.5221238938053098,-0.1924010025207299,-1.045189290182087,226
dmw=16977,6,0.23770491803278687,-0.29337263343808434,-2.5754603851917595,488
dmw=16977,8,0.34459459459459457,-0.20635049575103553,-1.795522400763641,148
dmw=16982,11,0.4563106796116505,-0.2591980677517556,-2.563988032968774,103
dmw=16982,2,0.5174129353233831,-0.21575956797169793,-2.116850487830703,402
dmw=16982,12,0.5466666666666666,-0.12456127922726656,-1.1780938743092793,75
dmw=17003,6,0.14681440443213298,-0.302005771919022,-1.5017702953645617,361
dmw=17003,8,0.1810344827586207,-0.28765168188775436,-1.4283128222139685,116
dmw=17003,14,0.2682926829268293,-0.26613714548073475,-1.3182115565103605,41
dmw=17015,13,0.7478260869565218,-0.12497104736919262,-1.8154921815066112,115
dmw=17015,10,0.7131474103585658,-0.1235858181360705,-1.7878339849978293,251
dmw=17016,7,0.17667844522968199,-0.13087925147848858,-1.4930438541229125,283
dmw=17016,12,0.1527777777777778,-0.10954866542131048,-1.2991395395802277,72
dmw=17016,10,0.15789473684210525,-0.09545906696551726,-1.171058955041723,57
dmw=17018,12,0.42857142857142855,-0.3608571101704145,-3.2410589784011927,91
dmw=17018,3,0.7213114754098361,-0.11981854347460197,-1.142085362819692,244
dmw=17020,7,0.06451612903225806,-0.15672736993941414,-1.4882013002156422,248
dmw=17020,12,0.05405405405405406,-0.13125497615015383,-1.308713002645512,37
dmw=17038,6,0.3446327683615819,-0.12512045184153203,-1.198206356565705,354
dmw=17038,8,0.3705357142857143,-0.11918680611872651,-1.1576102723148711,224
dmw=17038,4,0.3552,-0.11217770246881448,-1.1096562528827636,625
dmw=1709,6,0.22702702702702704,-0.3992838505852424,-2.6319196406449676,370
dmw=1709,8,0.37267080745341613,-0.272171051015271,-1.7920460911502587,161
dmw=1709,4,0.43537414965986393,-0.1887013044860278,-1.240535680474824,588
dmw=17094,13,0.12264150943396226,-0.09805731128996842,-1.5991994919535497,106
dmw=17094,6,0.10852713178294573,-0.09476086755625038,-1.553180419147491,387
dmw=17094,4,0.11172161172161173,-0.09002567616104899,-1.487076115489131,546
dmw=17096,7,0.2574803149606299,-0.1789593131034551,-1.4851858792860364,1270
dmw=17096,4,0.2689408964696549,-0.14519898679939114,-1.258358674628694,2521
dmw=17096,6,0.28797289666854886,-0.12848348831591894,-1.146051413101911,1771
dmw=17096,8,0.3111111111111111,-0.12491197144897348,-1.1220552828506976,720
dmw=17096,13,0.3333333333333333,-0.10866236726172429,-1.0128782487964298,333
dmw=17113,6,0.4503464203233256,-0.17267761967713036,-2.125743067304371,433
dmw=17113,8,0.4909090909090909,-0.15071565786751412,-1.8606986800653107,165
dmw=1713,6,0.09283819628647215,-0.4664304754522387,-1.7482505607440784,377
dmw=1713,4,0.09077598828696926,-0.4661399333313944,-1.7470608807746353,683
dmw=1713,13,0.140625,-0.4441642918372072,-1.6570774373230526,128
dmw=1713,8,0.16279069767441862,-0.4160981938631895,-1.5421554615245479,172
dmw=17138,7,0.541095890410959,-0.2360320576467968,-2.0690022222957576,146
dmw=17138,13,0.5671641791044776,-0.21384636244191724,-1.8482217575469628,67
dmw=17138,2,0.6086956521739131,-0.18109968369100615,-1.5223438940479868,207
dmw=17143,6,0.18556701030927836,-0.2522561018228035,-1.4724091150542933,291
dmw=17143,5,0.30303030303030304,-0.19059826507574523,-1.0723336727177792,165
dmw=17143,13,0.28,-0.18363168462152607,-1.02713004729335,75
dmw=17145,13,0.03982300884955752,-0.2224965016714004,-1.7375946182420374,226
dmw=17145,4,0.04118616144975288,-0.19971262199752834,-1.5500550881773656,607
dmw=17145,8,0.08490566037735849,-0.17274808924147178,-1.3281036087160585,106
dmw=17145,6,0.07157894736842105,-0.17106865506395483,-1.3142797867448046,475
dmw=1715,6,0.30238095238095236,-0.43547388969295914,-2.9839910671185326,420
dmw=1715,13,0.5909090909090909,-0.16660888206745683,-1.0998087787605182,66
dmw=17162,6,0.10606060606060606,-0.21239096671097762,-1.8519607414127095,264
dmw=17162,8,0.12931034482758622,-0.20675512020750245,-1.8122804164957629,116
dmw=17188,6,0.2596491228070175,-0.2818661959308774,-1.5404886101110373,285
dmw=17188,11,0.27941176470588236,-0.2789103562842694,-1.5222755788406024,68
dmw=17188,14,0.35294117647058826,-0.2718233089050785,-1.478607237196839,34
dmw=17188,8,0.3300970873786408,-0.23120884177502193,-1.2283526062595214,103
dmw=17196,16,0.045454545454545456,-0.12784752220379259,-1.5873180298188128,22
dmw=17196,10,0.08383233532934131,-0.12315869162370136,-1.5313697184568063,167
dmw=17196,11,0.171875,-0.08017302966097112,-1.0184539373227406,64
dmw=17205,15,0.5901639344262295,-0.16575233861928296,-1.6726956901757744,61
dmw=17205,6,0.5608465608465608,-0.1370408476822188,-1.3621811465200466,378
dmw=17205,2,0.5964214711729622,-0.1333879951611281,-1.322675575871888,503
dmw=17205,9,0.45454545454545453,-0.1332343553734991,-1.3210139628038813,121
dmw=17220,8,0.12307692307692308,-0.49769910199511436,-1.9546348269659428,65
dmw=17220,4,0.17557251908396945,-0.42390395919640167,-1.6247706713040042,131
dmw=17220,13,0.2857142857142857,-0.3407539400226115,-1.2530902350610547,35
dmw=1726,11,0.0,-0.21795192298478613,-1.244639566789933,14
dmw=17282,11,0.0,-0.38196635905421866,-1.9818397182986336,12
dmw=17294,13,0.04,-0.3178934937507255,-1.7890668126209979,25
dmw=17294,11,0.14285714285714285,-0.20672443571802684,-1.2085536650891584,21
dmw=17294,4,0.12790697674418605,-0.20427572871998279,-1.1957667742764315,172
dmw=17343,8,0.358974358974359,-0.18648371748435516,-1.697878520913042,39
dmw=17343,13,0.3888888888888889,-0.16257506469302258,-1.4741214037115413,54
dmw=17343,4,0.4017094017094017,-0.12146814700501551,-1.0894085769711612,585
dmw=17398,11,0.03333333333333333,-0.7485716509535133,-3.6952229201883826,30
dmw=17403,4,0.3034300791556728,-0.25717434036930537,-1.724665103545777,379
dmw=17403,6,0.3088803088803089,-0.2540726451979894,-1.7034607051895092,259
dmw=17403,8,0.37755102040816324,-0.20498056821237487,-1.3678481130282094,98
dmw=17410,9,0.7317073170731707,-0.13342070138614803,-2.235455014521387,123
dmw=17410,10,0.7851851851851852,-0.11080884800601698,-1.8349356661425227,135
dmw=17410,2,0.8402625820568927,-0.08369766636686415,-1.3547205939257587,457
dmw=17429,8,0.08,-0.5440364695070535,-1.8789225731703356,25
dmw=17429,4,0.11016949152542373,-0.4926333861200877,-1.6741583450955448,118
dmw=17429,6,0.18032786885245902,-0.42475688178861015,-1.4037722301378102,61
dmw=17429,13,0.28,-0.34970892286315225,-1.1048186194706222,25
dmw=17430,13,0.2597402597402597,-0.20478515150325521,-1.45679910081066,77
dmw=17430,4,0.24881516587677724,-0.18754489467142535,-1.3172248633306265,422
dmw=17430,14,0.36363636363636365,-0.16058673259340472,-1.0989760893937988,11
dmw=17459,13,0.176056338028169,-0.3758990488664289,-2.3717697434174303,142
dmw=17459,4,0.3157894736842105,-0.2078837309690208,-1.2152845993553085,570
dmw=17459,8,0.36054421768707484,-0.18540645447126264,-1.060568727767299,147
dmw=17459,6,0.34459459459459457,-0.18145765729165347,-1.0333883174792269,444
dmw=17489,6,0.0683371298405467,-0.18984012452289356,-1.5836123011455563,439
dmw=17489,7,0.09174311926605505,-0.18239038135064323,-1.526656769548001,545
dmw=17489,13,0.13496932515337423,-0.14367563809897133,-1.2306708903601986,163
dmw=17489,4,0.11475409836065574,-0.14160029665005203,-1.214804279560791,793
dmw=17489,8,0.1483050847457627,-0.1254915187244104,-1.0916478177971916,236
dmw=17502,16,0.045454545454545456,-0.1656368202151663,-1.6002121826052633,66
dmw=17502,3,0.19117647058823528,-0.1390752820315983,-1.4081411942554913,204
dmw=17502,0,0.15771028037383178,-0.1262320484474302,-1.315269593557147,856
dmw=17519,14,0.4375,-0.40252539792516184,-2.8434262762973708,16
dmw=17519,4,0.5857142857142857,-0.20104502626344,-1.3318412164483966,350
dmw=17519,13,0.6444444444444445,-0.16078602898177874,-1.029802371108004,90
dmw=17526,0,0.21207658321060383,-0.2546346858516987,-1.7501642242817441,679
dmw=17526,1,0.19933554817275748,-0.22737437943714314,-1.6219993179783438,602
dmw=17526,12,0.29411764705882354,-0.14110222565684438,-1.2163889650462636,68
dmw=17526,3,0.40540540540540543,-0.11572967604989609,-1.0970993872403232,185
dmw=17526,7,0.395,-0.09544224892455894,-1.001717620171573,200
dmw=17537,11,0.02127659574468085,-0.5189328287424261,-3.375438440920511,47
dmw=1754,13,0.030927835051546393,-0.1845501293989107,-1.8839247330882953,97
dmw=17556,12,0.0,-0.22521449240497507,-2.0749393628450625,45
dmw=17556,13,0.11864406779661017,-0.15214445934882032,-1.3195966940730757,59
dmw=17556,8,0.12903225806451613,-0.13699419623925757,-1.162984746724148,93
dmw=17556,14,0.18604651162790697,-0.1344436495547624,-1.13661912652505,43
dmw=17578,13,0.2222222222222222,-0.3073771361072616,-1.5200669647918073,27
dmw=17578,6,0.22330097087378642,-0.2802652403671808,-1.3766498766075277,103
dmw=17578,4,0.25,-0.2511813206656971,-1.222801133732428,152
dmw=17578,8,0.2926829268292683,-0.2308707283833032,-1.1153617266041107,41
dmw=17578,14,0.3684210526315789,-0.2200483352935067,-1.058113199278531,19
dmw=17589,13,0.04838709677419355,-0.13844961458230537,-1.5679406182709144,124
dmw=17589,10,0.041666666666666664,-0.10481120779522896,-1.187718308733414,48
dmw=17589,4,0.07766990291262135,-0.09248813391902336,-1.048427894669801,412
dmw=17625,13,0.2175732217573222,-0.28761471080703505,-2.4349567669577903,239
dmw=17625,7,0.31478260869565217,-0.1847660361610985,-1.4259449512868987,575
dmw=17630,5,0.44148936170212766,-0.14670599736387963,-1.6895553624795498,188
dmw=17630,15,0.46296296296296297,-0.1417536269633916,-1.6297228674657709,54
dmw=17630,4,0.41575757575757577,-0.11481817853745357,-1.3042998975925904,825
dmw=17677,7,0.07569721115537849,-0.15456560375389466,-2.0040736852188203,502
dmw=17677,0,0.11807909604519774,-0.09575887451479191,-1.450761783152362,1770
dmw=17677,1,0.10140500916310324,-0.08646967154721388,-1.363359769315239,1637
dmw=17677,12,0.14285714285714285,-0.05036976167840046,-1.02369609387554,105
dmw=17679,12,0.6615384615384615,-0.20409295918131298,-2.25779470290237,130
dmw=17679,16,0.6296296296296297,-0.20193202203261196,-2.2310965948999,54
dmw=17679,10,0.7077922077922078,-0.1522908268213553,-1.6177858413138895,154
dmw=17680,4,0.4630738522954092,-0.23220749524766204,-1.9996015493726795,501
dmw=17680,10,0.5111111111111111,-0.1452090614045991,-1.340421932759281,90
dmw=17680,8,0.5769230769230769,-0.13699434434131863,-1.278179731317714,156
dmw=17680,13,0.6068376068376068,-0.11200714711656745,-1.088853896825485,117
dmw=17740,15,0.17142857142857143,-0.17552212316343835,-1.3027087002871944,35
dmw=17789,6,0.05639097744360902,-0.17442421776963876,-1.2749356355029982,266
dmw=17789,13,0.09859154929577464,-0.1512527351988624,-1.1411094442350247,71
dmw=17859,1,0.404351087771943,-0.13087240361840696,-1.7983935512829266,1333
dmw=17859,7,0.5098591549295775,-0.0883910182010289,-1.4157012177980426,355
dmw=17859,0,0.5029239766081871,-0.07226712439181238,-1.2704495861460448,1026
dmw=17859,16,0.41935483870967744,-0.05808374582875869,-1.142679030038567,31
dmw=1786,13,0.3887733887733888,-0.19716319529390286,-1.6428049743001822,481
dmw=1786,4,0.37070254110612855,-0.18737948932022053,-1.5530414491068176,2007
dmw=1786,6,0.38055087127599774,-0.1798826045427504,-1.4842590462622938,1779
dmw=1786,8,0.4484629294755877,-0.13157784969948744,-1.0410726821180554,553
dmw=1787,7,0.2799097065462754,-0.1622050927022176,-2.2943467025641024,443
dmw=1787,16,0.19047619047619047,-0.13668120132088796,-1.9420397601516255,21
dmw=17870,13,0.44,-0.190581950401906,-1.4956635512727263,100
dmw=17870,8,0.461038961038961,-0.16387594373466796,-1.273091470122713,154
dmw=17870,4,0.45554202192448234,-0.14815739642464676,-1.1420906121120615,821
dmw=17870,5,0.5149051490514905,-0.14322165208592585,-1.1009553385692303,369
dmw=17871,13,0.5555555555555556,-0.26942498199713294,-2.162877203895164,63
dmw=17871,6,0.6167146974063401,-0.19269693853793002,-1.5258436694537865,347
dmw=17871,8,0.6548672566371682,-0.16658400298201748,-1.3090413781159682,113
dmw=17871,4,0.6770538243626062,-0.13088181484917816,-1.0126244480316426,353
dmw=1788,7,0.2605633802816901,-0.2592808805597937,-1.9952104703243037,142
dmw=1788,1,0.3378995433789954,-0.11780862260329805,-1.1794595010240707,438
dmw=1788,0,0.38031319910514544,-0.11576244016298987,-1.1676608958900534,447
dmw=17888,12,0.5247524752475248,-0.14378950310871075,-2.068694772857308,101
dmw=17888,0,0.581924577373212,-0.11418311131752934,-1.7275816396039416,1538
dmw=17895,4,0.26071428571428573,-0.28289422310488727,-1.8130298834657366,280
dmw=17895,14,0.4,-0.22896858333446268,-1.4150633347693586,25
dmw=17895,8,0.35294117647058826,-0.21278562997238964,-1.2956345412559842,85
dmw=17907,13,0.22916666666666666,-0.38748813876141686,-2.1242586916432904,48
dmw=17907,14,0.3333333333333333,-0.33805676250922284,-1.8084234391408398,24
dmw=17949,7,0.02756892230576441,-0.27314621824189167,-2.025606116824604,399
dmw=17949,1,0.10301837270341208,-0.14654422766104702,-1.3513803316288346,1524
dmw=17949,10,0.1518987341772152,-0.09538777937202175,-1.0789438844825334,158
dmw=1801,7,0.483271375464684,-0.11650231372836484,-1.68739072129478,269
dmw=1801,1,0.4276663146779303,-0.10913464771176623,-1.6139876254252103,947
dmw=1801,0,0.4978813559322034,-0.07885883900629487,-1.3123536908888507,944
dmw=1801,10,0.48214285714285715,-0.05162564919365159,-1.0410329716613373,56
dmw=1802,12,0.5789473684210527,-0.23423469284414355,-1.8958174309263798,19
dmw=1802,4,0.6171003717472119,-0.2151857846829709,-1.727625366392546,269
dmw=1802,13,0.6379310344827587,-0.20964670260573237,-1.6787181197246221,58
dmw=18030,13,0.4574468085106383,-0.3383232325997781,-2.6918473372808225,94
dmw=18030,4,0.6177606177606177,-0.15888992884112385,-1.1573577083813535,518
dmw=18032,13,0.5365853658536586,-0.29959455816826286,-2.2191851533961846,82
dmw=1804,4,0.39737991266375544,-0.28379183464228636,-1.608713106744613,458
dmw=1804,6,0.4054878048780488,-0.27775217435164834,-1.5723653082537048,328
dmw=1804,13,0.43023255813953487,-0.2751313095698089,-1.556592456739211,86
dmw=1804,8,0.445859872611465,-0.2544389060030172,-1.4320617250515115,157
dmw=1810,6,0.07789855072463768,-0.3541238249964566,-2.3289566461840883,552
dmw=1810,13,0.24074074074074073,-0.21702670140025818,-1.3503174884067763,162
dmw=1810,8,0.26666666666666666,-0.18508757688552352,-1.122326724666848,195
dmw=1810,4,0.252112676056338,-0.17757036858151037,-1.0686667045985638,710
dmw=1811,15,0.3,-0.3787998740699308,-2.6300324059739797,10
dmw=1811,8,0.38596491228070173,-0.24471156402156147,-1.5906974892305186,57
dmw=1811,6,0.4406779661016949,-0.17117331356087645,-1.0206935016163472,295
dmw=18156,14,0.0,-0.17131477699148162,-1.564663859750111,24
dmw=18156,13,0.0,-0.1399815543871811,-1.2626243958329757,70
dmw=18156,6,0.00267379679144385,-0.1252196518815019,-1.1203256870305047,374
dmw=18156,4,0.01006036217303823,-0.11677282085715725,-1.038901687124363,497
dmw=18186,7,0.32781456953642385,-0.15616182939008327,-1.9826908553892966,302
dmw=18186,0,0.37327188940092165,-0.08700378827374272,-1.3350912339542227,1085
dmw=18186,10,0.3488372093023256,-0.06858643077889287,-1.1626301065282019,86
dmw=18187,7,0.1898238747553816,-0.1291398887204634,-1.4038428513732295,511
dmw=18187,10,0.175,-0.0885146673850501,-1.1261656350511973,120
dmw=18187,0,0.22432962720732505,-0.07433716971640561,-1.0292611024078366,1529
dmw=18194,7,0.5209424083769634,-0.26999661778351636,-3.3662789105324964,382
dmw=18203,8,0.047619047619047616,-0.3446426436887523,-2.1869533610315672,105
dmw=18203,6,0.047619047619047616,-0.3257396924775601,-2.060587338148194,294
dmw=18203,4,0.16666666666666666,-0.20446283402124613,-1.2498528607804325,384
dmw=18227,7,0.2725225225225225,-0.11774486755401153,-1.6323413271461948,444
dmw=18227,0,0.2597968069666183,-0.10808726927820267,-1.554442634101615,1378
dmw=18227,1,0.2535885167464115,-0.0775057305989919,-1.3077703428788516,1463
dmw=18235,7,0.39823008849557523,-0.1723895250142407,-2.4382094637739478,452
dmw=18235,3,0.5474613686534217,-0.0529563718170557,-1.0148686330834977,453
dmw=18241,0,0.2070393374741201,-0.1300172774045835,-1.5389042773567478,966
dmw=18241,1,0.19008264462809918,-0.11179473348038235,-1.4184401663600008,968
dmw=18241,8,0.2727272727272727,-0.08551166082022843,-1.2446901677078694,121
dmw=18241,3,0.3230769230769231,-0.06426580825181127,-1.1042398138676865,260
dmw=18242,3,0.542713567839196,-0.1512316116010871,-1.8707829573877215,199
dmw=18242,0,0.5368421052631579,-0.10897108743267758,-1.5364189300010576,665
dmw=18242,1,0.5038167938931297,-0.10414449647294033,-1.4982310839295176,655
dmw=18242,8,0.5866666666666667,-0.08021361500036739,-1.308890651799626,75
dmw=18242,6,0.5931372549019608,-0.055735803020381725,-1.1152229215408613,204
dmw=18244,9,0.672514619883041,-0.11712441675529206,-2.3063878437563186,171
dmw=18244,12,0.7552447552447552,-0.08560680981180713,-1.676039314883408,143
dmw=18244,10,0.7655172413793103,-0.06895837821015438,-1.343072589745909,290
dmw=18266,10,0.35514018691588783,-0.21970211237014164,-2.4729516543353927,107
dmw=18266,11,0.5,-0.13577561424204898,-1.4836956253916382,80
dmw=18274,7,0.41687979539641945,-0.38390368486874277,-3.2108980092072192,391
dmw=18274,10,0.5909090909090909,-0.16344227232158126,-1.440077575892218,88
dmw=18279,13,0.3557692307692308,-0.15061461992415265,-1.6319252847613186,104
dmw=18279,4,0.3726315789473684,-0.10531425262814786,-1.1162566268251146,475
dmw=18299,14,0.28,-0.2972028023900256,-2.1277883693790027,25
dmw=18299,4,0.33527696793002915,-0.1543207453280569,-1.1288167256801067,343
dmw=18327,7,0.26591760299625467,-0.11881208544641259,-1.3020402648093234,267
dmw=1834,2,0.17567567567567569,-0.2810646019226759,-1.9851832401198706,444
dmw=1834,11,0.22,-0.21488197467539696,-1.4939096063973956,100
dmw=1834,13,0.23469387755102042,-0.20914418128891724,-1.4513179668120908,98
dmw=18360,16,0.6666666666666666,-0.22945479998709362,-2.3036170791098556,36
dmw=18360,9,0.6904761904761905,-0.19838526612112373,-1.9622949858619716,42
dmw=18360,11,0.76,-0.17273856069806026,-1.6805467234749456,50
dmw=18368,7,0.14741035856573706,-0.40171815082220597,-2.198620076543552,251
dmw=18368,12,0.20833333333333334,-0.2853671642908229,-1.687873056320948,48
dmw=18368,0,0.3827977315689981,-0.14268856401053065,-1.0615554623310128,1058
dmw=18368,1,0.3483992467043315,-0.13662983761172254,-1.0349594140568488,1062
dmw=18368,3,0.4447852760736196,-0.13453325636720426,-1.0257560316428675,326
dmw=18373,11,0.2127659574468085,-0.4412239469114574,-2.199677048302712,47
dmw=18373,2,0.3607305936073059,-0.31300096915161507,-1.4961154757002575,219
dmw=18373,9,0.2619047619047619,-0.2596443656716136,-1.2033469211949483,42
dmw=18373,10,0.34615384615384615,-0.24800478443737273,-1.1394803489107312,26
dmw=18383,9,0.4421768707482993,-0.4037939856536607,-3.8317751354241554,147
dmw=18393,0,0.3663716814159292,-0.1557846999996973,-1.7900839040886058,565
dmw=18393,1,0.35748031496062993,-0.12421497512498386,-1.5828431719072587,635
dmw=18393,3,0.4900990099009901,-0.0859626106394965,-1.3317339824828722,202
dmw=18414,14,0.125,-0.5711364061025714,-2.1950139549749466,16
dmw=18414,16,0.058823529411764705,-0.460870511313087,-1.6712234734637386,17
dmw=18414,13,0.21739130434782608,-0.4259420080890728,-1.5053043780163138,23
dmw=18498,6,0.30985915492957744,-0.14826189770383036,-1.3293482857617713,142
dmw=18498,0,0.3194888178913738,-0.1353067897261217,-1.2581450977616568,626
dmw=18498,10,0.3,-0.11206424651410263,-1.1304006453978652,50
dmw=18498,1,0.3113879003558719,-0.10363285588483556,-1.0840604764767654,562
dmw=18533,9,0.589041095890411,-0.15052955827862113,-2.833499338111395,219
dmw=18533,10,0.7178217821782178,-0.0744497271085578,-1.3574791540249798,202
dmw=18534,13,0.18181818181818182,-0.5289239826438572,-2.7125024000304974,77
dmw=18534,15,0.48717948717948717,-0.26080311974392784,-1.1762781406795808,39
dmw=18534,11,0.45,-0.2532100708877388,-1.132773037312567,20
dmw=18535,14,0.058823529411764705,-0.43135886989177985,-1.6846325700118787,34
dmw=18535,13,0.018518518518518517,-0.4123322417152646,-1.6005099780623135,54
dmw=18535,4,0.1033434650455927,-0.29984634995768356,-1.1031751542239137,329
dmw=18535,6,0.12352941176470589,-0.28195804766895194,-1.0240854521419207,170
dmw=18543,13,0.34782608695652173,-0.37981795783912997,-2.0378746987157887,46
dmw=18543,6,0.43795620437956206,-0.26854080991996476,-1.4218079803038997,137
dmw=18543,8,0.5,-0.22281145848107675,-1.1686353208417353,54
dmw=18551,13,0.0,-0.37551733177297664,-1.8614411568647664,54
dmw=18551,4,0.15897435897435896,-0.19025469919989235,-1.0043645275719855,195
dmw=18553,8,0.2689075630252101,-0.3954706728957587,-1.8833312522347598,119
dmw=18553,7,0.33663366336633666,-0.3281221353518891,-1.5661963642145946,303
dmw=18553,6,0.3183183183183183,-0.32798917559806734,-1.5655702752425515,333
dmw=18553,4,0.35833333333333334,-0.2857903880486354,-1.3668620589674974,480
dmw=18627,11,0.375,-0.2810004938630267,-1.6659757572428275,24
dmw=18627,13,0.42105263157894735,-0.2431058682835886,-1.4280570770266894,19
dmw=18627,4,0.44785276073619634,-0.19046513370979795,-1.0975560124588413,163
dmw=18652,15,0.6101694915254238,-0.13347603635588556,-1.5745522440805522,59
dmw=18652,14,0.620253164556962,-0.132847547748294,-1.5672938580754356,79
dmw=18652,4,0.5677966101694916,-0.11405675766211354,-1.350279888149592,590
dmw=18662,7,0.2878228782287823,-0.148397834786531,-2.0818581069378954,271
dmw=18662,11,0.325,-0.10782932555140429,-1.5723696057074192,40
dmw=18663,4,0.352112676056338,-0.4130308976464183,-2.3431162357435715,71
dmw=18663,13,0.5238095238095238,-0.26116586270413045,-1.4648463073049074,42
dmw=18663,6,0.5058823529411764,-0.2609711732141218,-1.463720373843511,85
dmw=18663,8,0.5531914893617021,-0.22766220491544675,-1.27108705824746,47
dmw=1875,14,0.2692307692307692,-0.38287698782155016,-2.004041510613891,26
dmw=1875,13,0.26,-0.33609288584507424,-1.7233759889779323,50
dmw=1875,8,0.3582089552238806,-0.23203160785771465,-1.0990952689352045,67
dmw=18760,13,0.011940298507462687,-0.13563698956398645,-1.3052141753984494,335
dmw=18760,6,0.014937106918238994,-0.11999906071878136,-1.175526089409545,1272
dmw=18760,8,0.031496062992125984,-0.11305641392753402,-1.1179495021922454,254
dmw=18772,13,0.2,-0.2870388418742334,-1.5272595772756217,45
dmw=18772,6,0.19900497512437812,-0.26204231889045904,-1.4026728487174833,201
dmw=18772,4,0.26644736842105265,-0.19223035010748218,-1.054718662828519,304
dmw=18772,11,0.2903225806451613,-0.18763760246156397,-1.0318276629614789,93
dmw=18773,6,0.39148936170212767,-0.19594212999715466,-1.5099704538358834,235
dmw=18773,4,0.39076923076923076,-0.19434832435340366,-1.4990946107034304,325
dmw=18773,8,0.4631578947368421,-0.143521803361781,-1.1522635705194735,95
dmw=18775,14,0.05084745762711865,-0.1745446589890142,-1.4471945688239531,59
dmw=18775,8,0.04142011834319527,-0.1413229418520679,-1.1534129942480915,169
dmw=18775,4,0.03090507726269316,-0.13884049282467645,-1.1314605532871058,453
dmw=18775,6,0.04054054054054054,-0.13055373103915094,-1.0581802374186848,370
dmw=18775,13,0.05747126436781609,-0.12892163174265425,-1.043747488526975,87
dmw=18797,3,0.12663755458515283,-0.14553736088147648,-1.5756013049209558,229
dmw=18797,7,0.11267605633802817,-0.13585870856438514,-1.5079911407400712,213
dmw=18797,0,0.12927191679049035,-0.10192612487865835,-1.2709552932985488,673
dmw=18845,13,0.1375,-0.3917203809143394,-2.40460987610947,80
dmw=18845,8,0.21238938053097345,-0.31078481190966767,-1.8842763831088487,113
dmw=18845,4,0.2921615201900237,-0.20863950883113513,-1.2275858452145385,421
dmw=18874,7,0.012987012987012988,-0.18116380596265855,-1.4871108293756976,77
dmw=18874,0,0.053763440860215055,-0.12593707168556012,-1.1878720268661382,372
dmw=18874,1,0.04740406320541761,-0.10964995903737355,-1.0996224472200227,443
dmw=18909,1,0.01293103448275862,-0.08957566614406215,-1.461332293572737,464
dmw=18909,0,0.035940803382663845,-0.08245161972436277,-1.3975817415441814,473
dmw=18909,7,0.056338028169014086,-0.07234811846478015,-1.3071691101864567,142
dmw=18928,15,0.23943661971830985,-0.3655519412675111,-1.928878477730359,71
dmw=18928,13,0.2894736842105263,-0.2696002406734437,-1.3185975350218178,76
dmw=18928,10,0.24166666666666667,-0.24473776164399422,-1.160464880298428,120
dmw=18928,4,0.28865979381443296,-0.24219936826617994,-1.1443199543201863,388
dmw=18977,8,0.05555555555555555,-0.3741131233737236,-1.6221035115582505,18
dmw=18977,13,0.06944444444444445,-0.3661770425882086,-1.5830403032123777,72
dmw=18977,6,0.07547169811320754,-0.3347080456795716,-1.4281426886465824,106
dmw=18977,4,0.15306122448979592,-0.2548125278689666,-1.0348786402470895,196
dmw=18985,11,0.10344827586206896,-0.4342605227919939,-3.5000998862115393,58
dmw=1900,13,0.0,-0.2707603433706518,-1.4086585294325875,44
dmw=1900,8,0.017857142857142856,-0.248141442513426,-1.28423613675854,56
dmw=1900,4,0.023622047244094488,-0.2252608494251646,-1.1583742234934968,254
dmw=1900,6,0.03488372093023256,-0.21578681592816407,-1.1062593164336203,172
dmw=19010,12,0.543859649122807,-0.17451034699332368,-2.2269513287448186,57
dmw=19010,11,0.676923076923077,-0.0816619902857163,-1.2291533806394703,65
dmw=19010,0,0.6744704570791528,-0.06891194213070873,-1.0921345648151448,897
dmw=19016,6,0.12574850299401197,-0.3823220714519332,-2.101868301855683,167
dmw=19016,13,0.25882352941176473,-0.27526253038885634,-1.3977242685706266,85
dmw=19016,11,0.2692307692307692,-0.25579726194849356,-1.2696987559215678,52
dmw=19036,12,0.55,-0.2591984163097829,-2.7896128980234374,40
dmw=19036,7,0.7222222222222222,-0.11897452825960464,-1.41909791734383,180
dmw=19049,4,0.4300884955752212,-0.3405338580772288,-2.009232337373774,565
dmw=19049,13,0.48091603053435117,-0.3092023992077665,-1.8097997218030268,131
dmw=1905,9,0.6536796536796536,-0.2181629735119478,-3.0719294463411684,231
dmw=1905,11,0.8,-0.1218479474715417,-1.6332017082098775,260
dmw=19052,6,0.43352601156069365,-0.35373242744453287,-2.8967331912247896,173
dmw=19052,8,0.654320987654321,-0.14603132898721904,-1.1350332264524061,81
dmw=19064,13,0.38,-0.3732766037080586,-2.1862296400426975,100
dmw=19064,4,0.4340659340659341,-0.2974551974104538,-1.735280311665351,546
dmw=19064,6,0.48863636363636365,-0.24475422107865608,-1.4218402023066123,352
dmw=19071,6,0.136986301369863,-0.3484720426166679,-1.6830945827574344,73
dmw=19071,4,0.14634146341463414,-0.33673429759479645,-1.6343746421396486,123
dmw=19071,8,0.23529411764705882,-0.2701647367431576,-1.3580638988409477,17
dmw=19071,13,0.2727272727272727,-0.23879266652829723,-1.2278476268843677,33
dmw=19078,10,0.16666666666666666,-0.32679896668511144,-1.9535579586177552,42
dmw=19078,7,0.3695652173913043,-0.19091305462690678,-1.3079334504756885,92
dmw=19078,1,0.32266666666666666,-0.17384629417348968,-1.2268454358579837,375
dmw=19078,8,0.4246575342465753,-0.13540345716833918,-1.0441948773335294,73
dmw=19080,14,0.0,-0.10972599009973516,-1.6456065130006634,37
dmw=19080,7,0.026515151515151516,-0.06013767758732688,-1.000074990241693,264
dmw=19083,8,0.556910569105691,-0.17529251086789388,-1.7660054040340882,246
dmw=19083,14,0.611764705882353,-0.16883867881809655,-1.7019657629348457,85
dmw=19083,6,0.5659090909090909,-0.15031529218967155,-1.518163175189462,440
dmw=19083,4,0.5977011494252874,-0.11658030570913869,-1.183419969907421,696
dmw=19084,1,0.04118616144975288,-0.2922788769523236,-1.9284188619912874,1821
dmw=19084,0,0.12072336265884653,-0.24964907485050641,-1.7459605596999386,2046
dmw=19084,10,0.22167487684729065,-0.10908613366949488,-1.1443421062126105,203
dmw=19084,3,0.3356643356643357,-0.08679724254618898,-1.0489442147421792,572
dmw=19087,4,0.08208955223880597,-0.2350996981837825,-1.9622805076382623,402
dmw=19087,6,0.12546125461254612,-0.19379772074824284,-1.6188855034011096,271
dmw=19087,13,0.20224719101123595,-0.14008724619586033,-1.1723231404905095,89
dmw=19118,8,0.28,-0.38748792807726407,-2.2828230106708203,25
dmw=19118,14,0.5,-0.22316229391414932,-1.2226109827399654,22
dmw=19118,5,0.5056179775280899,-0.19312944319180858,-1.028842130235365,89
dmw=19122,15,0.6428571428571429,-0.20683586586039382,-1.6361333658941597,56
dmw=19122,9,0.5272727272727272,-0.19516196034883415,-1.5292292393408682,110
dmw=19122,4,0.6467065868263473,-0.1601159099506131,-1.2082940216234936,501
dmw=19122,13,0.6862745098039216,-0.13767014561841207,-1.0027462871160562,102
dmw=19134,0,0.2532188841201717,-0.17476186503861768,-1.3038103020597658,233
dmw=19134,7,0.2909090909090909,-0.16050027223048235,-1.242928322724308,55
dmw=19134,1,0.22866894197952217,-0.16020937467271032,-1.2416864965594976,293
dmw=19134,3,0.35,-0.13196994327860828,-1.1211338695345512,40
dmw=19134,12,0.2727272727272727,-0.12442918730357733,-1.0889427843155373,11
dmw=19134,10,0.2631578947368421,-0.12282726345793077,-1.0821042568256765,19
dmw=19142,11,0.30158730158730157,-0.22758638478468723,-1.9713037765532024,126
dmw=19142,0,0.41867704280155643,-0.0902003250414058,-1.0863222397743926,1285
dmw=19156,10,0.3825503355704698,-0.3247621518953525,-2.1994985172563584,149
dmw=19156,11,0.5377358490566038,-0.21954092868227337,-1.3844699409328387,106
dmw=19156,8,0.5697674418604651,-0.1897280541051457,-1.1535436697802743,172
dmw=19156,13,0.5777777777777777,-0.1861196532399385,-1.1255935117212033,90
dmw=19156,4,0.56797583081571,-0.17478282889625407,-1.0377800885095025,662
dmw=1917,12,0.6923076923076923,-0.12959896821081274,-2.740628725978192,195
dmw=1917,1,0.7637844611528822,-0.052985759861560955,-1.393670084740984,3192
dmw=19174,12,0.5778894472361809,-0.2897928226771278,-3.3593306697464658,199
dmw=19174,9,0.6987951807228916,-0.12449396910960919,-1.2993470563899507,249
dmw=19193,6,0.42063492063492064,-0.2733264681531828,-2.1158118851991703,126
dmw=19193,4,0.46785714285714286,-0.22407445347962596,-1.743770159448238,280
dmw=19194,7,0.3055555555555556,-0.14308199458223686,-1.579769275075445,288
dmw=19194,1,0.27783783783783783,-0.10838231014163496,-1.358690799197213,925
dmw=19194,0,0.3201357466063348,-0.10510553613668605,-1.3378138311645047,884
dmw=19194,13,0.4,-0.054223749592664294,-1.0136360180097652,95
dmw=19209,13,0.056,-0.1275912645785583,-1.3486888815636782,125
dmw=19209,4,0.04357798165137615,-0.12356477503728876,-1.3092089000248073,436
dmw=19209,6,0.06382978723404255,-0.10464518695088958,-1.1237011566870272,470
dmw=19209,14,0.1262135922330097,-0.0959507692760678,-1.0384518481330127,103
dmw=19209,8,0.08670520231213873,-0.09327895027866213,-1.0122544959204645,173
dmw=19210,14,0.15384615384615385,-0.16468032537449578,-1.5811680708361717,26
dmw=19210,0,0.09578313253012048,-0.1507234330641456,-1.4855617049824434,1660
dmw=19210,1,0.08803986710963455,-0.12963517968194715,-1.341104670906209,1806
dmw=19210,3,0.17889087656529518,-0.1102852475510468,-1.2085553433471101,559
dmw=19210,7,0.17479674796747968,-0.08979939276498106,-1.0682248110229116,492
dmw=19223,13,0.6139240506329114,-0.20464629447595206,-2.2820035557044247,158
dmw=19223,4,0.624765478424015,-0.17628623697519785,-1.9734464613610514,533
dmw=19228,13,0.5,-0.26970141536416026,-1.7290021250640268,68
dmw=19228,6,0.4857142857142857,-0.26498682722605554,-1.6963937864414478,280
dmw=19228,8,0.5692307692307692,-0.19614368546875283,-1.2202418061399871,130
dmw=19228,4,0.5773420479302832,-0.1715694357258638,-1.0502745823786162,459
dmw=19229,11,0.27586206896551724,-0.21911530702197424,-2.215445379160014,58
dmw=19229,6,0.3512396694214876,-0.12677403419718736,-1.2341600381069142,242
dmw=19233,13,0.047619047619047616,-0.44175908410425463,-2.2430883450477026,42
dmw=19233,4,0.233502538071066,-0.22750067245800018,-1.0715413150166375,197
dmw=19234,13,0.37333333333333335,-0.2763176681500374,-1.607508845904619,75
dmw=19234,4,0.3639344262295082,-0.25939279379072133,-1.5025244542762508,305
dmw=19290,4,0.594059405940594,-0.18109716655471098,-1.8263328431675814,202
dmw=19290,5,0.6821705426356589,-0.13114737747048089,-1.3398963647500055,129
dmw=19290,8,0.6746987951807228,-0.11568160143592465,-1.1892827632078995,83
dmw=19291,6,0.5564853556485355,-0.26622504836905225,-3.3426742047748443,239
dmw=19294,11,0.2571428571428571,-0.2149096969584281,-2.8009094886531236,35
dmw=19294,7,0.33766233766233766,-0.137831280399903,-1.7210493568949907,231
dmw=19294,13,0.39080459770114945,-0.09031781992993942,-1.0553910056440672,87
dmw=19307,7,0.0,-0.1904681821510878,-2.074310424930751,149
dmw=19307,0,0.09041591320072333,-0.08581611324784925,-1.1974529707678436,553
dmw=19307,1,0.07228915662650602,-0.08165146040196465,-1.1625582292669265,498
dmw=19310,9,0.6703296703296703,-0.15569293965849273,-2.8746225903341602,91
dmw=19310,11,0.8292682926829268,-0.06241685587663426,-1.1871526625146345,41
dmw=19322,8,0.18,-0.5096761069439959,-2.0377372856056684,50
dmw=19322,13,0.24444444444444444,-0.4503980497085044,-1.7753857734594511,45
dmw=19322,4,0.35648148148148145,-0.3137089324652009,-1.1704301073138772,216
dmw=19340,16,0.4117647058823529,-0.38199000368677516,-3.368612998800927,17
dmw=19340,9,0.6036036036036037,-0.17748446723643407,-1.4577406908533084,111
dmw=19385,0,0.39751552795031053,-0.10028281704060643,-1.5928059606949487,1771
dmw=19385,1,0.3624928530588908,-0.09492508138408084,-1.5417348147189556,1749
dmw=19385,7,0.45824847250509165,-0.06331560475383508,-1.2404261465240607,491
dmw=19391,9,0.7220338983050848,-0.16744771421521332,-3.0311489491748453,295
dmw=19391,16,0.8108108108108109,-0.08589500849317444,-1.4852935362732054,37
dmw=19391,12,0.8367346938775511,-0.08214961124233,-1.4142984348547598,147
dmw=19425,12,0.7894736842105263,-0.06498831939645466,-2.0782036743829253,76
dmw=19457,13,0.4392523364485981,-0.26213987914933284,-1.7433876292866146,107
dmw=19457,6,0.46790890269151136,-0.21119687123557201,-1.3839582654742186,483
dmw=19457,8,0.5358851674641149,-0.16040308057175479,-1.025581706814354,209
dmw=19464,9,0.6242424242424243,-0.16031151285014356,-2.9227097966895013,165
dmw=19464,10,0.7707317073170732,-0.05950964921204305,-1.223320029246261,205
dmw=19474,12,0.7373737373737373,-0.13853365026486852,-3.1328734492868295,99
dmw=19475,15,0.7096774193548387,-0.14611173173661196,-2.2006380273090995,62
dmw=19475,10,0.6530612244897959,-0.1327833594915513,-1.9975040894031633,245
dmw=19475,4,0.7322695035460993,-0.08200782824981023,-1.2236486312302353,564
dmw=19478,7,0.6,-0.21042790003167344,-2.024057686243565,290
dmw=19478,2,0.6728971962616822,-0.148739818313405,-1.4327783337905136,214
dmw=19478,10,0.6333333333333333,-0.13225229065437094,-1.2747456246148865,90
dmw=19484,1,0.08949771689497717,-0.19237338946776178,-1.9814435272582782,1095
dmw=19484,0,0.15008726003490402,-0.16568620206401868,-1.800480269879881,1146
dmw=19484,3,0.23421052631578948,-0.13042023594110752,-1.56134513706693,380
dmw=19485,1,0.24936386768447838,-0.2462476795567885,-1.844426492511344,786
dmw=19485,0,0.3415730337078652,-0.19445962319371357,-1.5936699565622945,890
dmw=19485,10,0.36666666666666664,-0.12589767310641775,-1.2616946265504858,90
dmw=19485,7,0.44954128440366975,-0.11004851400619237,-1.1849533755211934,218
dmw=19505,16,0.5517241379310345,-0.3052999742277476,-2.62517760090515,58
dmw=19505,9,0.6296296296296297,-0.2178670008813317,-1.7799485624415061,81
dmw=19505,15,0.7586206896551724,-0.16486833576215,-1.267601686383002,29
dmw=19506,11,0.3684210526315789,-0.2755804344849431,-2.662988316177584,57
dmw=19506,15,0.5277777777777778,-0.16603916660803486,-1.4417002184558028,36
dmw=19506,16,0.38461538461538464,-0.14487293970393683,-1.205715538958563,39
dmw=19506,14,0.5714285714285714,-0.13295080264278258,-1.072794272166609,28
dmw=19507,16,0.6463414634146342,-0.21174719717777912,-2.837066589853164,82
dmw=19507,15,0.7560975609756098,-0.1680049641367518,-2.1931801005331026,41
dmw=19508,16,0.5192307692307693,-0.3628676165057606,-3.891181963299125,52
dmw=19509,9,0.5157894736842106,-0.35107138783775227,-3.0898244033787114,95
dmw=19509,12,0.6818181818181818,-0.21979782311388973,-1.8391391226524694,44
dmw=19516,15,0.7931034482758621,-0.10784558630498464,-2.010249573889165,29
dmw=19516,16,0.72,-0.09874673594895456,-1.8431423121884445,50
dmw=19517,9,0.5391705069124424,-0.29575628302093104,-2.856102905124946,217
dmw=19517,16,0.6338028169014085,-0.2112932083379514,-1.9987298026911162,71
dmw=19517,12,0.7478991596638656,-0.12893453221154028,-1.1627181617713793,119
dmw=19523,10,0.375,-0.237173618057963,-2.1157266711169878,104
dmw=19528,10,0.5983606557377049,-0.20402733686285457,-2.1781837098686245,122
dmw=19528,4,0.6561679790026247,-0.17293400044604856,-1.8270081711307158,381
dmw=19528,9,0.625,-0.12644851502591314,-1.3019900396867772,72
dmw=19528,6,0.7254901960784313,-0.10495925429180586,-1.059285216562662,255
dmw=19532,5,0.6371681415929203,-0.1193161355210538,-1.4420728797062614,226
dmw=19532,13,0.6194029850746269,-0.1142540254269917,-1.3934700547908867,134
dmw=19532,4,0.6118836915297092,-0.09895194609990621,-1.2465502390310699,791
dmw=19533,4,0.40458015267175573,-0.36472524024250996,-1.932675121340316,131
dmw=19533,13,0.4444444444444444,-0.3444382947706721,-1.8247448309125445,27
dmw=19533,6,0.5384615384615384,-0.23253257454874598,-1.2293857660967984,91
dmw=19534,9,0.7047619047619048,-0.15201607777162052,-3.0088535938200454,105
dmw=19534,11,0.8571428571428571,-0.054925631145077536,-1.1259230944940761,168
dmw=19535,9,0.7628458498023716,-0.10571693474048038,-2.197945034314981,253
dmw=19535,11,0.8181818181818182,-0.10154821221686827,-2.105024754732061,55
dmw=19535,12,0.8359375,-0.06698590444124342,-1.3346354368171678,256
dmw=19536,9,0.6084142394822006,-0.2354486693268555,-3.5926561867008733,309
dmw=19536,12,0.8048780487804879,-0.078938846067236,-1.1448618835035624,164
dmw=19539,12,0.6612903225806451,-0.21637331682652494,-2.6400379314339717,62
dmw=19539,16,0.6458333333333334,-0.20026896542548844,-2.4338200265519196,48
dmw=19543,9,0.4189189189189189,-0.34360912397306903,-2.7946234416644065,74
dmw=19543,12,0.6111111111111112,-0.2077153134511377,-1.6223575817757219,36
dmw=19545,7,0.31724137931034485,-0.20526366384639222,-2.092018225344989,145
dmw=19545,0,0.36281179138321995,-0.13592933921085565,-1.577436335488055,441
dmw=19545,12,0.4,-0.06698101401909734,-1.0657192362569363,30
dmw=19545,1,0.3962655601659751,-0.06208848262407318,-1.0294081008320224,482
dmw=19553,9,0.5196078431372549,-0.21833893339138077,-2.6798049684013403,102
dmw=19553,16,0.6097560975609756,-0.14256199882743648,-1.767466419270077,41
dmw=19554,13,0.35051546391752575,-0.30361555407375795,-2.0751560644799043,97
dmw=19554,8,0.45751633986928103,-0.19110758657817012,-1.3128940162921636,153
dmw=19555,13,0.5498489425981873,-0.1802223735869476,-2.1665609211015258,331
dmw=19555,4,0.5805447470817121,-0.1265206327377031,-1.4487950228056758,1285
dmw=19555,6,0.6007371007371007,-0.10830028859692076,-1.205265828543957,814
dmw=19558,12,0.175,-0.17558317775788762,-1.6485327204489264,40
dmw=19558,3,0.3090909090909091,-0.12349684476368633,-1.217578005338799,165
dmw=19558,0,0.25868725868725867,-0.12138446206812264,-1.2001004593024605,777
dmw=19558,7,0.28921568627450983,-0.1135084486915468,-1.134935474443886,204
dmw=19559,7,0.7604790419161677,-0.12293791817730726,-2.618459531990378,334
dmw=19562,16,0.6964285714285714,-0.17850236628779526,-2.3656734120239604,56
dmw=19562,12,0.7394957983193278,-0.16177418313141068,-2.1244080418460682,119
dmw=19562,11,0.8068965517241379,-0.11144041908042668,-1.3984598559205408,145
dmw=19567,15,0.7395833333333334,-0.22315226505182217,-3.555973621670583,96
dmw=19569,14,0.23684210526315788,-0.3014193635334048,-1.7735951234067429,38
dmw=19569,16,0.13157894736842105,-0.22349625126095943,-1.2286680970293058,38
dmw=19569,6,0.24242424242424243,-0.21021052088453662,-1.135759159794306,198
dmw=19571,12,0.6578947368421053,-0.18790881533463366,-2.771650059849585,76
dmw=19571,13,0.8020833333333334,-0.07303222229960671,-1.0893773327432612,96
dmw=19574,12,0.6198347107438017,-0.26435605602493306,-3.4718962586044055,121
dmw=19574,9,0.7661290322580645,-0.07821367488480857,-1.047077577840127,124
dmw=19581,9,0.7043010752688172,-0.10988775123169137,-2.339061619491445,186
dmw=19581,16,0.75,-0.0753684017955143,-1.654824496126217,76
dmw=19582,16,0.6761904761904762,-0.1494713541713888,-2.4222218272892,105
dmw=19582,12,0.7583333333333333,-0.10239174493801528,-1.6272375402676806,120
dmw=19582,9,0.7130044843049327,-0.10149233358369847,-1.6120501182415914,223
dmw=19587,9,0.20408163265306123,-0.6125678236295334,-3.830102432763765,49
dmw=19588,9,0.44751381215469616,-0.3319842595561933,-3.7436765346273653,181
dmw=19589,9,0.6119402985074627,-0.23834739964640062,-3.212200656769469,134
dmw=19589,11,0.7916666666666666,-0.11614750760600179,-1.507357601132635,72
dmw=19590,9,0.704,-0.06169527258132668,-1.6550568216390111,125
dmw=19591,11,0.7631578947368421,-0.12726072486386597,-2.117005883735028,114
dmw=19591,16,0.7368421052631579,-0.09799992267077462,-1.6322979591263482,95
dmw=19591,9,0.7340823970037453,-0.09005731610200252,-1.500727938573673,267
dmw=19591,15,0.8493150684931506,-0.061227256011643805,-1.0231552971769629,73
dmw=19596,10,0.7125,-0.11778556750373681,-1.8390869454270298,80
dmw=19596,9,0.672316384180791,-0.1122905755609035,-1.7617151959045716,177
dmw=19596,16,0.7068965517241379,-0.09022632225968075,-1.4510414228431245,58
dmw=19596,1,0.7581967213114754,-0.0737997274638591,-1.2197482032585474,976
dmw=19597,13,0.7313432835820896,-0.17146466041647002,-2.4274421499198886,67
dmw=19597,9,0.7065217391304348,-0.13129693034438106,-1.8680211636664945,92
dmw=19601,15,0.7142857142857143,-0.22526957419059424,-3.3376255033396798,28
dmw=19601,13,0.84375,-0.08414446740508441,-1.2327229267500708,96
dmw=19602,16,0.7543859649122807,-0.14448625435864149,-2.3713729208876244,57
dmw=19602,9,0.7741935483870968,-0.11758769272220992,-1.8719528214948704,310
dmw=19602,12,0.8157894736842105,-0.10483725324607784,-1.6352180162461556,114
dmw=19603,12,0.6176470588235294,-0.16942242431073196,-2.417959740371231,68
dmw=19603,11,0.7121212121212122,-0.10781240806007286,-1.6748739310925504,66
dmw=19603,1,0.7247191011235955,-0.05647667339057294,-1.055707466558581,890
dmw=19604,9,0.6948818897637795,-0.1326387447287165,-2.744090587477798,508
dmw=19604,11,0.8189300411522634,-0.07376119676420423,-1.5277693012462594,243
dmw=19604,16,0.7846715328467153,-0.05338609410968276,-1.1068504293736632,274
dmw=19605,16,0.6746987951807228,-0.1868407938378559,-3.2660335519658963,83
dmw=19605,9,0.7794117647058824,-0.0728493698878161,-1.3381425663876103,272
dmw=19606,11,0.6728971962616822,-0.20710614156279272,-2.5565218769352986,107
dmw=19606,16,0.6952380952380952,-0.12497289717956794,-1.4809675897163608,105
dmw=19606,12,0.7485714285714286,-0.10760813586614704,-1.2535719277352053,175
dmw=19606,14,0.8089887640449438,-0.09719697570044494,-1.1172353196390201,89
dmw=19607,16,0.6096256684491979,-0.2292871852621935,-3.0841470446052863,187
dmw=19607,9,0.6877637130801688,-0.14065640182953143,-1.8679215061350216,474
dmw=19608,16,0.572139303482587,-0.23905583261115437,-3.5953909375256865,201
dmw=19609,16,0.65625,-0.15974187449767108,-3.2799145761174184,64
dmw=1961,13,0.18791946308724833,-0.35712953556774035,-2.15748638156837,149
dmw=1961,4,0.31749049429657794,-0.1992220854671578,-1.1954665303245366,526
dmw=19610,16,0.62,-0.19880547724655562,-2.6655540461114766,50
dmw=19610,11,0.76,-0.11899629515162558,-1.5417533388814317,100
dmw=19610,9,0.7045454545454546,-0.10275839182152013,-1.3131058729219374,132
dmw=19611,9,0.7230769230769231,-0.10739776618236097,-2.2141382631947772,455
dmw=19611,12,0.7672727272727272,-0.10606765206198676,-2.185216685520772,275
dmw=19611,16,0.7876712328767124,-0.05319468596716437,-1.035563755487786,146
dmw=19612,10,0.6219512195121951,-0.22405611604959375,-3.2909133404381072,82
dmw=19613,16,0.4642857142857143,-0.31223168549708913,-3.2892742448230208,28
dmw=19614,9,0.5595238095238095,-0.2087501945662903,-2.5412982101258605,252
dmw=19614,11,0.7209302325581395,-0.13089195881611637,-1.6839533145306336,86
dmw=19615,1,0.6787330316742082,-0.09022253832678839,-1.9551066991525408,884
dmw=19615,3,0.7572815533980582,-0.07224863227414602,-1.6574915849513898,309
dmw=19616,9,0.6466666666666666,-0.17364498235154824,-3.3005085993755787,150
dmw=19617,16,0.5783132530120482,-0.2535147420208208,-3.5155364258456148,83
dmw=19618,9,0.5975609756097561,-0.10433465202223491,-2.190050228505346,164
dmw=19619,16,0.6837606837606838,-0.10580437586813307,-1.9826065375682325,234
dmw=19619,9,0.6895674300254453,-0.08714606392329416,-1.647734152544345,393
dmw=19619,12,0.7454545454545455,-0.0849423366476143,-1.6081824819038915,165
dmw=1962,4,0.4002493765586035,-0.18515002027818228,-2.2850163183298964,802
dmw=1962,13,0.45185185185185184,-0.1608751041697435,-2.004336384008198,135
dmw=1962,6,0.503448275862069,-0.08426459324062252,-1.1185235111693808,580
dmw=1962,7,0.5329566854990584,-0.07440402979136107,-1.0045102520112366,531
dmw=19620,10,0.7583333333333333,-0.09658488222269135,-2.4478276243382906,240
dmw=19620,16,0.7716535433070866,-0.0539040004637138,-1.4919126275638708,127
dmw=19621,9,0.6939203354297694,-0.1458147941806911,-3.119093828433808,477
dmw=19622,9,0.7405857740585774,-0.09165498817212803,-2.4805630233842164,478
dmw=19622,16,0.7741935483870968,-0.06835071468079446,-1.8829950018754267,93
dmw=19623,16,0.6229508196721312,-0.15937555335600528,-2.5480509219347947,61
dmw=19623,10,0.7351351351351352,-0.08221840263395286,-1.4326560414096103,185
dmw=19624,16,0.65625,-0.1690179460293555,-3.083030399335106,128
dmw=19624,12,0.7898550724637681,-0.07054194596899066,-1.3952604991007276,138
dmw=19625,10,0.7797619047619048,-0.11168474237323212,-2.2337228186604756,168
dmw=19625,16,0.7844827586206896,-0.08385714465434524,-1.6917740419659837,116
dmw=19625,9,0.8,-0.05944280295460369,-1.2162992003487347,155
dmw=19626,16,0.5833333333333334,-0.25082823739926774,-2.802767861763628,48
dmw=19626,12,0.6696428571428571,-0.1981462114893312,-2.1811379302556375,112
dmw=19627,16,0.7692307692307693,-0.053015296044379046,-2.0170053643780865,65
dmw=19628,16,0.6850393700787402,-0.14465981373911463,-2.765051094043681,127
dmw=19628,12,0.7635467980295566,-0.10053730003492856,-1.9476197255734922,203
dmw=19629,16,0.5540540540540541,-0.14653308633696294,-2.408996968481249,74
dmw=19629,10,0.6422413793103449,-0.10222990433155899,-1.7584521857899598,232
dmw=1963,13,0.06060606060606061,-0.15286850482481837,-1.6253632771667306,99
dmw=1963,6,0.06941838649155722,-0.12707157860852497,-1.3629173017219145,533
dmw=1963,4,0.08737864077669903,-0.10760952533456124,-1.1649193886054932,721
dmw=1963,14,0.15384615384615385,-0.10250859224599279,-1.1130248586570939,39
dmw=19630,9,0.7555012224938875,-0.0777262089815669,-2.267094098518158,818
dmw=19630,16,0.7785016286644951,-0.06498010090124795,-1.8959705914097749,307
dmw=19631,16,0.375,-0.4368110889739353,-3.7692773426131603,104
dmw=19632,16,0.5603448275862069,-0.1903988740242455,-3.313715466931864,116
dmw=19633,16,0.5166666666666667,-0.31164804979519733,-3.60172499461185,60
dmw=19634,16,0.5641025641025641,-0.21785483419485818,-3.422638587280058,78
dmw=19635,10,0.6971153846153846,-0.09875657148804995,-2.3468765094347686,208
dmw=19636,16,0.6129032258064516,-0.18270387047150138,-2.2474042840158583,62
dmw=19636,11,0.7055214723926381,-0.15668584193540147,-1.9131607353885571,163
dmw=19636,10,0.7080745341614907,-0.12088986414834779,-1.4533036549211393,161
dmw=19637,16,0.6651162790697674,-0.06581233661237762,-1.7852659706341911,215
dmw=19637,1,0.7174916107382551,-0.05646236989049569,-1.6002444207223852,4768
dmw=19638,9,0.6070381231671554,-0.14104302189593,-2.5583943529505344,341
dmw=19638,16,0.6797385620915033,-0.08233731309332759,-1.5319147652690903,153
dmw=19639,16,0.7157894736842105,-0.0711792070319095,-2.0596527364914676,95
dmw=1964,6,0.3857729138166895,-0.13080427736151162,-1.483464956140832,731
dmw=1964,13,0.423728813559322,-0.11881904309920799,-1.350681341834771,118
dmw=1964,11,0.43946188340807174,-0.09404876578752913,-1.0762530847957679,223
dmw=1964,4,0.42356115107913667,-0.09063335407925593,-1.0384139653390754,1112
dmw=19640,16,0.6440972222222222,-0.1734949517656036,-3.6160548008484206,576
dmw=19641,16,0.6348993288590604,-0.056586069477725154,-2.05341604119901,1490
dmw=19644,9,0.5510204081632653,-0.2460005638786562,-3.3382439894758122,294
dmw=19644,16,0.6964285714285714,-0.112562577808764,-1.503056094194882,112
dmw=19645,9,0.59,-0.2597085344883514,-3.6430302074543803,100
dmw=19646,11,0.7294685990338164,-0.1284262831685914,-2.358399073758253,207
dmw=19646,9,0.6910828025477707,-0.08579101775433129,-1.6102700482662429,314
dmw=19646,1,0.7670173267326733,-0.058569170718057006,-1.1326031756090158,3232
dmw=19646,16,0.7372262773722628,-0.05249237906769688,-1.0259725689661556,137
dmw=19647,7,0.6481481481481481,-0.1059431383471896,-1.5447537386707748,270
dmw=19647,10,0.6043956043956044,-0.09644642953239801,-1.4372588450159631,91
dmw=19647,1,0.6096491228070176,-0.09374254260455939,-1.4066530800682224,912
dmw=19648,9,0.48936170212765956,-0.268799864393551,-2.7219057948392957,94
dmw=19648,16,0.6428571428571429,-0.1289100096755812,-1.3528259598413306,28
dmw=1965,14,0.0,-0.18594515924041619,-1.0244395469517726,10
dmw=19650,11,0.8072289156626506,-0.05240175261184499,-1.630272705342151,83
dmw=19651,11,0.7117117117117117,-0.1616258369426945,-2.161792186292352,111
dmw=19651,16,0.6511627906976745,-0.15977455154442,-2.137587190239106,86
dmw=19651,9,0.7134146341463414,-0.08564420116950167,-1.1683553041544283,164
dmw=19655,16,0.5384615384615384,-0.25070078021510034,-3.4040370547660332,65
dmw=19655,9,0.6948356807511737,-0.0814574450319746,-1.1125608243056415,213
dmw=19656,16,0.609375,-0.22400034609391017,-2.7906685965723828,64
dmw=19656,9,0.6527777777777778,-0.169820407925535,-2.0958236763447697,144
dmw=19657,9,0.5454545454545454,-0.15152877823675626,-2.193427775249954,143
dmw=19657,16,0.625,-0.08772660077068462,-1.2761302727258959,40
dmw=19657,11,0.7230769230769231,-0.07645118895661385,-1.114021274134469,65
dmw=19657,1,0.6863354037267081,-0.07136227320961053,-1.0408568479240337,1288
dmw=19658,16,0.6910569105691057,-0.08549235692449453,-2.052612924204193,123
dmw=19659,16,0.6524390243902439,-0.16778608783605953,-3.122645823756286,164
dmw=19659,10,0.7740112994350282,-0.07630926929616955,-1.4857470408195643,354
dmw=1966,6,0.36446469248291574,-0.1431625934502671,-1.4714070673711022,439
dmw=1966,4,0.40617577197149646,-0.0990669646701271,-1.041243999258846,421
dmw=19660,16,0.7105263157894737,-0.13330362885288016,-2.7761920042009183,76
dmw=19660,12,0.8163265306122449,-0.05946235633519448,-1.2590079004158206,98
dmw=19661,16,0.6225165562913907,-0.12331352891988934,-2.4860014873111163,151
dmw=19662,16,0.5882352941176471,-0.25217286155517227,-2.8893470859363077,85
dmw=19662,9,0.66,-0.16999307824617993,-1.941246101847832,150
dmw=19663,16,0.6747967479674797,-0.14452974876734803,-3.05168316802033,246
dmw=19664,16,0.7391304347826086,-0.06048494349073985,-1.7254759680011846,69
dmw=19664,1,0.7818639798488665,-0.05228566770605192,-1.535198642811814,1985
dmw=19665,16,0.6206896551724138,-0.18902201175595146,-3.092115703918349,87
dmw=19665,10,0.7628205128205128,-0.07840593593949319,-1.4037380256459193,156
dmw=19666,16,0.4935064935064935,-0.17028185542859914,-1.8858809805383052,77
dmw=19666,9,0.5421686746987951,-0.10452393074033373,-1.2545206837546756,83
dmw=19666,11,0.6770833333333334,-0.08332265501966174,-1.0509612832010309,96
dmw=19667,16,0.46153846153846156,-0.13207883770424822,-1.517982654224165,26
dmw=19667,11,0.5806451612903226,-0.1206815710653828,-1.414457391805452,62
dmw=19667,1,0.5367132867132867,-0.11131287729279349,-1.3293583490208896,572
dmw=19667,10,0.55,-0.09524064567998947,-1.1833687843215845,40
dmw=19669,9,0.5732758620689655,-0.23312927937021166,-3.2601252830557677,232
dmw=19669,10,0.7551020408163265,-0.0932524150818892,-1.2551565774832725,245
dmw=19670,16,0.5287356321839081,-0.2916441993183029,-3.415178724309811,87
dmw=19671,9,0.6025641025641025,-0.20519226322686623,-3.1487613063128053,78
dmw=19671,16,0.7083333333333334,-0.11090370117887582,-1.6535445181759765,48
dmw=19673,10,0.7649572649572649,-0.09577830832968692,-2.7949729413263396,234
dmw=19674,9,0.7638190954773869,-0.06301032527646733,-1.8987384256657016,199
dmw=19674,11,0.8292682926829268,-0.06295888972821995,-1.8973959432337384,164
dmw=19675,16,0.6512820512820513,-0.18331780353320704,-2.9339333704113866,195
dmw=19675,9,0.7182741116751269,-0.10561104589573189,-1.670560273067675,394
dmw=19676,16,0.6074766355140186,-0.21317631134540171,-3.5032851405163394,107
dmw=19677,10,0.6973684210526315,-0.12244076116238645,-2.1779184767151962,152
dmw=19677,9,0.694300518134715,-0.07778435742866896,-1.430326795531133,193
dmw=19678,16,0.6766743648960739,-0.13871509911144675,-2.6365525399868543,433
dmw=19678,9,0.6915377616014559,-0.11218521263658376,-2.1398504157803204,1099
dmw=19679,9,0.7318840579710145,-0.1006061221667699,-2.1287067504928703,414
dmw=19679,15,0.8208955223880597,-0.09431665574775783,-2.0004417664329424,134
dmw=19680,1,0.7681022243256034,-0.06721074929724269,-2.088534875623835,2113
dmw=19681,16,0.631578947368421,-0.2141931540667481,-3.1571215536963173,95
dmw=19681,9,0.7443820224719101,-0.09125659506716788,-1.2991769472860526,356
dmw=19681,11,0.8176638176638177,-0.08045569485073567,-1.1359425565987047,351
dmw=19682,9,0.7412587412587412,-0.09683554697711216,-2.5692603422896774,143
dmw=19683,9,0.6733668341708543,-0.1773034947518678,-2.7421852848577752,199
dmw=19683,16,0.7788461538461539,-0.08118612907490719,-1.1886315704107333,104
dmw=19683,10,0.8075313807531381,-0.07687156170247356,-1.1188948259580815,239
dmw=19684,9,0.6163522012578616,-0.1866287430660215,-3.2981586460308043,159
dmw=19685,9,0.6651376146788991,-0.15218100778045685,-2.9391583983662253,436
dmw=19685,16,0.7545454545454545,-0.07380413477250036,-1.5186064751184591,220
dmw=19686,16,0.6617647058823529,-0.10537023036496418,-1.9440875353837987,68
dmw=19686,10,0.7108433734939759,-0.09315081060966057,-1.7333254567724745,166
dmw=19686,11,0.7853107344632768,-0.055849694307037345,-1.0899511424519097,177
dmw=19687,9,0.6870967741935484,-0.12208531351564011,-2.785673518786332,310
dmw=19688,1,0.7329192546583851,-0.05790576849532203,-1.742399767312003,1288
dmw=19689,16,0.46875,-0.27872961730150303,-3.1149712937679706,64
dmw=19689,10,0.696969696969697,-0.08961480871930316,-1.0547235916238802,132
dmw=19690,9,0.6944444444444444,-0.08785162289479209,-1.8054900035889714,288
dmw=19690,16,0.7079646017699115,-0.08694656013071556,-1.7883421525347218,113
dmw=19690,8,0.8099173553719008,-0.05321808707260345,-1.1493026789818546,363
dmw=19693,15,0.7191011235955056,-0.17256544212478275,-3.030271751918418,89
dmw=19693,16,0.717948717948718,-0.08549269997852538,-1.4389796008241995,39
dmw=19693,11,0.8,-0.06791268108469317,-1.1176971260532393,135
dmw=19694,16,0.6369047619047619,-0.20802695894724532,-3.329533904954777,168
dmw=19694,9,0.7508833922261484,-0.08387041607543311,-1.2087879452942392,566
dmw=19695,16,0.7103658536585366,-0.1457316739401332,-2.7065749113741666,328
dmw=19695,11,0.7931034482758621,-0.11222914796158656,-2.068193327012413,493
dmw=19696,16,0.7526881720430108,-0.09298753512201197,-2.398451053494655,93
dmw=19696,9,0.7841584158415842,-0.051378705456503804,-1.40850250194315,505
dmw=19697,16,0.6142857142857143,-0.2270140233577207,-3.064723922339489,70
dmw=19697,11,0.7847533632286996,-0.11022328126118053,-1.421338216333792,223
dmw=19697,9,0.7266187050359713,-0.10431243505002108,-1.338165526448939,278
dmw=19698,1,0.7522311942201445,-0.06353639821947954,-2.077896947882881,2353
dmw=19699,16,0.68,-0.14308855397341913,-2.3696861900314916,25
dmw=19699,11,0.7906976744186046,-0.09136384156581911,-1.5634846561861417,86
dmw=19699,1,0.7988560533841754,-0.0554584478525878,-1.003849191095087,1049
dmw=19700,15,0.7906976744186046,-0.11441728890250247,-1.9300206345033772,86
dmw=19700,12,0.7578125,-0.10294529069894465,-1.7258435725757812,128
dmw=19700,9,0.7134146341463414,-0.10112341452970286,-1.6934180685937175,164
dmw=19700,16,0.7596153846153846,-0.06608572599618712,-1.0698220590259315,104
dmw=19701,16,0.6972477064220184,-0.13545939188321043,-2.7984858021824746,109
dmw=19701,12,0.8032786885245902,-0.06330366359591533,-1.3365069887607055,122
dmw=19702,9,0.625615763546798,-0.2248661424541467,-3.4149269377030405,203
dmw=19702,16,0.7711864406779662,-0.08866728601463103,-1.2694604099498428,118
dmw=19704,1,0.7779177162048698,-0.07145040324659557,-2.0230136138896975,2382
dmw=19704,16,0.75,-0.06730869284913754,-1.930948448774151,52
dmw=19705,11,0.725,-0.13904052187775395,-2.3703380531042053,80
dmw=19705,10,0.7246376811594203,-0.1065155822459245,-1.8141815816988984,138
dmw=19705,16,0.7272727272727273,-0.07084616733661175,-1.2042565162687493,44
dmw=19706,9,0.6047904191616766,-0.18882394195241925,-3.0038080968087995,167
dmw=19706,16,0.7457627118644068,-0.059973756878703655,-1.042874264704704,59
dmw=19707,9,0.6572481572481572,-0.19063995482829044,-3.2733663495958734,814
dmw=19707,10,0.8049886621315193,-0.07717348844934979,-1.271739981177396,441
dmw=19708,9,0.68125,-0.16093653791253248,-2.600325005218969,320
dmw=19708,16,0.7352941176470589,-0.11669370659079115,-1.8869080892400572,136
dmw=19709,9,0.5897435897435898,-0.2561920399086559,-2.8060543886977447,234
dmw=19709,11,0.7668711656441718,-0.1380762678752232,-1.408939294466645,163
dmw=19709,10,0.743455497382199,-0.13713214815804275,-1.3977719127958836,191
dmw=19710,16,0.6170212765957447,-0.17417068285746484,-2.3665460569204892,47
dmw=19710,9,0.6632124352331606,-0.11519943150071121,-1.611387225627568,193
dmw=19710,8,0.7751479289940828,-0.08528831000054593,-1.2283591053986327,169
dmw=19714,9,0.7596153846153846,-0.07399133197487362,-2.079012624608751,416
dmw=19714,11,0.8312883435582822,-0.06547625719341621,-1.8499802118472903,326
dmw=19715,11,0.7749287749287749,-0.1326186337524543,-3.2869807457834854,351
dmw=19716,9,0.5886524822695035,-0.25007570791885236,-3.1119275619863003,282
dmw=19716,16,0.69,-0.15870567805028035,-1.9027515375723052,200
dmw=19717,9,0.6173469387755102,-0.2306924286463019,-3.3020972160342126,196
dmw=19717,16,0.7786885245901639,-0.07885011721927149,-1.1599939544413127,122
dmw=19718,9,0.6907216494845361,-0.14510292382925094,-2.7081352785135877,291
dmw=19718,16,0.7425742574257426,-0.10337444849105737,-1.9721401774863294,101
dmw=19718,1,0.8213391739674594,-0.052419385740644975,-1.0734091250600188,3196
dmw=19719,16,0.7303370786516854,-0.07331898467931597,-1.8458641128222937,89
dmw=19719,10,0.7630769230769231,-0.07289366063901825,-1.8361668871532508,325
dmw=19720,16,0.6031746031746031,-0.22843074877606784,-3.4284506855908017,63
dmw=19720,1,0.7981591058514136,-0.06342173168715826,-1.037107212567294,1521
dmw=19721,16,0.44565217391304346,-0.12561594004754717,-2.923103645001344,184
dmw=19722,16,0.5821917808219178,-0.0768561641845773,-2.3326554518075606,146
dmw=19723,16,0.6428571428571429,-0.11689593614051652,-2.970434530345099,112
dmw=19724,16,0.705989110707804,-0.07615820521722083,-2.875630098225694,551
dmw=19725,16,0.6498855835240275,-0.06639098935792553,-2.6563193507164664,437
dmw=19726,16,0.5978494623655914,-0.05396775189689085,-2.4339965702338704,465
dmw=19727,16,0.6111587982832618,-0.06860249949184938,-2.443389943503994,1165
dmw=19728,16,0.6262626262626263,-0.13547076892424192,-2.7043798559355734,99
dmw=19729,16,0.6724137931034483,-0.14668675079486138,-2.9739650887314455,58
dmw=19730,9,0.5921052631578947,-0.20701373431673264,-2.8221873179745183,304
dmw=19730,16,0.7055214723926381,-0.10547331678460525,-1.409896990939895,163
dmw=19730,12,0.7493036211699164,-0.09916289318573612,-1.3221275054012513,359
dmw=19731,16,0.3877551020408163,-0.28189819456730736,-2.9466861102659196,49
dmw=19731,9,0.5,-0.15269974248002938,-1.6247059788784384,72
dmw=19732,16,0.5403225806451613,-0.1758170374233562,-2.400338235406808,124
dmw=19732,10,0.6334661354581673,-0.1250638066093499,-1.7612927362358235,251
dmw=19732,1,0.6863157894736842,-0.07443996292909383,-1.1238763799617066,2375
dmw=19733,10,0.6782608695652174,-0.10873783729809161,-2.175791555907889,230
dmw=19733,11,0.7710843373493976,-0.055608597136582505,-1.3405354235707567,83
dmw=19733,1,0.7389510901591043,-0.05008399367832106,-1.2536819526154754,1697
dmw=19734,9,0.46099290780141844,-0.28462833822437983,-2.8389950192130335,141
dmw=19734,16,0.5555555555555556,-0.20415317967989643,-2.069722382328868,18
dmw=19735,16,0.5645161290322581,-0.19710332689225352,-2.926832841538091,62
dmw=19735,1,0.7431803060545575,-0.05789257839264961,-1.0338348486780022,1503
dmw=19735,9,0.6910112359550562,-0.05659553458998967,-1.0161975516908817,178
dmw=19736,9,0.5954198473282443,-0.18120724633526608,-2.4977365859771457,131
dmw=19736,10,0.71875,-0.10486756467665592,-1.447087357331874,96
dmw=19736,16,0.7045454545454546,-0.08493682985242146,-1.1727842594612323,44
dmw=19737,16,0.4411764705882353,-0.31543115476052697,-3.0502337008839118,34
dmw=19738,16,0.4473684210526316,-0.32573871838767793,-3.258240732377291,38
dmw=19738,1,0.7186654643823264,-0.0924653089981603,-1.0324004524280361,1109
dmw=19739,9,0.5283018867924528,-0.25507853337302433,-2.589931884742372,53
dmw=19739,16,0.6363636363636364,-0.15958543371327094,-1.5967654553066097,11
dmw=19739,10,0.717391304347826,-0.11187123400259158,-1.1005186947669838,46
dmw=19740,9,0.552870090634441,-0.21956896126822878,-2.860329446627949,331
dmw=19740,16,0.675,-0.11046868695224665,-1.420189589681408,120
dmw=19741,16,0.25,-0.4995682314146235,-3.4765494424305876,16
dmw=19742,16,0.5483870967741935,-0.19252090857482507,-2.2959216718338307,31
dmw=19742,10,0.6074766355140186,-0.17325540103932935,-2.082967162850659,107
dmw=19743,10,0.668918918918919,-0.11522508739761361,-2.30020966861237,148
dmw=19744,16,0.7368421052631579,-0.07885556285066797,-1.9886956077151887,57
dmw=19745,9,0.7254901960784313,-0.12298508352421456,-2.7988565346350893,255
dmw=19745,10,0.8,-0.08263532994196665,-1.9303405906030267,110
dmw=19746,16,0.6575342465753424,-0.155195482541174,-2.497980336839292,73
dmw=19746,10,0.7256637168141593,-0.11817735263576268,-1.9222611232225517,113
dmw=19747,16,0.5185185185185185,-0.22157438376056848,-2.6861004311765697,27
dmw=19747,10,0.6707317073170732,-0.10927331171887389,-1.304984776839496,82
dmw=19747,9,0.6275862068965518,-0.09768506584082737,-1.1624687037735597,145
dmw=19748,16,0.3953488372093023,-0.344322825011905,-3.338577295939409,43
dmw=19749,16,0.6804123711340206,-0.11547928301921417,-2.632731590036783,194
dmw=19750,16,0.5961538461538461,-0.13955437990379715,-2.1631970388497903,104
dmw=19750,11,0.6931216931216931,-0.12422359019841633,-1.9539498866761928,189
dmw=19750,1,0.7183014354066986,-0.059899798388056036,-1.0760061856676786,1672
dmw=19751,16,0.7281553398058253,-0.13071292678205015,-2.3066075695074457,103
dmw=19751,9,0.7470817120622568,-0.1023603732289341,-1.8150004000983269,257
dmw=19751,10,0.7862595419847328,-0.09715458385130449,-1.7247368061796309,393
dmw=19752,12,0.7319587628865979,-0.12503811694795053,-2.2957737969897143,97
dmw=19752,9,0.726027397260274,-0.08377719963946728,-1.5589976105825119,219
dmw=19752,10,0.774390243902439,-0.07676301750256631,-1.4337487624545304,164
dmw=19753,14,0.5789473684210527,-0.29964486282086245,-2.0153268703667178,19
dmw=19753,8,0.5972222222222222,-0.2503659891402533,-1.6061604228895374,72
dmw=19753,15,0.6666666666666666,-0.20646658833773013,-1.2416601709324138,24
dmw=19753,13,0.6538461538461539,-0.196848602757962,-1.161801263907333,104
dmw=19762,9,0.4919786096256685,-0.2903900752563849,-3.0112362687998884,187
dmw=19762,16,0.6086956521739131,-0.18628502214731335,-1.9319400509840845,69
dmw=19764,9,0.6486486486486487,-0.1869422218695196,-3.0198951766637614,259
dmw=19764,12,0.7510917030567685,-0.1262622450116644,-2.030191561572178,229
dmw=19765,16,0.631578947368421,-0.15888915182525187,-2.7641919701354056,38
dmw=19765,1,0.7648745519713261,-0.06136168265229203,-1.123768331677292,1395
dmw=19765,10,0.7664233576642335,-0.05805571102522822,-1.0681614954587744,137
dmw=19766,16,0.34210526315789475,-0.4109845305646544,-3.447233958691757,38
dmw=19767,9,0.609271523178808,-0.14896557506144537,-2.6413385330074513,302
dmw=19767,16,0.7122302158273381,-0.05960949787725278,-1.2535017749179032,139
dmw=19768,9,0.689119170984456,-0.12559363703836057,-2.5874337980093625,193
dmw=19768,10,0.7528089887640449,-0.1023762510238646,-2.1252772746366664,267
dmw=19769,16,0.3854166666666667,-0.42435878364391505,-3.736567728582707,96
dmw=19770,16,0.6107784431137725,-0.2281676078565571,-3.491122800497232,167
dmw=19771,9,0.6666666666666666,-0.18288741387739393,-2.382402658409116,96
dmw=19771,16,0.7045454545454546,-0.1544289595734596,-1.983322364059477,44
dmw=19771,15,0.803921568627451,-0.12069087716485538,-1.5102044738669398,51
dmw=19772,10,0.7901785714285714,-0.07305232781740445,-2.070107540099608,672
dmw=19772,16,0.7711267605633803,-0.06410150220239874,-1.8409197935182045,284
dmw=19773,16,0.5853658536585366,-0.2724501645376972,-3.3276103290109393,41
dmw=19774,16,0.7164948453608248,-0.1362163890581355,-2.8966677794647016,194
dmw=19774,9,0.7610837438423645,-0.08186527774101848,-1.7773627648671042,406
dmw=19775,11,0.7238095238095238,-0.16093564279257944,-2.5261493272938504,210
dmw=19775,16,0.6696428571428571,-0.15720783952508266,-2.4681389694501465,112
dmw=19776,1,0.7610062893081762,-0.055785983183100574,-1.8522155496512107,954
dmw=19777,16,0.6805555555555556,-0.14653234193291742,-3.50811722623596,72
dmw=19778,9,0.6572327044025157,-0.16621755717085496,-3.3433273417354608,318
dmw=19779,16,0.6857142857142857,-0.17126551522414446,-2.584280751612729,35
dmw=19779,9,0.6971153846153846,-0.1503345075009489,-2.258555060202099,208
dmw=19780,9,0.4639175257731959,-0.2835264753108747,-2.4851885306843426,97
dmw=19780,16,0.5789473684210527,-0.18251547151892222,-1.5279602639734022,57
dmw=19780,15,0.7068965517241379,-0.1584762505950682,-1.300153184405944,58
dmw=19781,11,0.7323943661971831,-0.16815018813564642,-2.5248733305814186,71
dmw=19781,9,0.6842105263157895,-0.15507422105953683,-2.323513803751151,114
dmw=19782,11,0.7863247863247863,-0.11320635348051145,-2.7491268253181755,117
dmw=19782,16,0.7948717948717948,-0.052914318634072144,-1.2833663755983402,195
dmw=19783,16,0.6981132075471698,-0.14119616440035432,-2.62772373950228,106
dmw=19783,9,0.7165354330708661,-0.11230175842314927,-2.08389238581341,254
dmw=19784,16,0.631578947368421,-0.17321427033929482,-2.8641807165550013,38
dmw=19784,9,0.7071428571428572,-0.08548454236406045,-1.475702612520368,140
dmw=19784,1,0.7807933194154488,-0.057821920034419105,-1.0378926900305918,1437
dmw=19785,16,0.4307692307692308,-0.34242697846579395,-3.656021128539246,65
dmw=19786,16,0.390625,-0.3950990058398208,-3.7202270978128595,64
dmw=19787,9,0.7039473684210527,-0.08304739144689499,-1.7575199177635943,304
dmw=19787,10,0.7559808612440191,-0.07629437240980963,-1.6251052071110996,209
dmw=19787,16,0.7380952380952381,-0.0613121598145252,-1.331330624980646,42
dmw=19787,11,0.8111111111111111,-0.05386834890941561,-1.1853707125712485,180
dmw=19788,16,0.5666666666666667,-0.3035130183487874,-3.4792665693351825,30
dmw=19788,10,0.7948717948717948,-0.09813153286480059,-1.0480912253079806,117
dmw=19789,9,0.5,-0.3124863376959821,-3.025343267622806,82
dmw=19789,16,0.6779661016949152,-0.14578006942566613,-1.3968285955800246,59
dmw=19789,11,0.7657657657657657,-0.11676543814702856,-1.1133914265315574,111
dmw=19790,9,0.6666666666666666,-0.16920157955324222,-2.585546296089325,126
dmw=19790,16,0.6865671641791045,-0.1594230177299839,-2.4365092163898496,67
dmw=19791,10,0.7620137299771167,-0.11179799330539675,-2.4703891680197625,437
dmw=19791,12,0.806930693069307,-0.07196166507612478,-1.6174840743046852,202
dmw=19791,16,0.7807017543859649,-0.06689121163421763,-1.5089244815842395,228
dmw=19793,16,0.7388059701492538,-0.15042402912702002,-2.961438821907231,134
dmw=19793,9,0.7945945945945946,-0.08695741652811739,-1.6551787953752326,185
dmw=19794,16,0.6095890410958904,-0.26094544052307256,-3.343826904410659,146
dmw=19794,9,0.7256410256410256,-0.1361210478244851,-1.6990754346738106,390
dmw=19795,16,0.5523809523809524,-0.27043602742120776,-3.4338724451258535,105
dmw=19795,9,0.6872586872586872,-0.12425268131351397,-1.525705528667825,518
dmw=19796,16,0.73,-0.10408367691512732,-2.6707243296525647,200
dmw=19797,9,0.731675392670157,-0.07770032073766442,-2.14099949113744,764
dmw=19797,16,0.7654320987654321,-0.05534903343243969,-1.5677616322634416,243
dmw=19798,9,0.70995670995671,-0.11823209817048552,-3.0410892922045814,231
dmw=19799,16,0.603448275862069,-0.19225651126971555,-2.9033470450216208,58
dmw=19799,9,0.6946107784431138,-0.08851441185130027,-1.440496725249007,167
dmw=19801,10,0.6290322580645161,-0.17749080278290885,-2.3656338767582765,62
dmw=19801,11,0.7333333333333333,-0.10996990902239578,-1.4998363312539427,60
dmw=19801,9,0.6774193548387096,-0.0789064418624793,-1.1015200157545992,93
dmw=19802,16,0.7586206896551724,-0.11370343944732941,-2.709536321762057,87
dmw=19802,12,0.8046875,-0.09446137632893437,-2.25448522452649,128
dmw=19803,16,0.6774193548387096,-0.10610309857649491,-2.381067813831091,62
dmw=19803,11,0.7906976744186046,-0.06263681272537802,-1.4887911378441476,258
dmw=19803,1,0.7699843260188087,-0.05022223933126979,-1.233944558133307,2552
dmw=19804,9,0.6538461538461539,-0.2085461538193435,-3.149549500300286,78
dmw=19804,16,0.7692307692307693,-0.10189993345419723,-1.5319883465353095,52
dmw=19806,9,0.57,-0.2925261554673785,-3.168557313360767,100
dmw=19806,10,0.725,-0.16891460130758307,-1.7863954386509693,40
dmw=19808,9,0.6805555555555556,-0.05640477558200707,-1.6466357138523848,144
dmw=19809,16,0.6111111111111112,-0.15131550149262707,-2.6299460354425106,18
dmw=19809,1,0.7290322580645161,-0.07274896163477695,-1.4720473294307672,1085
dmw=19810,16,0.4722222222222222,-0.26818148886523896,-2.852110694428773,36
dmw=19810,10,0.5966386554621849,-0.1836436132850593,-1.9540599955222113,119
dmw=19811,16,0.6101694915254238,-0.22253894984204758,-3.1464979239827255,59
dmw=19812,9,0.625,-0.17061115895311318,-2.8456562993563215,120
dmw=19812,16,0.7142857142857143,-0.09335869672439578,-1.5804744311482173,49
dmw=19813,9,0.6335877862595419,-0.15251743523252692,-2.6143035146936593,131
dmw=19813,16,0.7111111111111111,-0.08744531681349921,-1.5918127760796141,45
dmw=19815,16,0.7272727272727273,-0.09692914397787589,-2.4102861177889983,121
dmw=19816,9,0.5757575757575758,-0.21359988385326623,-3.167275230984469,99
dmw=19816,1,0.7754569190600522,-0.06046342385942716,-1.037578889921729,1149
dmw=19817,16,0.6597938144329897,-0.132316355924871,-2.5017649535028728,97
dmw=19817,12,0.7441860465116279,-0.08836683631200859,-1.7665395753587585,86
dmw=19818,16,0.5609756097560976,-0.17712484060036393,-2.712391309130325,82
dmw=19818,11,0.7405660377358491,-0.07861414858938465,-1.3116740898415071,212
dmw=19819,16,0.5172413793103449,-0.3137323686445127,-3.3438000409321873,87
dmw=19819,11,0.7307692307692307,-0.15690767109977422,-1.6275881027219006,78
dmw=19820,16,0.6,-0.1866458809586009,-3.0570385445580412,50
dmw=19820,10,0.75,-0.07113688335712787,-1.2072490697006104,92
dmw=19821,9,0.6017699115044248,-0.16074893365846377,-2.321191835037238,113
dmw=19821,10,0.6976744186046512,-0.11408344175146978,-1.6597683785864439,43
dmw=19821,16,0.6923076923076923,-0.0836440442123414,-1.2283289849390662,65
dmw=19822,6,0.4419642857142857,-0.22109144651272017,-1.5101764145442476,224
dmw=19822,13,0.48148148148148145,-0.20445988512965624,-1.392477292213986,54
dmw=19822,4,0.5036231884057971,-0.15729792690205946,-1.0587190260528094,276
dmw=19822,14,0.5833333333333334,-0.15170118861713355,-1.0191117294872118,12
dmw=19823,12,0.795774647887324,-0.09249219834947109,-2.2511102016359064,142
dmw=19823,9,0.7697841726618705,-0.07979853270392068,-1.9266542017697543,139
dmw=19826,12,0.6551724137931034,-0.20656654736253066,-2.8973156357912,58
dmw=19826,11,0.7474747474747475,-0.13729102266041948,-1.885403611945694,99
dmw=19827,16,0.525,-0.30299953976581306,-3.5142132663056764,80
dmw=19828,12,0.6707317073170732,-0.21871376587522162,-2.8179662021345697,82
dmw=19828,16,0.6956521739130435,-0.16478820223919666,-2.0945864525360323,23
dmw=19829,12,0.697841726618705,-0.15899001828581028,-2.2678146882836647,139
dmw=19829,16,0.70625,-0.114742177234053,-1.6292449094003403,160
dmw=19829,9,0.6958333333333333,-0.113763740282679,-1.615124440404817,480
dmw=19830,9,0.624,-0.19152896576957723,-2.754441629827478,125
dmw=19830,16,0.7419354838709677,-0.0847095937323179,-1.2341128766542915,31
dmw=19830,10,0.7755102040816326,-0.08034446107813908,-1.1719852254708676,98
dmw=19832,12,0.7453416149068323,-0.10617758538096023,-2.1784079681491653,161
dmw=19832,16,0.72,-0.09463743720446816,-1.9592631824153404,125
dmw=19840,10,0.5663716814159292,-0.22685901101300776,-2.9426442892873403,113
dmw=19841,9,0.6302521008403361,-0.16192238429907135,-3.0517918676218456,357
dmw=19841,16,0.7333333333333333,-0.07102698255363604,-1.4433577351349622,75
dmw=19842,9,0.6656441717791411,-0.13684896032719251,-2.7575814684421145,326
dmw=19842,12,0.7696629213483146,-0.08150322877247851,-1.62294469053853,178
dmw=19847,16,0.6621621621621622,-0.12499590268084271,-2.286100084106013,74
dmw=19847,11,0.7346938775510204,-0.12131922938147155,-2.2227274391344625,49
dmw=19848,10,0.7264150943396226,-0.13414351423412207,-2.253552617391629,106
dmw=19848,16,0.7204301075268817,-0.1116851385372365,-1.909692364267541,93
dmw=19848,12,0.8051948051948052,-0.06089626685735583,-1.1320638078910237,77
dmw=1985,14,0.16129032258064516,-0.1284111732824533,-1.2589174903275462,62
dmw=1985,6,0.10098522167487685,-0.12341409874219823,-1.2214596312599584,406
dmw=19850,16,0.6274509803921569,-0.17242169490643977,-2.5832908715569984,51
dmw=19850,6,0.7828418230563002,-0.0743637998719312,-1.0643594775952427,373
dmw=19852,15,0.7428571428571429,-0.17534726523265132,-1.864202049609429,70
dmw=19852,11,0.7386363636363636,-0.16097791820848173,-1.694148967584751,88
dmw=19852,9,0.6895161290322581,-0.1483684940739305,-1.5449235759904023,248
dmw=19852,16,0.71875,-0.12915483633702896,-1.3175408209054527,64
dmw=19853,16,0.5813953488372093,-0.26197357906627783,-3.4930897493743416,43
dmw=19854,16,0.6928104575163399,-0.12771706567311047,-2.337445519488599,153
dmw=19854,9,0.6903225806451613,-0.11878713778152783,-2.1841709896417543,310
dmw=19855,9,0.6287878787878788,-0.20655700786406783,-2.725679083985993,132
dmw=19855,12,0.7619047619047619,-0.11525650117065733,-1.5446646534070358,21
dmw=19856,9,0.4918032786885246,-0.3493986338720323,-3.6449574076874964,61
dmw=19857,16,0.5714285714285714,-0.25140017024173855,-3.231800255668116,63
dmw=19857,9,0.717948717948718,-0.09357499107717582,-1.0301567837790653,390
dmw=19858,16,0.7164179104477612,-0.1345786539867354,-2.6516629536375973,134
dmw=19858,9,0.7546296296296297,-0.08651224688197645,-1.6851492405273387,216
dmw=19858,12,0.806930693069307,-0.0747638396638115,-1.448913637171087,202
dmw=19859,16,0.5636363636363636,-0.2872388613853458,-3.4529431976416967,55
dmw=19859,10,0.7757009345794392,-0.10091059603612229,-1.1598120390699236,214
dmw=19860,9,0.6282051282051282,-0.2034081617877337,-3.528154247595194,156
dmw=19861,16,0.6144578313253012,-0.22495374381562938,-3.508092069662802,83
dmw=19862,16,0.7647058823529411,-0.09192013091271056,-2.4641175281951453,51
dmw=19862,10,0.8280254777070064,-0.05348256886682312,-1.507469263292674,314
dmw=19863,16,0.765625,-0.07182073229892705,-2.111383010063835,192
dmw=19863,15,0.8518518518518519,-0.06022645134027349,-1.7935019791662183,162
dmw=19864,10,0.7400881057268722,-0.07873540928218203,-1.707626007066857,227
dmw=19864,15,0.8082191780821918,-0.07142738607568633,-1.5471892685233355,73
dmw=19864,11,0.7880434782608695,-0.06564608204344036,-1.4202693700427698,184
dmw=19865,9,0.6950354609929078,-0.16296767869276996,-3.5908791810663745,141
dmw=19866,16,0.5813953488372093,-0.22553811971021076,-3.605376885681111,86
dmw=19867,16,0.5740740740740741,-0.23466559697424916,-2.6773991767630028,54
dmw=19867,9,0.6130952380952381,-0.18366245537109738,-2.080602774194305,168
dmw=19868,16,0.4791666666666667,-0.36020845781363336,-3.24429818411846,48
dmw=19868,9,0.6194331983805668,-0.209473157211428,-1.845206918943936,247
dmw=19869,9,0.5033112582781457,-0.29005690605075285,-3.46460025855861,151
dmw=19870,10,0.6814159292035398,-0.19049661620134473,-3.0736223828029607,113
dmw=19870,9,0.75,-0.08521420753204312,-1.3885722066028803,208
dmw=19871,16,0.6052631578947368,-0.1852201911642828,-2.6627260472707373,38
dmw=19871,9,0.673202614379085,-0.10446945874368796,-1.5157029258832253,153
dmw=19872,9,0.40186915887850466,-0.4209185959361324,-3.662823654704082,107
dmw=19873,9,0.6903914590747331,-0.11289251743312778,-2.317487581008718,281
dmw=19873,16,0.7202797202797203,-0.0946908324019442,-1.9636114888201017,143
dmw=19873,1,0.7895352236188249,-0.05782843545714966,-1.246934930733258,3421
dmw=19874,16,0.7,-0.0792217500061605,-1.7856846563466107,40
dmw=19874,1,0.739001189060642,-0.07746275049223428,-1.747509568191212,1682
dmw=19875,16,0.6986301369863014,-0.16792027964607437,-2.847401867892288,73
dmw=19875,9,0.7395348837209302,-0.11801734330993519,-1.9928597682168534,215
dmw=19879,9,0.5446009389671361,-0.2459336369935592,-3.0987412708479094,213
dmw=19879,12,0.7084870848708487,-0.13308574162759068,-1.6744339404627855,271
dmw=19880,9,0.6889632107023411,-0.14734188642440127,-3.184047635092898,299
dmw=19880,16,0.7828571428571428,-0.06354789998319987,-1.3797726066286602,175
dmw=19881,16,0.6292134831460674,-0.16910359889653415,-3.3138583011033123,178
dmw=19882,16,0.5283018867924528,-0.3032856676539293,-2.8839041498730342,53
dmw=19882,9,0.5851063829787234,-0.23561325365335828,-2.2107532811887576,94
dmw=19883,16,0.6417910447761194,-0.16129561821312388,-2.9749277138508172,67
dmw=19883,1,0.7648745519713261,-0.07226998146087438,-1.4242337393059246,1395
dmw=19884,10,0.7094017094017094,-0.16652102418773218,-3.1278463397113443,117
dmw=19884,16,0.782051282051282,-0.06801604965237329,-1.3609054011607675,78
dmw=19885,9,0.7254901960784313,-0.11327982844755058,-2.476445613652939,204
dmw=19885,16,0.7857142857142857,-0.06303110523525501,-1.3701137823007856,84
dmw=19885,10,0.8188976377952756,-0.05589754298472904,-1.2130533341109728,254
dmw=19886,9,0.6791044776119403,-0.1232680456465497,-2.5940076835702994,134
dmw=19886,11,0.8141592920353983,-0.061457699498150276,-1.4431703127298208,113
dmw=19887,9,0.5843621399176955,-0.22784472609700357,-3.3879823931970128,243
dmw=19887,15,0.825,-0.07878781630433251,-1.205690798669149,40
dmw=19890,16,0.6521739130434783,-0.17332115532458625,-2.5471570785062734,23
dmw=19890,9,0.6614583333333334,-0.15286344446562172,-2.2588618495954753,192
dmw=19892,9,0.664,-0.17368122535539177,-2.940500761591933,125
dmw=19892,11,0.828125,-0.07135404154260905,-1.2733249490157543,64
dmw=19896,8,0.36065573770491804,-0.2332903981040279,-1.8697255425111399,61
dmw=19896,6,0.3574660633484163,-0.2170457549860509,-1.7397587092078584,221
dmw=19896,4,0.390625,-0.1815531934257335,-1.4557970488429448,256
dmw=19897,16,0.5675675675675675,-0.16091218718097833,-2.697498500777097,37
dmw=19897,1,0.6968773800456969,-0.0748970529032128,-1.4782741847268057,1313
dmw=19898,16,0.65625,-0.17652828916883712,-3.053171760881458,128
dmw=19898,9,0.7312138728323699,-0.09075688831572182,-1.527737275216342,346
dmw=19899,16,0.5333333333333333,-0.29841189354732234,-3.275928946530186,75
dmw=19899,9,0.6582914572864321,-0.16259383507896596,-1.7448435087776997,199
dmw=19900,12,0.7,-0.17920627682306312,-2.6091840880608275,40
dmw=19900,10,0.7623762376237624,-0.11176068773079495,-1.602003065979977,101
dmw=19900,16,0.7386363636363636,-0.10933761764090044,-1.565818784063856,88
dmw=19901,9,0.740072202166065,-0.06739094569847226,-1.6751013880583696,277
dmw=19901,11,0.8277310924369747,-0.05137411167712247,-1.3262890579571989,238
dmw=19902,12,0.6923076923076923,-0.1681844226280944,-2.3091199327706335,91
dmw=19902,9,0.6470588235294118,-0.16714439714018747,-2.2933974330234945,170
dmw=19903,16,0.54,-0.302679181284803,-3.196993779548505,50
dmw=19903,12,0.7184466019417476,-0.15639208630979284,-1.5678298543013842,103
dmw=19904,16,0.7317073170731707,-0.15318180712693608,-2.7692679893843697,41
dmw=19904,12,0.7823529411764706,-0.12699535895695735,-2.265389431154594,170
dmw=19905,16,0.6233766233766234,-0.07181810046345183,-1.7152807296948562,77
dmw=19911,1,0.45933014354066987,-0.1288347489274519,-1.8371180040056885,1881
dmw=19911,0,0.5165851005981512,-0.11016961834097116,-1.6620201276315791,1839
dmw=19911,3,0.6193415637860082,-0.05683644029480617,-1.161700766194605,486
dmw=19912,16,0.5106382978723404,-0.29415383268470296,-2.810648641216534,47
dmw=19912,9,0.6071428571428571,-0.18548340491764492,-1.7009081796122247,84
dmw=19912,10,0.6896551724137931,-0.14730243599317727,-1.3110048089402755,116
dmw=19913,9,0.43529411764705883,-0.3430634984559636,-3.5214446741216476,85
dmw=19914,9,0.6820083682008368,-0.15313147662651527,-3.25913322975991,239
dmw=19915,16,0.7441860465116279,-0.09042193099591656,-2.1443535222213774,86
dmw=19915,11,0.8214285714285714,-0.06882440346475971,-1.6687949153395993,140
dmw=19915,9,0.7587548638132295,-0.06513883161157497,-1.587641856799229,257
dmw=19916,9,0.7417061611374408,-0.0936541076356614,-2.790270064037477,422
dmw=19916,10,0.8170347003154574,-0.05499636190017665,-1.6951444711041856,317
dmw=19917,11,0.65625,-0.1979754665805029,-2.9198283975923816,96
dmw=19918,9,0.645933014354067,-0.19742870046928684,-3.0724130056762378,209
dmw=19918,16,0.7424242424242424,-0.11067850283248948,-1.634756782880317,66
dmw=19919,9,0.5119453924914675,-0.2775330285536607,-3.169913967264571,293
dmw=19919,16,0.6666666666666666,-0.13511611309365956,-1.4813589163912242,57
dmw=19920,9,0.5411764705882353,-0.26895069359996493,-2.99450157716715,85
dmw=19920,16,0.6461538461538462,-0.17534369187071108,-1.9002277279294988,65
dmw=19921,16,0.7289719626168224,-0.08163019551927186,-2.1519782688044877,107
dmw=19921,11,0.8084291187739464,-0.06466656120261705,-1.7247091746537169,261
dmw=19925,9,0.7063197026022305,-0.13772396656748886,-3.0726375673886097,269
dmw=19955,4,0.7860262008733624,-0.09467229091450136,-1.9809352643849178,458
dmw=19955,8,0.8045977011494253,-0.08519451819149837,-1.7868064076189587,87
dmw=19956,13,0.6388888888888888,-0.17834661285538633,-2.144211647063977,72
dmw=19956,4,0.6651917404129793,-0.1344277923598748,-1.5650455231706253,678
dmw=19956,10,0.6434782608695652,-0.12609952636840527,-1.455219041525355,115
dmw=19964,0,0.20802005012531327,-0.11240403761193063,-1.1564870079728882,798
dmw=19964,1,0.17549167927382753,-0.11073962131270965,-1.1485746282649234,661
dmw=19964,8,0.2523364485981308,-0.0887625017450156,-1.0440987738838265,107
dmw=19967,13,0.03225806451612903,-0.5109307733006613,-2.145134600944424,31
dmw=19967,8,0.17647058823529413,-0.36069456457051197,-1.4636369853227509,34
dmw=19967,4,0.23125,-0.28358968858318806,-1.1138758353156355,160
dmw=19971,13,0.48091603053435117,-0.3801438810028883,-2.775395522246137,131
dmw=19971,14,0.5694444444444444,-0.31783285465580136,-2.271423846297622,72
dmw=19973,14,0.3157894736842105,-0.37593224956597937,-2.700381013719641,38
dmw=19973,10,0.36363636363636365,-0.2052417202433735,-1.4265711494520834,143
dmw=19973,4,0.46082337317397076,-0.15106684970504186,-1.022281088597457,753
dmw=19973,6,0.4648956356736243,-0.14925767053239608,-1.0087797520822481,527
dmw=20001,11,0.1518987341772152,-0.5744372299326466,-3.229523016763842,79
dmw=20001,9,0.3333333333333333,-0.27152201651781466,-1.3438088643476684,57
dmw=2001,11,0.043478260869565216,-0.13550792720029783,-1.573582405301883,23
dmw=2001,1,0.06891891891891892,-0.07706161424339432,-1.110655686919854,740
dmw=20018,2,0.500768049155146,-0.22380576163544486,-2.015474849461766,651
dmw=20018,11,0.504,-0.20256864517982198,-1.8282091334734936,125
dmw=20020,7,0.004629629629629629,-0.22072431586518285,-1.6712344104116446,216
dmw=20020,12,0.0,-0.18891381017244643,-1.5008850975193213,35
dmw=20020,1,0.023206751054852322,-0.16044710844981155,-1.3484422811239554,474
dmw=20020,0,0.06047516198704104,-0.148708935068342,-1.285582866392901,463
dmw=20031,6,0.3936651583710407,-0.32805635998201715,-2.232566394379648,221
dmw=20031,13,0.5,-0.24217192923165975,-1.6375771415923557,62
dmw=20031,4,0.49019607843137253,-0.2296054249184059,-1.5505190456584768,255
dmw=20034,13,0.16216216216216217,-0.1725271288736412,-1.2929652749666107,37
dmw=20034,4,0.15789473684210525,-0.15194635964505243,-1.1512720243644243,228
dmw=20034,14,0.24444444444444444,-0.14540476937444954,-1.106234874428269,45
dmw=20041,6,0.21535181236673773,-0.1566724980813901,-1.9266800339244536,469
dmw=20041,4,0.23694779116465864,-0.13285054556276782,-1.643844819343295,747
dmw=20041,13,0.273224043715847,-0.12346708950586266,-1.5324361593985254,183
dmw=20041,10,0.2485207100591716,-0.08084141547924717,-1.0263465913599794,169
dmw=20050,11,0.1016949152542373,-0.20489160975788684,-1.390713660371894,59
dmw=20050,9,0.024390243902439025,-0.178795592106016,-1.2317440415067211,82
dmw=20050,7,0.1341991341991342,-0.17532944310883036,-1.2106292341685603,231
dmw=20051,0,0.15779092702169625,-0.1294186581457348,-1.3067969199406961,1014
dmw=20051,1,0.1389413988657845,-0.11628859147367204,-1.247497379841517,1058
dmw=20051,10,0.17105263157894737,-0.08186700412027928,-1.09203858815975,76
dmw=20064,14,0.25,-0.13174339108531058,-1.3507821916203442,52
dmw=20064,6,0.18295739348370926,-0.12163337177425643,-1.2340466811330157,399
dmw=20064,10,0.14634146341463414,-0.12003984940165288,-1.2156470478666912,123
dmw=20064,8,0.2073170731707317,-0.11448291280255371,-1.151483784604445,164
dmw=2007,13,0.45555555555555555,-0.1905334142137372,-1.7927185468212707,180
dmw=2007,8,0.5067567567567568,-0.13376744127061524,-1.2133436133342577,148
dmw=2007,14,0.575,-0.12367518174748904,-1.1103382055734559,40
dmw=2007,6,0.503448275862069,-0.11845175263846774,-1.0570259176708838,435
dmw=20077,6,0.09271523178807947,-0.1083410246187558,-1.1343491826914436,302
dmw=20077,8,0.11538461538461539,-0.09883317359276692,-1.0344342202311272,78
dmw=20078,10,0.5428571428571428,-0.2571129027605399,-1.8413311454802859,70
dmw=20078,13,0.6382978723404256,-0.2043293559028767,-1.413037147249285,47
dmw=20078,9,0.5471698113207547,-0.20143275288224471,-1.3895336549140715,53
dmw=20078,4,0.6411764705882353,-0.18576393061082885,-1.2623943674332159,340
dmw=20082,13,0.48,-0.3364920122857479,-1.8184850703551314,50
dmw=20082,10,0.43478260869565216,-0.3339126889268295,-1.8029891524420583,23
dmw=20082,8,0.55,-0.2628303977381603,-1.3759448481580536,20
dmw=20082,6,0.5620915032679739,-0.2382592460201748,-1.2283276257050937,153
dmw=20088,11,0.7073170731707317,-0.22671053868961677,-2.6123357365921573,41
dmw=20088,9,0.6721311475409836,-0.21876189196113804,-2.512211340063847,61
dmw=20089,16,0.40476190476190477,-0.4488615668176157,-3.3104346686600277,42
dmw=20089,9,0.6444444444444445,-0.19946620913462754,-1.28886299991932,45
dmw=2009,8,0.140625,-0.22305109979924514,-1.5424172324360972,128
dmw=2009,14,0.20689655172413793,-0.2196177792741629,-1.515101021763508,58
dmw=2009,6,0.13056379821958458,-0.21480405212501918,-1.4768020094907686,337
dmw=2009,4,0.12933025404157045,-0.2138839477768164,-1.4694814683316613,433
dmw=20097,13,0.0,-0.5356508026567292,-2.2707255904485626,28
dmw=20097,4,0.1782178217821782,-0.3290403859826973,-1.2865702790622087,101
dmw=20097,6,0.1956521739130435,-0.3139902969592788,-1.2148816135647522,92
dmw=20105,13,0.08641975308641975,-0.24790328810954598,-1.9464243735764972,81
dmw=20105,15,0.17142857142857143,-0.2061575850850021,-1.6237175724134145,35
dmw=20108,13,0.5072463768115942,-0.3051731536072563,-2.2350579143725486,69
dmw=20108,6,0.5405405405405406,-0.25546900875606593,-1.8352824608127587,185
dmw=20108,10,0.581081081081081,-0.18278777448742023,-1.2506999580451381,74
dmw=20128,10,0.2,-0.264994578786795,-2.1478863897098135,70
dmw=20140,13,0.5833333333333334,-0.22764230176867817,-2.5754689436846845,132
dmw=20154,16,0.53125,-0.2587598149232616,-3.081454630498141,64
dmw=20154,12,0.7023809523809523,-0.12839288291793138,-1.3933257582442262,84
dmw=20154,11,0.7596899224806202,-0.09841868121194786,-1.005188102902575,129
dmw=20185,16,0.3684210526315789,-0.44413276099269977,-3.2772706501125284,19
dmw=20185,11,0.6842105263157895,-0.19029254133076012,-1.3155794329035901,38
dmw=20185,12,0.6976744186046512,-0.1520992863511964,-1.020419852007334,43
dmw=2019,8,0.125,-0.37996647432365205,-1.835372280589546,32
dmw=2019,6,0.12121212121212122,-0.36375421991786194,-1.7700367741015604,66
dmw=2019,4,0.2894736842105263,-0.19311022391750982,-1.0823401941715662,76
dmw=20195,10,0.7005988023952096,-0.12574095140784391,-1.916371083040851,167
dmw=20195,8,0.7593360995850622,-0.10212202004298887,-1.537112996039712,241
dmw=20195,13,0.7956204379562044,-0.06870677470882813,-1.0005518017019803,137
dmw=20202,13,0.0,-0.5306545919435326,-2.516402396189243,18
dmw=20202,7,0.12359550561797752,-0.40143716086973624,-1.8537401466790524,89
dmw=20203,1,0.10411622276029056,-0.180673188729114,-1.613444295404547,826
dmw=20203,0,0.19518377693282637,-0.12370312917938045,-1.2872854370859348,789
dmw=20203,7,0.22545454545454546,-0.11443750269587155,-1.2342388687770187,275
dmw=20215,13,0.27692307692307694,-0.36134122891192355,-2.0850549181102918,260
dmw=20215,4,0.3086816720257235,-0.30291480587664865,-1.7211565918065053,1244
dmw=20215,6,0.3463203463203463,-0.26753984684264526,-1.5008301073703993,693
dmw=20215,8,0.43360433604336046,-0.1990421195313089,-1.07420449811208,369
dmw=20216,10,0.28125,-0.3073565130990187,-2.2168095183159675,32
dmw=20216,16,0.36,-0.17468510249256053,-1.3488687324902182,25
dmw=20216,14,0.5714285714285714,-0.13727860333584752,-1.104154169460711,14
dmw=20217,6,0.203125,-0.11196995411538091,-1.3327087067562737,256
dmw=20217,0,0.20193470374848851,-0.1102748387894005,-1.321561121459435,827
dmw=20217,1,0.1697459584295612,-0.10878809947614049,-1.3117838791357341,866
dmw=20217,4,0.23969072164948454,-0.07334908880581578,-1.0787263471624868,388
dmw=20223,12,0.8153846153846154,-0.11380514195555591,-2.51404886392656,65
dmw=20223,2,0.8666666666666667,-0.0797448772109215,-1.7569353395331448,270
dmw=20224,12,0.6095890410958904,-0.2860529074933563,-3.1126799980207815,146
dmw=20224,16,0.7101449275362319,-0.15787640437049566,-1.6236054440993517,69
dmw=20224,9,0.7342657342657343,-0.12484046248779124,-1.2398145056368666,143
dmw=20225,12,0.717391304347826,-0.16882398272440402,-2.6158668933368827,92
dmw=20225,9,0.7178683385579937,-0.1290749083302941,-1.933864433703383,319
dmw=20226,16,0.7164179104477612,-0.143059327534505,-2.4828879185884727,67
dmw=20226,12,0.7557251908396947,-0.13293141328415348,-2.290496420777703,131
dmw=20226,9,0.7785234899328859,-0.07156114042368689,-1.1246967877218665,298
dmw=20227,12,0.6530612244897959,-0.22082121666525178,-2.9060236672846047,294
dmw=20227,9,0.7279693486590039,-0.10319538856897448,-1.2178078650729542,261
dmw=20227,16,0.75,-0.09152174112053635,-1.0502627228974606,140
dmw=20228,9,0.6855670103092784,-0.18090499277670846,-3.130109625607512,194
dmw=20228,16,0.7741935483870968,-0.10079533433921906,-1.6919443712938596,31
dmw=20229,12,0.509090909090909,-0.3662867727101945,-3.6249949535514676,55
dmw=20231,14,0.46153846153846156,-0.3519086228588836,-1.9826554598299702,39
dmw=20231,4,0.5058479532163743,-0.2480757880241211,-1.3913366782869252,342
dmw=20231,6,0.5548780487804879,-0.20081125113736054,-1.1221693343869719,328
dmw=20232,16,0.043478260869565216,-0.2631736852282791,-2.198737135071873,23
dmw=20232,6,0.2,-0.1991410483951594,-1.715600334160578,215
dmw=20232,4,0.26229508196721313,-0.1345602779771951,-1.2283277749898813,305
dmw=20234,8,0.04054054054054054,-0.3821354528917694,-1.8313157266051816,74
dmw=20234,6,0.022304832713754646,-0.38097512675702233,-1.8253596478289595,269
dmw=20234,4,0.07194244604316546,-0.32904394078134436,-1.5587912879934835,278
dmw=20234,13,0.18518518518518517,-0.24341954190407328,-1.1192720445604005,81
dmw=20240,9,0.6153846153846154,-0.16889200735886678,-2.1247959714885014,65
dmw=20240,12,0.7073170731707317,-0.1292072927841873,-1.4691215013327958,41
dmw=20240,15,0.7631578947368421,-0.12443533770900073,-1.390278824774247,38
dmw=20242,16,0.6078431372549019,-0.24335378399299434,-2.499642663600193,51
dmw=20242,9,0.6067415730337079,-0.234611441025402,-2.403769566981014,178
dmw=20242,10,0.7590361445783133,-0.11784959630049041,-1.1232982262612452,83
dmw=20244,7,0.09649122807017543,-0.19938953900179976,-1.5318855475151676,114
dmw=20244,1,0.1016949152542373,-0.14356723086517265,-1.246898097095048,236
dmw=20244,3,0.1956521739130435,-0.12644192485645053,-1.1594689409027805,46
dmw=20244,0,0.17747440273037543,-0.09898199934915833,-1.0192788552492842,293
dmw=20250,13,0.22950819672131148,-0.559665014475113,-3.2520116978498312,61
dmw=20257,6,0.3473282442748092,-0.37417607624881005,-2.436792865356542,524
dmw=20257,4,0.4779706275033378,-0.24161276169190588,-1.5161069344859064,749
dmw=20257,8,0.5100671140939598,-0.2272276504445102,-1.4161986786931553,149
dmw=20273,4,0.3888888888888889,-0.3218006803261127,-1.9020523536113663,126
dmw=20273,10,0.4,-0.2727712754477233,-1.5986550854655428,15
dmw=20273,6,0.5102040816326531,-0.202443014665036,-1.1634590587579206,98
dmw=20290,7,0.13380281690140844,-0.28769709570146546,-1.8620364036376087,568
dmw=20290,0,0.17553191489361702,-0.22296410225186636,-1.5901546277176857,2068
dmw=20290,1,0.14193548387096774,-0.2184547476213111,-1.5712151151156202,2015
dmw=20290,3,0.2833607907742998,-0.16834208344700508,-1.3607394456658952,607
dmw=20297,6,0.2620320855614973,-0.37078267840898155,-2.2131848793372,374
dmw=20297,4,0.35130434782608694,-0.27929095172252055,-1.6545617615029307,575
dmw=20297,8,0.44761904761904764,-0.2035837895860792,-1.192314818673052,105
dmw=20299,13,0.38235294117647056,-0.3776344637155058,-2.5405794881663804,68
dmw=20299,10,0.4444444444444444,-0.2583854739939312,-1.680945851343409,90
dmw=20299,4,0.5422138836772983,-0.1964044608327371,-1.2341415313895765,533
dmw=20300,14,0.2727272727272727,-0.4966858526120851,-2.641237261583869,11
dmw=20300,4,0.441340782122905,-0.25966337624673924,-1.4126804840372988,179
dmw=20301,4,0.30068337129840544,-0.2806832602086737,-2.033218456714706,439
dmw=20301,10,0.32786885245901637,-0.2096595955502661,-1.4735486527987198,61
dmw=20301,6,0.386046511627907,-0.19764009183590864,-1.3788344005936897,215
dmw=20302,8,0.4153846153846154,-0.3006643191620553,-1.6654463526795902,65
dmw=20302,4,0.4294478527607362,-0.2680450243212173,-1.435723038535492,163
dmw=20303,9,0.4897959183673469,-0.3584623960327503,-3.3397472235022154,147
dmw=20303,12,0.6982758620689655,-0.18896199114341972,-1.6564029521568846,116
dmw=20305,13,0.28,-0.3304272979963263,-2.3845028753748707,125
dmw=20305,7,0.312210200927357,-0.29283953075545704,-2.1016601541018924,647
dmw=20309,13,0.3333333333333333,-0.39604680205642867,-2.3573364759721565,45
dmw=20309,6,0.3933333333333333,-0.3149805341961994,-1.8728627483057416,150
dmw=20309,8,0.52,-0.20456669326622767,-1.2130000641923016,75
dmw=20309,4,0.5153061224489796,-0.19103286282741694,-1.1321182688985951,196
dmw=20310,15,0.7307692307692307,-0.14791487360255784,-2.002743413780368,26
dmw=20310,13,0.7368421052631579,-0.12022454517372971,-1.5789393018276308,76
dmw=20310,14,0.7647058823529411,-0.11923009929627093,-1.563719177116408,17
dmw=20313,0,0.2391304347826087,-0.164718490886535,-1.7495885025171531,874
dmw=20313,1,0.22453450164293537,-0.14100784024611995,-1.6083792121383582,913
dmw=20314,13,0.19558359621451105,-0.10012477870073949,-1.4047347298477149,317
dmw=20314,14,0.2621359223300971,-0.08566642922448908,-1.2439938327033722,103
dmw=20328,13,0.1511627906976744,-0.46812816075495106,-1.9839242401292694,86
dmw=20328,14,0.23076923076923078,-0.44307969161491384,-1.8733786215857717,13
dmw=20328,4,0.25696594427244585,-0.3351522977941886,-1.3970660596883457,323
dmw=2033,14,0.3684210526315789,-0.487575490251772,-3.0089359489973084,19
dmw=2033,12,0.5294117647058824,-0.2561565445090196,-1.405087243902715,119
dmw=2033,15,0.6470588235294118,-0.20263656128344276,-1.0341670691628124,34
dmw=20333,13,0.39361702127659576,-0.377587282897701,-2.812810627051117,188
dmw=20333,4,0.5600505689001264,-0.19045549799592132,-1.3365986498854967,791
dmw=20347,4,0.28061224489795916,-0.1804187566161496,-1.5786062311545903,392
dmw=20347,6,0.30422535211267604,-0.15917697485468374,-1.4202353139755384,355
dmw=20357,7,0.27720739219712526,-0.1769597782589401,-1.636256287079868,487
dmw=20357,10,0.26785714285714285,-0.12076927426610629,-1.1165796754030584,168
dmw=20357,15,0.3939393939393939,-0.11296037696696482,-1.0443592644619573,66
dmw=20439,7,0.05485232067510549,-0.21979927347474437,-1.6331408677953008,237
dmw=20439,1,0.09386733416770963,-0.13262921175966003,-1.1850165172401987,799
dmw=20440,7,0.29832935560859186,-0.3131727613866917,-2.800113241886876,419
dmw=20440,1,0.4718208092485549,-0.07716628811583198,-1.0037792439905195,1384
dmw=20448,8,0.5886287625418061,-0.09575846907261587,-1.5952310193939276,299
dmw=20448,2,0.6296296296296297,-0.07101860693867246,-1.150830988462038,918
dmw=20459,10,0.6344827586206897,-0.17104888015778474,-2.9126300361962274,145
dmw=20459,2,0.7852631578947369,-0.06859161787755497,-1.334679440163153,950
dmw=20494,6,0.24921135646687698,-0.22223622341478388,-1.7439419246474426,317
dmw=20494,4,0.26844262295081966,-0.20062845065466756,-1.58362598072095,488
dmw=20494,13,0.3170731707317073,-0.18041106975408,-1.433625860913059,123
dmw=20499,13,0.1643835616438356,-0.38146946310678165,-1.6470703215740141,73
dmw=20499,6,0.16182572614107885,-0.35807823234465064,-1.5428669162198994,241
dmw=20500,7,0.11016949152542373,-0.2618033597490533,-2.337695319290506,236
dmw=20572,10,0.2328767123287671,-0.12619325858884362,-1.9483819737174688,73
dmw=20572,0,0.30025125628140703,-0.09979382670904419,-1.6331479175689616,796
dmw=20572,3,0.39487179487179486,-0.05843110483662595,-1.139238099791321,195
dmw=20577,7,0.3204819277108434,-0.21417910933599527,-1.9315779481222015,415
dmw=20577,10,0.3157894736842105,-0.1516627666091544,-1.540697415027741,114
dmw=20577,1,0.3772504091653028,-0.09323772693378124,-1.1753975644885015,1222
dmw=20577,0,0.424978317432784,-0.08595752630084219,-1.1298784477213577,1153
dmw=20589,16,0.6607142857142857,-0.17241604048127435,-2.8234350015503837,56
dmw=20594,11,0.03571428571428571,-0.665147872492084,-3.151980660005763,28
dmw=20595,14,0.13392857142857142,-0.12197576301673671,-1.9549952825519614,112
dmw=20595,2,0.10835214446952596,-0.1135968894228486,-1.8047444027031572,886
dmw=20595,11,0.1306532663316583,-0.07639152590837864,-1.1375737453941155,199
dmw=20595,7,0.14037626628075253,-0.06894371084473161,-1.0040187091801287,691
dmw=20615,13,0.057692307692307696,-0.4552399497435714,-2.4074704363659083,52
dmw=20615,7,0.09865470852017937,-0.4086404421114938,-2.157027555379619,223
dmw=20622,13,0.0,-0.11237288666009204,-1.641662551805209,59
dmw=20622,8,0.02702702702702703,-0.08294952008561635,-1.2043597092623217,74
dmw=20628,6,0.13782051282051283,-0.35700043649464647,-2.244990912699744,312
dmw=20628,8,0.2601626016260163,-0.2546586484918551,-1.5188657466070279,123
dmw=20629,6,0.367112810707457,-0.300029711541619,-2.9690749628288353,523
dmw=20629,4,0.5304212168486739,-0.13459949907384794,-1.2688525169708824,641
dmw=20637,2,0.8045454545454546,-0.10011428687582036,-1.7523337275885102,220
dmw=20637,9,0.7575757575757576,-0.07600846257579752,-1.3750989571054146,66
dmw=20637,4,0.8228228228228228,-0.06653210320525305,-1.2268023376797397,333
dmw=20638,8,0.47560975609756095,-0.19640000338681518,-1.5396085806925983,82
dmw=20638,13,0.5,-0.17733265945791443,-1.387830866959335,70
dmw=20649,2,0.3302919708029197,-0.0923124277365156,-1.1729874968334355,548
dmw=20663,11,0.32558139534883723,-0.2880773252902785,-1.821991761171109,43
dmw=20663,13,0.40476190476190477,-0.21748072960846943,-1.286871379716351,84
dmw=20663,4,0.40460526315789475,-0.1905376089215382,-1.0826432171494793,304
dmw=20664,13,0.030612244897959183,-0.13909872845022708,-1.5786266080874112,98
dmw=20664,6,0.024390243902439025,-0.1311295900195074,-1.5000024345239509,369
dmw=20665,13,0.14285714285714285,-0.4284987353730229,-1.781228149073613,42
dmw=20665,6,0.19718309859154928,-0.3484679883461501,-1.4203251898368907,142
dmw=20665,8,0.2549019607843137,-0.31050448763976546,-1.2491267410292213,51
dmw=20665,4,0.2376237623762376,-0.30566124436219366,-1.2272858749107018,202
dmw=20680,4,0.20595533498759305,-0.3559801918783381,-1.7825371217238732,403
dmw=20680,13,0.24691358024691357,-0.3428121709690919,-1.7102187992369313,81
dmw=20680,6,0.2360655737704918,-0.3282169027019108,-1.6300620828553312,305
dmw=20680,14,0.42857142857142855,-0.2175279606296035,-1.022162181746975,28
dmw=2069,13,0.10679611650485436,-0.3895575506256135,-1.7614801261725226,103
dmw=2069,4,0.14137214137214138,-0.3265728010873383,-1.4297678474594608,481
dmw=2069,8,0.21008403361344538,-0.2802078820855597,-1.1855847230178789,119
dmw=2069,6,0.20679012345679013,-0.26353067397482133,-1.0977533869319391,324
dmw=20695,13,0.17699115044247787,-0.2157712895120757,-1.581599020992306,113
dmw=20695,7,0.27296587926509186,-0.11442971037023242,-1.0545849147592137,381
dmw=20709,8,0.029411764705882353,-0.2596684973580891,-1.7987677226343424,68
dmw=20709,6,0.04609929078014184,-0.22681739915397447,-1.6008176186888445,282
dmw=20709,4,0.04430379746835443,-0.22672398693412,-1.6002547468324735,316
dmw=20710,6,0.12755102040816327,-0.3552791561831796,-2.088596116405368,196
dmw=20710,8,0.14782608695652175,-0.35500213510149925,-2.0871738173677783,115
dmw=20710,4,0.22171945701357465,-0.2587289912666384,-1.592882195259116,221
dmw=2072,4,0.522883295194508,-0.10469756242670458,-1.2716839217354334,874
dmw=2072,13,0.5514705882352942,-0.10230190165939557,-1.2440868692476448,136
dmw=20731,13,0.46153846153846156,-0.3427386267697248,-2.3474065793838967,13
dmw=20731,4,0.5551330798479087,-0.23060648999872835,-1.4784613525424142,263
dmw=20739,9,0.6046511627906976,-0.30206722517804774,-3.5008878444341702,86
dmw=20739,12,0.8,-0.13188650920442258,-1.4131448643825542,40
dmw=20741,7,0.10266535044422508,-0.1999098710252067,-2.0062890675925713,1013
dmw=20741,13,0.209375,-0.09798155754745372,-1.1187191562363177,320
dmw=20742,12,0.43478260869565216,-0.48296427464427233,-3.3084114285595403,23
dmw=20742,9,0.6363636363636364,-0.25161852435771237,-1.6288375888235809,88
dmw=20751,6,0.09302325581395349,-0.41465067960265284,-1.7546987354105874,86
dmw=20751,8,0.2,-0.32765112672988167,-1.4153058796702955,20
dmw=20751,4,0.21568627450980393,-0.2896031173638819,-1.266877271389464,102
dmw=20753,8,0.24691358024691357,-0.24352194825681606,-1.7733940379183701,81
dmw=20753,6,0.2316715542521994,-0.23879240558874557,-1.7395694275719178,341
dmw=20753,7,0.28651685393258425,-0.2043419593754916,-1.4931876944518057,178
dmw=20765,3,0.42394822006472493,-0.1911338198935651,-2.2887189868240334,309
dmw=20765,7,0.48412698412698413,-0.10149577151520289,-1.3936594265419797,252
dmw=20774,8,0.4067796610169492,-0.21889599660030912,-2.1712157454674545,177
dmw=20774,4,0.459958932238193,-0.1445170340414264,-1.5352604624744277,487
dmw=20774,6,0.5092592592592593,-0.0974952385890675,-1.1332145316768374,432
dmw=20775,8,0.2,-0.2739056614047436,-1.653071117551074,20
dmw=20775,0,0.23095238095238096,-0.21973468223132048,-1.427060568374454,420
dmw=20775,3,0.3464566929133858,-0.1585551024059319,-1.1718089438752104,127
dmw=20776,3,0.07920792079207921,-0.18169968009138415,-1.4361634359669837,101
dmw=20776,6,0.06382978723404255,-0.15959892143999066,-1.3207085606825406,94
dmw=20776,0,0.0670391061452514,-0.1540726116654958,-1.2918389903722347,358
dmw=20791,9,0.6643356643356644,-0.190181800558905,-2.6738288874206324,143
dmw=20791,12,0.7176470588235294,-0.1744466229512207,-2.4336968009179705,85
dmw=20801,12,0.6907216494845361,-0.1802990492217449,-2.7199255293165217,97
dmw=20801,11,0.7647058823529411,-0.1279882811936035,-1.9210385203392222,170
dmw=20846,14,0.20212765957446807,-0.29169010630793,-1.852817177750656,188
dmw=20846,13,0.15876777251184834,-0.2756532794044092,-1.7454672935501212,422
dmw=20846,8,0.22844827586206898,-0.20002391816332107,-1.23920734448197,464
dmw=20846,4,0.22373051784816492,-0.18296416295428083,-1.1250100187143728,1989
dmw=20847,14,0.0,-0.20237542140127024,-1.5320068247797287,13
dmw=20847,13,0.006535947712418301,-0.15996674265911875,-1.2400485370492744,153
dmw=20847,8,0.013215859030837005,-0.14994836608809176,-1.1710780301561008,227
dmw=20847,4,0.01812688821752266,-0.13317457546313666,-1.055600553968108,662
dmw=20847,6,0.024029574861367836,-0.12850096678538417,-1.0234255646133328,541
dmw=20861,12,0.7666666666666667,-0.1357172467947665,-2.199704790575371,150
dmw=20861,11,0.8041958041958042,-0.11507978559474463,-1.8345634322361164,143
dmw=20861,9,0.7620817843866171,-0.1057784999276894,-1.669994542203926,269
dmw=20870,13,0.2222222222222222,-0.3316152053656003,-1.885917694922696,54
dmw=20870,4,0.23300970873786409,-0.29256222334689874,-1.6558282646685223,206
dmw=20870,8,0.3625,-0.18533727316562215,-1.0240883456931273,80
dmw=20874,13,0.018867924528301886,-0.1595854907866526,-2.008555386177406,106
dmw=20874,7,0.06086956521739131,-0.11430064042371219,-1.368668826575214,230
dmw=20880,12,0.2803738317757009,-0.17529395523812835,-1.5380623415345882,107
dmw=20880,13,0.34831460674157305,-0.16845700809418768,-1.4732641488689402,89
dmw=20880,8,0.3567251461988304,-0.15398821609474483,-1.3361340011757556,171
dmw=20883,14,0.0,-0.15270659531925967,-1.7265086081000964,16
dmw=20883,13,0.0,-0.12426641993193016,-1.362464765713124,45
dmw=20883,8,0.0,-0.12165121239116362,-1.3289892266626797,49
dmw=20937,12,0.5625,-0.3146646326784325,-3.341234850801406,48
dmw=20942,12,0.25,-0.1768192810599138,-1.489320368088966,44
dmw=20942,13,0.323943661971831,-0.1635756843145602,-1.4101906995756994,71
dmw=20942,0,0.30441640378548895,-0.15377956228455575,-1.3516594784992406,634
dmw=20942,7,0.37320574162679426,-0.1086794695436119,-1.0821892237694946,209
dmw=20949,10,0.06810035842293907,-0.06098263842400045,-1.1463360345458948,279
dmw=20949,4,0.09799196787148594,-0.05245475085633426,-1.014808488750225,1245
dmw=20950,14,0.11764705882352941,-0.22205175963527443,-1.3748244638935025,34
dmw=20950,13,0.08791208791208792,-0.2003700066872935,-1.223160652621802,91
dmw=20950,15,0.14285714285714285,-0.18567051716123834,-1.1203377576917324,14
dmw=20970,14,0.2903225806451613,-0.2648119595145378,-1.902849903127326,31
dmw=20970,6,0.3175355450236967,-0.15201771811231507,-1.151713777984977,211
dmw=20970,13,0.3617021276595745,-0.13388127045022447,-1.0309368584242478,47
dmw=20971,14,0.21212121212121213,-0.2726459921791574,-2.1113380294410846,33
dmw=20971,6,0.24077328646748683,-0.15950002088349105,-1.1769578865802242,569
dmw=20998,7,0.39156626506024095,-0.1375938961743337,-1.7722074838599786,332
dmw=20998,1,0.35947712418300654,-0.10551063440905867,-1.480880661958792,918
dmw=20998,0,0.42592592592592593,-0.07948802033598634,-1.2445865622212597,972
dmw=21031,9,0.6538461538461539,-0.15097179325562804,-2.424926851537125,52
dmw=21031,16,0.6842105263157895,-0.13222369138966295,-2.134188348873311,19
dmw=21048,4,0.4899845916795069,-0.19019092296521134,-2.1226979057115454,649
dmw=21048,6,0.5439024390243903,-0.13834475543989921,-1.5119381237556997,410
dmw=21048,8,0.562992125984252,-0.13634380550423442,-1.488366473144986,254
dmw=21048,13,0.5958549222797928,-0.10855550236864075,-1.1610138688134868,193
dmw=21070,13,0.2345679012345679,-0.22761727827895273,-1.7819613537952463,81
dmw=21070,4,0.24465558194774348,-0.18939112400989175,-1.4542900176383198,421
dmw=21097,6,0.43434343434343436,-0.2815325470272583,-1.715416205565421,99
dmw=21097,13,0.5,-0.23659919368729876,-1.4104014057269105,16
dmw=21097,4,0.5359116022099447,-0.17802001855068084,-1.0127565817624622,181
dmw=2111,13,0.20192307692307693,-0.3812977949155137,-1.5991127840035497,104
dmw=2111,4,0.19444444444444445,-0.36087783062371537,-1.5015105101768909,468
dmw=2111,6,0.20253164556962025,-0.35514512082001315,-1.4741096046692133,237
dmw=21113,4,0.24166666666666667,-0.12514361940275806,-1.9215507657135489,120
dmw=21113,13,0.2777777777777778,-0.11584372966308626,-1.7736659366814016,18
dmw=21114,6,0.18468468468468469,-0.5554409401309248,-2.5659237470884544,222
dmw=21114,8,0.21212121212121213,-0.5430972463113268,-2.5041683593344577,99
dmw=2112,13,0.1388888888888889,-0.4709015182368443,-1.6915127934831435,36
dmw=2112,8,0.19801980198019803,-0.40598490423001204,-1.4152402776063866,101
dmw=2112,6,0.17940199335548174,-0.40531320767088636,-1.412381667354843,301
dmw=2112,4,0.23809523809523808,-0.34430162197644504,-1.152728194429412,315
dmw=2112,14,0.32432432432432434,-0.340648997650736,-1.137183333880923,37
dmw=21127,11,0.05405405405405406,-0.1995562380016171,-1.8200981690544247,37
dmw=21127,8,0.1111111111111111,-0.14479806527886668,-1.3609517400647824,72
dmw=2113,13,0.06896551724137931,-0.2999324198565487,-1.671348279631571,87
dmw=2113,4,0.09163346613545817,-0.2511852045916051,-1.3604464404179752,502
dmw=2113,6,0.11551155115511551,-0.22945958977890007,-1.2218839898942913,303
dmw=2113,14,0.2222222222222222,-0.2038628577872867,-1.0586321813387138,18
dmw=21164,13,0.05,-0.15295063942051973,-1.4573588863272833,120
dmw=21164,8,0.07784431137724551,-0.12121159230635856,-1.1927813210937717,167
dmw=21164,4,0.08029197080291971,-0.10486907054048435,-1.0565496124656488,685
dmw=21168,12,0.8301886792452831,-0.10623674785028414,-2.657053810026046,159
dmw=21168,9,0.8561151079136691,-0.05666236366912614,-1.3689406105038089,139
dmw=21168,16,0.8666666666666667,-0.051951565077225204,-1.2465378424866789,30
dmw=21195,6,0.26180257510729615,-0.19840612628227872,-1.8782904141888246,233
dmw=21195,8,0.3013698630136986,-0.1787697971286062,-1.7376295351581033,73
dmw=21195,1,0.3292867981790592,-0.08777636660247773,-1.0858164684866123,659
dmw=21196,1,0.09569377990430622,-0.20929126327191439,-1.6059426292889225,418
dmw=21196,0,0.17752808988764046,-0.16282178476925246,-1.3944759394104695,445
dmw=21196,10,0.14705882352941177,-0.15534835465870125,-1.3604669171782597,34
dmw=21208,4,0.05322128851540616,-0.14900798954881606,-1.3465974342527716,357
dmw=21208,6,0.060790273556231005,-0.1429824572144351,-1.278728038968641,329
dmw=21208,14,0.125,-0.14012423336541813,-1.2465340495492168,32
dmw=21208,8,0.08264462809917356,-0.13441914774232508,-1.1822740489723067,121
dmw=21208,10,0.04807692307692308,-0.12695034139800002,-1.098148142421065,104
dmw=2124,13,0.031746031746031744,-0.07660263459565285,-1.1060115882290993,189
dmw=2124,10,0.011363636363636364,-0.07184559899298945,-1.0564471101095472,176
dmw=2124,7,0.03731343283582089,-0.06887510840928954,-1.025496991624477,536
dmw=2124,6,0.03146853146853147,-0.067210255619088,-1.0081505669632826,572
dmw=21257,11,0.3235294117647059,-0.486346801027221,-3.018222829244398,34
dmw=21257,9,0.44155844155844154,-0.2691509811896636,-1.496689865505155,154
dmw=21257,13,0.5966386554621849,-0.21877319866610256,-1.1437758139961844,119
dmw=21270,14,0.36,-0.3815147410741252,-2.5368435370661704,25
dmw=21270,8,0.47692307692307695,-0.21101544857800575,-1.3714621217122396,195
dmw=21270,13,0.5263157894736842,-0.1668051793464741,-1.0692800693650526,95
dmw=21286,6,0.23488372093023255,-0.36054114529317915,-2.328519153233298,430
dmw=21286,4,0.3746397694524496,-0.21848493992475082,-1.32747657168155,694
dmw=21286,13,0.4189189189189189,-0.20135444917026873,-1.2067613192669147,148
dmw=21287,6,0.27419354838709675,-0.47595904716086446,-1.8798453370618728,248
dmw=21287,8,0.30851063829787234,-0.45633747087153836,-1.7978108454470099,94
dmw=21287,4,0.2927536231884058,-0.4556067253739021,-1.7947557221218238,345
dmw=21287,13,0.4777777777777778,-0.29140407156280795,-1.1082522002548187,90
dmw=21288,13,0.12307692307692308,-0.30689973834177187,-1.939909930682851,65
dmw=21288,8,0.12790697674418605,-0.29613605708022955,-1.8791090500883398,86
dmw=21288,6,0.14772727272727273,-0.256900962126127,-1.6574814985607824,176
dmw=21289,7,0.2596491228070175,-0.43865536633160257,-3.316373896502529,285
dmw=21354,7,0.2014388489208633,-0.23910621627551357,-1.7999811239227503,556
dmw=21354,3,0.271264367816092,-0.19973725088110916,-1.5840876355472142,435
dmw=21354,0,0.29694570135746606,-0.12030574670963151,-1.1484972066218544,1768
dmw=21385,6,0.03289473684210526,-0.45145876699759874,-1.6722900633677904,304
dmw=21385,8,0.05555555555555555,-0.4487975573655628,-1.6612618801270582,72
dmw=21385,4,0.07183908045977011,-0.4101321836428829,-1.501030674981874,348
dmw=21385,13,0.11627906976744186,-0.39413555360549846,-1.4347398555128692,43
dmw=21386,13,0.07857142857142857,-0.39079462435826773,-1.6817118010414536,140
dmw=21386,6,0.09363295880149813,-0.3498692540441562,-1.469201058293085,534
dmw=21386,14,0.18032786885245902,-0.34874330821679,-1.4633544261861176,61
dmw=21386,4,0.09985528219971057,-0.34129371899502775,-1.4246713861418576,691
dmw=21386,8,0.15315315315315314,-0.31017753105228224,-1.2630962028152792,222
dmw=21394,13,0.15384615384615385,-0.1885901304889303,-1.728226929266746,195
dmw=21394,6,0.20134228187919462,-0.11801500913475832,-1.1000701409133178,596
dmw=21394,7,0.22627737226277372,-0.11109767151945454,-1.0385020911953455,548
dmw=21397,8,0.0,-0.06664786347068123,-1.087812726505546,68
dmw=21405,7,0.5405405405405406,-0.15942752315986375,-1.6564502759014272,111
dmw=21405,9,0.4528301886792453,-0.11744389143675271,-1.3251651740735362,53
dmw=21405,3,0.6129032258064516,-0.11221072691903589,-1.2838712371514576,93
dmw=21405,1,0.567032967032967,-0.0763537651652888,-1.000930559123124,455
dmw=21406,13,0.18487394957983194,-0.2922287143696095,-1.6306380322605922,119
dmw=21406,8,0.18604651162790697,-0.28500961412945086,-1.5880714826394344,258
dmw=21406,4,0.19607843137254902,-0.2527354649449399,-1.3977708735550889,714
dmw=21406,6,0.2263056092843327,-0.22486937648208832,-1.2334618602651615,517
dmw=21407,7,0.08983451536643026,-0.10896242181672598,-1.5145498398355894,423
dmw=21407,0,0.1027351567711808,-0.08134466306659387,-1.250601487806884,1499
dmw=21407,1,0.09610802223987291,-0.06488172514482288,-1.0932619522813394,1259
dmw=21407,3,0.16025641025641027,-0.05882899706198563,-1.0354148395884923,468
dmw=21409,0,0.08739495798319327,-0.1595559550714691,-1.7689050526100254,595
dmw=21409,7,0.11961722488038277,-0.1454444004924541,-1.6726073290732641,209
dmw=21409,1,0.08623548922056384,-0.13184697586330588,-1.5798180456234552,603
dmw=21416,13,0.20689655172413793,-0.3593386775399454,-1.452608829834852,29
dmw=21416,4,0.2,-0.33810011609391816,-1.3578643905420151,80
dmw=21416,14,0.3,-0.3237774210436433,-1.293971376170535,10
dmw=21416,6,0.2465753424657534,-0.2938949948595643,-1.160666975083156,73
dmw=21416,8,0.3,-0.2602694261600043,-1.0106645532883174,30
dmw=21432,0,0.3762254901960784,-0.0778084521739082,-1.3085537055946515,816
dmw=21432,1,0.33794694348327564,-0.07632814434102458,-1.2943540762353176,867
dmw=21455,13,0.022727272727272728,-0.37227030784035614,-1.5899081868894736,44
dmw=21455,14,0.09090909090909091,-0.36241536838501087,-1.5488478280100995,44
dmw=21455,4,0.11231884057971014,-0.25583069469356756,-1.1047654495599817,276
dmw=21455,6,0.12779552715654952,-0.24257588985649986,-1.049539636560099,313
dmw=2147,8,0.05714285714285714,-0.2659953982102972,-1.7194811345888905,35
dmw=21476,4,0.5251798561151079,-0.2513677759937507,-1.8928918209693422,139
dmw=21476,13,0.5555555555555556,-0.24011806315122863,-1.8094086204321485,36
dmw=21476,6,0.5615384615384615,-0.21666016111638775,-1.6353294446193882,130
dmw=21488,14,0.022727272727272728,-0.19027160139846797,-1.7369214404730733,44
dmw=21488,8,0.0,-0.17217364364033994,-1.5601955463403714,41
dmw=21488,6,0.02262443438914027,-0.1384413774832042,-1.2308012037624203,221
dmw=21488,4,0.03202846975088968,-0.1277524547206747,-1.1264242647856983,281
dmw=21504,7,0.23056994818652848,-0.23548251630178735,-1.9740107418522608,386
dmw=21504,13,0.3855421686746988,-0.086127836937681,-1.0748512525935905,83
dmw=21519,8,0.2824427480916031,-0.2525050064511303,-1.758988092812246,131
dmw=21519,6,0.3058510638297872,-0.20914444141878952,-1.4792316571665807,376
dmw=21519,4,0.3283582089552239,-0.18425416976696457,-1.3186430284350745,402
dmw=21519,7,0.35507246376811596,-0.1802966300915061,-1.2931095236777725,276
dmw=21535,8,0.5,-0.28809005405564736,-2.055685595136084,62
dmw=21535,13,0.5185185185185185,-0.2735933611386193,-1.946344935166449,81
dmw=21535,4,0.5764075067024129,-0.19634021095101906,-1.3636664943253887,373
dmw=21536,6,0.32425742574257427,-0.3751656811707152,-2.611399451966089,404
dmw=21536,14,0.6052631578947368,-0.16110724591452863,-1.151555558154293,38
dmw=21550,10,0.28776978417266186,-0.2196038507597271,-2.0305543298911366,139
dmw=21550,14,0.5,-0.1365456239502506,-1.3164737039792518,38
dmw=21552,13,0.4066390041493776,-0.2797566975656387,-1.7413551914785486,241
dmw=21552,14,0.4825174825174825,-0.2529277450380769,-1.567292873419437,143
dmw=21552,4,0.4363256784968685,-0.2250681000787637,-1.3865435736866158,958
dmw=21552,8,0.48623853211009177,-0.19491339864927243,-1.190904283415947,218
dmw=21554,4,0.4588859416445623,-0.2288811309996076,-1.8016140358573738,377
dmw=21554,10,0.47619047619047616,-0.17214060212115279,-1.3732087361422662,63
dmw=21555,4,0.4307445956765412,-0.2325887697664072,-1.952024548131461,1249
dmw=21555,13,0.4624624624624625,-0.22579711401648261,-1.896215167511619,333
dmw=21555,6,0.4994652406417112,-0.16599524247475644,-1.4048025380231235,935
dmw=21565,13,0.43902439024390244,-0.24331915588387382,-1.5459656122561658,41
dmw=21565,6,0.432,-0.22732594631296904,-1.4337006156739487,125
dmw=21565,10,0.3888888888888889,-0.2271485352202985,-1.4324552711654555,54
dmw=21565,11,0.4782608695652174,-0.19614985574768506,-1.2148587574939778,23
dmw=21567,10,0.3698630136986301,-0.14576950864044952,-1.9910061228705203,73
dmw=21567,7,0.5164473684210527,-0.0657481488168028,-1.0895114309716432,304
dmw=21568,7,0.4891566265060241,-0.10923079820285175,-1.629984755126595,415
dmw=21568,0,0.46966115051221435,-0.10566948778252605,-1.595312196391298,1269
dmw=21568,3,0.5398457583547558,-0.08767067147955221,-1.420077537859732,389
dmw=21568,1,0.46016260162601624,-0.07520295040964758,-1.2986930641490595,1230
dmw=21574,5,0.6721311475409836,-0.09866161943209484,-1.2939012493383726,427
dmw=21574,6,0.6432160804020101,-0.08553168840740955,-1.1133378955887931,597
dmw=21574,4,0.6434108527131783,-0.08344703242274354,-1.0846696203863002,645
dmw=21587,13,0.2857142857142857,-0.11235776468373576,-1.2907564082500087,42
dmw=21587,6,0.266304347826087,-0.10706815354367188,-1.2550914180686858,184
dmw=21587,10,0.25,-0.08063711300181253,-1.0768811911830516,60
dmw=21587,0,0.29133858267716534,-0.07890332821853446,-1.065191217074408,508
dmw=21596,12,0.7368421052631579,-0.18461106921611015,-2.6211807004930363,95
dmw=21596,16,0.7368421052631579,-0.16305844453803597,-2.2792876857954782,38
dmw=21603,0,0.10977337110481586,-0.27763586333195966,-1.6072421034643423,1412
dmw=21603,1,0.10810810810810811,-0.2416390669920605,-1.4739639807984521,1258
dmw=21603,12,0.1506849315068493,-0.20699493130619878,-1.3456940836110691,73
dmw=21603,3,0.24437299035369775,-0.19584618011703608,-1.3044158372212995,311
dmw=21603,7,0.2598752598752599,-0.15033433147378517,-1.1359082375740692,481
dmw=21603,10,0.2196969696969697,-0.12728287877407798,-1.050560244060179,132
dmw=21636,6,0.3699186991869919,-0.2840056450197464,-1.745664517628693,246
dmw=21636,8,0.40625,-0.2655535437368537,-1.6116446345775228,128
dmw=21636,4,0.3937947494033413,-0.2579675110767224,-1.5565463455346515,419
dmw=21654,0,0.2388178913738019,-0.09571218575740872,-1.6332787515476153,1252
dmw=21654,10,0.22115384615384615,-0.07579027431192409,-1.4091925427346348,104
dmw=21654,1,0.24309815950920247,-0.056397249846875414,-1.1910553754411266,1304
dmw=21654,3,0.3333333333333333,-0.051324631626185946,-1.1339974074373793,327
dmw=21655,8,0.11290322580645161,-0.2862326913927825,-1.9487166783904664,124
dmw=21655,6,0.12052117263843648,-0.25958771691841814,-1.7612471762371888,307
dmw=21655,4,0.18018018018018017,-0.1976834693747831,-1.325699434228877,444
dmw=21684,11,0.18072289156626506,-0.20153101102639695,-1.7232261093442554,83
dmw=21684,13,0.216,-0.1748758083010762,-1.4930865682540335,125
dmw=21684,8,0.22413793103448276,-0.16097928281672552,-1.3731047384149,116
dmw=21694,11,0.7333333333333333,-0.14108213557590776,-2.270017073797819,135
dmw=21696,13,0.411214953271028,-0.2759118011745902,-2.234780456055301,107
dmw=21696,4,0.4452887537993921,-0.2168656733560032,-1.7437729609202437,658
dmw=21696,6,0.49318181818181817,-0.17110340555743675,-1.3632295228728013,440
dmw=21700,14,0.7027027027027027,-0.16448969274353353,-1.8001831183821717,37
dmw=21700,4,0.6768867924528302,-0.14415815074273552,-1.5230258014888882,424
dmw=21700,13,0.7023809523809523,-0.13477997575224276,-1.395183564160374,84
dmw=21700,12,0.6701030927835051,-0.1308634946100583,-1.341794529281053,97
dmw=21703,1,0.3024425287356322,-0.13739039525875257,-2.038837805570008,1392
dmw=21703,3,0.463768115942029,-0.0706866780246736,-1.3873695102381145,414
dmw=21703,0,0.41526610644257705,-0.06476827221205461,-1.329566828383086,1428
dmw=21706,4,0.11483253588516747,-0.16227329694875398,-1.4807458195039902,418
dmw=21706,6,0.13815789473684212,-0.14086299022400986,-1.2893147392868003,304
dmw=21738,13,0.02,-0.3488319583333805,-1.601191921741308,150
dmw=21738,6,0.034482758620689655,-0.3104243441883553,-1.4084774865645575,464
dmw=21738,8,0.0648854961832061,-0.2983189827800036,-1.3477375021017866,262
dmw=21738,14,0.1625,-0.2635157774565332,-1.1731085852696321,80
dmw=21738,4,0.09764309764309764,-0.24511172544735083,-1.0807642268171425,891
dmw=2174,14,0.0,-0.0866307625273972,-1.965462522123694,111
dmw=21742,7,0.1875,-0.17507280891697075,-2.0668784544477785,160
dmw=21742,13,0.22727272727272727,-0.14052951182303428,-1.7010229700831465,44
dmw=21796,3,0.4309133489461358,-0.24287787270561073,-2.03350962148432,427
dmw=21796,0,0.41221964423820573,-0.21198646414183647,-1.838186147787192,1293
dmw=21796,12,0.4215686274509804,-0.1723543590591135,-1.5875960713034392,102
dmw=21806,15,0.0,-0.3033457540966883,-1.8791347211524239,22
dmw=21806,8,0.0,-0.26027149305455577,-1.5264781153317295,82
dmw=21806,14,0.07692307692307693,-0.23713805598881188,-1.337080567952052,52
dmw=21818,13,0.3108108108108108,-0.31195639319707763,-2.51431823363961,148
dmw=21818,4,0.39564660691421255,-0.2000340143200146,-1.5198779142403633,781
dmw=21819,8,0.1276595744680851,-0.3244077814265701,-1.9785825006949143,94
dmw=21819,4,0.12804878048780488,-0.30194407689939107,-1.8403397848840524,328
dmw=21819,6,0.16666666666666666,-0.2656659298941363,-1.6170823270358075,222
dmw=2182,8,0.072992700729927,-0.2671598958789203,-1.2910807723333073,137
dmw=2182,6,0.07604562737642585,-0.24638289179334993,-1.2118235059467288,263
dmw=2182,13,0.1,-0.2456167599527466,-1.2089009712478929,100
dmw=2182,7,0.09866666666666667,-0.24186618892056083,-1.1945938071266622,375
dmw=2182,4,0.09473684210526316,-0.22561107383136236,-1.1325860228733087,475
dmw=21822,6,0.1872146118721461,-0.2420073984174576,-1.7691142197968743,219
dmw=21822,8,0.23,-0.21892706935233933,-1.5811794283041098,100
dmw=21822,4,0.2299168975069252,-0.19696954846673806,-1.4023872586738217,361
dmw=2183,8,0.0223463687150838,-0.16248981346559635,-1.223262911647894,179
dmw=2183,14,0.06666666666666667,-0.16117088510105748,-1.2129586931167917,30
dmw=2183,6,0.014423076923076924,-0.15865914964667194,-1.1933355871846096,416
dmw=2183,13,0.03676470588235294,-0.15175347388443777,-1.139384520491253,136
dmw=21843,6,0.10795454545454546,-0.16815685996856977,-1.453906434134606,352
dmw=21843,8,0.18604651162790697,-0.10634158611324401,-1.0468881386096882,129
dmw=21876,0,0.3511111111111111,-0.11384516542459405,-1.5641967262634036,1350
dmw=21876,1,0.3198887343532684,-0.10509674857757811,-1.496665848454746,1438
dmw=21876,7,0.38375350140056025,-0.10492629047298757,-1.4953500463348999,357
dmw=2190,6,0.11146496815286625,-0.35594712249558347,-1.919522783479718,314
dmw=2190,8,0.19658119658119658,-0.2907921473653843,-1.5279148805780134,117
dmw=2190,13,0.275,-0.21843394327766502,-1.0930126416637727,80
dmw=2190,4,0.2514450867052023,-0.21359294214332447,-1.0639162557258524,346
dmw=21926,14,0.42857142857142855,-0.27756755340000955,-1.8161400756268806,14
dmw=21926,6,0.40625,-0.2240091516088083,-1.4303193208369414,192
dmw=21926,4,0.42124542124542125,-0.20678789844076545,-1.306261905501324,273
dmw=21931,7,0.37549407114624506,-0.2579992751674302,-2.62709430197381,506
dmw=21931,13,0.5,-0.1387148827606135,-1.4874613847911622,122
dmw=21933,10,0.037037037037037035,-0.18163834681720217,-1.5199775617121585,81
dmw=21933,8,0.14666666666666667,-0.12112538660773703,-1.168158293217561,75
dmw=21933,1,0.1138353765323993,-0.1069299870203491,-1.0856269630440596,571
dmw=21959,8,0.3238095238095238,-0.209414942236767,-1.3985311036530157,105
dmw=21959,4,0.31274900398406374,-0.19813299559793057,-1.3199534241226978,502
dmw=2196,12,0.803030303030303,-0.12583282335560797,-2.526406653395473,66
dmw=2196,16,0.8095238095238095,-0.0996194442017736,-1.9720455981482674,42
dmw=2196,9,0.8348623853211009,-0.06783212170900932,-1.2998066801072703,109
dmw=21972,13,0.01639344262295082,-0.4078523555988257,-1.5819389945003932,61
dmw=21972,14,0.10810810810810811,-0.3753323580885521,-1.4288214921712925,37
dmw=21972,4,0.02830188679245283,-0.36841143925039094,-1.3962349642668277,318
dmw=21972,6,0.033816425120772944,-0.3651823124900112,-1.381030909466479,207
dmw=21987,13,0.03488372093023256,-0.2547897232447876,-1.812605035475668,86
dmw=21987,6,0.01935483870967742,-0.24934255630274327,-1.772085610922935,310
dmw=21987,8,0.07291666666666667,-0.21179226220336483,-1.4927631071551917,96
dmw=21987,4,0.05698005698005698,-0.2098469181889922,-1.4782924252652954,351
dmw=21999,16,0.6052631578947368,-0.25647840248321196,-3.471096189705615,38
dmw=21999,9,0.7474747474747475,-0.1049995753369406,-1.2432075434991887,99
dmw=22009,8,0.0,-0.1012654739398384,-1.2522041184214687,39
dmw=22009,6,0.011976047904191617,-0.08223563082895695,-1.1027796558469174,167
dmw=22025,1,0.35823529411764704,-0.11808815072388912,-2.043802536369986,1700
dmw=22025,0,0.4388027792624265,-0.077980432338846,-1.5716148751328165,1871
dmw=22025,12,0.42528735632183906,-0.059698439372608436,-1.3563812031844935,87
dmw=22025,3,0.5204301075268817,-0.05036624714863014,-1.2465134221715677,465
dmw=22114,11,0.22077922077922077,-0.24365788839381167,-1.6865857244586175,77
dmw=22114,2,0.2780487804878049,-0.20845328832057808,-1.4590003558050162,205
dmw=22114,4,0.28350515463917525,-0.16172975594829309,-1.1569491375657899,388
dmw=22181,10,0.022727272727272728,-0.1416494338163089,-1.4111004726234717,44
dmw=22181,8,0.08888888888888889,-0.11560042275861583,-1.2373174854887634,45
dmw=22181,1,0.05251141552511415,-0.11354660966679947,-1.223615707201606,438
dmw=22181,0,0.09394572025052192,-0.09576493286935933,-1.104987291586171,479
dmw=22250,11,0.15,-0.29553451593795865,-2.2013717323250477,60
dmw=22250,15,0.24,-0.26163016769739766,-1.9227680588580276,25
dmw=22250,2,0.2564841498559078,-0.2110011717061948,-1.506732210977569,347
dmw=2227,7,0.15774647887323945,-0.18881111401271422,-1.879962442714308,1065
dmw=2227,10,0.15566037735849056,-0.13268214072748927,-1.451849724809739,212
dmw=2227,3,0.25669642857142855,-0.11817388561443287,-1.341190858898532,896
dmw=2227,0,0.23171780900487526,-0.09362573889234221,-1.1539546919494243,3487
dmw=2227,1,0.20556673373574783,-0.08528374329879798,-1.0903277592394287,2982
dmw=22293,10,0.044444444444444446,-0.105162473806832,-1.3942270783339568,45
dmw=22293,1,0.052805280528052806,-0.0983592133264187,-1.3373395297419015,303
dmw=22293,0,0.08719346049046321,-0.08594270960894028,-1.2335151266332645,367
dmw=22344,0,0.10776942355889724,-0.13992714714358176,-1.521188655733722,1197
dmw=22344,3,0.15140845070422534,-0.13908425140836975,-1.5155079855787397,284
dmw=22344,12,0.11851851851851852,-0.10623647915367024,-1.2941314241491177,135
dmw=22344,7,0.17325227963525835,-0.0925903830810163,-1.202163974969358,329
dmw=22369,12,0.6086956521739131,-0.2871545894033759,-3.260206498908598,138
dmw=22369,16,0.703125,-0.16515164620376122,-1.8164190248407723,128
dmw=22397,4,0.35344827586206895,-0.21383803321829853,-1.9405606771059203,232
dmw=22397,6,0.3910891089108911,-0.1785374381579976,-1.6228605678254486,202
dmw=22397,8,0.44047619047619047,-0.14864822925329602,-1.3538621297223603,84
dmw=22413,0,0.13988229968311452,-0.12471906551650266,-1.4370992963125824,2209
dmw=22413,7,0.16470588235294117,-0.11881328284552142,-1.3988025203369643,595
dmw=22413,1,0.1239766081871345,-0.11033498537516585,-1.3438239549264444,1710
dmw=22413,3,0.2099644128113879,-0.09915371076473434,-1.2713176009453528,562
dmw=22415,13,0.21153846153846154,-0.45034483732887354,-1.9666659756567237,52
dmw=22415,6,0.2603550295857988,-0.37781427455749594,-1.6275065213014104,169
dmw=22415,4,0.34394904458598724,-0.2920145419742279,-1.2262992319205466,157
dmw=2242,13,0.6551724137931034,-0.20478112066573761,-2.1556529696849918,116
dmw=2242,14,0.7142857142857143,-0.1720664217318204,-1.774781055450992,42
dmw=2242,6,0.7176470588235294,-0.1292713296277168,-1.276550927078583,510
dmw=2242,4,0.7382198952879581,-0.10745758386521986,-1.0225903718566494,955
dmw=22431,13,0.0,-0.11378740232554838,-1.3984593274892634,65
dmw=22431,14,0.047619047619047616,-0.09259424142874675,-1.1588998234951382,21
dmw=22454,11,0.10919540229885058,-0.16443215141590836,-1.5513429432796382,174
dmw=22454,2,0.15111478117258464,-0.140447671105921,-1.3150085486529233,1211
dmw=22454,16,0.05319148936170213,-0.13665943063889444,-1.277680597164963,94
dmw=22454,3,0.16987179487179488,-0.1317332693035953,-1.229139984987235,936
dmw=22455,7,0.0380517503805175,-0.14574157389127743,-1.1635504949648796,657
dmw=22455,13,0.0636042402826855,-0.12359723495620363,-1.0470152012513805,283
dmw=22456,13,0.23148148148148148,-0.2658351843141621,-1.8745715910962557,216
dmw=22456,4,0.24357754519505234,-0.2253265938802467,-1.5888726552518102,1051
dmw=22456,7,0.3390625,-0.1526154346237384,-1.076055482373634,640
dmw=22457,14,0.0,-0.2917409487340091,-2.266883897270717,20
dmw=22457,13,0.09433962264150944,-0.15055133246619223,-1.09768345227944,106
dmw=22457,8,0.10071942446043165,-0.13971472657673017,-1.0079448102810042,139
dmw=2252,11,0.379746835443038,-0.48665644946090314,-3.420171043550633,79
dmw=2252,12,0.6195652173913043,-0.22080397589105105,-1.386824972151482,92
dmw=2257,11,0.1568627450980392,-0.5746701845634583,-2.865988468806067,51
dmw=2257,2,0.42857142857142855,-0.31997997532819283,-1.4775000614479536,189
dmw=2258,8,0.49606299212598426,-0.24068772438878938,-2.2674668295443814,127
dmw=2258,6,0.5637860082304527,-0.157153940246045,-1.4659760691786403,243
dmw=2299,8,0.17763157894736842,-0.22389607052669397,-1.6782606667533608,152
dmw=2299,1,0.2131039046988749,-0.12888085858481935,-1.1686743556520678,1511
dmw=2299,10,0.22772277227722773,-0.11152404015847464,-1.0755861343707562,101
dmw=2309,16,0.3333333333333333,-0.34108728783839565,-2.9413963628939226,30
dmw=2309,7,0.5814432989690722,-0.1900450042408337,-1.4983727631737989,485
dmw=2326,16,0.6666666666666666,-0.1948856733787051,-3.0396609307314595,12
dmw=2326,2,0.812807881773399,-0.10336242001606044,-1.6203637462559477,203
dmw=2351,0,0.08984375,-0.10861301464097128,-1.2177681435629428,256
dmw=2351,3,0.13414634146341464,-0.10126119963777355,-1.1676122367991018,82
dmw=2351,8,0.13636363636363635,-0.0773733974113231,-1.0046437207603025,22
dmw=2376,11,0.2653061224489796,-0.4133401032304675,-3.366192855683471,98
dmw=2376,2,0.5052356020942408,-0.1923959239322559,-1.447969679816087,382
dmw=2377,11,0.21739130434782608,-0.5180119101727666,-3.71632192723548,69
dmw=2379,12,0.0,-0.8660710025105345,-3.7467821695424366,28
dmw=2408,13,0.5042735042735043,-0.3380405491967807,-2.859600521905062,117
dmw=2408,4,0.6862745098039216,-0.14032792345668088,-1.1001515331306355,612
dmw=2409,8,0.6728971962616822,-0.16559027987109043,-1.93769337480706,107
dmw=2409,6,0.6992031872509961,-0.12815198967389896,-1.5209474848128255,502
dmw=2409,4,0.7123287671232876,-0.1136595005382044,-1.3596237370862296,730
dmw=2409,5,0.7550432276657061,-0.10206933741678459,-1.230607352529843,347
dmw=2416,16,0.5151515151515151,-0.32538907885246215,-2.8379157632666914,33
dmw=2416,12,0.6046511627906976,-0.2684202592744671,-2.295017297716443,86
dmw=2417,9,0.755,-0.12228589456609007,-2.486261053034847,200
dmw=2417,16,0.7666666666666667,-0.11853774200573874,-2.4039349809624193,60
dmw=2418,16,0.6582278481012658,-0.24224993092060632,-3.20324037899326,79
dmw=2418,12,0.7747252747252747,-0.14719162851380085,-1.8775189162655577,182
dmw=2433,14,0.0,-0.203940054668194,-2.0994715777319786,48
dmw=2433,7,0.059113300492610835,-0.10560782523068087,-1.0696325658983343,203
dmw=2438,1,0.09429280397022333,-0.2188283738423586,-1.6969211336841354,403
dmw=2438,0,0.22135922330097088,-0.12759653667804574,-1.2494863329578925,515
dmw=2454,4,0.3124406457739791,-0.27684159046496815,-2.262922961864729,1053
dmw=2454,6,0.38333333333333336,-0.20825582463746956,-1.6995246020802015,840
dmw=2465,7,0.37575757575757573,-0.19503122001501738,-2.0090138667249673,330
dmw=2465,0,0.4759725400457666,-0.07137358593693555,-1.067876576861376,1311
dmw=2465,10,0.43333333333333335,-0.07062355000544873,-1.0621681805369396,120
dmw=2465,1,0.43870402802101577,-0.06830012271937674,-1.0444849693424882,1142
dmw=2468,12,0.2222222222222222,-0.1442661269583994,-1.158644722891044,27
dmw=2468,7,0.27586206896551724,-0.1436048361410866,-1.1547529193666053,116
dmw=2472,12,0.6043956043956044,-0.28865790643959754,-3.181433109191389,91
dmw=2472,9,0.7435897435897436,-0.11216774820976194,-1.1282773389663643,39
dmw=2484,8,0.17727272727272728,-0.3665535217620003,-2.2791443851065245,220
dmw=2484,6,0.17624521072796934,-0.3476707036202407,-2.1540799233409493,522
dmw=2484,4,0.305352798053528,-0.2161830989708341,-1.2832127476434962,822
dmw=2504,13,0.14864864864864866,-0.22354932780678852,-1.1973013021965635,74
dmw=2504,8,0.14705882352941177,-0.21949014187345847,-1.1782781523657557,136
dmw=2524,10,0.5106382978723404,-0.20661300084798562,-2.2777159656539103,47
dmw=2524,6,0.6041666666666666,-0.1495245834349258,-1.6169261920449254,336
dmw=2528,6,0.3482142857142857,-0.3179252142510748,-2.291101404361421,224
dmw=2528,8,0.4057971014492754,-0.27789578150957017,-2.0327030919247377,69
dmw=2537,4,0.39655172413793105,-0.2698598710087,-1.841290421583841,174
dmw=2537,15,0.5,-0.23001539170256968,-1.556256816892538,10
dmw=2537,16,0.38461538461538464,-0.18854714032428616,-1.259607309195779,13
dmw=2537,13,0.52,-0.171215990816999,-1.1356262683205398,25
dmw=2541,16,0.7254901960784313,-0.14032560935502914,-3.0469436369758203,51
dmw=2541,9,0.7791666666666667,-0.07760960291633712,-1.6835057850915596,240
dmw=2553,13,0.6666666666666666,-0.1766943355399887,-2.451423216956048,84
dmw=2554,9,0.6629834254143646,-0.20270239862319284,-2.9167780514222437,181
dmw=2554,14,0.8235294117647058,-0.11285574598897974,-1.52099145017258,34
dmw=2554,11,0.8103448275862069,-0.10752230872946344,-1.4381353832276464,116
dmw=2559,7,0.4086687306501548,-0.24872331381650709,-2.546339822866368,323
dmw=2559,13,0.5615384615384615,-0.10091605832343897,-1.0554328551456202,130
dmw=2560,7,0.236328125,-0.42720260732526527,-3.4191899634985914,512
dmw=2589,4,0.5541795665634675,-0.1455879448347237,-1.4180914531048683,646
dmw=2589,13,0.6,-0.12312215703374141,-1.200765088576653,55
dmw=2589,8,0.6148148148148148,-0.1034255897919959,-1.0102272187162904,135
dmw=2594,14,0.0,-0.13230528622979276,-1.4678539940942144,16
dmw=2599,11,0.18181818181818182,-0.2900742009754934,-1.9935217350282526,44
dmw=2599,13,0.2653061224489796,-0.2156558499896326,-1.4481956969305285,49
dmw=2605,14,0.56,-0.16720289719978798,-2.004949562521852,50
dmw=2605,4,0.55980271270037,-0.09213351116246071,-1.0593864513264903,811
dmw=2606,12,0.8161764705882353,-0.10146512127271456,-2.488852612652069,272
dmw=2606,9,0.7985074626865671,-0.08933596133890509,-2.177972984171056,402
dmw=2607,14,0.5128205128205128,-0.2312183153894639,-1.822901541069344,39
dmw=2607,13,0.5257731958762887,-0.1701506360434898,-1.304795029961717,97
dmw=2607,6,0.5064655172413793,-0.16695377557054059,-1.2776724301859195,464
dmw=2611,12,0.45454545454545453,-0.4121883111973808,-3.6026097622319346,66
dmw=2612,10,0.16326530612244897,-0.0521774956457591,-1.204882666488604,98
dmw=2618,14,0.6774193548387096,-0.1672911100857305,-2.705604481611749,62
dmw=2618,6,0.6818181818181818,-0.11236476579604582,-1.7747346101369446,528
dmw=2618,4,0.7249255213505462,-0.06769370908598726,-1.0176672801317823,1007
dmw=2621,13,0.573170731707317,-0.23769653682904712,-2.2069794954122477,82
dmw=2621,4,0.6056338028169014,-0.18715931620363968,-1.7255986847532911,426
dmw=2621,6,0.6676136363636364,-0.1267422288421184,-1.150109448664981,352
dmw=2621,14,0.7317073170731707,-0.11314190779556677,-1.0205626811619095,41
dmw=2622,13,0.4602272727272727,-0.257176405433754,-1.8732581269377335,176
dmw=2622,4,0.5051652892561983,-0.18860565757844383,-1.3444574366010207,968
dmw=2622,14,0.575,-0.18827598449672722,-1.3419150791286327,40
dmw=2622,6,0.5274949083503055,-0.16829903999054519,-1.1878578116189098,491
dmw=2622,8,0.5555555555555556,-0.15690563676799885,-1.0999946968388299,144
dmw=2623,4,0.4134366925064599,-0.30828519844949004,-2.000753449480312,387
dmw=2623,6,0.46099290780141844,-0.262640891436718,-1.7132972899554841,282
dmw=2623,8,0.5754716981132075,-0.16387542439781277,-1.0912976648820776,106
dmw=2624,9,0.48514851485148514,-0.3385346621294163,-3.219507757562045,101
dmw=2624,12,0.7450980392156863,-0.12289514241450816,-1.0777869471516968,51
dmw=2626,6,0.30973451327433627,-0.3764610571432117,-2.5345373293048468,113
dmw=2626,4,0.453416149068323,-0.23072156597002064,-1.5861586118589948,161
dmw=2626,8,0.5384615384615384,-0.1647028129642205,-1.1565510991731502,26
dmw=2631,9,0.6122448979591837,-0.2838231439185036,-2.8958190464381124,49
dmw=2631,15,0.71875,-0.23055507777404138,-2.3151413614387897,32
dmw=2635,16,0.5,-0.25496927407803427,-1.9585833002040953,12
dmw=2635,12,0.6190476190476191,-0.181772878737537,-1.288720222214269,21
dmw=2635,8,0.6829268292682927,-0.15077398792222074,-1.0050312192350517,41
dmw=2636,4,0.3157894736842105,-0.309722110257337,-2.0618853530543437,152
dmw=2636,6,0.3503184713375796,-0.2774250901579282,-1.8372493689244422,157
dmw=2636,13,0.4411764705882353,-0.21059152335375997,-1.3724007851926985,34
dmw=2637,16,0.6216216216216216,-0.2634393697032219,-2.83696189202733,37
dmw=2637,9,0.6541353383458647,-0.22299861917113772,-2.375825457350133,133
dmw=2640,12,0.5675675675675675,-0.2463401797308682,-3.074704837286063,111
dmw=2642,15,0.18181818181818182,-0.2073524531563632,-1.651325957834968,11
dmw=2642,13,0.19148936170212766,-0.153827234565464,-1.264684843551717,94
dmw=2642,8,0.21428571428571427,-0.12556899958343246,-1.0605605868226038,112
dmw=2648,11,0.07317073170731707,-0.40907630650510013,-2.00863295334297,41
dmw=2648,8,0.2037037037037037,-0.2815672700285847,-1.319580723444295,54
dmw=2648,13,0.21875,-0.27258048697967,-1.2710166132401464,32
dmw=2650,12,0.6666666666666666,-0.21837065578319137,-2.499347602247138,48
dmw=2650,9,0.6770833333333334,-0.1683462940926198,-1.8323702634314836,96
dmw=2650,13,0.7857142857142857,-0.12199073046098019,-1.2143091942752913,14
dmw=2656,4,0.8275434243176178,-0.08162787956973794,-1.8896783419746426,806
dmw=2656,12,0.8345864661654135,-0.06316268781684231,-1.4950300826316296,133
dmw=2664,13,0.07936507936507936,-0.08964406166480604,-1.4414367066468503,189
dmw=2664,6,0.0744920993227991,-0.0803736428328003,-1.2994701720422748,443
dmw=2664,4,0.09051724137931035,-0.06310401690548113,-1.0350043489497511,696
dmw=2665,14,0.07142857142857142,-0.45444575073430105,-1.7324158109107557,28
dmw=2665,8,0.06741573033707865,-0.39272719689474805,-1.4892514590684716,89
dmw=2665,6,0.08796296296296297,-0.3523759801498724,-1.3302720783894786,216
dmw=2665,13,0.19298245614035087,-0.2731903852700604,-1.0182894952548855,57
dmw=2666,12,0.7530864197530864,-0.14571226971581686,-3.066506384817782,162
dmw=2666,15,0.8636363636363636,-0.06835856552689845,-1.3842001238814472,66
dmw=2673,16,0.7142857142857143,-0.1303575372942638,-2.3755062477981723,49
dmw=2673,10,0.76,-0.1112923960579777,-2.014875651333387,150
dmw=2673,11,0.8191489361702128,-0.07817836361035413,-1.3885003664646856,94
dmw=2674,9,0.648936170212766,-0.16167526988937508,-2.533524120848827,282
dmw=2674,16,0.6704545454545454,-0.15150464143094766,-2.3695155500401164,88
dmw=2680,9,0.5851851851851851,-0.26832062205296614,-3.632829616991466,135
dmw=2681,7,0.2662807525325615,-0.1588463839695421,-1.8740382572221352,691
dmw=2681,10,0.2608695652173913,-0.1001358738059292,-1.4027341562185618,184
dmw=2681,1,0.2680272108843537,-0.09579509360406996,-1.367888137933418,2205
dmw=2681,0,0.3175197669579692,-0.08454309798844695,-1.27756169274773,2403
dmw=2684,9,0.5967741935483871,-0.2341848212397355,-3.0683926483206503,124
dmw=2687,16,0.6962025316455697,-0.15423865612023113,-3.308156771797999,79
dmw=2687,9,0.7733812949640287,-0.06717535572515154,-1.4206669645249554,278
dmw=2689,9,0.6336633663366337,-0.22656275627606126,-2.939753339497791,101
dmw=2689,11,0.7704918032786885,-0.14382679932284326,-1.7651731633765029,122
dmw=2691,9,0.43902439024390244,-0.37426079413557783,-2.999691494887909,82
dmw=2691,16,0.6060606060606061,-0.21844680362652358,-1.6431779591954898,33
dmw=2691,11,0.717948717948718,-0.16512587086338726,-1.1789669676623726,117
dmw=2692,13,0.3723404255319149,-0.2831065575877119,-1.8486187935762157,188
dmw=2692,4,0.41114058355437666,-0.21816961658791423,-1.4018588026729684,754
dmw=2692,14,0.5245901639344263,-0.18268254979491694,-1.15771115122028,61
dmw=2692,6,0.4591304347826087,-0.17240243934130933,-1.086984966986372,575
dmw=2695,13,0.676923076923077,-0.17432527684154453,-2.0819026807140575,130
dmw=2695,14,0.7105263157894737,-0.168530779618993,-2.0069001008598937,38
dmw=2695,4,0.6888888888888889,-0.14736499105310585,-1.732935218986973,495
dmw=2696,11,0.363013698630137,-0.11538921865848362,-1.581054881749813,146
dmw=2696,4,0.363265306122449,-0.09585299375948675,-1.2969645829197451,735
dmw=2701,4,0.5275310834813499,-0.2623155769685457,-2.5039242999997735,563
dmw=2701,10,0.6036036036036037,-0.15517812434576983,-1.508893786144257,111
dmw=2701,6,0.6656716417910448,-0.12575414056182543,-1.2356208924223977,335
dmw=2705,13,0.552,-0.159541946921275,-1.8316424485841962,125
dmw=2705,6,0.5815384615384616,-0.10813940860163462,-1.2944323037366705,325
dmw=2705,4,0.594170403587444,-0.09346205190377244,-1.141038615887901,446
dmw=2706,9,0.4411764705882353,-0.393936597724458,-2.5195356822546424,68
dmw=2706,11,0.5609756097560976,-0.3367936963384377,-2.12182055825896,41
dmw=2706,16,0.5873015873015873,-0.25797136738040194,-1.5732164171531156,63
dmw=2708,6,0.24855491329479767,-0.5640485035600447,-2.4341301850613424,173
dmw=2708,8,0.4411764705882353,-0.3833086639173753,-1.586001326477248,34
dmw=2708,10,0.5,-0.28236240981617633,-1.1123070295338884,34
dmw=2708,13,0.5576923076923077,-0.27027469480368305,-1.0555849479125687,52
dmw=2720,16,0.6363636363636364,-0.2326448044446373,-2.8185976096993657,66
dmw=2720,11,0.7317073170731707,-0.18256119232069423,-2.160564171523718,164
dmw=2721,9,0.6097560975609756,-0.26879675359101873,-2.8744002966026643,82
dmw=2721,16,0.7142857142857143,-0.17211448298638443,-1.6910299459216849,14
dmw=2723,9,0.6581632653061225,-0.1896251863929378,-2.667521723599691,196
dmw=2723,10,0.7383177570093458,-0.14376406583032242,-2.012900950216084,107
dmw=2724,12,0.7153284671532847,-0.1632242388121894,-2.383130463235656,137
dmw=2724,9,0.7111111111111111,-0.12601093429171584,-1.7739185721414792,180
dmw=2724,14,0.8214285714285714,-0.10006449961891761,-1.3491544524844759,56
dmw=2725,16,0.6454545454545455,-0.14465559336706113,-2.9401231367236074,110
dmw=2736,9,0.7657992565055762,-0.07746736159021383,-2.063913406816534,269
dmw=2736,16,0.7886178861788617,-0.06439464551500385,-1.7349575646081556,123
dmw=2737,2,0.8144329896907216,-0.07831365932890777,-1.9155698169912183,776
dmw=2737,11,0.8289473684210527,-0.055027488930279755,-1.4142996218896093,76
dmw=2737,9,0.7635135135135135,-0.05109647527950156,-1.3296785809051814,296
dmw=2738,9,0.6666666666666666,-0.2024253569153459,-2.7399464842518326,102
dmw=2738,10,0.7580645161290323,-0.1410920881678126,-1.8606792959275757,62
dmw=2739,12,0.6607142857142857,-0.2082982084288746,-2.551738635665426,56
dmw=2739,16,0.675,-0.16063723345113745,-1.9114122835782639,40
dmw=2739,14,0.8,-0.11499965732390605,-1.2982703440081953,65
dmw=2741,12,0.7283950617283951,-0.12778517880043272,-2.3642790811229752,81
dmw=2741,9,0.716,-0.0927785924870671,-1.7518269852640629,250
dmw=2741,16,0.7534246575342466,-0.06678714455456813,-1.2970977917868614,73
dmw=2742,9,0.6388888888888888,-0.22374871778510452,-3.544134194630127,108
dmw=2742,15,0.8571428571428571,-0.07455049180948581,-1.1394688757148015,35
dmw=2743,9,0.7029411764705882,-0.13566371926807463,-3.3647848908841946,340
dmw=2743,1,0.8219373219373219,-0.05405445817470034,-1.425105340442933,2808
dmw=2744,9,0.5977443609022557,-0.24715335902108437,-3.6901933529597377,266
dmw=2745,16,0.5230769230769231,-0.27421606417644584,-3.177316730087226,65
dmw=2745,9,0.6360294117647058,-0.14875532244036926,-1.6591481591829604,272
dmw=2747,14,0.72,-0.1858569205693743,-2.9723855517255737,25
dmw=2748,16,0.43478260869565216,-0.38060147828772267,-3.480348315802887,46
dmw=2748,9,0.6363636363636364,-0.16735370284640594,-1.4587160256923437,121
dmw=2749,9,0.6035714285714285,-0.2250403959942916,-3.520861958773498,280
dmw=2750,9,0.6700507614213198,-0.18589044616958228,-3.1481343045681074,197
dmw=2750,12,0.8058252427184466,-0.0873704101161551,-1.4129237490215523,103
dmw=2754,9,0.6801801801801802,-0.19486380666009662,-2.7626278239151856,222
dmw=2754,14,0.7674418604651163,-0.17371042972721207,-2.4460974846716588,86
dmw=2755,16,0.7058823529411765,-0.1334760496807944,-2.7226147904730102,238
dmw=2755,9,0.7299270072992701,-0.09896175875507263,-1.9613168228435651,411
dmw=2755,11,0.8327974276527331,-0.0608114603862131,-1.119817726855334,311
dmw=2756,9,0.6789366053169734,-0.16671141099285391,-2.7662263673508685,489
dmw=2756,12,0.7590361445783133,-0.1261712043349663,-2.088906809297008,249
dmw=2757,16,0.7906976744186046,-0.07162454133416962,-2.1006934975748712,43
dmw=2758,12,0.711864406779661,-0.1557806421875051,-2.3319736833206117,177
dmw=2758,9,0.668693009118541,-0.1545489759135268,-2.312008066264344,329
dmw=2758,16,0.7591240875912408,-0.07486384014206315,-1.0202921692698608,137
dmw=2759,9,0.6547619047619048,-0.20153170533866516,-2.680094511294512,168
dmw=2759,10,0.7777777777777778,-0.11114405018877849,-1.4336445805644342,108
dmw=2759,11,0.81,-0.10175184658021075,-1.304125659890047,100
dmw=2760,13,0.46710526315789475,-0.15468581657467467,-1.6622228977675473,304
dmw=2760,11,0.46206896551724136,-0.15113431796040983,-1.6217017561046352,145
dmw=2760,5,0.5170068027210885,-0.13262039722722452,-1.4104655186041968,294
dmw=2760,8,0.5144927536231884,-0.10157853129414751,-1.0562905678093162,276
dmw=2763,14,0.3076923076923077,-0.21981982665630861,-2.2046199187000357,39
dmw=2763,12,0.25,-0.15761032029383082,-1.5639921297965793,56
dmw=2763,4,0.334375,-0.10523219030642855,-1.0246069527914414,320
dmw=2767,16,0.7216494845360825,-0.13504920307460233,-2.865906519597464,97
dmw=2767,9,0.792156862745098,-0.05499652539097233,-1.1146840135320555,255
dmw=2768,9,0.6756756756756757,-0.20041236402351648,-2.7377600620344285,148
dmw=2768,12,0.7596899224806202,-0.14899828612726906,-1.9888234322373173,129
dmw=2768,16,0.797979797979798,-0.0860938372155643,-1.0725093039892784,99
dmw=2769,9,0.5407725321888412,-0.28182849239784036,-3.486925326125562,233
dmw=2770,9,0.6653846153846154,-0.20095285439252308,-3.6535174368693966,260
dmw=2771,12,0.3924050632911392,-0.16371830579343538,-1.6575223065264773,79
dmw=2771,0,0.4288840262582057,-0.158382432920889,-1.6217007535045285,914
dmw=2771,1,0.4381752701080432,-0.10936599560671861,-1.2926365216277558,833
dmw=2772,16,0.4492753623188406,-0.3114001746115791,-3.525358257878907,69
dmw=2773,9,0.7020408163265306,-0.1418444988616927,-3.02707355453431,245
dmw=2773,12,0.8305084745762712,-0.05332588235356961,-1.1791286018192286,118
dmw=2774,16,0.7384615384615385,-0.08372676167365745,-1.9242788448538668,130
dmw=2774,12,0.7942238267148014,-0.06360603275637788,-1.4597267059377497,277
dmw=2774,13,0.8272727272727273,-0.05789337980313758,-1.327831626031665,330
dmw=2774,10,0.7990654205607477,-0.052948981257415206,-1.2136741852395236,214
dmw=2775,9,0.6746575342465754,-0.16021516123245372,-3.230076896823959,292
dmw=2775,16,0.7916666666666666,-0.05337797809880862,-1.1573236451972448,168
dmw=2776,9,0.7106109324758842,-0.1402333439305834,-3.062780999334942,311
dmw=2776,16,0.7875,-0.07269711731004003,-1.578600769800001,80
dmw=2777,16,0.67,-0.11894226475707348,-2.4071206460810264,100
dmw=2777,9,0.707196029776675,-0.06886742180492911,-1.4978679754675304,403
dmw=2778,16,0.6727272727272727,-0.10969879686396711,-1.8642759906949165,55
dmw=2778,9,0.6724137931034483,-0.09685213098836998,-1.6567205146036281,174
dmw=2778,12,0.732824427480916,-0.09151049355953622,-1.5704190484967966,131
dmw=2778,10,0.76,-0.05744093520828164,-1.0199786873718997,125
dmw=2779,11,0.6122448979591837,-0.26260999904381677,-3.4827800813132592,49
dmw=2780,12,0.5625,-0.2985735722283216,-2.5354616444152422,32
dmw=2780,15,0.68,-0.2253412117531437,-1.8680821002595691,25
dmw=2780,9,0.664179104477612,-0.15075700915538892,-1.1883829780692432,134
dmw=2781,16,0.5416666666666666,-0.28732953157944296,-3.1676322726327535,24
dmw=2781,9,0.6423357664233577,-0.17566188867145227,-1.8944508960867474,137
dmw=2782,12,0.5,-0.2572735716701652,-2.8778569445598126,16
dmw=2783,16,0.5,-0.2435900101739601,-3.0385257481753496,34
dmw=2783,1,0.7048319327731093,-0.0803538585821515,-1.2018639165996392,952
dmw=2784,16,0.5588235294117647,-0.2687361967664105,-3.358695663855448,34
dmw=2784,12,0.7466666666666667,-0.11563825605028122,-1.4357182837589701,225
dmw=2785,11,0.75,-0.14323992238601635,-2.0531128425834044,104
dmw=2785,16,0.7083333333333334,-0.13050189409828095,-1.8592273087733693,24
dmw=2785,12,0.7582417582417582,-0.11341908326475414,-1.5992098380457211,91
dmw=2785,10,0.7899159663865546,-0.0764070100776788,-1.0358490568326992,119
dmw=2786,9,0.6589147286821705,-0.11970691315401549,-1.945838615865109,129
dmw=2786,16,0.676056338028169,-0.1153365401102775,-1.88230585779095,71
dmw=2786,10,0.7525773195876289,-0.07270959684771872,-1.2626316911608373,97
dmw=2787,9,0.6121212121212121,-0.1983919966388945,-2.440882910306056,165
dmw=2787,8,0.7150537634408602,-0.1673954629176203,-2.008466246507635,186
dmw=2787,11,0.7547169811320755,-0.12647036527087685,-1.437541305378381,53
dmw=2788,16,0.3333333333333333,-0.41527455016644327,-3.468961237140153,18
dmw=2789,9,0.6737967914438503,-0.13505591887697777,-2.4175183339693103,187
dmw=2789,16,0.7333333333333333,-0.0869491397777572,-1.601438392416655,105
dmw=2789,11,0.8278688524590164,-0.052185670156498,-1.0117133934061857,122
dmw=2790,9,0.6826086956521739,-0.09726373642534047,-1.8570717684545102,230
dmw=2790,11,0.7988505747126436,-0.06115028995433702,-1.2277666834142489,174
dmw=2790,1,0.7761506276150628,-0.051924704775717756,-1.067003637161138,2390
dmw=2791,12,0.5130434782608696,-0.2901241202153795,-2.607651027608003,115
dmw=2791,16,0.5212765957446809,-0.23641660137591247,-2.0935851971255013,94
dmw=2792,9,0.6170212765957447,-0.22020943023267292,-2.638250065896487,188
dmw=2792,11,0.7419354838709677,-0.157243916338068,-1.8516778995946535,93
dmw=2792,16,0.734375,-0.11290897132754263,-1.2978408611457446,64
dmw=2793,16,0.6081081081081081,-0.17845485426852636,-2.4772822585415057,74
dmw=2793,9,0.6790123456790124,-0.09456828473155166,-1.3373020739033719,243
dmw=2793,10,0.745945945945946,-0.07511837439673297,-1.0729866716039755,185
dmw=2794,16,0.7005649717514124,-0.13524874181007507,-2.3916938161537282,177
dmw=2794,9,0.6977777777777778,-0.12738339990192882,-2.249047545498505,450
dmw=2795,11,0.6766917293233082,-0.18001168101272613,-2.3874525097886603,133
dmw=2795,16,0.6714285714285714,-0.11666818580584715,-1.5292380735685498,70
dmw=2795,9,0.6774193548387096,-0.09776169818228664,-1.2730820063391812,155
dmw=2795,10,0.7423076923076923,-0.08009846964557665,-1.033770334778416,260
dmw=2796,9,0.5746268656716418,-0.25672415762377265,-3.4399990860165235,134
dmw=2797,16,0.7659574468085106,-0.061706462933014294,-1.5847006709305202,47
dmw=2798,16,0.7246376811594203,-0.1022486660252585,-2.5093986937352883,69
dmw=2799,16,0.6822429906542056,-0.15838372493011144,-2.521575996143034,107
dmw=2799,9,0.7106741573033708,-0.11954886278130239,-1.8679940220773814,356
dmw=2799,8,0.8210290827740492,-0.07461083891066445,-1.1116972122821733,447
dmw=2800,9,0.7133333333333334,-0.06927613011199041,-1.852754482173564,150
dmw=2800,1,0.7631917631917632,-0.06715163774677202,-1.813011960708486,1554
dmw=2801,16,0.39285714285714285,-0.35365669841548103,-3.412575545661264,56
dmw=2802,9,0.6463414634146342,-0.12668983215516816,-2.102547796941368,328
dmw=2802,16,0.6865671641791045,-0.09946924901733456,-1.6569376154286928,67
dmw=2802,10,0.7428571428571429,-0.077746330459466,-1.301326068367351,280
dmw=2803,1,0.727710843373494,-0.07415927867839511,-1.5227237624699121,1245
dmw=2803,9,0.6746031746031746,-0.07394785001785176,-1.5193495301460123,126
dmw=2803,16,0.6891891891891891,-0.07333874873191937,-1.5096287607751986,74
dmw=2803,10,0.7288135593220338,-0.07111266314391673,-1.474102215190023,118
dmw=2804,16,0.49612403100775193,-0.28773970834409235,-3.355678335199763,129
dmw=2804,9,0.665083135391924,-0.10568194002059139,-1.1405872046644812,421
dmw=2805,11,0.6532258064516129,-0.23201344065044882,-3.2866660200457356,124
dmw=2805,9,0.7468354430379747,-0.069637904770116,-1.0665628500183049,237
dmw=2806,9,0.674863387978142,-0.16728848110105132,-2.9033983900968408,366
dmw=2806,16,0.7516339869281046,-0.10032094314780882,-1.6771679359274736,153
dmw=2807,14,0.7708333333333334,-0.12501434037175496,-2.8782349734367414,144
dmw=2807,12,0.7860262008733624,-0.05526984138430446,-1.1983656209101254,229
dmw=2808,16,0.5967741935483871,-0.22333147209640658,-2.8190992036869527,62
dmw=2808,9,0.656934306569343,-0.15173297444628586,-1.9275051777452163,137
dmw=2809,16,0.6458333333333334,-0.13755979863564372,-2.377195073778168,48
dmw=2809,9,0.6559485530546624,-0.1143257528874464,-2.0001040390387224,311
dmw=2809,1,0.763894523326572,-0.05619960341396346,-1.056710448102197,2465
dmw=2810,9,0.568,-0.20800823592885953,-2.4084454872003023,125
dmw=2810,16,0.5833333333333334,-0.20555602745260382,-2.381119011482138,12
dmw=2811,16,0.7,-0.09963803806101956,-2.000533116807766,50
dmw=2811,10,0.7674418604651163,-0.06503414164310983,-1.3912209264968234,86
dmw=2811,1,0.773369199731002,-0.06080001231509313,-1.3166655474216973,1487
dmw=2814,14,0.6688963210702341,-0.06935107034923571,-2.194543342789848,299
dmw=2814,16,0.5128205128205128,-0.05837473036782448,-1.8885874195776238,234
dmw=2815,9,0.5088757396449705,-0.3150018113455483,-3.5064677400509994,169
dmw=2816,16,0.7301587301587301,-0.12187118412089126,-2.345491131701346,63
dmw=2816,9,0.7261146496815286,-0.11611624932920095,-2.2240916750834905,157
dmw=2817,16,0.6885245901639344,-0.14818596502717085,-2.4062488835212625,122
dmw=2817,12,0.775,-0.09490180038001095,-1.46056672447441,120
dmw=2817,9,0.7370242214532872,-0.08907987934058781,-1.3572398374936374,289
dmw=2818,9,0.6677740863787376,-0.17529641099149462,-2.6608479210282123,301
dmw=2818,16,0.7044334975369458,-0.1483929801275342,-2.2234078508367126,203
dmw=2819,16,0.6545454545454545,-0.19687370641294755,-3.2143662904330825,110
dmw=2819,9,0.7517482517482518,-0.08983896791531021,-1.458219255117511,286
dmw=2820,16,0.4772727272727273,-0.26994294352804193,-3.1493399352057763,44
dmw=2820,9,0.6220472440944882,-0.11060625610403074,-1.2783975614784509,127
dmw=2821,9,0.656,-0.20545653719893775,-2.8999777413332484,125
dmw=2821,16,0.75,-0.12024541493274798,-1.5904980019428892,72
dmw=2821,12,0.8026315789473685,-0.09482398182590512,-1.1998347796502933,152
dmw=2822,10,0.7175572519083969,-0.13823010330675334,-2.944096019134162,131
dmw=2823,9,0.7396280400572246,-0.10493308763588438,-3.232428770585003,699
dmw=2823,14,0.8720379146919431,-0.05338408168042186,-1.6219750716894532,211
dmw=2824,16,0.6783625730994152,-0.15894493599998294,-3.229897827407578,171
dmw=2825,11,0.7772020725388601,-0.11865904418294915,-2.875531032914969,193
dmw=2825,16,0.7894736842105263,-0.05308305096463972,-1.4288193346594922,152
dmw=2826,16,0.6063829787234043,-0.16969789445231387,-2.9327826153655,94
dmw=2827,16,0.4578313253012048,-0.22545727437083812,-2.6865097106584614,83
dmw=2827,10,0.5894039735099338,-0.1393224404938983,-1.6990408173400826,151
dmw=2828,9,0.5572519083969466,-0.2700722747253754,-3.449008234683322,131
dmw=2828,16,0.7345132743362832,-0.1033575513757794,-1.2610811090837513,113
dmw=2829,16,0.6376811594202898,-0.22954385880108386,-3.777562401279121,69
dmw=2830,9,0.69,-0.15702702152107217,-2.2527749310910803,200
dmw=2830,12,0.7469879518072289,-0.139292500784292,-1.9845655421556079,83
dmw=2830,16,0.7435897435897436,-0.11298913299173574,-1.5867645354469624,39
dmw=2831,9,0.6075949367088608,-0.24188724785951643,-2.756856606904689,79
dmw=2831,10,0.7558139534883721,-0.12763246508246207,-1.3363059693019221,86
dmw=2831,16,0.75,-0.10890627232218986,-1.1034797854091691,12
dmw=2831,12,0.7868852459016393,-0.1013035290705685,-1.008953486280886,61
dmw=2832,9,0.6449704142011834,-0.20089670019440842,-2.870255298121866,169
dmw=2832,11,0.7751479289940828,-0.12975428266417954,-1.8231303175761455,169
dmw=2833,9,0.6390374331550802,-0.225440204663249,-3.370897167375122,374
dmw=2834,16,0.6666666666666666,-0.1878826329294324,-2.442645134290692,39
dmw=2834,12,0.711864406779661,-0.17275016280761235,-2.233664360834188,59
dmw=2834,9,0.7346938775510204,-0.11019287423682733,-1.3697425790218754,196
dmw=2835,9,0.7519685039370079,-0.07569421069904814,-2.026712437593939,254
dmw=2835,10,0.8081395348837209,-0.05763298671172257,-1.5634260631681671,172
dmw=2835,11,0.8368794326241135,-0.05590715638915711,-1.5191569885153917,141
dmw=2836,9,0.667910447761194,-0.16294895260316378,-3.0101669858525826,268
dmw=2836,16,0.7657657657657657,-0.0754657911352623,-1.4512263804302474,111
dmw=2836,1,0.8164428164428165,-0.0533190484069741,-1.0565737874322445,2457
dmw=2837,16,0.6258503401360545,-0.16907041563645542,-2.8420204327129643,147
dmw=2837,9,0.6588983050847458,-0.12340778463849122,-2.0274798470334274,472
dmw=2838,16,0.7596899224806202,-0.10496445229829432,-2.3799850053730665,129
dmw=2838,9,0.7861771058315334,-0.06937254506277568,-1.5571647110048117,463
dmw=2838,11,0.85625,-0.05501523968844024,-1.2252498699069891,160
dmw=2839,9,0.7686274509803922,-0.08878286457145934,-2.8727356504628383,255
dmw=2840,16,0.6567164179104478,-0.1646250912143986,-2.984402628914313,67
dmw=2840,10,0.7647058823529411,-0.08657807696286657,-1.612985571513215,85
dmw=2841,12,0.7303370786516854,-0.13532916025317698,-2.5743851139191176,89
dmw=2841,10,0.7631578947368421,-0.09696116345684558,-1.8483526418716196,114
dmw=2842,1,0.6921624173748819,-0.11592061666552955,-2.585635160115806,1059
dmw=2842,10,0.7230769230769231,-0.08310843438845317,-1.9959019443455144,130
dmw=2844,9,0.738430583501006,-0.11431989073235771,-2.506326772625865,497
dmw=2844,16,0.7880434782608695,-0.07395969444924477,-1.6182960877899288,184
dmw=2844,12,0.8181818181818182,-0.07254290029893051,-1.587122882616456,286
dmw=2845,16,0.6091954022988506,-0.2540857263006139,-3.5122572043997113,87
dmw=2845,9,0.7383512544802867,-0.1157483595249088,-1.527705084049075,279
dmw=2846,9,0.6790123456790124,-0.15675224824795653,-2.9715342497982817,162
dmw=2846,8,0.8363636363636363,-0.06294160512092217,-1.0862406106728735,110
dmw=2847,9,0.6635514018691588,-0.15824236560045635,-2.9230140751153764,214
dmw=2847,16,0.7529411764705882,-0.07966867558686119,-1.5146907304209807,85
dmw=2848,9,0.6804123711340206,-0.09171204758143925,-1.9038147497768152,97
dmw=2848,1,0.738929889298893,-0.08270603055254255,-1.7527184320077296,1084
dmw=2848,11,0.7954545454545454,-0.05909263437454493,-1.3565502700921912,88
dmw=2849,16,0.616822429906542,-0.1848643471978091,-3.1667315036882036,107
dmw=2849,1,0.7708714198659354,-0.06506588686994541,-1.1935484703713841,1641
dmw=2850,16,0.7768595041322314,-0.06300806292433703,-1.922309204924576,121
dmw=2850,14,0.8625,-0.05488930962912819,-1.688360804549183,80
dmw=2852,12,0.7573529411764706,-0.11243875321634633,-2.9449599052987687,136
dmw=2853,9,0.6287128712871287,-0.2143755236066469,-3.357183813603194,202
dmw=2853,13,0.8407079646017699,-0.06549443390743115,-1.1011545086055392,113
dmw=2854,10,0.8181818181818182,-0.05443224833165583,-2.166968957113308,66
dmw=2855,10,0.7105263157894737,-0.11668901599790915,-2.1450425992688538,152
dmw=2855,12,0.7222222222222222,-0.11159302424965956,-2.0536255461421185,108
dmw=2863,9,0.6573426573426573,-0.19151989740245556,-2.781980727455591,143
dmw=2863,16,0.7428571428571429,-0.11546182480434108,-1.6651904542802642,35
dmw=2864,9,0.583941605839416,-0.266094991272672,-2.626277868694389,137
dmw=2864,16,0.6511627906976745,-0.20826892582349976,-1.9576383933496082,43
dmw=2871,6,0.2807825086306099,-0.2872068041880708,-2.077081867516659,869
dmw=2871,8,0.35451505016722407,-0.2329925966042422,-1.6516647496535972,299
dmw=2871,4,0.3569157392686804,-0.2087312213525529,-1.4612865297191133,1258
dmw=2871,13,0.4177215189873418,-0.17565059279964645,-1.201703916908338,316
dmw=2874,16,0.45098039215686275,-0.407465598410571,-3.7002051316712636,51
dmw=2874,9,0.7033898305084746,-0.1456067336680119,-1.1576615434404756,118
dmw=2876,7,0.09961685823754789,-0.12362167609670573,-1.4332460354567638,261
dmw=2876,10,0.0625,-0.11753140599939682,-1.3747765323860295,48
dmw=2876,14,0.19047619047619047,-0.08137926138132628,-1.0276986693378998,42
dmw=2877,1,0.16,-0.19052321915410467,-1.6707843906396713,1400
dmw=2877,7,0.22673031026252982,-0.18430467989161542,-1.636991590606872,419
dmw=2877,0,0.22415039768618944,-0.16406855609951954,-1.527024401226849,1383
dmw=2877,3,0.3681592039800995,-0.07290059251458364,-1.0315992486661778,402
dmw=2879,4,0.5643835616438356,-0.2328243623911348,-2.5918115945488807,365
dmw=2879,10,0.6363636363636364,-0.13054637949135273,-1.4145140827927898,44
dmw=2883,16,0.5789473684210527,-0.2733978280224687,-2.6060197310975846,19
dmw=2883,13,0.6363636363636364,-0.26950122906581486,-2.5654150232163775,22
dmw=2886,16,0.7090909090909091,-0.1607037661849211,-2.658202463994233,55
dmw=2886,9,0.7330097087378641,-0.1279704353352895,-2.1030670123169557,206
dmw=2886,11,0.8461538461538461,-0.06865586994197959,-1.0971315576601275,130
dmw=2887,10,0.717391304347826,-0.1105861903510037,-2.9977803728436014,138
dmw=2891,10,0.7631578947368421,-0.1047297988519188,-1.6790716582829786,38
dmw=2891,2,0.8165467625899281,-0.0860430384084554,-1.397471652080815,278
dmw=2891,12,0.7956989247311828,-0.07747330014194997,-1.2683300410295002,93
dmw=2891,11,0.8305084745762712,-0.06401945510910534,-1.0655874171191453,59
dmw=2895,9,0.717607973421927,-0.15036251371758158,-3.5292958302679036,301
dmw=2898,9,0.63,-0.2202311661016524,-3.091283569452477,100
dmw=2898,16,0.7714285714285715,-0.08818753757177888,-1.0787043693523475,35
dmw=2902,1,0.41968911917098445,-0.2449619287863562,-2.7493751290366184,386
dmw=2902,12,0.55,-0.12234111710200868,-1.6653686767600677,40
dmw=2903,1,0.4214876033057851,-0.20504243801011673,-1.788211475372056,363
dmw=2903,12,0.45454545454545453,-0.18006825994895564,-1.6275626220765043,11
dmw=2903,3,0.6082474226804123,-0.10213400390254634,-1.1262428655008807,97
dmw=2910,4,0.30952380952380953,-0.2332455347917035,-2.0632393027389306,462
dmw=2910,13,0.391304347826087,-0.1795425261586155,-1.5729468198732226,115
dmw=2910,8,0.4421768707482993,-0.12271888868247643,-1.0541639245984948,147
dmw=2916,9,0.6956521739130435,-0.17484775913480533,-2.641176935676792,115
dmw=2916,12,0.7528089887640449,-0.15160088399009464,-2.2683312464875565,89
dmw=2917,16,0.5454545454545454,-0.24616554902328536,-2.3717635255673444,11
dmw=2917,12,0.6521739130434783,-0.1799640288513944,-1.7139664664400343,184
dmw=2917,15,0.7083333333333334,-0.17605438699401388,-1.6751191573548585,24
dmw=2923,9,0.7135678391959799,-0.14436485297940005,-2.6407939781330034,199
dmw=2923,12,0.7883597883597884,-0.10637567591956798,-1.9090264137614774,189
dmw=2923,16,0.8076923076923077,-0.05921827063336993,-1.0006556018849169,78
dmw=2936,9,0.7482014388489209,-0.10402839077884618,-2.614580423736013,139
dmw=2936,14,0.8571428571428571,-0.07229182468386475,-1.8280776196017536,42
dmw=2937,16,0.5384615384615384,-0.2988263441792487,-2.6080685341849943,26
dmw=2937,15,0.6296296296296297,-0.28235567968272157,-2.4455834595286756,27
dmw=2938,12,0.5319148936170213,-0.33511902913151215,-2.469260867318506,47
dmw=2938,9,0.5507246376811594,-0.2717431482771666,-1.939493015710812,69
dmw=2938,16,0.6428571428571429,-0.19039411945280504,-1.2594851065552668,14
dmw=2939,9,0.5666666666666667,-0.26048617991530876,-3.7632669167162454,270
dmw=2940,16,0.7443609022556391,-0.10518582319399361,-2.508820707833937,133
dmw=2940,12,0.8102564102564103,-0.07024503823100481,-1.6859506448328079,195
dmw=2942,7,0.0856269113149847,-0.07598206097026983,-1.6911499876629723,327
dmw=2942,4,0.09193245778611632,-0.05769094847900498,-1.354681113072089,533
dmw=2943,13,0.24025974025974026,-0.37672882543101804,-2.324437992414163,154
dmw=2943,15,0.3333333333333333,-0.3272009340782693,-1.9705064952568976,24
dmw=2944,13,0.024691358024691357,-0.23109210112546674,-1.7772876473503905,81
dmw=2944,4,0.025210084033613446,-0.20951654541540082,-1.616508913379953,476
dmw=2944,6,0.07225433526011561,-0.1641902625627608,-1.2787423005258756,346
dmw=2944,8,0.10687022900763359,-0.1443241364229178,-1.1307020529149734,131
dmw=2945,13,0.0625,-0.2418933378035562,-1.336319404610319,80
dmw=2945,8,0.07291666666666667,-0.2263661726569045,-1.2699089644018944,96
dmw=2946,9,0.3880597014925373,-0.45115241512862414,-3.8049681583585984,67
dmw=2951,9,0.6833333333333333,-0.17638932138739172,-2.2818746102974274,60
dmw=2951,15,0.7741935483870968,-0.1559315713250624,-1.9983811855316962,31
dmw=2951,5,0.8175675675675675,-0.10796214851510533,-1.3336445495381215,148
dmw=2964,10,0.4107142857142857,-0.27750444720894485,-2.133934708854524,56
dmw=2964,4,0.5621301775147929,-0.1629483121802231,-1.2323868816098382,338
dmw=2974,9,0.7154471544715447,-0.19510394276058163,-3.81217998831645,246
dmw=2980,13,0.2463768115942029,-0.35433107631265204,-1.8834512204393161,69
dmw=2980,6,0.328,-0.24745537694755687,-1.3524004797824645,125
dmw=2980,8,0.3493975903614458,-0.24547939725415502,-1.3425821067946133,83
dmw=2980,4,0.39344262295081966,-0.1796804589375247,-1.0156361767556936,244
dmw=300,12,0.6818181818181818,-0.23731846665409706,-2.8084929614650602,44
dmw=300,9,0.7482517482517482,-0.14156270838889184,-1.562833746659421,143
dmw=300,16,0.7647058823529411,-0.1323135431190725,-1.442514006558765,17
dmw=3008,13,0.3333333333333333,-0.4242684697137345,-2.771437431672581,51
dmw=3008,8,0.5463917525773195,-0.20672867299723519,-1.2372312872330344,97
dmw=3008,6,0.5648148148148148,-0.17312830353542408,-1.0002636424074305,216
dmw=3010,13,0.009433962264150943,-0.5181632732928506,-1.885174710800529,106
dmw=3010,6,0.06557377049180328,-0.4359837993418217,-1.5627450536985448,366
dmw=3010,4,0.08969465648854962,-0.40947797028672683,-1.458749920089746,524
dmw=3010,8,0.1419753086419753,-0.3795737386386171,-1.34142121630729,162
dmw=3030,9,0.28,-0.5430733114435936,-3.7573080919774093,50
dmw=3032,16,0.0,-0.17390698121885348,-2.131096794164602,18
dmw=3032,14,0.1956521739130435,-0.11265677777223185,-1.257551255707251,46
dmw=3032,11,0.15217391304347827,-0.100669827632281,-1.0865943245422764,46
dmw=3033,14,0.26666666666666666,-0.5034699113229195,-2.4192634364734924,30
dmw=3033,6,0.42731277533039647,-0.27653867602980575,-1.2265298390129487,227
dmw=3035,6,0.09011264080100125,-0.1559844742532574,-1.4067702911524438,799
dmw=3035,4,0.10039370078740158,-0.14393775444436369,-1.3112125209827672,1016
dmw=3035,7,0.15396825396825398,-0.10760176550233486,-1.022985838923897,630
dmw=3036,12,0.6172839506172839,-0.2813629408437701,-2.842351203579257,81
dmw=3036,9,0.6967741935483871,-0.1662280575245777,-1.5368085662775184,155
dmw=3036,16,0.71875,-0.15295767534117977,-1.386332452920244,32
dmw=3037,14,0.7419354838709677,-0.18830945104370977,-2.7212267401883348,62
dmw=3037,16,0.7222222222222222,-0.14076291901274673,-1.9647003771788611,36
dmw=3049,8,0.07142857142857142,-0.1993316101213238,-1.9419198458748312,42
dmw=3049,11,0.09090909090909091,-0.17746691439615922,-1.6884800119760635,33
dmw=3049,14,0.18181818181818182,-0.14394470756218597,-1.2999146901113632,22
dmw=3058,16,0.6666666666666666,-0.07351823629990129,-1.7208156450729009,36
dmw=3058,9,0.672,-0.05336657304938974,-1.3092609830174553,125
dmw=3059,14,0.06060606060606061,-0.45162740749314806,-2.7205424697771963,66
dmw=3062,13,0.391304347826087,-0.35521332250310095,-2.657307838947577,69
dmw=3064,6,0.21568627450980393,-0.13352544696755314,-1.867512803889814,714
dmw=3082,7,0.056265984654731455,-0.19474078768786487,-1.3723310469097179,391
dmw=3082,0,0.04076265614727153,-0.19278854864317746,-1.3645658427120004,1521
dmw=3082,1,0.024334600760456272,-0.18148644678793352,-1.3196107287323895,1315
dmw=3082,3,0.12987012987012986,-0.1449259422712919,-1.1741880747209041,462
dmw=3082,10,0.06593406593406594,-0.13790147107575823,-1.1462476166285722,91
dmw=3082,12,0.09523809523809523,-0.11631325813749835,-1.06037858220598,105
dmw=3083,0,0.03429504627109418,-0.16582802996563864,-1.5936806497879124,1837
dmw=3083,7,0.06,-0.15578362753308878,-1.5318567291206648,500
dmw=3083,1,0.021609940572663425,-0.15384341418512454,-1.5199145954887663,1851
dmw=3083,3,0.0979020979020979,-0.1393901581202962,-1.4309539069524628,572
dmw=3088,8,0.717948717948718,-0.12435405011946998,-2.0667494334438925,195
dmw=3088,4,0.7385159010600707,-0.09152306918036024,-1.5898182954932476,566
dmw=3088,13,0.7807017543859649,-0.064795652151028,-1.201552789752726,114
dmw=3090,9,0.7398843930635838,-0.10678880368805588,-2.1827479785978716,173
dmw=3090,11,0.8062015503875969,-0.09923251908363073,-2.0308587848019055,129
dmw=3090,16,0.8018867924528302,-0.05435660303295686,-1.12880611386352,106
dmw=3091,14,0.6779661016949152,-0.25373394110743575,-2.51921986702819,59
dmw=3091,9,0.66875,-0.18784127478409562,-1.7613731336174225,160
dmw=3091,16,0.7,-0.16564065553098684,-1.5060386977925797,100
dmw=3092,12,0.6579925650557621,-0.2298757803950453,-3.3847117318746167,269
dmw=3092,9,0.7657807308970099,-0.08328894813535526,-1.1004688682924968,602
dmw=3097,9,0.678082191780822,-0.05508796643673708,-2.1068799160928826,146
dmw=3099,4,0.25961538461538464,-0.2616774753882975,-1.4063676730600785,104
dmw=3099,6,0.2894736842105263,-0.23419929791252558,-1.257881441043966,76
dmw=3099,13,0.3548387096774194,-0.1947561069012249,-1.0447388184255673,31
dmw=3103,4,0.15233415233415235,-0.127129732408893,-1.2537789489887463,407
dmw=3103,6,0.15705128205128205,-0.12433760771483504,-1.2284197040229736,312
dmw=3103,13,0.2,-0.1029452783733818,-1.0341256163295036,90
dmw=3149,13,0.04395604395604396,-0.1765451890941838,-1.946838294004254,91
dmw=3149,15,0.10526315789473684,-0.1494070343028604,-1.6038049779462706,38
dmw=3151,7,0.037914691943127965,-0.18840578466921143,-1.7260852771520163,211
dmw=3151,1,0.05519480519480519,-0.1292893294713859,-1.3252440811062303,616
dmw=3151,12,0.06896551724137931,-0.12079682000928896,-1.2676603231013641,29
dmw=3151,3,0.15422885572139303,-0.09431765750945548,-1.0881174338803203,201
dmw=3156,2,0.4233576642335766,-0.1769778731480393,-1.6469716570534116,274
dmw=3156,11,0.4050632911392405,-0.1738651412802324,-1.6187868405738555,79
dmw=3156,9,0.27350427350427353,-0.1687549833928514,-1.572515954306075,117
dmw=3156,15,0.5102040816326531,-0.12245156748792718,-1.153252961192464,49
dmw=3184,13,0.417910447761194,-0.30602624579907833,-2.2688426796242807,134
dmw=3184,4,0.501466275659824,-0.19915603358534673,-1.474969633751115,341
dmw=3184,6,0.5379746835443038,-0.16464476689441854,-1.2186066693913602,316
dmw=3185,8,0.44385026737967914,-0.21037699650979536,-1.5867199502300704,187
dmw=3185,12,0.39473684210526316,-0.20803245731074382,-1.5712893750212644,76
dmw=3185,4,0.4674329501915709,-0.1662649520534008,-1.2963967089407158,522
dmw=3185,6,0.4919908466819222,-0.14391864179905373,-1.1493245588318552,437
dmw=3191,13,0.016,-0.3422362145818663,-2.2514034418225766,125
dmw=3191,4,0.12106918238993711,-0.21144437293873278,-1.4036011504145864,636
dmw=3191,7,0.14634146341463414,-0.20672537285216594,-1.3730122464257426,492
dmw=3195,6,0.1814516129032258,-0.26270904545735846,-2.076251875946751,248
dmw=3195,8,0.273972602739726,-0.19002142036410458,-1.468473356754772,73
dmw=3195,10,0.22077922077922077,-0.1776960548478452,-1.3654146532634779,77
dmw=3195,13,0.3191489361702128,-0.15088152858184456,-1.1412046443950379,94
dmw=3221,5,0.8085106382978723,-0.1193947489629863,-1.8492071481515573,94
dmw=3221,2,0.8074324324324325,-0.11578123768909798,-1.7887370996761973,296
dmw=3221,10,0.78125,-0.11375407758959288,-1.754813732570583,32
dmw=3221,9,0.7777777777777778,-0.08611112434955348,-1.2922246894683032,81
dmw=3226,11,0.1206896551724138,-0.06369478209666722,-1.5114123849098458,58
dmw=3226,13,0.13333333333333333,-0.056582059066467294,-1.3309482420897518,45
dmw=3226,5,0.15789473684210525,-0.05121227928542274,-1.1947060882473524,114
dmw=3228,11,0.046511627906976744,-0.5288574888657878,-2.4768998377100777,86
dmw=3228,2,0.11056105610561057,-0.4862701023432961,-2.2661360208274184,606
dmw=3247,12,0.3684210526315789,-0.506431684210638,-3.761482287443162,38
dmw=325,8,0.37960339943342775,-0.2239314001541733,-1.8975991851935532,353
dmw=325,13,0.40404040404040403,-0.20528252130954533,-1.7277601306756782,297
dmw=325,4,0.42502218278615794,-0.1568968779263577,-1.287102437904679,1127
dmw=3250,15,0.0,-0.1536496046129531,-1.7954998758094078,16
dmw=3250,5,0.05982905982905983,-0.08510427421505118,-1.0692411628766807,117
dmw=329,2,0.4940898345153664,-0.1600865818883645,-1.3854951804971414,423
dmw=329,9,0.345679012345679,-0.1539677240952143,-1.3291655586086923,81
dmw=329,11,0.48,-0.1538944942065763,-1.3284914112306425,75
dmw=329,16,0.375,-0.14356067421408047,-1.2333592489025325,24
dmw=3296,7,0.03598971722365039,-0.07327992943119524,-1.3175510483190542,389
dmw=3296,11,0.04918032786885246,-0.058753172130767445,-1.0989024489543764,122
dmw=330,3,0.3548387096774194,-0.07556546533631686,-1.44167125910442,217
dmw=330,15,0.39622641509433965,-0.05602442328127216,-1.1906279503801418,53
dmw=3323,10,0.05813953488372093,-0.2752482938698816,-1.5909089476693912,86
dmw=3323,12,0.1111111111111111,-0.2327783146126436,-1.392700624482963,27
dmw=3325,12,0.2549019607843137,-0.22712914078589969,-1.9160441788531588,51
dmw=3325,1,0.34615384615384615,-0.12721917156862173,-1.2802191664825524,390
dmw=3325,0,0.41843971631205673,-0.0953883550061298,-1.0776484971772824,423
dmw=3325,3,0.4728682170542636,-0.09502712266856023,-1.0753496219268623,129
dmw=3325,10,0.3793103448275862,-0.09102469671175556,-1.0498782645294498,29
dmw=3355,14,0.3333333333333333,-0.16568859300422717,-1.5711185277577537,51
dmw=3355,8,0.2765957446808511,-0.15698183237229069,-1.4705127034472107,141
dmw=3355,13,0.3141025641025641,-0.1254402400054394,-1.1060524829038063,156
dmw=3355,4,0.294921875,-0.11680563602896016,-1.0062804221602941,512
dmw=3373,6,0.4811529933481153,-0.18254004090736992,-1.6369447081179633,451
dmw=3373,4,0.5009041591320073,-0.16065623484274916,-1.4382064927448708,553
dmw=3373,8,0.5271317829457365,-0.15418172554218101,-1.3794081091359225,129
dmw=3373,14,0.5833333333333334,-0.152256638734667,-1.3619253954144668,48
dmw=3394,13,0.8325123152709359,-0.08108873402881545,-1.852376173878768,203
dmw=3394,12,0.8111888111888111,-0.08102065398747083,-1.8507215860399318,143
dmw=3394,4,0.848605577689243,-0.05557881404346576,-1.232394127102584,753
dmw=3402,9,0.3835616438356164,-0.44743373050919766,-3.6503718723752048,73
dmw=3402,12,0.7222222222222222,-0.151527198324223,-1.114865243183927,36
dmw=3419,9,0.625,-0.20404252940220302,-3.168065679249584,240
dmw=3419,12,0.8031496062992126,-0.06906502373137635,-1.0821786831241123,127
dmw=3419,16,0.7737226277372263,-0.06578195172717283,-1.0314434352998383,137
dmw=3420,16,0.6666666666666666,-0.1517127591170201,-2.1855011448109964,189
dmw=3420,12,0.7204301075268817,-0.13421937908489412,-1.8968791931442521,279
dmw=3420,9,0.6890756302521008,-0.11778149962952777,-1.6256718655175892,357
dmw=3421,16,0.6944444444444444,-0.1521779605272494,-2.376786566801351,108
dmw=3421,9,0.7040358744394619,-0.1324981174831964,-2.0538469106000763,446
dmw=3421,12,0.7920489296636085,-0.08604352077666855,-1.2915424828770934,327
dmw=3433,6,0.044715447154471545,-0.1445948233580205,-1.4316620829887272,492
dmw=3433,8,0.06341463414634146,-0.13848256269862885,-1.3588392840968677,205
dmw=3434,13,0.0,-0.1709413521975353,-1.0687145000256217,38
dmw=344,6,0.02622950819672131,-0.1859848300006877,-1.437004193190632,305
dmw=344,13,0.04861111111111111,-0.1815576899181142,-1.3978927166301525,144
dmw=344,4,0.03317535545023697,-0.17744850394080158,-1.3615901989693853,422
dmw=344,14,0.10526315789473684,-0.16996572643745878,-1.2954837574584692,38
dmw=3443,6,0.2535934291581109,-0.3374045524659971,-2.6427798903576116,974
dmw=3443,8,0.3014705882352941,-0.30871962240337375,-2.418251341346658,272
dmw=3444,6,0.0035714285714285713,-0.43229462953957487,-2.190110757221439,280
dmw=3444,8,0.1188118811881188,-0.3368207689239095,-1.707510569290355,101
dmw=3444,4,0.1518324607329843,-0.2816893393086723,-1.4288328440821085,382
dmw=3444,13,0.2545454545454545,-0.20710854791486655,-1.0518427055185287,55
dmw=3458,4,0.25,-0.472036781219923,-2.771747171596925,360
dmw=3458,8,0.47863247863247865,-0.2610167845712594,-1.5188436348206102,117
dmw=3458,13,0.5,-0.2442921448563815,-1.4195432813807989,68
dmw=3477,9,0.44680851063829785,-0.29021540255470624,-2.4992760981324706,94
dmw=3477,12,0.5934065934065934,-0.204358468542152,-1.7167016485139464,91
dmw=3477,16,0.5555555555555556,-0.1958732405757576,-1.6393599325295642,45
dmw=3491,13,0.3055555555555556,-0.432401093763478,-2.562920727467916,36
dmw=3491,5,0.5378151260504201,-0.22272056353722092,-1.1706331571569535,119
dmw=3491,10,0.4594594594594595,-0.2183176465036411,-1.1413976022279917,37
dmw=3491,6,0.5038167938931297,-0.2134824532882753,-1.1092917152076682,131
dmw=3499,7,0.29457364341085274,-0.17508326572801142,-1.7715383956927218,129
dmw=3499,0,0.30755711775043937,-0.13849415725115205,-1.504637923738427,569
dmw=3499,1,0.32604735883424407,-0.08042366377164795,-1.0810407725233124,549
dmw=3499,3,0.4206896551724138,-0.07963652034710217,-1.075298928563385,145
dmw=3505,12,0.35526315789473684,-0.2103454320356417,-1.9603707754588389,152
dmw=3505,14,0.5164835164835165,-0.16225250995695406,-1.4424429495925544,91
dmw=3505,8,0.48221343873517786,-0.13662291285378703,-1.1664297457420316,253
dmw=3505,6,0.4756554307116105,-0.12413518233741344,-1.031945442505743,801
dmw=3550,9,0.6666666666666666,-0.19667245983276116,-3.136595728675404,84
dmw=3550,5,0.8492063492063492,-0.07838616326508052,-1.3092132241146122,126
dmw=3552,15,0.0,-0.4088312290588879,-2.325464466973238,73
dmw=3552,11,0.03773584905660377,-0.3179703683450613,-1.7608478110761432,53
dmw=3560,7,0.1386861313868613,-0.1624246228377687,-1.2163086284951552,137
dmw=3560,10,0.1,-0.14763672929024577,-1.154304761869393,30
dmw=3560,1,0.10628019323671498,-0.1436347760884526,-1.1375250513738377,414
dmw=3560,12,0.11538461538461539,-0.1410918308626308,-1.126862786588676,26
dmw=3588,13,0.00625,-0.26501819643763047,-2.4618421778569726,160
dmw=3588,14,0.13414634146341464,-0.1868727716217256,-1.6657636074911766,82
dmw=3589,11,0.25396825396825395,-0.19504832811467154,-1.7390636554110417,63
dmw=3589,7,0.266025641025641,-0.18640798658506819,-1.66117605019068,312
dmw=3589,16,0.17647058823529413,-0.15994048268811503,-1.4225870444631596,34
dmw=3589,8,0.3192771084337349,-0.13273695225979215,-1.1773631917552712,166
dmw=3604,14,0.3333333333333333,-0.5353797814860801,-3.4151146824922085,27
dmw=3605,6,0.2658662092624357,-0.2563609113693241,-1.6338432547236614,583
dmw=3605,13,0.3185840707964602,-0.22957567747075286,-1.430546647528196,226
dmw=3605,4,0.3034825870646766,-0.2163638110441663,-1.33027021800678,804
dmw=3605,14,0.4177215189873418,-0.18871162394189545,-1.1203935433914527,79
dmw=3635,15,0.0,-0.14081272035052494,-1.1292728207787601,26
dmw=3637,6,0.014450867052023121,-0.11230175689583019,-1.553413877145342,692
dmw=3637,8,0.034722222222222224,-0.10115511095543865,-1.3816120261191036,288
dmw=3637,14,0.06896551724137931,-0.10089655143940421,-1.3776268808392846,58
dmw=3637,4,0.028328611898016998,-0.09737184092419782,-1.3233009612682864,1059
dmw=3638,6,0.12549019607843137,-0.2696256220613165,-1.6132862633944514,255
dmw=3638,13,0.17857142857142858,-0.2417175730656335,-1.4551665945963426,56
dmw=3638,4,0.15319148936170213,-0.23964662056232344,-1.4434331221500725,470
dmw=3638,8,0.1875,-0.22689187456234106,-1.3711680844387948,112
dmw=3640,13,0.40350877192982454,-0.22932294889125143,-1.4950477378408045,171
dmw=3640,14,0.4594594594594595,-0.22697228569574107,-1.477802822162362,37
dmw=3677,14,0.35,-0.34737933231389706,-2.526250014529413,20
dmw=3677,13,0.4666666666666667,-0.17801531573367646,-1.2195989389131112,120
dmw=3685,8,0.29245283018867924,-0.3015847139730325,-1.9262912849100537,106
dmw=3685,13,0.36470588235294116,-0.23516651748791823,-1.498344165782845,85
dmw=3685,4,0.39018087855297157,-0.18209009457542158,-1.1563610424670683,387
dmw=3685,6,0.40584415584415584,-0.16876031236610695,-1.0704743096596243,308
dmw=3707,8,0.0,-0.207270642886101,-1.4852192782509146,15
dmw=3707,7,0.00909090909090909,-0.19845816806872799,-1.4298532443234335,110
dmw=3707,13,0.05555555555555555,-0.155728153502694,-1.1613938744854806,36
dmw=3713,10,0.4125,-0.34512098907199007,-3.3882664150398596,80
dmw=3720,13,0.09090909090909091,-0.19315038809217214,-1.3473435470945425,88
dmw=3721,13,0.3142857142857143,-0.4918116400115011,-2.526037530374933,35
dmw=3721,10,0.4603174603174603,-0.29608352381219666,-1.4163724512811227,63
dmw=3753,6,0.5051546391752577,-0.3320138616494698,-2.349503067989864,97
dmw=3753,4,0.5963855421686747,-0.23947833206869718,-1.6860457733213472,166
dmw=3753,8,0.66,-0.18778444424302732,-1.3154131403954208,50
dmw=3754,6,0.056666666666666664,-0.40136678763873124,-1.8514225730648362,300
dmw=3754,8,0.08333333333333333,-0.3946202875430141,-1.8177527873214372,96
dmw=3754,13,0.1276595744680851,-0.35634810623501845,-1.6267476548393702,94
dmw=3754,4,0.14312267657992564,-0.3125435959342645,-1.4081323053254506,538
dmw=3759,6,0.240625,-0.23438015601286769,-2.1787243185467897,320
dmw=3759,8,0.3240223463687151,-0.17096695503334924,-1.5911144172379614,179
dmw=3776,6,0.07485604606525911,-0.16015837720774867,-1.6591702788465972,521
dmw=3776,4,0.0920353982300885,-0.1412682729985556,-1.4637955781200604,565
dmw=3776,8,0.1165644171779141,-0.13313973356339479,-1.3797245247314018,163
dmw=3776,14,0.1774193548387097,-0.12478271167628963,-1.2932903456460534,62
dmw=3777,9,0.63,-0.22943544220756562,-3.3205291262068144,100
dmw=3836,14,0.3090909090909091,-0.27835689756022863,-1.5604792162130412,55
dmw=3836,13,0.2840909090909091,-0.2444578080578484,-1.3658072397697743,88
dmw=3836,6,0.2918287937743191,-0.21068325075104927,-1.1718504131727263,257
dmw=3836,4,0.2962962962962963,-0.2038308205107381,-1.1324990276959181,513
dmw=3857,13,0.6507936507936508,-0.18775789745694094,-2.3439013293948614,126
dmw=3857,4,0.694136291600634,-0.12840772620110164,-1.6347762525216702,631
dmw=3861,0,0.16683417085427135,-0.12101676349606968,-1.571445372744367,995
dmw=3861,1,0.1551901336073998,-0.10063542446705825,-1.413381142743494,973
dmw=3861,7,0.23055555555555557,-0.07717983615826962,-1.2314750618933203,360
dmw=3886,16,0.6116071428571429,-0.11153993804255635,-2.1190725006149274,224
dmw=3886,6,0.7285998672859987,-0.06827891209938963,-1.4225235009669075,1507
dmw=3888,13,0.23648648648648649,-0.4905684000661885,-2.091834359986211,148
dmw=3888,4,0.3075601374570447,-0.39633599422588306,-1.643598350441822,582
dmw=3888,6,0.344559585492228,-0.36132101599727984,-1.4770423342230399,386
dmw=3888,8,0.3978494623655914,-0.3243663748898902,-1.3012599086719734,93
dmw=3905,12,0.5238095238095238,-0.3452787419998826,-2.7386129732263482,42
dmw=3905,15,0.7,-0.21106586099432734,-1.587285152291171,20
dmw=3905,9,0.6282051282051282,-0.1968666346106096,-1.4654789273681375,78
dmw=3910,4,0.49184782608695654,-0.1801473749418716,-1.762191396156013,368
dmw=3910,6,0.5291828793774319,-0.14491160052879992,-1.4068109777913913,257
dmw=3910,8,0.5816993464052288,-0.10972401352301386,-1.051916567219881,153
dmw=3910,14,0.6388888888888888,-0.10573449191906403,-1.011679113089728,36
dmw=3916,8,0.24,-0.38383998803885166,-1.7590226329723633,25
dmw=3916,13,0.2608695652173913,-0.3686440806604913,-1.681487378493637,23
dmw=3916,6,0.32038834951456313,-0.28449628636595775,-1.2521335740777704,103
dmw=3916,4,0.34838709677419355,-0.25421526923001725,-1.097628396397282,155
dmw=3922,14,0.42857142857142855,-0.18385343532362514,-1.8053682658551724,21
dmw=3922,12,0.37142857142857144,-0.12194773871706632,-1.2517125878184803,35
dmw=3922,7,0.436,-0.11280737770198818,-1.1699654619042703,250
dmw=3947,13,0.09722222222222222,-0.3260135721116915,-2.013559496318717,72
dmw=3947,6,0.14056224899598393,-0.25744504059463436,-1.5658876873171976,249
dmw=3947,8,0.1744186046511628,-0.24290848087611575,-1.4709810611744312,86
dmw=3949,13,0.1375,-0.13591364890763735,-1.7205333975776052,160
dmw=3949,7,0.1507177033492823,-0.11823760196724498,-1.5164725095552136,418
dmw=3949,14,0.23529411764705882,-0.0880893156777442,-1.1684260208049269,102
dmw=3949,6,0.17851239669421487,-0.07468293032857204,-1.013656184045163,605
dmw=3966,13,0.5,-0.28578239641829606,-1.9784040501382616,108
dmw=3966,4,0.5017985611510791,-0.2642042658632954,-1.8007119991261333,556
dmw=3978,13,0.22033898305084745,-0.22283641760023995,-1.7600814736245711,59
dmw=3978,14,0.34375,-0.15895517589219077,-1.2658331851917135,32
dmw=3978,7,0.2890995260663507,-0.14851660265972128,-1.1850700876707239,211
dmw=3979,13,0.3291139240506329,-0.4768723456342,-2.5363029779849295,79
dmw=3979,6,0.5578947368421052,-0.2312648128732132,-1.0828748313214849,380
dmw=3980,6,0.08080808080808081,-0.5232512235928038,-1.970805081065544,99
dmw=3980,4,0.13705583756345177,-0.4647195682072939,-1.740864486981973,197
dmw=3980,8,0.21739130434782608,-0.40563827105640204,-1.5087646347459946,23
dmw=3983,3,0.2653061224489796,-0.29738110676129875,-1.630761119553378,49
dmw=3983,0,0.2648648648648649,-0.24366739432786239,-1.4071769155928866,185
dmw=3983,11,0.35294117647058826,-0.17588845804930292,-1.125045988003209,17
dmw=3988,12,0.4057971014492754,-0.41342783943493355,-3.02809574058583,69
dmw=3988,9,0.5,-0.26301455454412126,-1.8669873059899054,88
dmw=3995,6,0.07589285714285714,-0.2748052014477421,-1.4539554844921856,224
dmw=3995,13,0.12,-0.25479478990564275,-1.3313690809735208,50
dmw=3995,4,0.10315186246418338,-0.24537700556983877,-1.2736744999094722,349
dmw=3995,8,0.14285714285714285,-0.22627239671888671,-1.156637162384361,98
dmw=3995,5,0.18811881188118812,-0.21524761133708337,-1.089097882311232,101
dmw=3995,14,0.2222222222222222,-0.2100477151892685,-1.0572426370510286,27
dmw=4001,13,0.25,-0.4874622075263333,-2.512126287883709,40
dmw=4001,4,0.47342995169082125,-0.24141019993185797,-1.2220490770166625,207
dmw=4002,0,0.4497444633730835,-0.12303957616730044,-1.5281707161408737,1761
dmw=4002,1,0.42099322799097066,-0.11178069374416105,-1.4500717426551966,1772
dmw=4002,10,0.45112781954887216,-0.07861037817173122,-1.219980735480401,133
dmw=4002,7,0.5393474088291746,-0.05653456302999249,-1.066848440761169,521
dmw=4003,14,0.7608695652173914,-0.18781323805547534,-2.46941067351461,46
dmw=4003,16,0.72,-0.1772373797187915,-2.301323974974379,25
dmw=4004,14,0.37254901960784315,-0.4852247948594014,-3.0180361944168492,51
dmw=4004,13,0.6268656716417911,-0.19917411584789757,-1.13472748899126,67
dmw=4004,8,0.625,-0.19752727439071716,-1.1238849667379256,128
dmw=4053,8,0.35294117647058826,-0.259243547509546,-1.7664469669552814,136
dmw=4053,14,0.42857142857142855,-0.2440052069738627,-1.6637934822801819,56
dmw=4053,6,0.36363636363636365,-0.22938883534039078,-1.5653299075904927,275
dmw=4053,4,0.4053030303030303,-0.18541774666879762,-1.2691175039808609,528
dmw=4056,8,0.07954545454545454,-0.28073798702063724,-1.6179850124862425,88
dmw=4056,6,0.08695652173913043,-0.25509765444414534,-1.4534805847121022,184
dmw=4056,4,0.10071942446043165,-0.23919103737751474,-1.3514261776344207,278
dmw=4056,11,0.15384615384615385,-0.20365126406541761,-1.123408461620493,52
dmw=4057,8,0.33884297520661155,-0.22405232323819624,-1.333599785183203,121
dmw=4057,4,0.3169811320754717,-0.22376872597669845,-1.33177089366335,530
dmw=4057,6,0.33248081841432225,-0.21063720859883522,-1.2470869984510398,391
dmw=4057,13,0.3853211009174312,-0.1835317903084972,-1.0722867574633272,109
dmw=4066,1,0.37995337995337997,-0.16289228104736442,-1.864153388349338,429
dmw=4066,13,0.5094339622641509,-0.10154131301439873,-1.4129282758186146,53
dmw=4066,0,0.5015873015873016,-0.08108159362095402,-1.2624507938546214,315
dmw=4066,7,0.543046357615894,-0.06255402826841183,-1.1261839503285493,151
dmw=4087,4,0.5463576158940397,-0.22998453337447722,-1.8030690180325506,604
dmw=4087,13,0.608433734939759,-0.18704735672513928,-1.4636278169386372,166
dmw=4087,8,0.6055045871559633,-0.18600270363656957,-1.455369279075132,109
dmw=4087,6,0.5988142292490118,-0.17917999474556057,-1.4014321392489173,506
dmw=4146,11,0.7741935483870968,-0.15670494865139828,-2.176647856240846,93
dmw=4146,9,0.7514450867052023,-0.1345227132211415,-1.8238697222972384,173
dmw=4146,15,0.8316831683168316,-0.11237230351380201,-1.4715977329745125,101
dmw=4146,12,0.8125,-0.10371726541119819,-1.3339511823981598,144
dmw=4155,8,0.7021276595744681,-0.05508448382434494,-1.394470396544766,94
dmw=4166,8,0.3188405797101449,-0.25865671217449715,-1.9179475298747348,138
dmw=4166,4,0.3441108545034642,-0.21139660974907531,-1.539318917554903,433
dmw=4166,13,0.3925925925925926,-0.1908105659880388,-1.3743919541676242,135
dmw=4166,6,0.36899563318777295,-0.18886612253474577,-1.3588138684532205,458
dmw=4166,10,0.3629032258064516,-0.1483347190626716,-1.0340928402619727,124
dmw=4192,12,0.6511627906976745,-0.2655717561240998,-2.8543132266196682,43
dmw=4192,10,0.7540983606557377,-0.15898608950090387,-1.6662698276690737,61
dmw=4192,11,0.8157894736842105,-0.11554245511086991,-1.1820309548573467,38
dmw=4204,0,0.1531279178338002,-0.06909853072326416,-1.1247116454560702,1071
dmw=4204,3,0.20463320463320464,-0.05752222981968222,-1.0158470054949167,259
dmw=4228,14,0.05357142857142857,-0.35923154623856596,-1.648698361586935,56
dmw=4228,13,0.029411764705882353,-0.3268800357643206,-1.4786309590388922,170
dmw=4228,6,0.022690437601296597,-0.3100611005609721,-1.3902161499085917,617
dmw=4228,4,0.02857142857142857,-0.30206539844752867,-1.3481838531147914,805
dmw=4229,14,0.058823529411764705,-0.5770973013868383,-1.551142227155654,68
dmw=4229,8,0.05791505791505792,-0.5151446249140766,-1.3627618403448618,259
dmw=4229,6,0.03935185185185185,-0.5140255570377019,-1.3593590746949922,432
dmw=4229,13,0.06557377049180328,-0.5134085868419289,-1.3574830446225619,61
dmw=4229,4,0.06576402321083172,-0.48525443380316824,-1.2718743099926089,517
dmw=4249,12,0.7244897959183674,-0.12886675726895003,-1.729376646753601,98
dmw=4249,16,0.7083333333333334,-0.10849967270123595,-1.4015170106453996,24
dmw=4249,4,0.7733887733887734,-0.09562536296475077,-1.1942724984858448,481
dmw=4263,11,0.21875,-0.46364737561520997,-2.0983690595929647,32
dmw=4263,2,0.23943661971830985,-0.46182199678539293,-2.0895866982028646,142
dmw=4271,14,0.4,-0.4704434155695689,-2.5495108308719137,15
dmw=4271,15,0.5384615384615384,-0.3262129331004201,-1.7625669278208624,26
dmw=4271,9,0.5,-0.2463132823516354,-1.326622029514682,18
dmw=4276,10,0.417910447761194,-0.28071007015752814,-2.4479696647291944,201
dmw=4276,6,0.5889967637540453,-0.1475829619105099,-1.2971218290120716,927
dmw=4276,4,0.6006655574043261,-0.13405898851197917,-1.1802107376427926,1202
dmw=4284,5,0.8870967741935484,-0.07979847461082934,-2.390143617107266,124
dmw=4284,11,0.9,-0.06149901253575252,-1.8329945000385839,40
dmw=4294,13,0.4117647058823529,-0.38865151985481106,-3.0233035433578572,102
dmw=4294,4,0.6113861386138614,-0.17022618706017256,-1.2685600093536653,404
dmw=4301,8,0.23529411764705882,-0.48365527938563496,-1.6976434932159978,34
dmw=4301,6,0.2857142857142857,-0.4167869153878988,-1.4247513658742126,63
dmw=4301,14,0.4166666666666667,-0.3523226884819933,-1.1616706059143658,12
dmw=4301,4,0.36792452830188677,-0.332579075976663,-1.0810962341804637,106
dmw=4355,7,0.03614457831325301,-0.2579836350443296,-1.1345504548421534,83
dmw=4355,8,0.07317073170731707,-0.22060595708609232,-1.0069870866975736,41
dmw=4380,14,0.0,-0.1085098855004933,-1.9328162305439425,30
dmw=4380,8,0.017857142857142856,-0.0676781216461958,-1.2296239008888756,56
dmw=4394,4,0.6349397590361445,-0.08148001312995967,-1.1916342133803497,830
dmw=4394,15,0.6928104575163399,-0.08091574087970266,-1.1827711897475799,153
dmw=4394,8,0.6644067796610169,-0.06985039224683143,-1.0089677705765925,295
dmw=44,15,0.5,-0.14523798599187188,-1.4813859347495575,98
dmw=44,8,0.47701149425287354,-0.11807422316226518,-1.1941588870534243,174
dmw=4428,13,0.0,-0.37917046992654374,-1.8862641056220655,19
dmw=4428,6,0.14285714285714285,-0.21209498885727796,-1.1380286540512419,105
dmw=4431,1,0.19458544839255498,-0.11797377431768835,-1.6915789167795765,591
dmw=4431,7,0.2692307692307692,-0.1010225994492891,-1.5317547768314874,182
dmw=4431,0,0.2608695652173913,-0.08749254460428385,-1.404186664541838,621
dmw=4431,10,0.25,-0.05994588767986497,-1.144463029715925,60
dmw=4472,6,0.0,-0.5987704785890055,-2.022432868950963,148
dmw=4472,14,0.26666666666666666,-0.41114236103581653,-1.328550627660605,15
dmw=4472,4,0.18604651162790697,-0.41042994045932024,-1.3259159693119145,215
dmw=4494,7,0.5730994152046783,-0.17523877675320465,-1.938986513663297,342
dmw=4494,13,0.625,-0.12756263421482983,-1.474433381217074,96
dmw=4494,12,0.5909090909090909,-0.11329934790730456,-1.3354528769154763,44
dmw=45,14,0.0,-0.5406378079519312,-1.4861221961903526,12
dmw=45,13,0.0,-0.4809604887653299,-1.2414943690861628,18
dmw=45,5,0.08,-0.4310103779325501,-1.036740079798654,50
dmw=4512,9,0.6984126984126984,-0.21434787954583157,-3.4703118409838156,63
dmw=4513,1,0.41101223581757507,-0.17354681133233407,-2.225492834277675,1798
dmw=4513,8,0.5304347826086957,-0.11450631146145884,-1.7360531745789562,115
dmw=4513,0,0.522360248447205,-0.10091008559963177,-1.6233418633002004,1610
dmw=4542,6,0.36470588235294116,-0.3405945151834017,-1.9806468790218206,170
dmw=4542,13,0.4807692307692308,-0.2457310377477014,-1.416384865967265,52
dmw=4542,4,0.49732620320855614,-0.20598745518001793,-1.1799841508359703,187
dmw=4542,8,0.5230769230769231,-0.19857822769952072,-1.1359129684764762,65
dmw=4543,9,0.6292134831460674,-0.2728988404734404,-3.3179376680797663,89
dmw=4549,9,0.6224489795918368,-0.24120734128333698,-3.0753885870833164,98
dmw=4549,13,0.7692307692307693,-0.15005857921683008,-1.7984949260965901,91
dmw=4554,6,0.308868501529052,-0.2527984611315762,-1.7597845130654695,327
dmw=4554,4,0.33134328358208953,-0.2279736436166966,-1.5737830727790127,335
dmw=4554,13,0.3711340206185567,-0.21601720424253357,-1.4841987307004039,97
dmw=4554,8,0.366412213740458,-0.21484814139496106,-1.475439456909024,131
dmw=4559,6,0.2863568215892054,-0.49684242634857934,-2.542936659096879,667
dmw=4559,8,0.37091988130563797,-0.42555849297694454,-2.1701676491630173,337
dmw=4559,4,0.5011857707509881,-0.28038926146680765,-1.4110261688413583,1265
dmw=4562,13,0.30927835051546393,-0.19458665224840088,-2.064085909167802,388
dmw=4562,7,0.36470588235294116,-0.13351973082693153,-1.4744243660764855,850
dmw=4566,11,0.26666666666666666,-0.5556619715148972,-2.6394232339718293,15
dmw=4566,9,0.32,-0.40747128312513065,-1.8474106886931527,25
dmw=4567,8,0.08641975308641975,-0.11784330274343546,-1.2162149350483762,162
dmw=4567,6,0.08064516129032258,-0.11091887533830073,-1.158547305264833,310
dmw=4571,13,0.30851063829787234,-0.28072152078241047,-1.9631314925108885,376
dmw=4571,6,0.33549528301886794,-0.22828563341309543,-1.5579848993284686,1696
dmw=4573,12,0.1,-0.695920271889679,-2.760145117157448,40
dmw=4573,9,0.1956521739130435,-0.539157053805271,-2.082424082309152,46
dmw=4574,15,0.1044776119402985,-0.08927960156137549,-1.4290164019784166,67
dmw=4574,13,0.0967741935483871,-0.06916714814889025,-1.1642293113999684,93
dmw=4574,5,0.12359550561797752,-0.05966285482131556,-1.0391021512967453,178
dmw=4575,14,0.2826086956521739,-0.4995194305172908,-2.1686605443975604,46
dmw=4575,13,0.36,-0.37865815772578204,-1.5347990331941845,75
dmw=4575,8,0.4397163120567376,-0.2942332340526839,-1.0920293314802763,141
dmw=4577,6,0.4691780821917808,-0.16862646267301962,-1.496620943260943,584
dmw=4577,7,0.5045454545454545,-0.15191515951411239,-1.3521022931430917,440
dmw=4577,13,0.5126582278481012,-0.14887153851899138,-1.32578118619514,158
dmw=4577,10,0.4472049689440994,-0.14626255011427375,-1.3032187636935801,161
dmw=4578,1,0.08755760368663594,-0.1319557510079038,-1.5039432614673327,434
dmw=4578,0,0.12869198312236288,-0.11981903253574408,-1.421731948468924,474
dmw=4578,12,0.10810810810810811,-0.11740851349945042,-1.405403652197082,37
dmw=4578,3,0.2,-0.09139335940393006,-1.2291830386140374,120
dmw=4607,13,0.5590062111801242,-0.18612639684472365,-2.014589020808544,161
dmw=4607,6,0.6,-0.1248299640757421,-1.3681455882737827,370
dmw=4607,5,0.6533333333333333,-0.11395498070921672,-1.253456017304612,225
dmw=4620,13,0.4628099173553719,-0.16670153984566516,-1.6768715743849387,242
dmw=4620,8,0.46808510638297873,-0.15575267948968485,-1.5609314844194926,329
dmw=4620,6,0.45750708215297453,-0.1473753108753788,-1.4722215329508144,706
dmw=4620,4,0.4845771144278607,-0.11802300428035323,-1.161402967668645,1005
dmw=4674,8,0.2857142857142857,-0.31009058218458063,-1.6082241919422928,42
dmw=4674,4,0.3402061855670103,-0.23385892649232198,-1.1948323901873452,194
dmw=4674,11,0.375,-0.21788551754180618,-1.1082112057691653,24
dmw=4688,14,0.038461538461538464,-0.1673703346824425,-1.4875710379629217,26
dmw=4688,8,0.015151515151515152,-0.1509389111483731,-1.3032844900206975,132
dmw=4688,13,0.023255813953488372,-0.14622082453103025,-1.2503688133113902,43
dmw=4688,6,0.01485148514851485,-0.14044994372520292,-1.1856455286801546,202
dmw=4688,11,0.02702702702702703,-0.13739308497984104,-1.151361344807607,37
dmw=469,5,0.7146974063400576,-0.10681646412196144,-1.9647683973537222,347
dmw=469,4,0.7092457420924574,-0.07533843875044444,-1.3692261072764098,822
dmw=469,9,0.6275862068965518,-0.06657799914362394,-1.2034846986602685,145
dmw=4695,4,0.3654434250764526,-0.2493097923738316,-2.1470824311484926,654
dmw=4695,13,0.43902439024390244,-0.20230702068461542,-1.7677146845908727,164
dmw=4695,6,0.49747474747474746,-0.11953530820403307,-1.0996494426068966,396
dmw=4719,14,0.07142857142857142,-0.5585573075169483,-2.675477192414589,14
dmw=4719,6,0.19491525423728814,-0.3521400385844542,-1.6065402180706307,118
dmw=4721,5,0.2963917525773196,-0.12502863789617796,-1.773376081044298,388
dmw=4721,11,0.2784090909090909,-0.10536750487922164,-1.4974459780140017,176
dmw=4723,0,0.41203703703703703,-0.18007744420752786,-1.966837915530975,864
dmw=4723,1,0.4368932038834951,-0.11560713673671835,-1.5404524776565476,824
dmw=4723,3,0.5781990521327014,-0.06531668153543313,-1.2078479252179979,211
dmw=4746,13,0.4155844155844156,-0.3648614290057932,-2.7186813007569595,154
dmw=4746,4,0.5811023622047244,-0.17922146292922636,-1.1456757213492335,635
dmw=475,10,0.43333333333333335,-0.25723601660218975,-1.79027152846609,30
dmw=475,4,0.5425867507886435,-0.18467458834215844,-1.2829469765466484,317
dmw=475,13,0.5925925925925926,-0.1566510759979144,-1.0870162157531258,135
dmw=4770,7,0.20521739130434782,-0.14548140861338085,-2.202821259353497,1150
dmw=4770,1,0.21313432835820895,-0.08149182236929292,-1.4701749687355132,3350
dmw=4771,1,0.06950354609929078,-0.09701542099643769,-1.2489148936908645,705
dmw=4771,7,0.1148936170212766,-0.09041329086846575,-1.2023727019350823,235
dmw=4771,10,0.10126582278481013,-0.0635680811371329,-1.0131254628135336,79
dmw=4776,7,0.05263157894736842,-0.10479966685375922,-2.0936739067051406,190
dmw=4776,1,0.06382978723404255,-0.06242154556761463,-1.4044219830213396,799
dmw=4777,13,0.3939393939393939,-0.42138194986662736,-2.5741448526236512,33
dmw=4777,14,0.5,-0.3486523957288594,-2.081627207937355,20
dmw=4783,15,0.027777777777777776,-0.09523952565615434,-1.4098610392957098,36
dmw=4783,14,0.03333333333333333,-0.09520472952894335,-1.4093049595824843,30
dmw=4785,13,0.26582278481012656,-0.1679140552126539,-1.8134829221796855,158
dmw=4785,5,0.32122905027932963,-0.1422417986138556,-1.4839445165891028,358
dmw=4785,14,0.36885245901639346,-0.12426911015132996,-1.2532405627966572,122
dmw=4788,11,0.7105263157894737,-0.21761373911664605,-2.0658124495757755,38
dmw=4788,12,0.7058823529411765,-0.2070452319002385,-1.95192256199058,17
dmw=4788,10,0.7647058823529411,-0.1444212633192682,-1.277065025748115,68
dmw=4789,13,0.4015748031496063,-0.39894755084847083,-2.4214601546680754,127
dmw=4789,4,0.5059760956175299,-0.27574963053333035,-1.6027374030600292,753
dmw=4789,10,0.5144508670520231,-0.235389689400608,-1.334521819758009,173
dmw=48,12,0.6464646464646465,-0.23288356145171552,-3.326032829272762,198
dmw=48,14,0.8214285714285714,-0.1006036955820292,-1.3692557224120707,56
dmw=4806,4,0.24666666666666667,-0.28467641881011374,-1.6745792230995313,150
dmw=4806,8,0.3076923076923077,-0.24587533549183693,-1.4521337835297485,52
dmw=4806,6,0.3125,-0.22121793443212323,-1.3107736474638356,96
dmw=4806,13,0.3870967741935484,-0.1724561173390411,-1.0312236217978585,31
dmw=4811,13,0.08333333333333333,-0.3364455729369557,-2.340400020514102,48
dmw=4811,14,0.24675324675324675,-0.2321154476102236,-1.56737530739139,77
dmw=4811,6,0.22641509433962265,-0.16820038340168642,-1.0938023674635156,318
dmw=4811,4,0.2315270935960591,-0.1608116894177869,-1.039056501594303,406
dmw=485,10,0.07042253521126761,-0.09105775349182142,-1.4099659179638175,71
dmw=485,3,0.13147410358565736,-0.09032954720439301,-1.4024007516121433,251
dmw=485,0,0.1033013844515442,-0.08316606429510852,-1.3279809878697983,939
dmw=485,1,0.11098130841121495,-0.05215645690229154,-1.0058293634239157,856
dmw=486,0,0.02151238591916558,-0.05951932123296647,-1.3307383151234804,1534
dmw=486,1,0.01683937823834197,-0.05292292958200699,-1.2500161385131499,1544
dmw=487,12,0.225,-0.20054874921659485,-2.0324095757060605,80
dmw=487,0,0.321247892074199,-0.13565859515109735,-1.51028031152423,1186
dmw=487,3,0.4,-0.11128312052157685,-1.3141465711181255,230
dmw=487,1,0.33302238805970147,-0.08406586671883087,-1.0951468645257516,1072
dmw=4879,13,0.13414634146341464,-0.14824368188573178,-2.1350816967455635,82
dmw=4879,11,0.17647058823529413,-0.09860983457381786,-1.4262748315474223,85
dmw=4879,4,0.17839195979899497,-0.08151584844887488,-1.182160474608322,398
dmw=4885,13,0.18461538461538463,-0.24190562700144885,-1.5871997832858742,65
dmw=4885,8,0.2727272727272727,-0.14787261190684153,-1.1316073202025179,55
dmw=4885,7,0.2798165137614679,-0.14119618135228373,-1.0992598363119326,218
dmw=4888,13,0.1388888888888889,-0.12257384929669934,-1.3800932687454808,72
dmw=4888,6,0.11969111969111969,-0.12214289812402744,-1.3759795139123476,259
dmw=4898,13,0.4589041095890411,-0.14383540086210628,-1.890086334695571,146
dmw=4898,2,0.49829931972789115,-0.11685246854278147,-1.4482128907587943,588
dmw=49,14,0.5454545454545454,-0.19452622672417064,-2.067137281402926,11
dmw=49,12,0.4791666666666667,-0.1577151558534418,-1.6426090145627728,48
dmw=4902,14,0.13636363636363635,-0.10225435200994668,-1.8110314043330729,44
dmw=4950,0,0.16607142857142856,-0.19512196752199382,-1.6452175509861304,1680
dmw=4950,3,0.22633744855967078,-0.18650059986383774,-1.6004024749584298,486
dmw=4950,7,0.22975929978118162,-0.15365724735278338,-1.4296781307303958,457
dmw=4950,1,0.20168612191958496,-0.12304281399182904,-1.270540020280112,1542
dmw=4951,12,0.2,-0.234320008076013,-1.9465286072735857,35
dmw=4951,3,0.3795180722891566,-0.14070312950328762,-1.32289363573547,166
dmw=4951,0,0.32965686274509803,-0.13614313053797933,-1.2925169038010176,816
dmw=4952,13,0.0056179775280898875,-0.2547207382757085,-1.8261893033991146,178
dmw=4952,4,0.061371841155234655,-0.1776554861383986,-1.1918403308222738,554
dmw=4952,6,0.06626506024096386,-0.17450180919470198,-1.1658813976638018,332
dmw=4952,8,0.09411764705882353,-0.16157832735650068,-1.0595040460193563,170
dmw=4952,5,0.12403100775193798,-0.16011961845740547,-1.047496942094217,258
dmw=4953,13,0.014285714285714285,-0.13849246190100928,-1.4787078491320316,140
dmw=4953,14,0.06557377049180328,-0.12078132805039792,-1.2791201201586473,61
dmw=4953,4,0.036036036036036036,-0.10258553098961631,-1.0740706951554806,555
dmw=4963,4,0.26907630522088355,-0.31275921937880835,-2.885305843517074,498
dmw=4963,15,0.5471698113207547,-0.10600276450355561,-1.009492807460547,53
dmw=4964,4,0.2635135135135135,-0.29853651634547085,-2.877581221392586,592
dmw=4964,14,0.532258064516129,-0.11394767920601889,-1.11102516156302,62
dmw=499,7,0.05485232067510549,-0.2627302294279248,-2.62515935438457,474
dmw=499,13,0.19736842105263158,-0.12512295511163357,-1.433074023224816,152
dmw=499,1,0.18225255972696247,-0.08239411057411888,-1.0629160570587315,1465
dmw=5038,13,0.3473684210526316,-0.25439134149617265,-2.4450667747894568,95
dmw=5038,4,0.39655172413793105,-0.17764439063545567,-1.6668175745252494,406
dmw=5038,14,0.5172413793103449,-0.1401989927582996,-1.287104105460408,29
dmw=5076,15,0.0,-0.1248238626997772,-2.5173624025644186,12
dmw=5076,7,0.013333333333333334,-0.09016266899507187,-1.7979332121372162,75
dmw=5146,4,0.23076923076923078,-0.30168574058817904,-1.748638075261164,143
dmw=5146,14,0.36363636363636365,-0.2548005246355992,-1.467258539800132,11
dmw=5146,8,0.35555555555555557,-0.1991154379334244,-1.1330669719461486,45
dmw=5146,6,0.3482142857142857,-0.18661483291418757,-1.0580451476497168,112
dmw=5150,9,0.5555555555555556,-0.2354490471075389,-3.4243474183025464,225
dmw=5164,10,0.16666666666666666,-0.22188729993250608,-1.4509939029434258,24
dmw=5164,7,0.3082191780821918,-0.1458723984978284,-1.0219205153726587,146
dmw=5197,11,0.054945054945054944,-0.2638456216748615,-2.687781871713624,91
dmw=5197,2,0.12850812407680945,-0.20979894890899348,-2.098894247167881,677
dmw=5197,15,0.24390243902439024,-0.12566233168908697,-1.1821493280757378,41
dmw=5198,11,0.08823529411764706,-0.2223918916533706,-2.2001043169325674,68
dmw=5198,2,0.13781512605042018,-0.19207070735681098,-1.8726577520652221,595
dmw=521,12,0.6142857142857143,-0.29049492556262513,-3.7811407038442333,140
dmw=5259,13,0.5045871559633027,-0.26883851637270206,-1.938988235587213,109
dmw=5259,4,0.5121412803532008,-0.24072271501636078,-1.7117459067298433,453
dmw=5259,14,0.6216216216216216,-0.19095833392588846,-1.3095317315114647,37
dmw=5291,7,0.28095238095238095,-0.21929203003504194,-1.9006984937631815,210
dmw=5291,2,0.3902439024390244,-0.128662749305951,-1.075101268859121,328
dmw=5324,8,0.07058823529411765,-0.33948876146933593,-1.7472899617047837,85
dmw=5324,6,0.10185185185185185,-0.2890158343761035,-1.443029025975844,216
dmw=5324,14,0.2,-0.2749484961878416,-1.3582282877014455,25
dmw=5324,4,0.15960912052117263,-0.2289896139141457,-1.0811789202292381,307
dmw=5345,7,0.35051546391752575,-0.2982234909267826,-2.1812286924053823,291
dmw=5345,16,0.2857142857142857,-0.24549865258909287,-1.8001602249989634,21
dmw=5345,13,0.41333333333333333,-0.24052863478491515,-1.7642394497565521,75
dmw=5350,4,0.03827751196172249,-0.5022967443263168,-1.538839104743685,418
dmw=5350,13,0.07894736842105263,-0.4897320955940899,-1.4980433292129027,76
dmw=5350,6,0.05475504322766571,-0.4881875221677748,-1.4930283007681244,347
dmw=5350,8,0.10077519379844961,-0.46194612315025935,-1.4078259010236378,129
dmw=5350,14,0.21875,-0.4073615112523711,-1.2305967860775446,32
dmw=5361,14,0.0,-0.10218475014031385,-1.5613999627898392,17
dmw=5380,12,0.6868131868131868,-0.17384967253694972,-2.7929827800505658,182
dmw=5380,9,0.7080745341614907,-0.10634386578656763,-1.6605364930644149,161
dmw=540,8,0.23788546255506607,-0.281823005563679,-1.9506139212478966,227
dmw=540,6,0.24853228962818003,-0.25118156566953426,-1.7341118653728085,511
dmw=540,4,0.3025936599423631,-0.19473527188208822,-1.3352814352843538,694
dmw=5420,7,0.39634146341463417,-0.08202844855458369,-1.0412427395692943,328
dmw=5452,8,0.009615384615384616,-0.12044716238303163,-1.2845163550838816,104
dmw=5452,13,0.01639344262295082,-0.11643778969193523,-1.2551162344848348,61
dmw=5452,7,0.024096385542168676,-0.1061579210340062,-1.1797355199514532,249
dmw=5452,6,0.017985611510791366,-0.10328791053442517,-1.158690169142437,278
dmw=5452,4,0.022900763358778626,-0.09735980587089868,-1.11522027859859,393
dmw=5467,8,0.2641509433962264,-0.11162702632113225,-1.2094751350915443,106
dmw=5467,7,0.26877470355731226,-0.10740064649406017,-1.1779727991813231,253
dmw=5467,3,0.3054393305439331,-0.09996721197904657,-1.122565911811993,239
dmw=5477,13,0.2857142857142857,-0.27979056829832105,-1.4535305600969979,35
dmw=5477,15,0.3333333333333333,-0.27788218148754656,-1.4429055113309783,12
dmw=5477,8,0.29545454545454547,-0.2640822742055026,-1.3660737668384848,44
dmw=5487,13,0.2222222222222222,-0.2745848437692791,-1.791139960783243,72
dmw=5487,6,0.23723723723723725,-0.23353540690430744,-1.4965824991143388,333
dmw=5487,8,0.29347826086956524,-0.19726691185319012,-1.2363315271960256,92
dmw=5487,4,0.2768361581920904,-0.1915603668935727,-1.1953832091049985,354
dmw=5489,6,0.14365671641791045,-0.3919858372443509,-2.7793672229449786,536
dmw=5489,8,0.3582887700534759,-0.19718979974932882,-1.2982616627972512,187
dmw=5489,14,0.4406779661016949,-0.178530248881769,-1.1563862689483981,59
dmw=5522,7,0.01098901098901099,-0.07326407107053844,-1.138579065089734,91
dmw=5547,13,0.10091743119266056,-0.33550389456650365,-1.7599861882939842,109
dmw=5547,7,0.1174496644295302,-0.31343155247449295,-1.6545900463325198,298
dmw=5547,6,0.13108614232209737,-0.27988074241689365,-1.4943838514025856,267
dmw=5547,4,0.21189591078066913,-0.19676362333376166,-1.0974969399096468,538
dmw=5562,13,0.05,-0.19311062417667801,-1.6968559453876675,60
dmw=5562,8,0.052083333333333336,-0.1865926460659514,-1.6453002361409423,96
dmw=5562,4,0.08863636363636364,-0.13414838895635162,-1.2304782123060671,440
dmw=5562,6,0.1174496644295302,-0.10699128740405567,-1.0156717788033505,298
dmw=561,4,0.6472545757071547,-0.12742188419991118,-1.8562470125536328,601
dmw=561,10,0.6320754716981132,-0.11002579551526204,-1.6211460683515895,106
dmw=5639,6,0.4947589098532495,-0.22050060588750536,-2.4059402103157925,477
dmw=5639,8,0.532608695652174,-0.19866346185890804,-2.1521070534593125,92
dmw=5699,3,0.03449781659388646,-0.05209786517679251,-1.4120820720763383,2290
dmw=5700,14,0.3873239436619718,-0.1028167560403902,-2.5315243996673007,710
dmw=5700,11,0.35815338793745344,-0.06376382699690103,-1.4031086909433097,1343
dmw=5700,3,0.3961941937057819,-0.05935366007653231,-1.2756790268201104,4099
dmw=5700,8,0.3724740578918624,-0.0523992295548541,-1.0747340826610603,1831
dmw=5701,15,0.4187192118226601,-0.21585839896616293,-2.353640103754695,203
dmw=5701,16,0.3034825870646766,-0.15957759469558414,-1.6268490660271042,201
dmw=5702,15,0.5979381443298969,-0.13149004957883392,-1.8878321940772949,97
dmw=5702,2,0.6281618887015177,-0.07344473381238381,-1.0696341292005347,1186
dmw=5703,16,0.6515526924347539,-0.056855995099614476,-2.4090948005078103,12108
dmw=5704,16,0.6326530612244898,-0.1956637592128767,-2.931367748930171,49
dmw=5704,11,0.7752293577981652,-0.11055942961661258,-1.62712253851457,218
dmw=5705,16,0.5773195876288659,-0.2587887396384364,-3.127649823667822,97
dmw=5705,9,0.7019607843137254,-0.12351013042195014,-1.427643437256095,255
dmw=5706,9,0.5965996908809892,-0.2019254462307134,-2.458892426900834,647
dmw=5706,16,0.6443768996960486,-0.16605080868690614,-1.9976306652453368,329
dmw=5706,12,0.7522522522522522,-0.09573853638773333,-1.0935835498671356,222
dmw=5707,9,0.5657142857142857,-0.25180057266475886,-3.3507676546635574,350
dmw=5707,11,0.7592592592592593,-0.12668576735679427,-1.6290905232871637,324
dmw=5708,9,0.6555023923444976,-0.17002542096491458,-2.6978695207014614,209
dmw=5708,12,0.7327586206896551,-0.13668909914353644,-2.1603983622123573,116
dmw=5709,9,0.6106870229007634,-0.157356869088646,-2.374400205351125,262
dmw=5709,16,0.6666666666666666,-0.11458725100642242,-1.7159702901409841,66
dmw=5709,15,0.7936507936507936,-0.08427396133792198,-1.2493031174811735,63
dmw=5710,16,0.6942148760330579,-0.11484610533132567,-2.3210829900250087,121
dmw=5710,15,0.7872340425531915,-0.1078590966516364,-2.176753693092672,47
dmw=5711,16,0.5625,-0.26588930622981566,-2.820092539171702,48
dmw=5711,9,0.5988700564971752,-0.21849027248425734,-2.306388834042041,177
dmw=5712,16,0.30434782608695654,-0.42330665410488744,-3.3636491420051278,23
dmw=5712,9,0.5436893203883495,-0.16870985181166143,-1.3598297783651696,103
dmw=5713,9,0.4095238095238095,-0.41826140601868145,-3.6241768421728735,105
dmw=5737,12,0.46875,-0.2593640685488684,-1.8155456776052852,32
dmw=5737,6,0.5441176470588235,-0.21092896495426472,-1.4804011794981424,136
dmw=5737,8,0.5656565656565656,-0.2038861373085411,-1.431668653676847,99
dmw=5737,4,0.5576923076923077,-0.19558561750230097,-1.374233584108818,104
dmw=5751,7,0.18387909319899245,-0.19635588775958537,-1.9767896653922348,397
dmw=5751,10,0.20300751879699247,-0.11611804847313484,-1.3593390368462364,133
dmw=5751,1,0.23335883703136956,-0.08842137235241765,-1.1462060533131213,1307
dmw=5751,0,0.2857142857142857,-0.0723748540615603,-1.0227240042851904,1421
dmw=5756,11,0.09433962264150944,-0.1921977131434394,-1.7207581440422364,53
dmw=5756,9,0.03125,-0.15681459589068258,-1.4019140843439035,32
dmw=5756,2,0.15165876777251186,-0.1533043775756016,-1.3702828334845503,211
dmw=5756,13,0.17543859649122806,-0.1185892986960344,-1.0574585957657365,57
dmw=5757,6,0.17293233082706766,-0.30034984347315874,-1.684751998345553,133
dmw=5757,13,0.23333333333333334,-0.2659911043399456,-1.5080129039105317,30
dmw=5757,4,0.2655367231638418,-0.20536793621135696,-1.1961713140522012,177
dmw=5757,8,0.30612244897959184,-0.187139489210708,-1.1024053815085004,49
dmw=5778,12,0.2222222222222222,-0.2964503856525268,-1.8123679722125252,18
dmw=5778,1,0.29896907216494845,-0.2110353320006158,-1.4140900273853352,194
dmw=5778,0,0.3721973094170404,-0.17812131203334441,-1.2606167499231642,223
dmw=5788,13,0.0,-0.5850726065250103,-2.592142792773786,10
dmw=5788,9,0.03571428571428571,-0.40380781685843276,-1.7221112064248583,28
dmw=5788,11,0.30303030303030304,-0.2731889989699116,-1.0951692749906932,33
dmw=5871,16,0.0,-0.13859494822378335,-1.4140040458181222,21
dmw=5871,3,0.10191082802547771,-0.12678386660533947,-1.320801249307871,157
dmw=5871,13,0.125,-0.08649041641198457,-1.0028403410365425,16
dmw=5890,6,0.44036697247706424,-0.29682962618541087,-2.219827854603422,218
dmw=5890,8,0.5268817204301075,-0.22552091441991384,-1.6320935498620845,93
dmw=5890,13,0.5423728813559322,-0.21451995447393613,-1.541422418870416,59
dmw=5890,4,0.5831062670299727,-0.15223793534303598,-1.0280871151537407,367
dmw=5891,13,0.24,-0.3453150555915664,-1.6962680178646277,25
dmw=5891,4,0.23846153846153847,-0.31898873175850495,-1.5701684850112478,130
dmw=5891,6,0.3565217391304348,-0.20328068655665715,-1.0159425877742303,115
dmw=5892,14,0.15151515151515152,-0.3854640395518665,-1.8508563542899341,33
dmw=5892,4,0.17902350813743217,-0.2699723009427339,-1.2988206098012325,553
dmw=5892,6,0.2113022113022113,-0.2400548605545629,-1.1558190698055886,407
dmw=5892,8,0.25316455696202533,-0.2180747891666614,-1.0507571388080799,158
dmw=5897,13,0.49743589743589745,-0.14660978775157996,-1.6651449038667254,195
dmw=5897,6,0.4767676767676768,-0.1430315948713085,-1.621684973182071,495
dmw=5897,8,0.5350877192982456,-0.1033790441248913,-1.1400739576299128,228
dmw=5897,4,0.5165929203539823,-0.10095576125147754,-1.110641305665136,904
dmw=5897,12,0.4880952380952381,-0.09805179111149226,-1.0753703336362352,84
dmw=5898,8,0.6111111111111112,-0.19192413842525535,-2.0199789547009823,90
dmw=5898,6,0.627906976744186,-0.16216420159548484,-1.6961655235563904,215
dmw=5905,14,0.043478260869565216,-0.22273636628622798,-1.6087467745253172,23
dmw=5905,15,0.05555555555555555,-0.20096566253446688,-1.4323067560803713,18
dmw=5905,13,0.025,-0.19717793966502767,-1.4016092691930155,80
dmw=5905,6,0.043037974683544304,-0.16164310410694505,-1.1136182555447296,395
dmw=5905,4,0.043478260869565216,-0.15965424030049652,-1.0974995682163111,368
dmw=5906,8,0.4342105263157895,-0.20376159374141167,-1.4745892027651366,76
dmw=5906,6,0.42995169082125606,-0.18934262625732057,-1.3759533981710765,207
dmw=5906,13,0.49122807017543857,-0.1523263432586176,-1.1227361785132266,57
dmw=5907,5,0.19834710743801653,-0.16804705321681468,-1.093753885374896,121
dmw=5907,13,0.1875,-0.15145358400222247,-1.0001595551699922,48
dmw=5914,12,0.6666666666666666,-0.24788834042883723,-2.6865326792195665,57
dmw=5914,14,0.7714285714285715,-0.17412625402732262,-1.824196495814843,35
dmw=5914,9,0.7204968944099379,-0.1632846215547673,-1.6974493764699639,161
dmw=5916,13,0.0,-0.25408925392324,-1.443509134984156,30
dmw=5916,8,0.0,-0.24952036524400548,-1.415760651974708,36
dmw=5916,4,0.048034934497816595,-0.18509327156873648,-1.0244720389862558,229
dmw=5918,9,0.6532258064516129,-0.255076392867843,-3.6097068029050177,124
dmw=5919,9,0.6518518518518519,-0.24646617886405542,-3.628547558200297,135
dmw=5926,4,0.572429906542056,-0.17200141676238123,-2.168796540935869,428
dmw=5926,16,0.5609756097560976,-0.1009519324297471,-1.3279352645120572,41
dmw=593,4,0.018255578093306288,-0.08869580799896593,-1.0949640001966525,493
dmw=593,8,0.029411764705882353,-0.08639962225139328,-1.0756502278658944,170
dmw=5934,9,0.3888888888888889,-0.4512567855104976,-3.318218816622745,18
dmw=5934,16,0.6774193548387096,-0.1726317896231786,-1.1541807447613253,62
dmw=5940,4,0.6720741599073001,-0.11107771085994134,-2.23997201686821,863
dmw=5940,6,0.724087591240876,-0.060679998801792645,-1.3649549796081983,685
dmw=5941,14,0.2727272727272727,-0.40750532787261573,-1.7362380257564136,11
dmw=5941,13,0.25925925925925924,-0.36689077962064104,-1.5295358812460735,27
dmw=5941,8,0.2903225806451613,-0.33013334639947517,-1.342463991971983,31
dmw=5941,4,0.2830188679245283,-0.31613114291727434,-1.2712017075884467,106
dmw=5952,5,0.824390243902439,-0.10435417025724636,-2.5761932887394163,205
dmw=5952,16,0.8095238095238095,-0.0644182599515235,-1.5766976651686664,63
dmw=5955,6,0.21561338289962825,-0.1366189597542051,-1.5018811401675718,269
dmw=5955,7,0.28289473684210525,-0.08819888862745201,-1.0794644892499192,304
dmw=5955,13,0.29365079365079366,-0.0827225934882686,-1.0316892960645392,126
dmw=5962,6,0.3140495867768595,-0.40652914576091653,-2.318231776596441,121
dmw=5962,8,0.375,-0.36140248326368263,-2.074797246678643,40
dmw=5962,4,0.5483870967741935,-0.17026680967276053,-1.043721153826002,186
dmw=5963,8,0.38235294117647056,-0.34891611360832997,-1.8670262845322834,68
dmw=5963,13,0.42857142857142855,-0.30743661418981055,-1.6470904949936134,21
dmw=5963,6,0.4434782608695652,-0.27177803925272015,-1.4580188585815475,115
dmw=5963,4,0.5228758169934641,-0.19043358011602118,-1.0267080159815922,153
dmw=5970,13,0.056,-0.44152834394933876,-2.2613111647574917,125
dmw=5970,4,0.1935483870967742,-0.27556662254755937,-1.3167179762565593,775
dmw=5970,6,0.20911949685534592,-0.2623720439849596,-1.2416192792190717,636
dmw=5970,8,0.25824175824175827,-0.23322448733960255,-1.0757220877697535,182
dmw=5970,14,0.3333333333333333,-0.22372176361221957,-1.0216360730594005,78
dmw=5982,12,0.7387387387387387,-0.12726112769774178,-2.6060926670817586,111
dmw=5982,16,0.7142857142857143,-0.11771967379606751,-2.406352770807964,56
dmw=5986,9,0.4647887323943662,-0.3630622305836197,-3.459829852207484,71
dmw=5987,11,0.41916167664670656,-0.22957192788625325,-1.8296989100482406,167
dmw=5987,2,0.46096096096096095,-0.2076622420891514,-1.6606816601415335,666
dmw=5987,15,0.49056603773584906,-0.20763116971390305,-1.6604419594237239,53
dmw=5998,6,0.12289562289562289,-0.09433466736331933,-1.684705227853161,594
dmw=5998,8,0.1407035175879397,-0.09044076969886161,-1.609588469222573,199
dmw=5998,4,0.13333333333333333,-0.08227917413998309,-1.4521440121602602,720
dmw=6001,9,0.6424581005586593,-0.23422864174183466,-3.277584579067238,179
dmw=6001,12,0.8,-0.10914573257166871,-1.4170879473364348,35
dmw=6001,16,0.8032786885245902,-0.08136014607649655,-1.0038021481182098,61
dmw=6003,0,0.5262600592969081,-0.09770694154311266,-1.5573302531023863,4722
dmw=6003,1,0.5013345195729537,-0.0839451477410591,-1.4311294083423685,4496
dmw=6003,7,0.5762213066509712,-0.06978658646129865,-1.3012900560171203,1699
dmw=6004,3,0.3056768558951965,-0.13787095002402505,-1.2545257426840315,229
dmw=6004,0,0.2641025641025641,-0.12651463506389482,-1.1940117588550492,780
dmw=6004,1,0.2430453879941435,-0.10977750701628042,-1.1048252313967324,683
dmw=6004,16,0.2,-0.10193752165577935,-1.0630485856282375,10
dmw=6004,12,0.2631578947368421,-0.09762874277095018,-1.0400885517902694,57
dmw=6004,10,0.2553191489361702,-0.09472518391118545,-1.0246164629565966,47
dmw=6005,10,0.2222222222222222,-0.11193184344006174,-1.5826734600939854,36
dmw=6005,0,0.27335640138408307,-0.10058838734443942,-1.4948644073233577,578
dmw=6005,7,0.3208955223880597,-0.07557005033149955,-1.3011988739547053,134
dmw=6005,1,0.28622540250447226,-0.05064646708937609,-1.1082668241726865,559
dmw=6010,12,0.6363636363636364,-0.258918273213422,-3.1701877219547945,44
dmw=6010,9,0.7160493827160493,-0.14259061990699196,-1.7161861764514548,81
dmw=6027,14,0.38095238095238093,-0.41205019882906413,-2.5379609309480067,21
dmw=6027,16,0.4166666666666667,-0.22737972533983258,-1.3657030215159558,12
dmw=6027,4,0.519650655021834,-0.20947754669459084,-1.2520629245560382,229
dmw=6031,8,0.5947955390334573,-0.17300535558952668,-1.8112500355078647,269
dmw=6031,6,0.5951492537313433,-0.1580811210916473,-1.6410079192909153,536
dmw=6031,13,0.625,-0.14709643152564644,-1.5157045546213272,200
dmw=6031,4,0.6066134549600912,-0.14483943582725411,-1.4899587970053196,877
dmw=6032,13,0.3783783783783784,-0.3710435463152042,-2.650147382151906,74
dmw=6032,4,0.5465686274509803,-0.18088090997370454,-1.2318759344070813,408
dmw=6033,4,0.33516483516483514,-0.18318726563151605,-1.592689773579924,182
dmw=6033,1,0.32989690721649484,-0.14703012493822992,-1.3658496891412057,485
dmw=6033,13,0.4117647058823529,-0.13491202082880926,-1.2898239938923393,34
dmw=6039,16,0.7,-0.11221051142514449,-2.179075792658219,50
dmw=6039,10,0.75,-0.09339148831719257,-1.8295075074372178,84
dmw=6041,13,0.5,-0.2888720668142307,-2.19639398049697,66
dmw=6041,4,0.5135135135135135,-0.25578050675246267,-1.9536131184327397,370
dmw=6041,6,0.6267942583732058,-0.14418854045548313,-1.1349030386887484,209
dmw=6041,8,0.6578947368421053,-0.12690985446374148,-1.008135540493378,76
dmw=6044,16,0.3389830508474576,-0.43697438308828296,-2.954098811918186,59
dmw=6044,12,0.4936708860759494,-0.32515286504117985,-2.156263849256639,79
dmw=6045,16,0.5238095238095238,-0.31413358237383926,-3.05081020536257,21
dmw=6045,9,0.6351351351351351,-0.19226506178153924,-1.7634041399994616,74
dmw=6056,16,0.5540540540540541,-0.24278840761821807,-3.4023882887701684,148
dmw=6057,14,0.14814814814814814,-0.4113496781297039,-1.7062552182338524,27
dmw=6057,13,0.14285714285714285,-0.35714755601296316,-1.4504866869825042,14
dmw=6057,8,0.1774193548387097,-0.3165227334705874,-1.2587866060958024,62
dmw=6057,4,0.19254658385093168,-0.2790360869203464,-1.08189492445568,161
dmw=6061,7,0.17269076305220885,-0.13634877765223016,-1.9680778765219078,249
dmw=6061,11,0.20967741935483872,-0.09642265664873909,-1.504541086717565,62
dmw=6070,6,0.36428571428571427,-0.1876102649446762,-1.789234186415591,420
dmw=6070,11,0.41379310344827586,-0.15483228135157195,-1.4133556527268005,87
dmw=6070,4,0.423841059602649,-0.1256945126008508,-1.079220950331982,604
dmw=6070,13,0.4533333333333333,-0.12418768421715681,-1.0619415334400077,75
dmw=6074,0,0.5600328947368421,-0.11294318385316016,-1.7444982404502498,3648
dmw=6074,1,0.5375951293759513,-0.0987975465812847,-1.6073188434310137,3285
dmw=6074,7,0.6064718162839249,-0.0870833404392709,-1.4937186072426138,958
dmw=6082,16,0.6880733944954128,-0.14993585617474037,-3.3550650853796813,109
dmw=6083,14,0.75,-0.15032851447987305,-1.9649326712179962,32
dmw=6083,10,0.6981132075471698,-0.1434592056413284,-1.872083543684173,159
dmw=6083,12,0.75,-0.09772487633329208,-1.2539147184933987,124
dmw=6084,9,0.6388888888888888,-0.22020753448416663,-3.6898090106008006,108
dmw=6085,16,0.7037037037037037,-0.14408550811784726,-2.563508989152111,27
dmw=6085,9,0.7303370786516854,-0.10742575997681414,-1.8800041184333727,178
dmw=6085,12,0.8082191780821918,-0.07083487432393165,-1.1977831585009198,73
dmw=6086,9,0.49710982658959535,-0.30073567443981253,-3.0719571307575624,173
dmw=6086,16,0.65625,-0.15352865869503762,-1.4821427253224682,32
dmw=6086,10,0.7291666666666666,-0.11211785372100425,-1.0349120416808268,144
dmw=6093,12,0.7842105263157895,-0.11599597100071835,-2.341307364047554,190
dmw=6093,16,0.7586206896551724,-0.1150028318501709,-2.31954858568105,29
dmw=6093,9,0.7991071428571429,-0.0659208273119527,-1.2442063660715081,224
dmw=6094,9,0.6875,-0.07337904163737674,-1.958332658504166,176
dmw=6095,16,0.6,-0.23187560521788364,-2.5849274154954784,15
dmw=6095,12,0.6716417910447762,-0.19425032158376587,-2.1408092326555788,67
dmw=6096,16,0.5588235294117647,-0.17930215886459844,-2.809133078672962,68
dmw=6097,16,0.48148148148148145,-0.3095061867779883,-3.531044307119758,27
dmw=6098,9,0.5380434782608695,-0.29102334519175466,-3.12314512549547,184
dmw=6098,11,0.6991150442477876,-0.19461318839552733,-2.0249158118027144,113
dmw=6099,9,0.610062893081761,-0.2552199960617295,-3.469987031961012,159
dmw=6099,16,0.7586206896551724,-0.11524388380094308,-1.452088378393628,29
dmw=6101,16,0.5833333333333334,-0.1771136221897247,-2.141192442185828,72
dmw=6101,10,0.6608695652173913,-0.13721661869636803,-1.6811274475143192,115
dmw=6101,9,0.6158940397350994,-0.13049425814621063,-1.6036097770155033,151
dmw=6102,9,0.28888888888888886,-0.4756754819973724,-2.5706122207564928,45
dmw=6102,16,0.4666666666666667,-0.3112485911191437,-1.6412335004198724,15
dmw=6102,13,0.6470588235294118,-0.20672637922073833,-1.050449845617121,34
dmw=6104,7,0.48534201954397393,-0.1493338934982874,-1.6113120922420643,307
dmw=6104,10,0.4230769230769231,-0.14722604252674015,-1.594935734910079,104
dmw=6104,13,0.5327868852459017,-0.10710329360754267,-1.2832132828431786,122
dmw=6104,1,0.4920486435921422,-0.08123911798693206,-1.0822688196065617,1069
dmw=6107,12,0.6020408163265306,-0.28902601461842903,-2.912297387498966,98
dmw=6107,9,0.6707317073170732,-0.18246017197216657,-1.7413542896820466,82
dmw=6108,16,0.48,-0.3084362991526667,-2.964693832661629,50
dmw=6108,9,0.6355140186915887,-0.14002137721516072,-1.2719170336423011,107
dmw=6108,12,0.711340206185567,-0.11809962278219766,-1.0515764790702486,97
dmw=6109,9,0.6533864541832669,-0.2107221884536109,-3.0022231228782212,251
dmw=6109,16,0.7586206896551724,-0.1141334385285715,-1.5368246669187582,29
dmw=6109,12,0.8117647058823529,-0.08773423503807587,-1.136308539900292,170
dmw=6110,12,0.5,-0.3492366256275291,-3.165197282331558,94
dmw=6110,11,0.717948717948718,-0.15609257638944107,-1.3375306246213632,39
dmw=6110,16,0.6636363636363637,-0.14827675705541676,-1.2635717713414767,110
dmw=6113,9,0.5746268656716418,-0.25691760343323067,-3.1388432304872276,134
dmw=6113,12,0.78125,-0.09293063945164126,-1.095102146530542,32
dmw=6115,12,0.5849056603773585,-0.25733390934880296,-2.812283332954308,53
dmw=6115,9,0.6186440677966102,-0.17271879604937035,-1.865853737373841,118
dmw=6116,9,0.5688073394495413,-0.215228439273633,-2.619988617109859,109
dmw=6116,11,0.7448979591836735,-0.11801714793942075,-1.4328131188289428,98
dmw=6116,10,0.7142857142857143,-0.11552352834265855,-1.4023602357669178,112
dmw=6117,12,0.7547169811320755,-0.10672346417957013,-2.070060527491551,106
dmw=6117,10,0.7771428571428571,-0.07860498564448537,-1.544200439622169,175
dmw=6117,9,0.7569721115537849,-0.05842659333374223,-1.1668325411297098,251
dmw=6118,9,0.6744186046511628,-0.11006663676737494,-2.387865075651496,301
dmw=6118,16,0.7404580152671756,-0.05654838326349043,-1.4362064589672527,131
dmw=6119,4,0.5370370370370371,-0.22677251271407795,-1.8138840206945808,162
dmw=6119,13,0.5714285714285714,-0.21229359772414513,-1.6932104965532129,42
dmw=6119,5,0.6710526315789473,-0.13235570034623068,-1.0269735723257363,76
dmw=6119,14,0.6923076923076923,-0.12920006135845818,-1.0006731155693303,13
dmw=6120,12,0.620253164556962,-0.2680117467682146,-2.7146371370027627,79
dmw=6120,9,0.6310679611650486,-0.21851225282787068,-2.154782059601924,103
dmw=6121,10,0.759493670886076,-0.09651014269225011,-1.851616071764382,237
dmw=6121,11,0.7909836065573771,-0.09373850940792028,-1.8046683020768688,244
dmw=6121,9,0.7351598173515982,-0.08055103756497883,-1.5812901249048192,219
dmw=6122,9,0.6857142857142857,-0.13338633822645163,-2.712014738615929,140
dmw=6123,16,0.6,-0.21702777704135412,-3.1886344957233543,30
dmw=6123,9,0.7397260273972602,-0.06571408921884869,-1.04077814025558,146
dmw=6124,16,0.6285714285714286,-0.18635708604731727,-2.26629857827964,70
dmw=6124,11,0.7,-0.17621251359082568,-2.134892644763187,100
dmw=6124,9,0.6553398058252428,-0.14790011850785834,-1.7681530190253634,206
dmw=6125,12,0.7719298245614035,-0.09690701341261354,-2.284043197817099,114
dmw=6125,10,0.7862595419847328,-0.07714038211834506,-1.8112360198533515,131
dmw=6126,13,0.5263157894736842,-0.3013297998577307,-2.5570758804943563,57
dmw=6126,9,0.5540540540540541,-0.1735098859405223,-1.3816204342522203,74
dmw=6126,15,0.6896551724137931,-0.16329410397585675,-1.287674223681571,29
dmw=6127,9,0.6194690265486725,-0.18239318068839883,-2.795161834976946,113
dmw=6127,16,0.7419354838709677,-0.07167816607138788,-1.0603502698652185,31
dmw=6127,12,0.7814569536423841,-0.06920482057181421,-1.0215950170928616,151
dmw=6128,9,0.6628895184135978,-0.19146630446674562,-3.074582570515694,353
dmw=6128,16,0.7608695652173914,-0.10265422535093371,-1.644972201395534,46
dmw=6129,9,0.6704545454545454,-0.16965143640230496,-2.7272582522695146,176
dmw=6129,12,0.7843137254901961,-0.09657190427785878,-1.5223861997933736,102
dmw=6129,16,0.7789473684210526,-0.07106610397696211,-1.1018686476796555,95
dmw=6130,16,0.38461538461538464,-0.48243951455558204,-2.80507803687503,13
dmw=6130,9,0.559322033898305,-0.2987631209287017,-1.612981895988381,59
dmw=6130,12,0.6190476190476191,-0.27580565270439183,-1.4639833843433736,42
dmw=6131,12,0.5806451612903226,-0.22444620368964552,-3.0343336745851146,124
dmw=6131,16,0.6153846153846154,-0.14454394945753146,-1.9214000580664354,65
dmw=6132,16,0.7123287671232876,-0.10063894909431059,-2.7810692100564047,73
dmw=6132,9,0.7479270315091211,-0.05325846827767422,-1.5100171386571726,603
dmw=6136,16,0.43333333333333335,-0.3850765985215525,-3.4760717040191293,30
dmw=6136,9,0.6601941747572816,-0.14669493986851856,-1.246731873192927,103
dmw=6149,8,0.4142857142857143,-0.2729184186018441,-1.7386848276492648,70
dmw=6149,14,0.5128205128205128,-0.2280384248193661,-1.4495791325763763,39
dmw=6149,6,0.4659090909090909,-0.2038423924128498,-1.2937143434501557,264
dmw=6149,4,0.4642857142857143,-0.20335230829132378,-1.290557344113554,252
dmw=6150,9,0.5357142857142857,-0.2823481272458771,-2.6299430374907224,84
dmw=6150,16,0.6410256410256411,-0.18803221951895932,-1.6561961251357513,39
dmw=6150,10,0.719626168224299,-0.13830460555674684,-1.1427926948821219,107
dmw=6151,6,0.5645756457564576,-0.2371639658839042,-2.364959479890858,271
dmw=6151,8,0.6185567010309279,-0.19559590328570786,-1.9515241653690951,97
dmw=6156,9,0.5546875,-0.24803332584391646,-3.328666941354094,128
dmw=6160,16,0.7121212121212122,-0.1087560425870886,-2.103281882061052,66
dmw=6160,14,0.8,-0.10656968908869746,-2.0577027297367247,50
dmw=6162,12,0.7602739726027398,-0.12176182923725698,-2.6493858729285074,146
dmw=6162,16,0.7763157894736842,-0.07509567332459754,-1.6445454993379458,76
dmw=6162,13,0.8472222222222222,-0.05800972504941304,-1.2766418159893897,288
dmw=6163,16,0.5636363636363636,-0.21690085517052182,-2.3701129801665726,55
dmw=6163,12,0.6597938144329897,-0.16293365240366275,-1.7508445363219949,97
dmw=6163,6,0.7213114754098361,-0.12100597718334971,-1.2697285092439945,488
dmw=6164,13,0.667574931880109,-0.17890656994008536,-2.2451319276412804,367
dmw=6164,16,0.6268656716417911,-0.14098651527538497,-1.7303820124735465,67
dmw=6164,4,0.7398373983739838,-0.09126445988520326,-1.055424552090792,1353
dmw=6165,16,0.5,-0.3046955897531495,-3.6211983482341967,28
dmw=6166,9,0.5684210526315789,-0.23888815671807895,-3.12267475415497,95
dmw=6166,10,0.7019230769230769,-0.14717620605201598,-1.895044375179065,104
dmw=6167,16,0.5,-0.3198780240137197,-2.994008703694178,28
dmw=6167,9,0.6103896103896104,-0.19803893576516984,-1.7668991313088167,77
dmw=6168,13,0.7647058823529411,-0.1188685857488827,-1.9932286177863467,102
dmw=6168,4,0.7696428571428572,-0.10170319502153935,-1.7199081903285718,560
dmw=6168,12,0.7874015748031497,-0.06851942766709496,-1.1915309676925325,127
dmw=6168,16,0.7536231884057971,-0.06627817966254801,-1.1558441096202685,69
dmw=6169,9,0.38181818181818183,-0.405401447068775,-3.3743312695002956,55
dmw=6170,14,0.7428571428571429,-0.1811443704513933,-2.5406110853345987,35
dmw=6170,9,0.7375886524822695,-0.10427502131201671,-1.2849057468207448,141
dmw=6170,16,0.75,-0.10168148077935035,-1.2425387601221032,40
dmw=6170,12,0.7916666666666666,-0.09059119803544036,-1.0613725683555315,72
dmw=6179,16,0.6935483870967742,-0.14348834828032297,-2.3851354354301417,62
dmw=6179,11,0.7610619469026548,-0.13090841560064226,-2.1867872402468227,113
dmw=6180,16,0.5,-0.28122794285708297,-3.0099239198255687,30
dmw=6180,9,0.640625,-0.1273918143395012,-1.3913550115826245,64
dmw=6181,9,0.6064814814814815,-0.21323801800964715,-2.8447765142245967,216
dmw=6181,16,0.6785714285714286,-0.15206410547648097,-2.0464546369195737,28
dmw=6182,16,0.5757575757575758,-0.10880917160001258,-1.9143972737143842,33
dmw=6182,1,0.6578249336870027,-0.07446535469079762,-1.4442384398690553,754
dmw=6182,10,0.6666666666666666,-0.0632270101548228,-1.2903881274430002,48
dmw=6183,9,0.624,-0.12060238942342905,-2.3075468054128963,125
dmw=6183,10,0.717948717948718,-0.07861638338751187,-1.576214419359926,78
dmw=6184,16,0.3,-0.43506025714377256,-3.3254265543127635,30
dmw=6186,11,0.5357142857142857,-0.329498495012968,-3.481257104657313,56
dmw=6187,16,0.6129032258064516,-0.225517638448249,-2.7833942850071556,31
dmw=6187,9,0.676056338028169,-0.1518463148637743,-1.8913704247502998,71
dmw=6190,16,0.3835616438356164,-0.29633827772063037,-2.7146412466792307,73
dmw=6190,9,0.5378151260504201,-0.12539262874211043,-1.1897365155046293,119
dmw=6192,9,0.4166666666666667,-0.3496629431643377,-3.2491454121858294,132
dmw=6192,10,0.6590909090909091,-0.15587932427630646,-1.4687574312244318,132
dmw=6193,9,0.5742574257425742,-0.22385846021223976,-2.7693018770875493,101
dmw=6193,16,0.6470588235294118,-0.1629780594855187,-2.044963696766806,34
dmw=6194,16,0.7307692307692307,-0.06241076248494937,-1.9561467029417063,52
dmw=6195,9,0.643312101910828,-0.17944825557635935,-2.5216558608296675,157
dmw=6195,16,0.7,-0.1335296596917699,-1.8537895090724035,40
dmw=6195,11,0.7936507936507936,-0.09583861854383902,-1.305589424543042,63
dmw=6196,16,0.7354838709677419,-0.08825605963173722,-2.509853215252109,155
dmw=6197,11,0.7636363636363637,-0.11946676179551874,-2.549000174986091,110
dmw=6197,1,0.7863989046097672,-0.06916213390746939,-1.5765532717659259,2191
dmw=6197,9,0.7602996254681648,-0.05302752768242336,-1.2646525875358328,267
dmw=6198,10,0.7786259541984732,-0.08914489358231414,-1.93512991102501,131
dmw=6199,15,0.17699115044247787,-0.6068652018628478,-2.4933159759223833,113
dmw=6199,14,0.42,-0.3722427762367167,-1.4642734574267,100
dmw=6200,15,0.30612244897959184,-0.44278189068754525,-2.1339981424634025,98
dmw=6200,5,0.29739130434782607,-0.4383850746459264,-2.1130541203720714,575
dmw=6200,14,0.42574257425742573,-0.3324860480421326,-1.6086091921226522,101
dmw=6201,15,0.6097560975609756,-0.2637359967850075,-2.257551012327247,164
dmw=6201,12,0.6417910447761194,-0.17554416115099947,-1.4384117549071807,134
dmw=6201,5,0.6954813359528488,-0.17022856055669533,-1.3890396436198076,509
dmw=6202,15,0.4725274725274725,-0.36504772461181245,-2.4916262920139953,91
dmw=6202,5,0.6062639821029083,-0.2217545878527859,-1.4115284324801605,447
dmw=6202,9,0.49710982658959535,-0.20652588182241582,-1.2967393144602664,173
dmw=6202,14,0.6666666666666666,-0.1776246858845386,-1.0788913380916236,72
dmw=6203,15,0.5111111111111111,-0.29429636916690405,-2.2417772939165093,45
dmw=6203,12,0.5432098765432098,-0.18521444230067818,-1.3607633906047254,81
dmw=6203,3,0.6222826086956522,-0.16885871033651068,-1.2286642640744068,368
dmw=6204,15,0.48484848484848486,-0.36519098857849597,-2.9617777312356184,198
dmw=6204,5,0.6903485254691689,-0.15072853473693915,-1.0866280353443845,746
dmw=6205,15,0.3475177304964539,-0.43861328207124145,-2.8342252817046725,141
dmw=6205,5,0.5685670261941448,-0.20579593370935356,-1.1588344642686788,649
dmw=6206,15,0.36024844720496896,-0.46819477940936294,-3.1752999861035383,161
dmw=6206,16,0.52,-0.18572260040580102,-1.067106543138745,50
dmw=6207,15,0.32558139534883723,-0.48294156663121934,-2.9632806007753665,86
dmw=6207,14,0.5980392156862745,-0.21813754387978213,-1.1926511633036563,102
dmw=6208,16,0.4,-0.4301201221868587,-3.3970592195678546,50
dmw=6208,9,0.6753246753246753,-0.1438534241577023,-1.0166309883514633,231
dmw=6209,15,0.6197916666666666,-0.23486811093163773,-1.9596117997301392,192
dmw=6209,16,0.5555555555555556,-0.18936289245084514,-1.5110680573179136,54
dmw=6209,5,0.6662546353522868,-0.1796688108147525,-1.415513749450169,809
dmw=6209,14,0.6973684210526315,-0.16341849259963537,-1.2553347899606146,152
dmw=6210,15,0.4943820224719101,-0.3325602551777205,-2.7917502020123135,178
dmw=6210,5,0.6188118811881188,-0.19808492325643778,-1.6064323187523186,606
dmw=6211,15,0.4789473684210526,-0.3659661307035648,-2.619699725658777,380
dmw=6211,5,0.6113207547169811,-0.22438318894306208,-1.4807399087489823,1855
dmw=6211,14,0.6491228070175439,-0.2022572552206141,-1.3027484847248505,513
dmw=6211,9,0.5346784363177806,-0.18028759444870424,-1.126014193861816,793
dmw=6212,15,0.6101694915254238,-0.24371863127676985,-2.0830977117795872,354
dmw=6212,14,0.6545454545454545,-0.20549700792704184,-1.7264715544739497,275
dmw=6212,5,0.6427480916030535,-0.20236572189608504,-1.6972551474567188,1310
dmw=6213,5,0.5685483870967742,-0.2276655384085412,-1.9318175258897239,248
dmw=6213,15,0.6,-0.2071261986407652,-1.7550774980896586,45
dmw=6213,9,0.4523809523809524,-0.20593969477453028,-1.7448676895625002,84
dmw=6214,15,0.592814371257485,-0.23437447114586663,-2.884888172411314,167
dmw=6214,16,0.5656565656565656,-0.13823506675066355,-1.6058182434331616,99
dmw=6215,5,0.57243195785777,-0.2525322011241188,-2.0618198313606153,1139
dmw=6215,15,0.6320224719101124,-0.2026341491013275,-1.616431322279694,356
dmw=6215,14,0.639344262295082,-0.202126353731388,-1.6118987561059235,244
dmw=6216,15,0.5906432748538012,-0.26497283042453634,-3.074576953595043,171
dmw=6216,9,0.5905797101449275,-0.14120994179546142,-1.5488052657356006,276
dmw=6217,15,0.4766666666666667,-0.3230590171010965,-2.7204743733204486,300
dmw=6217,5,0.5788113695090439,-0.20969305462897903,-1.7126726105079808,774
dmw=6218,15,0.5536332179930796,-0.2530464441394151,-2.313294348636948,289
dmw=6218,9,0.4409448818897638,-0.21673083439371987,-1.9765464879723857,254
dmw=6218,5,0.6384083044982699,-0.15734021394754427,-1.4258283665132971,578
dmw=6219,12,0.5142857142857142,-0.2305254277791724,-1.8453173727564813,35
dmw=6219,9,0.4485294117647059,-0.22612222437129365,-1.8077195261402552,136
dmw=6219,15,0.6521739130434783,-0.1661338895136807,-1.295494220195121,69
dmw=6220,15,0.5470085470085471,-0.31875759114627134,-2.698113034674317,351
dmw=6220,9,0.5994897959183674,-0.14859178822055097,-1.1626456177244564,392
dmw=6221,15,0.4,-0.4168125214286744,-2.643192219238117,75
dmw=6221,5,0.43617021276595747,-0.3701465534281648,-2.3215790178084976,282
dmw=6222,9,0.5802469135802469,-0.1622498984271693,-2.346007156636317,243
dmw=6222,5,0.702928870292887,-0.1510261915713228,-2.184634103064516,478
dmw=6223,15,0.5111111111111111,-0.33913705939770533,-2.6713672512438107,90
dmw=6223,5,0.6268115942028986,-0.21448430719783895,-1.594191724289385,276
dmw=6223,14,0.6875,-0.1690300673074575,-1.2014030056919067,80
dmw=6223,12,0.6285714285714286,-0.1577261949071942,-1.1037216108210097,70
dmw=6224,15,0.5573770491803278,-0.2789383174214255,-2.2505779521340927,2318
dmw=6224,9,0.5049051667756703,-0.19680181189686652,-1.4947591377826983,4587
dmw=6224,5,0.6343537414965986,-0.19234620992992013,-1.4537587595176134,8820
dmw=6224,14,0.6567335243553009,-0.1863403307470104,-1.3984927550269879,1745
dmw=6225,16,0.1875,-0.45872397523963093,-2.0326045690808234,16
dmw=6225,15,0.4067796610169492,-0.3794617866510117,-1.600292760303752,59
dmw=6225,9,0.3523809523809524,-0.27635369458839726,-1.0379206308828657,105
dmw=6226,15,0.6213592233009708,-0.20984692022873397,-1.6966395121566866,103
dmw=6226,9,0.4930555555555556,-0.20087823215560363,-1.6183216183693463,144
dmw=6226,5,0.6263736263736264,-0.1949810797023228,-1.5668255070409254,273
dmw=6227,9,0.37815126050420167,-0.30184561482176586,-1.9251268499603393,119
dmw=6227,15,0.5283018867924528,-0.2936139881845534,-1.8651690091044146,53
dmw=6227,14,0.5697674418604651,-0.2593800102871342,-1.615814235242392,86
dmw=6227,5,0.5833333333333334,-0.22831175773611578,-1.389518094245835,324
dmw=6228,15,0.5526315789473685,-0.2670867246171753,-2.302681012532616,152
dmw=6228,14,0.6712328767123288,-0.1557874612351703,-1.2237483056199803,73
dmw=6228,9,0.5248868778280543,-0.15184992564516542,-1.1855779188303792,221
dmw=6228,5,0.6644295302013423,-0.14492064606994937,-1.1184056290787199,447
dmw=6229,15,0.45081967213114754,-0.3586900695753998,-2.3556583265729216,122
dmw=6229,5,0.5442043222003929,-0.2544943673785991,-1.6190085629607693,509
dmw=6229,14,0.6172839506172839,-0.19984906592026497,-1.2326735457470492,81
dmw=6230,14,0.5733333333333334,-0.23047958538171576,-1.5698970573753976,75
dmw=6230,5,0.560077519379845,-0.22431261263522762,-1.5226891285657114,516
dmw=6230,11,0.5563380281690141,-0.20039153419479616,-1.3395742333831637,142
dmw=6230,15,0.5965909090909091,-0.19918223487694187,-1.3303170956506551,176
dmw=6230,9,0.4691780821917808,-0.1729145050348453,-1.1292386781914696,292
dmw=6231,15,0.4452296819787986,-0.37167176317807143,-2.3761955287718872,283
dmw=6231,9,0.415,-0.25757824516101063,-1.5416057101464318,400
dmw=6231,5,0.6084959816303099,-0.19791359566335787,-1.1051610297821073,871
dmw=6232,15,0.6115007012622721,-0.2366153272177739,-2.2888607387760325,2852
dmw=6232,5,0.6594504579517069,-0.17960996697534215,-1.6681550128241713,12010
dmw=6232,9,0.5666543574593796,-0.15330822514839026,-1.381767176924756,5416
dmw=6233,9,0.4440816326530612,-0.25800689108452735,-2.2046744506388456,1225
dmw=6233,15,0.600609756097561,-0.23595508054007586,-1.997221398657541,656
dmw=6233,5,0.6201117318435754,-0.20684931221091118,-1.7234080327221408,2506
dmw=6234,15,0.6445623342175066,-0.17357416234384537,-1.9398860512577103,377
dmw=6234,14,0.6666666666666666,-0.1588222932765363,-1.748776979820349,312
dmw=6234,5,0.6821008984105045,-0.1255978412644423,-1.3183573398360655,1447
dmw=6234,9,0.5670650730411687,-0.10733370554708443,-1.0817471854465304,753
dmw=6235,15,0.3130434782608696,-0.46681640955610576,-2.701658400659146,115
dmw=6235,14,0.5060240963855421,-0.2823354120464171,-1.533318812156229,83
dmw=6236,15,0.45081967213114754,-0.38523555565543227,-3.094751395943946,122
dmw=6236,5,0.6331569664902998,-0.19327073622522728,-1.484437414347605,567
dmw=6237,15,0.2822085889570552,-0.5485940816586414,-2.4524441530905614,163
dmw=6237,5,0.3640939597315436,-0.456838798248765,-2.003757742253363,596
dmw=6237,12,0.47107438016528924,-0.28980903636270683,-1.1869766090202172,121
dmw=6238,15,0.5571955719557196,-0.28116605443045284,-2.4389134548097537,271
dmw=6238,5,0.6022584692597239,-0.226583345740888,-1.9034221021334579,797
dmw=6239,15,0.5481927710843374,-0.28247639269750713,-2.047162472774152,498
dmw=6239,14,0.5884615384615385,-0.24915397776043213,-1.7688066915913665,260
dmw=6239,9,0.4626218851570964,-0.2304994503177124,-1.6129777827706977,923
dmw=6239,5,0.6342200725513906,-0.1865730705293237,-1.2460427396887948,1654
dmw=6240,5,0.5289256198347108,-0.2806118195166063,-2.079910149120968,484
dmw=6240,9,0.43137254901960786,-0.24562979157851383,-1.7824787404751667,204
dmw=6240,15,0.6024844720496895,-0.2174131768531331,-1.5425696225750258,161
dmw=6241,14,0.4875,-0.35538839797413707,-2.5942646365401116,160
dmw=6241,5,0.6116751269035533,-0.21482399884973613,-1.4613420297562725,788
dmw=6241,15,0.6363636363636364,-0.19975983841219092,-1.3399277312694298,143
dmw=6242,5,0.6105476673427992,-0.2072237128015033,-2.0481756292772504,986
dmw=6242,15,0.6331658291457286,-0.19461315849862504,-1.9065258261185052,199
dmw=6242,14,0.7102272727272727,-0.12459305304775858,-1.1200152639296543,176
dmw=6243,15,0.5176470588235295,-0.3106062804473012,-2.9908971212333766,255
dmw=6243,5,0.6439842209072978,-0.1742830235039946,-1.5700073695123358,1014
dmw=6244,15,0.44776119402985076,-0.36073606368037964,-2.6297642477368406,201
dmw=6244,9,0.4243119266055046,-0.23599238057154298,-1.6533235965640625,436
dmw=6244,5,0.6182472989195679,-0.1793958084448799,-1.210309630932714,833
dmw=6245,14,0.6604651162790698,-0.2048434085716011,-1.848563273665725,215
dmw=6245,15,0.6553398058252428,-0.20400807322551928,-1.839973260288963,206
dmw=6245,5,0.6629213483146067,-0.1879228189900496,-1.6745635841637891,1068
dmw=6245,9,0.606993006993007,-0.13074787759086492,-1.0866158650372495,715
dmw=6246,14,0.25675675675675674,-0.48411656202394887,-2.0077931853661672,74
dmw=6246,15,0.2777777777777778,-0.4533392836378277,-1.85922388979708,108
dmw=6246,5,0.4221556886227545,-0.29525435684092743,-1.0961100783790658,334
dmw=6247,15,0.3355263157894737,-0.35882113709334973,-1.9933653521195631,152
dmw=6247,5,0.32253086419753085,-0.35705661421282264,-1.9829429530620861,648
dmw=6248,15,0.3415492957746479,-0.3972882937370713,-1.9654082292679003,568
dmw=6248,5,0.35334386519220645,-0.3720324474541202,-1.8245102784492941,1899
dmw=6248,14,0.5201793721973094,-0.22823073907896807,-1.0222656889282111,223
dmw=6249,15,0.3411764705882353,-0.3943037388959819,-1.7166496746351956,85
dmw=6249,12,0.273972602739726,-0.3691194176007494,-1.5831052332285322,73
dmw=6249,14,0.4489795918367347,-0.2961537489608667,-1.1961915123405515,49
dmw=6249,5,0.45144356955380577,-0.27046744574866693,-1.059985220574223,381
dmw=6250,12,0.41875,-0.3096743763360778,-1.791361738704561,160
dmw=6250,5,0.5037513397642015,-0.29067144184494764,-1.6678051561787068,933
dmw=6250,15,0.5502008032128514,-0.2552067226137946,-1.4372144802762294,249
dmw=6251,5,0.35406698564593303,-0.4004437662275168,-2.0098180646151995,627
dmw=6251,15,0.39097744360902253,-0.3760252118370907,-1.8744723855065932,133
dmw=6251,12,0.3821138211382114,-0.29873284906793035,-1.4460609750013782,123
dmw=6252,14,0.3191489361702128,-0.4408289070837633,-2.011241086650973,94
dmw=6252,5,0.3867403314917127,-0.3508915013047732,-1.5611461274774645,543
dmw=6252,15,0.4899328859060403,-0.26076595518571893,-1.1101096132530115,149
dmw=6252,3,0.4782608695652174,-0.25548686739150095,-1.0836902298537299,552
dmw=6253,5,0.48299319727891155,-0.29145239206670803,-1.878566774565012,441
dmw=6253,9,0.3680555555555556,-0.260636140248236,-1.666479245504017,288
dmw=6253,14,0.5915492957746479,-0.20298025144997656,-1.2696725519752294,71
dmw=6254,14,0.16216216216216217,-0.6336590792837801,-2.3137045380058323,74
dmw=6254,15,0.22935779816513763,-0.5581827314971552,-2.0069452611278407,109
dmw=6254,5,0.44552845528455287,-0.33029946344512673,-1.0807570105005133,615
dmw=6255,15,0.3787465940054496,-0.4006564462960352,-1.9709001956545662,367
dmw=6255,14,0.4,-0.38791550288516685,-1.904836075391081,200
dmw=6255,9,0.3276157804459691,-0.2916814540671248,-1.4058449434522928,583
dmw=6255,5,0.5064935064935064,-0.2608808250566115,-1.2461380525633656,1078
dmw=6256,15,0.3799212598425197,-0.41141574674088477,-2.242016560131013,508
dmw=6256,5,0.4695459579180509,-0.3102292061137046,-1.6367076449143192,1806
dmw=6256,14,0.5838150289017341,-0.2156923901033928,-1.0711781071659876,346
dmw=6257,15,0.4194915254237288,-0.3502003670764364,-1.807834887902925,236
dmw=6257,5,0.42334494773519166,-0.3339535989295925,-1.7100540172558834,1148
dmw=6257,14,0.546875,-0.23159758149927767,-1.0940262380791275,192
dmw=6258,14,0.19607843137254902,-0.5503900690412747,-2.049097048116657,51
dmw=6258,15,0.22727272727272727,-0.509575352138963,-1.8746737259763933,132
dmw=6258,5,0.37471264367816093,-0.34861001349435694,-1.1867819250109786,435
dmw=6259,5,0.2727272727272727,-0.40428149558808957,-1.8446832885711888,110
dmw=6259,9,0.21875,-0.2895195765564287,-1.2720648450476812,32
dmw=6259,14,0.4444444444444444,-0.25799072569259973,-1.1147478390228018,18
dmw=6259,15,0.4444444444444444,-0.24738922154112652,-1.0618503547575744,18
dmw=6260,15,0.2,-0.5412102027695658,-2.428227584177734,105
dmw=6260,12,0.3829787234042553,-0.2668918607919383,-1.1764665799307095,94
dmw=6260,9,0.30701754385964913,-0.2617056144443089,-1.1528008604254842,114
dmw=6261,15,0.2,-0.5065337910226271,-2.3715549260393747,75
dmw=6261,5,0.36026200873362446,-0.33183933392337583,-1.5116367209897856,458
dmw=6261,9,0.2839506172839506,-0.24177264586396946,-1.0682913165800543,243
dmw=6261,12,0.37209302325581395,-0.23731172676321155,-1.04633283197962,43
dmw=6262,15,0.1724137931034483,-0.5970783368053536,-2.4451512810085845,29
dmw=6262,5,0.41,-0.34709142694040723,-1.3511424527124185,100
dmw=6262,12,0.35294117647058826,-0.3309361039145881,-1.2804424867671187,34
dmw=6263,15,0.3076923076923077,-0.4440064008828325,-1.8038840222310384,52
dmw=6263,5,0.3364485981308411,-0.4022172655589296,-1.6112707358612472,107
dmw=6263,9,0.3125,-0.26976250251754674,-1.0007640334136414,48
dmw=6264,15,0.25773195876288657,-0.4601657275919717,-2.473767817694518,97
dmw=6264,5,0.3712574850299401,-0.33253231870945793,-1.7143087488446624,334
dmw=6264,14,0.45161290322580644,-0.2763422197025383,-1.3799599240032157,62
dmw=6265,14,0.21839080459770116,-0.6184329606625476,-2.630460502541224,87
dmw=6265,15,0.4692737430167598,-0.36057668089737666,-1.4018345052139458,179
dmw=6265,5,0.5257009345794392,-0.29423606774131095,-1.085736708113936,428
dmw=6266,5,0.32038834951456313,-0.4291745835602862,-1.9930212752302108,515
dmw=6266,15,0.39487179487179486,-0.36735547260506324,-1.6958923656762976,195
dmw=6266,9,0.2644628099173554,-0.3316525461212234,-1.5242889334996241,121
dmw=6267,12,0.36363636363636365,-0.47543792192657963,-2.9486872210987527,22
dmw=6267,16,0.5151515151515151,-0.2846764416699932,-1.678743459347894,33
dmw=6267,9,0.5887850467289719,-0.19864937625320134,-1.1060411773104502,107
dmw=6268,5,0.5927601809954751,-0.2347240747921242,-1.9734099687227935,221
dmw=6268,2,0.6359832635983264,-0.1815591738658593,-1.4947189626570694,239
dmw=6268,14,0.7083333333333334,-0.13546472429156042,-1.0796895342872292,24
dmw=6269,9,0.2698412698412698,-0.31186738097706385,-1.613083930723227,126
dmw=6269,15,0.4482758620689655,-0.3029976775169675,-1.5600550729458489,58
dmw=6269,11,0.43283582089552236,-0.2740207046701711,-1.3868118772939597,67
dmw=6270,15,0.23076923076923078,-0.4869867143194196,-1.9998947779747203,104
dmw=6270,14,0.2878787878787879,-0.439937731190518,-1.7910367698868506,66
dmw=6270,5,0.30743243243243246,-0.3962114677791836,-1.5969288493777936,296
dmw=6271,15,0.2865853658536585,-0.4367447589344116,-1.9791331425070704,164
dmw=6271,14,0.3402061855670103,-0.39305966001031156,-1.7588850919800774,97
dmw=6271,9,0.24766355140186916,-0.2985581422173412,-1.2824348703173953,214
dmw=6271,5,0.4215686274509804,-0.2878153116112329,-1.2282725230545908,408
dmw=6272,15,0.3790322580645161,-0.36730738948420616,-2.0188975486505747,248
dmw=6272,5,0.3949685534591195,-0.33815682746041287,-1.836299843641135,795
dmw=6272,9,0.35194174757281554,-0.22337082326223706,-1.1172858871800864,412
dmw=6273,15,0.15384615384615385,-0.555646661447666,-2.7933488178778196,78
dmw=6273,5,0.42805755395683454,-0.2670855451281835,-1.2829903228821387,278
dmw=6274,5,0.350597609561753,-0.4307162358807032,-2.0503875918542422,502
dmw=6274,15,0.4166666666666667,-0.3761497035340959,-1.7573825724791043,168
dmw=6274,9,0.32388663967611336,-0.3140365651455805,-1.4238546656410016,247
dmw=6274,14,0.4959349593495935,-0.30500846825300326,-1.375376640903652,123
dmw=6275,15,0.352112676056338,-0.38517358766758514,-1.989505272192498,71
dmw=6275,9,0.25316455696202533,-0.31055870438901045,-1.591266870928267,79
dmw=6275,5,0.5208333333333334,-0.20294158705310605,-1.016887244862136,192
dmw=6275,14,0.5454545454545454,-0.20144162250537956,-1.0088815567582032,22
dmw=6276,15,0.35537190082644626,-0.3483656721017641,-1.626017463593565,121
dmw=6276,14,0.41333333333333333,-0.3007654602695722,-1.3679970921191453,75
dmw=6276,11,0.3595505617977528,-0.29518240705932364,-1.3377337506796532,89
dmw=6276,5,0.42745098039215684,-0.26177711521961183,-1.156657963872657,510
dmw=6277,5,0.22365591397849463,-0.4083922774023083,-2.072490512321021,465
dmw=6277,15,0.3937007874015748,-0.2541625656653506,-1.2554672728623772,127
dmw=6277,9,0.21354166666666666,-0.24506229351917294,-1.2072590920579798,192
dmw=6277,14,0.4318181818181818,-0.22741426498063538,-1.1137696516367577,44
dmw=6278,15,0.2786885245901639,-0.42098894705888623,-1.765195344650782,183
dmw=6278,5,0.31442463533225284,-0.3706335032522988,-1.5318991656277205,617
dmw=6278,9,0.19339622641509435,-0.3241310710391472,-1.3164539440092393,212
dmw=6278,14,0.40404040404040403,-0.3060817935155357,-1.2328318534849467,99
dmw=6279,15,0.14285714285714285,-0.5315764293689891,-2.3059834017597196,42
dmw=6279,5,0.30935251798561153,-0.3498314535515809,-1.4913520573894148,278
dmw=6279,9,0.22321428571428573,-0.26495844900948573,-1.1109277321506454,112
dmw=6280,15,0.26666666666666666,-0.45048977835700793,-2.133235376379665,75
dmw=6280,5,0.3387096774193548,-0.3643171501471257,-1.7019418425177415,310
dmw=6280,9,0.21978021978021978,-0.31883660093364463,-1.4743119419362263,91
dmw=6281,14,0.16326530612244897,-0.5039338344221226,-2.2857436378690523,49
dmw=6281,15,0.32786885245901637,-0.32808827487919606,-1.4494437073003834,61
dmw=6281,5,0.3250883392226148,-0.3152153131449773,-1.388221478928377,283
dmw=6282,15,0.21212121212121213,-0.5930932576795426,-2.6016605371679478,33
dmw=6282,9,0.27906976744186046,-0.3764936374979024,-1.597906384197503,43
dmw=6282,5,0.4666666666666667,-0.32755494530309537,-1.371117364483222,120
dmw=6283,14,0.0,-0.8765451432334764,-3.4575355969452146,10
dmw=6283,15,0.4806201550387597,-0.39038748054950184,-1.425261036754718,129
dmw=6284,15,0.1864406779661017,-0.5398318405089921,-2.12750558038253,59
dmw=6284,14,0.29310344827586204,-0.4430376697336695,-1.7046386606771655,58
dmw=6284,5,0.33948339483394835,-0.3729322871864699,-1.3983676638284748,271
dmw=6285,15,0.16233766233766234,-0.5762088863392968,-2.6625983768418866,154
dmw=6285,14,0.42391304347826086,-0.32421305796521904,-1.4052753524007389,92
dmw=6285,5,0.43156424581005587,-0.29351160672623017,-1.2520916994188518,716
dmw=6286,14,0.2222222222222222,-0.4640577419669255,-1.9007290087448594,45
dmw=6286,15,0.24778761061946902,-0.42758127949446406,-1.7450985310215485,113
dmw=6286,5,0.3157894736842105,-0.3443515493512229,-1.3899905576879503,494
dmw=6287,15,0.0,-0.6459315893055182,-2.386561914830723,74
dmw=6287,14,0.125,-0.5323300636187037,-1.9255212718373256,24
dmw=6288,15,0.2857142857142857,-0.42495697762455464,-1.7152619273828043,112
dmw=6288,5,0.2994011976047904,-0.39695364704760155,-1.5826226153907987,334
dmw=6288,16,0.23076923076923078,-0.31874588373507023,-1.2121872527220046,13
dmw=6288,14,0.40816326530612246,-0.3127229025366569,-1.1836590717578512,49
dmw=6289,15,0.22251308900523561,-0.48296324424613735,-2.2997733223898673,382
dmw=6289,5,0.341820987654321,-0.349193635364458,-1.618554881644942,1296
dmw=6289,14,0.37745098039215685,-0.33835032123614506,-1.5633355713341048,204
dmw=6290,15,0.20652173913043478,-0.45799848465708326,-2.455628826056843,92
dmw=6290,5,0.27507163323782235,-0.3739762748597767,-1.988273301235118,349
dmw=6291,15,0.22149837133550487,-0.47047969658761846,-2.218362310807416,307
dmw=6291,5,0.27421109902067464,-0.4029457762737212,-1.8816589243812452,919
dmw=6291,9,0.2601626016260163,-0.24827627663456148,-1.1105242995395441,369
dmw=6292,5,0.33244962884411455,-0.38813667354492576,-1.8144336250675748,1886
dmw=6292,14,0.3685800604229607,-0.3752999432849526,-1.7473212685439286,331
dmw=6292,15,0.41986062717770034,-0.31433570842550007,-1.4285910792965442,574
dmw=6292,12,0.4051094890510949,-0.23646876832181296,-1.0214910047597305,274
dmw=6293,15,0.1125,-0.5467365819923061,-2.077541479003042,80
dmw=6293,14,0.2830188679245283,-0.38740640797443887,-1.43232649579282,53
dmw=6293,5,0.30337078651685395,-0.3402804724629453,-1.241487818327969,267
dmw=6294,15,0.29155313351498635,-0.40810749412513436,-1.982305645132151,367
dmw=6294,5,0.3598455598455598,-0.32519528388212865,-1.5146035854065836,1295
dmw=6294,14,0.4057142857142857,-0.3043914109249085,-1.3972503728478618,175
dmw=6294,9,0.25727069351230425,-0.2602365887698531,-1.1481760663228149,447
dmw=6295,15,0.25,-0.49196220647874,-2.149954207999005,140
dmw=6295,5,0.29930394431554525,-0.4292988795413775,-1.8630816438432516,431
dmw=6295,9,0.30735930735930733,-0.26232608843334465,-1.0986805966839697,231
dmw=6296,5,0.3375,-0.38323966958823297,-2.147154990910324,1360
dmw=6296,15,0.42857142857142855,-0.3057735579053184,-1.6773246306790162,476
dmw=6296,9,0.31994047619047616,-0.24005799383992155,-1.2787610979690271,672
dmw=6297,15,0.15151515151515152,-0.5446026887328405,-2.2201844832752067,297
dmw=6297,5,0.2567237163814181,-0.4246804141059113,-1.6787094872682713,818
dmw=6297,14,0.29545454545454547,-0.41117991191935116,-1.6177518012145269,88
dmw=6298,14,0.12,-0.6302923567560064,-2.192995386031921,50
dmw=6298,15,0.23622047244094488,-0.5045461722236404,-1.6867992989737692,127
dmw=6298,5,0.32242990654205606,-0.4049382018801987,-1.2858235952960435,428
dmw=6299,15,0.20108695652173914,-0.47987935662710257,-2.2860917954477427,184
dmw=6299,5,0.23252279635258358,-0.43334831459344936,-2.056922823032502,658
dmw=6300,15,0.22727272727272727,-0.5119257673513063,-2.3655657939478587,44
dmw=6300,5,0.3524229074889868,-0.3733260075858508,-1.6853344814457407,227
dmw=6305,16,0.4375,-0.3669089203320769,-3.5661075917467406,48
dmw=6306,9,0.5714285714285714,-0.2056373141595006,-3.0437771168950065,112
dmw=6307,16,0.5365853658536586,-0.063111618721721,-2.3949090396569033,246
dmw=6310,16,0.6403508771929824,-0.16580763517240793,-3.1553063444622276,114
dmw=6311,16,0.6851851851851852,-0.08481098319331803,-2.3615629179407693,108
dmw=6315,16,0.6532663316582915,-0.10834273233835723,-2.967749373382901,199
dmw=6317,16,0.611764705882353,-0.1839407649042789,-3.2645697965331406,85
dmw=6318,9,0.5378787878787878,-0.25405913075104747,-2.8713290041971997,132
dmw=6318,16,0.6181818181818182,-0.18595237262162134,-2.089395244896096,55
dmw=6319,9,0.7185185185185186,-0.10479110126835811,-2.2516777473784275,135
dmw=6319,16,0.7611940298507462,-0.07285824966175625,-1.6161083251756163,67
dmw=6319,10,0.8062015503875969,-0.056020253669491926,-1.2809764830308268,129
dmw=6321,16,0.5822784810126582,-0.23157538803657918,-3.378182426778414,79
dmw=6321,9,0.7035830618892508,-0.09853082631163412,-1.4389885554266488,307
dmw=6322,16,0.6,-0.15713965656078321,-2.4554778981249474,40
dmw=6322,1,0.7305825242718447,-0.06655450840089583,-1.2659274988474398,1648
dmw=6323,9,0.6808510638297872,-0.15267449178509473,-3.067099835967375,141
dmw=6324,16,0.5918367346938775,-0.18181791892709898,-2.9594655702423855,49
dmw=6324,10,0.75,-0.05973787023322974,-1.1470785370974863,124
dmw=6324,1,0.760752688172043,-0.05085620354243148,-1.0152222860938271,1488
dmw=6325,9,0.5714285714285714,-0.2558618826246494,-2.269887739232097,77
dmw=6325,16,0.5833333333333334,-0.2545054196110971,-2.257411054024825,24
dmw=6325,11,0.7222222222222222,-0.17031451353951432,-1.4830269227396553,54
dmw=6326,16,0.7023809523809523,-0.08881573512315799,-2.0086858348037744,168
dmw=6326,12,0.7619047619047619,-0.06987460631949582,-1.607486106266383,210
dmw=6326,9,0.7253218884120172,-0.05309491470846983,-1.2520686552228544,233
dmw=6327,11,0.7457627118644068,-0.1426404687620254,-2.161741086589642,59
dmw=6327,10,0.7313432835820896,-0.12911399092299336,-1.9639220983735373,67
dmw=6327,16,0.75,-0.08199727713814209,-1.2748601888429154,20
dmw=6328,16,0.72,-0.06448335281248618,-1.7972226051889808,125
dmw=6329,9,0.568,-0.280577767335212,-3.533418839490499,250
dmw=6330,16,0.7769230769230769,-0.07390093740740411,-2.3944690295275057,130
dmw=6331,10,0.6666666666666666,-0.1823889968519291,-3.241466428657485,141
dmw=6332,9,0.5422222222222223,-0.2637368208014538,-3.6559489230325384,225
dmw=6333,16,0.6486486486486487,-0.1851564661338556,-3.1760153662843225,74
dmw=6333,1,0.8060747663551402,-0.05737855512502443,-1.139381471563249,2140
dmw=6334,9,0.7068181818181818,-0.1246873395388014,-2.498370135190142,440
dmw=6334,16,0.7586206896551724,-0.08322490840058949,-1.6754788287522686,145
dmw=6334,11,0.8292682926829268,-0.06609255015758242,-1.3354585195245028,369
dmw=6335,9,0.7266187050359713,-0.08227162580839209,-2.1373575550319788,278
dmw=6335,16,0.7619047619047619,-0.0584135819105861,-1.6353717744856977,84
dmw=6336,12,0.7605633802816901,-0.10950464093144108,-2.099250021048672,142
dmw=6336,10,0.7608695652173914,-0.10380462767991505,-1.990980371620873,322
dmw=6336,16,0.7543859649122807,-0.08252526768113078,-1.5867867767201065,57
dmw=6337,16,0.5384615384615384,-0.2412703566388258,-3.2133529535740153,13
dmw=6337,11,0.7551020408163265,-0.0954311162806708,-1.2154539782815152,49
dmw=6338,11,0.8289473684210527,-0.06696424960549208,-1.7454649007617786,152
dmw=6338,12,0.8246753246753247,-0.05012154054409068,-1.3815599719022025,154
dmw=6341,16,0.5,-0.2466538025089534,-2.548688979023524,34
dmw=6341,10,0.5846153846153846,-0.2012345522244695,-2.0862919821392687,65
dmw=6343,9,0.6305732484076433,-0.16954547667099085,-2.9236741848432204,157
dmw=6343,10,0.7692307692307693,-0.073934524255033,-1.347425984975812,169
dmw=6344,9,0.5777777777777777,-0.2325281140995764,-2.4182939731561546,135
dmw=6344,11,0.6588235294117647,-0.22222247603860268,-2.3021322101492703,85
dmw=6345,1,0.7845622119815668,-0.07188729117067771,-2.562515772986328,1736
dmw=6346,9,0.6456692913385826,-0.1013909204986092,-1.5079284679439708,127
dmw=6346,16,0.6732673267326733,-0.0878262180693078,-1.3274957371952611,101
dmw=6346,11,0.7567567567567568,-0.07987378861386385,-1.2217154172648574,148
dmw=6347,9,0.6428571428571429,-0.12139773318001124,-1.9989905713098157,168
dmw=6347,16,0.660377358490566,-0.11724085024733855,-1.931199948993649,53
dmw=6347,11,0.7615384615384615,-0.08742881612141828,-1.445024038187439,130
dmw=6348,9,0.6530612244897959,-0.1042067958613595,-1.716038114854264,98
dmw=6348,11,0.752,-0.09197852600797018,-1.5344572349020968,125
dmw=6348,8,0.7729257641921398,-0.07264056869332525,-1.2473026866486971,229
dmw=6348,1,0.7509842519685039,-0.058225572719826646,-1.0332505202541737,2032
dmw=6349,16,0.5555555555555556,-0.10052443340336115,-1.821885872522048,36
dmw=6349,1,0.6327116212338594,-0.07355251026492571,-1.4542094722678676,697
dmw=6350,9,0.4827586206896552,-0.2696566395025472,-3.319892748049082,203
dmw=6351,9,0.6181102362204725,-0.20137059861627704,-2.9447005982608268,254
dmw=6351,16,0.6878980891719745,-0.14251024162351622,-2.0370148528299494,157
dmw=6352,12,0.6901408450704225,-0.12413043183468009,-2.2204836603426243,71
dmw=6352,10,0.746268656716418,-0.06080611875912045,-1.2126146023461777,134
dmw=6352,1,0.7505530973451328,-0.05841270980503366,-1.1745211322270879,1808
dmw=6353,9,0.6416184971098265,-0.19749408643571964,-3.100365240062897,173
dmw=6353,16,0.7415730337078652,-0.10749753571674459,-1.6832654417116202,89
dmw=6354,9,0.5371428571428571,-0.19654142760335536,-2.4869930373841833,175
dmw=6354,11,0.6962962962962963,-0.13059740824869803,-1.6450647574458228,135
dmw=6354,16,0.6461538461538462,-0.10205575878332496,-1.280664436140748,65
dmw=6355,16,0.574468085106383,-0.21077605152038525,-2.615486076782974,141
dmw=6355,9,0.6029411764705882,-0.16926364218567402,-2.109611121991292,204
dmw=6356,16,0.6129032258064516,-0.1675904679001209,-2.5208961823615685,31
dmw=6356,12,0.7058823529411765,-0.11680805543372297,-1.8380926700381013,17
dmw=6356,1,0.7497546614327772,-0.06781689453352757,-1.1793737334851782,1019
dmw=6357,11,0.7424242424242424,-0.15449721216175516,-2.5101605898719717,330
dmw=6357,9,0.7067137809187279,-0.12712797011631605,-2.0471995785992414,283
dmw=6357,16,0.7682119205298014,-0.0758534250486187,-1.1798713859631527,151
dmw=6358,9,0.5094339622641509,-0.2351643403930963,-3.118170929579037,265
dmw=6358,16,0.6666666666666666,-0.09205744419472905,-1.1560946782629122,72
dmw=6359,12,0.6216216216216216,-0.20550633332704416,-3.2955831387689236,74
dmw=6360,16,0.6890243902439024,-0.11061997181247019,-3.0803352577587155,164
dmw=6361,9,0.6590909090909091,-0.16914601747423863,-3.1314380180561603,88
dmw=6362,9,0.7529411764705882,-0.0927768261618459,-1.664544444328901,170
dmw=6362,12,0.7962962962962963,-0.08896553564161513,-1.5865819989877592,54
dmw=6362,16,0.7692307692307693,-0.08610686576745163,-1.5281060332670073,52
dmw=6362,15,0.85,-0.07251565630694923,-1.2500889366799246,40
dmw=6363,9,0.676923076923077,-0.15712391075120646,-2.4258230068955107,325
dmw=6363,16,0.6966292134831461,-0.14763109926441909,-2.268344927825181,178
dmw=6364,16,0.66,-0.1932541480178962,-2.577939523806732,100
dmw=6364,9,0.6991525423728814,-0.1443687734803184,-1.903873797302999,472
dmw=6364,11,0.8211382113821138,-0.08221401747758361,-1.0468405607377307,246
dmw=6365,9,0.7105263157894737,-0.13348749247177383,-2.6394787703113907,228
dmw=6365,16,0.7555555555555555,-0.09816576441785041,-1.9452486931196535,45
dmw=6366,16,0.65,-0.18110847629025828,-2.804753346041553,80
dmw=6366,10,0.7463414634146341,-0.11335218396506852,-1.7338856473741895,205
dmw=6367,16,0.6888888888888889,-0.15446371672237957,-1.8770954486305407,45
dmw=6367,11,0.7560975609756098,-0.14032309926293385,-1.677593827660842,82
dmw=6367,15,0.7843137254901961,-0.13123295746760189,-1.549346385269156,51
dmw=6367,9,0.729064039408867,-0.1040274825339117,-1.165520405669079,203
dmw=6368,16,0.576271186440678,-0.1805805482569217,-2.6297689520906826,59
dmw=6368,8,0.7578125,-0.07729802340353864,-1.1773861368780272,128
dmw=6368,1,0.7234468937875751,-0.07343691480338344,-1.1230903323699957,998
dmw=6369,15,0.6952380952380952,-0.20672440381261792,-3.070513756296802,105
dmw=6370,9,0.5729166666666666,-0.23916118821464483,-2.975104978210819,96
dmw=6370,11,0.7959183673469388,-0.08633482749653298,-1.1106642911629276,49
dmw=6371,9,0.5579399141630901,-0.21690353208920454,-2.910361139939485,233
dmw=6371,11,0.764367816091954,-0.09209774047993413,-1.282114363661892,174
dmw=6371,16,0.7126436781609196,-0.0751295576115455,-1.0607433143019496,87
dmw=6372,11,0.6086956521739131,-0.2799950738036223,-2.8580269317601257,115
dmw=6372,16,0.6349206349206349,-0.1974821075319685,-1.9301755474834548,63
dmw=6373,9,0.7017543859649122,-0.12220203508444827,-2.424068846130495,57
dmw=6373,1,0.7953216374269005,-0.06886541335838259,-1.4794619863345178,684
dmw=6373,8,0.8235294117647058,-0.06794286128376692,-1.4631233246420565,119
dmw=6374,16,0.41379310344827586,-0.31903236062504353,-3.1431547753973543,58
dmw=6375,9,0.6181818181818182,-0.15514163522405378,-2.8084411208761053,275
dmw=6375,11,0.762589928057554,-0.09280381810637084,-1.699248824493525,278
dmw=6375,16,0.7253521126760564,-0.060964345385743024,-1.1327211612625037,142
dmw=6376,9,0.32142857142857145,-0.48730769668281665,-3.722191968716838,56
dmw=6378,10,0.3076923076923077,-0.26052992390368646,-1.5312042231816916,13
dmw=6378,12,0.3448275862068966,-0.23486080995395053,-1.404657230625988,29
dmw=6378,1,0.38860103626943004,-0.18260957772361336,-1.147062196024225,193
dmw=6382,4,0.0777027027027027,-0.15550722591123345,-1.144668753463425,296
dmw=6383,11,0.6039603960396039,-0.15263362473526043,-1.9538386120440592,101
dmw=6383,13,0.6777777777777778,-0.08544969672767533,-1.1927292181104416,90
dmw=6384,15,0.5405405405405406,-0.3187655750900591,-2.700496403150501,37
dmw=6384,9,0.504424778761062,-0.23324925650822248,-1.9751497445531594,113
dmw=6385,9,0.3090909090909091,-0.47916858810727414,-3.353655310537279,55
dmw=6387,9,0.5896551724137931,-0.16509133556968014,-2.5952287811645895,290
dmw=6387,11,0.6851851851851852,-0.15698484649023425,-2.4695303040746155,108
dmw=6389,16,0.625,-0.1772370459739464,-3.0427334851974774,136
dmw=6389,9,0.7076923076923077,-0.08226119088087647,-1.4525279946290206,390
dmw=6393,1,0.7520128824476651,-0.05761626800964714,-1.7850131855006799,621
dmw=6393,7,0.7916666666666666,-0.05447493035767714,-1.7146591594209712,216
dmw=6394,16,0.5344827586206896,-0.20647883960734514,-2.076475779033498,58
dmw=6394,9,0.5722543352601156,-0.15391684325109167,-1.5707235452496833,173
dmw=6394,8,0.6905829596412556,-0.13255665301736164,-1.3651955083856322,223
dmw=6394,10,0.6857142857142857,-0.09506554349449003,-1.0044555498096472,140
dmw=6395,6,0.5463576158940397,-0.11086787970449785,-1.5046344403758445,302
dmw=6395,8,0.575,-0.10001890527341317,-1.4094444012511256,80
dmw=6395,4,0.5879828326180258,-0.06709032453472341,-1.1205255814356423,466
dmw=6396,7,0.1206896551724138,-0.39287463277292256,-1.8370186747768567,812
dmw=6396,1,0.13452566096423016,-0.314952035240071,-1.5590097657277835,2572
dmw=6396,0,0.1956450016496206,-0.2941449034221203,-1.4847749711970955,3031
dmw=6396,3,0.3275217932752179,-0.2166370683117833,-1.2082458337707433,803
dmw=6396,12,0.28662420382165604,-0.17145468786941115,-1.0470460702524853,157
dmw=6397,1,0.58207343412527,-0.09985150744710647,-1.924107803839732,1852
dmw=6397,0,0.6243523316062176,-0.09161949596774299,-1.8290786351645656,1930
dmw=6398,1,0.22344322344322345,-0.1803197316159528,-1.6910104143969233,273
dmw=6398,0,0.29936305732484075,-0.14391339443595952,-1.4751759679481287,314
dmw=6398,3,0.36486486486486486,-0.13265209175230003,-1.408413496925483,74
dmw=6404,9,0.7982646420824295,-0.08283473244791728,-2.1374972925170717,461
dmw=6404,12,0.8432835820895522,-0.06922918329108674,-1.7353592285684336,268
dmw=6406,16,0.6781609195402298,-0.15304460030191547,-2.9088303417441748,87
dmw=6406,9,0.7186147186147186,-0.10170355697816136,-1.9128684402364533,231
dmw=6407,16,0.5531914893617021,-0.2655905745138595,-2.740361520759809,47
dmw=6407,9,0.5860215053763441,-0.22125779122098466,-2.249854591814872,186
dmw=6408,1,0.6625119846596357,-0.08742814090531192,-1.637720401694676,1043
dmw=6408,16,0.625,-0.07909154722463907,-1.5188674660299433,40
dmw=6409,9,0.591304347826087,-0.1745230187767649,-2.348083695812418,115
dmw=6409,12,0.68,-0.14152663878559735,-1.9269596471304948,25
dmw=641,13,0.4166666666666667,-0.42388358279668664,-2.2420012893557324,24
dmw=641,6,0.422360248447205,-0.4037141143881845,-2.130892952898152,161
dmw=641,4,0.5026737967914439,-0.32202566461956617,-1.680892606941399,187
dmw=6410,16,0.673469387755102,-0.1696348606043122,-3.1843346778944994,98
dmw=6411,9,0.4426229508196721,-0.3360420673619044,-2.963484206734895,61
dmw=6411,10,0.6666666666666666,-0.1586565338903313,-1.4005255832215766,42
dmw=6418,13,0.0,-0.09760499203920996,-1.599121817798784,42
dmw=6418,14,0.024390243902439025,-0.09639466229479615,-1.5780621968675472,41
dmw=6418,10,0.0,-0.07474936902639591,-1.2014361796339217,62
dmw=6418,6,0.0149812734082397,-0.07381719796182332,-1.185216492929887,267
dmw=6419,16,0.6153846153846154,-0.20993336597031909,-2.9717942355372142,143
dmw=6419,9,0.6931567328918322,-0.12097917221959975,-1.6966707036340944,453
dmw=6420,9,0.6538461538461539,-0.18632205964611714,-2.8892665557601296,234
dmw=6420,11,0.8058823529411765,-0.0952485866246986,-1.3657312011056815,170
dmw=6421,9,0.6706730769230769,-0.16349012650798644,-2.7928407718775228,416
dmw=6421,16,0.7075471698113207,-0.13682354096143245,-2.325688330339234,106
dmw=6422,16,0.5677966101694916,-0.29376819147059285,-3.660814946450518,118
dmw=6423,14,0.37735849056603776,-0.38890597318603193,-2.55205746863638,53
dmw=6423,8,0.49404761904761907,-0.2218047402134935,-1.3323600807965488,168
dmw=6423,5,0.5638297872340425,-0.180477031644245,-1.0307028321297949,188
dmw=6423,13,0.5408163265306123,-0.1799430742997271,-1.026805396026296,98
dmw=6425,9,0.6264367816091954,-0.17589336037306313,-2.453151016678495,174
dmw=6425,11,0.7611111111111111,-0.11447677094588338,-1.5309612750638777,180
dmw=6425,12,0.7464788732394366,-0.10455699753771197,-1.382012703326536,142
dmw=6425,16,0.7333333333333333,-0.08072693389371566,-1.024196672845503,30
dmw=6426,16,0.5714285714285714,-0.19413471798073556,-2.531392724174139,28
dmw=6426,12,0.6363636363636364,-0.1735675608889714,-2.262518167693795,55
dmw=6427,16,0.6630434782608695,-0.17633136501288194,-2.317092611453553,92
dmw=6427,11,0.759493670886076,-0.13412680929051957,-1.7518721007997096,79
dmw=6427,9,0.6994219653179191,-0.1294840944756429,-1.689694982866104,173
dmw=6431,16,0.6666666666666666,-0.20203162231969918,-2.816338513712013,33
dmw=6431,9,0.7010309278350515,-0.15879056956709703,-2.2151180847144563,97
dmw=6433,11,0.6380368098159509,-0.21300214659152472,-2.5269704598835045,163
dmw=6433,16,0.6438356164383562,-0.13657981466520985,-1.5995758212459965,146
dmw=6433,9,0.6533333333333333,-0.1138365266741952,-1.3235831523989852,225
dmw=6434,16,0.6039603960396039,-0.19016647374713502,-2.362491330759494,101
dmw=6434,10,0.6857142857142857,-0.14195913710350783,-1.731403796789571,105
dmw=6434,15,0.75,-0.13593931263902592,-1.6525976141475787,36
dmw=6436,12,0.7702702702702703,-0.10131293830410182,-1.8109231164463282,74
dmw=6436,16,0.75,-0.08874141159556459,-1.5812253975000896,64
dmw=6436,9,0.7456896551724138,-0.08255013678534195,-1.468102963427568,232
dmw=6436,11,0.8333333333333334,-0.0598404096602686,-1.0531674794995523,180
dmw=6437,16,0.574468085106383,-0.2264987342279866,-3.307847154877103,47
dmw=6438,16,0.6074766355140186,-0.1987586290330029,-2.8400469932583317,107
dmw=6438,9,0.6907216494845361,-0.10341468008849286,-1.5503757890877525,194
dmw=6439,9,0.6733067729083665,-0.1853323266394702,-3.139645603833019,251
dmw=6439,12,0.8235294117647058,-0.0717518002742853,-1.1390490742442874,102
dmw=6440,12,0.6,-0.27964262286604,-2.755562709003673,70
dmw=6440,9,0.5955882352941176,-0.24292719997486967,-2.4008229913657093,136
dmw=6441,16,0.72,-0.1394697938846885,-3.202216945261313,50
dmw=6441,9,0.7840909090909091,-0.06598586639437509,-1.5213886134672345,352
dmw=6442,16,0.4583333333333333,-0.31502297492665826,-3.2844884121756133,24
dmw=6442,8,0.7346938775510204,-0.11268035072463989,-1.2315109428067703,98
dmw=6443,6,0.2569832402234637,-0.15943969057687513,-1.642012775262361,358
dmw=6443,4,0.26545454545454544,-0.14865193766209422,-1.523702465157311,550
dmw=6449,16,0.7244897959183674,-0.13132029665491596,-3.037415365289298,98
dmw=6449,10,0.8024691358024691,-0.07834488873218126,-1.7558437111239082,162
dmw=6450,16,0.7647058823529411,-0.05683219760100422,-1.6004565167553668,51
dmw=6450,11,0.8270676691729323,-0.05388546546385631,-1.52195807424707,133
dmw=6451,9,0.5568181818181818,-0.2429395767433986,-2.981410553388879,176
dmw=6451,12,0.7264150943396226,-0.12256292065356322,-1.471606106239742,106
dmw=6452,11,0.7796610169491526,-0.09600041946629312,-2.097502873963784,177
dmw=6452,16,0.7412587412587412,-0.07290373582743559,-1.628425718997479,143
dmw=6452,10,0.78125,-0.06383116494134067,-1.4441682816085133,192
dmw=6453,9,0.6577181208053692,-0.10798948459011082,-2.142015554830753,149
dmw=6453,6,0.7653958944281525,-0.07573862060211622,-1.5382177695814068,341
dmw=6454,16,0.5416666666666666,-0.2447633248642117,-2.9992445937333843,48
dmw=6454,9,0.6666666666666666,-0.10677523455338334,-1.2727804489938543,114
dmw=6455,9,0.5902439024390244,-0.2453825730430187,-3.4872317316965895,205
dmw=6455,12,0.7916666666666666,-0.08571516922646427,-1.16749032683173,96
dmw=6456,16,0.589041095890411,-0.12128932536857528,-2.4215989479558253,73
dmw=6456,1,0.6745,-0.08104795082021099,-1.8087366214720881,2000
dmw=6457,8,0.48333333333333334,-0.20692299087633087,-2.549885713231278,120
dmw=6457,1,0.5323224261771747,-0.10087533225782841,-1.3592948542914118,1253
dmw=6458,16,0.7393617021276596,-0.10776166764022077,-2.2620712900216735,188
dmw=6458,9,0.7352185089974294,-0.1018430570416542,-2.138406349274015,389
dmw=6459,14,0.0,-0.4583933078695608,-2.3337912501546474,15
dmw=6459,8,0.1095890410958904,-0.284496790738013,-1.435960642326274,73
dmw=6459,7,0.19333333333333333,-0.20115700399274225,-1.0056759383882967,150
dmw=6460,9,0.6993865030674846,-0.15117539034490102,-2.965541164749942,163
dmw=6460,16,0.7931034482758621,-0.06682607792411377,-1.3415562320051553,29
dmw=6461,16,0.5172413793103449,-0.28961291784133203,-2.8370718454796773,58
dmw=6461,9,0.5913978494623656,-0.2033863273194374,-1.9554281874307549,93
dmw=6461,10,0.7265625,-0.1121855632704748,-1.0229249451441753,128
dmw=6462,9,0.3867403314917127,-0.43302724698153017,-3.6582556888136963,181
dmw=6462,16,0.6944444444444444,-0.13623685871730662,-1.088088035937545,36
dmw=6463,16,0.45588235294117646,-0.3244857029759916,-3.2033919585987833,68
dmw=6463,9,0.6506550218340611,-0.11646545802314479,-1.1475475161392055,229
dmw=6463,11,0.7474226804123711,-0.10358122874947073,-1.0202138945791406,194
dmw=6467,14,0.2222222222222222,-0.5641752738893756,-3.2358147151004975,18
dmw=6467,5,0.5588235294117647,-0.2069294811280813,-1.0088912427557333,102
dmw=6468,16,0.6185567010309279,-0.1371331360268121,-2.1094022456687442,97
dmw=6468,10,0.6814814814814815,-0.11239243187444292,-1.7761708626397397,135
dmw=6468,9,0.6511627906976745,-0.09028412955367893,-1.4783951763294512,129
dmw=6469,16,0.6111111111111112,-0.19435105665696428,-3.2524735730106333,36
dmw=6469,1,0.7805325987144169,-0.05865884599450699,-1.170799314048427,1089
dmw=6470,16,0.5526315789473685,-0.2785644149742511,-2.410119419884237,38
dmw=6470,9,0.5806451612903226,-0.2396631067871393,-2.0270747449336914,93
dmw=6470,12,0.6557377049180327,-0.20959004103238077,-1.7309580271772873,61
dmw=6471,16,0.6133333333333333,-0.21524019164936659,-2.853202167255175,75
dmw=6471,11,0.7752293577981652,-0.11074203063607246,-1.3823115076439652,218
dmw=6471,9,0.7092511013215859,-0.10830267817264805,-1.347975776573118,227
dmw=6472,9,0.7520661157024794,-0.08440041712486024,-1.711252604916402,121
dmw=6472,10,0.8117647058823529,-0.06116369994285942,-1.2512513597686608,85
dmw=6472,16,0.7916666666666666,-0.05489167884032342,-1.127088488819132,48
dmw=6472,11,0.8484848484848485,-0.05018601637173625,-1.0339337381785465,33
dmw=6473,9,0.702247191011236,-0.1660283863721581,-3.0798624200735882,178
dmw=6473,12,0.8141592920353983,-0.08854357681552649,-1.5768145463696617,113
dmw=6474,16,0.5526315789473685,-0.2429867185514698,-3.2884911464133055,38
dmw=6474,9,0.6730769230769231,-0.10995790408217387,-1.4144232623081552,156
dmw=6475,16,0.7122302158273381,-0.1212104407571144,-2.0267085477418134,139
dmw=6475,11,0.7884615384615384,-0.1009648204790411,-1.6908673087979458,208
dmw=6475,9,0.7335907335907336,-0.08907608796671729,-1.4936529680382642,259
dmw=6476,9,0.6597510373443983,-0.1921761097902579,-2.86614723750314,241
dmw=6476,16,0.7652173913043478,-0.09600577018492895,-1.3446051487119548,115
dmw=6476,11,0.8290598290598291,-0.07983134097690303,-1.0887042659326946,117
dmw=6477,9,0.6567505720823799,-0.16847083818411168,-2.4453526620617425,437
dmw=6477,11,0.7437185929648241,-0.14742789575208237,-2.1265468532566114,199
dmw=6478,12,0.7883597883597884,-0.0660434861929442,-2.3818503454691244,189
dmw=6480,9,0.5364583333333334,-0.24560762886682352,-3.4823075048253553,192
dmw=6481,9,0.38961038961038963,-0.4707594495984482,-3.667782711579812,77
dmw=6482,12,0.09523809523809523,-0.7100955176034496,-3.7604782623790696,21
dmw=6483,9,0.48760330578512395,-0.3716523214138508,-3.814401583206448,121
dmw=6486,4,0.7220708446866485,-0.1390435307418978,-1.8083427648474222,367
dmw=6486,8,0.7441860465116279,-0.1272970130955583,-1.6530610244729051,129
dmw=6486,10,0.7349397590361446,-0.10348950181560213,-1.338340364542719,83
dmw=6487,12,0.6881720430107527,-0.13515688941803883,-2.0015871202387876,93
dmw=6487,16,0.6551724137931034,-0.12607135583503914,-1.8732250467081772,87
dmw=6487,9,0.6642335766423357,-0.10379973642538198,-1.5585675505697605,274
dmw=6488,9,0.6653846153846154,-0.1743439702616374,-3.0121360019082686,260
dmw=6488,16,0.75,-0.09965527585481648,-1.7520704766925532,236
dmw=6489,12,0.75,-0.14285257436295373,-2.451581600282524,56
dmw=6489,9,0.7314285714285714,-0.12406924864840407,-2.117963432119871,175
dmw=6490,16,0.696078431372549,-0.16039344013722134,-2.6572628301127406,102
dmw=6490,12,0.7668161434977578,-0.11937651982918851,-1.9315799544563885,223
dmw=6491,16,0.6454545454545455,-0.13892197241874937,-2.463028920906569,110
dmw=6491,12,0.6944444444444444,-0.131548783543594,-2.340833296836355,108
dmw=6491,1,0.7651187904967602,-0.055830183808364464,-1.0859513583651759,1852
dmw=6492,16,0.6956521739130435,-0.1437308973524153,-2.286858618288552,92
dmw=6492,10,0.74,-0.12679221991908352,-2.0160929917619526,200
dmw=6492,12,0.7931034482758621,-0.07901066529547618,-1.2523023932930615,87
dmw=6493,16,0.7746478873239436,-0.0532970601694408,-1.5810072298101039,71
dmw=6493,10,0.8048780487804879,-0.05209535899807327,-1.5537528435743495,246
dmw=6493,9,0.7652582159624414,-0.05163550887444701,-1.5433235178996418,213
dmw=6494,9,0.6551724137931034,-0.17780336098595528,-2.297955138789177,232
dmw=6494,11,0.7687861271676301,-0.12755723882997771,-1.5929497852685033,173
dmw=6494,16,0.7216494845360825,-0.12159315079745014,-1.5092674270807818,97
dmw=6494,12,0.7763157894736842,-0.09898821561873139,-1.1920966757238312,76
dmw=6495,12,0.6774193548387096,-0.1971751985577619,-2.9896646684295503,93
dmw=6495,9,0.7314487632508834,-0.10062293795239008,-1.4911551049339087,283
dmw=6500,11,0.5573770491803278,-0.29091703128541413,-2.457514574273146,61
dmw=6500,16,0.5581395348837209,-0.21857109726577506,-1.8236667846003383,43
dmw=6500,10,0.6144578313253012,-0.19796696054251417,-1.6431468051829738,83
dmw=6506,9,0.5428571428571428,-0.1797933039954539,-2.9037902763475834,105
dmw=6506,11,0.7611940298507462,-0.05757370661347572,-1.0928343507057767,67
dmw=6507,16,0.7723577235772358,-0.11606304846894444,-2.3892304815855843,123
dmw=6507,9,0.7666666666666667,-0.11402755152717647,-2.349543865005342,120
dmw=6508,9,0.5343511450381679,-0.2576571678468953,-2.9321965839447324,131
dmw=6508,11,0.7466666666666667,-0.12179758946510166,-1.3709426186951232,75
dmw=6508,10,0.7213114754098361,-0.11513302719041141,-1.2943556426280205,61
dmw=6509,9,0.6097560975609756,-0.17848671411157335,-3.1090817437523155,246
dmw=6509,11,0.8,-0.0658484685510502,-1.0000059373926484,215
dmw=6510,9,0.6679389312977099,-0.14629539582662066,-3.092585653433225,262
dmw=6511,9,0.6432432432432432,-0.19912930151005725,-2.3719180202611936,185
dmw=6511,16,0.6732673267326733,-0.17889697992418452,-2.1210960669371617,101
dmw=6511,15,0.8076923076923077,-0.11298698599122525,-1.3040038043575068,78
dmw=6512,9,0.7258064516129032,-0.11624775199966852,-2.200193656693201,186
dmw=6512,12,0.7727272727272727,-0.10967925120445032,-2.0748959730830703,66
dmw=6512,16,0.7714285714285715,-0.08043369169788428,-1.5170212043500577,35
dmw=6513,12,0.6724137931034483,-0.18290155464164393,-2.66561909932731,116
dmw=6513,16,0.6704545454545454,-0.14872174256856796,-2.1396132400600893,88
dmw=6513,11,0.7952755905511811,-0.0839864996729458,-1.1433784745972735,127
dmw=6514,9,0.6721044045676998,-0.16268318332571752,-3.1143185770909643,613
dmw=6514,16,0.7675675675675676,-0.07739623872663148,-1.5216225354287636,185
dmw=6515,16,0.573170731707317,-0.2530068073356905,-3.4123181074647744,164
dmw=6516,9,0.6599664991624791,-0.18590255077195694,-3.1059594891272586,597
dmw=6516,16,0.7769784172661871,-0.07850245645823362,-1.2256235330658931,139
dmw=6517,16,0.7156862745098039,-0.12642192830248633,-2.729000090616648,510
dmw=6517,9,0.7436932391523713,-0.08808862524238847,-1.9064281524687765,991
dmw=6518,16,0.6438356164383562,-0.21138601867351514,-2.6941003107710397,73
dmw=6518,11,0.7482517482517482,-0.15647128304643376,-1.9687357788398583,143
dmw=6519,9,0.5897435897435898,-0.22470433469095996,-3.5091492590940385,195
dmw=6520,9,0.70625,-0.1790528862952674,-3.617599212557855,160
dmw=6521,9,0.745945945945946,-0.08122445640377851,-2.223855523628899,370
dmw=6521,16,0.7615062761506276,-0.0762183190596436,-2.087107136455645,239
dmw=6522,16,0.6354166666666666,-0.16829113420300035,-3.0254001274371864,96
dmw=6522,1,0.7834586466165413,-0.05422130752357257,-1.1186897734595103,1995
dmw=6522,9,0.7372881355932204,-0.05420372689713471,-1.1183959081716048,236
dmw=6523,9,0.6854460093896714,-0.1572752384088446,-2.363119238609233,213
dmw=6523,11,0.7878787878787878,-0.11494404312656248,-1.7068612673038723,165
dmw=6523,12,0.796875,-0.08605184395196785,-1.2589472433687638,64
dmw=6523,15,0.8363636363636363,-0.0845074028812306,-1.2350038664543175,55
dmw=6524,16,0.7552447552447552,-0.11115232275324716,-2.4652814032770785,143
dmw=6524,11,0.8059701492537313,-0.10649839042188469,-2.3585390287430985,268
dmw=6525,9,0.6130434782608696,-0.14432738073867057,-2.9864360679503905,230
dmw=6526,16,0.65625,-0.19578393037723307,-2.504414310011964,32
dmw=6526,9,0.7131782945736435,-0.1290568372468307,-1.5619897060631467,258
dmw=6526,10,0.7572815533980582,-0.12031747705917317,-1.4385587625403484,103
dmw=6526,12,0.7802197802197802,-0.1023278954598178,-1.184481692513558,91
dmw=6528,16,0.6781609195402298,-0.15753755256780744,-2.4368459735074586,87
dmw=6528,9,0.6883116883116883,-0.13672833610125756,-2.10170187451003,539
dmw=6528,12,0.7916666666666666,-0.07739657955843449,-1.1461306678553627,336
dmw=6529,16,0.6460176991150443,-0.13757048408695705,-2.3701824446598345,113
dmw=6529,9,0.6588628762541806,-0.11161483310762776,-1.9236682451412632,299
dmw=653,14,0.031746031746031744,-0.17830951628839167,-1.3289443397677096,63
dmw=653,13,0.03389830508474576,-0.13921861723907153,-1.0410349564585966,59
dmw=6531,9,0.7607655502392344,-0.07897868968615451,-2.0617472889710218,209
dmw=6531,10,0.8035714285714286,-0.07201257787725512,-1.872702451991211,224
dmw=6532,9,0.686046511627907,-0.13724061618198724,-2.5121563538055716,344
dmw=6532,12,0.7405405405405405,-0.12714013367943044,-2.326542520341251,185
dmw=6537,9,0.45614035087719296,-0.3920936733221875,-3.7534805538010767,114
dmw=6539,9,0.56,-0.3031798607935696,-2.7997000500260714,75
dmw=6539,16,0.6666666666666666,-0.20520900788333796,-1.7971348349515441,21
dmw=6539,12,0.7068965517241379,-0.19188715806102574,-1.660808337472393,116
dmw=6540,9,0.6750572082379863,-0.16746353393076685,-2.6587394017993398,437
dmw=6540,11,0.8277777777777777,-0.0749123202502966,-1.1511731004409367,180
dmw=6540,16,0.7777777777777778,-0.07452713442716574,-1.1448988103087954,135
dmw=6541,9,0.6095890410958904,-0.1639864643789175,-3.206493056199788,438
dmw=6541,16,0.7226277372262774,-0.06393031298810026,-1.3123136929941606,137
dmw=6542,13,0.6296296296296297,-0.26969678674323394,-3.0158766711319345,81
dmw=6542,9,0.6839378238341969,-0.1485033983374432,-1.6240606436128011,193
dmw=6542,11,0.7710843373493976,-0.12490195658205483,-1.3530156192941372,83
dmw=6545,12,0.6529411764705882,-0.23338964373557125,-2.9318204565438712,170
dmw=6545,16,0.6944444444444444,-0.1621958269975381,-1.974106050072623,72
dmw=6547,10,0.3728813559322034,-0.1590026732826454,-1.8972041091237246,59
dmw=6547,1,0.44715447154471544,-0.08776359098101705,-1.2325719096556846,861
dmw=6547,13,0.5252525252525253,-0.07811336611080821,-1.1425391639545026,99
dmw=6547,0,0.5093360995850622,-0.06555497615653316,-1.0253743989488706,964
dmw=6549,7,0.04439252336448598,-0.11213803105151399,-1.640069986746669,428
dmw=6549,0,0.054239877769289534,-0.09013872169405573,-1.4237019449980959,1309
dmw=6549,1,0.04821958456973294,-0.07728287158578923,-1.297261834186354,1348
dmw=6559,12,0.5714285714285714,-0.3044315207350865,-3.545562411879955,98
dmw=6560,12,0.7100591715976331,-0.1551720014007637,-2.1174425108231913,169
dmw=6560,9,0.6724137931034483,-0.14777232715131328,-2.005879602160154,232
dmw=6560,16,0.6928571428571428,-0.13822258026586753,-1.8619006236780622,140
dmw=6561,16,0.5333333333333333,-0.33111797582044455,-3.7886645341485625,105
dmw=6562,9,0.7681159420289855,-0.14867635863547746,-3.0527777887312344,69
dmw=6562,12,0.8524590163934426,-0.08696496921412677,-1.6218642619359827,61
dmw=6564,15,0.6097560975609756,-0.3204308449456531,-3.2758274837084627,41
dmw=6564,12,0.7868852459016393,-0.10932118762564347,-1.0666210627965398,61
dmw=6565,12,0.6696428571428571,-0.2352172904954083,-3.146872586176003,112
dmw=6565,10,0.7619047619047619,-0.13884111067428595,-1.7635486993689693,42
dmw=6574,0,0.1325,-0.13468730577659255,-1.6757926704810153,800
dmw=6574,7,0.1888412017167382,-0.09737683040171544,-1.3720851268644116,233
dmw=6574,3,0.21940928270042195,-0.0925452903873887,-1.3327563556575845,237
dmw=6574,1,0.1771995043370508,-0.05949728670803556,-1.0637453629526472,807
dmw=6574,10,0.17894736842105263,-0.05555400873549407,-1.0316470512907046,95
dmw=6587,12,0.6379310344827587,-0.2137672957805674,-2.365147123346142,58
dmw=6587,16,0.6666666666666666,-0.1481847206937673,-1.6106493393424326,12
dmw=6587,11,0.7361111111111112,-0.14004593369188678,-1.517016285909113,72
dmw=6588,13,0.47692307692307695,-0.15465584491505607,-1.8388372939329802,65
dmw=6588,14,0.5357142857142857,-0.14955659108035002,-1.7742216574325569,28
dmw=6600,6,0.425531914893617,-0.2897861529846359,-1.9622476538012406,141
dmw=6600,4,0.5085714285714286,-0.20479998938145527,-1.3626367208853403,175
dmw=6600,8,0.5681818181818182,-0.16314683557572895,-1.068757278003813,44
dmw=6601,9,0.6145833333333334,-0.1658507385687208,-2.1105908110676554,96
dmw=6601,6,0.75,-0.10203615202397476,-1.3387677867080734,292
dmw=6601,11,0.7692307692307693,-0.09116389052708473,-1.2072702372524502,104
dmw=6602,13,0.0,-0.05775276612994535,-1.1206475009676058,27
dmw=6602,11,0.0,-0.05580566438064382,-1.0748022239487725,19
dmw=6602,5,0.009523809523809525,-0.055131013477290235,-1.0589173029032513,105
dmw=6604,14,0.22916666666666666,-0.3920522901138108,-1.9279531759068658,48
dmw=6604,13,0.2028985507246377,-0.36066069366704967,-1.7410228138646058,69
dmw=6605,8,0.3055555555555556,-0.42398040034737927,-2.217378011603442,72
dmw=6605,14,0.4482758620689655,-0.3299964679930891,-1.7023432106145477,29
dmw=6605,4,0.44881889763779526,-0.26268726962227407,-1.333486761227513,254
dmw=6605,6,0.4627659574468085,-0.2506944393449686,-1.267765687417989,188
dmw=6609,9,0.4166666666666667,-0.4651308895928407,-2.9960255736363868,36
dmw=6611,16,0.6551724137931034,-0.20746787081697315,-2.8667732677648057,29
dmw=6611,12,0.7333333333333333,-0.15791262352765645,-2.093615541452248,75
dmw=6612,16,0.45652173913043476,-0.3753489148677646,-3.16104639887499,46
dmw=6612,9,0.6031746031746031,-0.21784246985175004,-1.750159502550956,126
dmw=6613,16,0.6428571428571429,-0.17713420707125882,-2.855716652390556,28
dmw=6613,12,0.7755102040816326,-0.08048594471775461,-1.3285826387534316,98
dmw=6621,15,0.21428571428571427,-0.18205340084561686,-1.3664377945039907,14
dmw=6621,6,0.16149068322981366,-0.1672461588673679,-1.2602559491855765,161
dmw=6621,7,0.18421052631578946,-0.1628034566694437,-1.2283975978282664,152
dmw=6621,16,0.09090909090909091,-0.15497662511892968,-1.1722718575823274,22
dmw=6622,5,0.8579545454545454,-0.07051389553905663,-1.8403590916028365,176
dmw=6630,12,0.5517241379310345,-0.36470035432860815,-2.4723515994148815,58
dmw=6630,11,0.5675675675675675,-0.36350457580935625,-2.463398031652263,37
dmw=6633,9,0.48333333333333334,-0.38742454358153805,-3.231144691165689,60
dmw=6633,16,0.6818181818181818,-0.1972213692756657,-1.5361337436596239,22
dmw=6636,12,0.71900826446281,-0.19058377422327366,-3.593054331171772,121
dmw=6640,9,0.7280701754385965,-0.1466230276832745,-3.436763145967425,228
dmw=6644,9,0.675,-0.16129150503524092,-2.7337564308969857,80
dmw=6644,12,0.7931034482758621,-0.08479916551488897,-1.4018538952896966,87
dmw=6644,5,0.8387096774193549,-0.0732553580579034,-1.2008504154780926,93
dmw=6647,12,0.6694214876033058,-0.19137649695272618,-2.39566753665161,121
dmw=6647,11,0.7419354838709677,-0.14202492250487264,-1.7624371726818309,62
dmw=6647,9,0.6833333333333333,-0.1312553771581898,-1.624253068203567,60
dmw=6648,14,0.42424242424242425,-0.23791130432903546,-1.9284372292822702,33
dmw=6648,13,0.39473684210526316,-0.212044176952228,-1.7023486590534456,76
dmw=6648,4,0.3738819320214669,-0.2054400208930257,-1.6446258134029534,559
dmw=6649,9,0.785234899328859,-0.059495213754031995,-2.2254580210286923,149
dmw=6650,15,0.7647058823529411,-0.1646779681565601,-2.9007061796722224,85
dmw=6650,9,0.7663551401869159,-0.0919931218680653,-1.549820127588174,214
dmw=6650,16,0.7945205479452054,-0.072783400385243,-1.1927973623123869,73
dmw=6651,16,0.5726495726495726,-0.26046508082811537,-3.703012197460967,117
dmw=6652,16,0.46296296296296297,-0.31503432633216083,-2.970784104458023,54
dmw=6652,11,0.6126126126126126,-0.2366356997465635,-2.213179157272323,111
dmw=6653,16,0.55,-0.24531080275917894,-2.0670733334545868,40
dmw=6653,12,0.5978260869565217,-0.23743427563480268,-1.9929821355796271,92
dmw=6653,9,0.5555555555555556,-0.22715801527847435,-1.8963176504007457,54
dmw=6654,12,0.8301886792452831,-0.060688843019272354,-2.138229302904972,53
dmw=6661,11,0.7529411764705882,-0.1615574426311197,-2.592187430779239,85
dmw=6661,12,0.7704081632653061,-0.1263114961224726,-1.990101270695638,196
dmw=6661,9,0.7786259541984732,-0.08187649383635143,-1.2310437747310143,131
dmw=6667,7,0.17699115044247787,-0.1148240632859528,-1.527257884588571,113
dmw=6667,3,0.2204724409448819,-0.09735850286790604,-1.3559999619806833,127
dmw=6667,0,0.1934065934065934,-0.07914784262108152,-1.1774359898812417,455
dmw=6667,1,0.1716937354988399,-0.06995967891714266,-1.0873417821458946,431
dmw=6668,10,0.11320754716981132,-0.1927713973774666,-1.8634298716992659,106
dmw=6668,7,0.27988338192419826,-0.08604048545508547,-1.0127044565691987,343
dmw=6669,9,0.6219512195121951,-0.20439996037150243,-2.5176521552821916,164
dmw=6669,16,0.6617647058823529,-0.1751808327782397,-2.105492483522167,68
dmw=6669,15,0.7804878048780488,-0.13129576419619382,-1.4864577295169588,41
dmw=6670,9,0.5481481481481482,-0.2918394140918491,-3.0143942606656116,135
dmw=6670,12,0.7236842105263158,-0.15710891606331157,-1.5751255676121976,76
dmw=6670,16,0.726027397260274,-0.12387368215131012,-1.2200876780786865,73
dmw=6675,12,0.6533333333333333,-0.23444433348899607,-2.3158900221094862,150
dmw=6675,9,0.6224489795918368,-0.22650398284250917,-2.2286528122259974,98
dmw=6675,16,0.6923076923076923,-0.16609696995151946,-1.5649869998934653,26
dmw=6685,11,0.10465116279069768,-0.44453000533872794,-2.7243580039855964,86
dmw=6685,2,0.2698412698412698,-0.301138609746977,-1.8071449615555357,441
dmw=6689,4,0.47318611987381703,-0.2294758919941156,-1.5855777532469713,317
dmw=6689,13,0.5294117647058824,-0.19646793548119468,-1.3547210836678294,17
dmw=6689,6,0.5225988700564972,-0.18205241217497625,-1.2538993409037362,354
dmw=6689,8,0.5543478260869565,-0.1666799842879122,-1.146385035861437,92
dmw=6689,10,0.5102040816326531,-0.15398465500311476,-1.0575942791009685,49
dmw=6694,13,0.46153846153846156,-0.317531832520051,-1.9033093962630365,65
dmw=6694,14,0.5294117647058824,-0.2880675616781574,-1.697572198347786,17
dmw=6694,15,0.6086956521739131,-0.20117147698728421,-1.090811655382401,23
dmw=6695,11,0.2222222222222222,-0.3056842381795687,-1.63066739385146,36
dmw=6695,13,0.24,-0.2969580081628419,-1.5797436165159169,25
dmw=6695,6,0.2743362831858407,-0.2366197637825711,-1.2276269159764264,113
dmw=6700,12,0.4925373134328358,-0.33215181821540396,-2.830228510251703,67
dmw=6700,15,0.6666666666666666,-0.21225344449194616,-1.8158998864724314,12
dmw=6702,10,0.19047619047619047,-0.4311631624232132,-2.730768468680837,42
dmw=6702,13,0.4266666666666667,-0.26080219850993963,-1.486175255699538,75
dmw=6703,1,0.32997481108312343,-0.23869852585422313,-2.2876014867231533,794
dmw=6703,10,0.4342105263157895,-0.13147019043177555,-1.5531185791778466,76
dmw=6703,0,0.4935370152761457,-0.11433489181167533,-1.435746767869158,851
dmw=6708,6,0.2053872053872054,-0.33833075186436395,-2.135722012592826,297
dmw=6708,4,0.30501089324618735,-0.23633937866961952,-1.5394203914740918,459
dmw=6708,13,0.3448275862068966,-0.2246182316255516,-1.4708916643394627,87
dmw=6708,8,0.35570469798657717,-0.20778543317209314,-1.3724772132799936,149
dmw=6709,6,0.3675496688741722,-0.3284054706449818,-2.0311887579498564,302
dmw=6709,4,0.43283582089552236,-0.2610969175290932,-1.6168596866659033,335
dmw=6709,8,0.5,-0.2126171996312305,-1.3184346639478335,158
dmw=6710,6,0.6764705882352942,-0.2020592003320898,-2.2814411423091165,204
dmw=6710,4,0.689795918367347,-0.18771214724140328,-2.1115529899541783,245
dmw=6710,10,0.7435897435897436,-0.11346640498378435,-1.2323848505014867,39
dmw=6711,12,0.7757009345794392,-0.10979717151621737,-1.984831787504972,107
dmw=6711,11,0.7962962962962963,-0.10870783872718426,-1.9637260106489907,54
dmw=6711,9,0.7658227848101266,-0.08019875881529126,-1.411363789436665,158
dmw=6712,9,0.50625,-0.361174873663324,-3.2595747508363133,160
dmw=6712,14,0.7647058823529411,-0.17256926269540074,-1.5351351379244997,17
dmw=6713,13,0.12,-0.6560391510459779,-2.586883014161338,25
dmw=6713,6,0.32222222222222224,-0.4351747003515865,-1.631028252071618,180
dmw=6713,4,0.41732283464566927,-0.33831687929430493,-1.2118480299391676,254
dmw=6713,8,0.46153846153846156,-0.3102575010338078,-1.090412958576395,78
dmw=6714,13,0.05555555555555555,-0.4477145576566205,-1.8405231826396973,36
dmw=6714,4,0.049429657794676805,-0.42540908822952367,-1.743931744378957,263
dmw=6714,6,0.08441558441558442,-0.39280262402800203,-1.6027329552606133,154
dmw=6714,8,0.16981132075471697,-0.3273959611197008,-1.3194964305688976,53
dmw=6716,13,0.2727272727272727,-0.4770844548134029,-2.2377306727644073,22
dmw=6716,4,0.3422459893048128,-0.3856151194810194,-1.789013898494885,187
dmw=6716,11,0.5,-0.24292901296211677,-1.089045442207524,22
dmw=6717,13,0.16071428571428573,-0.21966715812745344,-1.6372674057321508,56
dmw=6717,8,0.18181818181818182,-0.1928641738960325,-1.4378350159023636,66
dmw=6717,6,0.17424242424242425,-0.18188770331865295,-1.3561626267294846,132
dmw=6718,16,0.47368421052631576,-0.37719236021950825,-2.479676221189015,38
dmw=6718,12,0.5306122448979592,-0.35098357584804285,-2.28682896096944,49
dmw=6718,9,0.616822429906542,-0.22419299948328897,-1.3538892668940177,107
dmw=6719,9,0.7244094488188977,-0.140218086288606,-2.7911110822715766,127
dmw=6719,12,0.797979797979798,-0.10191855444081876,-2.012610220085946,99
dmw=6720,9,0.711864406779661,-0.14626555609530933,-2.0307940544080814,236
dmw=6720,11,0.768595041322314,-0.14435652646303787,-2.0009755194075027,242
dmw=6720,16,0.7586206896551724,-0.10847662410929282,-1.4405409897037929,145
dmw=6720,12,0.8051948051948052,-0.08969308755072203,-1.1471471456072164,154
dmw=6721,12,0.7140495867768595,-0.15418915646229803,-2.5521506655370487,605
dmw=6721,9,0.7012448132780082,-0.12274963780143844,-1.9906342090659508,964
dmw=6721,16,0.7537688442211056,-0.08093498882330707,-1.2438157295574228,398
dmw=6722,12,0.6301369863013698,-0.25263151877923484,-3.2526289319251402,73
dmw=6722,14,0.8372093023255814,-0.08713733582907779,-1.1299527779301928,43
dmw=6723,9,0.6193548387096774,-0.18829787899165784,-3.0810780715572603,155
dmw=6723,12,0.7767857142857143,-0.07849780473764945,-1.2290454473588615,112
dmw=6725,14,0.4041095890410959,-0.28893367493096517,-2.884947017295286,146
dmw=6725,16,0.352112676056338,-0.1639407601080506,-1.5189873262549531,71
dmw=6737,12,0.0,-0.18535029060494143,-1.405562379331378,14
dmw=6737,13,0.058823529411764705,-0.16637868528763577,-1.2855402486136982,34
dmw=6737,4,0.057803468208092484,-0.14816271029373693,-1.1702985442191114,173
dmw=6746,12,0.7445255474452555,-0.14699562244746112,-2.7279746577468225,274
dmw=6746,9,0.7407407407407407,-0.11303752421133217,-2.0706686246322925,324
dmw=6747,12,0.6555555555555556,-0.23020397721324004,-2.8463573795415633,270
dmw=6747,16,0.6923076923076923,-0.16363632362798286,-1.9344606409870961,169
dmw=6747,9,0.7380530973451327,-0.10830436575360713,-1.176479411276888,565
dmw=6748,16,0.6808510638297872,-0.19646782194573342,-2.5714585530548906,47
dmw=6748,12,0.7611940298507462,-0.1420166398747833,-1.8166467512560476,67
dmw=6748,9,0.7586206896551724,-0.11031627971473912,-1.3772108187376835,58
dmw=6749,9,0.6180257510729614,-0.20925876735562288,-3.254122151568996,233
dmw=6749,11,0.821656050955414,-0.07087670025542392,-1.0923134298149924,157
dmw=6750,12,0.7709090909090909,-0.12119568773819422,-2.6790243793319917,275
dmw=6750,11,0.8362068965517241,-0.0743920581717733,-1.6481164845629621,116
dmw=6751,9,0.6394557823129252,-0.15486747614082375,-2.472561857238594,147
dmw=6751,10,0.7107438016528925,-0.12762200558211445,-2.060980720243064,121
dmw=6752,4,0.2734375,-0.3765812444474509,-1.8577091157630763,128
dmw=6752,14,0.38461538461538464,-0.34091010566037633,-1.6429587870949425,13
dmw=6752,13,0.4,-0.2754484250397682,-1.2488609840402818,25
dmw=6757,13,0.2972972972972973,-0.4040011933267313,-1.8268997895379895,74
dmw=6757,8,0.3008849557522124,-0.39530865921312186,-1.7796248500211482,113
dmw=6757,6,0.32646048109965636,-0.35254777404821297,-1.5470668602063382,291
dmw=6773,15,0.6363636363636364,-0.2315502147890749,-2.5465669093307244,44
dmw=6773,13,0.6506024096385542,-0.194113981421984,-2.0726437416619654,83
dmw=6777,9,0.6324786324786325,-0.09224581261157638,-2.0731928176862255,234
dmw=6777,8,0.7453703703703703,-0.0767093031507472,-1.7976245811105043,216
dmw=6778,11,0.06569343065693431,-0.06344072959765856,-1.7336699914916707,137
dmw=6778,13,0.075,-0.05827860309042733,-1.6074406407669715,120
dmw=678,7,0.14647887323943662,-0.22532408274047724,-1.7696630311215884,355
dmw=678,0,0.1669407894736842,-0.18293018959216903,-1.5433715475275354,1216
dmw=678,1,0.15099009900990099,-0.16299764045029105,-1.4369749469287778,1212
dmw=678,12,0.21323529411764705,-0.10827508918217502,-1.144875156301085,136
dmw=678,3,0.3015075376884422,-0.09940520306202494,-1.0975291934658893,398
dmw=6791,12,0.6666666666666666,-0.25132177332000205,-3.1133480698232043,30
dmw=6791,16,0.8043478260869565,-0.0912450141469392,-1.0736360176252606,46
dmw=6792,16,0.59375,-0.20490801017332605,-2.5806164243773186,64
dmw=6792,10,0.6837606837606838,-0.14786208914950305,-1.796156024304659,117
dmw=6807,13,0.07407407407407407,-0.33190400534082437,-1.9362652352895156,27
dmw=6807,4,0.11888111888111888,-0.25996992923239015,-1.5029704715351229,143
dmw=6825,7,0.1712707182320442,-0.19168787852606817,-1.9973080807521504,543
dmw=6825,1,0.19623329283110572,-0.10961579489319609,-1.4076582560541662,1646
dmw=6825,0,0.23172323759791122,-0.10954167706958604,-1.4071257538955253,1532
dmw=6825,3,0.30787589498806683,-0.08393191658937565,-1.2231315123789723,419
dmw=6825,10,0.22330097087378642,-0.07996613534238362,-1.1946392149549208,103
dmw=6831,15,0.30303030303030304,-0.35832468006402723,-2.6761401196455616,33
dmw=6831,14,0.4339622641509434,-0.23854641043230584,-1.769299622357245,53
dmw=685,11,0.5694444444444444,-0.1465501605548165,-1.5687574943082765,72
dmw=685,13,0.5925925925925926,-0.1307373055232015,-1.3937150273775942,81
dmw=685,2,0.604,-0.1296394245117347,-1.3815618899296584,250
dmw=6876,12,0.7627118644067796,-0.10982900920382199,-2.582666855723993,118
dmw=6876,16,0.7659574468085106,-0.07394155796161228,-1.7024974623736884,47
dmw=6876,9,0.7757009345794392,-0.05375650802222831,-1.2074424349217234,214
dmw=6893,14,0.1111111111111111,-0.46690182600581803,-2.4003763153707753,18
dmw=6893,6,0.27218934911242604,-0.22062244154824784,-1.0509253407222252,169
dmw=6893,13,0.3023255813953488,-0.21654448369603851,-1.028580781877562,43
dmw=6898,4,0.16236162361623616,-0.19944839936494066,-1.5029052429047969,271
dmw=6898,8,0.24193548387096775,-0.14079903546876987,-1.1631629782372948,62
dmw=6898,6,0.23048327137546468,-0.13353241505063593,-1.121069118844267,269
dmw=6918,6,0.6549295774647887,-0.18633900961069505,-1.7915997231512253,142
dmw=6918,11,0.6774193548387096,-0.17270900971022096,-1.6398864991869457,31
dmw=6918,4,0.7046413502109705,-0.13534918193142753,-1.2240405739882336,237
dmw=6918,15,0.76,-0.11662585582350293,-1.0156343973257522,25
dmw=6922,13,0.27358490566037735,-0.24788023558476852,-1.9747643355320226,106
dmw=6922,7,0.35459183673469385,-0.16124173604642866,-1.285504644852308,392
dmw=6922,4,0.36153846153846153,-0.13148764819430403,-1.0487935579949343,520
dmw=6929,13,0.0,-0.32229117217685593,-1.4361586025170199,20
dmw=6929,11,0.0,-0.31440124680636444,-1.3964776944453994,20
dmw=6929,4,0.033707865168539325,-0.2642433603205351,-1.1442179594985042,89
dmw=6931,8,0.21839080459770116,-0.2909718696826163,-2.028303853928533,174
dmw=6931,13,0.26506024096385544,-0.2503615416871689,-1.7123162044142461,83
dmw=6946,8,0.2733333333333333,-0.09356056141085406,-1.0454401045472088,150
dmw=6946,6,0.25524475524475526,-0.09326762102713043,-1.0429049782761792,286
dmw=6946,4,0.25311203319502074,-0.09323746033818425,-1.0426439655952786,482
dmw=6981,7,0.20430107526881722,-0.2237456872449283,-1.6485229437381335,93
dmw=6981,12,0.16666666666666666,-0.20801729818345147,-1.5493143765540087,24
dmw=6981,10,0.21621621621621623,-0.14754713415460247,-1.1678920765814902,37
dmw=7037,2,0.5944584382871536,-0.18167112806240415,-2.25726149781967,397
dmw=7037,9,0.538961038961039,-0.1076991378084231,-1.3907075833986364,154
dmw=7038,9,0.7045454545454546,-0.173039413109641,-2.9093722851456096,132
dmw=7038,10,0.84,-0.06591012898505011,-1.1471652005555195,75
dmw=7038,11,0.8666666666666667,-0.058874326664474674,-1.0314308259967016,75
dmw=7074,10,0.5261044176706827,-0.11785500159882611,-2.005407534415977,249
dmw=7074,0,0.6020671834625323,-0.08074304913955199,-1.568490344429499,2709
dmw=7074,1,0.5705353653771005,-0.07621412466142241,-1.515171539421414,2559
dmw=7083,7,0.3271889400921659,-0.19854910008730142,-1.9214361397464728,217
dmw=7083,10,0.3,-0.15854561809644407,-1.5336420833865756,70
dmw=7083,13,0.38333333333333336,-0.14802573555536375,-1.4316622626307833,60
dmw=7084,4,0.18407960199004975,-0.14934052390190988,-1.5039605310652473,402
dmw=7084,14,0.3064516129032258,-0.10939662578466808,-1.130807540675283,62
dmw=7108,13,0.4583333333333333,-0.14384998621980422,-1.3667509147479464,120
dmw=7108,4,0.43795620437956206,-0.13667206048854896,-1.298892199405623,548
dmw=7108,8,0.4647887323943662,-0.13157075517406752,-1.2506654500395298,142
dmw=7161,6,0.085,-0.4381612415769302,-1.8290913929324168,400
dmw=7161,13,0.16101694915254236,-0.3880699962693578,-1.5906352650488222,118
dmw=7161,8,0.1728395061728395,-0.37023610572541055,-1.5057381845690396,162
dmw=7172,7,0.5317460317460317,-0.17642598039605528,-2.09901721469105,126
dmw=7172,1,0.5429447852760736,-0.10942466545056573,-1.5240224580339732,326
dmw=7172,0,0.5935672514619883,-0.09456588354552686,-1.39650672654931,342
dmw=7172,13,0.6206896551724138,-0.0921222858266817,-1.375536154899212,29
dmw=7173,1,0.34003281378178835,-0.07366820958151327,-1.6218931623921775,2438
dmw=7173,0,0.3976047904191617,-0.05584264526878441,-1.3738081631919932,2505
dmw=7182,6,0.461038961038961,-0.35259379512474187,-2.4307058540197994,154
dmw=7182,8,0.5656565656565656,-0.2598066617397734,-1.7430718093047617,99
dmw=7182,13,0.6172839506172839,-0.21164576730715434,-1.386157338217537,81
dmw=722,7,0.1320754716981132,-0.42969801284385,-3.230673953476565,212
dmw=7223,4,0.4126679462571977,-0.22514888360362573,-1.7583081049620237,521
dmw=7223,8,0.4594594594594595,-0.1987803843265678,-1.5538239954995,111
dmw=7223,13,0.49107142857142855,-0.17260294338165677,-1.3508215173006275,112
dmw=7223,6,0.4838709677419355,-0.15614670683155485,-1.2232056510848357,310
dmw=7230,13,0.06060606060606061,-0.5107301160392621,-1.9917664653978855,33
dmw=7230,14,0.2,-0.42864547623538646,-1.6251250250924831,10
dmw=7230,4,0.22285714285714286,-0.3204079034647874,-1.1416681972305243,175
dmw=7230,8,0.26865671641791045,-0.2967299649763002,-1.0359076859872043,67
dmw=7234,12,0.546875,-0.1882857454514517,-2.018741352701689,64
dmw=7234,4,0.628032345013477,-0.13185514117910457,-1.3348064608466983,742
dmw=7234,6,0.6543478260869565,-0.10727595888617836,-1.036908527621228,460
dmw=7236,14,0.2857142857142857,-0.4376248333799725,-2.278197481213349,28
dmw=7236,9,0.1875,-0.34626005163561235,-1.7344342755632982,32
dmw=7236,13,0.4,-0.2730429192641539,-1.2986779387484733,15
dmw=7270,9,0.6944444444444444,-0.17025733557081113,-3.027844160079958,72
dmw=7270,16,0.8095238095238095,-0.06379125264836039,-1.088005475327722,105
dmw=7270,8,0.8545454545454545,-0.06359803800834074,-1.0844850562150585,220
dmw=7271,12,0.5704225352112676,-0.31546978492081357,-3.56126263969037,142
dmw=7286,8,0.14925373134328357,-0.21984201952547383,-1.6206988447447872,67
dmw=7286,3,0.21818181818181817,-0.1803520165091649,-1.3734127359383836,110
dmw=7286,10,0.1724137931034483,-0.1368322333872845,-1.1008921737124477,29
dmw=7286,6,0.2289156626506024,-0.12174935659077915,-1.0064433100070223,166
dmw=7356,7,0.30392156862745096,-0.26371314502036874,-2.2894151577802933,306
dmw=7356,10,0.36538461538461536,-0.1353566399570862,-1.2197720193641874,52
dmw=7356,4,0.4329896907216495,-0.11212588312320415,-1.0261813662428356,291
dmw=7362,12,0.5151515151515151,-0.2594608702637333,-2.2641814312790283,99
dmw=7362,9,0.4897959183673469,-0.21965406764643225,-1.9093473936278653,49
dmw=7364,13,0.3103448275862069,-0.19669516330781217,-1.7662383153486856,174
dmw=7364,14,0.3709677419354839,-0.19545416453847397,-1.7525741138226638,62
dmw=7364,6,0.31919642857142855,-0.1617854706928175,-1.3818599526230373,448
dmw=7366,14,0.23076923076923078,-0.42136011653924627,-1.4199541108247342,13
dmw=7366,11,0.2564102564102564,-0.3309216715606438,-1.0563911454954276,39
dmw=7367,4,0.4081081081081081,-0.15373151628345788,-1.5567986150087907,740
dmw=7367,13,0.44516129032258067,-0.1444701993943588,-1.4695490324862934,155
dmw=7367,12,0.42857142857142855,-0.10077849400943345,-1.057935533004633,112
dmw=7368,3,0.0708215297450425,-0.13015880392767584,-1.5529962699057338,353
dmw=7368,7,0.05672268907563025,-0.1252550934559388,-1.5139132209405042,476
dmw=7368,0,0.07258632840028188,-0.09565800812657808,-1.2780215748446595,1419
dmw=7368,1,0.08548850574712644,-0.06129474586434994,-1.0041430354528453,1392
dmw=7379,13,0.3076923076923077,-0.5319476845099865,-3.0711007402359085,26
dmw=7379,8,0.6176470588235294,-0.21870062397925483,-1.1169400523218331,68
dmw=7380,4,0.1392857142857143,-0.14066143182609891,-1.2350511972077332,280
dmw=7380,6,0.1471861471861472,-0.13468803052267808,-1.1896252792317037,231
dmw=7386,13,0.08408408408408409,-0.09074727370085985,-1.5052514380763595,333
dmw=7388,6,0.4175824175824176,-0.22437526286762705,-2.102469732261924,182
dmw=7388,4,0.5019157088122606,-0.13784631176671913,-1.3336416972543896,261
dmw=7388,8,0.5268817204301075,-0.13325207490448476,-1.2928209308610503,93
dmw=7389,13,0.024793388429752067,-0.07329557795137981,-1.0763957897605965,121
dmw=7389,7,0.025252525252525252,-0.07085881354383247,-1.0542534404378396,396
dmw=7422,6,0.36875,-0.42091880466847575,-2.8712973689192105,480
dmw=7422,8,0.4798387096774194,-0.32281280783273203,-2.183811059117274,248
dmw=7423,6,0.31122833458929916,-0.4341517439311324,-3.0086804353195338,1327
dmw=7423,8,0.453027139874739,-0.30723945289302773,-2.1057766911801545,479
dmw=7424,6,0.038876889848812095,-0.14923471088197598,-1.554466049833611,463
dmw=7424,4,0.048721071863580996,-0.13793789076363505,-1.4332230269540494,821
dmw=7424,13,0.07096774193548387,-0.13358860535672623,-1.3865443594550901,155
dmw=7424,8,0.07936507936507936,-0.12127347457463247,-1.2543723263044488,189
dmw=7448,10,0.2898550724637681,-0.19644483405834096,-1.6864403004992539,69
dmw=7448,7,0.3786407766990291,-0.17476180726364815,-1.5000194070837494,309
dmw=7448,4,0.3917808219178082,-0.13897413753380278,-1.1923331496499057,365
dmw=7457,10,0.03571428571428571,-0.2677891263120911,-2.1170668184817734,28
dmw=7457,7,0.18493150684931506,-0.17828566014584793,-1.524806955505729,146
dmw=7458,16,0.2857142857142857,-0.39463015652094946,-3.2669580624441585,56
dmw=7458,13,0.625,-0.1551257774612408,-1.1196650857190575,104
dmw=7463,7,0.3959731543624161,-0.12305076446967067,-1.505122776162113,149
dmw=7463,2,0.4175257731958763,-0.12010728706065948,-1.476370254767009,194
dmw=7463,1,0.3735144312393888,-0.08137871773782301,-1.0980612469765592,589
dmw=7463,10,0.375,-0.07687200793428645,-1.0540387348108413,24
dmw=7482,8,0.0,-0.13928218074897736,-1.6782112406798222,38
dmw=7482,13,0.022222222222222223,-0.119992821000765,-1.4146993988143022,45
dmw=7482,6,0.030726256983240222,-0.09923695395051171,-1.1311536084240859,358
dmw=7482,10,0.017543859649122806,-0.09264501289276657,-1.0411011363737188,57
dmw=7482,14,0.08163265306122448,-0.09231443518272713,-1.0365851160190125,49
dmw=7496,13,0.3963963963963964,-0.18223527706172576,-1.8857681785962612,111
dmw=7496,8,0.4528301886792453,-0.11987751779029066,-1.2069540141942998,212
dmw=7503,13,0.3431372549019608,-0.23360859839979975,-1.5433503121371548,102
dmw=7503,4,0.34183673469387754,-0.2069124465143377,-1.3785210618641295,392
dmw=7504,4,0.46760070052539404,-0.11850209351697538,-1.4400637223999992,571
dmw=7504,15,0.55,-0.10714084415200531,-1.311195825579472,20
dmw=7507,8,0.33076923076923076,-0.24240364872603576,-2.118802318128256,130
dmw=7507,6,0.4377880184331797,-0.11570373953770863,-1.0237776591592074,217
dmw=7507,4,0.43731778425655976,-0.11381513590284464,-1.007455093780564,343
dmw=7508,16,0.631578947368421,-0.20948283029807824,-2.967007289704512,114
dmw=7508,9,0.7056451612903226,-0.12503560080291776,-1.668029401635032,248
dmw=7508,12,0.7692307692307693,-0.10427151287009007,-1.3486335937214142,104
dmw=7517,1,0.2448377581120944,-0.25471143353070647,-1.7993472049989008,678
dmw=7517,7,0.3427230046948357,-0.22074489949709514,-1.6473653284053962,213
dmw=7517,0,0.37735849056603776,-0.1625891700161881,-1.3871498795042436,636
dmw=7517,10,0.4,-0.09650160561403742,-1.0914437574903264,45
dmw=7524,9,0.36764705882352944,-0.4207747605553689,-3.593671446477225,68
dmw=7558,0,0.20164609053497942,-0.2853860943529162,-1.9555592427473314,243
dmw=7558,12,0.25,-0.20534037296497837,-1.5403651304272883,24
dmw=7558,7,0.37209302325581395,-0.1387137010384213,-1.1947751172732037,86
dmw=7558,1,0.32710280373831774,-0.11964540423351838,-1.0958685870041192,214
dmw=7566,13,0.631578947368421,-0.1841699866500942,-2.190454484465941,133
dmw=7566,4,0.6475849731663685,-0.1504401192490864,-1.7804893788433813,559
dmw=7629,7,0.19289340101522842,-0.19393457395257904,-1.7736969520225616,197
dmw=7629,0,0.2401263823064771,-0.12439760984647419,-1.32071654029721,633
dmw=7629,1,0.21044546850998463,-0.11745041261504768,-1.27546083633195,651
dmw=7629,12,0.24489795918367346,-0.09069077704296341,-1.1011421715054694,49
dmw=7630,9,0.6777777777777778,-0.14704348660087674,-2.508646413028146,90
dmw=7630,16,0.7352941176470589,-0.10019626385201219,-1.6680746361804506,34
dmw=7630,12,0.793939393939394,-0.07495138918717237,-1.2151101292538133,165
dmw=7660,7,0.17297297297297298,-0.31534102312143,-2.5012549982465475,370
dmw=7660,3,0.39669421487603307,-0.122315084231987,-1.2060247913074913,363
dmw=7660,10,0.304635761589404,-0.11701639138456804,-1.1704698442741819,151
dmw=7669,15,0.6,-0.1786995603061966,-1.9503801691169773,45
dmw=7669,12,0.5223214285714286,-0.17282826244399951,-1.877912172720259,224
dmw=771,15,0.0,-0.3769957557399175,-2.720856082838216,24
dmw=771,13,0.11764705882352941,-0.21611695349055168,-1.4192657554680663,51
dmw=7721,6,0.07920792079207921,-0.2563498192975477,-1.5225772683704493,808
dmw=7721,13,0.11764705882352941,-0.24154259857978724,-1.4215488070342877,255
dmw=7721,8,0.1345565749235474,-0.21907029479493695,-1.268222108031343,327
dmw=7721,7,0.13603473227206947,-0.21797937798168748,-1.2607788714382566,691
dmw=7721,4,0.13333333333333333,-0.20010077350802166,-1.1387946088111873,1005
dmw=7722,13,0.3025210084033613,-0.3379908938190154,-2.717256401181003,119
dmw=7722,4,0.4402035623409669,-0.1737059776899419,-1.307856425036257,393
dmw=7722,8,0.4883720930232558,-0.1465368983955917,-1.074772946579556,86
dmw=7722,6,0.4755244755244755,-0.14064375926207895,-1.0242157174078592,286
dmw=7754,13,0.11267605633802817,-0.3750425426251947,-1.9883699810668363,71
dmw=7754,6,0.1875,-0.2742234276085885,-1.3949302593179302,256
dmw=7754,4,0.21708185053380782,-0.24227148835314985,-1.206855310058931,281
dmw=7761,7,0.22727272727272727,-0.11364522736796837,-1.8479523772869257,440
dmw=7761,10,0.19753086419753085,-0.08570873058527739,-1.5039500438467126,81
dmw=7761,1,0.20393120393120392,-0.08178978511895416,-1.4556932278426595,1221
dmw=7770,3,0.36860068259385664,-0.17768417909255635,-1.7635793260277437,293
dmw=7770,7,0.37344398340248963,-0.14226200249836252,-1.5084223609945804,241
dmw=7770,0,0.3513824884792627,-0.14055023494990893,-1.496091966464921,868
dmw=7800,16,0.45454545454545453,-0.3592326816796814,-2.205677975670145,11
dmw=7800,12,0.5076923076923077,-0.34310725338386516,-2.090998352487792,65
dmw=7800,9,0.5833333333333334,-0.21870120750269717,-1.206256676078467,24
dmw=7805,13,0.05405405405405406,-0.49131479375950315,-2.5294615392570203,37
dmw=7805,12,0.2,-0.28427232493385296,-1.2772084943522373,15
dmw=7807,13,0.19,-0.4644554416439431,-3.497816758861815,100
dmw=7813,13,0.08620689655172414,-0.3498700044077052,-2.2986337993753168,116
dmw=7813,6,0.16129032258064516,-0.24933758927403102,-1.6189990421441685,558
dmw=7813,4,0.1615720524017467,-0.24674909270209777,-1.6014998878970501,687
dmw=7813,8,0.2676767676767677,-0.16244584476997664,-1.0315800529267982,198
dmw=7842,13,0.05102040816326531,-0.2002288411031719,-1.5143687616877057,98
dmw=7842,8,0.06735751295336788,-0.17935702414647453,-1.371000074596311,193
dmw=7842,6,0.09090909090909091,-0.14123717658992896,-1.1091545195282184,385
dmw=7843,4,0.3622448979591837,-0.2891341130971282,-2.0078608054073355,196
dmw=7843,13,0.41379310344827586,-0.2629659007452411,-1.802853409960339,58
dmw=7843,10,0.4230769230769231,-0.1868766092891801,-1.2067535597659662,52
dmw=7854,14,0.0,-0.23632298359412485,-1.9286665850841647,109
dmw=7854,13,0.0,-0.1959107661518446,-1.5434962799904237,254
dmw=7854,6,0.014469453376205787,-0.16553432142627378,-1.2539772873906676,622
dmw=7854,4,0.018458197611292075,-0.1601417763693364,-1.2025807455458923,921
dmw=7883,12,0.647887323943662,-0.24049600780476943,-2.9704443139165293,71
dmw=7883,16,0.7391304347826086,-0.12001326670853385,-1.3713970473610295,69
dmw=7883,9,0.746268656716418,-0.10346404115372265,-1.1517556809192255,67
dmw=7904,7,0.3201754385964912,-0.1766541807368161,-1.599818640092949,228
dmw=7913,7,0.6704288939051919,-0.1044097065948858,-1.575768041983433,443
dmw=7913,13,0.6853932584269663,-0.09335646312919255,-1.4231235502286,89
dmw=7913,4,0.6708860759493671,-0.0876342751714626,-1.3441005489489903,553
dmw=7922,8,0.5348837209302325,-0.25498077195633384,-1.6171416562410799,43
dmw=7922,13,0.5428571428571428,-0.25100430745819624,-1.5874662400915915,35
dmw=7922,14,0.5925925925925926,-0.23766668206263575,-1.4879306892914732,27
dmw=7922,2,0.6210045662100456,-0.18125668234601355,-1.066956173520665,219
dmw=7937,13,0.08823529411764706,-0.402554241223307,-3.0376847763035086,34
dmw=7937,15,0.35714285714285715,-0.1807951654809598,-1.312825721947121,14
dmw=7951,6,0.2653846153846154,-0.34327809838764684,-2.2985456336430667,260
dmw=7951,8,0.29936305732484075,-0.3281853613220748,-2.1984877479717273,157
dmw=7952,4,0.23031026252983294,-0.3158686586741862,-1.803556547485039,838
dmw=7952,13,0.2889908256880734,-0.2852204996011722,-1.628567476706965,218
dmw=7952,6,0.2922077922077922,-0.25633467514770375,-1.4636406513231288,616
dmw=7973,8,0.10256410256410256,-0.12413812419086331,-1.340679313300814,117
dmw=7973,6,0.11255411255411256,-0.10042744076435055,-1.1560930852268758,231
dmw=7987,13,0.37333333333333335,-0.32752785803575796,-2.0917528554195544,75
dmw=7987,6,0.3689655172413793,-0.30958776333386656,-1.97208515544693,290
dmw=7987,8,0.4842105263157895,-0.2115415581375178,-1.318077244014109,95
dmw=81,6,0.029508196721311476,-0.4239117134389559,-1.7705444768615886,915
dmw=81,4,0.039590443686006824,-0.41146628419870235,-1.7145942742182982,1465
dmw=81,13,0.08620689655172414,-0.3931570196069232,-1.632282363203906,232
dmw=81,8,0.13719512195121952,-0.33611953859081317,-1.3758622301969736,328
dmw=8112,14,0.0,-0.15732140834412556,-1.3915793915923378,24
dmw=8112,13,0.012658227848101266,-0.11549353214776169,-1.0575950948629664,79
dmw=8112,8,0.01,-0.11546649968750945,-1.0573792479673743,100
dmw=8112,4,0.0060790273556231,-0.10988569654737981,-1.0128180418666612,329
dmw=8144,0,0.05904059040590406,-0.17197568364773566,-1.790715132547869,271
dmw=8144,1,0.08421052631578947,-0.11929665373357647,-1.4764836896528386,285
dmw=8144,3,0.16666666666666666,-0.10530566197721095,-1.3930271504132363,78
dmw=8144,7,0.18681318681318682,-0.06153058325660182,-1.1319079503893328,91
dmw=8156,7,0.08433734939759036,-0.2596318957630025,-1.8035744459268577,83
dmw=8189,13,0.43037974683544306,-0.24050981637852148,-1.882921794305139,79
dmw=8189,15,0.5423728813559322,-0.16880293091830922,-1.2966741852241765,59
dmw=8189,4,0.4795244385733157,-0.16576582572320442,-1.2718439942637074,757
dmw=8192,13,0.16666666666666666,-0.39966472147289467,-2.5036159910360514,270
dmw=8192,4,0.30795551753635586,-0.2302419077650283,-1.3657020457657083,1169
dmw=8192,6,0.3193863319386332,-0.22118124159324015,-1.3048468506200603,717
dmw=8193,13,0.14516129032258066,-0.5123152309492415,-2.399021958704838,186
dmw=8193,4,0.29253365973072215,-0.3388734563575316,-1.4928053093515226,817
dmw=8193,6,0.30939226519337015,-0.3242322716110576,-1.4163065222816478,543
dmw=8194,7,0.2886178861788618,-0.10834108716536262,-1.7988846083769572,492
dmw=8194,4,0.293854748603352,-0.08147823561100243,-1.389263140103799,895
dmw=8194,13,0.33125,-0.07112129077946705,-1.2313340036481042,160
dmw=8194,6,0.30724070450097846,-0.0703316086005003,-1.21929243862799,511
dmw=8230,12,0.3541666666666667,-0.14966127628416898,-1.3407560051037986,48
dmw=8230,9,0.3023255813953488,-0.116763295597477,-1.1204882493198245,43
dmw=8230,0,0.42357274401473294,-0.11200329339423493,-1.0886177520750182,543
dmw=8251,4,0.010869565217391304,-0.07799469557234676,-1.3311263796511126,368
dmw=8251,6,0.026936026936026935,-0.06270368186509157,-1.1061004674009665,297
dmw=8251,11,0.03488372093023256,-0.06045442042480453,-1.0729998426039646,86
dmw=8251,8,0.03731343283582089,-0.05907418606686156,-1.0526880109974215,134
dmw=8271,12,0.6857142857142857,-0.20859098921857278,-2.4129398174345345,105
dmw=8271,9,0.7154471544715447,-0.14192891964816956,-1.5235177036153587,123
dmw=8271,16,0.7285714285714285,-0.13781222867978615,-1.468591776373137,70
dmw=8272,11,0.6122448979591837,-0.30749625074365605,-3.012583464520572,49
dmw=8272,16,0.6923076923076923,-0.18467380007769685,-1.7329442276344411,52
dmw=829,13,0.38636363636363635,-0.25614499291556025,-2.1870830080680332,44
dmw=829,6,0.42805755395683454,-0.19016202670066462,-1.589019318987235,278
dmw=829,4,0.4433249370277078,-0.1726404966007773,-1.430205741317045,397
dmw=8292,12,0.03529411764705882,-0.12119441152378548,-1.4119209289356176,85
dmw=8292,7,0.07074569789674952,-0.11737906422956844,-1.3788601061416912,523
dmw=8292,1,0.040117994100294985,-0.11184425614261212,-1.3308997776969893,1695
dmw=8292,0,0.08196721311475409,-0.09205889434286828,-1.1594552695216755,2074
dmw=8292,10,0.05844155844155844,-0.09195635266375257,-1.1585667233368042,154
dmw=8333,6,0.12440191387559808,-0.5046967876624809,-2.4373947714406055,209
dmw=8333,8,0.23958333333333334,-0.407985895230498,-1.9695192733069469,96
dmw=8333,4,0.31851851851851853,-0.3083515010397011,-1.4875002303532285,405
dmw=8334,6,0.08253968253968254,-0.41400056082257986,-2.355599429419751,315
dmw=8334,8,0.2222222222222222,-0.2943167592666799,-1.6313656664281697,135
dmw=8334,4,0.2572178477690289,-0.23693765772688913,-1.2841517403579032,381
dmw=8340,3,0.13425925925925927,-0.13146781025886586,-1.7526269687885874,216
dmw=8340,0,0.10852713178294573,-0.11689315239823694,-1.6228184813189033,1161
dmw=8340,7,0.16791979949874686,-0.07454059137707453,-1.2456074387546874,399
dmw=8377,14,0.0196078431372549,-0.17475046406614503,-1.9847171881186945,51
dmw=8413,4,0.6874236874236874,-0.13644010655373395,-1.7012683613052697,819
dmw=8413,6,0.7078313253012049,-0.11741253547212394,-1.4391923751936166,664
dmw=8413,13,0.7320261437908496,-0.10774931954657085,-1.3060962048081703,153
dmw=8413,8,0.7381974248927039,-0.09828796872261536,-1.1757804205968612,233
dmw=8420,14,0.017543859649122806,-0.18923344719919125,-1.1479491929692678,57
dmw=8420,8,0.0,-0.16689167879713912,-1.0521523358663765,57
dmw=8421,4,0.11202185792349727,-0.18613722680857148,-1.4550734689718139,366
dmw=8421,8,0.1518987341772152,-0.16533354587145657,-1.3520374410780314,79
dmw=8421,1,0.13927227101631118,-0.1253893942983043,-1.1542028978486076,797
dmw=8421,0,0.18203592814371258,-0.1153152727996746,-1.1043080034366133,835
dmw=8475,7,0.5829145728643216,-0.11826260270981426,-1.782194715935848,398
dmw=8475,1,0.5271002710027101,-0.11760785379750727,-1.7758360403765308,1476
dmw=8475,10,0.5520833333333334,-0.08982752448217124,-1.5060439143769577,96
dmw=8503,13,0.4451219512195122,-0.26781731339021003,-2.6423127472755845,164
dmw=8504,8,0.1927710843373494,-0.29027459452939575,-2.2755701673760473,166
dmw=8504,6,0.23952095808383234,-0.2235805914331399,-1.708578264230433,334
dmw=8504,13,0.32608695652173914,-0.16301685224934243,-1.1937021412321467,92
dmw=8505,7,0.2215568862275449,-0.28086221869109584,-2.564377914034639,501
dmw=8505,13,0.362962962962963,-0.14509493714365612,-1.3353717981067836,135
dmw=8505,2,0.3923076923076923,-0.12877019193511802,-1.187595312685686,520
dmw=8507,14,0.46,-0.24305624900579498,-2.018837630956165,50
dmw=8507,6,0.43524416135881105,-0.19155694206255525,-1.5494255786320714,471
dmw=8507,15,0.5545454545454546,-0.13792173018675402,-1.0605449241563434,110
dmw=8515,7,0.3498542274052478,-0.2716220419403667,-2.7117199048181115,343
dmw=8516,13,0.2553191489361702,-0.3177827240420285,-1.5547020272663805,47
dmw=8516,4,0.23809523809523808,-0.30695905965111275,-1.4935750346594812,273
dmw=8516,6,0.2545454545454545,-0.29287339308287486,-1.4140257798892972,165
dmw=8516,7,0.3372093023255814,-0.2303647623243556,-1.0610062781528686,172
dmw=8552,6,0.15384615384615385,-0.3215230961179707,-2.098181436907513,598
dmw=8552,13,0.2789115646258503,-0.2225054650756595,-1.4581356800005307,147
dmw=8552,8,0.29259259259259257,-0.20276166759409303,-1.330512612570171,270
dmw=8552,4,0.3025291828793774,-0.17046148271788858,-1.1217255909084256,1028
dmw=8556,6,0.30377358490566037,-0.10705789834572371,-1.47416447595233,530
dmw=8556,4,0.3226256983240223,-0.08589866726676626,-1.1860021301205976,716
dmw=8557,4,0.4642233856893543,-0.18425829478034417,-1.486101815344721,573
dmw=8557,6,0.47651006711409394,-0.17414314774162243,-1.4157825786204958,298
dmw=8557,8,0.5238095238095238,-0.1448062454441542,-1.2118361041388135,189
dmw=8566,11,0.5113636363636364,-0.172288039711888,-2.16042980899223,88
dmw=8566,2,0.5514809590973202,-0.1509899469136542,-1.8750961508964443,709
dmw=8579,4,0.5534246575342465,-0.1577667329584772,-1.721064213288446,365
dmw=8579,6,0.6049382716049383,-0.10820862103525664,-1.1719364917735824,243
dmw=8579,13,0.6363636363636364,-0.09763155702824489,-1.054737534164267,99
dmw=8692,7,0.20708446866485014,-0.1619876878857286,-1.5050732529779982,367
dmw=8692,8,0.23157894736842105,-0.1370988978509438,-1.3094420681080656,95
dmw=8692,4,0.2440677966101695,-0.10402067655585504,-1.0494402111956183,295
dmw=8706,14,0.1346153846153846,-0.11624358141172056,-1.9368391940538956,52
dmw=8709,13,0.19827586206896552,-0.38805567788847906,-2.4762986088418195,116
dmw=8709,6,0.3368146214099217,-0.22401990377084546,-1.3030896741785578,383
dmw=8709,8,0.3767123287671233,-0.20372500313096614,-1.1579374420701227,146
dmw=8710,13,0.32867132867132864,-0.263729465841271,-2.194391368087274,143
dmw=8710,6,0.3549618320610687,-0.21203977610287084,-1.7341945404297392,524
dmw=8710,8,0.43434343434343436,-0.15218864791651798,-1.2013358705000146,198
dmw=8710,4,0.41307371349095967,-0.15158429180442845,-1.1959552468791994,719
dmw=8713,7,0.27586206896551724,-0.2607260961243044,-1.9055375828862962,232
dmw=8713,3,0.3793103448275862,-0.18764535186400566,-1.5421711476374864,261
dmw=8713,0,0.3679144385026738,-0.14495726832125366,-1.3299207538910207,935
dmw=8713,12,0.358974358974359,-0.1221009985127064,-1.216276573505619,39
dmw=8713,1,0.35102925243770317,-0.12138953084421039,-1.2127390688850397,923
dmw=8721,0,0.3375,-0.15853558419251712,-1.7072570011859074,720
dmw=8721,7,0.38589211618257263,-0.13391215006112472,-1.5292694020629083,241
dmw=8721,1,0.3455571227080395,-0.1101113003222503,-1.3572277575260594,709
dmw=877,14,0.3283582089552239,-0.27182058183500396,-2.047348681348657,67
dmw=877,13,0.28289473684210525,-0.2587844853698877,-1.9390718738200425,152
dmw=877,4,0.33237410071942447,-0.1809462260044415,-1.2925533204917694,695
dmw=8773,16,0.53125,-0.2253652139541631,-2.2616642698854186,32
dmw=8773,6,0.6431718061674009,-0.18043599464410254,-1.76875306751088,227
dmw=8773,9,0.6129032258064516,-0.1295046301338577,-1.2099933003742347,62
dmw=878,14,0.0,-0.3733959552039867,-1.8043893049271627,38
dmw=878,13,0.015625,-0.30372057486591,-1.4120016860377052,64
dmw=878,8,0.037037037037037035,-0.2770603578283245,-1.2618605740452755,81
dmw=878,4,0.0215633423180593,-0.27356786601227406,-1.242192069316037,371
dmw=878,6,0.027777777777777776,-0.2693418536420046,-1.2183926307866542,252
dmw=8809,3,0.2916666666666667,-0.18938374445710077,-1.2938375581766872,96
dmw=8809,10,0.2,-0.18511261289565045,-1.2752082602666726,20
dmw=8809,12,0.21739130434782608,-0.17888365508102547,-1.2480395558781425,23
dmw=8809,0,0.2775800711743772,-0.14949923027357281,-1.1198741749301049,281
dmw=8809,1,0.24342105263157895,-0.14458231136051178,-1.098428160937575,304
dmw=8812,7,0.49372384937238495,-0.24100160559494216,-2.2797232634960842,239
dmw=8812,13,0.5849056603773585,-0.15419307629047796,-1.4834467464566956,53
dmw=8812,10,0.5454545454545454,-0.13361286735219657,-1.294668786219154,33
dmw=884,7,0.09032258064516129,-0.1753050431594373,-1.5186192644915029,155
dmw=884,6,0.10747663551401869,-0.1425193205578651,-1.313428844985268,214
dmw=8888,14,0.6857142857142857,-0.1092304665178293,-1.7459607360582696,35
dmw=8888,4,0.6303901437371663,-0.1010765951833218,-1.6281787322260795,487
dmw=8888,6,0.6625615763546798,-0.07077485648277071,-1.1904725976386736,406
dmw=8889,13,0.512396694214876,-0.21149916483941777,-1.919795058627619,121
dmw=8889,6,0.5029239766081871,-0.1996527815979472,-1.800363352273527,342
dmw=8889,4,0.5613496932515337,-0.13922975923136993,-1.1911964430814213,652
dmw=8889,8,0.5886075949367089,-0.13041485261034869,-1.1023271808229549,158
dmw=8899,8,0.15625,-0.2754063056978257,-1.792663749233524,96
dmw=8899,13,0.22033898305084745,-0.21727653869022115,-1.4781610396268445,59
dmw=8899,7,0.24920127795527156,-0.18287059755164844,-1.2920126638173655,313
dmw=892,6,0.21863260706235912,-0.3893826904441292,-1.7680399947324172,1331
dmw=892,8,0.26666666666666666,-0.360246428311174,-1.6270007651680682,570
dmw=892,4,0.24932102118413904,-0.3564183031667554,-1.6084700484075944,1841
dmw=892,13,0.28169014084507044,-0.3508775606100028,-1.5816491041885727,284
dmw=8923,14,0.0,-0.14302763229016743,-1.4683846664270577,32
dmw=8923,7,0.016853932584269662,-0.09699336870165373,-1.0143313663888305,178
dmw=8925,16,0.07692307692307693,-0.28765277435879316,-1.7970776107330464,39
dmw=8925,10,0.13513513513513514,-0.281570004662152,-1.7598191754772572,74
dmw=8925,7,0.30275229357798167,-0.18048607163517832,-1.1406556427586532,327
dmw=8925,4,0.2830957230142566,-0.17740562160493173,-1.1217871414451788,491
dmw=8925,6,0.2953020134228188,-0.16757027200667107,-1.061543246887212,298
dmw=8931,14,0.2777777777777778,-0.27337049768487254,-1.9759577795941634,54
dmw=8933,13,0.265625,-0.17485977122319357,-1.8266970621425958,64
dmw=8933,7,0.27631578947368424,-0.15861709825038728,-1.6560299821953712,456
dmw=8933,6,0.3,-0.11496783481458689,-1.1973928881094869,410
dmw=8933,4,0.3158756137479542,-0.09677814411558822,-1.006267855798691,611
dmw=895,6,0.17038007863695936,-0.38051280952135846,-1.9924334387511242,763
dmw=895,8,0.2608695652173913,-0.3097301268643094,-1.5813119873330173,368
dmw=895,4,0.24597918637653737,-0.3025523332669531,-1.53962177708735,1057
dmw=895,13,0.29357798165137616,-0.28295329312875106,-1.4257862240176908,218
dmw=8950,14,0.0425531914893617,-0.1255527804996117,-1.2312629406076367,47
dmw=8950,6,0.007434944237918215,-0.11793995354757414,-1.147382384817454,269
dmw=9,4,0.29504950495049503,-0.48967002806326926,-2.321152840660928,505
dmw=9,13,0.36923076923076925,-0.43409244421614346,-2.038470762026762,65
dmw=9,8,0.52,-0.27946337266467536,-1.2519869975710547,100
dmw=900,10,0.2962962962962963,-0.31578237804717424,-1.7218385259248052,27
dmw=900,4,0.352,-0.3014067006237663,-1.64270243410837,125
dmw=900,6,0.36036036036036034,-0.29520360977861515,-1.6085552873542104,111
dmw=9000,13,0.0,-0.12914247812202773,-1.370620108264815,50
dmw=9000,8,0.0,-0.12643946915531887,-1.344371880107534,72
dmw=9000,4,0.018404907975460124,-0.09846894818308118,-1.0727573108627881,326
dmw=9028,9,0.5849056603773585,-0.2661300053226964,-3.2987417878672756,106
dmw=9028,12,0.7555555555555555,-0.13383922772199286,-1.5203430182542366,180
dmw=9052,6,0.019083969465648856,-0.08296912299797327,-1.0687175872514278,262
dmw=9053,8,0.12962962962962962,-0.3135357782796361,-2.276896428697799,108
dmw=9053,6,0.14054054054054055,-0.28297834589585086,-2.0539834291331696,370
dmw=9053,4,0.2786259541984733,-0.14256550086882325,-1.0296876679818865,524
dmw=9058,7,0.13043478260869565,-0.12860931078082546,-1.900400967042402,276
dmw=9058,13,0.1592920353982301,-0.10410530351364575,-1.547360117014218,113
dmw=9058,10,0.14423076923076922,-0.06655672947469735,-1.0063800090866601,104
dmw=9071,6,0.6708333333333333,-0.1713885808860226,-2.386567471266413,240
dmw=9071,4,0.7295081967213115,-0.11144188725206783,-1.5854523565194902,366
dmw=9076,10,0.5094339622641509,-0.18470703256592547,-1.9910976660330575,106
dmw=9076,3,0.6394557823129252,-0.1311296010124321,-1.5208255453675694,294
dmw=9076,0,0.6267281105990783,-0.1030854021989358,-1.2746695713690817,1085
dmw=9102,13,0.47368421052631576,-0.318618620937512,-2.3144668814645675,57
dmw=9102,4,0.5384615384615384,-0.23448981929551227,-1.6954648109766175,377
dmw=9102,10,0.5952380952380952,-0.1449723071698149,-1.036813739414537,42
dmw=9122,4,0.037142857142857144,-0.10983775145273728,-1.1304970075155838,350
dmw=9122,13,0.06493506493506493,-0.0968954324018188,-1.0339466336465584,77
dmw=9141,8,0.2826086956521739,-0.17128505958282614,-2.125468564738443,92
dmw=9141,16,0.18604651162790697,-0.15206013230311216,-1.9059508629507742,43
dmw=9141,0,0.32357043235704325,-0.10728222368864282,-1.3946592753732943,717
dmw=9143,15,0.34782608695652173,-0.16723522023547044,-1.935921620579666,23
dmw=9143,9,0.20588235294117646,-0.12253296552034626,-1.367970641990453,68
dmw=9143,3,0.3885350318471338,-0.10437584546123074,-1.137280844089778,157
dmw=917,1,0.12040133779264214,-0.22057382303967968,-2.085490385337432,897
dmw=917,0,0.2212041884816754,-0.1570378898706839,-1.6943013594744414,764
dmw=917,7,0.26136363636363635,-0.1394923206799255,-1.5862737634731634,352
dmw=9183,6,0.25837988826815644,-0.4133550770314501,-2.0382816658810285,716
dmw=9183,4,0.26225769669327254,-0.4073702399703178,-2.007720525476533,877
dmw=9183,8,0.2945945945945946,-0.39453685241162995,-1.9421877540676873,370
dmw=9216,16,0.6521739130434783,-0.10197288478681232,-1.8019266042010138,23
dmw=9216,9,0.6458333333333334,-0.09401155952545315,-1.66303562525589,96
dmw=9216,12,0.7213114754098361,-0.07879970286197957,-1.3976539715483958,61
dmw=9218,7,0.2706766917293233,-0.2969901025908507,-2.2972834273467604,266
dmw=9218,0,0.4529262086513995,-0.09126356715633938,-1.1015200911051748,786
dmw=9218,1,0.4217479674796748,-0.08207353589578681,-1.0481040239115436,984
dmw=9218,3,0.5212121212121212,-0.07631318390072994,-1.0146225981684471,165
dmw=9220,6,0.005780346820809248,-0.45404048481604087,-1.6010632414846633,346
dmw=9220,13,0.05405405405405406,-0.43175150723527006,-1.5022288954346,74
dmw=9220,8,0.05426356589147287,-0.4254863560370961,-1.4744478041157005,129
dmw=9220,4,0.07647058823529412,-0.38098162112593437,-1.27710378709489,340
dmw=9280,13,0.30303030303030304,-0.2684527722376952,-2.2325011173440985,99
dmw=9280,4,0.3877551020408163,-0.15565877496981728,-1.2564753979989143,343
dmw=9301,11,0.676923076923077,-0.14963528075706078,-2.493386668362611,130
dmw=9301,2,0.7665615141955836,-0.07231827240120436,-1.1316427080668605,634
dmw=9306,7,0.3,-0.3804690415288436,-2.6971920483578042,180
dmw=9306,12,0.45,-0.1803173950708163,-1.3910856759917756,40
dmw=9315,4,0.585,-0.25387945187548466,-2.3009886388853125,200
dmw=9315,8,0.6444444444444445,-0.2061757076419376,-1.8610189555958332,45
dmw=9315,6,0.6875,-0.15266469273757577,-1.3674890522677374,144
dmw=9316,12,0.3333333333333333,-0.13631375516719396,-1.7075533905119344,39
dmw=9316,1,0.36046511627906974,-0.10054834742547925,-1.4209992458699676,516
dmw=9316,7,0.4267515923566879,-0.09842418977883627,-1.403980393969433,157
dmw=9316,0,0.4088888888888889,-0.09252906631651575,-1.3567483849426276,450
dmw=9317,14,0.0,-0.11548023744576834,-1.6468296046591138,32
dmw=9317,2,0.01893939393939394,-0.07877133764896523,-1.0900989582491398,264
dmw=9317,12,0.0,-0.07447082003329528,-1.0248769013277303,53
dmw=9317,4,0.009615384615384616,-0.07441061936032653,-1.0239638922274379,312
dmw=9318,0,0.0791599353796446,-0.1434394331324616,-1.9613179782959151,1238
dmw=9318,1,0.07840342124019957,-0.11743387735636031,-1.7330300021864984,1403
dmw=9318,3,0.18276762402088773,-0.07980511490691197,-1.4027085086931408,383
dmw=9353,13,0.6216216216216216,-0.1964615955171478,-1.6765658683421838,74
dmw=9353,10,0.5882352941176471,-0.1823492053857576,-1.5308768419052396,51
dmw=9353,8,0.6355140186915887,-0.17893211847767587,-1.495600601647289,107
dmw=9354,13,0.48344370860927155,-0.17886251911069906,-2.081975557002707,151
dmw=9354,7,0.5573770491803278,-0.09986562981869973,-1.0218587832114663,488
dmw=936,11,0.4925373134328358,-0.23467908019098271,-2.116320002414052,67
dmw=936,14,0.5833333333333334,-0.19500530978735364,-1.7362399397552553,24
dmw=936,2,0.6221864951768489,-0.12222640080716862,-1.0390081918269751,622
dmw=9371,2,0.3801916932907348,-0.1190949607979519,-1.2377950422878874,626
dmw=9371,15,0.417910447761194,-0.1155170707894091,-1.201618863810238,67
dmw=9371,13,0.38011695906432746,-0.10614137030077359,-1.1068208086939484,171
dmw=9371,4,0.35584843492586493,-0.10205364956891483,-1.0654897128778593,607
dmw=9371,6,0.3634686346863469,-0.09680242533317984,-1.0123943900131194,542
dmw=9381,11,0.19117647058823528,-0.501110043742717,-2.4437173764738715,68
dmw=9381,16,0.18181818181818182,-0.40143601561793746,-1.8859821754072934,11
dmw=9381,14,0.47368421052631576,-0.2739994669603854,-1.1728992346860412,19
dmw=9381,9,0.30952380952380953,-0.25522476466966626,-1.0678436594867464,42
dmw=9382,15,0.16363636363636364,-0.16122799434680268,-1.9146115969714805,55
dmw=9382,7,0.14035087719298245,-0.13995313108507668,-1.6950953393054864,399
dmw=9387,12,0.4230769230769231,-0.14734889894006947,-2.053504077963886,78
dmw=9387,0,0.52,-0.08128488075143492,-1.3404861412881413,875
dmw=9387,1,0.5056179775280899,-0.056284428902253714,-1.070660431586893,890
dmw=9390,12,0.6666666666666666,-0.2863185476236412,-3.595405247344244,51
dmw=9460,13,0.13157894736842105,-0.659819015272121,-2.901460387509865,38
dmw=9460,4,0.4486486486486487,-0.3233377948935306,-1.3198794630969466,185
dmw=9460,6,0.5149253731343284,-0.2587359389126377,-1.0162278566682392,134
dmw=9461,13,0.009523809523809525,-0.2915036180713494,-2.3255385335304752,105
dmw=9461,4,0.09393939393939393,-0.18369608500564155,-1.3700700353462305,330
dmw=9461,8,0.13414634146341464,-0.16180305558364144,-1.176038140285683,82
dmw=9466,4,0.3893129770992366,-0.25710715431326225,-1.8683182288167342,262
dmw=9466,13,0.4642857142857143,-0.20769362423234572,-1.5156911870972374,56
dmw=9466,14,0.5454545454545454,-0.17691711533921095,-1.2960624888911325,22
dmw=9466,8,0.5142857142857142,-0.15232588043700235,-1.1205734193671562,70
dmw=9471,8,0.4819277108433735,-0.32155692174573125,-2.1970385679756324,83
dmw=9471,13,0.524390243902439,-0.282895487513132,-1.9064745629563533,82
dmw=9471,6,0.5840978593272171,-0.20644456520519727,-1.3318997543870283,327
dmw=9471,4,0.6122004357298475,-0.17675796237332853,-1.108787022398127,459
dmw=9487,4,0.2073272273105745,-0.2647569262600455,-1.9560269652694808,1201
dmw=9487,13,0.29457364341085274,-0.2059341346120978,-1.5077829692060427,258
dmw=9487,6,0.3009049773755656,-0.17355730602453667,-1.261063651414948,884
dmw=9488,13,0.13043478260869565,-0.2910399485793361,-1.6718168858848297,23
dmw=9488,7,0.17647058823529413,-0.23951372419002845,-1.4186979829256376,136
dmw=9488,10,0.1724137931034483,-0.1799824994989399,-1.1262550868233494,29
dmw=9488,4,0.22839506172839505,-0.1656039679942776,-1.055621576144862,162
dmw=9514,13,0.43434343434343436,-0.3451880015151586,-2.945703323519196,198
dmw=9514,4,0.5844044558697515,-0.17494699655220747,-1.4072696961667672,1167
dmw=9514,8,0.6383763837638377,-0.13695887390192452,-1.0639786932858675,271
dmw=9527,6,0.0782608695652174,-0.22914858725298526,-1.501719238195663,115
dmw=9527,8,0.0967741935483871,-0.2279293787273519,-1.4943192326932095,62
dmw=9527,4,0.11578947368421053,-0.18959261615774534,-1.2616336436435736,190
dmw=9527,7,0.1456953642384106,-0.1793797048231647,-1.1996462161584314,151
dmw=9550,16,0.0,-0.2974401854715145,-2.715816848585088,29
dmw=9569,14,0.1,-0.45849804559849616,-2.2964738986402,20
dmw=9569,13,0.20408163265306123,-0.2949091700294178,-1.468384326501959,49
dmw=9569,6,0.19169329073482427,-0.28125621218006286,-1.3992728298640371,313
dmw=9570,8,0.1388888888888889,-0.4025812236403025,-1.4397784580580935,36
dmw=9570,13,0.17857142857142858,-0.3689135396936418,-1.3066596997585602,28
dmw=9570,6,0.1780821917808219,-0.3434652239865999,-1.2060395266244968,73
dmw=9570,4,0.18181818181818182,-0.33734824296552995,-1.1818535766982499,121
dmw=9571,4,0.47109826589595377,-0.2058664423679541,-1.907099469555992,1038
dmw=9571,13,0.5489130434782609,-0.15242304270973206,-1.4116609567803615,184
dmw=9571,6,0.528554070473876,-0.1504933017998955,-1.3937716014525585,823
dmw=9571,8,0.5603112840466926,-0.13592029069224143,-1.258674826247164,257
dmw=9582,8,0.4274193548387097,-0.33112596556788804,-2.7340084343373587,124
dmw=9582,4,0.5358255451713395,-0.20593929823727353,-1.6493391261934351,321
dmw=9585,6,0.3633720930232558,-0.2165013926333461,-2.033163659994215,688
dmw=9585,8,0.43,-0.16923374096641025,-1.575693284371708,300
dmw=9585,4,0.44014510278113667,-0.13740254116147416,-1.2676214758992488,827
dmw=9585,13,0.47601476014760147,-0.12902880735365418,-1.186577992346925,271
dmw=9629,6,0.6996805111821086,-0.13017015499508777,-2.3072246827193443,626
dmw=9629,14,0.7619047619047619,-0.11111710266831976,-1.921649277731691,42
dmw=9629,11,0.7637795275590551,-0.07544642590201966,-1.1997840666113213,127
dmw=9637,13,0.39759036144578314,-0.35705734359794167,-2.694612750857745,83
dmw=9637,14,0.6451612903225806,-0.15103061016190933,-1.0635090320562681,31
dmw=9637,4,0.5893416927899686,-0.14362858232598097,-1.0049075344326435,319
dmw=9639,14,0.0,-0.11040216207248937,-1.5404801999974735,38
dmw=9639,3,0.003875968992248062,-0.09360991478223973,-1.276646142899626,258
dmw=9671,6,0.1896551724137931,-0.42788338588552993,-2.3775207712489785,174
dmw=9671,4,0.26174496644295303,-0.35353792610394313,-1.959313492591429,298
dmw=9781,0,0.3352192362093352,-0.1753282094974969,-1.8237666339589365,1414
dmw=9781,3,0.3967136150234742,-0.1679568362531873,-1.7719143456733748,426
dmw=9781,1,0.3609072715143429,-0.10919365876295944,-1.3585578218871053,1499
dmw=9781,14,0.5294117647058824,-0.06902982709966166,-1.0760342663656475,68
dmw=9857,14,0.20754716981132076,-0.0903385307802087,-1.4866111800217932,53
dmw=9857,8,0.16417910447761194,-0.0816943031967799,-1.308696678448578,134
dmw=9857,6,0.15319148936170213,-0.07814806325185217,-1.2357083742685324,470
dmw=9857,13,0.1830065359477124,-0.06739126271668747,-1.0143131382841044,153
dmw=9861,13,0.028368794326241134,-0.32328855580767035,-1.9983237352785357,141
dmw=9861,4,0.07716371220020855,-0.24900328161125107,-1.4855776659818751,959
dmw=9861,8,0.15602836879432624,-0.19011983399393922,-1.0791410385477422,282
dmw=9861,6,0.13856427378964942,-0.18970286296143823,-1.0762629411019398,599
dmw=9901,11,0.12380952380952381,-0.13488097423550244,-1.614735652870021,105
dmw=9970,13,0.27631578947368424,-0.3655267007838567,-2.460683550699571,152
dmw=9970,4,0.40816326530612246,-0.20711618497318096,-1.3628400843576667,539
dmw=9970,14,0.5294117647058824,-0.16534981046726582,-1.073383660777119,51
dmw=9973,8,0.2,-0.34993903411200217,-1.9085356145298795,90
dmw=9973,4,0.1891025641025641,-0.33858539677460564,-1.8442374349050388,312
dmw=9973,10,0.18947368421052632,-0.2937515703307858,-1.5903334796977904,95
dmw=9973,6,0.2689075630252101,-0.26115738739647226,-1.4057453546101182,238
dmw=9974,8,0.34375,-0.24308142329353455,-1.8272689664795516,160
dmw=9974,4,0.3722438391699092,-0.19271759747122863,-1.4163207256088635,771
dmw=9974,15,0.4457831325301205,-0.191599945089022,-1.4072011388246257,83
