dmw	0	1	2	3	4	5	6	7	8	9	10	11	12	13	14	15	16
dmw=9	0.398884239888424	0.3619246861924686	0.3312883435582822	0.40641711229946526	0.1494661921708185	0.37	0.24154589371980675	0.4206896551724138	0.2994350282485876	0.35789473684210527	0.3615023474178404	0.2857142857142857	0.3	0.12643678160919541	0.12903225806451613	0.45454545454545453	0.3333333333333333
dmw=44	0.005518087063151441	0.00903225806451613	0.0	0.0072992700729927005	0.003246753246753247	0.005714285714285714	0.007168458781362007	0.0	0.0021929824561403508	0.0	0.0038022813688212928	0.0	0.0	0.0	0.0	0.0	0.0
dmw=45	0.08641975308641975	0.36423841059602646	0.0	0.0	0.11864406779661017	0.4393939393939394	0.06666666666666667	0.3	0.25333333333333335	0.06060606060606061	0.10344827586206896	0.0	0.0	0.0	0.0	0.0	0.6923076923076923
dmw=48	0.8741900647948164	0.870264064293915	0.8762541806020067	0.8913525498891353	0.903755868544601	0.8603603603603603	0.8778801843317973	0.8402777777777778	0.8699186991869918	0.8613861386138614	0.8578199052132701	0.8539325842696629	0.6309523809523809	0.8699186991869918	1.0	0.8333333333333334	0.8428571428571429
dmw=49	0.0	0.0058823529411764705	0.0	0.0	0.009345794392523364	0.05263157894736842	0.057692307692307696	0.0	0.0	0.0	0.015384615384615385	0.0	0.0	0.0	0.0	0.0	0.0
dmw=50	0.009287925696594427	0.007936507936507936	0.0	0.0	0.019801980198019802	0.0	0.0	0.0	0.018867924528301886	0.0	0.0	0.0	0.0	0.0	0.0	0.0	0.0
dmw=81	0.005374644325007904	0.008270676691729323	0.0060882800608828	0.009478672985781991	0.005263157894736842	0.0030581039755351682	0.006896551724137931	0.003048780487804878	0.00813953488372093	0.008	0.005825242718446602	0.009523809523809525	0.020833333333333332	0.0	0.0	0.044444444444444446	0.0
dmw=131	0.0	0.0	0.0	0.011764705882352941	0.0	0.0	0.0	0.0	0.01904761904761905	0.0	0.0	0.0	0.0	0.0	0.0	0.0	0.0
dmw=145	0.0	0.002967359050445104	0.025477707006369428	0.008064516129032258	0.0	0.010309278350515464	0.0	0.02247191011235955	0.004329004329004329	0.0	0.0	0.0	0.0	0.0	0.0	0.0	0.0
dmw=158	0.004301075268817204	0.008156606851549755	0.006825938566552901	0.009523809523809525	0.005434782608695652	0.007518796992481203	0.007380073800738007	0.009900990099009901	0.003105590062111801	0.0	0.005649717514124294	0.020833333333333332	0.0	0.0	0.058823529411764705	0.0	0.0
dmw=266	0.006385696040868455	0.0	0.00847457627118644	0.004761904761904762	0.008064516129032258	0.0	0.008403361344537815	0.0	0.007434944237918215	0.0	0.012658227848101266	0.0	0.0	0.02127659574468085	0.0	0.0	0.0
dmw=300	0.7132075471698113	0.6220302375809935	0.66	0.7195121951219512	0.7291666666666666	0.6015625	0.75	0.5916666666666667	0.7337883959044369	0.7011494252873564	0.8118811881188119	0.6666666666666666	0.8	0.631578947368421	0.5789473684210527	0.7692307692307693	0.65
dmw=325	0.268782081194587	0.34124629080118696	0.27680311890838205	0.29721362229102166	0.2597402597402597	0.2916666666666667	0.2691588785046729	0.28187919463087246	0.22456813819577734	0.29523809523809524	0.26463104325699743	0.37209302325581395	0.10752688172043011	0.16666666666666666	0.0	0.41935483870967744	0.41304347826086957
dmw=329	0.01267962806424345	0.0041753653444676405	0.0	0.0	0.006993006993006993	0.018691588785046728	0.0	0.0	0.0	0.0	0.003937007874015748	0.0	0.0	0.012195121951219513	0.0	0.0	0.0
dmw=330	0.013513513513513514	0.016260162601626018	0.014598540145985401	0.0	0.0	0.0	0.0	0.011764705882352941	0.0	0.03076923076923077	0.0	0.0	0.0	0.0	0.0	0.0	0.1
dmw=344	0.004136504653567736	0.008714596949891068	0.009174311926605505	0.0	0.019083969465648856	0.0	0.0	0.0	0.004329004329004329	0.0	0.009523809523809525	0.0392156862745098	0.0	0.0	0.0	0.0	0.0
dmw=469	0.312210200927357	0.31778741865509763	0.3288135593220339	0.3504823151125402	0.3134715025906736	0.30985915492957744	0.35731414868105515	0.2911392405063291	0.3119047619047619	0.2689655172413793	0.28353658536585363	0.421875	0.2826086956521739	0.31213872832369943	0.4	0.4074074074074074	0.34782608695652173
dmw=475	0.6498637602179836	0.6007751937984496	0.5616438356164384	0.5943396226415094	0.6153846153846154	0.6153846153846154	0.5460526315789473	0.7777777777777778	0.5792349726775956	0.5517241379310345	0.5630252100840336	0.8214285714285714	0.631578947368421	0.7045454545454546	0.7692307692307693	0.8125	0.7272727272727273
dmw=485	0.008442776735459663	0.00211864406779661	0.0	0.004608294930875576	0.004629629629629629	0.0	0.012552301255230125	0.0	0.015503875968992248	0.015625	0.011834319526627219	0.0	0.05714285714285714	0.023529411764705882	0.0	0.0	0.0
dmw=486	0.006211180124223602	0.011382113821138212	0.0	0.006825938566552901	0.002688172043010753	0.017142857142857144	0.003236245954692557	0.0	0.0021691973969631237	0.0	0.007936507936507936	0.021739130434782608	0.01639344262295082	0.010416666666666666	0.0	0.0	0.0
dmw=487	0.01053639846743295	0.0	0.0	0.003937007874015748	0.0	0.028037383177570093	0.0	0.0	0.0	0.0	0.0	0.0	0.0	0.0	0.0	0.0	0.0
dmw=499	0.006072874493927126	0.0019083969465648854	0.004975124378109453	0.005714285714285714	0.007874015748031496	0.0040650406504065045	0.0	0.0	0.012135922330097087	0.0	0.011406844106463879	0.0	0.027777777777777776	0.0	0.0	0.0	0.0
dmw=521	0.15679676985195154	0.15954773869346733	0.1974025974025974	0.16666666666666666	0.19696969696969696	0.168	0.1550632911392405	0.125	0.15938303341902313	0.12857142857142856	0.1225296442687747	0.17647058823529413	0.1590909090909091	0.1557377049180328	0.5	0.1875	0.02631578947368421
dmw=527	0.008928571428571428	0.015209125475285171	0.0	0.011904761904761904	0.008130081300813009	0.0	0.017391304347826087	0.0	0.008928571428571428	0.0	0.0	0.0	0.0	0.0	0.0	0.0	0.0
dmw=540	0.007387508394895903	0.0017513134851138354	0.013245033112582781	0.0031645569620253164	0.007211538461538462	0.0	0.0	0.0	0.0	0.0	0.003076923076923077	0.0	0.01282051282051282	0.0	0.0	0.0	0.0
dmw=561	0.010108303249097473	0.003179650238473768	0.012244897959183673	0.015384615384615385	0.0035971223021582736	0.0	0.0047169811320754715	0.005952380952380952	0.013513513513513514	0.0	0.0	0.0	0.0	0.0	0.06060606060606061	0.0	0.0
dmw=579	0.02147239263803681	0.017241379310344827	0.01694915254237288	0.0	0.0	0.0	0.01694915254237288	0.0	0.0	0.0	0.022727272727272728	0.0	0.0	0.0	0.0	0.0	0.0
dmw=592	0.0053285968028419185	0.006435006435006435	0.001893939393939394	0.00267379679144385	0.0019193857965451055	0.006172839506172839	0.007042253521126761	0.0045045045045045045	0.010940919037199124	0.0	0.0	0.021739130434782608	0.0	0.0	0.0	0.0	0.0
dmw=593	0.010458567980691875	0.005016722408026756	0.002976190476190476	0.0	0.009852216748768473	0.0	0.007751937984496124	0.008849557522123894	0.006666666666666667	0.02040816326530612	0.033707865168539325	0.0	0.0	0.0	0.0	0.0	0.0
dmw=594	0.004464285714285714	0.0	0.027777777777777776	0.0	0.011235955056179775	0.0	0.0196078431372549	0.0	0.0	0.0	0.0	0.0	0.0	0.0	0.0	0.0	0.0
dmw=603	0.0	0.0	0.012048192771084338	0.0	0.0	0.020833333333333332	0.0	0.02857142857142857	0.0	0.0	0.0	0.0	0.0	0.0	0.0	0.0	0.0
dmw=641	0.5374449339207048	0.5751295336787565	0.45454545454545453	0.5508474576271186	0.04395604395604396	0.5357142857142857	0.1746031746031746	0.5714285714285714	0.08849557522123894	0.35	0.44047619047619047	0.6875	0.5652173913043478	0.07407407407407407	0.6666666666666666	0.8	0.0
dmw=653	0.005069708491761723	0.0028776978417266188	0.0028735632183908046	0.007874015748031496	0.0	0.016	0.0024630541871921183	0.0	0.006825938566552901	0.019230769230769232	0.0	0.0	0.034482758620689655	0.01020408163265306	0.0	0.016129032258064516	0.0
dmw=678	0.01442672741078208	0.001834862385321101	0.0	0.003816793893129771	0.00516795865633075	0.02459016393442623	0.0	0.01818181818181818	0.003367003367003367	0.0	0.0	0.0	0.0	0.0	0.0	0.0	0.0
dmw=685	0.002844950213371266	0.012919896640826873	0.0	0.0	0.0	0.012658227848101266	0.016574585635359115	0.0	0.0	0.0	0.0	0.0	0.0	0.0	0.0	0.0	0.0
dmw=722	0.016722408026755852	0.004	0.0	0.0	0.0	0.014492753623188406	0.13793103448275862	0.0	0.015037593984962405	0.02702702702702703	0.0	0.037037037037037035	0.0	0.0	0.0	0.0	0.0
dmw=755	0.007017543859649123	0.012903225806451613	0.0	0.0	0.0	0.0	0.0	0.0	0.0	0.0	0.012987012987012988	0.0	0.0	0.0	0.0	0.0	0.0
dmw=771	0.011627906976744186	0.0	0.006756756756756757	0.0	0.018867924528301886	0.0	0.0	0.0	0.006172839506172839	0.0	0.019417475728155338	0.058823529411764705	0.0	0.0	0.0	0.0	0.0
dmw=811	0.02358490566037736	0.0	0.0	0.0	0.0196078431372549	0.0	0.014705882352941176	0.0	0.0	0.0	0.0	0.0	0.0	0.0	0.0	0.0	0.0
dmw=829	0.005707762557077625	0.0215311004784689	0.008771929824561403	0.01875	0.00784313725490196	0.0	0.013793103448275862	0.0	0.008064516129032258	0.0	0.005714285714285714	0.0	0.034482758620689655	0.0	0.0	0.047619047619047616	0.037037037037037035
dmw=877	0.07119948685054522	0.05417956656346749	0.07627118644067797	0.09090909090909091	0.03202846975088968	0.05325443786982249	0.05630026809651475	0.0546875	0.03514376996805112	0.03546099290780142	0.045112781954887216	0.03571428571428571	0.0	0.07476635514018691	0.07692307692307693	0.029411764705882353	0.0
dmw=878	0.0	0.0	0.0	0.005917159763313609	0.0	0.0	0.0045871559633027525	0.02912621359223301	0.008968609865470852	0.0	0.008658008658008658	0.0	0.0	0.037037037037037035	0.0	0.0	0.0
dmw=884	0.008896797153024912	0.006514657980456026	0.0	0.0	0.02654867256637168	0.021739130434782608	0.0	0.0	0.0	0.0	0.0	0.0	0.0	0.0	0.0	0.0	0.0
dmw=892	0.09416445623342175	0.08611599297012303	0.07673860911270983	0.13539445628997868	0.028598665395614873	0.029585798816568046	0.004178272980501393	0.04645476772616137	0.009404388714733543	0.07083333333333333	0.09313725490196079	0.11055276381909548	0.008403361344537815	0.0036496350364963502	0.037037037037037035	0.10638297872340426	0.17073170731707318
dmw=895	0.01249442213297635	0.004916420845624385	0.005494505494505495	0.007168458781362007	0.005025125628140704	0.0066518847006651885	0.01440329218106996	0.0	0.0	0.0	0.007425742574257425	0.0	0.014598540145985401	0.014778325123152709	0.01818181818181818	0.0	0.0
dmw=900	0.5	0.475177304964539	0.5185185185185185	0.46551724137931033	0.4044943820224719	0.41379310344827586	0.5166666666666667	0.5416666666666666	0.49230769230769234	0.38461538461538464	0.4878048780487805	0.36363636363636365	0.4	0.36	0.5	0.25	1.0
dmw=917	0.004449388209121246	0.005089058524173028	0.02127659574468085	0.007194244604316547	0.0	0.0	0.007633587786259542	0.0	0.007874015748031496	0.0	0.0	0.0	0.0	0.0	0.0	0.0	0.0
dmw=931	0.007692307692307693	0.0	0.015151515151515152	0.0	0.0	0.0	0.0	0.0	0.0	0.0	0.0	0.0	0.0	0.0	0.0	0.0	0.0
dmw=936	0.5737833594976453	0.6238938053097345	0.4	0.5305263157894737	0.6649076517150396	0.6971830985915493	0.7181008902077152	0.5145631067961165	0.7288629737609329	0.2421875	0.4008097165991903	0.4772727272727273	0.5689655172413793	0.6382978723404256	0.45714285714285713	0.6046511627906976	0.4444444444444444
dmw=981	0.009615384615384616	0.0	0.03333333333333333	0.07142857142857142	0.0	0.0	0.0	0.0	0.0	0.0	0.0	0.0	0.0	0.0	0.0	0.0	0.25
dmw=1123	0.3955773955773956	0.3553299492385787	0.4032258064516129	0.28735632183908044	0.1276595744680851	0.2702702702702703	0.17894736842105263	0.4727272727272727	0.1897810218978102	0.2894736842105263	0.25	0.4	0.25	0.26666666666666666	0.0	0.6	0.6875
dmw=1124	0.06905640484976279	0.049937578027465665	0.04328018223234624	0.056818181818181816	0.02411873840445269	0.029411764705882353	0.0072992700729927005	0.07749077490774908	0.026422764227642278	0.08403361344537816	0.066006600660066	0.08	0.06060606060606061	0.045454545454545456	0.0	0.07407407407407407	0.08928571428571429
dmw=1145	0.025629077353215284	0.02583423035522067	0.08253358925143954	0.03076923076923077	0.14098360655737704	0.12457912457912458	0.14770797962648557	0.03260869565217391	0.152317880794702	0.13259668508287292	0.02027027027027027	0.0392156862745098	0.10714285714285714	0.1527777777777778	0.2	0.16	0.10526315789473684
dmw=1147	0.01225114854517611	0.0	0.014598540145985401	0.0	0.007462686567164179	0.014084507042253521	0.00847457627118644	0.0	0.0	0.02127659574468085	0.0	0.0	0.03333333333333333	0.0	0.0	0.0	0.0
dmw=1160	0.005865102639296188	0.005494505494505495	0.0	0.0	0.0	0.0	0.0	0.0	0.0	0.0	0.0	0.0	0.0	0.0	0.0	1.0	0.0
dmw=1193	0.006376195536663124	0.002967359050445104	0.013071895424836602	0.017699115044247787	0.0	0.015151515151515152	0.017142857142857144	0.0	0.008130081300813009	0.0	0.00909090909090909	0.0	0.0	0.0	0.0	0.0	0.0
dmw=1200	0.04245283018867924	0.036775106082036775	0.11044776119402985	0.07567567567567568	0.1962809917355372	0.19672131147540983	0.19814241486068113	0.016194331983805668	0.21030042918454936	0.1095890410958904	0.057291666666666664	0.1717171717171717	0.0594059405940594	0.21164021164021163	0.23809523809523808	0.1111111111111111	0.01694915254237288
dmw=1257	0.009216589861751152	0.0	0.0	0.010638297872340425	0.0	0.0	0.0	0.022222222222222223	0.0	0.03225806451612903	0.0	0.0	0.0	0.0	0.0	0.0	0.0
dmw=1287	0.238562091503268	0.23469387755102042	0.24161073825503357	0.22807017543859648	0.22935779816513763	0.27586206896551724	0.1554054054054054	0.1746031746031746	0.20481927710843373	0.28205128205128205	0.2543859649122807	0.2	0.0	0.09090909090909091	0.0	0.6666666666666666	0.3333333333333333
dmw=1297	0.009876543209876543	0.0056179775280898875	0.02127659574468085	0.014492753623188406	0.0	0.0	0.0	0.0	0.012195121951219513	0.0	0.0	0.0	0.0	0.0	0.0	0.0	0.0
dmw=1326	0.9309410968178741	0.8849407783417935	0.9117647058823529	0.9373219373219374	0.9579579579579579	0.9591836734693877	0.9593908629441624	0.9058823529411765	0.9542682926829268	0.5135135135135135	0.9074074074074074	0.9666666666666667	0.8064516129032258	0.9242424242424242	1.0	0.0	1.0
dmw=1330	0.07864302235929067	0.0673076923076923	0.07643312101910828	0.08403361344537816	0.10115606936416185	0.09420289855072464	0.09897610921501707	0.10294117647058823	0.05413105413105413	0.08791208791208792	0.07531380753138076	0.05	0.11764705882352941	0.03076923076923077	0.06666666666666667	0.0	0.043478260869565216
dmw=1354	0.007547169811320755	0.002560819462227913	0.005434782608695652	0.005050505050505051	0.008298755186721992	0.004310344827586207	0.0	0.00975609756097561	0.006172839506172839	0.011976047904191617	0.006369426751592357	0.01098901098901099	0.018518518518518517	0.0	0.0	0.0	0.0
dmw=1386	0.005625879043600563	0.017391304347826087	0.0	0.0	0.0	0.0	0.0	0.03508771929824561	0.0	0.0	0.007518796992481203	0.0	0.0	0.0	0.0	0.0	0.0
dmw=1387	0.4745508982035928	0.4128686327077748	0.4512820512820513	0.43243243243243246	0.1459227467811159	0.19736842105263158	0.19642857142857142	0.4895833333333333	0.22761194029850745	0.3953488372093023	0.4126984126984127	0.44	0.5	0.15517241379310345	0.15384615384615385	0.5454545454545454	0.4
dmw=1388	0.008310249307479225	0.003952569169960474	0.0	0.0	0.004784688995215311	0.023255813953488372	0.0	0.0	0.0	0.0	0.0	0.0	0.0	0.0	0.0	0.0	0.0
dmw=1398	0.00456968773800457	0.001736111111111111	0.0	0.006944444444444444	0.0	0.0	0.026923076923076925	0.0	0.003076923076923077	0.02564102564102564	0.039301310043668124	0.0	0.046511627906976744	0.006711409395973154	0.0	0.0	0.0
dmw=1424	0.005988023952095809	0.003816793893129771	0.0053475935828877	0.0	0.008403361344537815	0.022222222222222223	0.0	0.0	0.0	0.0	0.0	0.0	0.0	0.041666666666666664	0.0	0.0	0.0
dmw=1434	0.8017057569296375	0.8302752293577982	0.9672131147540983	0.9459459459459459	0.9459459459459459	0.8714285714285714	0.9027777777777778	0.8974358974358975	0.9	0.8	0.84	0.8	0.9285714285714286	0.9545454545454546	1.0	1.0	0.0
dmw=1435	0.10748792270531402	0.11748633879781421	0.13440860215053763	0.0945273631840796	0.1527777777777778	0.18867924528301888	0.1493212669683258	0.07246376811594203	0.13138686131386862	0.1346153846153846	0.06666666666666667	0.12727272727272726	0.05405405405405406	0.1595744680851064	0.0	0.16	0.16666666666666666
dmw=1450	0.14508196721311475	0.13957934990439771	0.12307692307692308	0.1650943396226415	0.14	0.11666666666666667	0.13135593220338984	0.07920792079207921	0.07664233576642336	0.0851063829787234	0.09395973154362416	0.16417910447761194	0.08974358974358974	0.12903225806451613	0.0	0.2545454545454545	0.25
dmw=1481	0.010526315789473684	0.013358778625954198	0.003194888178913738	0.0	0.01	0.0	0.011363636363636364	0.0	0.0070921985815602835	0.013333333333333334	0.00749063670411985	0.0	0.0	0.0	0.0	0.0	0.0
dmw=1488	0.2222222222222222	0.2080745341614907	0.14018691588785046	0.27607361963190186	0.14166666666666666	0.20833333333333334	0.1388888888888889	0.11764705882352941	0.10989010989010989	0.20512820512820512	0.3177570093457944	0.18604651162790697	0.18518518518518517	0.06818181818181818	0.5294117647058824	0.21428571428571427	0.5
dmw=1498	0.0044004400440044	0.0023584905660377358	0.010416666666666666	0.00510204081632653	0.0	0.0	0.009259259259259259	0.0	0.005988023952095809	0.0	0.021164021164021163	0.0	0.0	0.011111111111111112	0.0	0.0	0.0
dmw=1499	0.1589041095890411	0.138996138996139	0.12087912087912088	0.19473684210526315	0.13917525773195877	0.25882352941176473	0.11650485436893204	0.17647058823529413	0.105	0.12903225806451613	0.18947368421052632	0.08	0.09375	0.10126582278481013	0.5714285714285714	0.25	0.2857142857142857
dmw=1506	0.004629629629629629	0.0	0.0	0.0	0.0	0.05555555555555555	0.0	0.0	0.0	0.045454545454545456	0.0	0.0	0.0	0.08333333333333333	0.0	0.0	0.0
dmw=1518	0.006010518407212622	0.009615384615384616	0.0	0.009174311926605505	0.0	0.0078125	0.0	0.00684931506849315	0.012307692307692308	0.0	0.0111731843575419	0.0136986301369863	0.0	0.02	0.0	0.0	0.0
dmw=1542	0.0	0.025	0.0	0.010869565217391304	0.0	0.0	0.0	0.013157894736842105	0.013333333333333334	0.0	0.011363636363636364	0.0	0.0	0.0	0.0	0.0	0.0
dmw=1557	0.008791208791208791	0.004722550177095631	0.027124773960216998	0.006711409395973154	0.01697792869269949	0.013333333333333334	0.009202453987730062	0.0	0.007142857142857143	0.024475524475524476	0.009287925696594427	0.0	0.016	0.013605442176870748	0.0	0.0	0.03125
dmw=1558	0.3080168776371308	0.31158238172920066	0.3660377358490566	0.26038781163434904	0.3008130081300813	0.19424460431654678	0.3765432098765432	0.40372670807453415	0.33186813186813185	0.05102040816326531	0.29721362229102166	0.29333333333333333	0.36363636363636365	0.3313253012048193	0.0	0.0	0.22580645161290322
dmw=1562	0.0025795356835769563	0.004597701149425287	0.0	0.009302325581395349	0.0072992700729927005	0.009523809523809525	0.005780346820809248	0.0	0.006514657980456026	0.05263157894736842	0.014705882352941176	0.0	0.0	0.0	0.0	0.0	0.05555555555555555
dmw=1606	0.12804878048780488	0.08241758241758242	0.019230769230769232	0.0	0.011695906432748537	0.03389830508474576	0.0	0.0	0.01818181818181818	0.0	0.0	0.0	0.09090909090909091	0.19444444444444445	0.0	0.0	0.0
dmw=1625	0.013333333333333334	0.0	0.0	0.0	0.0	0.0	0.017241379310344827	0.0	0.0	0.0	0.0	0.0	0.0	0.0	0.0	0.0	0.0
dmw=1644	0.41841004184100417	0.3333333333333333	0.34782608695652173	0.5211267605633803	0.30303030303030304	0.5555555555555556	0.3709677419354839	0.2702702702702703	0.22950819672131148	0.41379310344827586	0.42857142857142855	0.36363636363636365	0.36363636363636365	0.3	0.5	0.0	0.3076923076923077
dmw=1659	0.12794268167860798	0.11521739130434783	0.13297872340425532	0.14522821576763487	0.144	0.13636363636363635	0.18779342723004694	0.14864864864864866	0.1346153846153846	0.11594202898550725	0.07960199004975124	0.21212121212121213	0.7272727272727273	0.10493827160493827	0.5	0.0	0.3103448275862069
dmw=1709	0.039250669045495096	0.02231237322515213	0.056179775280898875	0.05	0.005319148936170213	0.012987012987012988	0.02040816326530612	0.05982905982905983	0.012232415902140673	0.02247191011235955	0.014084507042253521	0.06382978723404255	0.0	0.029850746268656716	0.25	0.0	0.05660377358490566
dmw=1713	0.00873998543335761	0.004975124378109453	0.024024024024024024	0.006802721088435374	0.0	0.0	0.0	0.009523809523809525	0.0	0.0	0.0	0.0	0.04411764705882353	0.009523809523809525	0.0	0.0	0.0
dmw=1715	0.016867469879518072	0.00909090909090909	0.012	0.026200873362445413	0.009900990099009901	0.015748031496062992	0.0	0.017543859649122806	0.008620689655172414	0.0	0.013422818791946308	0.03125	0.04	0.0	0.0	0.0	0.0
dmw=1726	0.373134328358209	0.20253164556962025	0.47297297297297297	0.35384615384615387	0.6621621621621622	0.6538461538461539	0.5087719298245614	0.13333333333333333	0.7358490566037735	0.14285714285714285	0.30434782608695654	0.3333333333333333	0.75	0.5769230769230769	0.0	1.0	0.5
dmw=1754	0.012012012012012012	0.013043478260869565	0.010256410256410256	0.019736842105263157	0.006211180124223602	0.0	0.01098901098901099	0.012903225806451613	0.0	0.027777777777777776	0.005025125628140704	0.0	0.0	0.011111111111111112	0.0	0.0	0.0
dmw=1786	0.03749085588880761	0.03389103389103389	0.02513747054202671	0.02335456475583864	0.02097902097902098	0.010752688172043012	0.009372746935832732	0.020161290322580645	0.01674808094905792	0.04040404040404041	0.02593010146561443	0.0	0.04225352112676056	0.012285012285012284	0.03	0.05555555555555555	0.04878048780487805
dmw=1787	0.009375	0.0	0.008264462809917356	0.0	0.043478260869565216	0.0	0.0043859649122807015	0.005747126436781609	0.005649717514124294	0.0	0.0	0.027777777777777776	0.0	0.0	0.0	0.0	0.0
dmw=1788	0.4396551724137931	0.3404255319148936	0.582089552238806	0.5	0.839622641509434	0.9534883720930233	0.9310344827586207	0.2127659574468085	0.8703703703703703	0.4782608695652174	0.4639175257731959	0.71875	0.8	0.6666666666666666	0.0	0.8571428571428571	0.75
dmw=1801	0.012077294685990338	0.002512562814070352	0.010526315789473684	0.005747126436781609	0.0048543689320388345	0.0	0.0	0.01282051282051282	0.007692307692307693	0.046153846153846156	0.006578947368421052	0.0	0.0	0.0	0.0	0.0	0.0
dmw=1802	0.01932367149758454	0.004048582995951417	0.0	0.006369426751592357	0.0	0.0	0.0	0.061224489795918366	0.0	0.015625	0.008	0.0	0.0	0.0	0.0	0.0	0.0
dmw=1804	0.6884531590413944	0.5927505330490405	0.6096256684491979	0.6779661016949152	0.6975806451612904	0.5803571428571429	0.7935483870967742	0.5138888888888888	0.626984126984127	0.4745762711864407	0.6197183098591549	0.4375	0.6885245901639344	0.632183908045977	0.16666666666666666	0.6896551724137931	0.5714285714285714
dmw=1810	0.012448132780082987	0.005154639175257732	0.0021691973969631237	0.006993006993006993	0.0030959752321981426	0.004201680672268907	0.0	0.0	0.0	0.0	0.0033783783783783786	0.045454545454545456	0.0	0.0	0.0	0.0	0.0
dmw=1811	0.0	0.009523809523809525	0.0	0.0	0.016216216216216217	0.0	0.006329113924050633	0.014084507042253521	0.0	0.0	0.016666666666666666	0.01818181818181818	0.0	0.0	0.0	0.0	0.07142857142857142
dmw=1819	0.003472222222222222	0.0044444444444444444	0.0	0.008583690987124463	0.010101010101010102	0.027777777777777776	0.0053475935828877	0.015957446808510637	0.0022172949002217295	0.0	0.004901960784313725	0.0	0.0	0.0	0.0	0.0	0.0
dmw=1834	0.00631578947368421	0.006382978723404255	0.0035714285714285713	0.0	0.0	0.0	0.0	0.0	0.007537688442211055	0.0	0.0	0.0	0.0	0.0	0.043478260869565216	0.0	0.0
dmw=1875	0.0	0.0034482758620689655	0.010582010582010581	0.03361344537815126	0.0	0.0	0.02027027027027027	0.0	0.0	0.0	0.015151515151515152	0.046511627906976744	0.0	0.03571428571428571	0.0	0.0	0.0
dmw=1900	0.01335559265442404	0.023952095808383235	0.0196078431372549	0.028169014084507043	0.029556650246305417	0.047619047619047616	0.0	0.058823529411764705	0.041884816753926704	0.0	0.032	0.0	0.030303030303030304	0.0	0.0	0.0	0.08695652173913043
dmw=1905	0.07155742633794347	0.06201550387596899	0.060126582278481014	0.046875	0.08962264150943396	0.115	0.08743169398907104	0.12406015037593984	0.05647058823529412	0.007936507936507936	0.05099150141643059	0.0	0.0	0.11413043478260869	0.0	0.0	0.0
dmw=1917	0.32274143302180686	0.19336219336219337	0.5279878971255674	0.4878048780487805	0.6356275303643725	0.5754985754985755	0.6359583952451708	0.4657142857142857	0.6137640449438202	0.6183574879227053	0.31954887218045114	0.59375	0.5863874345549738	0.6053811659192825	0.5789473684210527	0.7368421052631579	0.640625
dmw=1961	0.22198120028922633	0.20249221183800623	0.18154761904761904	0.20080321285140562	0.21621621621621623	0.07975460122699386	0.2732919254658385	0.25654450261780104	0.22608695652173913	0.23333333333333334	0.14163090128755365	0.08928571428571429	0.208955223880597	0.2	0.1	0.3584905660377358	0.15384615384615385
dmw=1962	0.06107341147439852	0.043859649122807015	0.0659090909090909	0.08031088082901554	0.060526315789473685	0.07734806629834254	0.0737913486005089	0.04405286343612335	0.10852713178294573	0.012422360248447204	0.06702412868632708	0.0	0.07058823529411765	0.07303370786516854	0.0	0.0	0.06976744186046512
dmw=1963	0.022068095838587643	0.010680907877169559	0.01240694789081886	0.01675977653631285	0.014124293785310734	0.010362694300518135	0.01856763925729443	0.004807692307692308	0.034739454094292806	0.01818181818181818	0.0	0.0	0.03389830508474576	0.0	0.0	0.0	0.05714285714285714
dmw=1964	0.16305290546400694	0.13062568605927552	0.14482758620689656	0.16792738275340394	0.20642978003384094	0.1935483870967742	0.13761467889908258	0.08045977011494253	0.1715076071922545	0.16363636363636364	0.08357348703170028	0.07692307692307693	0.14457831325301204	0.20994475138121546	0.0	0.2037037037037037	0.05405405405405406
dmw=1965	0.10902255639097744	0.10434782608695652	0.11475409836065574	0.11538461538461539	0.0	0.20689655172413793	0.0	0.0	0.022727272727272728	0.09090909090909091	0.03636363636363636	0.2727272727272727	0.0	0.0	0.0	0.0	0.0
dmw=1966	0.13152094048493754	0.10338983050847457	0.14761904761904762	0.021739130434782608	0.0933852140077821	0.2112676056338028	0.0935483870967742	0.04938271604938271	0.22916666666666666	0.10227272727272728	0.06451612903225806	0.3076923076923077	0.06976744186046512	0.16049382716049382	0.0	0.0	0.20754716981132076
dmw=1985	0.030473135525260625	0.012711864406779662	0.016286644951140065	0.017456359102244388	0.028938906752411574	0.032467532467532464	0.024822695035460994	0.02877697841726619	0.019417475728155338	0.024193548387096774	0.015706806282722512	0.03571428571428571	0.04838709677419355	0.01098901098901099	0.0	0.11538461538461539	0.0
dmw=2001	0.006830601092896175	0.0	0.0	0.0	0.0	0.0	0.011278195488721804	0.0	0.0	0.0	0.0	0.0	0.0	0.0	0.0	0.03225806451612903	0.0
dmw=2007	0.0039494470774091624	0.0058823529411764705	0.0033783783783783786	0.012244897959183673	0.006622516556291391	0.0	0.003937007874015748	0.007407407407407408	0.0055248618784530384	0.009259259259259259	0.011764705882352941	0.0	0.0	0.0	0.0	0.0	0.0
dmw=2009	0.0009250693802035153	0.0071174377224199285	0.009389671361502348	0.014218009478672985	0.0	0.0	0.007936507936507936	0.0	0.0	0.007575757575757576	0.005154639175257732	0.0	0.03571428571428571	0.0	0.0	0.0	0.0
dmw=2019	0.0	0.0	0.0	0.015625	0.0	0.0	0.0	0.0	0.0	0.0	0.0	0.0	0.0	0.0	0.0	0.0	0.0
dmw=2033	0.004278728606356968	0.002197802197802198	0.006172839506172839	0.0025906735751295338	0.006928406466512702	0.0	0.009230769230769232	0.02242152466367713	0.004395604395604396	0.0	0.0024509803921568627	0.009009009009009009	0.0	0.0	0.0	0.03571428571428571	0.0
dmw=2069	0.0853008377760853	0.07526881720430108	0.0927536231884058	0.08783783783783784	0.04966887417218543	0.0425531914893617	0.02262443438914027	0.03571428571428571	0.05025125628140704	0.06349206349206349	0.06217616580310881	0.18604651162790697	0.0	0.029411764705882353	0.0	0.0	0.125
dmw=2072	0.18004223864836325	0.157543391188251	0.1649269311064718	0.16890080428954424	0.10956175298804781	0.21428571428571427	0.1787878787878788	0.12554112554112554	0.16007194244604317	0.1076923076923077	0.1592920353982301	0.1485148514851485	0.0	0.24358974358974358	0.0	0.17647058823529413	0.10526315789473684
dmw=2111	0.0064464141821112	0.007518796992481203	0.0	0.01646090534979424	0.011627906976744186	0.017094017094017096	0.0	0.0	0.0234375	0.03125	0.00980392156862745	0.0	0.0	0.0	0.0	0.05714285714285714	0.0
dmw=2112	0.003787878787878788	0.002849002849002849	0.007194244604316547	0.0	0.0	0.0	0.005	0.0	0.021645021645021644	0.010752688172043012	0.00684931506849315	0.0	0.0	0.0	0.0	0.0	0.0
dmw=2113	0.0034904013961605585	0.006276150627615063	0.004016064257028112	0.017341040462427744	0.007142857142857143	0.0	0.02147239263803681	0.0	0.0	0.013333333333333334	0.016129032258064516	0.0	0.0	0.0	0.0	0.0	0.0
dmw=2124	0.004024144869215292	0.003432494279176201	0.004032258064516129	0.0	0.014218009478672985	0.006211180124223602	0.0022271714922048997	0.0	0.004048582995951417	0.0	0.012307692307692308	0.0	0.0	0.0	0.0	0.0	0.0
dmw=2147	0.007142857142857143	0.01020408163265306	0.0	0.0	0.0	0.0	0.0	0.0	0.028169014084507043	0.0	0.0	0.0	0.0	0.0	0.0	0.0	0.0
dmw=2174	0.034074074074074076	0.03135313531353135	0.01764705882352941	0.024390243902439025	0.024242424242424242	0.024875621890547265	0.03272727272727273	0.0136986301369863	0.02056555269922879	0.02142857142857143	0.04081632653061224	0.04	0.044444444444444446	0.03463203463203463	0.0	0.05128205128205128	0.0
dmw=2182	0.007413509060955519	0.013544018058690745	0.0038022813688212928	0.00423728813559322	0.011029411764705883	0.015384615384615385	0.0	0.0	0.004048582995951417	0.008547008547008548	0.0	0.0	0.0	0.0	0.0	0.0	0.0
dmw=2183	0.004478566858605247	0.00646551724137931	0.010752688172043012	0.014534883720930232	0.0	0.008695652173913044	0.015228426395939087	0.006622516556291391	0.006802721088435374	0.0	0.005405405405405406	0.018691588785046728	0.046511627906976744	0.0	0.0	0.0	0.0
dmw=2190	0.006692160611854685	0.004576659038901602	0.0	0.0	0.01893939393939394	0.007751937984496124	0.0	0.0	0.00975609756097561	0.0	0.004329004329004329	0.0	0.0	0.0	0.0	0.0	0.0
dmw=2196	0.8391699092088197	0.7714285714285715	0.8461538461538461	0.7870967741935484	0.852112676056338	0.8365384615384616	0.8602941176470589	0.8461538461538461	0.8466257668711656	0.8313253012048193	0.917910447761194	0.95	0.4444444444444444	0.9577464788732394	0.0	0.8888888888888888	0.6
dmw=2227	0.009969537524231515	0.006198347107438017	0.00804289544235925	0.0074850299401197605	0.011650485436893204	0.005494505494505495	0.010033444816053512	0.010443864229765013	0.011467889908256881	0.0037313432835820895	0.012965964343598054	0.005649717514124294	0.02040816326530612	0.01107011070110701	0.0	0.0	0.014925373134328358
dmw=2242	0.0068201193520886615	0.009541984732824428	0.006060606060606061	0.0033783783783783786	0.005928853754940711	0.006097560975609756	0.006097560975609756	0.0	0.09117647058823529	0.0	0.0136986301369863	0.0	0.028985507246376812	0.00909090909090909	0.0	0.0	0.0
dmw=2252	0.005970149253731343	0.0044444444444444444	0.0	0.00423728813559322	0.00909090909090909	0.0	0.0	0.0	0.009615384615384616	0.012987012987012988	0.0	0.0	0.0	0.0	0.0	0.0	0.0
dmw=2257	0.043327556325823226	0.05214723926380368	0.03636363636363636	0.09523809523809523	0.04819277108433735	0.013888888888888888	0.025477707006369428	0.014084507042253521	0.007633587786259542	0.18181818181818182	0.04040404040404041	0.0	0.0	0.041666666666666664	0.0	0.0	0.0
dmw=2258	0.07079646017699115	0.0480225988700565	0.06896551724137931	0.0625	0.07729468599033816	0.09090909090909091	0.06862745098039216	0.047058823529411764	0.025	0.0	0.021052631578947368	0.11764705882352941	0.07692307692307693	0.16901408450704225	0.17647058823529413	0.0	0.0
dmw=2299	0.05371024734982332	0.027331189710610933	0.06	0.029508196721311476	0.06273062730627306	0.025210084033613446	0.0436241610738255	0.0375	0.058823529411764705	0.16901408450704225	0.05128205128205128	0.0	0.05405405405405406	0.06363636363636363	0.0	0.19047619047619047	0.2222222222222222
dmw=2309	0.00693000693000693	0.00558659217877095	0.024539877300613498	0.0034482758620689655	0.0049382716049382715	0.008264462809917356	0.011049723756906077	0.005	0.006309148264984227	0.0	0.005025125628140704	0.0	0.029411764705882353	0.020833333333333332	0.0	0.0	0.0
dmw=2326	0.6011904761904762	0.5444126074498568	0.57	0.592814371257485	0.5652173913043478	0.7948717948717948	0.5822784810126582	0.6571428571428571	0.5789473684210527	0.3181818181818182	0.58	0.5789473684210527	0.6521739130434783	0.4	1.0	0.7857142857142857	0.6666666666666666
dmw=2351	0.004424778761061947	0.0	0.0	0.019230769230769232	0.0	0.125	0.0	0.0	0.0	0.0	0.022727272727272728	0.0	0.0	0.0	0.0	0.0	0.25
dmw=2376	0.0040858018386108275	0.004073319755600814	0.0	0.0	0.027149321266968326	0.0	0.018433179723502304	0.007462686567164179	0.0	0.0	0.0	0.0	0.0	0.01	0.0	0.0	0.0
dmw=2377	0.008415147265077139	0.0034602076124567475	0.010101010101010102	0.0051813471502590676	0.005025125628140704	0.0	0.013513513513513514	0.0196078431372549	0.0	0.0	0.0	0.0	0.0	0.0	0.0	0.0	0.0
dmw=2379	0.6717171717171717	0.6233766233766234	0.7686567164179104	0.6814814814814815	0.7336244541484717	0.5978260869565217	0.615	0.7857142857142857	0.45374449339207046	0.5048543689320388	0.6518987341772152	0.4444444444444444	0.8888888888888888	0.5138888888888888	0.0	0.7307692307692307	0.875
dmw=2408	0.5540875309661437	0.5826666666666667	0.5147540983606558	0.5275080906148867	0.402555910543131	0.3741935483870968	0.33676975945017185	0.4666666666666667	0.40804597701149425	0.36496350364963503	0.41964285714285715	0.46296296296296297	0.3333333333333333	0.28125	0.5555555555555556	0.5263157894736842	0.5526315789473685
dmw=2409	0.005939123979213066	0.007802340702210663	0.007142857142857143	0.007042253521126761	0.0	0.008403361344537815	0.00273224043715847	0.005405405405405406	0.021447721179624665	0.0	0.007042253521126761	0.01020408163265306	0.014925373134328358	0.0	0.0	0.0	0.0
dmw=2416	0.060240963855421686	0.042748091603053436	0.06472491909385113	0.08280254777070063	0.10483870967741936	0.065	0.08433734939759036	0.10869565217391304	0.05630630630630631	0.03015075376884422	0.044642857142857144	0.11864406779661017	0.07894736842105263	0.05555555555555555	0.14285714285714285	0.3333333333333333	0.13333333333333333
dmw=2417	0.004878048780487805	0.007028112449799197	0.0	0.03896103896103896	0.004424778761061947	0.0	0.012089810017271158	0.0	0.009900990099009901	0.0	0.004608294930875576	0.0	0.01282051282051282	0.0	0.0	0.0	0.0
dmw=2418	0.008450704225352112	0.002466091245376079	0.004056795131845842	0.014742014742014743	0.0	0.0070921985815602835	0.0108499095840868	0.0	0.005970149253731343	0.0	0.0	0.0	0.0	0.01639344262295082	0.0	0.0	0.0
dmw=2433	0.00576036866359447	0.0030959752321981426	0.012396694214876033	0.01485148514851485	0.0	0.013157894736842105	0.023622047244094488	0.0	0.009259259259259259	0.0	0.0	0.0	0.0	0.0	0.0	0.0	0.0
dmw=2438	0.059734513274336286	0.023696682464454975	0.31343283582089554	0.09734513274336283	0.27884615384615385	0.17777777777777778	0.16483516483516483	0.05263157894736842	0.4	0.09090909090909091	0.10714285714285714	0.15384615384615385	0.14285714285714285	0.17647058823529413	0.0	0.3333333333333333	0.3333333333333333
dmw=2454	0.042120911793855305	0.036281179138321996	0.06627680311890838	0.028225806451612902	0.012455516014234875	0.022988505747126436	0.027944111776447105	0.03731343283582089	0.03051643192488263	0.02857142857142857	0.04460093896713615	0.042105263157894736	0.16129032258064516	0.03164556962025317	0.0	0.023809523809523808	0.014925373134328358
dmw=2465	0.003864734299516908	0.005128205128205128	0.026119402985074626	0.0036363636363636364	0.0	0.013888888888888888	0.017094017094017096	0.0	0.01020408163265306	0.014492753623188406	0.0	0.0	0.0	0.009009009009009009	0.0	0.0	0.0
dmw=2468	0.0073937153419593345	0.0	0.0	0.016	0.0	0.017241379310344827	0.011235955056179775	0.0	0.01015228426395939	0.0	0.0	0.0	0.0	0.0	0.0	0.0	0.0
dmw=2472	0.027300303336703743	0.01443298969072165	0.013157894736842105	0.004784688995215311	0.0037313432835820895	0.010752688172043012	0.0	0.009900990099009901	0.006666666666666667	0.009174311926605505	0.0	0.022222222222222223	0.0	0.0	0.07142857142857142	0.0	0.0196078431372549
dmw=2473	0.006109979633401222	0.0125	0.017543859649122806	0.016	0.007874015748031496	0.0	0.0	0.0	0.0	0.0	0.0	0.0	0.0	0.03333333333333333	0.0	0.0	0.0
dmw=2484	0.029881504379185988	0.041604754829123326	0.02318840579710145	0.031161473087818695	0.02522935779816514	0.0	0.005865102639296188	0.06358381502890173	0.02834008097165992	0.04	0.031609195402298854	0.043478260869565216	0.05405405405405406	0.02727272727272727	0.0	0.016129032258064516	0.10810810810810811
dmw=2504	0.16117647058823528	0.11684782608695653	0.11450381679389313	0.11965811965811966	0.1939655172413793	0.22340425531914893	0.20540540540540542	0.14563106796116504	0.23469387755102042	0.14925373134328357	0.04	0.125	0.13725490196078433	0.24324324324324326	0.0	0.09523809523809523	0.375
dmw=2524	0.017112299465240642	0.01643192488262911	0.013953488372093023	0.01293103448275862	0.008333333333333333	0.02564102564102564	0.005988023952095809	0.03424657534246575	0.01953125	0.05128205128205128	0.021505376344086023	0.0	0.0	0.017241379310344827	0.0	0.0	0.0
dmw=2528	0.018072289156626505	0.01195219123505976	0.010526315789473684	0.0	0.014705882352941176	0.05555555555555555	0.006329113924050633	0.014285714285714285	0.0	0.0	0.0	0.0	0.0	0.017543859649122806	0.0	0.0	0.0
dmw=2537	0.4127906976744186	0.35802469135802467	0.34523809523809523	0.34146341463414637	0.2230769230769231	0.6612903225806451	0.25	0.25925925925925924	0.5333333333333333	0.2222222222222222	0.4731182795698925	0.0	0.8	0.46511627906976744	0.0	0.75	0.25
dmw=2541	0.40915733073550903	0.4219409282700422	0.45104895104895104	0.3546099290780142	0.41968911917098445	0.4089068825910931	0.4088397790055249	0.42857142857142855	0.3767361111111111	0.24324324324324326	0.4111111111111111	0.45132743362831856	0.45217391304347826	0.47058823529411764	0.34210526315789475	0.34375	0.5862068965517241
dmw=2553	0.5630252100840336	0.513978494623656	0.6184738955823293	0.5930735930735931	0.5781818181818181	0.5185185185185185	0.5546218487394958	0.40601503759398494	0.6066481994459834	0.38461538461538464	0.41916167664670656	0.53125	0.8	0.5793650793650794	0.6444444444444445	0.3888888888888889	0.3157894736842105
dmw=2554	0.00993150684931507	0.009938837920489297	0.014457831325301205	0.0170316301703163	0.009055627425614488	0.016666666666666666	0.006342494714587738	0.004219409282700422	0.008522727272727272	0.004878048780487805	0.0037243947858473	0.0	0.033783783783783786	0.005555555555555556	0.0	0.0	0.0
dmw=2559	0.06633663366336634	0.0918918918918919	0.046632124352331605	0.09090909090909091	0.09523809523809523	0.06060606060606061	0.06179775280898876	0.08791208791208792	0.048	0.05555555555555555	0.037267080745341616	0.05660377358490566	0.1935483870967742	0.13636363636363635	0.13513513513513514	0.09523809523809523	0.047619047619047616
dmw=2560	0.019464720194647202	0.007374631268436578	0.015306122448979591	0.024193548387096774	0.016908212560386472	0.0330188679245283	0.016853932584269662	0.0136986301369863	0.03456221198156682	0.0	0.02734375	0.0273972602739726	0.04411764705882353	0.037037037037037035	0.06666666666666667	0.030303030303030304	0.0
dmw=2589	0.018085106382978722	0.009345794392523364	0.006024096385542169	0.021739130434782608	0.02821316614420063	0.028169014084507043	0.018404907975460124	0.009708737864077669	0.010309278350515464	0.0136986301369863	0.022099447513812154	0.0	0.02857142857142857	0.0	0.0	0.05263157894736842	0.02702702702702703
dmw=2594	0.05604203152364273	0.18315018315018314	0.16260162601626016	0.0449438202247191	0.05426356589147287	0.0	0.009433962264150943	0.3829787234042553	0.009433962264150943	0.0	0.056	0.36363636363636365	0.09090909090909091	0.1388888888888889	0.0	0.0	0.0
dmw=2595	0.0029585798816568047	0.02702702702702703	0.0	0.0	0.056818181818181816	0.020833333333333332	0.0	0.0	0.0	0.0	0.04477611940298507	0.0	0.0	0.0	0.0	0.0	0.0
dmw=2599	0.008862629246676515	0.0	0.010256410256410256	0.0	0.0	0.0	0.005434782608695652	0.0	0.0	0.07462686567164178	0.015267175572519083	0.0	0.0	0.0	0.0	0.0	0.06896551724137931
dmw=2605	0.009696186166774402	0.008605851979345954	0.003472222222222222	0.007874015748031496	0.0028089887640449437	0.0	0.0	0.010810810810810811	0.009708737864077669	0.04838709677419355	0.00398406374501992	0.010526315789473684	0.03225806451612903	0.0	0.0	0.0	0.028985507246376812
dmw=2606	0.006050955414012739	0.0014064697609001407	0.005488474204171241	0.005813953488372093	0.005741626794258373	0.0	0.0016	0.005115089514066497	0.01160092807424594	0.008849557522123894	0.008865248226950355	0.01	0.0	0.03146853146853147	0.027777777777777776	0.0	0.011627906976744186
dmw=2607	0.0028790786948176585	0.013100436681222707	0.003215434083601286	0.0	0.006134969325153374	0.029850746268656716	0.012096774193548387	0.0	0.0	0.007692307692307693	0.0	0.0	0.0	0.014285714285714285	0.0	0.0	0.0
dmw=2611	0.06415094339622641	0.06375838926174497	0.0635593220338983	0.05747126436781609	0.0891089108910891	0.0	0.024096385542168676	0.049586776859504134	0.06593406593406594	0.0	0.05194805194805195	0.10256410256410256	0.11764705882352941	0.03571428571428571	0.0	0.0	0.0
dmw=2612	0.010377358490566037	0.002074688796680498	0.0	0.006369426751592357	0.010135135135135136	0.0	0.0	0.0	0.00851063829787234	0.0	0.004761904761904762	0.01818181818181818	0.0	0.014285714285714285	0.0	0.0	0.0
dmw=2618	0.039627039627039624	0.0332409972299169	0.046822742474916385	0.019801980198019802	0.04292929292929293	0.0410958904109589	0.04835164835164835	0.12422360248447205	0.05179282868525897	0.015503875968992248	0.04891304347826087	0.058823529411764705	0.012048192771084338	0.017391304347826087	0.0	0.01834862385321101	0.045454545454545456
dmw=2621	0.03068181818181818	0.017130620985010708	0.00819672131147541	0.022857142857142857	0.01171875	0.02	0.01048951048951049	0.012987012987012988	0.03289473684210526	0.0	0.02976190476190476	0.0	0.05660377358490566	0.02127659574468085	0.0	0.0	0.0
dmw=2622	0.005964214711729622	0.0035714285714285713	0.014084507042253521	0.012096774193548387	0.0	0.007462686567164179	0.005494505494505495	0.03508771929824561	0.01935483870967742	0.0	0.008130081300813009	0.0	0.0136986301369863	0.0	0.0	0.0	0.0
dmw=2623	0.007611798287345386	0.0	0.00625	0.005128205128205128	0.0	0.0	0.0	0.022727272727272728	0.016260162601626018	0.0	0.0	0.07142857142857142	0.0	0.0	0.0	0.0	0.0
dmw=2624	0.5157142857142857	0.5472527472527473	0.5665024630541872	0.5631067961165048	0.6341463414634146	0.5882352941176471	0.5604395604395604	0.5348837209302325	0.6273584905660378	0.4411764705882353	0.4835164835164835	0.5555555555555556	0.48148148148148145	0.5789473684210527	0.6666666666666666	0.5	0.3684210526315789
dmw=2626	0.058091286307053944	0.04060913705583756	0.0	0.18181818181818182	0.02564102564102564	0.17857142857142858	0.013888888888888888	0.0	0.050314465408805034	0.0975609756097561	0.13333333333333333	0.030303030303030304	0.125	0.0	0.0	0.0	0.0
dmw=2631	0.017948717948717947	0.0	0.012738853503184714	0.005714285714285714	0.0	0.0	0.02158273381294964	0.0	0.015957446808510637	0.0	0.0	0.0	0.0	0.0	0.0	0.0	0.0
dmw=2635	0.022018348623853212	0.0	0.0	0.0	0.0	0.03636363636363636	0.02	0.0	0.008403361344537815	0.03571428571428571	0.021505376344086023	0.02702702702702703	0.0	0.0	0.0	0.0	0.0
dmw=2636	0.015915119363395226	0.0056179775280898875	0.0	0.014084507042253521	0.014814814814814815	0.0	0.0	0.02564102564102564	0.0	0.0	0.0	0.0	0.0	0.0	0.0	0.0	0.0
dmw=2637	0.5064027939464494	0.49337748344370863	0.5024154589371981	0.625	0.4228571428571429	0.4375	0.5573770491803278	0.5	0.5074626865671642	0.32941176470588235	0.654320987654321	0.5925925925925926	0.24	0.5189873417721519	0.0	0.15789473684210525	0.3333333333333333
dmw=2640	0.004827330115113257	0.0016233766233766235	0.01002004008016032	0.00333889816360601	0.007874015748031496	0.020454545454545454	0.0	0.002793296089385475	0.001176470588235294	0.0035971223021582736	0.0019157088122605363	0.0	0.0	0.0	0.0	0.0	0.0
dmw=2642	0.010033444816053512	0.003003003003003003	0.005	0.0	0.026143790849673203	0.00909090909090909	0.008	0.02127659574468085	0.01675977653631285	0.0	0.007575757575757576	0.0	0.0	0.015873015873015872	0.0	0.0	0.0
dmw=2648	0.260707635009311	0.13229571984435798	0.0	0.09523809523809523	0.15037593984962405	0.35185185185185186	0.26851851851851855	0.05555555555555555	0.3779527559055118	0.08333333333333333	0.1568627450980392	0.15384615384615385	0.1	0.38095238095238093	0.26666666666666666	0.25	0.0
dmw=2650	0.8085501858736059	0.8120300751879699	0.7377049180327869	0.8201438848920863	0.6585365853658537	0.7352941176470589	0.7446808510638298	0.8846153846153846	0.7403846153846154	0.7894736842105263	0.7976190476190477	0.5454545454545454	0.4	0.6	0.7	0.0	0.6666666666666666
dmw=2656	0.05345911949685535	0.0375	0.036827195467422094	0.05128205128205128	0.05263157894736842	0.06578947368421052	0.02631578947368421	0.02857142857142857	0.05895691609977324	0.02459016393442623	0.03597122302158273	0.01098901098901099	0.1702127659574468	0.0	0.03571428571428571	0.041666666666666664	0.0
dmw=2664	0.007488087134104833	0.008389261744966443	0.0037593984962406013	0.007425742574257425	0.008695652173913044	0.0	0.007751937984496124	0.0078125	0.005115089514066497	0.0	0.0	0.0	0.0	0.008264462809917356	0.0	0.03225806451612903	0.0
dmw=2665	0.014466546112115732	0.011764705882352941	0.0	0.0	0.017857142857142856	0.0	0.007874015748031496	0.0196078431372549	0.0	0.0	0.0	0.0	0.0	0.022222222222222223	0.0	0.0	0.0
dmw=2666	0.012055455093429777	0.02040816326530612	0.013468013468013467	0.0029498525073746312	0.010256410256410256	0.0	0.012345679012345678	0.023255813953488372	0.007978723404255319	0.0	0.006329113924050633	0.0	0.0	0.0	0.125	0.0196078431372549	0.0
dmw=2673	0.8647717484926787	0.8139880952380952	0.8831521739130435	0.9360902255639098	0.9012738853503185	0.8562091503267973	0.8131147540983606	0.9285714285714286	0.9057971014492754	0.7844827586206896	0.8661710037174721	0.8448275862068966	0.8181818181818182	0.88	0.0	1.0	0.7868852459016393
dmw=2674	0.18876018876018877	0.14754098360655737	0.25268817204301075	0.16019417475728157	0.2944693572496263	0.16379310344827586	0.25504587155963304	0.109375	0.3705103969754253	0.22784810126582278	0.2620481927710843	0.11627906976744186	0.288135593220339	0.21395348837209302	0.3	0.05405405405405406	0.02127659574468085
dmw=2680	0.1654099905749293	0.1446673706441394	0.19547325102880658	0.1337386018237082	0.17523364485981308	0.10344827586206896	0.18058690744920994	0.16	0.24869565217391304	0.14457831325301204	0.24187725631768953	0.22093023255813954	0.0625	0.15217391304347827	0.125	0.2535211267605634	0.18666666666666668
dmw=2681	0.008707607699358386	0.0065717415115005475	0.013806706114398421	0.009615384615384616	0.014705882352941176	0.02145922746781116	0.01598173515981735	0.0	0.024216524216524215	0.014150943396226415	0.011961722488038277	0.0	0.0	0.013071895424836602	0.0	0.011764705882352941	0.016129032258064516
dmw=2684	0.7923025879230259	0.7852459016393443	0.7788461538461539	0.6726618705035972	0.8409090909090909	0.7851239669421488	0.7542372881355932	0.8045454545454546	0.8323170731707317	0.58	0.8104265402843602	0.7346938775510204	0.9482758620689655	0.8142857142857143	0.875	0.6666666666666666	0.7142857142857143
dmw=2687	0.7512647554806071	0.7036437246963563	0.7455268389662028	0.7426086956521739	0.7367119901112484	0.8166666666666667	0.7408123791102514	0.745958429561201	0.794341675734494	0.5402298850574713	0.7028380634390651	0.7596153846153846	0.72	0.759493670886076	0.8125	0.6521739130434783	0.4666666666666667
dmw=2689	0.5758754863813229	0.5261121856866537	0.551948051948052	0.524904214559387	0.5389221556886228	0.6503496503496503	0.5791044776119403	0.6238532110091743	0.5936507936507937	0.49122807017543857	0.6350574712643678	0.5454545454545454	0.8888888888888888	0.5263157894736842	0.6923076923076923	0.44	0.5384615384615384
dmw=2691	0.6913439635535308	0.6675461741424802	0.7136752136752137	0.6708074534161491	0.6335403726708074	0.7647058823529411	0.6304347826086957	0.726027397260274	0.7255813953488373	0.6375	0.648936170212766	0.7567567567567568	1.0	0.6666666666666666	0.7142857142857143	0.0	0.8333333333333334
dmw=2692	0.5206655931293612	0.4943253467843632	0.6	0.5456730769230769	0.49725776965265084	0.5555555555555556	0.5392156862745098	0.38414634146341464	0.5808823529411765	0.5686274509803921	0.552901023890785	0.72	0.45569620253164556	0.37423312883435583	0.8275862068965517	0.6363636363636364	0.3333333333333333
dmw=2695	0.02021174205967276	0.02832244008714597	0.009259259259259259	0.017467248908296942	0.04	0.04878048780487805	0.009569377990430622	0.012658227848101266	0.03723404255319149	0.0136986301369863	0.03007518796992481	0.0	0.0	0.014084507042253521	0.0	0.0	0.0
dmw=2696	0.006318207926479035	0.006688963210702341	0.0036363636363636364	0.010548523206751054	0.00477326968973747	0.004784688995215311	0.00684931506849315	0.0	0.014925373134328358	0.0	0.004132231404958678	0.0	0.0	0.012048192771084338	0.05555555555555555	0.0	0.0
dmw=2701	0.00688298918387414	0.01440329218106996	0.0048543689320388345	0.004149377593360996	0.0041841004184100415	0.0	0.0	0.0423728813559322	0.007692307692307693	0.0	0.00546448087431694	0.0	0.0	0.014925373134328358	0.0	0.0	0.0
dmw=2705	0.012025901942645698	0.007125890736342043	0.0	0.013636363636363636	0.0	0.014285714285714285	0.004329004329004329	0.0	0.003389830508474576	0.0	0.007518796992481203	0.0	0.0	0.0	0.0	0.0	0.02564102564102564
dmw=2706	0.7016645326504481	0.6937669376693767	0.6470588235294118	0.8191489361702128	0.7191358024691358	0.7078651685393258	0.6680851063829787	0.7192982456140351	0.7627118644067796	0.5813953488372093	0.7128712871287128	0.7083333333333334	0.5147058823529411	0.6776859504132231	0.0	0.75	0.7586206896551724
dmw=2708	0.002840909090909091	0.013422818791946308	0.0	0.010309278350515464	0.0	0.0	0.011764705882352941	0.0	0.0	0.03571428571428571	0.013888888888888888	0.0	0.0	0.0	0.0	0.0	0.0
dmw=2720	0.5428400239664469	0.5786948176583493	0.6168478260869565	0.5989010989010989	0.5685557586837294	0.5112359550561798	0.5711252653927813	0.6188524590163934	0.5248796147672552	0.47468354430379744	0.5297297297297298	0.5384615384615384	0.6186440677966102	0.5989304812834224	0.7037037037037037	0.0	0.5
dmw=2721	0.49430051813471504	0.522248243559719	0.531496062992126	0.5275590551181102	0.4752851711026616	0.5131578947368421	0.5174418604651163	0.5487804878048781	0.5779816513761468	0.37254901960784315	0.5376344086021505	0.5	0.45714285714285713	0.36363636363636365	0.42857142857142855	0.625	0.7333333333333333
dmw=2723	0.6699834162520729	0.6617336152219874	0.7417582417582418	0.6650485436893204	0.7469879518072289	0.7924528301886793	0.6462093862815884	0.6815286624203821	0.760932944606414	0.6460176991150443	0.7236180904522613	0.7380952380952381	0.9142857142857143	0.7070063694267515	0.6666666666666666	0.9655172413793104	0.0
dmw=2724	0.03909054646988432	0.03324348607367475	0.04834605597964377	0.046232876712328765	0.01155115511551155	0.013574660633484163	0.0433996383363472	0.00946372239747634	0.06082036775106082	0.010526315789473684	0.04451038575667656	0.07563025210084033	0.09090909090909091	0.08035714285714286	0.028985507246376812	0.125	0.0
dmw=2725	0.007874015748031496	0.005785123966942148	0.004709576138147566	0.0029940119760479044	0.006144393241167435	0.004301075268817204	0.008	0.028169014084507043	0.00702576112412178	0.007326007326007326	0.029411764705882353	0.010869565217391304	0.008264462809917356	0.011494252873563218	0.0	0.0	0.0
dmw=2728	0.03934624697336562	0.027737226277372264	0.02185792349726776	0.0472972972972973	0.02881844380403458	0.05806451612903226	0.044585987261146494	0.02976190476190476	0.03597122302158273	0.05263157894736842	0.028925619834710745	0.0375	0.03333333333333333	0.023529411764705882	0.0	0.0	0.09523809523809523
dmw=2736	0.22285443338074917	0.27613412228796846	0.2251655629139073	0.275	0.1989795918367347	0.23809523809523808	0.25475285171102663	0.2679245283018868	0.20532319391634982	0.12307692307692308	0.22598870056497175	0.3333333333333333	0.1417910447761194	0.17937219730941703	0.0	0.15384615384615385	0.3142857142857143
dmw=2737	0.003980891719745223	0.0019065776930409914	0.004405286343612335	0.0038022813688212928	0.006546644844517185	0.003484320557491289	0.0	0.007462686567164179	0.008433734939759036	0.003703703703703704	0.0	0.0	0.0	0.010752688172043012	0.0	0.016129032258064516	0.0
dmw=2738	0.016863406408094434	0.005076142131979695	0.005747126436781609	0.024	0.0	0.0	0.0	0.0	0.013245033112582781	0.0	0.01098901098901099	0.0	0.0	0.0	0.0	0.0	0.0
dmw=2739	0.05654761904761905	0.046413502109704644	0.01694915254237288	0.043478260869565216	0.05426356589147287	0.025423728813559324	0.036290322580645164	0.04201680672268908	0.07106598984771574	0.02631578947368421	0.08982035928143713	0.0	0.11363636363636363	0.04838709677419355	0.0	0.0	0.0
dmw=2741	0.5017709563164109	0.3988235294117647	0.4735099337748344	0.42701525054466233	0.4680365296803653	0.4788732394366197	0.5068870523415978	0.5581395348837209	0.44963144963144963	0.5656565656565656	0.5446009389671361	0.5116279069767442	0.5714285714285714	0.4264705882352941	0.5121951219512195	1.0	0.4722222222222222
dmw=2742	0.009195402298850575	0.0	0.0035587188612099642	0.0	0.0	0.02727272727272727	0.005076142131979695	0.0	0.0043859649122807015	0.0	0.005847953216374269	0.0	0.0	0.0	0.0	0.0	0.0
dmw=2743	0.0028776978417266188	0.003795066413662239	0.010622154779969651	0.007739938080495356	0.004477611940298508	0.007462686567164179	0.0027662517289073307	0.003424657534246575	0.015957446808510637	0.0	0.002347417840375587	0.0	0.0	0.0	0.0	0.0	0.01098901098901099
dmw=2744	0.3357757247531061	0.31023720349563044	0.3153034300791557	0.33943661971830985	0.31106679960119643	0.32525252525252524	0.39823008849557523	0.4065934065934066	0.30606617647058826	0.3560606060606061	0.3603411513859275	0.2631578947368421	0.4393063583815029	0.23018867924528302	0.21621621621621623	0.3712121212121212	0.18604651162790697
dmw=2745	0.2076923076923077	0.19421487603305784	0.24061810154525387	0.19477434679334918	0.20212765957446807	0.26180257510729615	0.19715447154471544	0.19863013698630136	0.2775330396475771	0.20353982300884957	0.20234604105571846	0.3387096774193548	0.2777777777777778	0.23493975903614459	0.0	0.028169014084507043	0.04285714285714286
dmw=2747	0.18352059925093633	0.1774193548387097	0.15789473684210525	0.1346153846153846	0.13793103448275862	0.12096774193548387	0.10566037735849057	0.03529411764705882	0.21717171717171718	0.28	0.1589958158995816	0.10810810810810811	0.15789473684210525	0.17073170731707318	0.2	0.0	0.13043478260869565
dmw=2748	0.5863539445628998	0.5703022339027596	0.6717557251908397	0.5419161676646707	0.6392405063291139	0.6145833333333334	0.5568862275449101	0.625	0.5853131749460043	0.6424242424242425	0.5603715170278638	0.5726495726495726	0.6274509803921569	0.6049382716049383	0.75	0.4935064935064935	0.36363636363636365
dmw=2749	0.6214723926380368	0.5639880952380952	0.6751824817518248	0.6677966101694915	0.5627240143369175	0.7	0.5617283950617284	0.5951557093425606	0.6068515497553018	0.42857142857142855	0.6047297297297297	0.5714285714285714	0.5578231292517006	0.6424581005586593	0.3333333333333333	0.78125	0.8333333333333334
dmw=2750	0.029839326702371844	0.05178571428571429	0.026865671641791045	0.02631578947368421	0.01837270341207349	0.017543859649122806	0.015822784810126583	0.018072289156626505	0.03598971722365039	0.016129032258064516	0.004329004329004329	0.0	0.05405405405405406	0.07142857142857142	0.0	0.07446808510638298	0.05660377358490566
dmw=2754	0.6524317912218268	0.6240437158469946	0.7208588957055214	0.5920245398773006	0.6314779270633397	0.6363636363636364	0.6643990929705216	0.754601226993865	0.6159874608150471	0.5918367346938775	0.7037037037037037	0.711864406779661	0.8360655737704918	0.5375722543352601	0.8888888888888888	0.5384615384615384	0.6538461538461539
dmw=2755	0.007936507936507936	0.004559270516717325	0.004347826086956522	0.004484304932735426	0.005599104143337066	0.0022471910112359553	0.00576036866359447	0.0	0.007643312101910828	0.0	0.019464720194647202	0.0	0.0	0.006472491909385114	0.0	0.0	0.0
dmw=2756	0.10789980732177264	0.13776337115072934	0.04565217391304348	0.1016949152542373	0.13004484304932734	0.1148036253776435	0.19900497512437812	0.15669515669515668	0.15351506456241032	0.18220338983050846	0.21428571428571427	0.14018691588785046	0.0748663101604278	0.18652849740932642	0.0	0.13043478260869565	0.06521739130434782
dmw=2757	0.11131656804733728	0.07272727272727272	0.09777015437392796	0.07357859531772576	0.07336956521739131	0.09336609336609336	0.08431703204047218	0.08158508158508158	0.19923371647509577	0.041379310344827586	0.11061946902654868	0.01	0.10869565217391304	0.0440251572327044	0.0	0.022222222222222223	0.140625
dmw=2758	0.14313222079589216	0.11888111888111888	0.13333333333333333	0.10569105691056911	0.09619686800894854	0.1572700296735905	0.1562043795620438	0.1405152224824356	0.17541613316261204	0.11564625850340136	0.22900763358778625	0.22602739726027396	0.11764705882352941	0.2827868852459016	0.0	0.16666666666666666	0.04929577464788732
dmw=2759	0.2897832817337461	0.3413940256045519	0.3150684931506849	0.32590529247910865	0.23178807947019867	0.39814814814814814	0.34108527131782945	0.2966507177033493	0.20714285714285716	0.18018018018018017	0.32806324110671936	0.3793103448275862	0.24390243902439024	0.25609756097560976	0.1724137931034483	0.02857142857142857	0.15555555555555556
dmw=2760	0.06400898371701291	0.054696789536266346	0.020618556701030927	0.07736943907156674	0.026262626262626262	0.04035874439461883	0.04292929292929293	0.016574585635359115	0.04856512141280353	0.05555555555555555	0.03559870550161812	0.02197802197802198	0.1935483870967742	0.015037593984962405	0.12	0.19148936170212766	0.1527777777777778
dmw=2763	0.11028315946348734	0.10031347962382445	0.1103448275862069	0.11428571428571428	0.09271523178807947	0.140625	0.09655172413793103	0.10666666666666667	0.09375	0.12962962962962962	0.125	0.0	0.1875	0.17391304347826086	0.0	0.21052631578947367	0.17391304347826086
dmw=2767	0.26591230551626593	0.2320627802690583	0.2955801104972376	0.34285714285714286	0.19800332778702162	0.27074235807860264	0.18037135278514588	0.37662337662337664	0.4090056285178236	0.17857142857142858	0.32160804020100503	0.2159090909090909	0.2926829268292683	0.23076923076923078	0.4375	0.23333333333333334	0.09302325581395349
dmw=2768	0.5355677154582763	0.5208333333333334	0.5632183908045977	0.4891304347826087	0.4837476099426386	0.4521276595744681	0.4564459930313589	0.4609375	0.48497854077253216	0.5180722891566265	0.6069868995633187	0.5	0.5625	0.5714285714285714	0.32432432432432434	0.7647058823529411	0.5121951219512195
dmw=2769	0.45182895414734675	0.3940677966101695	0.48010610079575594	0.4967532467532468	0.41188118811881186	0.47058823529411764	0.32848837209302323	0.45288753799392095	0.5050301810865191	0.35428571428571426	0.5	0.20987654320987653	0.3125	0.46875	0.5714285714285714	0.5333333333333333	0.34210526315789475
dmw=2770	0.0032863849765258214	0.0027624309392265192	0.007380073800738007	0.0020833333333333333	0.005405405405405406	0.004629629629629629	0.0019342359767891683	0.004201680672268907	0.003913894324853229	0.01485148514851485	0.010362694300518135	0.0	0.0	0.011904761904761904	0.0	0.0	0.0
dmw=2771	0.3842364532019704	0.26301369863013696	0.5052631578947369	0.42168674698795183	0.5270935960591133	0.55	0.45180722891566266	0.5855855855855856	0.42028985507246375	0.30434782608695654	0.3008130081300813	0.0	0.5	0.36363636363636365	0.0	0.625	0.2857142857142857
dmw=2772	0.5645161290322581	0.5648604269293924	0.5267857142857143	0.5127272727272727	0.5613496932515337	0.5652173913043478	0.5148514851485149	0.49282296650717705	0.5771428571428572	0.512	0.5474006116207951	0.4578313253012048	0.5070422535211268	0.46551724137931033	0.7083333333333334	0.5	0.47368421052631576
dmw=2773	0.059574468085106386	0.06274900398406374	0.05357142857142857	0.06290322580645161	0.06479481641468683	0.06993006993006994	0.06060606060606061	0.09302325581395349	0.06713780918727916	0.008064516129032258	0.05755395683453238	0.056451612903225805	0.18181818181818182	0.012987012987012988	0.0425531914893617	0.04597701149425287	0.02197802197802198
dmw=2774	0.10157194679564692	0.07209737827715355	0.03877551020408163	0.13846153846153847	0.07142857142857142	0.13736263736263737	0.0492091388400703	0.026785714285714284	0.056896551724137934	0.19248826291079812	0.05305466237942122	0.0783132530120482	0.14705882352941177	0.011363636363636364	0.16279069767441862	0.19047619047619047	0.1568627450980392
dmw=2775	0.2222222222222222	0.20633561643835616	0.21346153846153845	0.21294363256784968	0.2948717948717949	0.22611464968152867	0.2318840579710145	0.12546125461254612	0.2784992784992785	0.1383399209486166	0.3317972350230415	0.21897810218978103	0.3783783783783784	0.2215568862275449	0.8947368421052632	0.13157894736842105	0.12244897959183673
dmw=2776	0.2553086419753086	0.28987194412107103	0.27705627705627706	0.2615803814713896	0.29357798165137616	0.3225806451612903	0.32894736842105265	0.29375	0.3769322235434007	0.18213058419243985	0.31301939058171746	0.11627906976744186	0.1919191919191919	0.25365853658536586	0.5294117647058824	0.1724137931034483	0.22818791946308725
dmw=2777	0.35673352435530087	0.3787375415282392	0.3836978131212724	0.2998324958123953	0.32591623036649214	0.3393939393939394	0.3620253164556962	0.3864406779661017	0.5229793977812995	0.35135135135135137	0.35737704918032787	0.38235294117647056	0.6792452830188679	0.2781954887218045	0.3181818181818182	0.6666666666666666	0.2786885245901639
dmw=2778	0.19921875	0.21215880893300249	0.2607003891050584	0.2543352601156069	0.2536231884057971	0.23275862068965517	0.20771513353115728	0.2874015748031496	0.2817796610169492	0.1595744680851064	0.26422764227642276	0.3333333333333333	0.38571428571428573	0.20689655172413793	0.10638297872340426	0.6875	0.31666666666666665
dmw=2779	0.1702857142857143	0.09649122807017543	0.06722689075630252	0.10614525139664804	0.12549019607843137	0.12096774193548387	0.17338709677419356	0.2818181818181818	0.18771331058020477	0.21794871794871795	0.16260162601626016	0.21428571428571427	0.2727272727272727	0.10588235294117647	0.1	0.28	0.13793103448275862
dmw=2780	0.25842696629213485	0.14645308924485126	0.390625	0.330188679245283	0.3346303501945525	0.4307692307692308	0.36538461538461536	0.20588235294117646	0.4008810572687225	0.29213483146067415	0.18487394957983194	0.38333333333333336	0.0	0.25806451612903225	0.4594594594594595	0.3225806451612903	0.375
dmw=2781	0.37865748709122204	0.30619469026548674	0.39035087719298245	0.4426877470355731	0.45454545454545453	0.4407894736842105	0.3983402489626556	0.3160919540229885	0.38175675675675674	0.5223880597014925	0.5290697674418605	0.39655172413793105	0.3181818181818182	0.49206349206349204	0.24	0.6666666666666666	0.22807017543859648
dmw=2782	0.30386740331491713	0.34293948126801155	0.3333333333333333	0.43317972350230416	0.30985915492957744	0.2777777777777778	0.2903225806451613	0.3	0.3745583038869258	0.2361111111111111	0.4444444444444444	0.24324324324324326	0.09090909090909091	0.5454545454545454	0.2413793103448276	0.375	0.34782608695652173
dmw=2783	0.2857142857142857	0.37566137566137564	0.42	0.19135802469135801	0.3105263157894737	0.3380281690140845	0.4701492537313433	0.4444444444444444	0.3776824034334764	0.3484848484848485	0.37815126050420167	0.32608695652173914	0.23684210526315788	0.40816326530612246	1.0	0.7	0.4722222222222222
dmw=2784	0.0512396694214876	0.06974716652136007	0.029876977152899824	0.025793650793650792	0.03735144312393888	0.07003891050583658	0.03361344537815126	0.05070422535211268	0.06323529411764706	0.022598870056497175	0.036885245901639344	0.03787878787878788	0.03496503496503497	0.025806451612903226	0.0	0.05660377358490566	0.0
dmw=2785	0.2468389224848818	0.27419354838709675	0.2474747474747475	0.27297297297297296	0.24958677685950414	0.3780487804878049	0.26157407407407407	0.15625	0.24652087475149106	0.19863013698630136	0.3614457831325301	0.37209302325581395	0.36363636363636365	0.29457364341085274	0.21428571428571427	0.28169014084507044	0.25
dmw=2786	0.45634095634095634	0.4620811287477954	0.46875	0.41317365269461076	0.4020618556701031	0.4146341463414634	0.5875706214689266	0.47761194029850745	0.4633333333333333	0.5866666666666667	0.328125	0.5121951219512195	0.45	0.5196078431372549	0.46551724137931033	0.475	0.25925925925925924
dmw=2787	0.005817335660267597	0.005128205128205128	0.0	0.0	0.006382978723404255	0.0	0.0035460992907801418	0.021505376344086023	0.002364066193853428	0.01694915254237288	0.006269592476489028	0.0	0.0	0.00909090909090909	0.0	0.0	0.0
dmw=2788	0.18999151823579305	0.19437340153452684	0.2457627118644068	0.2033195020746888	0.16393442622950818	0.1320754716981132	0.2231404958677686	0.22388059701492538	0.20078740157480315	0.1111111111111111	0.18543046357615894	0.0	0.1568627450980392	0.19402985074626866	0.0	0.2835820895522388	0.03571428571428571
dmw=2789	0.4809027777777778	0.3981670061099796	0.5088161209068011	0.39882697947214074	0.49491525423728816	0.4959349593495935	0.5054545454545455	0.47368421052631576	0.5122950819672131	0.34375	0.5757575757575758	0.47058823529411764	0.5185185185185185	0.5217391304347826	0.5	0.6071428571428571	0.375
dmw=2790	0.5616866215512754	0.49794661190965095	0.5361596009975063	0.5091863517060368	0.5296912114014252	0.6007604562737643	0.5235457063711911	0.5622317596566524	0.5677655677655677	0.4678362573099415	0.581151832460733	0.43137254901960786	0.5918367346938775	0.6379310344827587	0.7627118644067796	0.48148148148148145	0.19444444444444445
dmw=2791	0.0771235018238666	0.05977710233029382	0.0970873786407767	0.09245283018867924	0.07913669064748201	0.0730593607305936	0.08860759493670886	0.1358695652173913	0.1054481546572935	0.1292517006802721	0.07163323782234957	0.07936507936507936	0.1794871794871795	0.07936507936507936	0.0	0.0	0.10810810810810811
dmw=2792	0.13087774294670845	0.13015873015873017	0.17375886524822695	0.25630252100840334	0.12742382271468145	0.18674698795180722	0.1651376146788991	0.12258064516129032	0.15217391304347827	0.1743119266055046	0.17254901960784313	0.2682926829268293	0.23404255319148937	0.06504065040650407	0.05714285714285714	0.20454545454545456	0.0
dmw=2793	0.021417644059153494	0.02063106796116505	0.04285714285714286	0.0332409972299169	0.009915014164305949	0.02510460251046025	0.020366598778004074	0.05442176870748299	0.02617801047120419	0.012578616352201259	0.04821802935010482	0.029850746268656716	0.0	0.050314465408805034	0.0	0.0	0.0
dmw=2794	0.44957170489085385	0.38612199216564075	0.46673490276356194	0.4380475594493116	0.4411134903640257	0.4175824175824176	0.45790934320074006	0.49504950495049505	0.48218940052128584	0.4543147208121827	0.46991869918699186	0.3185840707964602	0.40476190476190477	0.43543543543543545	0.5833333333333334	0.3877551020408163	0.2716049382716049
dmw=2795	0.13880597014925372	0.13833333333333334	0.07775377969762419	0.15705128205128205	0.15577889447236182	0.168	0.1583710407239819	0.16292134831460675	0.1588785046728972	0.20408163265306123	0.16	0.18	0.1956521739130435	0.1456953642384106	0.3333333333333333	0.125	0.2916666666666667
dmw=2796	0.04291287386215865	0.06398537477148081	0.04819277108433735	0.0625	0.02745995423340961	0.10989010989010989	0.036585365853658534	0.04225352112676056	0.09722222222222222	0.06474820143884892	0.05660377358490566	0.05128205128205128	0.0	0.04054054054054054	0.0	0.0	0.031746031746031744
dmw=2797	0.18604651162790697	0.1510204081632653	0.1940928270042194	0.17006802721088435	0.17777777777777778	0.21774193548387097	0.08856088560885608	0.20535714285714285	0.16774193548387098	0.13114754098360656	0.15606936416184972	0.18	0.2222222222222222	0.1	0.0	0.08333333333333333	0.0
dmw=2798	0.26943844492440605	0.22894736842105262	0.2746615087040619	0.2971014492753623	0.2813688212927757	0.2878787878787879	0.2328042328042328	0.2688679245283019	0.30148619957537154	0.29411764705882354	0.23107569721115537	0.25333333333333335	0.2948717948717949	0.22164948453608246	0.0	0.2222222222222222	0.26
dmw=2799	0.006754583467352846	0.01444043321299639	0.017738359201773836	0.009630818619582664	0.01264591439688716	0.013513513513513514	0.011152416356877323	0.04221635883905013	0.009891196834817012	0.023391812865497075	0.013136288998357963	0.03125	0.0	0.019801980198019802	0.021739130434782608	0.0	0.0
dmw=2800	0.337322363500374	0.3069306930693069	0.30049261083743845	0.3780821917808219	0.34201954397394135	0.3522727272727273	0.35667396061269147	0.25443786982248523	0.429042904290429	0.23157894736842105	0.4708994708994709	0.5060240963855421	0.23684210526315788	0.34782608695652173	1.0	0.3684210526315789	0.2727272727272727
dmw=2801	0.5153949129852744	0.4965753424657534	0.5277777777777778	0.5867768595041323	0.5822784810126582	0.6185567010309279	0.4507042253521127	0.3673469387755102	0.5970695970695971	0.09375	0.5229357798165137	0.5263157894736842	0.5263157894736842	0.44036697247706424	0.2	1.0	0.5714285714285714
dmw=2802	0.015252248728979272	0.007751937984496124	0.001402524544179523	0.027888446215139442	0.0031496062992125984	0.015151515151515152	0.006896551724137931	0.0	0.005405405405405406	0.01282051282051282	0.0	0.0	0.015625	0.0	0.0	0.0	0.0
dmw=2803	0.5347166799680766	0.5794183445190156	0.5277777777777778	0.5238095238095238	0.5359477124183006	0.5086705202312138	0.5319148936170213	0.6	0.5573248407643312	0.45751633986928103	0.5121107266435986	0.5671641791044776	0.5405405405405406	0.4342105263157895	0.5909090909090909	0.6296296296296297	0.45454545454545453
dmw=2804	0.015861214374225528	0.009683666881859263	0.018369690011481057	0.017834394904458598	0.011806375442739079	0.011661807580174927	0.01668520578420467	0.013806706114398421	0.01902398676592225	0.0	0.041121495327102804	0.004651162790697674	0.0078125	0.02185792349726776	0.0	0.0	0.0
dmw=2805	0.005970149253731343	0.014231499051233396	0.003484320557491289	0.007017543859649123	0.014787430683918669	0.006622516556291391	0.0034602076124567475	0.0	0.011164274322169059	0.011904761904761904	0.008356545961002786	0.015151515151515152	0.015873015873015872	0.0	0.0	0.0	0.0
dmw=2806	0.011944755505785741	0.0008045052292839903	0.007736943907156673	0.013377926421404682	0.003816793893129771	0.0	0.011705685618729096	0.020689655172413793	0.010440835266821345	0.0	0.003289473684210526	0.05504587155963303	0.0	0.017777777777777778	0.0	0.0	0.06451612903225806
dmw=2807	0.6716517115320705	0.6502770083102493	0.6801242236024845	0.7106325706594886	0.6862068965517242	0.6978851963746223	0.6459627329192547	0.7298701298701299	0.6962524654832347	0.5767634854771784	0.700507614213198	0.6644736842105263	0.71900826446281	0.6984126984126984	0.6754385964912281	0.62	0.7857142857142857
dmw=2808	0.48778501628664495	0.5037174721189591	0.5341246290801187	0.46703296703296704	0.47214854111405835	0.5326633165829145	0.43908629441624364	0.4659090909090909	0.5887323943661972	0.40476190476190477	0.5062761506276151	0.4519230769230769	0.5421686746987951	0.525	0.7916666666666666	0.0	0.35294117647058826
dmw=2809	0.12733784321528055	0.11750881316098707	0.16058394160583941	0.12202380952380952	0.11908396946564885	0.19248826291079812	0.123046875	0.14124293785310735	0.1348973607038123	0.08092485549132948	0.15284974093264247	0.1271186440677966	0.13924050632911392	0.13636363636363635	0.25	0.2127659574468085	0.18333333333333332
dmw=2810	0.05101275318829707	0.02636916835699797	0.09541984732824428	0.016835016835016835	0.05179282868525897	0.06766917293233082	0.033816425120772944	0.07142857142857142	0.05806451612903226	0.0	0.05092592592592592	0.0	0.0	0.07407407407407407	0.0	0.0	0.0
dmw=2811	0.41336971350613916	0.30344827586206896	0.38132295719844356	0.45075757575757575	0.3761261261261261	0.4155844155844156	0.3560606060606061	0.4158878504672897	0.36227544910179643	0.28859060402684567	0.35	0.2708333333333333	0.265625	0.33962264150943394	0.4375	0.525	0.16216216216216217
dmw=2812	0.18878248974008208	0.16261398176291794	0.16180371352785147	0.1357615894039735	0.21395348837209302	0.14285714285714285	0.17063492063492064	0.2079646017699115	0.13432835820895522	0.12222222222222222	0.11743772241992882	0.20930232558139536	0.22727272727272727	0.1721311475409836	0.21428571428571427	0.0967741935483871	0.03571428571428571
dmw=2813	0.5278651292802237	0.49070561456752654	0.5433255269320844	0.5385263157894736	0.5450740502253703	0.569701280227596	0.5266339251983377	0.5367647058823529	0.550519357884797	0.4546332046332046	0.5382323733862959	0.5868263473053892	0.6161137440758294	0.5175537938844847	0.5503875968992248	0.4723618090452261	0.47244094488188976
dmw=2814	0.407053750192515	0.4009087731562391	0.41984231274638634	0.40117994100294985	0.3574029126213592	0.43142857142857144	0.3980239943542696	0.39492242595204513	0.4309133489461358	0.33081285444234404	0.38271604938271603	0.44107744107744107	0.5100401606425703	0.39492753623188404	0.25	0.5078125	0.3525641025641026
dmw=2815	0.08366086468276249	0.10192837465564739	0.06582278481012659	0.09144542772861357	0.13468013468013468	0.08482142857142858	0.08372827804107424	0.08455882352941177	0.06593406593406594	0.09166666666666666	0.09669211195928754	0.08264462809917356	0.2	0.06837606837606838	0.13333333333333333	0.05263157894736842	0.0449438202247191
dmw=2816	0.053724928366762174	0.05943536404160475	0.03982300884955752	0.0391304347826087	0.017811704834605598	0.02976190476190476	0.05637982195845697	0.030434782608695653	0.08488063660477453	0.09202453987730061	0.08139534883720931	0.046153846153846156	0.0	0.022727272727272728	0.19047619047619047	0.0	0.0
dmw=2817	0.14306289006241	0.11439114391143912	0.2178477690288714	0.09619686800894854	0.1354515050167224	0.12639405204460966	0.12896405919661733	0.13680781758957655	0.13771186440677965	0.09467455621301775	0.14066496163682865	0.010416666666666666	0.19130434782608696	0.09740259740259741	0.24	0.0	0.136986301369863
dmw=2818	0.030892448512585814	0.03897007654836465	0.03484320557491289	0.036057692307692304	0.03318077803203661	0.050119331742243436	0.0438871473354232	0.038461538461538464	0.04046242774566474	0.018461538461538463	0.05730129390018484	0.01098901098901099	0.018518518518518517	0.04392764857881137	0.012987012987012988	0.030303030303030304	0.01744186046511628
dmw=2819	0.1611842105263158	0.11097708082026538	0.16359918200409	0.11045364891518737	0.08934169278996865	0.06779661016949153	0.13658536585365855	0.08833922261484099	0.13909774436090225	0.15853658536585366	0.183206106870229	0.2765957446808511	0.08163265306122448	0.064	0.2545454545454545	0.29411764705882354	0.02564102564102564
dmw=2820	0.09628697293895531	0.07977736549165121	0.15128205128205127	0.12643678160919541	0.10582010582010581	0.09210526315789473	0.057692307692307696	0.135	0.10952380952380952	0.07692307692307693	0.07722007722007722	0.11940298507462686	0.07291666666666667	0.08653846153846154	0.20689655172413793	0.06666666666666667	0.023255813953488372
dmw=2821	0.030042918454935622	0.017421602787456445	0.029850746268656716	0.012048192771084338	0.030303030303030304	0.011695906432748537	0.021406727828746176	0.037037037037037035	0.04150943396226415	0.015503875968992248	0.007518796992481203	0.037037037037037035	0.05084745762711865	0.02654867256637168	0.0	0.0	0.0
dmw=2822	0.856396866840731	0.8590425531914894	0.9	0.881578947368421	0.9230769230769231	0.9285714285714286	0.8878048780487805	0.8931297709923665	0.9103448275862069	0.734375	0.8256880733944955	0.8857142857142857	0.9038461538461539	0.863013698630137	0.8571428571428571	0.8387096774193549	0.813953488372093
dmw=2823	0.005700805976017299	0.019321597252039503	0.013333333333333334	0.01777362020579981	0.00880503144654088	0.005089058524173028	0.004044489383215369	0.0037974683544303796	0.007046764894298526	0.0017543859649122807	0.00697350069735007	0.004347826086956522	0.005319148936170213	0.01694915254237288	0.0	0.008888888888888889	0.0
dmw=2824	0.047497259773474604	0.055503292568203196	0.0698005698005698	0.05702364394993046	0.04572564612326044	0.09895833333333333	0.0856760374832664	0.03680981595092025	0.09238451935081149	0.07112970711297072	0.07796610169491526	0.044444444444444446	0.007692307692307693	0.05625	0.047619047619047616	0.06896551724137931	0.04081632653061224
dmw=2825	0.007930513595166163	0.008904719501335707	0.020761245674740483	0.013574660633484163	0.017777777777777778	0.0033783783783783786	0.00975609756097561	0.0	0.009240246406570842	0.017241379310344827	0.016778523489932886	0.007407407407407408	0.010416666666666666	0.0	0.0	0.05128205128205128	0.0
dmw=2826	0.33054830287206266	0.2597968069666183	0.3790322580645161	0.3207070707070707	0.3228511530398323	0.3407079646017699	0.31742243436754175	0.4292237442922374	0.3755725190839695	0.2751322751322751	0.3008356545961003	0.41379310344827586	0.2542372881355932	0.29515418502202645	0.17647058823529413	0.5428571428571428	0.15384615384615385
dmw=2827	0.5047619047619047	0.46895424836601307	0.5508021390374331	0.5567375886524822	0.5151515151515151	0.5757575757575758	0.5131195335276968	0.55	0.5283582089552239	0.5957446808510638	0.44396551724137934	0.5263157894736842	0.7096774193548387	0.5862068965517241	1.0	0.5714285714285714	0.3442622950819672
dmw=2828	0.009583133684714902	0.0038910505836575876	0.0036101083032490976	0.001941747572815534	0.0	0.009363295880149813	0.0023094688221709007	0.006944444444444444	0.01164294954721863	0.008298755186721992	0.0033222591362126247	0.0	0.0	0.01764705882352941	0.017241379310344827	0.0	0.01818181818181818
dmw=2829	0.04508566275924256	0.019148936170212766	0.025210084033613446	0.022813688212927757	0.02050473186119874	0.024024024024024024	0.030303030303030304	0.02100840336134454	0.032846715328467155	0.034129692832764506	0.05263157894736842	0.07058823529411765	0.0	0.015037593984962405	0.0625	0.09090909090909091	0.07692307692307693
dmw=2830	0.029097387173396674	0.022135416666666668	0.04132231404958678	0.03287671232876712	0.023148148148148147	0.06825938566552901	0.029490616621983913	0.05263157894736842	0.033663366336633666	0.04938271604938271	0.06718346253229975	0.0425531914893617	0.0	0.026143790849673203	0.03225806451612903	0.09523809523809523	0.016666666666666666
dmw=2831	0.6521739130434783	0.7196029776674938	0.68	0.6723404255319149	0.6728624535315985	0.6940298507462687	0.6086956521739131	0.6477272727272727	0.7124600638977636	0.38461538461538464	0.6498194945848376	0.5263157894736842	0.5818181818181818	0.7419354838709677	0.6	0.6363636363636364	0.0
dmw=2832	0.588276836158192	0.5478806907378336	0.5305466237942122	0.5492227979274611	0.6114130434782609	0.6729559748427673	0.5548387096774193	0.6861313868613139	0.5424657534246575	0.5847457627118644	0.524	0.3939393939393939	0.4	0.7959183673469388	0.75	0.7	0.4666666666666667
dmw=2833	0.4572619874913134	0.4087256027554535	0.4040767386091127	0.455026455026455	0.46682750301568154	0.39492753623188404	0.4743777452415813	0.4121863799283154	0.5100154083204931	0.4589041095890411	0.5	0.43884892086330934	0.5391304347826087	0.3837638376383764	0.0	0.4666666666666667	0.40789473684210525
dmw=2834	0.8213914849428868	0.7996389891696751	0.842741935483871	0.777292576419214	0.8608058608058609	0.8611111111111112	0.8433179723502304	0.7902097902097902	0.7827715355805244	0.6708860759493671	0.738255033557047	0.8888888888888888	0.7586206896551724	0.8571428571428571	1.0	0.7647058823529411	0.8888888888888888
dmw=2835	0.06853448275862069	0.08452041785375118	0.07482993197278912	0.14076246334310852	0.11147011308562198	0.06746031746031746	0.09306260575296109	0.121875	0.13736263736263737	0.15086206896551724	0.13480392156862744	0.009009009009009009	0.2716049382716049	0.0718954248366013	0.125	0.20754716981132076	0.0
dmw=2836	0.49363867684478374	0.46471226927252984	0.5008576329331046	0.45023696682464454	0.5884244372990354	0.49809885931558934	0.4474885844748858	0.5725806451612904	0.5630936227951153	0.44144144144144143	0.47890818858560796	0.5125	0.5306122448979592	0.472	0.3684210526315789	0.5	0.6086956521739131
dmw=2837	0.3954431960049938	0.4582375478927203	0.43116490166414523	0.4351245085190039	0.36254980079681276	0.4671717171717172	0.38704581358609796	0.4477211796246649	0.3887640449438202	0.43455497382198954	0.42990654205607476	0.32160804020100503	0.37623762376237624	0.44015444015444016	0.4117647058823529	0.54	0.42857142857142855
dmw=2838	0.01802426343154246	0.016060862214708368	0.005305039787798408	0.013937282229965157	0.0036231884057971015	0.021604938271604937	0.007233273056057866	0.014084507042253521	0.01879194630872483	0.013736263736263736	0.015184381778741865	0.0	0.011363636363636364	0.03375527426160337	0.013333333333333334	0.0	0.0
dmw=2839	0.003738317757009346	0.0014388489208633094	0.010752688172043012	0.0024271844660194173	0.0015748031496062992	0.0	0.002840909090909091	0.0	0.00663716814159292	0.014084507042253521	0.002777777777777778	0.0	0.0	0.0	0.0	0.0	0.011764705882352941
dmw=2840	0.051826677994902294	0.041742286751361164	0.12781954887218044	0.11785714285714285	0.07033639143730887	0.047058823529411764	0.05	0.09420289855072464	0.07160493827160494	0.041666666666666664	0.08417508417508418	0.0	0.07692307692307693	0.08256880733944955	0.1	0.0967741935483871	0.05172413793103448
dmw=2841	0.2736455463728191	0.13568521031207598	0.14903846153846154	0.18345323741007194	0.11904761904761904	0.3359375	0.26501766784452296	0.2777777777777778	0.4752851711026616	0.34328358208955223	0.3771626297577855	0.0	0.1111111111111111	0.16923076923076924	0.5	0.02702702702702703	0.0
dmw=2842	0.27702702702702703	0.1806981519507187	0.28761061946902655	0.24043715846994534	0.275	0.27710843373493976	0.20454545454545456	0.20430107526881722	0.3125	0.5333333333333333	0.29545454545454547	0.08333333333333333	0.2619047619047619	0.1509433962264151	0.47368421052631576	0.3333333333333333	0.045454545454545456
dmw=2843	0.21623222748815166	0.16632443531827515	0.2768817204301075	0.28205128205128205	0.231651376146789	0.06611570247933884	0.22253521126760564	0.1934156378600823	0.19574468085106383	0.07751937984496124	0.29673590504451036	0.24528301886792453	0.4725274725274725	0.29518072289156627	0.5	1.0	0.2727272727272727
dmw=2844	0.21227621483375958	0.21461716937354988	0.24896265560165975	0.20321931589537223	0.20991735537190082	0.22899505766062603	0.17037861915367483	0.2051792828685259	0.27044025157232704	0.17307692307692307	0.25990675990675993	0.18181818181818182	0.2602739726027397	0.2842809364548495	0.0625	0.0	0.35135135135135137
dmw=2845	0.26788924847177276	0.21916790490341753	0.28431372549019607	0.2490974729241877	0.23872387238723872	0.3072100313479624	0.24282982791587	0.3249211356466877	0.3212996389891697	0.1926605504587156	0.30117647058823527	0.19285714285714287	0.46296296296296297	0.2237442922374429	0.15384615384615385	0.38144329896907214	0.2689655172413793
dmw=2846	0.6889428918590522	0.6506329113924051	0.6621621621621622	0.7817258883248731	0.6766169154228856	0.7083333333333334	0.7064676616915423	0.6470588235294118	0.726027397260274	0.5945945945945946	0.6496350364963503	0.8148148148148148	0.5853658536585366	0.8382352941176471	0.8571428571428571	0.7058823529411765	0.5142857142857142
dmw=2847	0.15047169811320754	0.1650893796004206	0.15428571428571428	0.1206896551724138	0.12217194570135746	0.1320754716981132	0.14698162729658792	0.13333333333333333	0.214123006833713	0.1686746987951807	0.12698412698412698	0.21678321678321677	0.4067796610169492	0.11494252873563218	0.11764705882352941	0.3	0.1346153846153846
dmw=2848	0.1489795918367347	0.11776447105788423	0.17757009345794392	0.1391941391941392	0.16532258064516128	0.1464968152866242	0.18631178707224336	0.13253012048192772	0.17194570135746606	0.08450704225352113	0.16666666666666666	0.109375	0.22388059701492538	0.02	0.125	0.2	0.10526315789473684
dmw=2849	0.31636155606407323	0.2587904360056259	0.35658914728682173	0.347926267281106	0.25048923679060664	0.3695652173913043	0.37640449438202245	0.20994475138121546	0.47578947368421054	0.3971631205673759	0.2480916030534351	0.42857142857142855	0.3333333333333333	0.0945945945945946	0.18181818181818182	0.75	0.25
dmw=2850	0.04937791601866252	0.03033175355450237	0.050434782608695654	0.03579952267303103	0.02556390977443609	0.03496503496503497	0.018121911037891267	0.034220532319391636	0.016587677725118485	0.03345724907063197	0.05194805194805195	0.03571428571428571	0.0	0.06748466257668712	0.0	0.0	0.04477611940298507
dmw=2852	0.007816316560820713	0.005753739930955121	0.01569506726457399	0.0	0.005249343832020997	0.01639344262295082	0.002421307506053269	0.0	0.0	0.006289308176100629	0.00998003992015968	0.0	0.0	0.0	0.0	0.0	0.043478260869565216
dmw=2853	0.7539882451721243	0.7349570200573066	0.7647058823529411	0.7782608695652173	0.7976190476190477	0.8449612403100775	0.7916666666666666	0.7602339181286549	0.8018575851393189	0.8395061728395061	0.8135593220338984	0.76	0.9066666666666666	0.7443609022556391	1.0	0.8064516129032258	0.8360655737704918
dmw=2854	0.6791237113402062	0.6012461059190031	0.6855345911949685	0.7204301075268817	0.6857142857142857	0.6875	0.6290322580645161	0.8372093023255814	0.6574074074074074	0.47058823529411764	0.6442953020134228	0.6170212765957447	0.8461538461538461	0.7538461538461538	0.7142857142857143	0.0	0.7380952380952381
dmw=2855	0.7109207708779444	0.6911357340720221	0.7431506849315068	0.7324414715719063	0.7422360248447205	0.7540983606557377	0.6797900262467191	0.7616279069767442	0.7281021897810219	0.618421052631579	0.7183908045977011	0.5833333333333334	0.45901639344262296	0.7383177570093458	0.7058823529411765	0.7333333333333333	0.7692307692307693
dmw=2863	0.8436213991769548	0.8173302107728337	0.8519736842105263	0.8542372881355932	0.8370786516853933	0.919047619047619	0.8464285714285714	0.8653846153846154	0.9024390243902439	0.7717391304347826	0.8009478672985783	0.7222222222222222	0.875	0.8470588235294118	0.0	0.8571428571428571	0.7692307692307693
dmw=2864	0.6604754829123328	0.6702508960573477	0.6941176470588235	0.7010309278350515	0.6493506493506493	0.7972972972972973	0.7247706422018348	0.6428571428571429	0.680628272251309	0.4574468085106383	0.66	0.7631578947368421	0.6666666666666666	0.6947368421052632	0.5714285714285714	0.75	0.5
dmw=2871	0.011917659804983749	0.016710642040457344	0.015250544662309368	0.010344827586206896	0.0176	0.0136986301369863	0.010273972602739725	0.0033003300330033004	0.011560693641618497	0.01818181818181818	0.021956087824351298	0.010869565217391304	0.014598540145985401	0.0	0.0	0.016129032258064516	0.0
dmw=2874	0.420997920997921	0.44360902255639095	0.4832904884318766	0.3950617283950617	0.4068100358422939	0.4918032786885246	0.46261682242990654	0.49097472924187724	0.48947368421052634	0.36363636363636365	0.3769633507853403	0.4074074074074074	0.4444444444444444	0.4153846153846154	0.5384615384615384	0.23809523809523808	0.5172413793103449
dmw=2876	0.0067842605156037995	0.0031746031746031746	0.0106951871657754	0.0078125	0.02074688796680498	0.03508771929824561	0.011834319526627219	0.009345794392523364	0.014285714285714285	0.02	0.007936507936507936	0.0	0.038461538461538464	0.0	0.0	0.0	0.0
dmw=2877	0.006726457399103139	0.001445086705202312	0.020833333333333332	0.0031645569620253164	0.0029585798816568047	0.0	0.01098901098901099	0.00546448087431694	0.00821917808219178	0.014285714285714285	0.004	0.0	0.0	0.0	0.0	0.0	0.0
dmw=2879	0.2418379685610641	0.17678100263852242	0.2073170731707317	0.31788079470198677	0.1925133689839572	0.2638888888888889	0.33760683760683763	0.38271604938271603	0.30319148936170215	0.14285714285714285	0.22674418604651161	0.07407407407407407	0.08333333333333333	0.27419354838709675	0.0	0.6363636363636364	0.5
dmw=2883	0.03691275167785235	0.03619047619047619	0.023696682464454975	0.04597701149425287	0.027888446215139442	0.02666666666666667	0.05813953488372093	0.02857142857142857	0.05116279069767442	0.02127659574468085	0.044444444444444446	0.0	0.0	0.014492753623188406	0.0	0.0	0.0
dmw=2886	0.015084294587400177	0.006633499170812604	0.01818181818181818	0.01932367149758454	0.007763975155279503	0.006578947368421052	0.006837606837606838	0.029288702928870293	0.003703703703703704	0.0	0.019148936170212766	0.03076923076923077	0.037037037037037035	0.0	0.0	0.0	0.0
dmw=2887	0.0978067575577949	0.10970996216897856	0.10380622837370242	0.11398963730569948	0.13963963963963963	0.18	0.12702702702702703	0.09333333333333334	0.175704989154013	0.060240963855421686	0.19090909090909092	0.23404255319148937	0.18666666666666668	0.0196078431372549	0.0851063829787234	0.0	0.030303030303030304
dmw=2891	0.5584756898817346	0.5633802816901409	0.6094674556213018	0.6186440677966102	0.4959016393442623	0.54	0.5153374233128835	0.5846153846153846	0.588495575221239	0.5079365079365079	0.5714285714285714	0.3333333333333333	0.0	0.6136363636363636	0.6666666666666666	0.5294117647058824	0.48936170212765956
dmw=2895	0.007954922108054359	0.0018298261665141812	0.009345794392523364	0.055900621118012424	0.001594896331738437	0.01	0.001564945226917058	0.0030581039755351682	0.003926701570680628	0.005763688760806916	0.0023584905660377358	0.0	0.0	0.00641025641025641	0.0	0.0	0.0
dmw=2898	0.00816326530612245	0.006289308176100629	0.012578616352201259	0.010752688172043012	0.0031645569620253164	0.015625	0.0	0.017543859649122806	0.0025575447570332483	0.0	0.009584664536741214	0.046153846153846156	0.0	0.0	0.05555555555555555	0.0	0.0
dmw=2902	0.47706422018348627	0.4489795918367347	0.7297297297297297	0.7551020408163265	0.7	0.7741935483870968	0.8	0.8125	0.6847826086956522	0.6578947368421053	0.574468085106383	1.0	0.7619047619047619	0.6176470588235294	1.0	0.0	0.7058823529411765
dmw=2903	0.3757396449704142	0.24166666666666667	0.59375	0.30434782608695654	0.6575342465753424	0.7555555555555555	0.6	0.5806451612903226	0.6805555555555556	0.5	0.359375	0.6	0.7777777777777778	0.7083333333333334	1.0	1.0	0.8
dmw=2910	0.5237173281703775	0.4793388429752066	0.32432432432432434	0.5903614457831325	0.47989276139410186	0.5319148936170213	0.4962962962962963	0.49673202614379086	0.4856115107913669	0.41025641025641024	0.44761904761904764	0.36666666666666664	0.5714285714285714	0.3050847457627119	1.0	0.0	0.5882352941176471
dmw=2916	0.2852684144818976	0.33043478260869563	0.27149321266968324	0.36443148688046645	0.24355971896955503	0.3446601941747573	0.28708133971291866	0.21962616822429906	0.30425531914893617	0.21	0.33668341708542715	0.2641509433962264	0.2962962962962963	0.13186813186813187	1.0	0.45454545454545453	0.16666666666666666
dmw=2917	0.7273351648351648	0.7142857142857143	0.7748538011695907	0.7082228116710876	0.7429378531073446	0.6666666666666666	0.7949640287769785	0.7441860465116279	0.7432432432432432	0.6153846153846154	0.7797202797202797	0.7333333333333333	0.8	0.711864406779661	0.7777777777777778	0.6666666666666666	0.6097560975609756
dmw=2923	0.2944560669456067	0.2397336293007769	0.29313929313929316	0.2	0.26418152350081037	0.23809523809523808	0.23373493975903614	0.304029304029304	0.32377740303541314	0.40816326530612246	0.44297082228116713	0.26436781609195403	0.3026315789473684	0.22580645161290322	0.175	0.14634146341463414	0.0
dmw=2936	0.322262118491921	0.2892057026476578	0.2653061224489796	0.41304347826086957	0.31353919239904987	0.31007751937984496	0.36554621848739494	0.37142857142857144	0.3914285714285714	0.2619047619047619	0.39325842696629215	0.17647058823529413	0.375	0.2777777777777778	0.0	0.16666666666666666	0.3235294117647059
dmw=2937	0.8027127003699137	0.8005464480874317	0.762589928057554	0.7744360902255639	0.8205128205128205	0.8314606741573034	0.7757847533632287	0.8441558441558441	0.8472222222222222	0.6923076923076923	0.8044692737430168	0.864406779661017	0.8518518518518519	0.8627450980392157	0.0	0.7727272727272727	0.5952380952380952
dmw=2938	0.7011494252873564	0.6327433628318584	0.6387096774193548	0.64	0.6367041198501873	0.6228070175438597	0.7216494845360825	0.7222222222222222	0.695364238410596	0.5555555555555556	0.7697368421052632	0.7692307692307693	0.6	0.6363636363636364	1.0	0.7142857142857143	0.7
dmw=2939	0.0026223776223776225	0.0020387359836901123	0.008	0.0071090047393364926	0.006589785831960461	0.002380952380952381	0.006818181818181818	0.007177033492822967	0.004008016032064128	0.0	0.005376344086021506	0.0	0.0	0.004081632653061225	0.0	0.0196078431372549	0.0
dmw=2940	0.004809470958194599	0.00450112528132033	0.008528784648187633	0.012195121951219513	0.010309278350515464	0.017582417582417582	0.009915014164305949	0.0	0.010309278350515464	0.0040650406504065045	0.005747126436781609	0.0	0.024242424242424242	0.005988023952095809	0.0	0.0	0.0
dmw=2942	0.009838998211091235	0.007598784194528876	0.002702702702702703	0.0	0.00303951367781155	0.02459016393442623	0.014035087719298246	0.020833333333333332	0.0035971223021582736	0.029411764705882353	0.022813688212927757	0.0	0.0	0.017857142857142856	0.08695652173913043	0.0	0.0
dmw=2943	0.00804953560371517	0.0016233766233766235	0.007194244604316547	0.0	0.008287292817679558	0.0	0.006430868167202572	0.005208333333333333	0.002183406113537118	0.0	0.0	0.0	0.0	0.006134969325153374	0.0	0.0	0.0
dmw=2944	0.004921259842519685	0.004282655246252677	0.0106951871657754	0.0	0.008797653958944282	0.009259259259259259	0.01875	0.0	0.03678929765886288	0.0	0.0	0.0625	0.0	0.0	0.0	0.0	0.0
dmw=2945	0.05499276410998553	0.0	0.10674157303370786	0.01764705882352941	0.0	0.12987012987012986	0.014705882352941176	0.15463917525773196	0.007352941176470588	0.16666666666666666	0.02962962962962963	0.0	0.125	0.0	0.0	0.0	0.0
dmw=2946	0.8073929961089494	0.7735849056603774	0.6792452830188679	0.8703703703703703	0.8285714285714286	0.7647058823529411	0.8541666666666666	0.8285714285714286	0.810126582278481	0.37777777777777777	0.7924528301886793	0.5	0.5555555555555556	0.7804878048780488	0.0	0.8333333333333334	0.7272727272727273
dmw=2951	0.1514792899408284	0.08860759493670886	0.10047846889952153	0.165	0.10270270270270271	0.11267605633802817	0.15	0.19148936170212766	0.17857142857142858	0.2549019607843137	0.2	0.09523809523809523	0.07142857142857142	0.04938271604938271	0.0	0.125	0.0625
dmw=2964	0.007261410788381743	0.006896551724137931	0.011695906432748537	0.004424778761061947	0.007434944237918215	0.0	0.005405405405405406	0.0	0.0	0.0	0.008583690987124463	0.0	0.0	0.0	0.0	0.0	0.0
dmw=2974	0.761986301369863	0.768969422423556	0.772093023255814	0.8401253918495298	0.793859649122807	0.6923076923076923	0.8031914893617021	0.7582417582417582	0.7890818858560794	0.7666666666666667	0.7357142857142858	0.7924528301886793	0.7468354430379747	0.7	1.0	0.9354838709677419	0.7529411764705882
dmw=2980	0.3080495356037152	0.3148148148148148	0.3783783783783784	0.363013698630137	0.21621621621621623	0.40425531914893614	0.05825242718446602	0.3076923076923077	0.12598425196850394	0.21311475409836064	0.2111111111111111	0.0	0.0	0.21153846153846154	0.15384615384615385	0.375	0.5
dmw=3008	0.12293853073463268	0.14953271028037382	0.16551724137931034	0.09774436090225563	0.09580838323353294	0.06521739130434782	0.04395604395604396	0.1452991452991453	0.04	0.03636363636363636	0.06015037593984962	0.02631578947368421	0.03225806451612903	0.022727272727272728	0.0	0.0	0.42857142857142855
dmw=3010	0.4944178628389155	0.5476190476190477	0.6127819548872181	0.632	0.08992805755395683	0.25	0.07307692307692308	0.46357615894039733	0.11439114391143912	0.5172413793103449	0.3984375	0.4888888888888889	0.6875	0.05405405405405406	0.2	0.625	0.25806451612903225
dmw=3030	0.8692421991084696	0.8699690402476781	0.8541666666666666	0.8244274809160306	0.8819875776397516	0.8352941176470589	0.8742857142857143	0.803921568627451	0.8366013071895425	0.42105263157894735	0.8662420382165605	0.36538461538461536	1.0	0.8653846153846154	1.0	0.8333333333333334	0.8095238095238095
dmw=3032	0.17161290322580644	0.1779935275080906	0.1259259259259259	0.13740458015267176	0.22317596566523606	0.1388888888888889	0.17123287671232876	0.19047619047619047	0.18410041841004185	0.19672131147540983	0.20689655172413793	0.0392156862745098	0.4074074074074074	0.15217391304347827	0.08333333333333333	0.25	0.07142857142857142
dmw=3033	0.44083969465648853	0.5020080321285141	0.2932330827067669	0.453125	0.45384615384615384	0.5	0.33620689655172414	0.5882352941176471	0.49122807017543857	0.42857142857142855	0.5652173913043478	0.7857142857142857	0.7741935483870968	0.48484848484848486	0.5	0.6666666666666666	0.5
dmw=3035	0.03193430656934307	0.025559105431309903	0.03812316715542522	0.04205607476635514	0.03233256351039261	0.05855855855855856	0.018292682926829267	0.03728813559322034	0.03582554517133956	0.014336917562724014	0.014760147601476014	0.04285714285714286	0.06666666666666667	0.021834061135371178	0.13333333333333333	0.16	0.04054054054054054
dmw=3036	0.00909090909090909	0.008097165991902834	0.0	0.02054794520547945	0.0035335689045936395	0.008695652173913044	0.0031645569620253164	0.004807692307692308	0.00963855421686747	0.0	0.0	0.0	0.0	0.0	0.0	0.0	0.0
dmw=3037	0.004793289394847214	0.004672897196261682	0.0044943820224719105	0.005115089514066497	0.0020408163265306124	0.011049723756906077	0.0	0.014814814814814815	0.010256410256410256	0.00909090909090909	0.006134969325153374	0.0	0.0425531914893617	0.014388489208633094	0.0	0.0	0.0
dmw=3049	0.2985971943887776	0.23829787234042554	0.2376237623762376	0.40707964601769914	0.24175824175824176	0.30434782608695654	0.14912280701754385	0.3076923076923077	0.31155778894472363	0.10869565217391304	0.2857142857142857	0.2222222222222222	0.0	0.4915254237288136	0.0	0.0	0.5
dmw=3058	0.010347376201034738	0.004885993485342019	0.03365384615384615	0.012578616352201259	0.004608294930875576	0.008264462809917356	0.011111111111111112	0.011976047904191617	0.023809523809523808	0.0	0.009389671361502348	0.0	0.043478260869565216	0.02666666666666667	0.09090909090909091	0.0	0.0
dmw=3059	0.005159071367153913	0.007952286282306162	0.011406844106463879	0.01092896174863388	0.009900990099009901	0.0	0.004273504273504274	0.020833333333333332	0.007575757575757576	0.0	0.004694835680751174	0.0	0.0	0.00980392156862745	0.0	0.0	0.0
dmw=3062	0.7486136783733827	0.7412280701754386	0.6790123456790124	0.6666666666666666	0.7417218543046358	0.90625	0.6197183098591549	0.5789473684210527	0.784	0.5897435897435898	0.6272727272727273	0.625	0.5714285714285714	0.6923076923076923	1.0	1.0	1.0
dmw=3064	0.01949106659447753	0.04669260700389105	0.030800821355236138	0.0475	0.029465930018416207	0.0380952380952381	0.02557544757033248	0.04020100502512563	0.02147239263803681	0.05172413793103448	0.03216374269005848	0.033783783783783786	0.0	0.022222222222222223	0.0	0.022727272727272728	0.047619047619047616
dmw=3082	0.0035137034434293743	0.008944543828264758	0.0113314447592068	0.0176678445229682	0.006153846153846154	0.0	0.00823045267489712	0.0	0.0036900369003690036	0.0	0.012096774193548387	0.0	0.0	0.0	0.0	0.0	0.0
dmw=3083	0.006207674943566591	0.0097442143727162	0.01293103448275862	0.0	0.006864988558352402	0.0	0.0027472527472527475	0.0049261083743842365	0.007827788649706457	0.006369426751592357	0.0	0.0	0.0	0.0	0.0	0.0	0.0
dmw=3086	0.00967741935483871	0.0	0.00904977375565611	0.0064516129032258064	0.0	0.0	0.013793103448275862	0.0	0.010309278350515464	0.0	0.008403361344537815	0.0	0.0	0.0	0.0	0.0	0.0
dmw=3088	0.7024866785079928	0.758893280632411	0.7700534759358288	0.7238095238095238	0.7679558011049724	0.7115384615384616	0.7752442996742671	0.7647058823529411	0.6675824175824175	0.717391304347826	0.7794871794871795	0.6	0.7142857142857143	0.5	1.0	0.6071428571428571	0.8
dmw=3090	0.010275572162540868	0.01020408163265306	0.017412935323383085	0.01957585644371941	0.0136986301369863	0.00966183574879227	0.007936507936507936	0.022988505747126436	0.005988023952095809	0.006134969325153374	0.018214936247723135	0.011627906976744186	0.015873015873015872	0.0	0.0	0.034482758620689655	0.0
dmw=3091	0.027756653992395436	0.029812606473594547	0.02586206896551724	0.020437956204379562	0.03125	0.034482758620689655	0.032846715328467155	0.013793103448275862	0.036418816388467376	0.0196078431372549	0.04	0.03278688524590164	0.02702702702702703	0.010752688172043012	0.0	0.019230769230769232	0.058823529411764705
dmw=3092	0.005628775398132894	0.007941550190597205	0.007518796992481203	0.006891271056661562	0.006067961165048544	0.0213903743315508	0.010573177518085699	0.004357298474945534	0.006355932203389831	0.008347245409015025	0.008283132530120483	0.008620689655172414	0.020134228187919462	0.0072992700729927005	0.0196078431372549	0.0	0.0
dmw=3097	0.4461440407903123	0.43613707165109034	0.46111111111111114	0.3974358974358974	0.4050632911392405	0.4873417721518987	0.4166666666666667	0.4	0.4733893557422969	0.4065934065934066	0.4094488188976378	0.5	0.42105263157894735	0.46236559139784944	0.2962962962962963	0.3333333333333333	0.6111111111111112
dmw=3099	0.010416666666666666	0.010638297872340425	0.023809523809523808	0.0	0.037037037037037035	0.0	0.0	0.0	0.0	0.0	0.0	0.0	0.0	0.0	0.0	0.0	0.0
dmw=3103	0.009259259259259259	0.007797270955165692	0.0	0.018292682926829267	0.008547008547008548	0.0	0.0	0.0070921985815602835	0.01171875	0.0	0.0	0.03333333333333333	0.0	0.0	0.0	0.0	0.0
dmw=3149	0.020833333333333332	0.056291390728476824	0.033707865168539325	0.10256410256410256	0.030042918454935622	0.05555555555555555	0.08333333333333333	0.0	0.043859649122807015	0.0136986301369863	0.018072289156626505	0.0	0.0	0.0	0.0	0.0	0.08333333333333333
dmw=3151	0.0051813471502590676	0.01509433962264151	0.006802721088435374	0.02158273381294964	0.021897810218978103	0.0196078431372549	0.0196078431372549	0.0	0.039735099337748346	0.0	0.030303030303030304	0.030303030303030304	0.0	0.02564102564102564	0.0	0.0	0.0
dmw=3156	0.00821917808219178	0.006329113924050633	0.005208333333333333	0.00980392156862745	0.005681818181818182	0.0	0.0	0.0	0.009345794392523364	0.0	0.012903225806451613	0.0	0.0	0.0	0.0	0.0	0.0
dmw=3184	0.04930332261521972	0.05053191489361702	0.01293103448275862	0.037267080745341616	0.05474452554744526	0.012987012987012988	0.030434782608695653	0.05172413793103448	0.031914893617021274	0.0	0.05263157894736842	0.0	0.0625	0.023809523809523808	0.0	0.0	0.08333333333333333
dmw=3185	0.003207184092366902	0.003401360544217687	0.011976047904191617	0.011527377521613832	0.0024813895781637717	0.0	0.010330578512396695	0.0	0.002506265664160401	0.0	0.003663003663003663	0.017094017094017096	0.024390243902439025	0.008333333333333333	0.0	0.0	0.0
dmw=3191	0.008239700374531835	0.01282051282051282	0.007905138339920948	0.0	0.008982035928143712	0.0	0.008849557522123894	0.012903225806451613	0.005208333333333333	0.0	0.004901960784313725	0.021739130434782608	0.0	0.0	0.0	0.0	0.0
dmw=3195	0.007009345794392523	0.007481296758104738	0.0	0.005050505050505051	0.019138755980861243	0.01818181818181818	0.004784688995215311	0.0	0.0	0.0	0.006535947712418301	0.0	0.0	0.0	0.0	0.0	0.0
dmw=3221	0.006779661016949152	0.017772511848341232	0.012396694214876033	0.0	0.009216589861751152	0.0125	0.012658227848101266	0.0	0.003484320557491289	0.0	0.01483679525222552	0.010101010101010102	0.0	0.0	0.0	0.0	0.0
dmw=3226	0.004597701149425287	0.0	0.0	0.012048192771084338	0.0	0.03508771929824561	0.011494252873563218	0.0	0.0	0.0	0.0	0.0	0.0	0.0	0.0	0.0	0.0
dmw=3228	0.012933968686181076	0.007739938080495356	0.003278688524590164	0.0	0.004608294930875576	0.007407407407407408	0.021108179419525065	0.0	0.015789473684210527	0.02127659574468085	0.010526315789473684	0.0	0.0	0.0	0.0	0.015151515151515152	0.0
dmw=3247	0.010817307692307692	0.0	0.0	0.010362694300518135	0.0	0.012987012987012988	0.006622516556291391	0.0	0.0	0.0	0.017699115044247787	0.043478260869565216	0.0	0.015873015873015872	0.0	0.0	0.0
dmw=3250	0.05198019801980198	0.047021943573667714	0.0449438202247191	0.051094890510948905	0.053231939163498096	0.0273972602739726	0.06741573033707865	0.07865168539325842	0.06629834254143646	0.018518518518518517	0.0546875	0.058823529411764705	0.06666666666666667	0.05555555555555555	0.0	0.0	0.18181818181818182
dmw=3296	0.006880733944954129	0.0018552875695732839	0.003663003663003663	0.0	0.004	0.007142857142857143	0.01107011070110701	0.005405405405405406	0.004424778761061947	0.0	0.0	0.0	0.0	0.0	0.0	0.0	0.0
dmw=3323	0.009188361408882083	0.0035335689045936395	0.024539877300613498	0.022900763358778626	0.04032258064516129	0.0673076923076923	0.030864197530864196	0.01098901098901099	0.040229885057471264	0.0	0.007462686567164179	0.0625	0.07407407407407407	0.014285714285714285	0.2	0.0	0.0
dmw=3325	0.006593406593406593	0.018518518518518517	0.0	0.0	0.018018018018018018	0.0	0.011764705882352941	0.0	0.0	0.0	0.0	0.0	0.0	0.0	0.0	0.0	0.0
dmw=3355	0.013636363636363636	0.0	0.012738853503184714	0.005747126436781609	0.0	0.007518796992481203	0.004347826086956522	0.0	0.0029069767441860465	0.0	0.004273504273504274	0.03225806451612903	0.0	0.0	0.0	0.06666666666666667	0.0
dmw=3373	0.005756578947368421	0.007782101167315175	0.0165016501650165	0.0	0.006309148264984227	0.0	0.007575757575757576	0.0	0.0035714285714285713	0.033707865168539325	0.005649717514124294	0.0	0.06153846153846154	0.0	0.0	0.0	0.0
dmw=3394	0.0053106744556558685	0.01264367816091954	0.010050251256281407	0.0	0.013729977116704805	0.015503875968992248	0.00303951367781155	0.05704697986577181	0.00904977375565611	0.006289308176100629	0.013986013986013986	0.0	0.0	0.0	0.0	0.0	0.0
dmw=3402	0.0044472681067344345	0.0024752475247524753	0.006593406593406593	0.006289308176100629	0.0035971223021582736	0.004901960784313725	0.010869565217391304	0.0	0.009036144578313253	0.0	0.0040650406504065045	0.010101010101010102	0.0	0.011494252873563218	0.0	0.0	0.0
dmw=3419	0.8151715833835039	0.7907324364723468	0.8201892744479495	0.8111455108359134	0.8230958230958231	0.8461538461538461	0.828125	0.8689655172413793	0.8340163934426229	0.6666666666666666	0.7902097902097902	0.8947368421052632	0.8235294117647058	0.8689655172413793	0.75	0.8611111111111112	0.6530612244897959
dmw=3420	0.8097475044039929	0.7982551799345693	0.8650646950092421	0.804642166344294	0.8323831242873432	0.8278388278388278	0.8500590318772137	0.8455497382198953	0.8438978240302744	0.6228070175438597	0.768595041322314	0.8132780082987552	0.7988826815642458	0.8244274809160306	0.9298245614035088	0.85	0.8333333333333334
dmw=3421	0.8788965517241379	0.8432432432432433	0.8614668218859138	0.9063400576368876	0.8724247226624405	0.9	0.8710601719197708	0.8511627906976744	0.8995744680851064	0.7373134328358208	0.8058139534883721	0.7870370370370371	0.9159663865546218	0.868421052631579	0.9818181818181818	0.8421052631578947	0.7435897435897436
dmw=3433	0.007119386637458927	0.0035211267605633804	0.012096774193548387	0.002288329519450801	0.0	0.014492753623188406	0.0	0.006825938566552901	0.0160857908847185	0.0	0.007326007326007326	0.0	0.0	0.0	0.0	0.0	0.0
dmw=3434	0.1840228245363766	0.15211970074812967	0.15503875968992248	0.23076923076923078	0.11162790697674418	0.2535211267605634	0.043478260869565216	0.2413793103448276	0.057291666666666664	0.21739130434782608	0.21897810218978103	0.08888888888888889	0.26666666666666666	0.16279069767441862	0.0	0.7142857142857143	0.20689655172413793
dmw=3443	0.058778332693046484	0.06978798586572438	0.071875	0.07063197026022305	0.019193857965451054	0.09448818897637795	0.020785219399538105	0.043478260869565216	0.04229607250755287	0.0707070707070707	0.0598669623059867	0.025	0.078125	0.028901734104046242	0.0	0.018518518518518517	0.061855670103092786
dmw=3444	0.0	0.014534883720930232	0.004166666666666667	0.0	0.0	0.0	0.004784688995215311	0.0	0.005050505050505051	0.0	0.0	0.0	0.0	0.0	0.0	0.0	0.0
dmw=3458	0.04513888888888889	0.0453257790368272	0.04516129032258064	0.07142857142857142	0.007326007326007326	0.02912621359223301	0.058823529411764705	0.02	0.035	0.056338028169014086	0.05343511450381679	0.02127659574468085	0.027777777777777776	0.0	0.0	0.17391304347826086	0.0
dmw=3477	0.7824933687002652	0.7928730512249443	0.8033240997229917	0.7944664031620553	0.8244274809160306	0.7222222222222222	0.818407960199005	0.7611940298507462	0.8544776119402985	0.6527777777777778	0.8020477815699659	0.6818181818181818	1.0	0.7821229050279329	0.7	0.6875	0.7796610169491526
dmw=3491	0.002008032128514056	0.004739336492890996	0.0	0.0	0.012195121951219513	0.0	0.0	0.0	0.0	0.0	0.0	0.0	0.0	0.0	0.0	0.0	0.0
dmw=3499	0.0625	0.052083333333333336	0.038834951456310676	0.08333333333333333	0.08108108108108109	0.12244897959183673	0.08695652173913043	0.028846153846153848	0.044642857142857144	0.0	0.034482758620689655	0.0	0.0	0.025	0.0	0.0	0.0
dmw=3505	0.005154639175257732	0.006726457399103139	0.00437636761487965	0.007285974499089253	0.013618677042801557	0.0	0.0117096018735363	0.003215434083601286	0.0	0.005917159763313609	0.0028735632183908046	0.0	0.0	0.004651162790697674	0.0	0.03636363636363636	0.014285714285714285
dmw=3550	0.010699588477366255	0.007407407407407408	0.03260869565217391	0.018518518518518517	0.014319809069212411	0.01092896174863388	0.019157088122605363	0.007575757575757576	0.01276595744680851	0.0	0.006622516556291391	0.09375	0.0	0.0	0.0	0.09090909090909091	0.0
dmw=3552	0.01268911664226452	0.005753739930955121	0.007898894154818325	0.005194805194805195	0.0033003300330033004	0.013986013986013986	0.0	0.0047169811320754715	0.003430531732418525	0.01652892561983471	0.008955223880597015	0.033707865168539325	0.0	0.005988023952095809	0.0	0.0	0.0
dmw=3560	0.2350230414746544	0.08108108108108109	0.627906976744186	0.4175824175824176	0.6481481481481481	0.78125	0.6041666666666666	0.043478260869565216	0.49606299212598426	0.43333333333333335	0.16666666666666666	0.631578947368421	0.0625	0.4074074074074074	0.0	0.0	0.4
dmw=3588	0.05444743935309973	0.07496823379923762	0.06561679790026247	0.06398104265402843	0.02877697841726619	0.08641975308641975	0.05275779376498801	0.05263157894736842	0.044226044226044224	0.07377049180327869	0.039473684210526314	0.034482758620689655	0.08771929824561403	0.0	0.05172413793103448	0.04	0.15217391304347827
dmw=3589	0.002109704641350211	0.0	0.01764705882352941	0.005376344086021506	0.004149377593360996	0.0070921985815602835	0.008333333333333333	0.025	0.003067484662576687	0.0	0.005714285714285714	0.0	0.0	0.0	0.0	0.0	0.0
dmw=3604	0.00398406374501992	0.020114942528735632	0.0	0.0	0.015151515151515152	0.0	0.0182648401826484	0.0	0.0	0.0	0.017391304347826087	0.0	0.0	0.01282051282051282	0.0	0.0	0.0
dmw=3605	0.02547169811320755	0.027292576419213975	0.02286902286902287	0.021413276231263382	0.02010968921389397	0.008438818565400843	0.02064896755162242	0.0106951871657754	0.014799154334038054	0.016260162601626018	0.03636363636363636	0.027777777777777776	0.021739130434782608	0.022598870056497175	0.0	0.0	0.0
dmw=3635	0.020527859237536656	0.006211180124223602	0.0	0.0	0.024793388429752067	0.0	0.0	0.0	0.00909090909090909	0.0	0.0	0.0	0.0	0.0	0.0	0.0	0.0
dmw=3637	0.003910833007430583	0.00468384074941452	0.00423728813559322	0.00468384074941452	0.007751937984496124	0.0	0.0	0.009933774834437087	0.002824858757062147	0.017857142857142856	0.0	0.0055248618784530384	0.0	0.0	0.0	0.0	0.0
dmw=3638	0.0024813895781637717	0.0	0.0058823529411764705	0.0	0.004784688995215311	0.01694915254237288	0.006993006993006993	0.0	0.00423728813559322	0.0	0.0	0.017241379310344827	0.0	0.0	0.0	0.0	0.043478260869565216
dmw=3640	0.002482929857231533	0.008917197452229299	0.0056179775280898875	0.0	0.006072874493927126	0.004464285714285714	0.0025188916876574307	0.009009009009009009	0.007662835249042145	0.0	0.008	0.0	0.0	0.0	0.0	0.0	0.0
dmw=3677	0.0016992353440951572	0.0036968576709796672	0.009345794392523364	0.007662835249042145	0.004048582995951417	0.010752688172043012	0.01293103448275862	0.010638297872340425	0.010526315789473684	0.0	0.018633540372670808	0.037037037037037035	0.016129032258064516	0.0	0.0	0.0	0.0
dmw=3685	0.012903225806451613	0.004291845493562232	0.00684931506849315	0.0111731843575419	0.010471204188481676	0.009009009009009009	0.016042780748663103	0.0	0.0	0.03225806451612903	0.0	0.0	0.037037037037037035	0.0196078431372549	0.0	0.0	0.0
dmw=3707	0.15254237288135594	0.18902439024390244	0.2777777777777778	0.35294117647058826	0.38333333333333336	0.5853658536585366	0.3488372093023256	0.0	0.3669724770642202	0.23076923076923078	0.10638297872340426	0.25	0.0	0.36363636363636365	0.5	0.0	0.14285714285714285
dmw=3713	0.03926096997690531	0.0636604774535809	0.08837209302325581	0.05785123966942149	0.07428571428571429	0.0423728813559322	0.047619047619047616	0.04938271604938271	0.0860655737704918	0.10891089108910891	0.03508771929824561	0.05	0.06451612903225806	0.03508771929824561	0.3157894736842105	0.13333333333333333	0.0
dmw=3720	0.046067415730337076	0.024	0.034334763948497854	0.07042253521126761	0.06995884773662552	0.027522935779816515	0.043478260869565216	0.03076923076923077	0.06666666666666667	0.0	0.06870229007633588	0.3333333333333333	0.018867924528301886	0.04	0.0	0.0	0.0
dmw=3721	0.695049504950495	0.7024793388429752	0.7088607594936709	0.8352941176470589	0.5573770491803278	0.7894736842105263	0.6	0.5740740740740741	0.509090909090909	0.6046511627906976	0.6635514018691588	0.75	0.6956521739130435	0.6060606060606061	0.8333333333333334	0.6363636363636364	0.875
dmw=3753	0.012048192771084338	0.006493506493506494	0.0	0.0	0.0	0.0	0.018518518518518517	0.0	0.0	0.0	0.0	0.0	0.0	0.0	0.0	0.0	0.0
dmw=3754	0.15971515768056968	0.218436873747495	0.16796875	0.19424460431654678	0.012244897959183673	0.12295081967213115	0.018867924528301886	0.096	0.036065573770491806	0.10344827586206896	0.25609756097560976	0.22	0.14285714285714285	0.02857142857142857	0.0	0.375	0.3333333333333333
dmw=3759	0.10689990281827016	0.0831889081455806	0.11764705882352941	0.07172995780590717	0.04844290657439446	0.03773584905660377	0.0196078431372549	0.19626168224299065	0.059880239520958084	0.125	0.14084507042253522	0.061224489795918366	0.03571428571428571	0.16666666666666666	0.0	0.4230769230769231	0.08823529411764706
dmw=3776	0.03043170559094126	0.041979010494752625	0.04678362573099415	0.024691358024691357	0.005235602094240838	0.017857142857142856	0.004545454545454545	0.0	0.01529051987767584	0.08771929824561403	0.03428571428571429	0.1724137931034483	0.024390243902439025	0.011494252873563218	0.030303030303030304	0.05263157894736842	0.08641975308641975
dmw=3777	0.836405529953917	0.8489361702127659	0.867816091954023	0.8789237668161435	0.8477366255144033	0.8983050847457628	0.8371040723981901	0.825	0.84375	0.7532467532467533	0.8469945355191257	0.8235294117647058	0.8260869565217391	0.84375	0.9444444444444444	0.8888888888888888	0.9285714285714286
dmw=3836	0.03264331210191083	0.05128205128205128	0.056451612903225805	0.012269938650306749	0.03755868544600939	0.035398230088495575	0.0371900826446281	0.05555555555555555	0.036734693877551024	0.0078125	0.014925373134328358	0.0	0.015151515151515152	0.008547008547008548	0.0	0.0	0.0
dmw=3857	0.01108213820078227	0.001451378809869376	0.0	0.0	0.0047169811320754715	0.0	0.008	0.005434782608695652	0.006109979633401222	0.0	0.003115264797507788	0.0	0.0	0.0	0.0	0.0	0.0
dmw=3861	0.1	0.10411622276029056	0.20074349442379183	0.15425531914893617	0.27956989247311825	0.3793103448275862	0.25572519083969464	0.09090909090909091	0.2801418439716312	0.13333333333333333	0.08641975308641975	0.375	0.08333333333333333	0.14285714285714285	0.1875	0.16666666666666666	0.36363636363636365
dmw=3886	0.018401015228426396	0.006996770721205597	0.015133876600698487	0.03398558187435633	0.01644398766700925	0.020793950850661626	0.01564537157757497	0.019830028328611898	0.03742880390561432	0.017857142857142856	0.031496062992125984	0.0	0.017391304347826087	0.023454157782515993	0.05263157894736842	0.0	0.0
dmw=3888	0.3887375113533152	0.3520309477756286	0.3654618473895582	0.34841628959276016	0.12048192771084337	0.1981981981981982	0.061452513966480445	0.36428571428571427	0.1392857142857143	0.3088235294117647	0.36231884057971014	0.4166666666666667	0.21052631578947367	0.03508771929824561	0.0	0.25	0.30434782608695654
dmw=3905	0.8246268656716418	0.8518518518518519	0.7032967032967034	0.6593406593406593	0.7911392405063291	0.7899159663865546	0.8991596638655462	0.90625	0.8	0.9482758620689655	0.8673469387755102	0.9272727272727272	0.78125	0.6538461538461539	0.0	0.9	0.7931034482758621
dmw=3910	0.1283138918345705	0.1377245508982036	0.12	0.23232323232323232	0.11304347826086956	0.18085106382978725	0.1596244131455399	0.10884353741496598	0.13013698630136986	0.14285714285714285	0.1848341232227488	0.075	0.0	0.09195402298850575	0.0	0.058823529411764705	0.21052631578947367
dmw=3916	0.13333333333333333	0.176	0.04	0.18181818181818182	0.0410958904109589	0.14285714285714285	0.02	0.14285714285714285	0.05454545454545454	0.5714285714285714	0.05	0.375	0.25	0.058823529411764705	0.0	0.0	0.0
dmw=3922	0.3704600484261501	0.4397590361445783	0.3128491620111732	0.38235294117647056	0.525974025974026	0.6434782608695652	0.5384615384615384	0.3375	0.4722222222222222	0.2682926829268293	0.35714285714285715	0.68	0.24	0.22807017543859648	0.25	0.4	0.7241379310344828
dmw=3947	0.30835734870317005	0.3663003663003663	0.18382352941176472	0.33714285714285713	0.1927710843373494	0.07692307692307693	0.18125	0.19047619047619047	0.17582417582417584	0.3611111111111111	0.37272727272727274	0.25	0.1935483870967742	0.0784313725490196	0.0	0.0	0.46153846153846156
dmw=3949	0.0269209197980931	0.01948051948051948	0.03436426116838488	0.010964912280701754	0.02459016393442623	0.0273224043715847	0.002702702702702703	0.02197802197802198	0.033950617283950615	0.034482758620689655	0.009478672985781991	0.0	0.0625	0.0	0.0	0.0	0.03333333333333333
dmw=3966	0.4703618167821401	0.4326923076923077	0.46726190476190477	0.5	0.30346820809248554	0.5133333333333333	0.39156626506024095	0.3076923076923077	0.291970802919708	0.25961538461538464	0.47783251231527096	0.352112676056338	0.5666666666666667	0.3194444444444444	0.5813953488372093	0.2727272727272727	0.2857142857142857
dmw=3978	0.5768667642752562	0.647887323943662	0.6408450704225352	0.6060606060606061	0.49732620320855614	0.4727272727272727	0.5434782608695652	0.5142857142857142	0.5609756097560976	0.5409836065573771	0.6012658227848101	0.5757575757575758	0.8095238095238095	0.47540983606557374	0.7142857142857143	0.16666666666666666	0.5185185185185185
dmw=3979	0.8480325644504749	0.8229426433915212	0.8608247422680413	0.8552036199095022	0.6236162361623616	0.6363636363636364	0.4016393442622951	0.7586206896551724	0.5333333333333333	0.6612903225806451	0.8888888888888888	0.8852459016393442	0.8372093023255814	0.4	0.5384615384615384	0.8095238095238095	0.8461538461538461
dmw=3980	0.0	0.0	0.0392156862745098	0.013333333333333334	0.006944444444444444	0.0	0.0	0.0	0.0	0.0	0.0	0.0	0.0	0.0	0.0	0.0	0.0
dmw=3983	0.48128342245989303	0.4868421052631579	0.9	0.4146341463414634	0.890625	0.8214285714285714	0.875	0.84	0.8734177215189873	0.5384615384615384	0.59375	0.875	0.7142857142857143	0.8214285714285714	0.7142857142857143	0.6666666666666666	1.0
dmw=3988	0.8367117117117117	0.7723004694835681	0.7175572519083969	0.8095238095238095	0.8576923076923076	0.8181818181818182	0.8333333333333334	0.85	0.8079470198675497	0.6101694915254238	0.8373493975903614	0.5714285714285714	0.46153846153846156	0.84375	1.0	0.5	0.7727272727272727
dmw=3995	0.14416775884665792	0.11913357400722022	0.14893617021276595	0.2127659574468085	0.0189873417721519	0.10526315789473684	0.06293706293706294	0.10714285714285714	0.038461538461538464	0.03125	0.15267175572519084	0.08	0.1568627450980392	0.016666666666666666	0.0	0.3181818181818182	0.1111111111111111
dmw=4001	0.23203285420944558	0.21212121212121213	0.18421052631578946	0.25	0.18018018018018017	0.18571428571428572	0.2	0.20833333333333334	0.2711864406779661	0.34375	0.109375	0.08695652173913043	0.3076923076923077	0.0	0.42857142857142855	1.0	0.0
dmw=4002	0.2219116825041923	0.23243243243243245	0.3690773067331671	0.27423167848699764	0.25	0.4175824175824176	0.3670886075949367	0.22983870967741934	0.3121951219512195	0.2605633802816901	0.3167420814479638	0.2765957446808511	0.125	0.21212121212121213	0.7619047619047619	0.041666666666666664	0.5434782608695652
dmw=4003	0.43666323377960864	0.5316973415132924	0.40772532188841204	0.4435146443514644	0.48854961832061067	0.45348837209302323	0.46987951807228917	0.5535714285714286	0.5692771084337349	0.453781512605042	0.601063829787234	0.4	0.4025974025974026	0.5210084033613446	0.0	0.46875	0.5
dmw=4004	0.6338639652677279	0.6375404530744336	0.5973154362416108	0.6758620689655173	0.6142857142857143	0.675	0.5590551181102362	0.6727272727272727	0.5654761904761905	0.6486486486486487	0.5531914893617021	0.5714285714285714	0.6666666666666666	0.52	0.0	0.5	0.6666666666666666
dmw=4053	0.48329355608591884	0.5234159779614325	0.5684647302904564	0.461038961038961	0.5730337078651685	0.6078431372549019	0.19387755102040816	0.6081081081081081	0.5302491103202847	0.5181818181818182	0.46788990825688076	0.7	0.3953488372093023	0.2840909090909091	0.6666666666666666	0.35714285714285715	0.3684210526315789
dmw=4056	0.5782178217821782	0.5555555555555556	0.4339622641509434	0.7051282051282052	0.35664335664335667	0.676923076923077	0.2578125	0.3333333333333333	0.3053435114503817	0.40625	0.6	0.3333333333333333	0.39285714285714285	0.2926829268292683	1.0	0.6666666666666666	0.5555555555555556
dmw=4057	0.0912863070539419	0.06209850107066381	0.060085836909871244	0.10970464135021098	0.04395604395604396	0.136986301369863	0.09716599190283401	0.12048192771084337	0.056666666666666664	0.02	0.06153846153846154	0.04411764705882353	0.03333333333333333	0.047244094488188976	0.18181818181818182	0.0	0.0
dmw=4066	0.006521739130434782	0.0055248618784530384	0.0	0.0	0.0	0.0	0.014388489208633094	0.02564102564102564	0.02666666666666667	0.013333333333333334	0.07692307692307693	0.0	0.0	0.0	0.0	0.0	0.0
dmw=4087	0.004054054054054054	0.004484304932735426	0.0	0.00684931506849315	0.0042643923240938165	0.007575757575757576	0.002849002849002849	0.0	0.007334963325183374	0.0	0.0	0.0	0.0	0.0	0.0	0.0	0.0
dmw=4146	0.7696924231057765	0.8233151183970856	0.6474164133738601	0.7637130801687764	0.7780082987551867	0.7407407407407407	0.7345454545454545	0.7021276595744681	0.8211009174311926	0.6717948717948717	0.775	0.75	0.7422680412371134	0.7459016393442623	0.84	0.75	0.8285714285714286
dmw=4155	0.6331719128329297	0.5464190981432361	0.6107784431137725	0.648854961832061	0.6359447004608295	0.7752808988764045	0.7104072398190046	0.6666666666666666	0.6518518518518519	0.6153846153846154	0.6480446927374302	0.6923076923076923	0.75	0.5769230769230769	0.4	0.9545454545454546	0.6363636363636364
dmw=4161	0.008771929824561403	0.00546448087431694	0.006024096385542169	0.005	0.02527075812274368	0.0	0.0	0.0	0.006802721088435374	0.021739130434782608	0.0	0.0	0.0	0.0	0.0	0.0	0.0
dmw=4166	0.10837887067395265	0.11320754716981132	0.09900990099009901	0.08679245283018867	0.07333333333333333	0.11242603550295859	0.040160642570281124	0.1223021582733813	0.06885245901639345	0.13157894736842105	0.06986899563318777	0.0	0.08823529411764706	0.075	0.058823529411764705	0.0	0.05
dmw=4192	0.5778816199376947	0.5019455252918288	0.5376344086021505	0.7549019607843137	0.6464646464646465	0.5609756097560976	0.450261780104712	0.6948051948051948	0.736318407960199	0.6911764705882353	0.5661375661375662	0.36363636363636365	0.9090909090909091	0.5434782608695652	0.5	0.7631578947368421	0.6206896551724138
dmw=4198	0.09259259259259259	0.11940298507462686	0.08536585365853659	0.22580645161290322	0.08461538461538462	0.08695652173913043	0.17475728155339806	0.10256410256410256	0.17346938775510204	0.0	0.10714285714285714	0.13043478260869565	0.07142857142857142	0.16666666666666666	0.16666666666666666	0.0	0.0
dmw=4204	0.004081632653061225	0.004024144869215292	0.005681818181818182	0.00398406374501992	0.00967741935483871	0.009389671361502348	0.0035087719298245615	0.006622516556291391	0.004366812227074236	0.027777777777777776	0.027777777777777776	0.0	0.0196078431372549	0.017241379310344827	0.0	0.0	0.0
dmw=4228	0.33612565445026177	0.2777777777777778	0.2989010989010989	0.2616407982261641	0.01276595744680851	0.06944444444444445	0.014204545454545454	0.23809523809523808	0.02813852813852814	0.37579617834394907	0.3419354838709677	0.1935483870967742	0.29906542056074764	0.024539877300613498	0.16	0.35714285714285715	0.2857142857142857
dmw=4229	0.1122369446609509	0.14652014652014653	0.05825242718446602	0.1358695652173913	0.007792207792207792	0.06451612903225806	0.004366812227074236	0.125	0.033854166666666664	0.275	0.07692307692307693	0.0	0.30434782608695654	0.0	0.0	0.037037037037037035	0.44
dmw=4249	0.47419928825622776	0.39274447949526814	0.3917910447761194	0.49411764705882355	0.39402173913043476	0.5	0.5059760956175299	0.34285714285714286	0.4657142857142857	0.5	0.4444444444444444	0.3717948717948718	0.46153846153846156	0.39759036144578314	0.0	0.5483870967741935	0.0
dmw=4263	0.8402061855670103	0.784	0.40540540540540543	0.7096774193548387	0.6881720430107527	0.8095238095238095	0.6585365853658537	0.4883720930232558	0.59375	0.6923076923076923	0.8181818181818182	0.75	0.9285714285714286	0.38461538461538464	1.0	0.0	0.9090909090909091
dmw=4271	0.558252427184466	0.644927536231884	0.4954954954954955	0.6352941176470588	0.6585365853658537	0.673469387755102	0.5578947368421052	0.6973684210526315	0.8043478260869565	0.0	0.7191011235955056	0.625	0.0	0.84375	0.47368421052631576	0.59375	0.2
dmw=4276	0.40167570231641203	0.36576239476145933	0.2693877551020408	0.4362017804154303	0.4	0.4309859154929577	0.29699248120300753	0.3925619834710744	0.40084985835694054	0.2217573221757322	0.42531120331950206	0.52	0.47058823529411764	0.39759036144578314	0.2	0.19230769230769232	0.4230769230769231
dmw=4284	0.9794117647058823	0.9569230769230769	0.9428571428571428	0.9790209790209791	0.990909090909091	0.9666666666666667	0.9784172661870504	0.9848484848484849	0.9696969696969697	0.9428571428571428	0.9154929577464789	1.0	1.0	0.9855072463768116	1.0	1.0	1.0
dmw=4294	0.202365308804205	0.21534653465346534	0.12903225806451613	0.125	0.20816326530612245	0.12173913043478261	0.12886597938144329	0.15384615384615385	0.16731517509727625	0.18181818181818182	0.28368794326241137	0.3050847457627119	0.19047619047619047	0.11702127659574468	0.3333333333333333	0.6363636363636364	0.0
dmw=4301	0.9292452830188679	0.9512195121951219	0.96875	0.8448275862068966	0.8627450980392157	0.7647058823529411	0.8269230769230769	0.8181818181818182	0.6862745098039216	0.782608695652174	0.8222222222222222	0.8421052631578947	1.0	0.7647058823529411	0.0	1.0	0.9
dmw=4329	0.00764525993883792	0.0035714285714285713	0.022727272727272728	0.006535947712418301	0.014492753623188406	0.0	0.0	0.0	0.0	0.0	0.0	0.0	0.0	0.0	0.0	0.0	0.0
dmw=4355	0.0	0.0	0.09615384615384616	0.07894736842105263	0.029411764705882353	0.06666666666666667	0.023809523809523808	0.0	0.0	0.14285714285714285	0.021739130434782608	0.4	0.1111111111111111	0.0	0.0	0.0	1.0
dmw=4380	0.02444987775061125	0.022935779816513763	0.04716981132075472	0.028846153846153848	0.02830188679245283	0.1388888888888889	0.03418803418803419	0.024390243902439025	0.05263157894736842	0.10526315789473684	0.024193548387096774	0.0	0.0	0.0	0.0	0.09523809523809523	0.0
dmw=4394	0.00989068193649141	0.0025940337224383916	0.0026666666666666666	0.004796163069544364	0.0018018018018018018	0.011494252873563218	0.0	0.017964071856287425	0.004228329809725159	0.0	0.0	0.0	0.01639344262295082	0.0	0.04	0.0	0.0
dmw=4402	0.004988662131519274	0.00788436268068331	0.009324009324009324	0.002793296089385475	0.012360939431396786	0.0	0.005338078291814947	0.0	0.0045045045045045045	0.016129032258064516	0.005263157894736842	0.02127659574468085	0.0	0.0	0.0	0.0	0.0
dmw=4428	0.04435483870967742	0.056451612903225805	0.09302325581395349	0.14583333333333334	0.042105263157894736	0.05	0.046153846153846156	0.0625	0.14864864864864866	0.05263157894736842	0.07936507936507936	0.0	0.1	0.0	0.0	0.0	0.0625
dmw=4431	0.3203125	0.30916030534351147	0.47770700636942676	0.472	0.5317919075144508	0.7169811320754716	0.5036496350364964	0.1864406779661017	0.5875	0.4	0.2894736842105263	0.15384615384615385	0.5238095238095238	0.47540983606557374	0.6923076923076923	0.23076923076923078	0.5
dmw=4472	0.3992248062015504	0.3386243386243386	0.37962962962962965	0.39805825242718446	0.11267605633802817	0.3170731707317073	0.0	0.3548387096774194	0.025423728813559324	0.37142857142857144	0.42592592592592593	0.0	0.3125	0.13636363636363635	0.2222222222222222	0.2857142857142857	0.625
dmw=4494	0.4198396793587174	0.4009111617312073	0.39473684210526316	0.49214659685863876	0.3686635944700461	0.4782608695652174	0.33613445378151263	0.24786324786324787	0.48863636363636365	0.32926829268292684	0.6307692307692307	0.6511627906976745	0.48148148148148145	0.3389830508474576	0.3333333333333333	0.5	0.5217391304347826
dmw=4512	0.0030181086519114686	0.004796163069544364	0.0	0.0	0.012711864406779662	0.0	0.00390625	0.006802721088435374	0.011278195488721804	0.0	0.005235602094240838	0.0	0.027777777777777776	0.0	0.0	0.0	0.0
dmw=4513	0.009134873723804407	0.010484927916120577	0.07547169811320754	0.011204481792717087	0.012552301255230125	0.046296296296296294	0.014084507042253521	0.006578947368421052	0.0497131931166348	0.07317073170731707	0.012987012987012988	0.0	0.05084745762711865	0.0	0.14814814814814814	0.0	0.06060606060606061
dmw=4542	0.0515695067264574	0.09278350515463918	0.0759493670886076	0.09876543209876543	0.012269938650306749	0.0975609756097561	0.0	0.08333333333333333	0.024691358024691357	0.10204081632653061	0.1125	0.0	0.07692307692307693	0.0	0.0	0.0	0.0
dmw=4543	0.14573643410852713	0.1375	0.10666666666666667	0.11711711711711711	0.14960629921259844	0.08928571428571429	0.2	0.05555555555555555	0.14102564102564102	0.08823529411764706	0.16521739130434782	0.0967741935483871	0.058823529411764705	0.07894736842105263	0.0	0.09090909090909091	0.19230769230769232
dmw=4549	0.46404341926729986	0.49382716049382713	0.43444730077120824	0.46774193548387094	0.4709480122324159	0.3851851851851852	0.4339622641509434	0.4782608695652174	0.4684466019417476	0.5625	0.5413533834586466	0.3783783783783784	0.42857142857142855	0.5	0.8181818181818182	0.4	0.66
dmw=4554	0.01780104712041885	0.012135922330097087	0.004273504273504274	0.005291005291005291	0.008438818565400843	0.016260162601626018	0.00546448087431694	0.015625	0.025	0.0	0.03932584269662921	0.029411764705882353	0.0	0.0	0.0	0.0	0.1
dmw=4559	0.3832684824902724	0.5009658725048294	0.36493738819320215	0.3317757009345794	0.16732026143790849	0.46853146853146854	0.07534246575342465	0.3669250645994832	0.265625	0.432258064516129	0.4649390243902439	0.2403846153846154	0.3516483516483517	0.12105263157894737	0.6842105263157895	0.28888888888888886	0.3770491803278688
dmw=4562	0.18420053171287504	0.14056939501779359	0.1289198606271777	0.18114602587800369	0.161090458488228	0.22282608695652173	0.10795454545454546	0.12982456140350876	0.2244039270687237	0.2568306010928962	0.17777777777777778	0.5365853658536586	0.3619631901840491	0.05172413793103448	0.42	0.19791666666666666	0.21153846153846154
dmw=4566	0.45920303605313095	0.41596638655462187	0.27906976744186046	0.4393939393939394	0.4180790960451977	0.4268292682926829	0.32926829268292684	0.8076923076923077	0.5666666666666667	0.5	0.4482758620689655	0.7142857142857143	0.625	0.045454545454545456	0.0	0.0	0.4
dmw=4567	0.005555555555555556	0.0	0.0036363636363636364	0.0	0.0036231884057971015	0.0	0.016042780748663103	0.060240963855421686	0.0	0.0	0.014705882352941176	0.0	0.0	0.014285714285714285	0.0	0.0	0.0
dmw=4571	0.18418867297791064	0.21133567662565905	0.20833333333333334	0.1835236541598695	0.12794206397103197	0.18223234624145787	0.0843585237258348	0.1077762619372442	0.12598904443091904	0.21705426356589147	0.18100558659217877	0.20802919708029197	0.18354430379746836	0.07560975609756097	0.11627906976744186	0.046153846153846156	0.20491803278688525
dmw=4573	0.8588709677419355	0.8556701030927835	0.711340206185567	0.9485294117647058	0.9382022471910112	0.7592592592592593	0.9186046511627907	0.8205128205128205	0.8670886075949367	0.0	0.8990825688073395	0.9354838709677419	0.0	0.9285714285714286	0.8125	0.0	0.0
dmw=4574	0.011695906432748537	0.0	0.0	0.0	0.0	0.0	0.0034129692832764505	0.009345794392523364	0.0	0.013333333333333334	0.008733624454148471	0.0	0.0625	0.0	0.0	0.0	0.0
dmw=4575	0.7422467263955892	0.7622377622377622	0.7310606060606061	0.6953405017921147	0.4812286689419795	0.43820224719101125	0.6310160427807486	0.6909090909090909	0.6901408450704225	0.6705882352941176	0.8317460317460318	0.6428571428571429	0.7936507936507936	0.40350877192982454	0.0	0.8214285714285714	0.6071428571428571
dmw=4577	0.029874213836477988	0.03008595988538682	0.01818181818181818	0.011627906976744186	0.03715170278637771	0.0375	0.02535211267605634	0.007142857142857143	0.019464720194647202	0.044444444444444446	0.03007518796992481	0.039473684210526314	0.047619047619047616	0.014705882352941176	0.03571428571428571	0.0	0.02564102564102564
dmw=4578	0.1009009009009009	0.08695652173913043	0.09876543209876543	0.2	0.18681318681318682	0.3235294117647059	0.13978494623655913	0.3541666666666667	0.3150684931506849	0.29411764705882354	0.01694915254237288	0.17647058823529413	0.42857142857142855	0.11764705882352941	0.36363636363636365	0.14285714285714285	0.3333333333333333
dmw=4607	0.24801587301587302	0.21834862385321102	0.3031496062992126	0.24193548387096775	0.34814814814814815	0.25	0.32038834951456313	0.20454545454545456	0.25412541254125415	0.3652173913043478	0.27238805970149255	0.3076923076923077	0.3829787234042553	0.2755102040816326	0.23529411764705882	0.0	0.28125
dmw=4620	0.08168316831683169	0.08063241106719368	0.047619047619047616	0.04665629860031104	0.04639175257731959	0.06643356643356643	0.064453125	0.044444444444444446	0.05471956224350205	0.13043478260869565	0.08213552361396304	0.11764705882352941	0.06504065040650407	0.02912621359223301	0.19047619047619047	0.0	0.09230769230769231
dmw=4674	0.0022624434389140274	0.011560693641618497	0.0	0.0	0.006060606060606061	0.0	0.0	0.0	0.0	0.0	0.0	0.0	0.0	0.0	0.0	0.0	0.0
dmw=4688	0.004658385093167702	0.007692307692307693	0.027972027972027972	0.0	0.004975124378109453	0.0	0.0	0.0	0.0	0.09090909090909091	0.024691358024691357	0.0	0.0	0.0	0.0	0.0	0.0
dmw=4695	0.37353801169590645	0.40370370370370373	0.2785714285714286	0.3927272727272727	0.265625	0.43478260869565216	0.3400673400673401	0.3333333333333333	0.43119266055045874	0.39849624060150374	0.3717277486910995	0.47126436781609193	0.35555555555555557	0.31851851851851853	0.3333333333333333	0.5769230769230769	0.22727272727272727
dmw=4719	0.010452961672473868	0.0041841004184100415	0.011627906976744186	0.0	0.0	0.0	0.019417475728155338	0.0	0.0	0.0	0.024691358024691357	0.0	0.0	0.02564102564102564	0.07692307692307693	0.0	0.0
dmw=4721	0.005851375073142188	0.0076726342710997444	0.0021141649048625794	0.0076726342710997444	0.007692307692307693	0.01680672268907563	0.004545454545454545	0.0051813471502590676	0.005067567567567568	0.008928571428571428	0.0	0.008333333333333333	0.0	0.0	0.0	0.0	0.0
dmw=4723	0.6515892420537898	0.5694915254237288	0.6918238993710691	0.6793893129770993	0.6480446927374302	0.890625	0.6975308641975309	0.8	0.8201754385964912	0.8591549295774648	0.5696969696969697	0.6764705882352942	0.8095238095238095	0.8333333333333334	0.0	0.7368421052631579	0.64
dmw=4746	0.8350116189000775	0.8357933579335793	0.8062283737024222	0.8689655172413793	0.8302469135802469	0.8448275862068966	0.8303886925795053	0.8	0.8236914600550964	0.5092592592592593	0.8167330677290837	0.46551724137931033	0.7532467532467533	0.7361111111111112	0.8541666666666666	0.9019607843137255	0.46511627906976744
dmw=4770	0.0043343653250774	0.0008650519031141869	0.01592356687898089	0.006230529595015576	0.005681818181818182	0.0	0.009749303621169917	0.0038910505836575876	0.0022624434389140274	0.0	0.003590664272890485	0.006756756756756757	0.017543859649122806	0.004694835680751174	0.0	0.0	0.010416666666666666
dmw=4771	0.011034482758620689	0.009174311926605505	0.0	0.010471204188481676	0.0	0.0	0.007407407407407408	0.0	0.0	0.0	0.0	0.01818181818181818	0.0	0.0	0.0	0.0625	0.0
dmw=4776	0.001182033096926714	0.0	0.00625	0.023474178403755867	0.010362694300518135	0.0	0.0	0.0	0.013574660633484163	0.009174311926605505	0.0	0.0	0.0	0.0125	0.0	0.0	0.14285714285714285
dmw=4777	0.09867172675521822	0.07488986784140969	0.1794871794871795	0.11764705882352941	0.036585365853658534	0.10204081632653061	0.1079136690647482	0.06349206349206349	0.072	0.08333333333333333	0.028846153846153848	0.0	0.0	0.07547169811320754	0.0	0.26666666666666666	0.0
dmw=4783	0.008674101610904586	0.01078167115902965	0.0	0.009433962264150943	0.01	0.009615384615384616	0.005988023952095809	0.008130081300813009	0.008097165991902834	0.0	0.005050505050505051	0.0	0.0	0.011363636363636364	0.1111111111111111	0.0	0.0
dmw=4785	0.010232558139534883	0.008888888888888889	0.0058309037900874635	0.014245014245014245	0.0	0.005847953216374269	0.0	0.0	0.0084985835694051	0.0	0.01951219512195122	0.0	0.0	0.030303030303030304	0.0	0.02857142857142857	0.0
dmw=4788	0.7919463087248322	0.7803030303030303	0.7294117647058823	0.8333333333333334	0.7391304347826086	0.6551724137931034	0.6907216494845361	0.75	0.7052631578947368	0.38095238095238093	0.8181818181818182	0.0	0.4	0.7096774193548387	1.0	0.0	0.7407407407407407
dmw=4789	0.01905311778290993	0.017391304347826087	0.007434944237918215	0.0	0.011450381679389313	0.028	0.014861995753715499	0.006756756756756757	0.0175054704595186	0.011363636363636364	0.010273972602739725	0.012345679012345678	0.01639344262295082	0.0055248618784530384	0.0	0.0	0.0
dmw=4806	0.0	0.0	0.0	0.0	0.0	0.0	0.0	0.0	0.0	0.0	0.025	0.0	0.0	0.0	0.0	0.0	0.0
dmw=4811	0.011505273250239693	0.010330578512396695	0.0	0.004464285714285714	0.011811023622047244	0.0	0.024752475247524754	0.010638297872340425	0.014184397163120567	0.0	0.0	0.0	0.0	0.0	0.0	0.0	0.03636363636363636
dmw=4812	0.008375209380234505	0.0	0.0	0.0	0.0	0.05	0.0	0.011627906976744186	0.003952569169960474	0.0	0.012987012987012988	0.0	0.0	0.0	0.0	0.0	0.0
dmw=4813	0.007766990291262136	0.018544935805991442	0.013651877133105802	0.0	0.0	0.0070921985815602835	0.002976190476190476	0.0	0.004291845493562232	0.037037037037037035	0.016666666666666666	0.02564102564102564	0.0	0.0	0.0	0.0	0.05263157894736842
dmw=4846	0.005780346820809248	0.0	0.0	0.0	0.0	0.0	0.0	0.0	0.0	0.0	0.0	0.0	0.0	0.0	0.0	0.0	0.0
dmw=4879	0.002320185614849188	0.014164305949008499	0.0136986301369863	0.0051813471502590676	0.008968609865470852	0.0	0.02040816326530612	0.0	0.0	0.0	0.016129032258064516	0.0	0.034482758620689655	0.020833333333333332	0.0	0.0	0.0
dmw=4885	0.3904320987654321	0.45	0.5408163265306123	0.6081081081081081	0.3858267716535433	0.6071428571428571	0.46226415094339623	0.4583333333333333	0.6074074074074074	0.532258064516129	0.25	0.5294117647058824	0.5	0.4666666666666667	0.8888888888888888	0.7692307692307693	1.0
dmw=4888	0.019553072625698324	0.014005602240896359	0.03333333333333333	0.0125	0.038910505836575876	0.032	0.03292181069958848	0.07407407407407407	0.04145077720207254	0.00847457627118644	0.030303030303030304	0.025	0.07142857142857142	0.019230769230769232	0.1111111111111111	0.05	0.0
dmw=4898	0.6923601637107776	0.6577287066246057	0.7058823529411765	0.7567567567567568	0.707936507936508	0.672566371681416	0.6344647519582245	0.6464088397790055	0.6491228070175439	0.45161290322580644	0.7385057471264368	0.8181818181818182	0.6986301369863014	0.6521739130434783	0.9230769230769231	0.5	0.6818181818181818
dmw=4902	0.0061403508771929825	0.005802707930367505	0.00823045267489712	0.004524886877828055	0.009771986970684038	0.0	0.012552301255230125	0.028985507246376812	0.00946372239747634	0.0	0.005128205128205128	0.0	0.0	0.015384615384615385	0.0	0.0	0.0
dmw=4947	0.0017761989342806395	0.004166666666666667	0.0136986301369863	0.006993006993006993	0.0056179775280898875	0.0	0.011363636363636364	0.0	0.0	0.043478260869565216	0.0	0.0	0.0	0.0	0.0	0.0	0.0
dmw=4950	0.04700272479564033	0.04707792207792208	0.16906474820143885	0.043076923076923075	0.21394230769230768	0.21025641025641026	0.1984126984126984	0.05365853658536585	0.2761394101876676	0.1487603305785124	0.07924528301886792	0.21212121212121213	0.06756756756756757	0.22535211267605634	0.16393442622950818	0.09302325581395349	0.1951219512195122
dmw=4951	0.03205791106514995	0.045576407506702415	0.1188118811881188	0.05511811023622047	0.11363636363636363	0.16216216216216217	0.17222222222222222	0.046511627906976744	0.12149532710280374	0.17567567567567569	0.058394160583941604	0.0	0.17857142857142858	0.02666666666666667	0.17391304347826086	0.0	0.0
dmw=4952	0.3872549019607843	0.3763440860215054	0.23880597014925373	0.39730639730639733	0.21339950372208435	0.2077922077922078	0.3211009174311927	0.45132743362831856	0.26595744680851063	0.3961038961038961	0.3407821229050279	0.3541666666666667	0.1746031746031746	0.05426356589147287	0.2857142857142857	0.0	0.2727272727272727
dmw=4953	0.30393996247654786	0.30271084337349397	0.2679245283018868	0.34349030470914127	0.15060240963855423	0.2962962962962963	0.1258741258741259	0.1623931623931624	0.16708229426433915	0.3050847457627119	0.2867383512544803	0.14285714285714285	0.19148936170212766	0.10344827586206896	0.2727272727272727	0.3829787234042553	0.21212121212121213
dmw=4958	0.007345225603357817	0.004914004914004914	0.008547008547008548	0.0	0.00784313725490196	0.0	0.0	0.0	0.0	0.0	0.0	0.0	0.0	0.03076923076923077	0.2222222222222222	0.125	0.02631578947368421
dmw=4963	0.2593688362919132	0.2624254473161034	0.2883895131086142	0.25	0.13875598086124402	0.44881889763779526	0.3118279569892473	0.2222222222222222	0.2191780821917808	0.35537190082644626	0.24836601307189543	0.3076923076923077	0.3170731707317073	0.22448979591836735	0.8571428571428571	0.21739130434782608	0.15217391304347827
dmw=4964	0.14465937762825903	0.07886435331230283	0.1132596685082873	0.0962962962962963	0.03273809523809524	0.1702127659574468	0.08076923076923077	0.031007751937984496	0.03802281368821293	0.0390625	0.14146341463414633	0.05	0.05	0.05813953488372093	0.05263157894736842	0.0	0.4
dmw=5038	0.009473684210526316	0.00816326530612245	0.0038910505836575876	0.0049504950495049506	0.009771986970684038	0.0	0.0	0.0	0.005934718100890208	0.0	0.024390243902439025	0.0	0.0	0.009615384615384616	0.0	0.0	0.0
dmw=5076	0.14798206278026907	0.16	0.0392156862745098	0.16279069767441862	0.136986301369863	0.06060606060606061	0.11764705882352941	0.13157894736842105	0.21518987341772153	0.05263157894736842	0.20689655172413793	0.16666666666666666	0.0	0.1	0.0	0.0	0.2
dmw=5084	0.006493506493506494	0.007653061224489796	0.05	0.0	0.0	0.02857142857142857	0.006329113924050633	0.0	0.0031746031746031746	0.0	0.0	0.06666666666666667	0.0	0.0	0.0	0.0	0.06896551724137931
dmw=5122	0.0	0.017857142857142856	0.0	0.0	0.018867924528301886	0.0	0.0	0.0	0.0	0.0	0.023255813953488372	0.0	0.0	0.06666666666666667	0.0	0.0	0.0
dmw=5146	0.7617328519855595	0.7350427350427351	0.7037037037037037	0.8448275862068966	0.7752808988764045	0.7142857142857143	0.6461538461538462	0.625	0.8169014084507042	0.25	0.7692307692307693	0.6	1.0	0.375	1.0	0.75	1.0
dmw=5147	0.01675977653631285	0.013333333333333334	0.0	0.0	0.0	0.043478260869565216	0.0	0.0	0.0	0.0	0.0	0.0	0.0	0.0	0.0	0.0	0.0
dmw=5150	0.010199918400652794	0.017526777020447908	0.015408320493066256	0.018480492813141684	0.03768506056527591	0.05263157894736842	0.03338391502276176	0.003937007874015748	0.03723404255319149	0.0	0.011904761904761904	0.00625	0.07317073170731707	0.022598870056497175	0.0	0.0	0.03773584905660377
dmw=5154	0.0	0.02702702702702703	0.0	0.0	0.0	0.0	0.06451612903225806	0.0	0.0	0.0	0.0	0.0	0.0	0.0	0.0	0.0	0.0
dmw=5164	0.40988372093023256	0.2235294117647059	0.5	0.4142857142857143	0.5	0.4318181818181818	0.5757575757575758	0.4523809523809524	0.3956043956043956	0.08695652173913043	0.3050847457627119	0.5	0.6666666666666666	0.4	0.6	0.1	0.375
dmw=5197	0.1154320987654321	0.12935323383084577	0.02572347266881029	0.0915032679738562	0.10319410319410319	0.096	0.07004830917874397	0.04712041884816754	0.15473441108545036	0.10294117647058823	0.11976047904191617	0.05660377358490566	0.14814814814814814	0.07194244604316546	0.06666666666666667	0.0	0.058823529411764705
dmw=5198	0.2027491408934708	0.21490467937608318	0.09287925696594428	0.242914979757085	0.3333333333333333	0.3364485981308411	0.2796610169491525	0.17365269461077845	0.31277533039647576	0.18811881188118812	0.3170731707317073	0.05555555555555555	0.10869565217391304	0.1891891891891892	0.26666666666666666	0.1	0.25806451612903225
dmw=5259	0.11343283582089553	0.08544303797468354	0.10752688172043011	0.0893854748603352	0.04980842911877394	0.1076923076923077	0.03896103896103896	0.09278350515463918	0.03864734299516908	0.04225352112676056	0.09941520467836257	0.05	0.04081632653061224	0.0	0.08333333333333333	0.0	0.0
dmw=5291	0.20756880733944955	0.2	0.16766467065868262	0.21777777777777776	0.22826086956521738	0.22580645161290322	0.1953125	0.15384615384615385	0.30333333333333334	0.06818181818181818	0.2222222222222222	0.21621621621621623	0.3055555555555556	0.18867924528301888	0.0	0.07692307692307693	0.13333333333333333
dmw=5324	0.011299435028248588	0.0035460992907801418	0.0	0.022222222222222223	0.010638297872340425	0.0	0.0072992700729927005	0.0	0.0045871559633027525	0.0	0.0	0.0	0.0	0.0	0.0	0.0	0.0
dmw=5345	0.008849557522123894	0.002717391304347826	0.0	0.006535947712418301	0.0	0.014814814814814815	0.005747126436781609	0.021739130434782608	0.0	0.011627906976744186	0.0	0.0	0.0	0.0	0.0	0.0	0.0
dmw=5350	0.001303780964797914	0.0	0.04294478527607362	0.0125	0.009708737864077669	0.014285714285714285	0.007352941176470588	0.00909090909090909	0.0	0.0	0.0	0.0	0.0	0.0	0.0	0.043478260869565216	0.0
dmw=5361	0.007547169811320755	0.004464285714285714	0.014598540145985401	0.0	0.004784688995215311	0.0	0.0	0.0	0.008849557522123894	0.0	0.0078125	0.0	0.0	0.0	0.0	0.0	0.0
dmw=5380	0.2280982905982906	0.24526515151515152	0.22926829268292684	0.265748031496063	0.22189781021897811	0.2546916890080429	0.3054003724394786	0.26058631921824105	0.2339688041594454	0.20481927710843373	0.24444444444444444	0.23770491803278687	0.2077922077922078	0.26618705035971224	0.13333333333333333	0.2782608695652174	0.16923076923076924
dmw=5420	0.0018099547511312218	0.014778325123152709	0.019704433497536946	0.004830917874396135	0.013953488372093023	0.0	0.0038910505836575876	0.0	0.0182648401826484	0.0	0.0	0.0	0.0	0.0	0.0	0.0	0.0
dmw=5448	0.0033783783783783786	0.007352941176470588	0.0	0.0	0.0	0.0	0.0	0.0	0.0	0.0	0.0	0.0625	0.0	0.125	0.0	0.0	0.0
dmw=5452	0.055020632737276476	0.06289308176100629	0.12643678160919541	0.06091370558375635	0.0	0.21686746987951808	0.0	0.030927835051546393	0.022026431718061675	0.31666666666666665	0.10576923076923077	0.21428571428571427	0.0625	0.017241379310344827	0.0	0.22727272727272727	0.25
dmw=5467	0.002328288707799767	0.0049382716049382715	0.00423728813559322	0.012987012987012988	0.005649717514124294	0.007042253521126761	0.011494252873563218	0.0	0.00823045267489712	0.0	0.016042780748663103	0.02702702702702703	0.0	0.0	0.0	0.0	0.0
dmw=5477	0.0199203187250996	0.0064516129032258064	0.0	0.0	0.0	0.0	0.0	0.0	0.0	0.0	0.0	0.0	0.0	0.0	0.0	0.0	0.0
dmw=5487	0.007136485280999108	0.008450704225352112	0.0	0.010810810810810811	0.012048192771084338	0.005847953216374269	0.021739130434782608	0.0	0.0035587188612099642	0.008849557522123894	0.0	0.0	0.0	0.0	0.0	0.0	0.0
dmw=5489	0.42462039045553146	0.41405269761606023	0.43543543543543545	0.43380281690140843	0.34521158129175944	0.32	0.15926892950391644	0.4861111111111111	0.21839080459770116	0.38125	0.359375	0.2631578947368421	0.19607843137254902	0.21341463414634146	0.5	0.4117647058823529	0.5
dmw=5522	0.0033333333333333335	0.0	0.0	0.0	0.0	0.0	0.0	0.07692307692307693	0.0	0.0	0.01639344262295082	0.0	0.0	0.0	0.0	0.0	0.0
dmw=5547	0.1326644370122631	0.14363636363636365	0.20833333333333334	0.22072072072072071	0.09349593495934959	0.1826086956521739	0.028708133971291867	0.10833333333333334	0.03137254901960784	0.10344827586206896	0.16176470588235295	0.3333333333333333	0.10344827586206896	0.028037383177570093	0.2413793103448276	0.7	0.3076923076923077
dmw=5562	0.1398354876615746	0.10029498525073746	0.16040955631399317	0.10240963855421686	0.11235955056179775	0.34328358208955223	0.14705882352941177	0.1919191919191919	0.11267605633802817	0.11538461538461539	0.14705882352941177	0.2903225806451613	0.06666666666666667	0.0989010989010989	0.5	0.4	0.18181818181818182
dmw=5639	0.24164133738601823	0.3174872665534805	0.2838427947598253	0.38	0.25196850393700787	0.2303370786516854	0.2673992673992674	0.34532374100719426	0.2620689655172414	0.2903225806451613	0.26066350710900477	0.21333333333333335	0.21621621621621623	0.24242424242424243	0.0	0.3	0.13636363636363635
dmw=5699	0.03714573201408687	0.04584318719301437	0.047619047619047616	0.03636363636363636	0.04869933454325469	0.03922872340425532	0.0552364118426867	0.03164556962025317	0.06064356435643564	0.031746031746031744	0.050024050024050026	0.019402985074626865	0.043478260869565216	0.06964656964656965	0.1152073732718894	0.041666666666666664	0.011811023622047244
dmw=5700	0.19717226122920073	0.1961023142509135	0.21709332795807296	0.18708971553610504	0.1822780067440989	0.19244391971664698	0.20276833414278775	0.21880819366852886	0.201048296518158	0.18461538461538463	0.21774931381518756	0.23756906077348067	0.2140077821011673	0.23541383989145184	0.11990407673860912	0.17567567567567569	0.1416184971098266
dmw=5701	0.27651069833059017	0.2548596112311015	0.24826789838337182	0.2677777777777778	0.26858616244091105	0.31474480151228734	0.2626318711826763	0.30154946364719903	0.2921686746987952	0.22794117647058823	0.24111498257839722	0.2616822429906542	0.15083798882681565	0.2854889589905363	0.3473053892215569	0.3669064748201439	0.31153846153846154
dmw=5702	0.38023101685286875	0.4218362282878412	0.42023346303501946	0.4033970276008493	0.3958171959721146	0.32917705735660846	0.4239766081871345	0.3916849015317287	0.3871753246753247	0.35807860262008734	0.4	0.4094488188976378	0.17391304347826086	0.3963210702341137	0.696969696969697	0.30952380952380953	0.524390243902439
dmw=5703	0.18537566324485538	0.18347171901583192	0.2028265708887517	0.1791970581698422	0.20692341847976342	0.19287526153048565	0.20745387214838648	0.19796536172491197	0.21262315649099411	0.17099932930918846	0.18268804938602967	0.18163306862146203	0.20052753474009263	0.22281009329409554	0.19081056327278278	0.1896513680494263	0.14164529492996647
dmw=5704	0.33060921248142644	0.3519607843137255	0.3399715504978663	0.29213483146067415	0.36033519553072624	0.3563636363636364	0.33774834437086093	0.3144208037825059	0.3340358271865121	0.33658536585365856	0.33797909407665505	0.1590909090909091	0.5142857142857142	0.2792207792207792	0.23076923076923078	0.29850746268656714	0.13636363636363635
dmw=5705	0.3474791439970983	0.26716294458229944	0.34024179620034545	0.30132450331125826	0.2846715328467153	0.39194139194139194	0.27601809954751133	0.33766233766233766	0.3424460431654676	0.27756653992395436	0.2975391498881432	0.19047619047619047	0.24742268041237114	0.3706896551724138	0.22916666666666666	0.41228070175438597	0.2033898305084746
dmw=5706	0.2810905612244898	0.22783761391880697	0.2580037664783427	0.2465277777777778	0.308562197092084	0.28330995792426367	0.2530730296456978	0.21964529331514324	0.31575682382133996	0.22388059701492538	0.28267182962245885	0.12315270935960591	0.31976744186046513	0.24031007751937986	0.13580246913580246	0.34782608695652173	0.11518324607329843
dmw=5707	0.09429928741092637	0.0858257477243173	0.08059023836549375	0.07906458797327394	0.0851063829787234	0.08798283261802575	0.09205020920502092	0.0763888888888889	0.11182401466544455	0.11029411764705882	0.0975609756097561	0.1	0.040268456375838924	0.043478260869565216	0.3333333333333333	0.13043478260869565	0.057692307692307696
dmw=5708	0.17209507042253522	0.13359273670557717	0.1836734693877551	0.1044776119402985	0.08561020036429873	0.08888888888888889	0.16831683168316833	0.14171122994652408	0.16135458167330677	0.10256410256410256	0.12188365650969529	0.14705882352941177	0.1368421052631579	0.23783783783783785	0.0	0.13793103448275862	0.0
dmw=5709	0.014401123990165085	0.006329113924050633	0.03345724907063197	0.005847953216374269	0.023605150214592276	0.01592356687898089	0.01775147928994083	0.0374331550802139	0.018820577164366373	0.012048192771084338	0.01854974704890388	0.017391304347826087	0.039603960396039604	0.01282051282051282	0.0	0.046875	0.016129032258064516
dmw=5710	0.34000755572346053	0.3833211411850768	0.3893805309734513	0.4071294559099437	0.34950071326676174	0.36486486486486486	0.40789473684210525	0.4143835616438356	0.35892514395393477	0.3333333333333333	0.35208711433756806	0.41975308641975306	0.39285714285714285	0.4204081632653061	0.43478260869565216	0.5454545454545454	0.38
dmw=5711	0.4589515331355094	0.4217432052483599	0.49230769230769234	0.4702842377260982	0.48342541436464087	0.397196261682243	0.44144144144144143	0.453781512605042	0.4608294930875576	0.4083769633507853	0.42	0.47619047619047616	0.4634146341463415	0.5413533834586466	0.4375	0.5714285714285714	0.37777777777777777
dmw=5712	0.11925925925925926	0.08320950965824665	0.1717557251908397	0.07612456747404844	0.11422845691382766	0.11333333333333333	0.15384615384615385	0.10407239819004525	0.11558669001751314	0.044444444444444446	0.09872611464968153	0.09090909090909091	0.19047619047619047	0.1349206349206349	0.0	0.12	0.13043478260869565
dmw=5713	0.5471698113207547	0.5107142857142857	0.5753424657534246	0.5778894472361809	0.5126050420168067	0.6103896103896104	0.6019900497512438	0.5679012345679012	0.5864197530864198	0.2708333333333333	0.5591397849462365	0.40425531914893614	0.6451612903225806	0.5714285714285714	0.5769230769230769	0.6956521739130435	0.45454545454545453
dmw=5737	0.8832997987927566	0.8803088803088803	0.9038461538461539	0.8943089430894309	0.7476635514018691	0.8363636363636363	0.7704918032786885	0.8709677419354839	0.7816091954022989	0.92	0.6666666666666666	0.7333333333333333	0.8125	0.6818181818181818	0.0	1.0	0.0
dmw=5751	0.07469717362045761	0.04725609756097561	0.10064935064935066	0.07911392405063292	0.10950413223140495	0.1032258064516129	0.06772908366533864	0.07111111111111111	0.11086474501108648	0.018867924528301886	0.11728395061728394	0.1509433962264151	0.07142857142857142	0.03614457831325301	0.06896551724137931	0.0	0.0
dmw=5756	0.16589861751152074	0.10362694300518134	0.0821917808219178	0.17293233082706766	0.13286713286713286	0.09090909090909091	0.08139534883720931	0.15	0.12096774193548387	0.0	0.1076923076923077	0.0	0.15384615384615385	0.1836734693877551	0.0	0.08333333333333333	0.0
dmw=5757	0.483695652173913	0.5026737967914439	0.5802469135802469	0.5955056179775281	0.3728813559322034	0.5098039215686274	0.3	0.5	0.28703703703703703	0.375	0.4727272727272727	0.5555555555555556	0.4090909090909091	0.17647058823529413	0.6	0.5	0.7586206896551724
dmw=5778	0.47715736040609136	0.4533333333333333	0.75	0.5454545454545454	0.82	0.8571428571428571	0.8113207547169812	0.5789473684210527	0.8285714285714286	0.4878048780487805	0.4	1.0	1.0	0.8333333333333334	0.0	0.75	0.8
dmw=5788	0.7210144927536232	0.6772151898734177	0.18666666666666668	0.8113207547169812	0.5813953488372093	0.765625	0.627906976744186	0.5952380952380952	0.8470588235294118	0.12903225806451613	0.7640449438202247	0.0	0.7142857142857143	0.3333333333333333	0.9	0.6666666666666666	0.5
dmw=5871	0.04429530201342282	0.058091286307053944	0.11904761904761904	0.05194805194805195	0.044585987261146494	0.0945945945945946	0.1037037037037037	0.014925373134328358	0.0975609756097561	0.047619047619047616	0.03333333333333333	0.018518518518518517	0.09090909090909091	0.1	0.0	0.05	0.19047619047619047
dmw=5890	0.0111731843575419	0.003076923076923077	0.0045871559633027525	0.006060606060606061	0.0040650406504065045	0.0	0.0	0.0	0.0	0.0	0.0	0.0	0.0	0.0	0.0	0.0	0.0
dmw=5891	0.0673076923076923	0.01948051948051948	0.06896551724137931	0.014705882352941176	0.046875	0.03125	0.046511627906976744	0.037037037037037035	0.016129032258064516	0.05555555555555555	0.03389830508474576	0.0	0.14814814814814814	0.05555555555555555	0.0	0.0	0.0
dmw=5892	0.41379310344827586	0.34177215189873417	0.39690721649484534	0.42857142857142855	0.29245283018867924	0.5048543689320388	0.17959183673469387	0.5039370078740157	0.27631578947368424	0.32038834951456313	0.3386243386243386	0.35714285714285715	0.42105263157894735	0.21153846153846154	0.6	0.5789473684210527	0.42105263157894735
dmw=5897	0.004651162790697674	0.0035026269702276708	0.009287925696594427	0.0023923444976076554	0.0022371364653243847	0.0	0.0	0.0	0.0	0.0	0.0029411764705882353	0.0	0.0	0.018691588785046728	0.0	0.0	0.0
dmw=5898	0.014598540145985401	0.006134969325153374	0.0	0.016666666666666666	0.0055248618784530384	0.0125	0.0070921985815602835	0.010638297872340425	0.038461538461538464	0.0	0.01652892561983471	0.0	0.0	0.0	0.0	0.0	0.0
dmw=5905	0.006486486486486486	0.0022222222222222222	0.014545454545454545	0.0	0.0	0.0	0.0055248618784530384	0.0	0.011450381679389313	0.0	0.019417475728155338	0.05555555555555555	0.0	0.0	0.0	0.0	0.0
dmw=5906	0.7368421052631579	0.7669491525423728	0.8173076923076923	0.753968253968254	0.7954545454545454	0.7708333333333334	0.7094594594594594	0.8113207547169812	0.7605633802816901	0.7333333333333333	0.7471264367816092	0.84	0.8518518518518519	0.6829268292682927	1.0	1.0	0.9333333333333333
dmw=5907	0.011450381679389313	0.0038910505836575876	0.0	0.0	0.01	0.0	0.008064516129032258	0.0	0.031496062992125984	0.0	0.0	0.0	0.0	0.0	0.0	0.0	0.0
dmw=5914	0.006550218340611353	0.009652509652509652	0.010526315789473684	0.0	0.0	0.0	0.0	0.0	0.0	0.0	0.0	0.0	0.07692307692307693	0.0	0.0	0.0	0.0
dmw=5916	0.08142493638676845	0.05813953488372093	0.06	0.24761904761904763	0.033707865168539325	0.14814814814814814	0.09565217391304348	0.0	0.06837606837606838	0.13043478260869565	0.01694915254237288	0.0	0.125	0.06451612903225806	0.2	0.0	0.08333333333333333
dmw=5917	0.0058823529411764705	0.02027027027027027	0.0	0.0	0.0	0.0625	0.0	0.08333333333333333	0.014705882352941176	0.0	0.0	0.0	0.0	0.0	0.0	0.0	0.0
dmw=5918	0.01003584229390681	0.005925925925925926	0.0211864406779661	0.0024630541871921183	0.0	0.0	0.0060790273556231	0.005050505050505051	0.004329004329004329	0.0	0.013513513513513514	0.0	0.0	0.0	0.0	0.0	0.0
dmw=5919	0.006172839506172839	0.010822510822510822	0.0	0.0	0.0066815144766146995	0.008	0.0	0.0	0.0030303030303030303	0.0	0.00904977375565611	0.0	0.041666666666666664	0.0	0.0	0.08333333333333333	0.0
dmw=5926	0.09371884346959122	0.08430913348946135	0.08695652173913043	0.05952380952380952	0.07482993197278912	0.11242603550295859	0.09174311926605505	0.12727272727272726	0.11235955056179775	0.10810810810810811	0.049689440993788817	0.05084745762711865	0.16216216216216217	0.05970149253731343	0.0	0.0	0.0
dmw=5934	0.0039392234102419805	0.006009615384615385	0.006944444444444444	0.0026954177897574125	0.012216404886561954	0.0	0.0026109660574412533	0.003787878787878788	0.00851063829787234	0.013100436681222707	0.0040650406504065045	0.0	0.0	0.03125	0.0	0.0	0.0
dmw=5940	0.4749075541468568	0.636919315403423	0.7277486910994765	0.6976047904191617	0.4925619834710744	0.6625386996904025	0.5822784810126582	0.4835164835164835	0.5273109243697479	0.6623376623376623	0.3917525773195876	0.8557692307692307	0.41379310344827586	0.4825174825174825	0.5365853658536586	0.967741935483871	0.6744186046511628
dmw=5941	0.15450643776824036	0.15	0.17307692307692307	0.203125	0.11267605633802817	0.06896551724137931	0.2619047619047619	0.08163265306122448	0.1282051282051282	0.16666666666666666	0.046153846153846156	0.17647058823529413	0.0	0.13636363636363635	0.0	0.0	0.2
dmw=5952	0.00466321243523316	0.005141388174807198	0.0038910505836575876	0.0	0.00946969696969697	0.006369426751592357	0.002109704641350211	0.0	0.006122448979591836	0.0	0.014652014652014652	0.0	0.0	0.0045871559633027525	0.0	0.0	0.0
dmw=5955	0.11570247933884298	0.06770833333333333	0.13157894736842105	0.12755102040816327	0.12949640287769784	0.14285714285714285	0.2557077625570776	0.11409395973154363	0.18487394957983194	0.0425531914893617	0.08196721311475409	0.13333333333333333	0.42857142857142855	0.15217391304347827	0.25	0.35714285714285715	0.16666666666666666
dmw=5962	0.8860759493670886	0.8726114649681529	0.8070175438596491	0.9666666666666667	0.732484076433121	0.8695652173913043	0.7051282051282052	0.9	0.7333333333333333	0.8461538461538461	0.8727272727272727	1.0	0.6	0.7916666666666666	0.0	0.8	0.6923076923076923
dmw=5963	0.8510028653295129	0.8170731707317073	0.927536231884058	0.9452054794520548	0.6619718309859155	0.8181818181818182	0.6285714285714286	0.8333333333333334	0.6260162601626016	0.6944444444444444	0.6296296296296297	0.9333333333333333	0.0	0.8260869565217391	0.8666666666666667	1.0	0.8888888888888888
dmw=5970	0.005917159763313609	0.006042296072507553	0.006711409395973154	0.0	0.024390243902439025	0.010471204188481676	0.0	0.004807692307692308	0.008108108108108109	0.013245033112582781	0.008403361344537815	0.0	0.0	0.00966183574879227	0.014084507042253521	0.0	0.0
dmw=5982	0.2838427947598253	0.3288364249578415	0.2671009771986971	0.29343629343629346	0.32616487455197135	0.12837837837837837	0.36147757255936674	0.4888888888888889	0.25862068965517243	0.24817518248175183	0.3333333333333333	0.48	0.0	0.16831683168316833	0.0	0.631578947368421	0.34210526315789475
dmw=5986	0.013333333333333334	0.011848341232227487	0.0	0.013953488372093023	0.0034965034965034965	0.0064516129032258064	0.005208333333333333	0.0	0.006521739130434782	0.0	0.0	0.0	0.0	0.0	0.0	0.0	0.0
dmw=5987	0.6972176759410802	0.6264090177133655	0.46099290780141844	0.7375	0.6201298701298701	0.7916666666666666	0.693950177935943	0.6810344827586207	0.7391304347826086	0.5350877192982456	0.6821192052980133	0.6923076923076923	0.8620689655172413	0.7570621468926554	1.0	0.9090909090909091	0.5769230769230769
dmw=5991	0.0054446460980036296	0.0035971223021582736	0.0033222591362126247	0.0	0.01098901098901099	0.004761904761904762	0.024	0.0	0.0037313432835820895	0.012195121951219513	0.007352941176470588	0.0	0.0	0.0	0.0	0.0	0.029411764705882353
dmw=5998	0.0057283142389525366	0.00676818950930626	0.008771929824561403	0.012711864406779662	0.006825938566552901	0.010638297872340425	0.0	0.0	0.0	0.045454545454545456	0.0	0.03076923076923077	0.0	0.0	0.0	0.0	0.0
dmw=6001	0.5688916105327618	0.5748847926267281	0.6438848920863309	0.5930851063829787	0.6566820276497696	0.680672268907563	0.5972602739726027	0.6515837104072398	0.629976580796253	0.5	0.5738161559888579	0.4393939393939394	0.6666666666666666	0.5151515151515151	0.4444444444444444	0.7	0.5757575757575758
dmw=6003	0.08345940494200706	0.06610337972166998	0.14967462039045554	0.09975961538461539	0.10935023771790808	0.11331444759206799	0.13365155131264916	0.1298342541436464	0.1256788207913111	0.10943396226415095	0.05860805860805861	0.13333333333333333	0.023255813953488372	0.09235668789808917	0.15	0.04918032786885246	0.2839506172839506
dmw=6004	0.3688118811881188	0.3935483870967742	0.725925925925926	0.6041666666666666	0.7277777777777777	0.8041237113402062	0.704	0.3956043956043956	0.6764705882352942	0.16	0.25274725274725274	0.5652173913043478	0.2727272727272727	0.47058823529411764	0.0	0.0	0.0
dmw=6005	0.3934169278996865	0.3827751196172249	0.464	0.48214285714285715	0.47368421052631576	0.7241379310344828	0.5697674418604651	0.3277310924369748	0.6020408163265306	0.3953488372093023	0.4727272727272727	0.7222222222222222	0.375	0.21875	0.625	0.9090909090909091	0.6666666666666666
dmw=6010	0.8142548596112311	0.7567567567567568	0.9051724137931034	0.7758620689655172	0.7700534759358288	0.8709677419354839	0.8584070796460177	0.8805970149253731	0.8662420382165605	0.8888888888888888	0.7717391304347826	0.8333333333333334	0.68	0.875	0.5	0.8333333333333334	0.7777777777777778
dmw=6027	0.008086253369272238	0.0	0.0	0.03125	0.0	0.0	0.0	0.0	0.008771929824561403	0.038461538461538464	0.03636363636363636	0.0	0.0	0.0	0.0	0.0	0.0
dmw=6031	0.008012820512820512	0.011001100110011002	0.0025252525252525255	0.012618296529968454	0.01015228426395939	0.0	0.011111111111111112	0.0	0.012024048096192385	0.0	0.0028169014084507044	0.02040816326530612	0.02857142857142857	0.0	0.025	0.0641025641025641	0.2
dmw=6032	0.002642007926023778	0.0049504950495049506	0.0091324200913242	0.010526315789473684	0.009316770186335404	0.012345679012345678	0.0	0.008620689655172414	0.0	0.037037037037037035	0.005076142131979695	0.0	0.0	0.0	0.0	0.041666666666666664	0.0
dmw=6033	0.00186219739292365	0.0055248618784530384	0.0	0.0	0.0	0.0273972602739726	0.0	0.0	0.0	0.01694915254237288	0.0	0.0	0.0	0.0	0.0	0.0	0.0
dmw=6039	0.03336113427856547	0.028933092224231464	0.034782608695652174	0.0440251572327044	0.012195121951219513	0.020833333333333332	0.021660649819494584	0.05263157894736842	0.01881720430107527	0.05102040816326531	0.05102040816326531	0.07692307692307693	0.05084745762711865	0.01694915254237288	0.0	0.0	0.044444444444444446
dmw=6041	0.011454753722794959	0.021220159151193633	0.019736842105263157	0.006493506493506494	0.00966183574879227	0.008928571428571428	0.011049723756906077	0.0	0.005208333333333333	0.09615384615384616	0.024390243902439025	0.0	0.1	0.021505376344086023	0.0	0.0	0.0
dmw=6044	0.002803083391730904	0.0	0.0	0.0	0.0	0.018404907975460124	0.004166666666666667	0.011363636363636364	0.011673151750972763	0.0	0.0045871559633027525	0.0	0.0	0.0	0.0	0.0	0.011904761904761904
dmw=6045	0.10710710710710711	0.09320388349514563	0.1778846153846154	0.07179487179487179	0.20816326530612245	0.12048192771084337	0.03418803418803419	0.03571428571428571	0.11790393013100436	0.05217391304347826	0.08417508417508418	0.3181818181818182	0.08333333333333333	0.045454545454545456	0.0	0.0	0.3333333333333333
dmw=6056	0.061068702290076333	0.04728950403690888	0.06321839080459771	0.0985576923076923	0.08057851239669421	0.1446280991735537	0.09360730593607305	0.12849162011173185	0.1480865224625624	0.16666666666666666	0.11188811188811189	0.1511627906976744	0.06896551724137931	0.02197802197802198	0.0	0.11904761904761904	0.0
dmw=6057	0.008849557522123894	0.013513513513513514	0.017241379310344827	0.0	0.019801980198019802	0.0	0.0	0.046511627906976744	0.0	0.0	0.014492753623188406	0.0	0.0	0.0	0.0	0.0	0.0
dmw=6061	0.010356731875719217	0.003472222222222222	0.015789473684210527	0.013157894736842105	0.008733624454148471	0.0	0.006756756756756757	0.0	0.0	0.0	0.005813953488372093	0.0	0.0	0.0	0.0	0.0	0.0
dmw=6069	0.017521902377972465	0.012658227848101266	0.0	0.00684931506849315	0.08108108108108109	0.22807017543859648	0.08843537414965986	0.00980392156862745	0.1099476439790576	0.0	0.0	0.0	0.0	0.03529411764705882	0.2857142857142857	0.2857142857142857	0.0
dmw=6070	0.05187319884726225	0.028368794326241134	0.07729468599033816	0.03636363636363636	0.035175879396984924	0.04395604395604396	0.031746031746031744	0.014925373134328358	0.01984126984126984	0.03571428571428571	0.05853658536585366	0.0196078431372549	0.02857142857142857	0.03571428571428571	0.125	0.12	0.02631578947368421
dmw=6074	0.12954545454545455	0.10977337110481586	0.375	0.2222222222222222	0.46772366930917325	0.39465875370919884	0.4580745341614907	0.10555555555555556	0.44649446494464945	0.40816326530612246	0.09433962264150944	0.37606837606837606	0.2835820895522388	0.36042402826855124	0.723404255319149	0.5434782608695652	0.49645390070921985
dmw=6082	0.4994652406417112	0.4547677261613692	0.5088495575221239	0.5060827250608273	0.47368421052631576	0.5299145299145299	0.46380697050938335	0.39779005524861877	0.4927302100161551	0.43902439024390244	0.5190839694656488	0.46808510638297873	0.45	0.45112781954887216	0.45454545454545453	0.36538461538461536	0.3333333333333333
dmw=6083	0.18962848297213622	0.19320214669051877	0.2605042016806723	0.2047872340425532	0.22916666666666666	0.29797979797979796	0.16568047337278108	0.21212121212121213	0.17980295566502463	0.23214285714285715	0.14332247557003258	0.203125	0.16326530612244897	0.3275862068965517	0.23636363636363636	0.06976744186046512	0.14634146341463414
dmw=6084	0.3277571251548947	0.31155015197568386	0.4554794520547945	0.4036363636363636	0.3431578947368421	0.2922077922077922	0.27802690582959644	0.3224043715846995	0.3145833333333333	0.3458646616541353	0.3235294117647059	0.2571428571428571	0.323943661971831	0.3630573248407643	0.4	0.3939393939393939	0.48484848484848486
dmw=6085	0.01386001386001386	0.006359300476947536	0.012594458438287154	0.0064516129032258064	0.0081799591002045	0.0	0.01201923076923077	0.014814814814814815	0.0041753653444676405	0.012048192771084338	0.0036900369003690036	0.02666666666666667	0.0	0.0	0.0	0.0	0.0
dmw=6086	0.1885	0.20725995316159251	0.23229461756373937	0.20891364902506965	0.17173524150268335	0.21171171171171171	0.23875432525951557	0.17712177121771217	0.22076023391812866	0.19170984455958548	0.22704081632653061	0.11392405063291139	0.16470588235294117	0.19393939393939394	0.14705882352941177	0.20634920634920634	0.2
dmw=6093	0.24266936299292213	0.22775119617224882	0.2811918063314711	0.29283489096573206	0.26958105646630237	0.32222222222222224	0.24301075268817204	0.22274881516587677	0.24444444444444444	0.2967032967032967	0.22188449848024316	0.4	0.15730337078651685	0.23660714285714285	0.8571428571428571	0.5178571428571429	0.3387096774193548
dmw=6094	0.1193058568329718	0.10943396226415095	0.0871559633027523	0.14906832298136646	0.15789473684210525	0.1511627906976744	0.1206896551724138	0.1981981981981982	0.14225941422594143	0.11363636363636363	0.10638297872340426	0.17777777777777778	0.12903225806451613	0.1414141414141414	0.16666666666666666	0.0	0.041666666666666664
dmw=6095	0.02501954652071931	0.008741258741258742	0.049586776859504134	0.014084507042253521	0.03414634146341464	0.017142857142857144	0.020134228187919462	0.015384615384615385	0.008310249307479225	0.0	0.03125	0.025	0.0	0.05405405405405406	0.0	0.0	0.0
dmw=6096	0.31097560975609756	0.3060773480662983	0.31654676258992803	0.31125827814569534	0.2732673267326733	0.3046875	0.2735562310030395	0.3404255319148936	0.3125	0.3125	0.31446540880503143	0.35294117647058826	0.30434782608695654	0.24778761061946902	0.3225806451612903	0.358974358974359	0.18032786885245902
dmw=6097	0.4075286415711948	0.3729071537290715	0.4521452145214521	0.46613545816733065	0.4695121951219512	0.3157894736842105	0.3686635944700461	0.4175824175824176	0.3702770780856423	0.3888888888888889	0.4381443298969072	0.19230769230769232	0.25925925925925924	0.3829787234042553	0.5454545454545454	0.6206896551724138	0.3225806451612903
dmw=6098	0.00547112462006079	0.0041265474552957355	0.002849002849002849	0.0037174721189591076	0.014344262295081968	0.013333333333333334	0.003194888178913738	0.009345794392523364	0.0022026431718061676	0.0	0.00823045267489712	0.0	0.0	0.0	0.0	0.0	0.00980392156862745
dmw=6099	0.028484231943031537	0.01634877384196185	0.023166023166023165	0.016216216216216217	0.02197802197802198	0.007874015748031496	0.028708133971291867	0.031496062992125984	0.039473684210526314	0.04	0.013513513513513514	0.029411764705882353	0.08	0.0641025641025641	0.0	0.08333333333333333	0.02631578947368421
dmw=6101	0.09969088098918083	0.09556313993174062	0.15	0.12446351931330472	0.0949367088607595	0.09554140127388536	0.08486238532110092	0.1375	0.09871244635193133	0.044642857142857144	0.06866952789699571	0.04054054054054054	0.09090909090909091	0.07407407407407407	0.05555555555555555	0.11538461538461539	0.21052631578947367
dmw=6102	0.6067415730337079	0.5945945945945946	0.577922077922078	0.5510204081632653	0.6845637583892618	0.4444444444444444	0.6293103448275862	0.6176470588235294	0.6060606060606061	0.660377358490566	0.4666666666666667	0.6	0.0	0.55	0.8	0.6363636363636364	0.0
dmw=6104	0.006591337099811676	0.007425742574257425	0.0	0.0	0.0	0.0	0.012875536480686695	0.0	0.020833333333333332	0.0	0.004784688995215311	0.0	0.0	0.0	0.0	0.11764705882352941	0.05714285714285714
dmw=6106	0.004552352048558422	0.006493506493506494	0.007575757575757576	0.0	0.0	0.0	0.0	0.0	0.005128205128205128	0.0	0.0	0.0	0.0	0.014084507042253521	0.0	0.0	0.0
dmw=6107	0.8904823989569752	0.8312958435207825	0.9044943820224719	0.8787878787878788	0.8734177215189873	0.8373983739837398	0.8955223880597015	0.8712871287128713	0.8682432432432432	0.6585365853658537	0.8181818181818182	0.92	1.0	0.9193548387096774	0.0	0.5	0.7674418604651163
dmw=6108	0.30558375634517765	0.3190348525469169	0.2828282828282828	0.36231884057971014	0.25	0.27848101265822783	0.29838709677419356	0.3087248322147651	0.29411764705882354	0.35	0.34299516908212563	0.3170731707317073	0.2	0.24324324324324326	0.45	0.16666666666666666	0.32
dmw=6109	0.4672015101462954	0.380765456329735	0.46577946768060835	0.45896656534954405	0.3979848866498741	0.49280575539568344	0.42028985507246375	0.5082644628099173	0.4120982986767486	0.44660194174757284	0.3206751054852321	0.575	0.5	0.40828402366863903	0.4857142857142857	0.358974358974359	0.4050632911392405
dmw=6110	0.6316270566727605	0.6449399656946827	0.6818181818181818	0.7021943573667712	0.6718146718146718	0.64	0.6322314049586777	0.65	0.6658163265306123	0.4	0.6651376146788991	0.6	0.6896551724137931	0.47058823529411764	0.7777777777777778	0.5714285714285714	0.0
dmw=6113	0.3946540880503145	0.38170347003154576	0.48427672955974843	0.49624060150375937	0.4175824175824176	0.47474747474747475	0.3782051282051282	0.3925233644859813	0.39800995024875624	0.21052631578947367	0.3698630136986301	0.2857142857142857	0.30434782608695654	0.5614035087719298	0.2777777777777778	0.3	0.2222222222222222
dmw=6115	0.006934812760055479	0.010309278350515464	0.021739130434782608	0.0	0.019801980198019802	0.0	0.0	0.0	0.003424657534246575	0.0	0.012987012987012988	0.0	0.0	0.034482758620689655	0.0	0.0	0.0
dmw=6116	0.07851239669421488	0.09247311827956989	0.11956521739130435	0.06222222222222222	0.027450980392156862	0.08602150537634409	0.029556650246305417	0.1326530612244898	0.02857142857142857	0.05813953488372093	0.08125	0.13953488372093023	0.043478260869565216	0.02666666666666667	0.0	0.14285714285714285	0.0
dmw=6117	0.004248088360237893	0.010084033613445379	0.0	0.003367003367003367	0.01384083044982699	0.0078125	0.011450381679389313	0.011834319526627219	0.007952286282306162	0.0	0.0037174721189591076	0.0	0.0	0.026490066225165563	0.0	0.037037037037037035	0.0
dmw=6118	0.004352987732489117	0.005847953216374269	0.0111731843575419	0.008169934640522876	0.004329004329004329	0.0032679738562091504	0.004123711340206186	0.0	0.00528169014084507	0.0	0.007518796992481203	0.006024096385542169	0.0	0.004032258064516129	0.0	0.0	0.0
dmw=6119	0.2261904761904762	0.1978021978021978	0.24285714285714285	0.2597402597402597	0.2413793103448276	0.1875	0.26785714285714285	0.22916666666666666	0.1791044776119403	0.2916666666666667	0.10204081632653061	0.16666666666666666	0.4375	0.3125	0.6666666666666666	0.0	0.0
dmw=6120	0.008048289738430584	0.01050420168067227	0.0	0.006369426751592357	0.005025125628140704	0.008547008547008548	0.0	0.02247191011235955	0.013921113689095127	0.0	0.018518518518518517	0.0	0.0	0.0	0.0	0.0	0.0
dmw=6121	0.38782696177062376	0.38469827586206895	0.3695652173913043	0.439873417721519	0.435665914221219	0.33223684210526316	0.3632075471698113	0.3957597173144876	0.3952991452991453	0.29357798165137616	0.36018957345971564	0.35802469135802467	0.11290322580645161	0.35714285714285715	0.7142857142857143	0.6875	0.5
dmw=6122	0.0014892032762472078	0.005298013245033113	0.005988023952095809	0.002849002849002849	0.004210526315789474	0.0	0.0045662100456621	0.0	0.002136752136752137	0.0	0.0040650406504065045	0.0	0.07692307692307693	0.0	0.0	0.0	0.0
dmw=6123	0.1164337990685296	0.09279778393351801	0.17777777777777778	0.09944751381215469	0.1040268456375839	0.07100591715976332	0.09025270758122744	0.1623931623931624	0.10602409638554217	0.10852713178294573	0.05327868852459016	0.10256410256410256	0.18181818181818182	0.2631578947368421	0.3684210526315789	0.0	0.06451612903225806
dmw=6124	0.06779661016949153	0.09963768115942029	0.08870967741935484	0.07172995780590717	0.039711191335740074	0.09615384615384616	0.03571428571428571	0.05357142857142857	0.05574912891986063	0.16470588235294117	0.11282051282051282	0.025	0.08108108108108109	0.008264462809917356	0.0	0.0	0.05263157894736842
dmw=6125	0.0274079874706343	0.04085257548845471	0.05597964376590331	0.02556818181818182	0.03484320557491289	0.04424778761061947	0.02849002849002849	0.06	0.05570291777188329	0.01652892561983471	0.03543307086614173	0.014492753623188406	0.02857142857142857	0.029850746268656716	0.0	0.08	0.0
dmw=6126	0.010554089709762533	0.0045662100456621	0.017341040462427744	0.03125	0.0	0.0	0.006666666666666667	0.0	0.017605633802816902	0.0	0.0	0.0	0.0	0.033707865168539325	0.0	0.0	0.0
dmw=6127	0.48769128409846974	0.47671568627450983	0.5160256410256411	0.45263157894736844	0.4426229508196721	0.572289156626506	0.4519906323185012	0.42857142857142855	0.4751131221719457	0.4479166666666667	0.45041322314049587	0.5882352941176471	0.543859649122807	0.44808743169398907	0.5384615384615384	0.35714285714285715	0.5230769230769231
dmw=6128	0.5495391705069125	0.5532223026792179	0.6170212765957447	0.5516739446870451	0.5470171890798786	0.5822102425876011	0.5460440985732814	0.5893186003683242	0.5138297872340426	0.2535211267605634	0.5495049504950495	0.6084905660377359	0.42857142857142855	0.5843137254901961	0.5614035087719298	0.5581395348837209	0.5221238938053098
dmw=6129	0.6935804103242885	0.6877323420074349	0.8084507042253521	0.7777777777777778	0.7306122448979592	0.6649484536082474	0.6911764705882353	0.7170731707317073	0.6758241758241759	0.6585365853658537	0.6866485013623979	0.7638888888888888	0.5	0.7053571428571429	0.75	0.9230769230769231	0.8181818181818182
dmw=6130	0.8095238095238095	0.6309523809523809	0.81	0.7671232876712328	0.7054263565891473	0.7857142857142857	0.7237569060773481	0.7872340425531915	0.8195876288659794	0.8095238095238095	0.8013698630136986	0.8181818181818182	0.7096774193548387	0.8	0.9285714285714286	0.8823529411764706	0.7894736842105263
dmw=6131	0.3464991023339318	0.40298507462686567	0.354014598540146	0.33024691358024694	0.36065573770491804	0.3941176470588235	0.35400516795865633	0.3193717277486911	0.3643835616438356	0.234375	0.2964426877470356	0.3026315789473684	0.3709677419354839	0.35135135135135137	0.3	0.8	0.0
dmw=6132	0.3649932157394844	0.3597122302158273	0.4117647058823529	0.3695652173913043	0.35621198957428324	0.40897097625329815	0.3681377825618945	0.38169642857142855	0.33783783783783783	0.24555160142348753	0.3452054794520548	0.36363636363636365	0.3559322033898305	0.4205298013245033	0.36585365853658536	0.23076923076923078	0.32592592592592595
dmw=6136	0.30844155844155846	0.34698275862068967	0.556910569105691	0.44357976653696496	0.44242424242424244	0.41353383458646614	0.4366812227074236	0.23076923076923078	0.2773109243697479	0.6551724137931034	0.3125	0.5423728813559322	1.0	0.41509433962264153	0.3333333333333333	0.75	0.4
dmw=6149	0.012678288431061807	0.00684931506849315	0.00558659217877095	0.006060606060606061	0.02027027027027027	0.0	0.012195121951219513	0.012048192771084338	0.0	0.0	0.0	0.041666666666666664	0.06666666666666667	0.0	0.0	0.0	0.0
dmw=6150	0.3845338983050847	0.3617021276595745	0.4931506849315068	0.5023474178403756	0.38589211618257263	0.40594059405940597	0.3670886075949367	0.56	0.2879581151832461	0.34146341463414637	0.4055299539170507	0.4	0.5217391304347826	0.3541666666666667	0.2222222222222222	0.8571428571428571	0.0
dmw=6151	0.009900990099009901	0.0037313432835820895	0.0	0.007042253521126761	0.006622516556291391	0.0	0.0	0.008928571428571428	0.0	0.0	0.014184397163120567	0.0	0.025	0.012987012987012988	0.0	0.0	0.2
dmw=6156	0.0052585451358457495	0.002512562814070352	0.0	0.0	0.013289036544850499	0.0	0.0	0.0	0.012269938650306749	0.0	0.014388489208633094	0.0	0.0	0.014925373134328358	0.0	0.0	0.023809523809523808
dmw=6160	0.6065573770491803	0.6140939597315436	0.6690140845070423	0.47639484978540775	0.5341614906832298	0.7151515151515152	0.7137404580152672	0.8022598870056498	0.628808864265928	0.8076923076923077	0.572139303482587	0.7666666666666667	0.45614035087719296	0.7954545454545454	0.5806451612903226	1.0	0.8297872340425532
dmw=6162	0.005025125628140704	0.005636978579481398	0.010703363914373088	0.010582010582010581	0.008333333333333333	0.003787878787878788	0.0	0.0	0.0021598272138228943	0.010101010101010102	0.0026595744680851063	0.0	0.0	0.01875	0.03125	0.0	0.02564102564102564
dmw=6163	0.002955665024630542	0.002044989775051125	0.0	0.011450381679389313	0.01875	0.0	0.0	0.0	0.00872093023255814	0.0	0.012658227848101266	0.0	0.0	0.0	0.16666666666666666	0.0	0.0
dmw=6164	0.6128731343283582	0.5976890756302521	0.7705779334500875	0.6950146627565983	0.6172344689378757	0.5636363636363636	0.6548856548856549	0.6153846153846154	0.48484848484848486	0.632768361581921	0.5714285714285714	0.8133333333333334	0.55	0.5633802816901409	0.6666666666666666	0.8518518518518519	0.532258064516129
dmw=6165	0.7831590533847	0.7587822014051522	0.8306997742663657	0.7819025522041764	0.781496062992126	0.9420289855072463	0.7845884413309983	0.833976833976834	0.8005390835579514	0.7389558232931727	0.7612293144208038	0.71875	0.7258064516129032	0.8478260869565217	0.9310344827586207	0.8554216867469879	0.5806451612903226
dmw=6166	0.6481320590790617	0.6163141993957704	0.6173285198555957	0.6829268292682927	0.6535714285714286	0.5470085470085471	0.623574144486692	0.7099236641221374	0.6813880126182965	0.5666666666666667	0.6618705035971223	0.631578947368421	0.6590909090909091	0.625	0.6470588235294118	0.6428571428571429	0.5555555555555556
dmw=6167	0.293007769145394	0.20348837209302326	0.35	0.3881278538812785	0.23333333333333334	0.21428571428571427	0.32575757575757575	0.14285714285714285	0.15555555555555556	0.4666666666666667	0.17032967032967034	0.5	0.6923076923076923	0.0	0.5	0.5294117647058824	0.5
dmw=6168	0.007760532150776054	0.008576329331046312	0.01327433628318584	0.0	0.003424657534246575	0.0	0.008695652173913044	0.0	0.014204545454545454	0.02702702702702703	0.0	0.0	0.0	0.02531645569620253	0.0	0.0	0.0
dmw=6169	0.7193548387096774	0.8020833333333334	0.8421052631578947	0.7723577235772358	0.6666666666666666	0.6666666666666666	0.7209302325581395	0.7037037037037037	0.7192982456140351	0.6666666666666666	0.792	0.7142857142857143	0.8181818181818182	0.75	1.0	0.75	0.6153846153846154
dmw=6170	0.5521601685985248	0.47438752783964366	0.6236559139784946	0.5258358662613982	0.5097402597402597	0.6774193548387096	0.5015576323987538	0.544	0.5159574468085106	0.5396825396825397	0.4064516129032258	0.6052631578947368	0.5333333333333333	0.5757575757575758	0.7333333333333333	0.9285714285714286	0.0
dmw=6179	0.5845360824742268	0.6022471910112359	0.5902255639097744	0.5480769230769231	0.5490196078431373	0.5619047619047619	0.522633744855967	0.6090225563909775	0.6425531914893617	0.5315315315315315	0.5099009900990099	0.3684210526315789	0.47619047619047616	0.6867469879518072	0.3333333333333333	0.6086956521739131	0.5
dmw=6180	0.7883817427385892	0.7804878048780488	0.8623188405797102	0.7094594594594594	0.8369098712446352	0.8115942028985508	0.7248908296943232	0.8020833333333334	0.8407960199004975	0.6551724137931034	0.8053097345132744	1.0	0.7333333333333333	0.8051948051948052	1.0	0.875	0.5333333333333333
dmw=6181	0.01149025069637883	0.005197505197505198	0.008	0.0	0.01195219123505976	0.0025974025974025974	0.005312084993359893	0.009966777408637873	0.00847457627118644	0.013793103448275862	0.0032258064516129032	0.0	0.0	0.006896551724137931	0.0392156862745098	0.0	0.0
dmw=6182	0.01569506726457399	0.0037735849056603774	0.013422818791946308	0.026490066225165563	0.00975609756097561	0.013157894736842105	0.011363636363636364	0.014285714285714285	0.0043859649122807015	0.010526315789473684	0.0	0.0	0.0	0.017543859649122806	0.0	0.038461538461538464	0.0
dmw=6183	0.540125610607118	0.45309734513274336	0.5899053627760252	0.5372670807453416	0.5507246376811594	0.4528301886792453	0.6016042780748663	0.5838926174496645	0.4696969696969697	0.4344262295081967	0.5212121212121212	0.5405405405405406	0.5192307692307693	0.2542372881355932	0.5714285714285714	0.5277777777777778	0.5348837209302325
dmw=6184	0.3117117117117117	0.291005291005291	0.4161290322580645	0.3157894736842105	0.25617283950617287	0.25806451612903225	0.33175355450236965	0.26229508196721313	0.3412322274881517	0.24050632911392406	0.25	0.2608695652173913	0.3448275862068966	0.3253012048192771	0.6923076923076923	0.2857142857142857	0.17647058823529413
dmw=6186	0.6475675675675676	0.6358839050131926	0.685	0.6188340807174888	0.6285714285714286	0.4921875	0.5794392523364486	0.6132596685082873	0.6023166023166023	0.5666666666666667	0.6035502958579881	0.7358490566037735	0.6829268292682927	0.7419354838709677	0.75	0.75	0.5
dmw=6187	0.48737373737373735	0.4960835509138381	0.5796178343949044	0.5333333333333333	0.48717948717948717	0.4927536231884058	0.53	0.42748091603053434	0.4801980198019802	0.5098039215686274	0.46564885496183206	0.6417910447761194	0.6333333333333333	0.39622641509433965	0.6666666666666666	0.5263157894736842	0.5
dmw=6190	0.006888633754305396	0.013089005235602094	0.0	0.005154639175257732	0.004524886877828055	0.010101010101010102	0.006211180124223602	0.0	0.0	0.0	0.005847953216374269	0.0	0.0	0.0	0.0	0.0	0.0
dmw=6192	0.0043454644215100485	0.0035502958579881655	0.003355704697986577	0.003246753246753247	0.0	0.00546448087431694	0.00425531914893617	0.0	0.0034423407917383822	0.0	0.0035842293906810036	0.038461538461538464	0.021739130434782608	0.006578947368421052	0.0	0.0	0.0
dmw=6193	0.7004470938897168	0.7064846416382252	0.7794117647058824	0.8307692307692308	0.726775956284153	0.6666666666666666	0.6845637583892618	0.7377049180327869	0.6804733727810651	0.7209302325581395	0.6161616161616161	0.8108108108108109	0.7058823529411765	0.88	0.8	0.0	0.6451612903225806
dmw=6194	0.3118374558303887	0.2254697286012526	0.3285024154589372	0.30824372759856633	0.30612244897959184	0.3465909090909091	0.27638190954773867	0.3670886075949367	0.2872340425531915	0.35526315789473684	0.2857142857142857	0.42857142857142855	0.3	0.26143790849673204	0.5294117647058824	0.17647058823529413	0.5833333333333334
dmw=6195	0.707244212098581	0.6532258064516129	0.65814696485623	0.6905829596412556	0.6895674300254453	0.6829268292682927	0.6934523809523809	0.7363636363636363	0.7272727272727273	0.6595744680851063	0.7117903930131004	0.6779661016949152	0.8035714285714286	0.6699507389162561	0.696969696969697	0.75	0.6
dmw=6196	0.008111888111888113	0.009129213483146067	0.012232415902140673	0.017777777777777778	0.01542111506524318	0.015503875968992248	0.010243277848911651	0.010610079575596816	0.016815034619188922	0.011450381679389313	0.016736401673640166	0.012345679012345678	0.0	0.0	0.027777777777777776	0.011627906976744186	0.018518518518518517
dmw=6197	0.006134969325153374	0.002277904328018223	0.004914004914004914	0.005291005291005291	0.0	0.013215859030837005	0.002127659574468085	0.0	0.005037783375314861	0.0	0.0	0.0	0.0	0.018018018018018018	0.0	0.0	0.0
dmw=6198	0.01445966514459665	0.004622496147919877	0.013123359580052493	0.012315270935960592	0.027439024390243903	0.0111731843575419	0.017045454545454544	0.013071895424836602	0.0035587188612099642	0.0	0.005813953488372093	0.0	0.0	0.0273972602739726	0.0	0.0	0.0
dmw=6199	0.5521835677276091	0.5716783216783217	0.32235294117647056	0.3761755485893417	0.5964912280701754	0.42731277533039647	0.6112759643916914	0.4953271028037383	0.6023255813953489	0.29411764705882354	0.4896907216494845	0.5686274509803921	0.38461538461538464	0.5234375	0.29850746268656714	0.36470588235294116	0.375
dmw=6200	0.7063291139240506	0.7255520504731862	0.4078014184397163	0.5174825174825175	0.7335526315789473	0.3458333333333333	0.7191358024691358	0.9090909090909091	0.8818181818181818	0.37037037037037035	0.7365853658536585	0.6027397260273972	0.48148148148148145	0.8	0.3488372093023256	0.45652173913043476	0.8275862068965517
dmw=6201	0.7056451612903226	0.7553516819571865	0.5311653116531165	0.5047619047619047	0.7678571428571429	0.45302013422818793	0.6682242990654206	0.6989795918367347	0.6976190476190476	0.5460526315789473	0.659217877094972	0.7704918032786885	0.7307692307692307	0.8571428571428571	0.546875	0.38181818181818183	0.7380952380952381
dmw=6202	0.717037037037037	0.6721991701244814	0.6807692307692308	0.6898148148148148	0.7692307692307693	0.6233766233766234	0.7046783625730995	0.8240740740740741	0.6991150442477876	0.5523809523809524	0.6245059288537549	0.8518518518518519	0.6727272727272727	0.8349514563106796	0.5652173913043478	0.43243243243243246	0.8333333333333334
dmw=6203	0.6466466466466466	0.6407563025210085	0.5587044534412956	0.6526717557251909	0.6722408026755853	0.39487179487179486	0.6916666666666667	0.6545454545454545	0.7315175097276264	0.4796747967479675	0.6073298429319371	0.7727272727272727	0.6458333333333334	0.7731958762886598	0.5	0.3	0.6153846153846154
dmw=6204	0.5270875763747455	0.5576430401366353	0.5329052969502408	0.5056179775280899	0.5180555555555556	0.45977011494252873	0.5352697095435685	0.5740740740740741	0.5475862068965517	0.30952380952380953	0.4790794979079498	0.6086956521739131	0.47058823529411764	0.5714285714285714	0.2	0.3064516129032258	0.4074074074074074
dmw=6205	0.5933273219116321	0.5795019157088123	0.46706586826347307	0.4433249370277078	0.5878693623639192	0.43564356435643564	0.5968109339407744	0.631578947368421	0.5971563981042654	0.34615384615384615	0.49175824175824173	0.47435897435897434	0.5454545454545454	0.5987654320987654	0.4722222222222222	0.26	0.5131578947368421
dmw=6206	0.5235762400489896	0.574585635359116	0.41216216216216217	0.47045454545454546	0.5807770961145194	0.4430769230769231	0.5518072289156627	0.5935828877005348	0.5341880341880342	0.2578125	0.5567375886524822	0.5945945945945946	0.5106382978723404	0.5916666666666667	0.4117647058823529	0.5535714285714286	0.6190476190476191
dmw=6207	0.3487312947299935	0.34206896551724136	0.3008474576271186	0.37922077922077924	0.3712737127371274	0.19413919413919414	0.31868131868131866	0.42473118279569894	0.3741339491916859	0.25892857142857145	0.3064516129032258	0.39759036144578314	0.16049382716049382	0.4235294117647059	0.375	0.3333333333333333	0.41304347826086957
dmw=6208	0.8335351089588378	0.8078668683812406	0.6887871853546911	0.8115577889447236	0.8088578088578089	0.5780346820809249	0.7722007722007722	0.774468085106383	0.8852459016393442	0.7777777777777778	0.8055555555555556	0.8723404255319149	0.7910447761194029	0.7848101265822784	0.6346153846153846	0.8571428571428571	0.5555555555555556
dmw=6209	0.6957928802588996	0.6989473684210527	0.6402349486049926	0.6367041198501873	0.7043618739903069	0.44883720930232557	0.7080536912751678	0.7337883959044369	0.6963249516441006	0.6065573770491803	0.6586666666666666	0.6293103448275862	0.5670103092783505	0.7096774193548387	0.38461538461538464	0.6833333333333333	0.6901408450704225
dmw=6210	0.46939807789580174	0.45138055222088835	0.4291044776119403	0.39541984732824426	0.5250501002004008	0.31802120141342755	0.4222222222222222	0.5380710659898477	0.4568835098335855	0.34554973821989526	0.42933333333333334	0.41509433962264153	0.30303030303030304	0.5268817204301075	0.30303030303030304	0.2631578947368421	0.52
dmw=6211	0.5029940119760479	0.5042999656002752	0.43300175541252195	0.39615129396151294	0.537559936068194	0.34842883548983367	0.4734265734265734	0.5109170305676856	0.5607162842753217	0.3316239316239316	0.5068002863278454	0.48011363636363635	0.40425531914893614	0.5567190226876091	0.4696969696969697	0.2945205479452055	0.3135593220338983
dmw=6212	0.5766451864870142	0.5634715025906736	0.5345911949685535	0.48669527896995707	0.5482841181165203	0.3932038834951456	0.6304909560723514	0.614853195164076	0.537833827893175	0.3937947494033413	0.5473801560758083	0.5859030837004405	0.6335078534031413	0.5037783375314862	0.5189873417721519	0.3119266055045872	0.47
dmw=6213	0.3947858472998138	0.3905579399141631	0.2761904761904762	0.33727810650887574	0.35526315789473684	0.19	0.3524590163934426	0.2962962962962963	0.37790697674418605	0.3269230769230769	0.4074074074074074	0.5	0.19047619047619047	0.24390243902439024	0.5	0.09523809523809523	0.3333333333333333
dmw=6214	0.3441843452816386	0.330930064888248	0.40294117647058825	0.3900709219858156	0.3467278989667049	0.3448275862068966	0.3373860182370821	0.36666666666666664	0.40104712041884816	0.3167420814479638	0.31365313653136534	0.3231707317073171	0.28125	0.3831417624521073	0.36923076923076925	0.29310344827586204	0.22641509433962265
dmw=6215	0.6329541961266523	0.6470971950424005	0.5126146788990825	0.4980494148244473	0.6202804746494067	0.401244167962675	0.6239907727797002	0.6370192307692307	0.6148648648648649	0.5064102564102564	0.5391459074733096	0.6451612903225806	0.6907216494845361	0.7	0.7073170731707317	0.34782608695652173	0.5081967213114754
dmw=6216	0.5594315245478036	0.5614406779661016	0.47024952015355087	0.45539906103286387	0.5720279720279721	0.4171974522292994	0.5682819383259912	0.5902140672782875	0.5614035087719298	0.4199134199134199	0.5344262295081967	0.6212121212121212	0.48148148148148145	0.6511627906976745	0.4	0.43103448275862066	0.4857142857142857
dmw=6217	0.5761772853185596	0.5607661822985469	0.5576407506702413	0.49334945586457074	0.5498426023084995	0.46808510638297873	0.5816326530612245	0.5469483568075117	0.6008146639511202	0.4779874213836478	0.6003062787136294	0.6358381502890174	0.6	0.5056179775280899	0.45454545454545453	0.56	0.6388888888888888
dmw=6218	0.5624747270521634	0.5163636363636364	0.4727272727272727	0.47713717693836977	0.6152597402597403	0.375	0.5769230769230769	0.6088560885608856	0.6296809986130375	0.4010989010989011	0.5109034267912772	0.5333333333333333	0.47540983606557374	0.6768558951965066	0.5769230769230769	0.5	0.5362318840579711
dmw=6219	0.6059817945383615	0.581453634085213	0.4263959390862944	0.4618834080717489	0.6338582677165354	0.3776223776223776	0.5206896551724138	0.6067415730337079	0.5511363636363636	0.5	0.40963855421686746	0.6444444444444445	0.7419354838709677	0.6610169491525424	0.4	0.7647058823529411	0.4
dmw=6220	0.5796101949025487	0.5736607142857143	0.4652956298200514	0.5303197353914002	0.5645161290322581	0.3987635239567233	0.5844287158746209	0.5823529411764706	0.6529680365296804	0.47619047619047616	0.690631808278867	0.5389221556886228	0.5307262569832403	0.40671641791044777	0.35	0.4127906976744186	0.5263157894736842
dmw=6221	0.5160575858250277	0.46733668341708545	0.4745762711864407	0.4068441064638783	0.49767441860465117	0.39705882352941174	0.4951923076923077	0.5841584158415841	0.47058823529411764	0.44	0.5	0.35185185185185186	0.6285714285714286	0.43243243243243246	0.36363636363636365	0.46153846153846156	0.6
dmw=6222	0.7366914710933028	0.7103235747303543	0.7135416666666666	0.5994623655913979	0.765375854214123	0.48739495798319327	0.7005347593582888	0.7351598173515982	0.7665952890792291	0.4819277108433735	0.6360424028268551	0.6770833333333334	0.6666666666666666	0.6794871794871795	0.4666666666666667	0.6078431372549019	0.7142857142857143
dmw=6223	0.6772673733804476	0.63125	0.5891089108910891	0.5977011494252874	0.6864406779661016	0.4645669291338583	0.6411764705882353	0.859504132231405	0.6893939393939394	0.48936170212765956	0.608	0.7647058823529411	0.6538461538461539	0.75	0.8	0.7857142857142857	0.5714285714285714
dmw=6224	0.622821022449578	0.5940112913599657	0.5590176921045683	0.5547363159210198	0.6323237048298445	0.474473848718483	0.6254167222296306	0.660377358490566	0.6299438266651382	0.4240820377108832	0.5851415961750643	0.6206050695012265	0.5561015561015561	0.6272019664072102	0.5168539325842697	0.36438923395445133	0.5530973451327433
dmw=6225	0.5960264900662252	0.5741758241758241	0.48917748917748916	0.372972972972973	0.7016129032258065	0.4696969696969697	0.5454545454545454	0.5333333333333333	0.5559440559440559	0.32710280373831774	0.5362318840579711	0.5625	0.6153846153846154	0.5555555555555556	0.8333333333333334	0.3	0.2
dmw=6226	0.7214043035107588	0.6858108108108109	0.6507177033492823	0.5401785714285714	0.6869918699186992	0.4557823129251701	0.6608695652173913	0.8026315789473685	0.756578947368421	0.7419354838709677	0.5961538461538461	0.625	0.3333333333333333	0.5844155844155844	0.8846153846153846	0.5238095238095238	0.9230769230769231
dmw=6227	0.727810650887574	0.7288801571709234	0.6387832699619772	0.5864661654135338	0.7772727272727272	0.42245989304812837	0.7612612612612613	0.8	0.8090452261306532	0.6285714285714286	0.7533333333333333	0.3684210526315789	0.6956521739130435	0.7096774193548387	0.8461538461538461	0.9166666666666666	0.95
dmw=6228	0.6373959121877366	0.5629032258064516	0.5352112676056338	0.551980198019802	0.6682577565632458	0.4134275618374558	0.6524216524216524	0.7021276595744681	0.6398809523809523	0.31386861313868614	0.5634920634920635	0.7101449275362319	0.42105263157894735	0.6964285714285714	0.64	0.45454545454545453	0.65625
dmw=6229	0.42403628117913833	0.42985842985842987	0.33992805755395683	0.4	0.44680851063829785	0.34782608695652173	0.4987951807228916	0.5020242914979757	0.4541984732824427	0.25	0.4006849315068493	0.4787234042553192	0.27906976744186046	0.5446428571428571	0.41379310344827586	0.20833333333333334	0.4583333333333333
dmw=6230	0.42021276595744683	0.40797940797940796	0.3735763097949886	0.4420289855072464	0.45569620253164556	0.26492537313432835	0.4461538461538462	0.5128205128205128	0.3673036093418259	0.27615062761506276	0.35	0.2903225806451613	0.375	0.49411764705882355	0.0	0.39622641509433965	0.39285714285714285
dmw=6231	0.5324503311258278	0.5263963274674828	0.5110246433203631	0.43127147766323026	0.5512820512820513	0.33410138248847926	0.5667655786350149	0.6115942028985507	0.5442583732057417	0.4083333333333333	0.5046728971962616	0.49523809523809526	0.3691275167785235	0.5528846153846154	0.38333333333333336	0.23943661971830985	0.31868131868131866
dmw=6232	0.47599662413741745	0.46848652791698603	0.45100211501661797	0.4198440670725195	0.49162847254700215	0.3505387556482447	0.5092727885804204	0.5333333333333333	0.4795735531266798	0.32330266102959465	0.4425087108013937	0.5006909258406265	0.4053356282271945	0.4793514836341389	0.36259541984732824	0.3477832512315271	0.4984358706986444
dmw=6233	0.5404665425473661	0.5707440100882724	0.47619047619047616	0.5270522388059702	0.605410047230571	0.45122985581000846	0.5795586527293844	0.5817223198594025	0.5541930379746836	0.3841145833333333	0.5126196692776327	0.549367088607595	0.43006993006993005	0.617231638418079	0.7037037037037037	0.48928571428571427	0.5
dmw=6234	0.4382576535853709	0.46294307196562834	0.42462845010615713	0.3778656126482213	0.5072024260803639	0.3004115226337449	0.4608967674661105	0.514820592823713	0.4686131386861314	0.3622222222222222	0.42511346444780634	0.40963855421686746	0.5118110236220472	0.515	0.3611111111111111	0.23404255319148937	0.32038834951456313
dmw=6235	0.22664255575647982	0.1934156378600823	0.2131782945736434	0.1725067385444744	0.21689497716894976	0.18835616438356165	0.19047619047619047	0.2732919254658385	0.30952380952380953	0.14556962025316456	0.25622775800711745	0.3076923076923077	0.4117647058823529	0.33587786259541985	0.1	0.1346153846153846	0.15384615384615385
dmw=6236	0.6976530142659917	0.6808755760368663	0.6343612334801763	0.5281553398058253	0.7046413502109705	0.5326460481099656	0.6687306501547987	0.7570422535211268	0.7299509001636661	0.5	0.6575342465753424	0.8902439024390244	0.6226415094339622	0.7624309392265194	0.8043478260869565	0.10638297872340426	0.7183098591549296
dmw=6237	0.7328499721137758	0.7672502574665293	0.5661157024793388	0.5543672014260249	0.8183520599250936	0.39862542955326463	0.7522935779816514	0.7586206896551724	0.7446393762183235	0.47674418604651164	0.6838046272493573	0.6666666666666666	0.5128205128205128	0.7967914438502673	0.6	0.52	0.59375
dmw=6238	0.6244460856720827	0.614760147601476	0.546583850931677	0.5374251497005988	0.6570438799076213	0.34535104364326374	0.696526508226691	0.7018633540372671	0.68359375	0.4017094017094017	0.62217659137577	0.550561797752809	0.4713375796178344	0.6329787234042553	0.5333333333333333	0.38095238095238093	0.5769230769230769
dmw=6239	0.5478723404255319	0.5599343185550082	0.47939829954218444	0.5102339181286549	0.5821782178217821	0.47157190635451507	0.580887885628292	0.6202686202686203	0.5790754257907542	0.4361493123772102	0.4896551724137931	0.5098814229249012	0.391304347826087	0.5392670157068062	0.4875	0.3617021276595745	0.5159574468085106
dmw=6240	0.7302353651176826	0.7291414752116082	0.7086092715231788	0.6282051282051282	0.802247191011236	0.5165289256198347	0.7661538461538462	0.8059701492537313	0.7690355329949239	0.5620915032679739	0.7467948717948718	0.7692307692307693	0.8245614035087719	0.7706422018348624	0.8571428571428571	0.3392857142857143	0.5526315789473685
dmw=6241	0.6457473162675474	0.6138364779874214	0.5788617886178862	0.5190713101160862	0.6477794793261868	0.48186528497409326	0.65625	0.6895674300254453	0.6238425925925926	0.4014084507042254	0.6100217864923747	0.6043956043956044	0.632183908045977	0.5459459459459459	0.35714285714285715	0.5168539325842697	0.675
dmw=6242	0.49592169657422513	0.4708879184861718	0.5133614627285513	0.4548532731376975	0.5561097256857855	0.3880070546737213	0.5108514190317195	0.5352697095435685	0.508298755186722	0.3216374269005848	0.4751908396946565	0.5798319327731093	0.36619718309859156	0.47540983606557374	0.47368421052631576	0.36065573770491804	0.515625
dmw=6243	0.5118279569892473	0.5432639649507119	0.4794672586015538	0.4620829120323559	0.5527950310559007	0.33810888252148996	0.5062814070351759	0.5242214532871973	0.5313059033989267	0.403125	0.5030181086519114	0.5487804878048781	0.4583333333333333	0.5527950310559007	0.5	0.4609375	0.6018518518518519
dmw=6244	0.4783893609161433	0.4750219106047327	0.4033898305084746	0.42401215805471126	0.5038860103626943	0.33986928104575165	0.4785714285714286	0.5	0.4464075382803298	0.3875	0.4547563805104408	0.4148148148148148	0.25757575757575757	0.44086021505376344	0.3611111111111111	0.25	0.35353535353535354
dmw=6245	0.4041884816753927	0.4521158129175947	0.391713747645951	0.39195979899497485	0.4685666387259011	0.3344155844155844	0.40888382687927105	0.5095238095238095	0.3922594142259414	0.2531017369727047	0.4018018018018018	0.5	0.3770491803278688	0.41935483870967744	0.26229508196721313	0.3177570093457944	0.3246753246753247
dmw=6246	0.4115942028985507	0.4057377049180328	0.25984251968503935	0.33658536585365856	0.46846846846846846	0.2961165048543689	0.4685714285714286	0.43283582089552236	0.5086705202312138	0.29069767441860467	0.18681318681318682	0.2826086956521739	0.3333333333333333	0.5666666666666667	0.16666666666666666	0.2727272727272727	0.4117647058823529
dmw=6247	0.4108416547788873	0.39545454545454545	0.26497277676951	0.3431034482758621	0.4849246231155779	0.20153061224489796	0.456359102244389	0.4416243654822335	0.5212264150943396	0.24375	0.35984848484848486	0.43119266055045874	0.23809523809523808	0.2980132450331126	0.20967741935483872	0.2716049382716049	0.2553191489361702
dmw=6248	0.41882963662104766	0.43931535269709543	0.3430232558139535	0.34750462107208874	0.4235294117647059	0.21869328493647913	0.47256438969764836	0.4645550527903469	0.48055315471045806	0.3258426966292135	0.40843214756258234	0.5263157894736842	0.2875	0.45494505494505494	0.04918032786885246	0.09	0.30158730158730157
dmw=6249	0.49813664596273294	0.5271565495207667	0.4419889502762431	0.39636363636363636	0.6174496644295302	0.24434389140271492	0.4696969696969697	0.5652173913043478	0.5978260869565217	0.42	0.5625	0.425531914893617	0.5641025641025641	0.47126436781609193	0.4583333333333333	0.25	0.16666666666666666
dmw=6250	0.5432380952380952	0.5331262939958592	0.41080196399345337	0.4935064935064935	0.5924453280318092	0.26587301587301587	0.5578358208955224	0.5750798722044729	0.5701754385964912	0.3170731707317073	0.5559006211180124	0.514018691588785	0.41935483870967744	0.55	0.5	0.22988505747126436	0.25806451612903225
dmw=6251	0.37627934978928357	0.44584382871536526	0.30988593155893535	0.3411214953271028	0.43595505617977526	0.2832369942196532	0.41649484536082476	0.4962121212121212	0.3333333333333333	0.15656565656565657	0.3465909090909091	0.3815789473684211	0.2426470588235294	0.5368421052631579	0.0	0.12698412698412698	0.4
dmw=6252	0.6705998033431662	0.6843177189409368	0.5234741784037559	0.49226006191950467	0.6510791366906474	0.5399361022364217	0.6697247706422018	0.5284552845528455	0.6646153846153846	0.29591836734693877	0.6512345679012346	0.7636363636363637	0.2727272727272727	0.7333333333333333	0.782608695652174	0.6666666666666666	0.5151515151515151
dmw=6253	0.4986098239110287	0.5311355311355311	0.25663716814159293	0.3710247349823322	0.573076923076923	0.292	0.5483870967741935	0.6285714285714286	0.5185185185185185	0.3446327683615819	0.45982142857142855	0.44594594594594594	0.35365853658536583	0.37333333333333335	0.6428571428571429	0.11764705882352941	0.7777777777777778
dmw=6254	0.6588373458602467	0.6804281345565749	0.4630541871921182	0.5355191256830601	0.6859122401847575	0.26804123711340205	0.7360774818401937	0.7375	0.644808743169399	0.33653846153846156	0.7321937321937322	0.48214285714285715	0.2289156626506024	0.61875	0.7692307692307693	0.125	0.5
dmw=6255	0.4695872556118755	0.45955056179775283	0.32924961715160794	0.34093637454981995	0.45108695652173914	0.17073170731707318	0.4788732394366197	0.4543010752688172	0.4625	0.3344947735191638	0.4752475247524752	0.4088050314465409	0.425531914893617	0.47686832740213525	0.3557692307692308	0.14388489208633093	0.4444444444444444
dmw=6256	0.6523969224699152	0.6464303059737737	0.500646830530401	0.45919044459190445	0.6445131375579598	0.3006134969325153	0.6958483754512635	0.7005494505494505	0.6855631141345427	0.3526570048309179	0.5974025974025974	0.5776173285198556	0.5236768802228412	0.5903614457831325	0.6413043478260869	0.24444444444444444	0.5362318840579711
dmw=6257	0.5854103343465046	0.5161516853932584	0.3904191616766467	0.4546525323910483	0.5775535939470365	0.27245508982035926	0.5650826446280992	0.6920731707317073	0.5769230769230769	0.28328611898017	0.5119047619047619	0.550561797752809	0.37755102040816324	0.6065989847715736	0.30337078651685395	0.3163265306122449	0.48
dmw=6258	0.6462882096069869	0.5428571428571428	0.3107569721115538	0.2948717948717949	0.5632183908045977	0.23841059602649006	0.6168831168831169	0.5619834710743802	0.6324324324324324	0.3968253968253968	0.4591194968553459	0.0	0.5882352941176471	0.7	0.13333333333333333	0.10344827586206896	0.6341463414634146
dmw=6259	0.6097560975609756	0.7088607594936709	0.37142857142857144	0.4691358024691358	0.7	0.3958333333333333	0.6428571428571429	0.7727272727272727	0.673469387755102	0.25	0.5555555555555556	0.2727272727272727	0.5	0.9	1.0	0.16666666666666666	0.5
dmw=6260	0.6162420382165605	0.5797872340425532	0.39574468085106385	0.4732824427480916	0.7527472527472527	0.38219895287958117	0.6986301369863014	0.7175572519083969	0.7112299465240641	0.3380281690140845	0.5793650793650794	0.6857142857142857	0.40625	0.6935483870967742	0.0	0.5	0.45454545454545453
dmw=6261	0.5795755968169761	0.5894428152492669	0.36401673640167365	0.35807860262008734	0.7	0.25229357798165136	0.5942028985507246	0.6947368421052632	0.6767241379310345	0.25984251968503935	0.5871559633027523	0.5833333333333334	0.36585365853658536	0.5344827586206896	0.10344827586206896	0.2682926829268293	0.56
dmw=6262	0.4249084249084249	0.5116279069767442	0.1746031746031746	0.4050632911392405	0.26582278481012656	0.23333333333333334	0.2978723404255319	0.6666666666666666	0.3655913978494624	0.25	0.41935483870967744	0.26666666666666666	0.125	0.17647058823529413	0.4	0.2	0.3333333333333333
dmw=6263	0.8169014084507042	0.7482517482517482	0.3333333333333333	0.38823529411764707	0.7971014492753623	0.40425531914893614	0.8688524590163934	0.75	0.8433734939759037	0.3050847457627119	0.74	0.07142857142857142	0.38095238095238093	0.6296296296296297	0.0	0.11764705882352941	0.7692307692307693
dmw=6264	0.5695067264573991	0.5617283950617284	0.4120603015075377	0.3779527559055118	0.515695067264574	0.3413173652694611	0.6102941176470589	0.6373626373626373	0.657608695652174	0.1595744680851064	0.5	0.34210526315789475	0.59375	0.5625	0.625	0.47619047619047616	0.3157894736842105
dmw=6265	0.673134328358209	0.6401590457256461	0.4629080118694362	0.5862884160756501	0.7613636363636364	0.4485294117647059	0.6955223880597015	0.7964601769911505	0.7210884353741497	0.4881889763779528	0.7110091743119266	0.8421052631578947	0.4	0.7068965517241379	0.4888888888888889	0.13043478260869565	0.723404255319149
dmw=6266	0.5642161204605846	0.528	0.40066225165562913	0.44835680751173707	0.6180124223602484	0.444	0.6549707602339181	0.6647398843930635	0.7052341597796143	0.3684210526315789	0.5119617224880383	0.3888888888888889	0.47058823529411764	0.4835164835164835	0.13636363636363635	0.379746835443038	0.6206896551724138
dmw=6267	0.5890652557319224	0.546875	0.6265060240963856	0.5939849624060151	0.6144578313253012	0.65	0.5772357723577236	0.6309523809523809	0.5703703703703704	0.6888888888888889	0.6263736263736264	0.575	0.8333333333333334	0.5757575757575758	0.0	0.25	0.6666666666666666
dmw=6268	0.7483974358974359	0.7510373443983402	0.7948717948717948	0.5192307692307693	0.7664670658682635	0.6126126126126126	0.7972972972972973	0.6708860759493671	0.8555555555555555	0.40425531914893614	0.686046511627907	0.9722222222222222	0.46153846153846156	0.75	0.0	0.8181818181818182	0.7254901960784313
dmw=6269	0.3643292682926829	0.21019108280254778	0.21052631578947367	0.22727272727272727	0.26865671641791045	0.16129032258064516	0.30434782608695654	0.27835051546391754	0.28865979381443296	0.10091743119266056	0.21649484536082475	0.20833333333333334	0.45098039215686275	0.3617021276595745	0.0	0.0	0.25
dmw=6270	0.6115384615384616	0.6	0.5483870967741935	0.2923076923076923	0.7352941176470589	0.11320754716981132	0.5891472868217055	0.5555555555555556	0.6213991769547325	0.42105263157894735	0.7789473684210526	0.6666666666666666	0.5588235294117647	0.47692307692307695	0.0	0.13513513513513514	1.0
dmw=6271	0.5594059405940595	0.5414507772020726	0.3463855421686747	0.37305699481865284	0.5294117647058824	0.21370967741935484	0.5056179775280899	0.609375	0.48632218844984804	0.26582278481012656	0.627906976744186	0.3448275862068966	0.1891891891891892	0.38095238095238093	0.25	0.1206896551724138	0.2
dmw=6272	0.4859038142620232	0.40464547677261614	0.34941763727121466	0.28019323671497587	0.3934065934065934	0.26425855513307983	0.46632124352331605	0.5186567164179104	0.48872180451127817	0.3486590038314176	0.4958904109589041	0.4095238095238095	0.5454545454545454	0.4689265536723164	0.14583333333333334	0.3717948717948718	0.24444444444444444
dmw=6273	0.20064724919093851	0.1760299625468165	0.08994708994708994	0.15135135135135136	0.13725490196078433	0.05737704918032787	0.10619469026548672	0.203125	0.1553398058252427	0.05333333333333334	0.17886178861788618	0.2857142857142857	0.0	0.15384615384615385	0.03333333333333333	0.0	0.22727272727272727
dmw=6274	0.5143853530950305	0.6341463414634146	0.3813559322033898	0.38571428571428573	0.5833333333333334	0.19622641509433963	0.6506024096385542	0.4230769230769231	0.5302491103202847	0.7065217391304348	0.7653429602888087	0.3246753246753247	0.6491228070175439	0.6701030927835051	0.0	0.02666666666666667	0.8888888888888888
dmw=6275	0.5884244372990354	0.5660377358490566	0.4423076923076923	0.28125	0.5844155844155844	0.14285714285714285	0.63	0.6060606060606061	0.6986301369863014	0.5185185185185185	0.5581395348837209	0.6363636363636364	0.4166666666666667	0.6	0.5	0.25	0.5
dmw=6276	0.6331521739130435	0.6326530612244898	0.5219941348973607	0.3404255319148936	0.7297297297297297	0.1943127962085308	0.7521739130434782	0.6172839506172839	0.7147435897435898	0.25333333333333335	0.5431654676258992	0.5555555555555556	0.72	0.620253164556962	0.3333333333333333	0.5526315789473685	0.6666666666666666
dmw=6277	0.5394006659267481	0.5509708737864077	0.4127659574468085	0.2724014336917563	0.5310077519379846	0.15129151291512916	0.502092050209205	0.6162790697674418	0.5679012345679012	0.32653061224489793	0.5402298850574713	0.7540983606557377	0.3333333333333333	0.4634146341463415	0.25	0.25	0.6666666666666666
dmw=6278	0.5326278659611993	0.5915841584158416	0.3055555555555556	0.32075471698113206	0.5536723163841808	0.12209302325581395	0.575	0.6938775510204082	0.532319391634981	0.2543859649122807	0.5175879396984925	0.48333333333333334	0.0	0.6533333333333333	0.2608695652173913	0.32558139534883723	0.6363636363636364
dmw=6279	0.5254691689008043	0.5728155339805825	0.30113636363636365	0.39285714285714285	0.5833333333333334	0.31386861313868614	0.5824175824175825	0.576271186440678	0.631578947368421	0.25316455696202533	0.41964285714285715	0.8125	0.7	0.7894736842105263	0.65	0.2692307692307692	0.5333333333333333
dmw=6280	0.6695352839931153	0.71671388101983	0.4658119658119658	0.44660194174757284	0.7175141242937854	0.32941176470588235	0.7835051546391752	0.8484848484848485	0.7181208053691275	0.6060606060606061	0.5714285714285714	0.4166666666666667	0.35714285714285715	0.5	0.3125	0.5625	0.4
dmw=6281	0.6058252427184466	0.6431372549019608	0.3284671532846715	0.4322033898305085	0.6470588235294118	0.3392857142857143	0.7832167832167832	0.4782608695652174	0.6044444444444445	0.3291139240506329	0.6790123456790124	0.6470588235294118	0.2857142857142857	0.7272727272727273	0.75	0.0	0.8333333333333334
dmw=6282	0.4267515923566879	0.48255813953488375	0.35135135135135137	0.44660194174757284	0.4608695652173913	0.375	0.5408163265306123	0.42105263157894735	0.45121951219512196	0.2222222222222222	0.3709677419354839	0.425531914893617	0.125	0.43478260869565216	0.8571428571428571	0.23809523809523808	0.29411764705882354
dmw=6283	0.4754937820043892	0.5	0.38461538461538464	0.49691358024691357	0.47330960854092524	0.3333333333333333	0.6418439716312057	0.5569620253164557	0.5189003436426117	0.2268041237113402	0.4826254826254826	0.6172839506172839	0.5	0.6101694915254238	0.16666666666666666	0.3	0.5757575757575758
dmw=6284	0.6677018633540373	0.58	0.26066350710900477	0.2627450980392157	0.5846153846153846	0.37623762376237624	0.6171875	0.6764705882352942	0.7183098591549296	0.2289156626506024	0.5106382978723404	0.525	0.2	0.6923076923076923	0.8	0.36363636363636365	0.7272727272727273
dmw=6285	0.4869029275808937	0.4912663755458515	0.2947103274559194	0.2832080200501253	0.4962121212121212	0.25161290322580643	0.40625	0.5441176470588235	0.549520766773163	0.1787709497206704	0.5914634146341463	0.4473684210526316	0.3611111111111111	0.56	0.3333333333333333	0.43137254901960786	0.4074074074074074
dmw=6286	0.390832328106152	0.4297994269340974	0.21011673151750973	0.32727272727272727	0.452914798206278	0.21578947368421053	0.3933333333333333	0.3761467889908257	0.45539906103286387	0.225	0.30973451327433627	0.3076923076923077	0.46153846153846156	0.2835820895522388	0.7058823529411765	0.2	0.4666666666666667
dmw=6287	0.5671641791044776	0.3900709219858156	0.3942307692307692	0.18	0.5288461538461539	0.16666666666666666	0.5396825396825397	0.6	0.5631067961165048	0.18181818181818182	0.5396825396825397	0.4666666666666667	0.09523809523809523	0.5625	0.2222222222222222	0.35714285714285715	0.0
dmw=6288	0.5877192982456141	0.6376811594202898	0.3927272727272727	0.3313782991202346	0.6233766233766234	0.1497326203208556	0.7149532710280374	0.582089552238806	0.46853146853146854	0.40789473684210525	0.5234375	0.75	0.6829268292682927	0.6	0.4583333333333333	0.11764705882352941	0.6346153846153846
dmw=6289	0.5263374485596708	0.5341614906832298	0.35355648535564854	0.3313032886723508	0.5397058823529411	0.17783505154639176	0.5870967741935483	0.5603015075376885	0.6227347611202636	0.26120857699805067	0.45320197044334976	0.5266666666666666	0.3620689655172414	0.6651982378854625	0.6923076923076923	0.10650887573964497	0.3026315789473684
dmw=6290	0.4899193548387097	0.544	0.4375	0.3567567567567568	0.535483870967742	0.21264367816091953	0.6666666666666666	0.47297297297297297	0.572972972972973	0.09836065573770492	0.35	0.5	0.4	0.7307692307692307	0.4838709677419355	0.5151515151515151	0.3
dmw=6291	0.46294466403162055	0.4482758620689655	0.2992481203007519	0.3585476550680787	0.47093023255813954	0.1807909604519774	0.45787545787545786	0.5692883895131086	0.4157119476268412	0.24786324786324787	0.3950617283950617	0.375886524822695	0.32926829268292684	0.41025641025641024	0.23404255319148937	0.12	0.3055555555555556
dmw=6292	0.5687454851914279	0.5412121212121213	0.43243243243243246	0.38091216216216217	0.6423432682425488	0.24145299145299146	0.5985915492957746	0.5337078651685393	0.6157495256166983	0.2789115646258503	0.4963144963144963	0.3390804597701149	0.3165137614678899	0.6135265700483091	0.23076923076923078	0.2980132450331126	0.5238095238095238
dmw=6293	0.5854616895874263	0.6	0.4068965517241379	0.35555555555555557	0.6544117647058824	0.17692307692307693	0.5407407407407407	0.6610169491525424	0.66	0.3302752293577982	0.6122448979591837	0.5	0.17857142857142858	0.5681818181818182	1.0	0.16666666666666666	0.3333333333333333
dmw=6294	0.6401313089864588	0.6518585675430644	0.43557582668187	0.4282560706401766	0.5905631659056316	0.275	0.7113970588235294	0.6516129032258065	0.5896700143472023	0.3295774647887324	0.533498759305211	0.7986577181208053	0.4527027027027027	0.7216494845360825	0.1111111111111111	0.13793103448275862	0.6078431372549019
dmw=6295	0.5419664268585132	0.5944700460829493	0.288961038961039	0.4298507462686567	0.6033755274261603	0.2361111111111111	0.43609022556390975	0.7338709677419355	0.5775193798449613	0.3698630136986301	0.48412698412698413	0.45454545454545453	0.7727272727272727	0.3103448275862069	0.2222222222222222	0.7741935483870968	0.5405405405405406
dmw=6296	0.5559373806796487	0.5705521472392638	0.41262683201803835	0.36616454229432216	0.5438335809806835	0.3174825174825175	0.5905405405405405	0.6124567474048442	0.5623268698060941	0.29723991507430997	0.44084278768233387	0.41964285714285715	0.2755905511811024	0.6478260869565218	0.18604651162790697	0.3402777777777778	0.4857142857142857
dmw=6297	0.3458100558659218	0.3125	0.22526315789473683	0.2222222222222222	0.3137254901960784	0.06423982869379015	0.3413173652694611	0.30522088353413657	0.40310077519379844	0.10344827586206896	0.27419354838709675	0.24242424242424243	0.15476190476190477	0.3188405797101449	0.3103448275862069	0.24285714285714285	0.3
dmw=6298	0.5475896168108776	0.5895522388059702	0.40756302521008403	0.44528301886792454	0.6243654822335025	0.3729508196721312	0.3815789473684211	0.56	0.4943181818181818	0.36764705882352944	0.42276422764227645	0.75	0.5681818181818182	0.6666666666666666	0.2	0.0	0.6666666666666666
dmw=6299	0.5898760330578512	0.5487571701720841	0.41975308641975306	0.26288659793814434	0.5511811023622047	0.29491525423728815	0.5482625482625483	0.6788321167883211	0.625	0.26666666666666666	0.532967032967033	0.675	0.2727272727272727	0.4852941176470588	0.375	0.08955223880597014	0.4482758620689655
dmw=6300	0.5854922279792746	0.5233644859813084	0.2857142857142857	0.34649122807017546	0.6	0.34285714285714286	0.5825242718446602	0.5116279069767442	0.5172413793103449	0.15492957746478872	0.4594594594594595	0.32142857142857145	0.5333333333333333	0.6323529411764706	0.8888888888888888	0.36363636363636365	0.0
dmw=6305	0.6655701754385965	0.6644144144144144	0.7133333333333334	0.6802721088435374	0.6610738255033557	0.75	0.7011070110701108	0.6504065040650406	0.6870748299319728	0.6282051282051282	0.6231884057971014	0.7049180327868853	0.4375	0.7572815533980582	0.0	0.7096774193548387	0.8333333333333334
dmw=6306	0.5421052631578948	0.5151515151515151	0.5528846153846154	0.562874251497006	0.5294117647058824	0.5274725274725275	0.6102564102564103	0.5056179775280899	0.532133676092545	0.4158415841584158	0.5968992248062015	0.42857142857142855	0.75	0.4909090909090909	0.7241379310344828	0.6666666666666666	0.375
dmw=6307	0.3457378315735256	0.3474114441416894	0.38100496963003866	0.35936582501467995	0.381722989052832	0.33297872340425533	0.34620174346201743	0.3818849449204406	0.3453125	0.2941970310391363	0.2948517940717629	0.3860182370820669	0.3318777292576419	0.336996336996337	0.3357142857142857	0.40789473684210525	0.3575757575757576
dmw=6310	0.010174418604651164	0.008912655971479501	0.009378663540445486	0.002457002457002457	0.001762114537444934	0.012376237623762377	0.008205128205128205	0.014141414141414142	0.009775171065493646	0.012048192771084338	0.013927576601671309	0.007246376811594203	0.02	0.0	0.0	0.0	0.0
dmw=6311	0.006761565836298933	0.014977973568281937	0.007331378299120235	0.005067567567567568	0.005707762557077625	0.008695652173913044	0.006153846153846154	0.0	0.0059382422802850355	0.0	0.001639344262295082	0.0	0.008264462809917356	0.007782101167315175	0.0	0.0	0.027777777777777776
dmw=6312	0.4773569370111157	0.46825396825396826	0.5314922480620154	0.5092213114754098	0.5050316809541558	0.46348061316501354	0.461214953271028	0.5256038647342995	0.5113417916186083	0.4368932038834951	0.4544930875576037	0.4435695538057743	0.5242718446601942	0.5175233644859814	0.472	0.5885714285714285	0.4009009009009009
dmw=6313	0.5954638772118487	0.5634517766497462	0.6311239193083573	0.5944418276024493	0.5919266055045872	0.6046720575022462	0.5848134991119005	0.6032921810699589	0.6100299401197605	0.5315533980582524	0.6001154068090018	0.6601941747572816	0.6276923076923077	0.6072874493927125	0.5517241379310345	0.6181818181818182	0.5485232067510548
dmw=6314	0.34345398657549714	0.3344931203542622	0.3736413043478261	0.3702677746999077	0.35034093581001646	0.36198347107438017	0.34331583822167333	0.37007424328954885	0.3214455539705183	0.3137852246763138	0.3022556390977444	0.3985185185185185	0.37719298245614036	0.36776491540516476	0.40310077519379844	0.3870967741935484	0.2914285714285714
dmw=6315	0.023311416616855946	0.019158878504672898	0.03165182987141444	0.017716535433070866	0.026334519572953737	0.015228426395939087	0.011494252873563218	0.03197158081705151	0.014124293785310734	0.024444444444444446	0.02258064516129032	0.012875536480686695	0.0	0.013297872340425532	0.0	0.027777777777777776	0.0
dmw=6317	0.5598935226264419	0.560875512995896	0.5757575757575758	0.59846547314578	0.6037735849056604	0.5459770114942529	0.5686274509803921	0.5828220858895705	0.5833333333333334	0.49504950495049505	0.5692307692307692	0.5392156862745098	0.5666666666666667	0.6709677419354839	0.4393939393939394	0.46153846153846156	0.6666666666666666
dmw=6318	0.007182761372705506	0.0018148820326678765	0.0	0.0071174377224199285	0.0106951871657754	0.0	0.010067114093959731	0.024752475247524754	0.005154639175257732	0.0	0.0	0.0	0.0	0.0	0.0	0.0	0.024691358024691357
dmw=6319	0.23760523854069224	0.222011385199241	0.17751479289940827	0.228	0.23843416370106763	0.23076923076923078	0.23220973782771537	0.26424870466321243	0.22509225092250923	0.1774193548387097	0.24786324786324787	0.2545454545454545	0.3125	0.17117117117117117	0.36363636363636365	0.25	0.23684210526315788
dmw=6321	0.1459403905447071	0.2039045553145336	0.18835616438356165	0.18233618233618235	0.20475319926873858	0.1520912547528517	0.18297101449275363	0.18777292576419213	0.14768683274021352	0.08771929824561403	0.18803418803418803	0.13709677419354838	0.12962962962962962	0.09219858156028368	0.21428571428571427	0.20833333333333334	0.16279069767441862
dmw=6322	0.030800821355236138	0.02729528535980149	0.031578947368421054	0.038461538461538464	0.029850746268656716	0.006896551724137931	0.03355704697986577	0.020202020202020204	0.017902813299232736	0.010752688172043012	0.044715447154471545	0.0	0.0	0.02	0.0	0.0	0.0
dmw=6323	0.08063300678221552	0.09028960817717206	0.12627986348122866	0.13861386138613863	0.09090909090909091	0.10106382978723404	0.09281437125748503	0.11290322580645161	0.06764705882352941	0.12727272727272726	0.058823529411764705	0.05555555555555555	0.047619047619047616	0.09411764705882353	0.0	0.2727272727272727	0.10638297872340426
dmw=6324	0.011732229123533472	0.010638297872340425	0.00819672131147541	0.003194888178913738	0.0	0.0	0.006825938566552901	0.0	0.0	0.018691588785046728	0.00411522633744856	0.0	0.014705882352941176	0.006802721088435374	0.0	0.0	0.0
dmw=6325	0.011587485515643106	0.004705882352941176	0.005917159763313609	0.005	0.025	0.009523809523809525	0.00904977375565611	0.010752688172043012	0.009852216748768473	0.0	0.038834951456310676	0.0	0.0	0.0	0.0	0.0	0.0
dmw=6326	0.3256059009483667	0.31852986217457885	0.32461538461538464	0.33671742808798644	0.28688524590163933	0.2857142857142857	0.2795549374130737	0.33495145631067963	0.32723112128146453	0.3261802575107296	0.33217391304347826	0.5398230088495575	0.42528735632183906	0.2857142857142857	0.3333333333333333	0.4067796610169492	0.20588235294117646
dmw=6327	0.0035842293906810036	0.007352941176470588	0.009302325581395349	0.006944444444444444	0.0033112582781456954	0.015503875968992248	0.0037313432835820895	0.0055248618784530384	0.0	0.03418803418803419	0.03614457831325301	0.0	0.0	0.0	0.0	0.0	0.0
dmw=6328	0.025542168674698794	0.018292682926829267	0.03888888888888889	0.0171990171990172	0.03795620437956204	0.02252252252252252	0.022670025188916875	0.052884615384615384	0.02578268876611418	0.008620689655172414	0.06162464985994398	0.0	0.010638297872340425	0.016216216216216217	0.0	0.043478260869565216	0.06521739130434782
dmw=6329	0.004032258064516129	0.00558659217877095	0.0	0.002702702702702703	0.007220216606498195	0.010676156583629894	0.0024390243902439024	0.007575757575757576	0.011589403973509934	0.0	0.0	0.0	0.0	0.006289308176100629	0.0	0.0	0.2
dmw=6330	0.00539568345323741	0.001998001998001998	0.008818342151675485	0.0037243947858473	0.0011862396204033216	0.0036363636363636364	0.003110419906687403	0.010126582278481013	0.007125890736342043	0.01048951048951049	0.0	0.03333333333333333	0.005154639175257732	0.0	0.0	0.0	0.02
dmw=6331	0.011159107271418287	0.006566604127579738	0.007772020725388601	0.008880994671403197	0.0010604453870625664	0.008264462809917356	0.005119453924914676	0.00823045267489712	0.005793742757821553	0.009259259259259259	0.0044943820224719105	0.0	0.0	0.0	0.0	0.0	0.0
dmw=6332	0.0028328611898017	0.0036188178528347406	0.005415162454873646	0.0	0.0	0.02631578947368421	0.0069767441860465115	0.0	0.01415929203539823	0.006289308176100629	0.004878048780487805	0.0	0.0	0.011976047904191617	0.0	0.0	0.022222222222222223
dmw=6333	0.009057971014492754	0.005221932114882507	0.0	0.005249343832020997	0.001876172607879925	0.0	0.007978723404255319	0.007194244604316547	0.010471204188481676	0.0	0.0	0.0	0.0	0.0	0.02631578947368421	0.0	0.0
dmw=6334	0.016304347826086956	0.006498781478472786	0.006968641114982578	0.013084112149532711	0.005923000987166831	0.008888888888888889	0.006839945280437756	0.0	0.006289308176100629	0.0036101083032490976	0.005145797598627788	0.0	0.0	0.019011406844106463	0.02040816326530612	0.0	0.0
dmw=6335	0.002110595187842972	0.015932521087160263	0.00980392156862745	0.006932409012131715	0.0022271714922048997	0.011450381679389313	0.005780346820809248	0.005747126436781609	0.005714285714285714	0.0037313432835820895	0.007272727272727273	0.0	0.007352941176470588	0.0	0.01639344262295082	0.0	0.0
dmw=6336	0.01030141167493323	0.005930318754633061	0.01092896174863388	0.0226928895612708	0.009248554913294798	0.005813953488372093	0.0015290519877675841	0.013651877133105802	0.0013440860215053765	0.013559322033898305	0.008620689655172414	0.0	0.031746031746031744	0.02631578947368421	0.0	0.043478260869565216	0.0
dmw=6337	0.15447897623400367	0.2121951219512195	0.13	0.16831683168316833	0.0648854961832061	0.12903225806451613	0.12568306010928962	0.1111111111111111	0.10946745562130178	0.09859154929577464	0.13855421686746988	0.2692307692307692	0.19607843137254902	0.028169014084507043	0.0	0.13043478260869565	0.13333333333333333
dmw=6338	0.008928571428571428	0.016260162601626018	0.01529051987767584	0.02346041055718475	0.0022172949002217295	0.004694835680751174	0.0032258064516129032	0.0	0.01098901098901099	0.004694835680751174	0.0	0.0	0.0	0.009523809523809525	0.0	0.0	0.025
dmw=6339	0.031678082191780824	0.022429906542056073	0.061488673139158574	0.06130268199233716	0.03201970443349754	0.06422018348623854	0.017361111111111112	0.0423728813559322	0.037940379403794036	0.030303030303030304	0.03664921465968586	0.047619047619047616	0.046511627906976744	0.03508771929824561	0.0	0.06451612903225806	0.058823529411764705
dmw=6341	0.012027491408934709	0.03529411764705882	0.015544041450777202	0.0	0.014018691588785047	0.0	0.004694835680751174	0.0	0.0	0.0	0.0	0.0	0.0	0.0	0.0	0.0	0.0
dmw=6343	0.6449752883031301	0.6455108359133127	0.726890756302521	0.6822916666666666	0.6750700280112045	0.6911764705882353	0.6550632911392406	0.8070175438596491	0.6338028169014085	0.4909090909090909	0.5467980295566502	0.6944444444444444	0.5405405405405406	0.7050359712230215	0.6363636363636364	0.6176470588235294	0.5689655172413793
dmw=6344	0.00441257584114727	0.0010893246187363835	0.009478672985781991	0.0026455026455026454	0.015180265654648957	0.0	0.02054794520547945	0.011904761904761904	0.006557377049180328	0.00684931506849315	0.0	0.0	0.0	0.0	0.0	0.017241379310344827	0.0
dmw=6345	0.350076103500761	0.30618892508143325	0.36904761904761907	0.3786407766990291	0.3548387096774194	0.3333333333333333	0.4501347708894879	0.45701357466063347	0.3797814207650273	0.22321428571428573	0.25435540069686413	0.2807017543859649	0.20253164556962025	0.3442622950819672	0.4482758620689655	0.2222222222222222	0.8571428571428571
dmw=6346	0.011162790697674419	0.015582034830430797	0.012371134020618556	0.007731958762886598	0.0034782608695652175	0.005	0.009765625	0.01652892561983471	0.005940594059405941	0.017543859649122806	0.006726457399103139	0.019230769230769232	0.0	0.009900990099009901	0.0	0.058823529411764705	0.0
dmw=6347	0.13200723327305605	0.15547024952015356	0.13333333333333333	0.15348837209302327	0.1282051282051282	0.13402061855670103	0.24598930481283424	0.07258064516129033	0.15204678362573099	0.0625	0.14545454545454545	0.1323529411764706	0.23529411764705882	0.07692307692307693	0.06451612903225806	0.17857142857142858	0.26666666666666666
dmw=6348	0.4840923268870867	0.5061162079510704	0.4840085287846482	0.5133531157270029	0.4942084942084942	0.5477178423236515	0.45051194539249145	0.5242290748898678	0.4856046065259117	0.39622641509433965	0.4351851851851852	0.6226415094339622	0.43243243243243246	0.5234899328859061	1.0	0.4	0.4583333333333333
dmw=6349	0.5143769968051118	0.4680232558139535	0.6640625	0.625	0.40853658536585363	0.4927536231884058	0.5286624203821656	0.5263157894736842	0.46788990825688076	0.3333333333333333	0.38144329896907214	0.4827586206896552	0.75	0.5882352941176471	1.0	0.7647058823529411	0.0
dmw=6350	0.46346704871060174	0.4655688622754491	0.5180722891566265	0.39408866995073893	0.44974874371859297	0.40930232558139534	0.4642857142857143	0.45248868778280543	0.3934782608695652	0.5	0.4533898305084746	0.2692307692307692	0.559322033898305	0.3137254901960784	0.5	0.5909090909090909	0.34615384615384615
dmw=6351	0.010231316725978648	0.0018832391713747645	0.02727272727272727	0.046012269938650305	0.006305170239596469	0.0049504950495049506	0.004454342984409799	0.014336917562724014	0.008944543828264758	0.013574660633484163	0.008032128514056224	0.016574585635359115	0.017241379310344827	0.0	0.0	0.0	0.0
dmw=6352	0.6187800963081862	0.5886939571150097	0.6130268199233716	0.555045871559633	0.6082089552238806	0.5864197530864198	0.6017191977077364	0.656441717791411	0.656957928802589	0.46236559139784944	0.5256410256410257	0.6122448979591837	0.62	0.5816326530612245	0.6	0.3333333333333333	0.5111111111111111
dmw=6353	0.3754646840148699	0.38491048593350385	0.41797752808988764	0.3980263157894737	0.3701550387596899	0.41450777202072536	0.3700980392156863	0.45625	0.33883058470764615	0.3515151515151515	0.3333333333333333	0.36633663366336633	0.2926829268292683	0.4067796610169492	0.23809523809523808	0.43478260869565216	0.2807017543859649
dmw=6354	0.5634648370497427	0.5647668393782384	0.5622489959839357	0.6439169139465876	0.6151960784313726	0.5144230769230769	0.6333333333333333	0.4888888888888889	0.5765472312703583	0.4057971014492754	0.5303030303030303	0.6451612903225806	0.5671641791044776	0.7070707070707071	1.0	0.6111111111111112	0.4716981132075472
dmw=6355	0.7570532915360502	0.7400681044267877	0.7537993920972644	0.8342541436464088	0.8074398249452954	0.6698564593301436	0.8114901256732495	0.8279883381924198	0.784452296819788	0.7268041237113402	0.7355072463768116	0.7676767676767676	0.8507462686567164	0.8417721518987342	0.8181818181818182	0.8615384615384616	0.5769230769230769
dmw=6356	0.7691358024691358	0.7465564738292011	0.8321167883211679	0.8344370860927153	0.8443708609271523	0.7868852459016393	0.7549668874172185	0.7894736842105263	0.7156398104265402	0.6666666666666666	0.6739130434782609	0.8387096774193549	0.7333333333333333	0.6933333333333334	0.8	1.0	0.9473684210526315
dmw=6357	0.4587628865979381	0.45454545454545453	0.5489655172413793	0.45516304347826086	0.49640287769784175	0.47761194029850745	0.5193621867881549	0.5176211453744494	0.45454545454545453	0.5448275862068965	0.3930704898446834	0.5258620689655172	0.5862068965517241	0.4755244755244755	0.5882352941176471	0.5	0.5864661654135338
dmw=6358	0.010223048327137546	0.0033112582781456954	0.013179571663920923	0.0050335570469798654	0.0060790273556231	0.01048951048951049	0.006097560975609756	0.007352941176470588	0.0018050541516245488	0.0	0.011235955056179775	0.0	0.0	0.00823045267489712	0.0	0.0	0.0
dmw=6359	0.33990536277602523	0.3437945791726106	0.3141025641025641	0.33858267716535434	0.3433734939759036	0.34108527131782945	0.37626262626262624	0.3557692307692308	0.3617021276595745	0.3128491620111732	0.37209302325581395	0.42	0.48148148148148145	0.48760330578512395	0.38235294117647056	0.4375	0.36231884057971014
dmw=6360	0.6057064283258852	0.5712240515390121	0.6589358799454298	0.6693944353518821	0.7088305489260143	0.5721518987341773	0.6032210834553441	0.6148325358851675	0.569620253164557	0.3852140077821012	0.5275229357798165	0.7293233082706767	0.6712328767123288	0.74	0.7466666666666667	0.7887323943661971	0.6226415094339622
dmw=6361	0.27588757396449703	0.23909774436090225	0.36046511627906974	0.2564102564102564	0.2458628841607565	0.31216931216931215	0.2538860103626943	0.18796992481203006	0.28448275862068967	0.22857142857142856	0.24806201550387597	0.21621621621621623	0.2631578947368421	0.30985915492957744	0.4	0.06666666666666667	0.35294117647058826
dmw=6362	0.4046692607003891	0.4066147859922179	0.4090909090909091	0.3431952662721893	0.5406698564593302	0.49572649572649574	0.40551181102362205	0.49333333333333335	0.4065934065934066	0.15384615384615385	0.4143646408839779	0.18604651162790697	0.5	0.3076923076923077	0.0	0.8571428571428571	0.3617021276595745
dmw=6363	0.0039003900390039005	0.010216346153846154	0.004889975550122249	0.009205983889528193	0.0008051529790660225	0.00963855421686747	0.004739336492890996	0.00425531914893617	0.011156186612576065	0.004016064257028112	0.001597444089456869	0.008968609865470852	0.0	0.0	0.016129032258064516	0.0	0.0
dmw=6364	0.00754992693619094	0.0056939501779359435	0.009887005649717515	0.010344827586206896	0.009523809523809525	0.01240694789081886	0.006385696040868455	0.006006006006006006	0.005567928730512249	0.0032258064516129032	0.009784735812133072	0.0	0.0	0.013422818791946308	0.0	0.039603960396039604	0.0
dmw=6365	0.004730928444707274	0.008130081300813009	0.0	0.0	0.009541984732824428	0.0	0.0045871559633027525	0.007407407407407408	0.00992063492063492	0.013793103448275862	0.012195121951219513	0.0	0.0	0.007194244604316547	0.0	0.0	0.0
dmw=6366	0.018380241240666284	0.004016064257028112	0.0	0.0	0.0018148820326678765	0.003875968992248062	0.0	0.00558659217877095	0.002369668246445498	0.006993006993006993	0.003861003861003861	0.0	0.0	0.018691588785046728	0.0	0.013888888888888888	0.0
dmw=6367	0.37269129287598945	0.43824228028503565	0.3888888888888889	0.41247002398081534	0.47706422018348627	0.43805309734513276	0.4925373134328358	0.40131578947368424	0.42355371900826444	0.40869565217391307	0.2903225806451613	0.3508771929824561	0.5194805194805194	0.37209302325581395	0.5263157894736842	0.4375	0.5714285714285714
dmw=6368	0.6083009079118028	0.6053412462908012	0.7194244604316546	0.5732484076433121	0.6731707317073171	0.7037037037037037	0.6685714285714286	0.6923076923076923	0.6	0.5376344086021505	0.610738255033557	0.5769230769230769	0.8	0.6744186046511628	0.8387096774193549	0.0	0.5384615384615384
dmw=6369	0.008182349503214495	0.005470459518599562	0.011848341232227487	0.007352941176470588	0.006968641114982578	0.02158273381294964	0.0	0.0	0.0034782608695652175	0.0	0.0	0.0	0.029411764705882353	0.008620689655172414	0.0	0.027777777777777776	0.0
dmw=6370	0.625615763546798	0.7242798353909465	0.6666666666666666	0.7943262411347518	0.7087912087912088	0.7804878048780488	0.6808510638297872	0.6842105263157895	0.6432748538011696	0.46296296296296297	0.49473684210526314	0.7037037037037037	0.8082191780821918	0.5769230769230769	0.0	0.0	0.9285714285714286
dmw=6371	0.0056942619360490585	0.0	0.0034662045060658577	0.006263048016701462	0.0	0.008620689655172414	0.004942339373970346	0.0	0.0023148148148148147	0.011278195488721804	0.0075046904315197	0.008333333333333333	0.0	0.0	0.0	0.0	0.016129032258064516
dmw=6372	0.01486988847583643	0.011034482758620689	0.0	0.007707129094412331	0.006127450980392157	0.0	0.011737089201877934	0.003134796238244514	0.0042796005706134095	0.04929577464788732	0.007228915662650603	0.02127659574468085	0.0	0.014925373134328358	0.0	0.0	0.0
dmw=6373	0.007042253521126761	0.002976190476190476	0.0	0.04	0.0	0.010416666666666666	0.02824858757062147	0.0	0.0	0.0	0.0	0.0	0.07692307692307693	0.0	0.0	0.0	0.0
dmw=6374	0.6560951437066402	0.6438923395445134	0.6666666666666666	0.6557377049180327	0.6758620689655173	0.5617977528089888	0.6741071428571429	0.7131782945736435	0.6845878136200717	0.4358974358974359	0.6871508379888268	0.5333333333333333	0.45	0.77	1.0	0.625	0.43902439024390244
dmw=6375	0.3711760707002039	0.4415954415954416	0.4954268292682927	0.4389233954451346	0.4658703071672355	0.4124087591240876	0.45616883116883117	0.40524781341107874	0.44781553398058255	0.27309236947791166	0.2958477508650519	0.6185567010309279	0.0	0.3347107438016529	0.3793103448275862	0.5473684210526316	0.5428571428571428
dmw=6376	0.0736	0.03676470588235294	0.06622516556291391	0.03910614525139665	0.04142011834319527	0.03488372093023256	0.056451612903225805	0.031746031746031744	0.040268456375838924	0.0	0.07207207207207207	0.03225806451612903	0.0	0.0	0.0	0.0	0.1
dmw=6378	0.014285714285714285	0.0	0.0	0.0	0.0	0.0	0.0	0.0	0.022727272727272728	0.0	0.0	0.0	0.0	0.0	0.0	0.0	0.0
dmw=6382	0.005161290322580645	0.0169971671388102	0.0035842293906810036	0.030864197530864196	0.0041841004184100415	0.0	0.008547008547008548	0.0	0.018867924528301886	0.0	0.007352941176470588	0.0	0.0	0.0	0.03225806451612903	0.0	0.0
dmw=6383	0.4337485843714609	0.45591939546599497	0.4772727272727273	0.41007194244604317	0.423841059602649	0.4810126582278481	0.4595744680851064	0.4642857142857143	0.44308943089430897	0.2647058823529412	0.2074468085106383	0.7894736842105263	0.6153846153846154	0.48	0.6578947368421053	0.0	0.15384615384615385
dmw=6384	0.006278538812785388	0.009879253567508232	0.0	0.011764705882352941	0.006568144499178982	0.0	0.0026246719160104987	0.0	0.0017006802721088435	0.0	0.00625	0.031914893617021274	0.0	0.0056179775280898875	0.0	0.0	0.0
dmw=6385	0.0074418604651162795	0.022774327122153208	0.0	0.0	0.008450704225352112	0.0	0.0	0.014814814814814815	0.0	0.008695652173913044	0.011494252873563218	0.0	0.0	0.0	0.0	0.0	0.0
dmw=6386	0.013482101348210134	0.007157464212678937	0.012269938650306749	0.02195121951219512	0.020168067226890758	0.00546448087431694	0.014545454545454545	0.03553299492385787	0.0586145648312611	0.023121387283236993	0.004796163069544364	0.0	0.0	0.03278688524590164	0.13333333333333333	0.02857142857142857	0.0
dmw=6387	0.5857988165680473	0.5694444444444444	0.6480446927374302	0.5391705069124424	0.568733153638814	0.5963302752293578	0.6619718309859155	0.5974842767295597	0.4844559585492228	0.1780821917808219	0.5222929936305732	0.7142857142857143	0.3793103448275862	0.6351351351351351	0.5111111111111111	0.5625	0.3333333333333333
dmw=6389	0.011073253833049404	0.003067484662576687	0.008948545861297539	0.00980392156862745	0.007692307692307693	0.007407407407407408	0.006700167504187605	0.012437810945273632	0.004437869822485207	0.015151515151515152	0.004454342984409799	0.0125	0.0	0.0	0.0	0.0	0.0
dmw=6393	0.009157509157509158	0.0027472527472527475	0.012903225806451613	0.0	0.005076142131979695	0.0	0.007246376811594203	0.0	0.005649717514124294	0.0	0.0	0.0	0.0	0.024691358024691357	0.0	0.0	0.0
dmw=6394	0.15778474399164055	0.12398373983739837	0.21212121212121213	0.1685823754789272	0.16923076923076924	0.14925373134328357	0.14186851211072665	0.24770642201834864	0.11272727272727273	0.1452991452991453	0.12749003984063745	0.17567567567567569	0.15625	0.2222222222222222	0.05555555555555555	0.06666666666666667	0.12244897959183673
dmw=6395	0.005720823798627002	0.012690355329949238	0.0	0.011111111111111112	0.0	0.012422360248447204	0.016042780748663103	0.00980392156862745	0.0	0.042105263157894736	0.007575757575757576	0.0	0.014705882352941176	0.0	0.0	0.0	0.0
dmw=6396	0.03271028037383177	0.021966527196652718	0.1261744966442953	0.06082289803220036	0.13027744270205066	0.11507936507936507	0.15047879616963064	0.006779661016949152	0.12466124661246612	0.09326424870466321	0.035830618892508145	0.15748031496062992	0.028037383177570093	0.11870503597122302	0.18461538461538463	0.17391304347826086	0.09302325581395349
dmw=6397	0.23513328776486672	0.26390685640362227	0.1891891891891892	0.1994535519125683	0.2787769784172662	0.20833333333333334	0.28391959798994976	0.31216931216931215	0.28160919540229884	0.16058394160583941	0.15425531914893617	0.328125	0.40625	0.2971014492753623	0.0	0.2619047619047619	0.3333333333333333
dmw=6398	0.0037593984962406013	0.008620689655172414	0.0	0.0	0.0	0.0	0.0	0.0	0.0	0.0	0.0	0.0	0.0	0.0	0.0	0.0	0.0
dmw=6404	0.168359375	0.19532554257095158	0.09706959706959707	0.13503649635036497	0.15833333333333333	0.2733812949640288	0.08947368421052632	0.20382165605095542	0.2767857142857143	0.13333333333333333	0.21518987341772153	0.1797752808988764	0.14563106796116504	0.1902439024390244	0.18867924528301888	0.061224489795918366	0.33088235294117646
dmw=6406	0.6335125448028673	0.6103012633624878	0.6383647798742138	0.6214442013129103	0.6642547033285094	0.645320197044335	0.6003490401396161	0.6640316205533597	0.6406995230524642	0.6190476190476191	0.6147540983606558	0.5934065934065934	0.8461538461538461	0.5714285714285714	0.8205128205128205	0.6744186046511628	0.46153846153846156
dmw=6407	0.6912065439672802	0.6840909090909091	0.7073170731707317	0.6157205240174672	0.7827715355805244	0.7383720930232558	0.7868020304568528	0.777027027027027	0.6836027713625866	0.5061728395061729	0.5798816568047337	0.5555555555555556	0.875	0.6987951807228916	0.8571428571428571	0.6842105263157895	0.5555555555555556
dmw=6408	0.035676810073452254	0.040983606557377046	0.024752475247524754	0.01652892561983471	0.02510460251046025	0.02912621359223301	0.036	0.056910569105691054	0.05533596837944664	0.0	0.04597701149425287	0.06060606060606061	0.0625	0.03773584905660377	0.0625	0.16666666666666666	0.0
dmw=6409	0.5347298787210585	0.5116822429906542	0.5875912408759124	0.6016260162601627	0.5236363636363637	0.42138364779874216	0.5309278350515464	0.5561797752808989	0.4666666666666667	0.4868421052631579	0.46540880503144655	0.5555555555555556	0.3090909090909091	0.673469387755102	0.8823529411764706	0.5333333333333333	0.43478260869565216
dmw=6410	0.01278409090909091	0.02278481012658228	0.013574660633484163	0.011560693641618497	0.015625	0.0	0.09743589743589744	0.0	0.008928571428571428	0.0	0.0	0.0	0.0	0.0	0.0	0.0	0.0
dmw=6411	0.00392156862745098	0.001941747572815534	0.044444444444444446	0.006578947368421052	0.002717391304347826	0.0	0.011560693641618497	0.014218009478672985	0.0024937655860349127	0.0	0.0	0.0	0.08333333333333333	0.011494252873563218	0.0	0.14634146341463414	0.0
dmw=6418	0.05798969072164949	0.05539358600583091	0.046511627906976744	0.058823529411764705	0.03208556149732621	0.017543859649122806	0.042682926829268296	0.05172413793103448	0.04411764705882353	0.06593406593406594	0.03508771929824561	0.09803921568627451	0.08333333333333333	0.046875	0.07142857142857142	0.06	0.0
dmw=6419	0.4906642179369452	0.4383916990920882	0.4264018691588785	0.4177545691906005	0.43130724396336384	0.5326876513317191	0.3918269230769231	0.44529750479846447	0.5513447432762836	0.43137254901960786	0.41851106639839036	0.41	0.569620253164557	0.3333333333333333	0.2916666666666667	0.5	0.38333333333333336
dmw=6420	0.5529542920847269	0.5251798561151079	0.481994459833795	0.5360824742268041	0.5653846153846154	0.47318611987381703	0.5483870967741935	0.5243445692883895	0.565406976744186	0.46956521739130436	0.5363321799307958	0.547945205479452	0.42424242424242425	0.4830508474576271	0.8888888888888888	0.6666666666666666	0.5096153846153846
dmw=6421	0.39064824654622743	0.391378574477166	0.36772486772486773	0.3453887884267631	0.42170542635658914	0.46307692307692305	0.4114441416893733	0.4127659574468085	0.42781222320637735	0.29850746268656714	0.42431466030989273	0.2818181818181818	0.3923076923076923	0.3567708333333333	0.42857142857142855	0.3829787234042553	0.3392857142857143
dmw=6422	0.4777882797731569	0.4409221902017291	0.44404332129963897	0.48590021691973967	0.4673748103186646	0.4634146341463415	0.5	0.42786069651741293	0.48172757475083056	0.5221674876847291	0.5235955056179775	0.28695652173913044	0.6142857142857143	0.36764705882352944	0.1935483870967742	0.3902439024390244	0.3728813559322034
dmw=6423	0.010848126232741617	0.004694835680751174	0.011049723756906077	0.0	0.0	0.0	0.003194888178913738	0.031446540880503145	0.002770083102493075	0.0	0.009389671361502348	0.0	0.0	0.0	0.0	0.0	0.0
dmw=6425	0.006948831332912192	0.0038412291933418692	0.007058823529411765	0.0	0.014319809069212411	0.006060606060606061	0.0018450184501845018	0.014563106796116505	0.005607476635514018	0.012903225806451613	0.0	0.0	0.01694915254237288	0.0	0.0	0.0	0.0
dmw=6426	0.10157194679564692	0.10256410256410256	0.11194029850746269	0.0970464135021097	0.09665427509293681	0.1125	0.08	0.1092436974789916	0.11785714285714285	0.10666666666666667	0.05454545454545454	0.05555555555555555	0.08771929824561403	0.05084745762711865	0.0	0.0	0.09523809523809523
dmw=6427	0.176033934252386	0.13069908814589665	0.17482517482517482	0.18134715025906736	0.13059701492537312	0.16666666666666666	0.17424242424242425	0.14893617021276595	0.14376996805111822	0.09574468085106383	0.14193548387096774	0.1574074074074074	0.1	0.2	0.0	0.3333333333333333	0.0
dmw=6431	0.8845208845208845	0.875	0.8470588235294118	0.7333333333333333	0.8322981366459627	0.8309859154929577	0.8620689655172413	0.835820895522388	0.8193832599118943	0.9090909090909091	0.7818181818181819	0.9090909090909091	0.0	0.9418604651162791	1.0	0.8571428571428571	0.0
dmw=6433	0.006203068886712374	0.002789400278940028	0.01061320754716981	0.004424778761061947	0.0072992700729927005	0.005747126436781609	0.013404825737265416	0.009433962264150943	0.009575923392612859	0.006578947368421052	0.0	0.014492753623188406	0.0	0.0	0.013513513513513514	0.0	0.0
dmw=6434	0.6153169014084507	0.5209380234505863	0.6696035242290749	0.6994219653179191	0.6311239193083573	0.6483516483516484	0.5422740524781341	0.689922480620155	0.67578125	0.5686274509803921	0.6126126126126126	0.7017543859649122	0.7391304347826086	0.5943396226415094	0.7142857142857143	0.8461538461538461	0.45
dmw=6436	0.0059445178335535	0.007911392405063292	0.008695652173913044	0.0	0.005263157894736842	0.008620689655172414	0.0	0.015544041450777202	0.009708737864077669	0.008547008547008548	0.0	0.0	0.0	0.02127659574468085	0.0	0.0	0.0
dmw=6437	0.01296111665004985	0.015486725663716814	0.005434782608695652	0.0	0.016194331983805668	0.006578947368421052	0.020100502512562814	0.0	0.0	0.05084745762711865	0.017857142857142856	0.0	0.0	0.043478260869565216	0.0	0.0	0.0
dmw=6438	0.3018065887353879	0.3452544704264099	0.40476190476190477	0.4222222222222222	0.3714902807775378	0.481651376146789	0.35498839907192575	0.34536082474226804	0.2524271844660194	0.336	0.23465703971119134	0.1111111111111111	0.34177215189873417	0.34375	0.14285714285714285	0.0	0.75
dmw=6439	0.006776379477250726	0.005312084993359893	0.04390243902439024	0.05704697986577181	0.04619565217391304	0.04242424242424243	0.013888888888888888	0.006993006993006993	0.056133056133056136	0.09482758620689655	0.009036144578313253	0.03333333333333333	0.014492753623188406	0.05042016806722689	0.1	0.17647058823529413	0.0
dmw=6440	0.00834326579261025	0.02531645569620253	0.027450980392156862	0.02727272727272727	0.026415094339622643	0.07194244604316546	0.030303030303030304	0.0	0.017857142857142856	0.028169014084507043	0.021897810218978103	0.03773584905660377	0.0	0.032520325203252036	0.0	0.0	0.0
dmw=6441	0.0654849827671098	0.06424581005586592	0.14756944444444445	0.09090909090909091	0.09794628751974724	0.22797927461139897	0.09292929292929293	0.03488372093023256	0.11854103343465046	0.23030303030303031	0.05504587155963303	0.05263157894736842	0.04819277108433735	0.09	0.037037037037037035	0.22093023255813954	0.35
dmw=6442	0.006230529595015576	0.005970149253731343	0.005376344086021506	0.02666666666666667	0.0	0.019230769230769232	0.0	0.0	0.0072992700729927005	0.0	0.014814814814814815	0.0	0.0	0.017543859649122806	0.0	0.0	0.0
dmw=6443	0.00922722029988466	0.006224066390041493	0.03088803088803089	0.022026431718061675	0.0	0.011627906976744186	0.009009009009009009	0.006756756756756757	0.03208556149732621	0.0	0.0	0.0	0.017543859649122806	0.0	0.0	0.0	0.0
dmw=6449	0.005636604774535809	0.0009551098376313276	0.006134969325153374	0.005357142857142857	0.0074962518740629685	0.009615384615384616	0.01303538175046555	0.009900990099009901	0.0049813200498132005	0.005763688760806916	0.005361930294906166	0.006535947712418301	0.0196078431372549	0.005319148936170213	0.0	0.0	0.0
dmw=6450	0.028985507246376812	0.019064124783362217	0.02368421052631579	0.014234875444839857	0.04018912529550828	0.029411764705882353	0.01881720430107527	0.011428571428571429	0.03875968992248062	0.05263157894736842	0.010362694300518135	0.0	0.05714285714285714	0.009615384615384616	0.0	0.0	0.043478260869565216
dmw=6451	0.0019747235387045812	0.0066815144766146995	0.004784688995215311	0.0036496350364963502	0.009825327510917031	0.004651162790697674	0.02531645569620253	0.010948905109489052	0.001256281407035176	0.0	0.0	0.03278688524590164	0.019801980198019802	0.0	0.0425531914893617	0.0	0.0
dmw=6452	0.005392156862745098	0.0055762081784386614	0.0017241379310344827	0.006932409012131715	0.011824324324324325	0.011834319526627219	0.001763668430335097	0.006968641114982578	0.005128205128205128	0.0	0.006578947368421052	0.0	0.011363636363636364	0.0	0.024390243902439025	0.0	0.0
dmw=6453	0.03673094582185491	0.04048582995951417	0.05555555555555555	0.045871559633027525	0.029535864978902954	0.02564102564102564	0.03686635944700461	0.08333333333333333	0.04950495049504951	0.041237113402061855	0.02304147465437788	0.04477611940298507	0.07777777777777778	0.047058823529411764	0.03333333333333333	0.0	0.0
dmw=6454	0.2074688796680498	0.17765042979942694	0.20765027322404372	0.25675675675675674	0.20103092783505155	0.058823529411764705	0.26063829787234044	0.15151515151515152	0.15609756097560976	0.14814814814814814	0.14736842105263157	0.35714285714285715	0.07407407407407407	0.16883116883116883	0.0	0.2	0.25
dmw=6455	0.3382269904009034	0.35267857142857145	0.34108527131782945	0.36813186813186816	0.3627906976744186	0.39473684210526316	0.37193763919821826	0.40086206896551724	0.2621951219512195	0.28651685393258425	0.3768996960486322	0.375	0.3188405797101449	0.3125	0.36363636363636365	0.0	0.12698412698412698
dmw=6456	0.22588376273217495	0.240625	0.22137404580152673	0.26	0.24416517055655296	0.21100917431192662	0.22325581395348837	0.24427480916030533	0.1891348088531187	0.22608695652173913	0.21621621621621623	0.265625	0.21839080459770116	0.26153846153846155	0.16666666666666666	0.0	0.4
dmw=6457	0.19638242894056848	0.19239373601789708	0.21292775665399238	0.16666666666666666	0.16828478964401294	0.24242424242424243	0.12408759124087591	0.19736842105263158	0.21739130434782608	0.18382352941176472	0.1926605504587156	0.0975609756097561	0.21875	0.17142857142857143	0.5	0.16666666666666666	0.14285714285714285
dmw=6458	0.0036328408815693874	0.005991611743559017	0.007551240560949299	0.007423117709437964	0.008389261744966443	0.006134969325153374	0.007389162561576354	0.004310344827586207	0.0065298507462686565	0.0034602076124567475	0.0037926675094816687	0.0	0.0	0.0	0.0	0.011764705882352941	0.0
dmw=6459	0.011650485436893204	0.0	0.008849557522123894	0.02127659574468085	0.02097902097902098	0.012658227848101266	0.00819672131147541	0.0	0.0	0.0	0.017391304347826087	0.0	0.0	0.0	0.0	0.0	0.0
dmw=6460	0.011936339522546418	0.009404388714733543	0.00997506234413965	0.0	0.00931098696461825	0.01702127659574468	0.014583333333333334	0.007462686567164179	0.013020833333333334	0.007352941176470588	0.005714285714285714	0.0	0.0	0.017543859649122806	0.0	0.0	0.0
dmw=6461	0.0074142724745134385	0.002257336343115124	0.005405405405405406	0.007662835249042145	0.003115264797507788	0.0	0.00510204081632653	0.02	0.006644518272425249	0.0	0.012195121951219513	0.0	0.010101010101010102	0.0	0.0	0.0	0.0
dmw=6462	0.004048582995951417	0.0031545741324921135	0.003472222222222222	0.0076045627376425855	0.007481296758104738	0.006896551724137931	0.01256281407035176	0.022598870056497175	0.002777777777777778	0.009523809523809525	0.0	0.0	0.0	0.012578616352201259	0.0	0.0	0.0
dmw=6463	0.015061434799841459	0.017664376840039256	0.007621951219512195	0.01607142857142857	0.012514220705346985	0.012853470437017995	0.006160164271047228	0.015337423312883436	0.010817307692307692	0.009615384615384616	0.008602150537634409	0.0	0.01282051282051282	0.015228426395939087	0.0	0.0	0.016129032258064516
dmw=6467	0.3282208588957055	0.35789473684210527	0.6507936507936508	0.2318840579710145	0.4845360824742268	0.3275862068965517	0.4727272727272727	0.3	0.37735849056603776	0.2	0.25	0.8181818181818182	0.2	0.2692307692307692	0.0	0.42857142857142855	0.75
dmw=6468	0.32191069574247144	0.3490566037735849	0.3193717277486911	0.36742424242424243	0.30317848410757947	0.4883720930232558	0.3141891891891892	0.36363636363636365	0.3297587131367292	0.26436781609195403	0.4032258064516129	0.5909090909090909	0.42105263157894735	0.3448275862068966	0.7	0.3783783783783784	0.7
dmw=6469	0.005382131324004306	0.003472222222222222	0.0	0.020100502512562814	0.007352941176470588	0.0	0.005050505050505051	0.0	0.0035211267605633804	0.009708737864077669	0.0	0.0	0.0	0.015873015873015872	0.0	0.0	0.0
dmw=6470	0.01870748299319728	0.011881188118811881	0.029315960912052116	0.0375	0.03571428571428571	0.01818181818181818	0.003676470588235294	0.07216494845360824	0.09695290858725762	0.07792207792207792	0.03731343283582089	0.0	0.18604651162790697	0.06818181818181818	0.13043478260869565	0.0	0.025
dmw=6471	0.012622720897615708	0.0070052539404553416	0.010526315789473684	0.014608233731739707	0.01727447216890595	0.012461059190031152	0.009291521486643438	0.0389908256880734	0.015182186234817813	0.01384083044982699	0.016556291390728478	0.004651162790697674	0.0	0.006896551724137931	0.0	0.0	0.0
dmw=6472	0.04161248374512354	0.03180212014134275	0.078125	0.0379746835443038	0.05485232067510549	0.02040816326530612	0.0718562874251497	0.09090909090909091	0.022099447513812154	0.0	0.058823529411764705	0.0	0.0	0.08	0.19047619047619047	0.0	0.0
dmw=6473	0.0931253047294003	0.09475032010243278	0.10648148148148148	0.09734513274336283	0.08247422680412371	0.09375	0.1218568665377176	0.075	0.10934393638170974	0.0759493670886076	0.1407035175879397	0.045454545454545456	0.20388349514563106	0.052083333333333336	0.13636363636363635	0.0784313725490196	0.10714285714285714
dmw=6474	0.08975903614457831	0.05654761904761905	0.10483870967741936	0.06172839506172839	0.06578947368421052	0.12264150943396226	0.07507507507507508	0.1552511415525114	0.08347529812606473	0.02830188679245283	0.09970674486803519	0.03	0.09523809523809523	0.0136986301369863	0.0	0.15555555555555556	0.0
dmw=6475	0.028891509433962265	0.037138927097661624	0.029239766081871343	0.03821656050955414	0.03264604810996564	0.03734439834024896	0.017902813299232736	0.06481481481481481	0.05152224824355972	0.05194805194805195	0.0859375	0.06349206349206349	0.0	0.008849557522123894	0.0	0.05263157894736842	0.0
dmw=6476	0.025390625	0.023762376237623763	0.03119584055459272	0.0273972602739726	0.018575851393188854	0.027559055118110236	0.004942339373970346	0.04713804713804714	0.008389261744966443	0.025974025974025976	0.032171581769437	0.0	0.05172413793103448	0.005154639175257732	0.15384615384615385	0.05714285714285714	0.023255813953488372
dmw=6477	0.014672400708322793	0.008561643835616438	0.015609756097560976	0.016216216216216217	0.0062724014336917565	0.004796163069544364	0.004860267314702308	0.017110266159695818	0.004688546550569324	0.015873015873015872	0.003367003367003367	0.0	0.017391304347826087	0.0070052539404553416	0.0	0.0	0.014285714285714285
dmw=6478	0.007514450867052023	0.01463963963963964	0.007233273056057866	0.0	0.0014285714285714286	0.0	0.0041753653444676405	0.0	0.007233273056057866	0.0	0.008695652173913044	0.0	0.01098901098901099	0.008620689655172414	0.0	0.061224489795918366	0.0
dmw=6480	0.005018820577164366	0.0027247956403269754	0.0	0.011764705882352941	0.006396588486140725	0.005208333333333333	0.0026954177897574125	0.011111111111111112	0.00796812749003984	0.011235955056179775	0.00819672131147541	0.013888888888888888	0.0	0.0136986301369863	0.015625	0.0	0.0
dmw=6481	0.018226002430133656	0.006160164271047228	0.0036363636363636364	0.04838709677419355	0.0	0.0	0.0	0.0	0.003257328990228013	0.0	0.006172839506172839	0.0	0.022222222222222223	0.0	0.0	0.0	0.09375
dmw=6482	0.008447043534762833	0.006640106241699867	0.0	0.0033783783783783786	0.014634146341463415	0.02	0.0036231884057971015	0.00684931506849315	0.004514672686230248	0.02666666666666667	0.010101010101010102	0.0	0.0	0.0	0.0	0.0	0.0
dmw=6483	0.018982536066818528	0.02263083451202263	0.018433179723502304	0.013745704467353952	0.020964360587002098	0.047058823529411764	0.0070921985815602835	0.02142857142857143	0.0375	0.0	0.03608247422680412	0.02531645569620253	0.0	0.01694915254237288	0.13333333333333333	0.0	0.0
dmw=6486	0.001949317738791423	0.004962779156327543	0.0	0.0	0.0	0.0	0.0	0.0	0.0031746031746031746	0.0	0.0	0.0	0.0	0.034482758620689655	0.0	0.0	0.0
dmw=6487	0.03041144901610018	0.032520325203252036	0.02112676056338028	0.021164021164021163	0.0345821325648415	0.06993006993006994	0.01744186046511628	0.03409090909090909	0.04428044280442804	0.03529411764705882	0.026595744680851064	0.04	0.021739130434782608	0.05	0.0	0.1111111111111111	0.0
dmw=6488	0.16685267857142858	0.14453125	0.12848484848484848	0.18902439024390244	0.17552533992583436	0.1523809523809524	0.1346153846153846	0.1517412935323383	0.1718889883616831	0.14375	0.23252858958068615	0.06711409395973154	0.13043478260869565	0.09547738693467336	0.3939393939393939	0.07936507936507936	0.10526315789473684
dmw=6489	0.5432098765432098	0.5977653631284916	0.5165289256198347	0.5771144278606966	0.5	0.5784313725490197	0.582089552238806	0.5447154471544715	0.4850615114235501	0.40625	0.5177664974619289	0.36363636363636365	0.5306122448979592	0.5876288659793815	0.7368421052631579	0.8518518518518519	0.0
dmw=6490	0.6071716357775987	0.563777994157741	0.5639344262295082	0.6060606060606061	0.5901116427432217	0.6266666666666667	0.6	0.6196319018404908	0.5590551181102362	0.5852534562211982	0.5616797900262467	0.6048387096774194	0.72	0.5342465753424658	0.6410256410256411	0.5	0.5
dmw=6491	0.545751633986928	0.44686648501362397	0.5283842794759825	0.5424836601307189	0.4209445585215606	0.4928571428571429	0.4348958333333333	0.5166666666666667	0.4419970631424376	0.4852941176470588	0.44816053511705684	0.5784313725490197	0.3333333333333333	0.41843971631205673	0.6	0.47619047619047616	0.4852941176470588
dmw=6492	0.4927404718693285	0.526060606060606	0.5531062124248497	0.4939759036144578	0.4584070796460177	0.5657894736842105	0.49604743083003955	0.502092050209205	0.37168141592920356	0.3357142857142857	0.4592391304347826	0.5391304347826087	0.4868421052631579	0.46715328467153283	0.5476190476190477	0.7285714285714285	0.7096774193548387
dmw=6493	0.4038861901457321	0.4274300932090546	0.25333333333333335	0.4512471655328798	0.3391472868217054	0.2753623188405797	0.24866310160427807	0.3488372093023256	0.4843205574912892	0.2777777777777778	0.39481268011527376	0.4731182795698925	0.41025641025641024	0.2037037037037037	0.09523809523809523	0.3333333333333333	0.23076923076923078
dmw=6494	0.4957886676875957	0.5008605851979346	0.4796380090497738	0.5436681222707423	0.45865834633385333	0.4482758620689655	0.44570502431118314	0.584	0.4663923182441701	0.3737864077669903	0.415625	0.40425531914893614	0.4878048780487805	0.3526315789473684	0.44680851063829785	0.4264705882352941	0.43478260869565216
dmw=6495	0.31176470588235294	0.32719665271966525	0.30757575757575756	0.382830626450116	0.24342105263157895	0.2339622641509434	0.2416452442159383	0.2627551020408163	0.24651810584958217	0.25416666666666665	0.3048973143759874	0.2631578947368421	0.12598425196850394	0.375	0.21052631578947367	0.3103448275862069	0.4375
dmw=6500	0.45505171042163883	0.41967871485943775	0.5854700854700855	0.5454545454545454	0.5106382978723404	0.47619047619047616	0.49767441860465117	0.532	0.5341246290801187	0.3564356435643564	0.4009009009009009	0.5625	0.5909090909090909	0.3958333333333333	0.46153846153846156	0.5882352941176471	0.16666666666666666
dmw=6506	0.018487394957983194	0.015555555555555555	0.04365079365079365	0.02843601895734597	0.00821917808219178	0.009523809523809525	0.015873015873015872	0.015151515151515152	0.015384615384615385	0.01639344262295082	0.012048192771084338	0.0392156862745098	0.0	0.0	0.0	0.0	0.0851063829787234
dmw=6507	0.5933147632311978	0.6595744680851063	0.6503856041131105	0.6028708133971292	0.5564142194744977	0.6063829787234043	0.6675824175824175	0.564748201438849	0.634375	0.44	0.6324110671936759	0.5476190476190477	0.6825396825396826	0.5252525252525253	0.7352941176470589	0.5846153846153846	0.7
dmw=6508	0.2363138686131387	0.25806451612903225	0.192	0.3094170403587444	0.22255192878338279	0.1	0.29304029304029305	0.28431372549019607	0.2638522427440633	0.20833333333333334	0.20634920634920634	0.32	0.058823529411764705	0.3048780487804878	0.5263157894736842	0.0	0.2222222222222222
dmw=6509	0.7831267874165873	0.7669706180344478	0.8194130925507901	0.8105022831050228	0.8168498168498168	0.7947598253275109	0.7754318618042226	0.7925170068027211	0.7617260787992496	0.7037037037037037	0.765079365079365	0.7721518987341772	0.8888888888888888	0.8288770053475936	0.8518518518518519	0.9016393442622951	0.6521739130434783
dmw=6510	0.5396215257244235	0.5486526946107785	0.5517647058823529	0.555895865237366	0.5648994515539305	0.5656108597285068	0.5893782383419689	0.5651438240270727	0.6077294685990338	0.5619834710743802	0.4916030534351145	0.4858757062146893	0.5621301775147929	0.4870848708487085	0.5909090909090909	0.5343511450381679	0.5606060606060606
dmw=6511	0.5932423651721898	0.6252319109461967	0.6472081218274112	0.6470588235294118	0.6172839506172839	0.5944055944055944	0.6225352112676056	0.6460674157303371	0.5826377295492488	0.5352112676056338	0.5397923875432526	0.704225352112676	0.7254901960784313	0.64375	0.9	0.6222222222222222	0.7741935483870968
dmw=6512	0.012488849241748439	0.02708803611738149	0.02100840336134454	0.006289308176100629	0.00784313725490196	0.014084507042253521	0.009259259259259259	0.03305785123966942	0.02616279069767442	0.034782608695652174	0.004807692307692308	0.0	0.0	0.06493506493506493	0.0	0.05263157894736842	0.0
dmw=6513	0.15028248587570622	0.14403973509933773	0.16531165311653118	0.14285714285714285	0.16135458167330677	0.1509433962264151	0.16105769230769232	0.19745222929936307	0.12837837837837837	0.12244897959183673	0.19844357976653695	0.2692307692307692	0.10714285714285714	0.17532467532467533	0.0	0.037037037037037035	0.3404255319148936
dmw=6514	0.042230892816157904	0.03252480705622933	0.028962188254223652	0.046370967741935484	0.03837118245888802	0.02680965147453083	0.024945770065075923	0.06040268456375839	0.05802816901408451	0.025280898876404494	0.04822695035460993	0.045112781954887216	0.010309278350515464	0.04610951008645533	0.0	0.02857142857142857	0.0
dmw=6515	0.031957928802589	0.01639344262295082	0.038461538461538464	0.027439024390243903	0.04284103720405862	0.024390243902439025	0.0196078431372549	0.012269938650306749	0.04084158415841584	0.05263157894736842	0.017509727626459144	0.04411764705882353	0.02158273381294964	0.021505376344086023	0.0	0.046875	0.0
dmw=6516	0.013038204972710734	0.006093845216331505	0.015677491601343786	0.008695652173913044	0.008841732979664015	0.00967741935483871	0.01138353765323993	0.005870841487279843	0.009699321047526674	0.01977401129943503	0.00425531914893617	0.04054054054054054	0.0	0.0056179775280898875	0.18421052631578946	0.02564102564102564	0.0
dmw=6517	0.008336443946746298	0.005246913580246914	0.007596067917783735	0.006802721088435374	0.006358177322500883	0.008097165991902834	0.006264236902050114	0.005660377358490566	0.001984914648670107	0.0014492753623188406	0.005430566330488751	0.010416666666666666	0.0034129692832764505	0.007509386733416771	0.016260162601626018	0.0	0.01875
dmw=6518	0.007104795737122558	0.005226480836236934	0.0	0.007556675062972292	0.003424657534246575	0.024475524475524476	0.0070921985815602835	0.017605633802816902	0.0017605633802816902	0.005263157894736842	0.006289308176100629	0.0	0.0	0.0	0.016129032258064516	0.0967741935483871	0.0
dmw=6519	0.004016064257028112	0.01282051282051282	0.011990407673860911	0.002570694087403599	0.0018248175182481751	0.0070921985815602835	0.017632241813602016	0.006134969325153374	0.0	0.006369426751592357	0.005076142131979695	0.009345794392523364	0.0	0.0	0.0	0.0	0.0
dmw=6520	0.04	0.03980099502487562	0.022653721682847898	0.04678362573099415	0.037383177570093455	0.09655172413793103	0.03202846975088968	0.041666666666666664	0.04411764705882353	0.031496062992125984	0.07111111111111111	0.047619047619047616	0.041666666666666664	0.012738853503184714	0.0	0.0	0.0
dmw=6521	0.024246192104445136	0.023238925199709513	0.03619909502262444	0.03235294117647059	0.021384928716904276	0.026570048309178744	0.036170212765957444	0.010775862068965518	0.02040816326530612	0.021645021645021644	0.017408123791102514	0.035398230088495575	0.043859649122807015	0.008771929824561403	0.0	0.014705882352941176	0.04411764705882353
dmw=6522	0.6221919673247107	0.6368221941992434	0.6639118457300276	0.5952380952380952	0.6682134570765661	0.6813186813186813	0.6081081081081081	0.6413043478260869	0.6435643564356436	0.5759493670886076	0.5985663082437276	0.6831683168316832	0.5306122448979592	0.6541353383458647	0.0	0.7368421052631579	0.631578947368421
dmw=6523	0.00288704438830747	0.009565217391304347	0.004	0.005067567567567568	0.0057553956834532375	0.0	0.00998003992015968	0.005555555555555556	0.0056625141562853904	0.009478672985781991	0.002336448598130841	0.0	0.0	0.0	0.0	0.0	0.0
dmw=6524	0.01048284625158831	0.025412087912087912	0.030944625407166124	0.03766478342749529	0.005934718100890208	0.008670520231213872	0.004026845637583893	0.01015228426395939	0.00539568345323741	0.007380073800738007	0.015065913370998116	0.03361344537815126	0.0	0.00819672131147541	0.0	0.023809523809523808	0.0
dmw=6525	0.006273525721455458	0.01809954751131222	0.0	0.007556675062972292	0.016877637130801686	0.0	0.003913894324853229	0.0	0.004934210526315789	0.005847953216374269	0.010169491525423728	0.0	0.0	0.004032258064516129	0.0	0.0	0.009345794392523364
dmw=6526	0.00604370060437006	0.006211180124223602	0.004662004662004662	0.005333333333333333	0.0016366612111292963	0.006172839506172839	0.008869179600886918	0.0	0.00423728813559322	0.0	0.0035211267605633804	0.0	0.0975609756097561	0.006896551724137931	0.0	0.0392156862745098	0.0
dmw=6527	0.17769671704012507	0.21438082556591212	0.18075801749271136	0.19293478260869565	0.21507760532150777	0.18110236220472442	0.22193877551020408	0.18250950570342206	0.11754068716094032	0.13636363636363635	0.11764705882352941	0.08045977011494253	0.2558139534883721	0.12844036697247707	0.08333333333333333	0.23809523809523808	0.2222222222222222
dmw=6528	0.008932038834951457	0.01048951048951049	0.010486177311725452	0.007285974499089253	0.005394470667565745	0.009852216748768473	0.011423550087873463	0.01642710472279261	0.010578718108276292	0.014457831325301205	0.011608623548922056	0.014285714285714285	0.005291005291005291	0.0035335689045936395	0.0	0.0	0.0
dmw=6529	0.12367661212704524	0.12273212379935966	0.14512922465208747	0.12614678899082568	0.13962264150943396	0.12837837837837837	0.1211453744493392	0.1750841750841751	0.11043872919818457	0.14953271028037382	0.1519756838905775	0.1524390243902439	0.13953488372093023	0.17575757575757575	0.16666666666666666	0.22727272727272727	0.1
dmw=6531	0.008849557522123894	0.0014492753623188406	0.0	0.00423728813559322	0.0019455252918287938	0.005555555555555556	0.0	0.01098901098901099	0.006944444444444444	0.0	0.009345794392523364	0.028846153846153848	0.02	0.008064516129032258	0.0	0.0	0.06060606060606061
dmw=6532	0.05452322738386308	0.06593406593406594	0.061762034514078114	0.05472636815920398	0.06006322444678609	0.036093418259023353	0.053475935828877004	0.09217877094972067	0.0343980343980344	0.05027932960893855	0.06548672566371681	0.05042016806722689	0.07352941176470588	0.10931174089068826	0.0	0.06557377049180328	0.060240963855421686
dmw=6537	0.006339144215530904	0.007326007326007326	0.024922118380062305	0.0	0.003125	0.007692307692307693	0.006600660066006601	0.0	0.011730205278592375	0.0	0.004901960784313725	0.0196078431372549	0.0	0.015625	0.0	0.0	0.0
dmw=6539	0.005199306759098787	0.0049261083743842365	0.0030864197530864196	0.0	0.00749063670411985	0.0070921985815602835	0.0	0.0	0.012048192771084338	0.0	0.0	0.0	0.0	0.016	0.0	0.0	0.0
dmw=6540	0.006484149855907781	0.0033333333333333335	0.005025125628140704	0.0051635111876075735	0.0079155672823219	0.006493506493506494	0.011312217194570135	0.0	0.014380530973451327	0.004464285714285714	0.0	0.004694835680751174	0.0	0.011494252873563218	0.0	0.015873015873015872	0.0
dmw=6541	0.004455106237148732	0.003457216940363008	0.0071090047393364926	0.0017211703958691911	0.007281553398058253	0.014705882352941176	0.003189792663476874	0.0	0.005221932114882507	0.0	0.00998003992015968	0.0	0.009433962264150943	0.0	0.0	0.0	0.0
dmw=6542	0.02064631956912029	0.025906735751295335	0.022026431718061675	0.02097902097902098	0.029850746268656716	0.03225806451612903	0.018433179723502304	0.0	0.034482758620689655	0.0	0.018404907975460124	0.0	0.0	0.0	0.058823529411764705	0.5	0.0
dmw=6545	0.051222351571594875	0.055453991468616695	0.08179419525065963	0.09686609686609686	0.09004739336492891	0.08284023668639054	0.07900943396226415	0.04460966542750929	0.058394160583941604	0.08793969849246232	0.05421686746987952	0.16417910447761194	0.031496062992125984	0.10476190476190476	0.13333333333333333	0.03546099290780142	0.06896551724137931
dmw=6547	0.004592422502870264	0.004434589800443459	0.009345794392523364	0.0	0.008968609865470852	0.010869565217391304	0.027522935779816515	0.023255813953488372	0.003105590062111801	0.0	0.0	0.0	0.0	0.0	0.0	0.0	0.0
dmw=6549	0.005759539236861051	0.010183299389002037	0.01694915254237288	0.009836065573770493	0.011267605633802818	0.0	0.0	0.0	0.01038961038961039	0.0	0.0	0.015151515151515152	0.0	0.0	0.0	0.0	0.0
dmw=6559	0.0013698630136986301	0.011267605633802818	0.00949367088607595	0.0	0.003861003861003861	0.019867549668874173	0.0	0.011764705882352941	0.007207207207207207	0.009174311926605505	0.004273504273504274	0.0	0.0	0.020202020202020204	0.0	0.013333333333333334	0.0
dmw=6560	0.008232445520581114	0.004464285714285714	0.005089058524173028	0.0	0.0051813471502590676	0.023255813953488372	0.005791505791505791	0.013574660633484163	0.012219959266802444	0.014705882352941176	0.013114754098360656	0.0	0.048	0.009259259259259259	0.09523809523809523	0.0	0.0
dmw=6561	0.004932182490752158	0.009708737864077669	0.002680965147453083	0.003048780487804878	0.006564551422319475	0.007142857142857143	0.012048192771084338	0.004081632653061225	0.014218009478672985	0.0	0.007042253521126761	0.0	0.0	0.007751937984496124	0.0	0.0	0.0
dmw=6562	0.022872827081427266	0.004166666666666667	0.00796812749003984	0.004672897196261682	0.003076923076923077	0.0	0.008968609865470852	0.0	0.006349206349206349	0.0	0.01020408163265306	0.0	0.0	0.0	0.0	0.02564102564102564	0.0
dmw=6564	0.7479674796747967	0.7309644670050761	0.7272727272727273	0.7169811320754716	0.7734806629834254	0.7294117647058823	0.7849462365591398	0.6428571428571429	0.8442211055276382	0.7894736842105263	0.765625	0.7857142857142857	0.8888888888888888	0.9302325581395349	0.8333333333333334	1.0	0.71875
dmw=6565	0.009737827715355805	0.008389261744966443	0.0	0.0	0.0	0.0	0.0027397260273972603	0.0	0.00625	0.0	0.003105590062111801	0.0	0.0	0.016042780748663103	0.0	0.0	0.0
dmw=6574	0.09359605911330049	0.06417112299465241	0.03508771929824561	0.08333333333333333	0.03389830508474576	0.184	0.11976047904191617	0.06956521739130435	0.1917808219178082	0.15730337078651685	0.008771929824561403	0.0	0.3684210526315789	0.03636363636363636	0.10714285714285714	0.2	0.4117647058823529
dmw=6587	0.20121951219512196	0.22646310432569974	0.16022099447513813	0.2561576354679803	0.21851851851851853	0.2191780821917808	0.22043010752688172	0.21686746987951808	0.275	0.2857142857142857	0.21678321678321677	0.0	0.2909090909090909	0.13333333333333333	0.0	0.0	0.17391304347826086
dmw=6588	0.005701254275940707	0.0029498525073746312	0.0	0.008968609865470852	0.011764705882352941	0.0	0.0	0.0	0.003816793893129771	0.011904761904761904	0.0	0.0	0.0	0.0	0.07142857142857142	0.0	0.0
dmw=6600	0.002531645569620253	0.010526315789473684	0.0	0.0	0.0	0.0	0.0	0.0	0.00980392156862745	0.0	0.0	0.0	0.0	0.0	0.0	0.0	0.0
dmw=6601	0.8355855855855856	0.7488584474885844	0.786096256684492	0.8070175438596491	0.7472527472527473	0.8352941176470589	0.6977777777777778	0.7808219178082192	0.6637168141592921	0.4117647058823529	0.75	0.4	0.7586206896551724	0.6296296296296297	0.0	0.75	0.52
dmw=6602	0.013513513513513514	0.0	0.0	0.0	0.0	0.0	0.010526315789473684	0.022222222222222223	0.0	0.0	0.012345679012345678	0.0	0.0	0.0	0.0	0.0	0.0
dmw=6604	0.015857284440039643	0.0056022408963585435	0.017857142857142856	0.008928571428571428	0.0	0.0	0.0	0.014084507042253521	0.0	0.011363636363636364	0.007575757575757576	0.0	0.0	0.009708737864077669	0.0	0.0	0.0
dmw=6605	0.016355140186915886	0.004672897196261682	0.0	0.010752688172043012	0.007352941176470588	0.0	0.007352941176470588	0.0	0.0	0.0	0.008695652173913044	0.0	0.0	0.0	0.14285714285714285	0.0	0.0
dmw=6609	0.8306878306878307	0.9259259259259259	0.9555555555555556	0.9464285714285714	0.8043478260869565	0.7619047619047619	0.7317073170731707	0.75	0.8979591836734694	0.875	0.9487179487179487	1.0	1.0	0.8888888888888888	0.0	1.0	0.0
dmw=6611	0.06063522617901829	0.06811594202898551	0.025936599423631124	0.08695652173913043	0.03811659192825112	0.0	0.09669211195928754	0.02247191011235955	0.08775981524249422	0.041884816753926704	0.07142857142857142	0.17567567567567569	0.13793103448275862	0.10828025477707007	0.0	0.024390243902439025	0.06666666666666667
dmw=6612	0.6644798500468604	0.6567505720823799	0.7142857142857143	0.6181102362204725	0.7313432835820896	0.6260162601626016	0.7045454545454546	0.7191011235955056	0.7215568862275449	0.5535714285714286	0.6827956989247311	0.6511627906976745	0.7	0.7142857142857143	0.7142857142857143	0.6486486486486487	0.2
dmw=6613	0.6873940079140758	0.6488294314381271	0.7037974683544304	0.7534246575342466	0.7351351351351352	0.7185929648241206	0.6931216931216931	0.6614583333333334	0.6786427145708582	0.5234899328859061	0.75	0.8125	0.6470588235294118	0.6822429906542056	0.6785714285714286	0.625	0.7058823529411765
dmw=6619	0.021897810218978103	0.004524886877828055	0.1891891891891892	0.07920792079207921	0.0	0.14583333333333334	0.0	0.0	0.006756756756756757	0.20588235294117646	0.0	0.06666666666666667	0.0	0.0	0.6	0.2	0.0
dmw=6621	0.003780718336483932	0.004739336492890996	0.0	0.0	0.0	0.0	0.019801980198019802	0.013333333333333334	0.0	0.0	0.012345679012345678	0.0	0.0	0.03571428571428571	0.0	0.0	0.0
dmw=6622	0.0024875621890547263	0.002898550724637681	0.0	0.008438818565400843	0.0	0.02702702702702703	0.0	0.021505376344086023	0.004098360655737705	0.0	0.0	0.0	0.0	0.013888888888888888	0.0	0.0	0.0
dmw=6630	0.8518518518518519	0.8505747126436781	0.847457627118644	0.8148148148148148	0.8676470588235294	0.8865979381443299	0.7681159420289855	0.8088235294117647	0.8961748633879781	0.4473684210526316	0.8356164383561644	0.9111111111111111	0.8571428571428571	0.9830508474576272	0.0	0.0	0.7
dmw=6633	0.044740024183796856	0.039755351681957186	0.005434782608695652	0.006944444444444444	0.00411522633744856	0.0	0.06134969325153374	0.17721518987341772	0.0	0.0	0.007692307692307693	0.0	0.0	0.022222222222222223	0.0	0.0	0.25
dmw=6636	0.0045045045045045045	0.014736842105263158	0.0	0.028125	0.015789473684210527	0.011695906432748537	0.0	0.012903225806451613	0.0029069767441860465	0.012195121951219513	0.00749063670411985	0.0	0.0	0.0	0.05263157894736842	0.0	0.0
dmw=6640	0.31889908256880733	0.3024431339511373	0.362012987012987	0.28363636363636363	0.31594634873323396	0.30704225352112674	0.3288084464555053	0.2631578947368421	0.3474320241691843	0.4140127388535032	0.31237322515212984	0.4043478260869565	0.2426470588235294	0.26900584795321636	0.5	0.42857142857142855	0.26595744680851063
dmw=6644	0.7838196286472149	0.7185792349726776	0.775609756097561	0.7549668874172185	0.7722772277227723	0.7967479674796748	0.8472222222222222	0.8296296296296296	0.8208092485549133	0.5396825396825397	0.7923497267759563	0.8	0.7241379310344828	0.8085106382978723	0.8	0.9285714285714286	0.8947368421052632
dmw=6647	0.1934032983508246	0.24299065420560748	0.34782608695652173	0.14606741573033707	0.1891891891891892	0.12371134020618557	0.12612612612612611	0.19811320754716982	0.07317073170731707	0.275	0.145985401459854	0.0	0.15384615384615385	0.15384615384615385	0.0	0.0625	0.14285714285714285
dmw=6648	0.01263537906137184	0.0	0.02681992337164751	0.02066115702479339	0.014619883040935672	0.02531645569620253	0.008064516129032258	0.010526315789473684	0.0072992700729927005	0.014285714285714285	0.004901960784313725	0.0	0.0	0.01818181818181818	0.0	0.0	0.0
dmw=6649	0.0048721071863581	0.006954102920723227	0.00558659217877095	0.017857142857142856	0.0034423407917383822	0.0	0.006472491909385114	0.007751937984496124	0.0022123893805309734	0.0	0.0	0.019230769230769232	0.0	0.007462686567164179	0.0	0.0	0.0
dmw=6650	0.006310958118187034	0.003367003367003367	0.00554016620498615	0.016260162601626018	0.003278688524590164	0.020833333333333332	0.0025575447570332483	0.01293103448275862	0.007653061224489796	0.0	0.005917159763313609	0.0	0.0	0.01098901098901099	0.0	0.0	0.0
dmw=6651	0.017761255679471292	0.02883799830364716	0.016129032258064516	0.023157894736842106	0.035386631716906945	0.042134831460674156	0.019157088122605363	0.027491408934707903	0.02527646129541864	0.028225806451612902	0.007575757575757576	0.011363636363636364	0.046153846153846156	0.02413793103448276	0.0	0.0	0.0
dmw=6652	0.26033357505438726	0.21006944444444445	0.2408026755852843	0.25316455696202533	0.19201995012468828	0.29577464788732394	0.20168067226890757	0.21714285714285714	0.2559652928416486	0.16326530612244897	0.145748987854251	0.16883116883116883	0.2558139534883721	0.10112359550561797	0.3111111111111111	0.3333333333333333	0.3
dmw=6653	0.007385524372230428	0.0	0.03205128205128205	0.014084507042253521	0.014285714285714285	0.0	0.0	0.03614457831325301	0.004347826086956522	0.013513513513513514	0.015267175572519083	0.0	0.0	0.0	0.0	0.0	0.0
dmw=6654	0.011764705882352941	0.004451038575667656	0.020618556701030927	0.01	0.0	0.013513513513513514	0.0	0.014634146341463415	0.00390625	0.01834862385321101	0.021897810218978103	0.0136986301369863	0.0	0.007936507936507936	0.0	0.0	0.0
dmw=6661	0.0099601593625498	0.008207934336525308	0.00546448087431694	0.008928571428571428	0.009287925696594427	0.0	0.006968641114982578	0.003816793893129771	0.00411522633744856	0.015873015873015872	0.02214022140221402	0.012048192771084338	0.02702702702702703	0.0	0.03571428571428571	0.0	0.0
dmw=6667	0.09966777408637874	0.12418300653594772	0.09401709401709402	0.13432835820895522	0.14173228346456693	0.12903225806451613	0.10714285714285714	0.12195121951219512	0.07777777777777778	0.2777777777777778	0.08620689655172414	0.07692307692307693	0.0	0.15517241379310345	0.2857142857142857	0.1	0.0
dmw=6668	0.04766355140186916	0.03787878787878788	0.029850746268656716	0.013392857142857142	0.028938906752411574	0.09016393442622951	0.07512953367875648	0.0	0.05647840531561462	0.056179775280898875	0.05027932960893855	0.0	0.018867924528301886	0.07142857142857142	0.0	0.0	0.037037037037037035
dmw=6669	0.8038203407330924	0.7721854304635761	0.8648648648648649	0.8289855072463768	0.81419624217119	0.8693693693693694	0.8333333333333334	0.8526785714285714	0.7706896551724138	0.6583333333333333	0.7666666666666667	0.8676470588235294	0.9056603773584906	0.8625	0.76	0.0	0.8771929824561403
dmw=6670	0.6024785510009533	0.591254752851711	0.6150442477876106	0.6515151515151515	0.5951557093425606	0.6030534351145038	0.559322033898305	0.6153846153846154	0.5859872611464968	0.54	0.6476190476190476	0.6575342465753424	0.5454545454545454	0.6813186813186813	0.5	0.6923076923076923	0.5384615384615384
dmw=6675	0.8508634222919937	0.8435374149659864	0.8837209302325582	0.9259259259259259	0.8223684210526315	0.84375	0.8325358851674641	0.8947368421052632	0.8577777777777778	0.8941176470588236	0.8681318681318682	0.8571428571428571	0.9565217391304348	0.9	0.0	0.8	0.0
dmw=6685	0.11065149948293691	0.10539845758354756	0.04186046511627907	0.088	0.109375	0.08571428571428572	0.10441767068273092	0.05660377358490566	0.09205020920502092	0.06944444444444445	0.06086956521739131	0.0	0.10204081632653061	0.03529411764705882	0.3333333333333333	0.16666666666666666	0.14285714285714285
dmw=6689	0.00697350069735007	0.008695652173913044	0.0	0.0055248618784530384	0.010050251256281407	0.0	0.0	0.0	0.0	0.017241379310344827	0.0	0.08333333333333333	0.0	0.0	0.0	0.0	0.0
dmw=6694	0.005780346820809248	0.008746355685131196	0.0	0.0	0.008595988538681949	0.008264462809917356	0.0	0.0	0.008298755186721992	0.0	0.01639344262295082	0.0	0.0	0.0	0.0	0.0	0.0
dmw=6695	0.14150943396226415	0.18775510204081633	0.11188811188811189	0.22784810126582278	0.102803738317757	0.20689655172413793	0.07368421052631578	0.016666666666666666	0.2696629213483146	0.1111111111111111	0.14457831325301204	0.0	0.0	0.08333333333333333	0.45	0.625	0.25
dmw=6700	0.8452655889145496	0.8577981651376146	0.9230769230769231	0.9074074074074074	0.9148936170212766	0.875	0.9576271186440678	0.8245614035087719	0.8656716417910447	0.6976744186046512	0.7887323943661971	0.967741935483871	1.0	0.9375	1.0	1.0	1.0
dmw=6702	0.012690355329949238	0.011461318051575931	0.005291005291005291	0.0	0.011235955056179775	0.024193548387096774	0.0	0.0	0.018018018018018018	0.0	0.0	0.0	0.0	0.011363636363636364	0.0	0.0	0.0
dmw=6703	0.31218905472636815	0.211340206185567	0.6078431372549019	0.45774647887323944	0.575	0.6931818181818182	0.5480225988700564	0.3770491803278688	0.570281124497992	0.417910447761194	0.2619047619047619	0.4375	0.4473684210526316	0.39473684210526316	0.7058823529411765	0.5	0.6764705882352942
dmw=6707	0.005312868949232586	0.009779951100244499	0.003289473684210526	0.0	0.005928853754940711	0.006211180124223602	0.010752688172043012	0.008658008658008658	0.003968253968253968	0.0	0.01791044776119403	0.0	0.0	0.006578947368421052	0.0	0.0	0.0
dmw=6708	0.060669456066945605	0.040106951871657755	0.061946902654867256	0.08484848484848485	0.0048543689320388345	0.049019607843137254	0.012903225806451613	0.0625	0.02973977695167286	0.07547169811320754	0.05042016806722689	0.0	0.12244897959183673	0.0	0.12121212121212122	0.15384615384615385	0.05405405405405406
dmw=6709	0.45218417945690675	0.4304812834224599	0.43455497382198954	0.4189189189189189	0.13793103448275862	0.40860215053763443	0.13537117903930132	0.5208333333333334	0.17903930131004367	0.40789473684210525	0.3643410852713178	0.6428571428571429	0.47058823529411764	0.12195121951219512	0.4117647058823529	0.6666666666666666	0.23529411764705882
dmw=6710	0.8870523415977961	0.90625	0.9385474860335196	0.9125	0.48255813953488375	0.7592592592592593	0.6785714285714286	0.8846153846153846	0.6898148148148148	0.8	0.693069306930693	0.975	0.9230769230769231	0.9215686274509803	0.7142857142857143	0.9047619047619048	0.3333333333333333
dmw=6711	0.6413738019169329	0.6269113149847095	0.6646884272997032	0.6597938144329897	0.7175925925925926	0.543859649122807	0.6681818181818182	0.6971830985915493	0.5871121718377088	0.35714285714285715	0.6185567010309279	0.6857142857142857	0.6774193548387096	0.7197452229299363	0.0	0.6744186046511628	0.45
dmw=6712	0.004992867332382311	0.008141112618724558	0.0036101083032490976	0.00234192037470726	0.005277044854881266	0.0	0.0	0.0	0.007853403141361256	0.0	0.002840909090909091	0.0	0.017241379310344827	0.0	0.0	0.0	0.0
dmw=6713	0.9	0.813953488372093	0.8661971830985915	0.8842975206611571	0.5615384615384615	0.8775510204081632	0.6078431372549019	0.9324324324324325	0.6338028169014085	0.7083333333333334	0.9146341463414634	0.9230769230769231	0.4444444444444444	0.6842105263157895	1.0	0.9444444444444444	1.0
dmw=6714	0.017069701280227598	0.0121580547112462	0.007751937984496124	0.01652892561983471	0.0	0.0	0.024793388429752067	0.0	0.0	0.0	0.0	0.0	0.0	0.017241379310344827	0.0	0.0	0.0
dmw=6716	0.005813953488372093	0.013333333333333334	0.0	0.025	0.0	0.0	0.018867924528301886	0.0	0.0	0.0	0.0	0.0	0.0	0.0	0.0	0.0	0.25
dmw=6717	0.2365038560411311	0.2413793103448276	0.35106382978723405	0.3780487804878049	0.11570247933884298	0.13953488372093023	0.08	0.3235294117647059	0.08080808080808081	0.3333333333333333	0.3157894736842105	0.5	0.20689655172413793	0.2	0.0	0.2857142857142857	0.3333333333333333
dmw=6718	0.003989361702127659	0.004032258064516129	0.014150943396226415	0.003472222222222222	0.004319654427645789	0.0	0.013404825737265416	0.013888888888888888	0.006369426751592357	0.0	0.0	0.0	0.013157894736842105	0.007575757575757576	0.0	0.125	0.0
dmw=6719	0.01053639846743295	0.0020408163265306124	0.01532567049808429	0.00303951367781155	0.014084507042253521	0.0	0.0	0.0	0.0	0.01	0.0	0.03076923076923077	0.0	0.0	0.0	0.0	0.0
dmw=6720	0.07523066004258339	0.07228915662650602	0.06797583081570997	0.11702127659574468	0.108	0.0703125	0.07941176470588235	0.08042895442359249	0.08403361344537816	0.06666666666666667	0.06759443339960239	0.045454545454545456	0.056	0.056818181818181816	0.08163265306122448	0.0847457627118644	0.029411764705882353
dmw=6721	0.04490198225824116	0.037207054844165255	0.0472744814278823	0.036527263102170464	0.06178396072013093	0.06270096463022508	0.05190989226248776	0.06263736263736264	0.04491609081934847	0.036231884057971016	0.039843239712606136	0.05620608899297424	0.041666666666666664	0.063257065948856	0.03508771929824561	0.06880733944954129	0.04142011834319527
dmw=6722	0.005878510777269758	0.006201550387596899	0.0	0.002109704641350211	0.0	0.0	0.0	0.0	0.02111324376199616	0.0	0.014492753623188406	0.037037037037037035	0.0	0.0	0.0	0.0	0.0
dmw=6723	0.0037128712871287127	0.0056657223796034	0.0017094017094017094	0.006420545746388443	0.0012578616352201257	0.013215859030837005	0.0037593984962406013	0.011494252873563218	0.002564102564102564	0.004484304932735426	0.003048780487804878	0.0	0.0	0.0049504950495049506	0.0	0.0	0.00847457627118644
dmw=6725	0.004261913986826811	0.00699912510936133	0.004761904761904762	0.010638297872340425	0.006430868167202572	0.0044444444444444444	0.005128205128205128	0.012145748987854251	0.01507537688442211	0.007462686567164179	0.0	0.012269938650306749	0.04	0.013422818791946308	0.0	0.0	0.0
dmw=6737	0.004784688995215311	0.0	0.0	0.0	0.007633587786259542	0.0	0.0	0.015151515151515152	0.008771929824561403	0.0	0.02247191011235955	0.0	0.0	0.0	0.0	0.0	0.0
dmw=6746	0.0025853154084798345	0.004484304932735426	0.004420866489832007	0.009857612267250822	0.006122448979591836	0.0106951871657754	0.017953321364452424	0.0	0.001	0.01569506726457399	0.0027548209366391185	0.0	0.010050251256281407	0.0	0.0	0.03773584905660377	0.0
dmw=6747	0.043219076005961254	0.043795620437956206	0.03503184713375796	0.04376784015223597	0.03720333547145606	0.034482758620689655	0.04449838187702265	0.027573529411764705	0.023487962419260128	0.01818181818181818	0.024277456647398842	0.031446540880503145	0.03900709219858156	0.034739454094292806	0.0196078431372549	0.03529411764705882	0.028409090909090908
dmw=6748	0.029992684711046085	0.02384737678855326	0.01951219512195122	0.01990049751243781	0.023121387283236993	0.026845637583892617	0.02973977695167286	0.015384615384615385	0.053125	0.030864197530864196	0.05263157894736842	0.0	0.09090909090909091	0.03409090909090909	0.14285714285714285	0.047619047619047616	0.022222222222222223
dmw=6749	0.003599280143971206	0.0	0.002242152466367713	0.015625	0.004140786749482402	0.004807692307692308	0.00510204081632653	0.007518796992481203	0.0044742729306487695	0.0	0.0	0.0	0.0	0.015267175572519083	0.022727272727272728	0.0	0.0
dmw=6750	0.004228329809725159	0.006369426751592357	0.006593406593406593	0.00546448087431694	0.005791505791505791	0.0029940119760479044	0.008561643835616438	0.005813953488372093	0.003125	0.0	0.0	0.0	0.0	0.0	0.0	0.0	0.0
dmw=6751	0.0049504950495049506	0.0026595744680851063	0.004201680672268907	0.0	0.004555808656036446	0.0	0.005988023952095809	0.0	0.008	0.005917159763313609	0.0	0.0	0.014285714285714285	0.0	0.0	0.023809523809523808	0.0
dmw=6752	0.35958005249343833	0.3006134969325153	0.25	0.5079365079365079	0.15217391304347827	0.23529411764705882	0.14814814814814814	0.2777777777777778	0.3137254901960784	0.21428571428571427	0.22448979591836735	0.3125	0.3333333333333333	0.1724137931034483	0.0	0.6666666666666666	0.14285714285714285
dmw=6757	0.006172839506172839	0.00945179584120983	0.008695652173913044	0.008928571428571428	0.0	0.0	0.011278195488721804	0.0196078431372549	0.0	0.0	0.0	0.0	0.0	0.0	0.0	0.0	0.0
dmw=6773	0.00980392156862745	0.0051813471502590676	0.0	0.0048543689320388345	0.0	0.010752688172043012	0.007633587786259542	0.0	0.003968253968253968	0.0	0.025477707006369428	0.0	0.0	0.0	0.0	0.0	0.0
dmw=6777	0.0014641288433382138	0.0016181229773462784	0.003236245954692557	0.0	0.0	0.0	0.0071174377224199285	0.010135135135135136	0.00392156862745098	0.0	0.0	0.020833333333333332	0.0	0.0	0.0	0.0	0.0
dmw=6778	0.009767092411720512	0.005172413793103448	0.0	0.0	0.008928571428571428	0.00546448087431694	0.007142857142857143	0.0	0.0056022408963585435	0.011627906976744186	0.0	0.0	0.01818181818181818	0.0136986301369863	0.0	0.15	0.0
dmw=6791	0.5768725361366623	0.5845272206303725	0.6220472440944882	0.4146341463414634	0.6377551020408163	0.6991869918699187	0.5714285714285714	0.6953125	0.6625	0.4880952380952381	0.6183574879227053	1.0	0.6875	0.6125	0.6	0.8571428571428571	0.3
dmw=6792	0.004125412541254125	0.003766478342749529	0.0035087719298245615	0.007575757575757576	0.0	0.008849557522123894	0.004201680672268907	0.005847953216374269	0.0028169014084507044	0.0	0.0	0.0	0.0	0.013513513513513514	0.0	0.0	0.0
dmw=6807	0.4205298013245033	0.3931034482758621	0.4246575342465753	0.46875	0.45	0.3333333333333333	0.39655172413793105	0.22580645161290322	0.4305555555555556	0.17647058823529413	0.4057971014492754	0.13333333333333333	0.0	0.36	0.0	0.0	1.0
dmw=6825	0.008861622358554875	0.005291005291005291	0.008379888268156424	0.005813953488372093	0.009852216748768473	0.0	0.01818181818181818	0.0	0.009124087591240875	0.0	0.014084507042253521	0.0	0.0	0.0	0.0	0.0	0.0
dmw=6831	0.33930778739184175	0.3793584379358438	0.3224852071005917	0.3	0.36673773987206826	0.3333333333333333	0.3561253561253561	0.3656716417910448	0.36705882352941177	0.36666666666666664	0.35782747603833864	0.3069306930693069	0.43333333333333335	0.3474576271186441	0.0	0.16279069767441862	0.5714285714285714
dmw=6876	0.29441340782122905	0.2838541666666667	0.328719723183391	0.3050314465408805	0.30632411067193677	0.34285714285714286	0.3140495867768595	0.31382978723404253	0.2590909090909091	0.24050632911392406	0.2360655737704918	0.2857142857142857	0.3076923076923077	0.32903225806451614	0.2	0.5806451612903226	0.23076923076923078
dmw=6893	0.016304347826086956	0.0297029702970297	0.0	0.010309278350515464	0.032	0.0	0.018691588785046728	0.0	0.007874015748031496	0.038461538461538464	0.0	0.0	0.0	0.0	0.0	0.0	0.0
dmw=6898	0.0692167577413479	0.05604719764011799	0.08823529411764706	0.10666666666666667	0.1366906474820144	0.12941176470588237	0.025	0.08620689655172414	0.043478260869565216	0.09803921568627451	0.05426356589147287	0.07142857142857142	0.05	0.16666666666666666	0.2	0.1875	0.05263157894736842
dmw=6918	0.3371824480369515	0.38497652582159625	0.3302752293577982	0.40119760479041916	0.34210526315789475	0.375	0.37777777777777777	0.3090909090909091	0.28859060402684567	0.23255813953488372	0.3181818181818182	0.5333333333333333	0.26666666666666666	0.41935483870967744	0.0	0.2857142857142857	0.4444444444444444
dmw=6922	0.010967098703888335	0.010676156583629894	0.0	0.0	0.011661807580174927	0.0	0.0	0.0	0.0061162079510703364	0.0	0.013888888888888888	0.0	0.0	0.0	0.0	0.0	0.0
dmw=6929	0.43359375	0.2542372881355932	0.4	0.46938775510204084	0.5135135135135135	0.6875	0.375	0.3488372093023256	0.47540983606557374	0.21428571428571427	0.28846153846153844	0.0	0.6	0.4482758620689655	0.625	0.75	0.7272727272727273
dmw=6931	0.3181818181818182	0.30454545454545456	0.3588709677419355	0.36486486486486486	0.2601880877742947	0.3404255319148936	0.21875	0.3389830508474576	0.2576271186440678	0.38461538461538464	0.29411764705882354	0.4634146341463415	0.2727272727272727	0.1262135922330097	0.0	0.3611111111111111	0.48717948717948717
dmw=6946	0.31545741324921134	0.30376940133037694	0.3522012578616352	0.37777777777777777	0.21548821548821548	0.43529411764705883	0.21890547263681592	0.22807017543859648	0.24180327868852458	0.1951219512195122	0.3387096774193548	0.25	0.27941176470588236	0.2839506172839506	0.2222222222222222	0.23076923076923078	1.0
dmw=6969	0.0021645021645021645	0.0	0.008849557522123894	0.011627906976744186	0.0	0.0	0.0	0.0	0.0	0.0	0.014705882352941176	0.0	0.0	0.0	0.0	0.0	0.0
dmw=6981	0.011764705882352941	0.02127659574468085	0.0	0.0	0.008264462809917356	0.0	0.028985507246376812	0.0	0.0	0.0	0.04819277108433735	0.0	0.0	0.0	0.0	0.09090909090909091	0.0
dmw=7005	0.009569377990430622	0.0	0.0	0.007142857142857143	0.0	0.013157894736842105	0.006666666666666667	0.014705882352941176	0.0	0.0	0.05	0.0	0.1111111111111111	0.03225806451612903	0.0	0.0	0.0
dmw=7037	0.011846001974333662	0.013392857142857142	0.0	0.0045662100456621	0.0032258064516129032	0.0	0.007633587786259542	0.0	0.0	0.011627906976744186	0.012738853503184714	0.058823529411764705	0.0	0.01098901098901099	0.0	0.0	0.02631578947368421
dmw=7038	0.1464968152866242	0.15636363636363637	0.12162162162162163	0.1386861313868613	0.1388888888888889	0.13432835820895522	0.11038961038961038	0.13333333333333333	0.13253012048192772	0.1746031746031746	0.11347517730496454	0.0	0.02631578947368421	0.08823529411764706	0.0	0.16666666666666666	0.15384615384615385
dmw=7074	0.3440677966101695	0.3548689138576779	0.446	0.3645224171539961	0.42302357836338417	0.4517133956386293	0.41040462427745666	0.41784037558685444	0.4607679465776294	0.2764227642276423	0.3346534653465347	0.4166666666666667	0.43478260869565216	0.4689265536723164	0.35	0.25806451612903225	0.4032258064516129
dmw=7083	0.29608938547486036	0.35	0.3888888888888889	0.3048780487804878	0.3026315789473684	0.2840909090909091	0.2835820895522388	0.4117647058823529	0.32954545454545453	0.21052631578947367	0.23728813559322035	0.0625	0.4594594594594595	0.2619047619047619	0.0	0.25	0.4444444444444444
dmw=7084	0.28933092224231466	0.2676056338028169	0.2803738317757009	0.3088235294117647	0.32867132867132864	0.34146341463414637	0.30962343096234307	0.16666666666666666	0.25136612021857924	0.1368421052631579	0.2832618025751073	0.3770491803278688	0.2926829268292683	0.18181818181818182	0.4418604651162791	0.42857142857142855	0.3333333333333333
dmw=7108	0.41972290138549306	0.36363636363636365	0.4584717607973422	0.46226415094339623	0.41312741312741313	0.4772727272727273	0.3422222222222222	0.42045454545454547	0.4437299035369775	0.2987012987012987	0.36162361623616235	0.4673913043478261	0.36538461538461536	0.40860215053763443	0.375	0.30303030303030304	0.6923076923076923
dmw=7161	0.3674059787849566	0.40236686390532544	0.3425196850393701	0.3181818181818182	0.1423948220064725	0.18023255813953487	0.05747126436781609	0.4326923076923077	0.10830324909747292	0.37349397590361444	0.33649289099526064	0.46511627906976744	0.5454545454545454	0.08108108108108109	0.125	0.21428571428571427	0.34782608695652173
dmw=7172	0.7439024390243902	0.6832579185520362	0.7941176470588235	0.8	0.8842105263157894	0.8536585365853658	0.9047619047619048	0.5555555555555556	0.8735632183908046	0.6190476190476191	0.7962962962962963	0.5833333333333334	0.8076923076923077	0.8571428571428571	0.0	1.0	0.8666666666666667
dmw=7173	0.08458333333333333	0.07530120481927711	0.11657559198542805	0.0913978494623656	0.11348684210526316	0.13703703703703704	0.1	0.1206896551724138	0.13490725126475547	0.15196078431372548	0.08393285371702638	0.11224489795918367	0.11009174311926606	0.1368421052631579	0.23809523809523808	0.03773584905660377	0.05263157894736842
dmw=7182	0.4474708171206226	0.4187192118226601	0.4634146341463415	0.2830188679245283	0.3515151515151515	0.45569620253164556	0.22772277227722773	0.38	0.3333333333333333	0.3333333333333333	0.5	0.5161290322580645	0.4	0.32142857142857145	0.5	0.0	0.5294117647058824
dmw=7223	0.5954631379962193	0.652452025586354	0.5902777777777778	0.6509090909090909	0.4645669291338583	0.6857142857142857	0.44	0.6574585635359116	0.3756345177664975	0.4393939393939394	0.4594594594594595	0.6097560975609756	0.275	0.47058823529411764	0.6956521739130435	0.696969696969697	0.5
dmw=7230	0.00881057268722467	0.007434944237918215	0.0	0.0	0.0	0.04395604395604396	0.014598540145985401	0.0	0.00510204081632653	0.0	0.0	0.0	0.0	0.0	0.0	0.0	0.0
dmw=7234	0.28795546558704455	0.227330779054917	0.23387096774193547	0.31864406779661014	0.18128654970760233	0.30049261083743845	0.13612565445026178	0.2754491017964072	0.20279720279720279	0.30327868852459017	0.2289156626506024	0.2833333333333333	0.25	0.23972602739726026	0.13636363636363635	0.12903225806451613	0.1282051282051282
dmw=7236	0.4681753889674682	0.49696969696969695	0.48120300751879697	0.5833333333333334	0.432	0.15625	0.5563380281690141	0.5384615384615384	0.42857142857142855	0.375	0.4722222222222222	0.5	0.6341463414634146	0.5106382978723404	0.1111111111111111	0.0	0.5757575757575758
dmw=7251	0.0022099447513812156	0.0034129692832764505	0.0	0.0	0.01507537688442211	0.0	0.0	0.01639344262295082	0.004629629629629629	0.23728813559322035	0.0	0.0	0.0	0.0	0.0	0.0	0.0
dmw=7270	0.7122448979591837	0.7281553398058253	0.7400881057268722	0.736	0.7402597402597403	0.6818181818181818	0.6536964980544747	0.780952380952381	0.6894639556377079	0.660377358490566	0.6765676567656765	0.5357142857142857	0.6865671641791045	0.660377358490566	0.0	0.75	0.6153846153846154
dmw=7271	0.81610337972167	0.7858439201451906	0.7935779816513762	0.7806451612903226	0.8340807174887892	0.8130841121495327	0.8084577114427861	0.9006211180124224	0.8082191780821918	0.5052631578947369	0.7389937106918238	0.8723404255319149	0.782608695652174	0.7272727272727273	0.0	0.0	0.0
dmw=7286	0.11044176706827309	0.14835164835164835	0.33	0.10891089108910891	0.43119266055045874	0.5625	0.3595505617977528	0.171875	0.37142857142857144	0.23529411764705882	0.15942028985507245	0.3333333333333333	0.15384615384615385	0.44680851063829785	0.6	0.5	0.8
dmw=7356	0.19272727272727272	0.14726027397260275	0.14473684210526316	0.17532467532467533	0.31210191082802546	0.38372093023255816	0.20253164556962025	0.06315789473684211	0.2753623188405797	0.13333333333333333	0.06666666666666667	0.46875	0.2619047619047619	0.29906542056074764	0.0	0.3333333333333333	0.4444444444444444
dmw=7361	0.008298755186721992	0.0	0.0	0.0	0.0	0.0	0.028985507246376812	0.0	0.0	0.0	0.0	0.0	0.0	0.0	0.0	0.0	0.0
dmw=7362	0.7339544513457557	0.7096774193548387	0.7016129032258065	0.7168141592920354	0.7721518987341772	0.7333333333333333	0.7621621621621621	0.6436781609195402	0.7357142857142858	0.6226415094339622	0.5833333333333334	0.6481481481481481	0.7424242424242424	0.6972477064220184	0.0	0.8333333333333334	0.8571428571428571
dmw=7364	0.2980349344978166	0.23768115942028986	0.22026431718061673	0.3111111111111111	0.18452380952380953	0.22282608695652173	0.18114143920595532	0.23655913978494625	0.2681818181818182	0.16993464052287582	0.24398625429553264	0.11688311688311688	0.3125	0.358974358974359	0.35294117647058826	0.17647058823529413	0.2222222222222222
dmw=7366	0.39185750636132316	0.3942307692307692	0.35443037974683544	0.36	0.36065573770491804	0.16666666666666666	0.3150684931506849	0.25	0.4696969696969697	0.4358974358974359	0.52	0.21428571428571427	0.0	0.22	0.0	1.0	0.14285714285714285
dmw=7367	0.14035087719298245	0.14057971014492754	0.14606741573033707	0.14803625377643503	0.06875	0.14102564102564102	0.12111801242236025	0.13636363636363635	0.0944558521560575	0.07058823529411765	0.09246575342465753	0.0784313725490196	0.05	0.1134020618556701	0.04878048780487805	0.14814814814814814	0.09523809523809523
dmw=7368	0.15030467163168584	0.20603015075376885	0.32242990654205606	0.171875	0.3700980392156863	0.6198830409356725	0.45535714285714285	0.11851851851851852	0.39636363636363636	0.3978494623655914	0.1318181818181818	0.13333333333333333	0.15517241379310345	0.14705882352941177	0.05263157894736842	0.35294117647058826	0.45454545454545453
dmw=7379	0.2099056603773585	0.24880382775119617	0.16091954022988506	0.21333333333333335	0.2698412698412698	0.27419354838709675	0.248	0.23595505617977527	0.20408163265306123	0.13793103448275862	0.18333333333333332	0.21052631578947367	0.23809523809523808	0.13725490196078433	0.14285714285714285	0.35714285714285715	0.3333333333333333
dmw=7380	0.13960546282245828	0.11419753086419752	0.07476635514018691	0.11764705882352941	0.08247422680412371	0.12	0.12844036697247707	0.11538461538461539	0.10460251046025104	0.12727272727272726	0.14634146341463414	0.08333333333333333	0.08888888888888889	0.07272727272727272	0.0	0.0	0.0625
dmw=7386	0.03793626707132018	0.024691358024691357	0.06304985337243402	0.04134762633996937	0.014985014985014986	0.04535637149028078	0.01834862385321101	0.0319634703196347	0.018201284796573874	0.041353383458646614	0.022900763358778626	0.013157894736842105	0.027777777777777776	0.02768166089965398	0.05555555555555555	0.0	0.06557377049180328
dmw=7388	0.14956521739130435	0.09782608695652174	0.1592920353982301	0.14432989690721648	0.0625	0.1794871794871795	0.05982905982905983	0.16666666666666666	0.1044776119402985	0.2608695652173913	0.07246376811594203	0.14285714285714285	0.14814814814814814	0.10256410256410256	0.07692307692307693	0.1111111111111111	0.07142857142857142
dmw=7389	0.03122923588039867	0.02226027397260274	0.039660056657223795	0.03783783783783784	0.054982817869415807	0.10101010101010101	0.04292929292929293	0.03048780487804878	0.050666666666666665	0.03968253968253968	0.025906735751295335	0.043478260869565216	0.028169014084507043	0.03597122302158273	0.1111111111111111	0.058823529411764705	0.02
dmw=7422	0.36541143654114366	0.4014778325123153	0.3935860058309038	0.39655172413793105	0.2936170212765957	0.3905325443786982	0.18012422360248448	0.5031446540880503	0.30165289256198347	0.3631578947368421	0.39384615384615385	0.3068181818181818	0.2236842105263158	0.3247863247863248	0.5	0.38461538461538464	0.3055555555555556
dmw=7423	0.2325108114983465	0.22349570200573066	0.2323856613102596	0.24784217016029594	0.1677917068466731	0.22762148337595908	0.09034267912772585	0.21115537848605578	0.15101070154577884	0.14634146341463414	0.23400936037441497	0.23076923076923078	0.20754716981132076	0.251063829787234	0.2222222222222222	0.21238938053097345	0.2878787878787879
dmw=7424	0.0028188865398167725	0.005309734513274336	0.002178649237472767	0.003236245954692557	0.0041841004184100415	0.006369426751592357	0.008771929824561403	0.0	0.002564102564102564	0.0	0.011278195488721804	0.0	0.0	0.0	0.0	0.0	0.0
dmw=7448	0.4144736842105263	0.45294117647058824	0.2032520325203252	0.49645390070921985	0.5263157894736842	0.5116279069767442	0.3219178082191781	0.5568181818181818	0.5152671755725191	0.4666666666666667	0.5	0.3611111111111111	0.4318181818181818	0.35294117647058826	0.5925925925925926	0.65	0.5
dmw=7457	0.014040561622464899	0.012195121951219513	0.0	0.0	0.0	0.0	0.0	0.024390243902439025	0.0	0.0	0.009708737864077669	0.0	0.05	0.0	0.0	0.0	0.0
dmw=7458	0.24528301886792453	0.32662192393736017	0.28865979381443296	0.23671497584541062	0.24817518248175183	0.29545454545454547	0.17	0.2783018867924528	0.22529644268774704	0.1348314606741573	0.22826086956521738	0.2647058823529412	0.18181818181818182	0.07317073170731707	0.2222222222222222	0.19047619047619047	0.14285714285714285
dmw=7463	0.003424657534246575	0.004694835680751174	0.0	0.0	0.0	0.013333333333333334	0.012195121951219513	0.0	0.012048192771084338	0.0	0.0	0.0	0.0	0.0	0.0	0.0	0.0
dmw=7482	0.009554140127388535	0.0	0.0	0.004878048780487805	0.003861003861003861	0.008333333333333333	0.0	0.0	0.005405405405405406	0.013888888888888888	0.0	0.0	0.0	0.0	0.0	0.0	0.0
dmw=7496	0.4051069703243616	0.3793103448275862	0.3856655290102389	0.3711340206185567	0.45103092783505155	0.5118110236220472	0.43636363636363634	0.3543307086614173	0.43414634146341463	0.39416058394160586	0.36683417085427134	0.46987951807228917	0.5	0.45901639344262296	0.5625	0.4583333333333333	0.3333333333333333
dmw=7503	0.4153674832962138	0.3974025974025974	0.5491329479768786	0.31521739130434784	0.4943820224719101	0.5206611570247934	0.3622448979591837	0.1076923076923077	0.4290909090909091	0.6666666666666666	0.22758620689655173	0.5319148936170213	0.6842105263157895	0.3902439024390244	1.0	0.46153846153846156	0.34615384615384615
dmw=7504	0.5352112676056338	0.550755939524838	0.5416666666666666	0.55	0.448	0.575	0.45045045045045046	0.580952380952381	0.5137614678899083	0.5576923076923077	0.41025641025641024	0.6545454545454545	0.6190476190476191	0.39285714285714285	0.21739130434782608	0.6875	0.3
dmw=7507	0.006993006993006993	0.009478672985781991	0.0	0.020100502512562814	0.0038461538461538464	0.0	0.011764705882352941	0.009433962264150943	0.0	0.011627906976744186	0.0	0.024390243902439025	0.0	0.0	0.10714285714285714	0.0	0.0
dmw=7508	0.44192817858298283	0.4157303370786517	0.41158059467918623	0.4810126582278481	0.46319365798414497	0.45671641791044776	0.46279761904761907	0.45170454545454547	0.44600431965442766	0.4567901234567901	0.4182692307692308	0.45901639344262296	0.4117647058823529	0.45739910313901344	0.5714285714285714	0.48717948717948717	0.5316455696202531
dmw=7517	0.06764168190127971	0.05090909090909091	0.22627737226277372	0.1	0.37681159420289856	0.3050847457627119	0.20238095238095238	0.22535211267605634	0.22321428571428573	0.08333333333333333	0.02727272727272727	0.17647058823529413	0.391304347826087	0.42857142857142855	0.5	0.0	0.36363636363636365
dmw=7524	0.2028301886792453	0.08333333333333333	0.07692307692307693	0.11214953271028037	0.0755813953488372	0.359375	0.047619047619047616	0.041666666666666664	0.07547169811320754	0.06818181818181818	0.061224489795918366	0.0625	0.0	0.0	0.0	0.7692307692307693	0.08333333333333333
dmw=7558	0.2459016393442623	0.2535211267605634	0.7971014492753623	0.4067796610169492	0.7466666666666667	0.782608695652174	0.6031746031746031	0.125	0.7555555555555555	0.625	0.3728813559322034	0.6	0.8235294117647058	0.42105263157894735	1.0	0.0	1.0
dmw=7566	0.3448275862068966	0.2827476038338658	0.2601880877742947	0.39097744360902253	0.25280898876404495	0.28270042194092826	0.20238095238095238	0.26732673267326734	0.23636363636363636	0.2796610169491525	0.25	0.328125	0.3137254901960784	0.16793893129770993	0.5714285714285714	0.29411764705882354	0.375
dmw=7629	0.12258064516129032	0.10666666666666667	0.2517482517482518	0.1623931623931624	0.25625	0.3017241379310345	0.28888888888888886	0.11009174311926606	0.27564102564102566	0.1891891891891892	0.24778761061946902	0.375	0.2777777777777778	0.53125	0.42857142857142855	1.0	0.23076923076923078
dmw=7630	0.031490552834149754	0.038620689655172416	0.07272727272727272	0.04984423676012461	0.009146341463414634	0.0962566844919786	0.049800796812749	0.0	0.036303630363036306	0.017094017094017096	0.02608695652173913	0.0	0.0	0.10091743119266056	0.07692307692307693	0.0	0.057971014492753624
dmw=7660	0.14084507042253522	0.12828947368421054	0.1553398058252427	0.1384083044982699	0.25	0.23809523809523808	0.24734982332155478	0.03875968992248062	0.24507042253521127	0.2108843537414966	0.08227848101265822	0.1917808219178082	0.125	0.13043478260869565	0.18518518518518517	0.34146341463414637	0.3888888888888889
dmw=7669	0.1237159446181331	0.07570977917981073	0.10249307479224377	0.1350844277673546	0.10649350649350649	0.13291139240506328	0.12195121951219512	0.11494252873563218	0.10256410256410256	0.14917127071823205	0.07163323782234957	0.10344827586206896	0.10679611650485436	0.17796610169491525	0.4	0.0967741935483871	0.3181818181818182
dmw=7721	0.20770577933450088	0.20483005366726298	0.11616161616161616	0.21818181818181817	0.05670103092783505	0.1720183486238532	0.026533996683250415	0.11920529801324503	0.05339105339105339	0.12727272727272726	0.16009852216748768	0.10909090909090909	0.15584415584415584	0.11290322580645161	0.12195121951219512	0.21666666666666667	0.16
dmw=7722	0.21428571428571427	0.18693693693693694	0.21787709497206703	0.17142857142857143	0.12455516014234876	0.203125	0.11891891891891893	0.21818181818181817	0.12727272727272726	0.234375	0.14018691588785046	0.2692307692307692	0.0851063829787234	0.13043478260869565	0.2	0.058823529411764705	0.19230769230769232
dmw=7754	0.4098073555166375	0.3413897280966767	0.39444444444444443	0.5078125	0.20610687022900764	0.42028985507246375	0.20689655172413793	0.46153846153846156	0.1643835616438356	0.24242424242424243	0.36486486486486486	0.23076923076923078	0.3793103448275862	0.13636363636363635	0.5	0.0	0.5357142857142857
dmw=7761	0.2706708268330733	0.2361111111111111	0.38305084745762713	0.2620689655172414	0.32222222222222224	0.3235294117647059	0.34448160535117056	0.25	0.32441471571906355	0.3053435114503817	0.22040816326530613	0.52	0.40384615384615385	0.36363636363636365	0.0	0.4	0.36363636363636365
dmw=7770	0.005494505494505495	0.0027247956403269754	0.011111111111111112	0.0	0.0	0.0	0.006944444444444444	0.019417475728155338	0.006968641114982578	0.02702702702702703	0.0	0.0	0.0	0.0	0.0	0.0	0.0
dmw=7800	0.928030303030303	0.8811188811188811	0.8987341772151899	0.8787878787878788	0.9529411764705882	0.96875	0.8947368421052632	0.6666666666666666	0.9402985074626866	0.8125	0.9130434782608695	0.0	1.0	1.0	0.0	1.0	1.0
dmw=7805	0.015473887814313346	0.0	0.0	0.008264462809917356	0.04	0.02	0.023529411764705882	0.0	0.0	0.0	0.0	0.0	0.0	0.0	0.0	0.0	0.0
dmw=7807	0.00468384074941452	0.01529051987767584	0.005681818181818182	0.0	0.0	0.0	0.0	0.0	0.0	0.01282051282051282	0.010638297872340425	0.0	0.0	0.0	0.0	0.0	0.0
dmw=7813	0.0035410764872521247	0.006600660066006601	0.008771929824561403	0.0028653295128939827	0.0	0.0	0.00392156862745098	0.0	0.0	0.0	0.0	0.0	0.0	0.0	0.0	0.0	0.0
dmw=7842	0.2	0.10675381263616558	0.19	0.20253164556962025	0.132	0.23333333333333334	0.0648854961832061	0.07792207792207792	0.1038961038961039	0.2077922077922078	0.14358974358974358	0.03571428571428571	0.22857142857142856	0.04854368932038835	0.0	0.4074074074074074	0.0
dmw=7843	0.03333333333333333	0.08571428571428572	0.025974025974025976	0.029411764705882353	0.08641975308641975	0.10204081632653061	0.05042016806722689	0.01818181818181818	0.09701492537313433	0.0	0.11926605504587157	0.3	0.16	0.02702702702702703	0.125	0.0	0.0
dmw=7854	0.004103967168262654	0.007017543859649123	0.004329004329004329	0.0019230769230769232	0.0	0.0	0.007712082262210797	0.004329004329004329	0.002178649237472767	0.0058823529411764705	0.008875739644970414	0.005917159763313609	0.022222222222222223	0.010101010101010102	0.0	0.027777777777777776	0.0
dmw=7883	0.22580645161290322	0.24839400428265523	0.22115384615384615	0.19487179487179487	0.2626728110599078	0.21782178217821782	0.22764227642276422	0.2916666666666667	0.22560975609756098	0.16279069767441862	0.2222222222222222	0.4	0.1	0.25333333333333335	0.18181818181818182	0.28205128205128205	0.26666666666666666
dmw=7900	0.0	0.0	0.014084507042253521	0.0	0.020833333333333332	0.0	0.0	0.0	0.0	0.02631578947368421	0.0	0.04	0.0	0.0	0.0	0.0	0.0
dmw=7904	0.0069767441860465115	0.018072289156626505	0.013513513513513514	0.0	0.005847953216374269	0.0	0.020618556701030927	0.019417475728155338	0.010416666666666666	0.0	0.015873015873015872	0.0	0.0	0.0	0.0	0.0	0.0
dmw=7913	0.5050651230101303	0.46935201401050786	0.5401459854014599	0.5209125475285171	0.5988857938718662	0.6074766355140186	0.5336134453781513	0.6182795698924731	0.5370370370370371	0.4032258064516129	0.49333333333333335	0.6833333333333333	0.5	0.4807692307692308	0.26666666666666666	0.7017543859649122	0.45161290322580644
dmw=7922	0.4082934609250399	0.2840909090909091	0.39166666666666666	0.45081967213114754	0.3875	0.4909090909090909	0.3208955223880597	0.4827586206896552	0.4036144578313253	0.4588235294117647	0.34782608695652173	0.37037037037037035	0.5555555555555556	0.45	0.2727272727272727	1.0	0.38095238095238093
dmw=7937	0.0	0.0	0.0	0.0	0.013157894736842105	0.0	0.0	0.0	0.0	0.0	0.017857142857142856	0.0	0.0	0.0	0.0	0.0	0.0
dmw=7951	0.006825938566552901	0.0	0.0	0.0	0.0	0.011111111111111112	0.0	0.0	0.0	0.0	0.005050505050505051	0.0	0.0	0.0	0.0	0.0	0.0
dmw=7952	0.017415215398716773	0.013377926421404682	0.0380952380952381	0.01882845188284519	0.008264462809917356	0.00823045267489712	0.0	0.013888888888888888	0.00530035335689046	0.04878048780487805	0.005	0.051470588235294115	0.08108108108108109	0.014925373134328358	0.0	0.029411764705882353	0.038461538461538464
dmw=7973	0.12249705535924617	0.15282392026578073	0.1813953488372093	0.16299559471365638	0.16113744075829384	0.12280701754385964	0.06862745098039216	0.09302325581395349	0.08018867924528301	0.23684210526315788	0.10416666666666667	0.17647058823529413	0.25	0.22950819672131148	0.2727272727272727	0.25	0.0
dmw=7987	0.0023923444976076554	0.010548523206751054	0.010582010582010581	0.0	0.0053475935828877	0.0	0.010582010582010581	0.011363636363636364	0.004	0.0	0.0	0.061224489795918366	0.0	0.0	0.0	0.0	0.05555555555555555
dmw=8112	0.006379585326953748	0.006756756756756757	0.0	0.0	0.017341040462427744	0.0	0.0	0.0	0.023668639053254437	0.0	0.0	0.0	0.0	0.0	0.0	0.0	0.05555555555555555
dmw=8144	0.01529051987767584	0.014814814814814815	0.09836065573770492	0.07142857142857142	0.04819277108433735	0.05555555555555555	0.0	0.08	0.06060606060606061	0.09090909090909091	0.038461538461538464	0.125	0.0	0.16666666666666666	0.0	0.0	0.09090909090909091
dmw=8156	0.07380073800738007	0.04950495049504951	0.15789473684210525	0.12121212121212122	0.2876712328767123	0.3	0.22727272727272727	0.024390243902439025	0.2702702702702703	0.0967741935483871	0.03773584905660377	0.375	0.3333333333333333	0.038461538461538464	1.0	1.0	0.1
dmw=8189	0.3986537023186238	0.4129746835443038	0.37777777777777777	0.49146757679180886	0.4192634560906516	0.4444444444444444	0.3745928338762215	0.36900369003690037	0.4847457627118644	0.4016393442622951	0.4652173913043478	0.2711864406779661	0.6486486486486487	0.4	0.42857142857142855	0.7368421052631579	0.4025974025974026
dmw=8192	0.015304067660088603	0.013190436933223413	0.02254428341384863	0.019120458891013385	0.017391304347826087	0.0169971671388102	0.0064794816414686825	0.015625	0.005722460658082976	0.03879310344827586	0.011655011655011656	0.0	0.0	0.005555555555555556	0.058823529411764705	0.03225806451612903	0.019230769230769232
dmw=8193	0.14943215780035865	0.14180929095354522	0.1742857142857143	0.17150395778364116	0.07990314769975787	0.07537688442211055	0.036827195467422094	0.11173184357541899	0.06132075471698113	0.1830065359477124	0.116	0.08928571428571429	0.1076923076923077	0.043795620437956206	0.11764705882352941	0.14285714285714285	0.07142857142857142
dmw=8194	0.00909090909090909	0.0026560424966799467	0.0	0.0	0.002277904328018223	0.011049723756906077	0.008264462809917356	0.015151515151515152	0.0	0.0	0.003676470588235294	0.03076923076923077	0.030303030303030304	0.007692307692307693	0.0	0.0	0.02702702702702703
dmw=8230	0.4090909090909091	0.3548387096774194	0.39864864864864863	0.45454545454545453	0.5725806451612904	0.6521739130434783	0.7222222222222222	0.5757575757575758	0.576	0.2	0.3958333333333333	0.4117647058823529	0.3333333333333333	0.6578947368421053	1.0	0.5	0.2857142857142857
dmw=8231	0.005970149253731343	0.0	0.0	0.0	0.0	0.0	0.01694915254237288	0.0	0.03125	0.0	0.0	0.0	0.0	0.0	0.0	0.0	0.0
dmw=8251	0.016853932584269662	0.027932960893854747	0.030612244897959183	0.013636363636363636	0.007142857142857143	0.03260869565217391	0.008620689655172414	0.04	0.025069637883008356	0.014492753623188406	0.03225806451612903	0.0	0.05263157894736842	0.021739130434782608	0.0	0.0	0.0625
dmw=8271	0.5580608793686584	0.536745406824147	0.55863539445629	0.5753424657534246	0.5790598290598291	0.538860103626943	0.5311111111111111	0.49372384937238495	0.5800711743772242	0.6081871345029239	0.5617647058823529	0.6458333333333334	0.775	0.5342465753424658	0.4444444444444444	0.7428571428571429	0.5238095238095238
dmw=8272	0.2453488372093023	0.125	0.3064516129032258	0.34459459459459457	0.27672955974842767	0.24096385542168675	0.14	0.2898550724637681	0.12637362637362637	0.1702127659574468	0.35135135135135137	0.44	0.0	0.0	0.0	0.9333333333333333	0.0
dmw=8292	0.03589232303090728	0.04154863078375826	0.16535433070866143	0.12571428571428572	0.18201284796573874	0.17592592592592593	0.19817767653758542	0.04417670682730924	0.14285714285714285	0.10869565217391304	0.039119804400977995	0.203125	0.07518796992481203	0.1411764705882353	0.3888888888888889	0.30357142857142855	0.21153846153846154
dmw=8333	0.005190311418685121	0.0028653295128939827	0.00816326530612245	0.0	0.0	0.0	0.02459016393442623	0.0	0.008771929824561403	0.0	0.004975124378109453	0.0	0.0	0.0	0.0	0.0	0.0
dmw=8334	0.003051881993896236	0.0	0.004329004329004329	0.010526315789473684	0.008547008547008548	0.009009009009009009	0.014423076923076924	0.0	0.0	0.0	0.006289308176100629	0.019230769230769232	0.0	0.0	0.0	0.0	0.0
dmw=8340	0.001869158878504673	0.010309278350515464	0.004329004329004329	0.015306122448979591	0.011583011583011582	0.01834862385321101	0.01048951048951049	0.008064516129032258	0.01444043321299639	0.0	0.0	0.0	0.0	0.008849557522123894	0.0	0.0	0.0
dmw=8377	0.013289036544850499	0.008450704225352112	0.020253164556962026	0.006928406466512702	0.0	0.0	0.002793296089385475	0.0	0.002421307506053269	0.017964071856287425	0.011320754716981131	0.0	0.0	0.0	0.0	0.0	0.0
dmw=8413	0.008092485549132947	0.001455604075691412	0.002857142857142857	0.008645533141210375	0.0027247956403269754	0.0	0.0	0.0	0.0020964360587002098	0.0	0.010582010582010581	0.0	0.0	0.0	0.0	0.0	0.0
dmw=8420	0.03056768558951965	0.07373271889400922	0.3835616438356164	0.19230769230769232	0.0	0.08	0.0	0.29411764705882354	0.032520325203252036	0.38461538461538464	0.06060606060606061	0.2	0.09375	0.030303030303030304	0.0	0.0	0.7647058823529411
dmw=8421	0.008298755186721992	0.008174386920980926	0.006711409395973154	0.015037593984962405	0.02040816326530612	0.02564102564102564	0.00909090909090909	0.0	0.0	0.0	0.008771929824561403	0.0	0.0	0.0	0.0	0.0	0.0
dmw=8439	0.0020491803278688526	0.008583690987124463	0.0	0.013333333333333334	0.0	0.0	0.0	0.0	0.0	0.06382978723404255	0.0	0.0	0.0	0.0	0.0	0.0	0.0
dmw=8475	0.021830985915492956	0.0128	0.032	0.03614457831325301	0.06909090909090909	0.08522727272727272	0.028368794326241134	0.010752688172043012	0.06875	0.030612244897959183	0.01893939393939394	0.05263157894736842	0.028169014084507043	0.031578947368421054	0.05	0.08333333333333333	0.0
dmw=8503	0.04285069914298602	0.03975799481417459	0.04204753199268738	0.03722084367245657	0.03697478991596639	0.03343465045592705	0.023529411764705882	0.04081632653061224	0.04	0.0	0.045023696682464455	0.02857142857142857	0.0297029702970297	0.008771929824561403	0.02631578947368421	0.07407407407407407	0.07407407407407407
dmw=8504	0.0	0.004158004158004158	0.0	0.01171875	0.0	0.008695652173913044	0.0	0.0	0.0	0.0	0.014492753623188406	0.0	0.023809523809523808	0.0	0.0	0.0	0.0
dmw=8505	0.009922041105598866	0.0018484288354898336	0.002331002331002331	0.0	0.012594458438287154	0.0	0.0	0.006369426751592357	0.007537688442211055	0.0	0.0	0.0	0.0	0.0	0.0	0.0	0.0
dmw=8507	0.07460643394934977	0.06324786324786325	0.05389221556886228	0.05090909090909091	0.05755395683453238	0.08	0.05855855855855856	0.0782122905027933	0.06178489702517163	0.028037383177570093	0.09523809523809523	0.09302325581395349	0.08108108108108109	0.06796116504854369	0.2	0.05263157894736842	0.14285714285714285
dmw=8515	0.08388941849380362	0.096875	0.08490566037735849	0.11180124223602485	0.10619469026548672	0.07758620689655173	0.11848341232227488	0.06930693069306931	0.0945945945945946	0.19672131147540983	0.03076923076923077	0.16	0.1	0.10526315789473684	0.0	0.05555555555555555	0.09523809523809523
dmw=8516	0.007352941176470588	0.004484304932735426	0.0	0.0	0.00641025641025641	0.017543859649122806	0.008771929824561403	0.0	0.013422818791946308	0.0	0.0	0.0	0.0	0.0	0.0	0.0	0.0
dmw=8546	0.004087193460490463	0.003676470588235294	0.0	0.004608294930875576	0.0	0.0	0.008064516129032258	0.0	0.0	0.0	0.0	0.0	0.0	0.0	0.0	0.0	0.0
dmw=8552	0.007696536558548653	0.010101010101010102	0.0058309037900874635	0.005988023952095809	0.004484304932735426	0.004048582995951417	0.0017482517482517483	0.0	0.0061633281972265025	0.0125	0.0051813471502590676	0.0	0.0	0.0	0.0	0.0	0.0
dmw=8556	0.002369668246445498	0.0024067388688327317	0.00234192037470726	0.0028089887640449437	0.006430868167202572	0.0	0.0024390243902439024	0.021164021164021163	0.009950248756218905	0.0	0.008771929824561403	0.0	0.0	0.0	0.0	0.0	0.0196078431372549
dmw=8557	0.00897226753670473	0.0013605442176870747	0.0	0.011695906432748537	0.012165450121654502	0.016260162601626018	0.007633587786259542	0.0	0.012315270935960592	0.0	0.011320754716981131	0.0	0.0	0.0	0.0	0.06666666666666667	0.0
dmw=8566	0.0046822742474916385	0.0017421602787456446	0.03070175438596491	0.003968253968253968	0.017699115044247787	0.01639344262295082	0.0033333333333333335	0.013422818791946308	0.003436426116838488	0.030612244897959183	0.0	0.0	0.0	0.0	0.0	0.0	0.025
dmw=8579	0.41676792223572295	0.45591939546599497	0.3875	0.40816326530612246	0.34763948497854075	0.2638888888888889	0.2727272727272727	0.33035714285714285	0.4686192468619247	0.1875	0.2670157068062827	0.5869565217391305	0.3333333333333333	0.3626373626373626	0.38095238095238093	0.0	0.3888888888888889
dmw=8595	0.01620745542949757	0.006557377049180328	0.0	0.0	0.005681818181818182	0.0	0.00641025641025641	0.014705882352941176	0.0	0.015625	0.0	0.0625	0.0	0.0	0.0	0.0	0.020833333333333332
dmw=8678	0.025	0.010752688172043012	0.03205128205128205	0.0	0.009433962264150943	0.0	0.08029197080291971	0.012987012987012988	0.0072992700729927005	0.08139534883720931	0.01020408163265306	0.1	0.25	0.23529411764705882	0.0	0.25	0.3333333333333333
dmw=8692	0.009864364981504316	0.0	0.0	0.004484304932735426	0.004784688995215311	0.012987012987012988	0.0106951871657754	0.0	0.017123287671232876	0.0	0.0	0.057692307692307696	0.0	0.0	0.04	0.0	0.0
dmw=8706	0.0037688442211055275	0.0	0.004878048780487805	0.0	0.01020408163265306	0.0	0.0	0.011235955056179775	0.011834319526627219	0.05084745762711865	0.022556390977443608	0.0	0.0	0.0	0.0	0.0	0.0
dmw=8709	0.0068359375	0.011876484560570071	0.013574660633484163	0.007692307692307693	0.0071174377224199285	0.010309278350515464	0.0	0.025974025974025976	0.012919896640826873	0.013333333333333334	0.017857142857142856	0.02631578947368421	0.0	0.0	0.0	0.029411764705882353	0.0
dmw=8710	0.0062402496099844	0.0016806722689075631	0.006756756756756757	0.005291005291005291	0.002403846153846154	0.0	0.002702702702702703	0.0	0.006772009029345372	0.012578616352201259	0.00881057268722467	0.0	0.0	0.014084507042253521	0.0	0.0	0.0
dmw=8713	0.007211538461538462	0.01282051282051282	0.007575757575757576	0.0	0.01	0.0	0.0	0.0	0.0	0.0	0.0	0.0	0.08	0.0	0.0	0.0	0.0
dmw=8721	0.01455604075691412	0.00911854103343465	0.006711409395973154	0.0078125	0.006211180124223602	0.0	0.0	0.0	0.006329113924050633	0.0	0.0	0.0	0.0	0.0	0.0	0.0	0.0
dmw=8773	0.6829745596868885	0.6991869918699187	0.7211538461538461	0.6829268292682927	0.5902777777777778	0.5925925925925926	0.25316455696202533	0.6521739130434783	0.4298245614035088	0.4772727272727273	0.5333333333333333	0.6857142857142857	0.5833333333333334	0.8461538461538461	0.0	0.9230769230769231	0.46153846153846156
dmw=8809	0.002564102564102564	0.0	0.00980392156862745	0.0	0.0	0.0	0.0	0.0	0.005988023952095809	0.0	0.04838709677419355	0.0	0.0	0.0	0.0	0.0	0.0
dmw=8812	0.0031847133757961785	0.0031645569620253164	0.015384615384615385	0.0	0.0	0.0	0.007518796992481203	0.0	0.02631578947368421	0.0	0.0	0.0	0.0	0.0	0.0	0.0	0.0
dmw=8888	0.15447897623400367	0.15476190476190477	0.20175438596491227	0.18726591760299627	0.18411552346570398	0.20588235294117646	0.2126865671641791	0.16818181818181818	0.18328840970350405	0.14049586776859505	0.13526570048309178	0.16326530612244897	0.2857142857142857	0.19230769230769232	0.25	0.2857142857142857	0.25
dmw=8889	0.01596169193934557	0.008064516129032258	0.005763688760806916	0.012738853503184714	0.007633587786259542	0.030456852791878174	0.009009009009009009	0.017241379310344827	0.02556818181818182	0.0056179775280898875	0.027303754266211604	0.0	0.0	0.0	0.07692307692307693	0.0	0.0
dmw=8899	0.005714285714285714	0.011299435028248588	0.0076045627376425855	0.003952569169960474	0.006557377049180328	0.0	0.0041841004184100415	0.0	0.0037174721189591076	0.0	0.007874015748031496	0.0	0.0	0.0	0.0	0.0	0.0
dmw=8923	0.12371134020618557	0.11743772241992882	0.038834951456310676	0.1	0.12295081967213115	0.1320754716981132	0.15789473684210525	0.01834862385321101	0.1791044776119403	0.10256410256410256	0.08695652173913043	0.0	0.14285714285714285	0.2727272727272727	0.6666666666666666	0.4666666666666667	0.2222222222222222
dmw=8925	0.007692307692307693	0.009244992295839754	0.0	0.00904977375565611	0.016891891891891893	0.02727272727272727	0.0033783783783783786	0.010869565217391304	0.0	0.02040816326530612	0.003676470588235294	0.0	0.03636363636363636	0.0078125	0.0	0.0	0.0
dmw=8931	0.01107011070110701	0.008849557522123894	0.013605442176870748	0.0	0.0	0.0	0.0	0.009009009009009009	0.01092896174863388	0.0	0.0	0.0	0.0	0.0	0.0	0.0	0.0
dmw=8933	0.03278688524590164	0.034545454545454546	0.034653465346534656	0.025157232704402517	0.005893909626719057	0.02608695652173913	0.018050541516245487	0.0	0.01937984496124031	0.04838709677419355	0.0	0.0	0.058823529411764705	0.016129032258064516	0.05555555555555555	0.0	0.0
dmw=8944	0.00945945945945946	0.0	0.008658008658008658	0.0	0.0	0.0	0.006993006993006993	0.0196078431372549	0.0	0.0	0.006289308176100629	0.0	0.0	0.0	0.0	0.02040816326530612	0.0
dmw=8950	0.020151133501259445	0.03125	0.027972027972027972	0.06201550387596899	0.0	0.2782608695652174	0.0	0.012048192771084338	0.01775147928994083	0.04081632653061224	0.024691358024691357	0.0	0.03571428571428571	0.017857142857142856	0.0	0.0	0.08695652173913043
dmw=9000	0.013029315960912053	0.015337423312883436	0.045	0.01015228426395939	0.0	0.015384615384615385	0.006134969325153374	0.023529411764705882	0.020942408376963352	0.018867924528301886	0.0	0.047619047619047616	0.0	0.0	0.0	0.0	0.0
dmw=9001	0.0032085561497326204	0.0	0.0	0.004878048780487805	0.0	0.0	0.0	0.00847457627118644	0.0	0.0	0.007194244604316547	0.0	0.0	0.0	0.0	0.0	0.0
dmw=9028	0.002708192281651997	0.0	0.0	0.0028735632183908046	0.008316008316008316	0.0	0.005249343832020997	0.0	0.0072992700729927005	0.0	0.0	0.047619047619047616	0.0	0.0	0.0	0.0	0.0
dmw=9052	0.006085192697768763	0.006263048016701462	0.007751937984496124	0.004081632653061225	0.0	0.0	0.006993006993006993	0.007936507936507936	0.0	0.0	0.0	0.0	0.0	0.0	0.0	0.0	0.0
dmw=9053	0.001932367149758454	0.004210526315789474	0.006060606060606061	0.0	0.00390625	0.0	0.0	0.0	0.0	0.010638297872340425	0.0	0.0	0.0	0.01	0.0	0.0	0.0
dmw=9058	0.12149532710280374	0.05924170616113744	0.1145374449339207	0.16806722689075632	0.15692307692307692	0.17355371900826447	0.16334661354581673	0.07692307692307693	0.09480812641083522	0.1554054054054054	0.07329842931937172	0.13333333333333333	0.11267605633802817	0.043478260869565216	0.1	0.22448979591836735	0.18571428571428572
dmw=9071	0.0069124423963133645	0.007352941176470588	0.010526315789473684	0.0	0.0	0.0	0.0	0.008620689655172414	0.0	0.0	0.009523809523809525	0.0	0.0	0.0	0.0	0.14285714285714285	0.0
dmw=9076	0.008935824532900082	0.011904761904761904	0.013215859030837005	0.003703703703703704	0.007518796992481203	0.0	0.008968609865470852	0.02608695652173913	0.0	0.0	0.006024096385542169	0.0	0.0	0.02040816326530612	0.0	0.0	0.0
dmw=9102	0.25	0.22448979591836735	0.24	0.34532374100719426	0.23870967741935484	0.2777777777777778	0.22413793103448276	0.18518518518518517	0.3076923076923077	0.2711864406779661	0.27624309392265195	0.12903225806451613	0.42857142857142855	0.07142857142857142	0.4444444444444444	0.5714285714285714	0.0
dmw=9109	0.007097791798107256	0.005847953216374269	0.0	0.011049723756906077	0.0036496350364963502	0.0	0.003816793893129771	0.008064516129032258	0.002976190476190476	0.0	0.00425531914893617	0.0	0.0	0.0	0.0	0.0	0.0
dmw=9122	0.003937007874015748	0.004830917874396135	0.0	0.00423728813559322	0.02553191489361702	0.0	0.0	0.023809523809523808	0.0030211480362537764	0.038461538461538464	0.010526315789473684	0.034482758620689655	0.045454545454545456	0.0	0.18181818181818182	0.01639344262295082	0.0
dmw=9141	0.3207750269106566	0.28741092636579574	0.58125	0.5621890547263682	0.25165562913907286	0.5904761904761905	0.4385026737967914	0.5	0.5127272727272727	0.5	0.3333333333333333	0.6885245901639344	0.0	0.5671641791044776	0.0	0.7413793103448276	0.46875
dmw=9143	0.012718600953895072	0.0	0.017094017094017096	0.02962962962962963	0.0	0.02197802197802198	0.0	0.0	0.006896551724137931	0.0	0.0	0.0	0.15384615384615385	0.0	0.0	0.0	0.0
dmw=9183	0.008329679964927663	0.0020222446916076846	0.010752688172043012	0.006696428571428571	0.005535055350553505	0.003194888178913738	0.003968253968253968	0.010752688172043012	0.012110726643598616	0.0	0.00954653937947494	0.0	0.0	0.0	0.0	0.0	0.0
dmw=9216	0.019744483159117306	0.0028169014084507044	0.0	0.0	0.0	0.0	0.0	0.03571428571428571	0.007905138339920948	0.0	0.013888888888888888	0.0	0.0	0.02857142857142857	0.0	0.0	0.0
dmw=9218	0.006273525721455458	0.008823529411764706	0.016	0.0	0.0	0.0	0.019736842105263157	0.0	0.0	0.011235955056179775	0.0	0.0	0.0	0.0	0.0	0.045454545454545456	0.0
dmw=9220	0.008036739380022962	0.01728395061728395	0.008264462809917356	0.00625	0.010050251256281407	0.0	0.004739336492890996	0.013157894736842105	0.00980392156862745	0.0	0.0	0.0	0.0	0.03508771929824561	0.0	0.0	0.0
dmw=9280	0.006234413965087282	0.010282776349614395	0.018867924528301886	0.0125	0.0053475935828877	0.010752688172043012	0.0	0.014705882352941176	0.0106951871657754	0.02564102564102564	0.01818181818181818	0.0	0.0	0.01282051282051282	0.0	0.0	0.0
dmw=9301	0.06435944140862174	0.05611510791366906	0.048327137546468404	0.05013192612137203	0.06896551724137931	0.1079136690647482	0.08812260536398467	0.078125	0.08196721311475409	0.07964601769911504	0.05508474576271186	0.1590909090909091	0.2	0.034482758620689655	0.05263157894736842	0.0625	0.06557377049180328
dmw=9306	0.001834862385321101	0.011111111111111112	0.0	0.0	0.0	0.0	0.009900990099009901	0.0	0.0	0.0	0.014492753623188406	0.0	0.0	0.0	0.0	0.0	0.0
dmw=9315	0.006060606060606061	0.005235602094240838	0.0	0.0	0.02654867256637168	0.05128205128205128	0.0	0.0	0.0	0.0	0.0	0.0	0.0	0.0	0.0	0.0	0.0
dmw=9316	0.004796163069544364	0.0	0.010309278350515464	0.006578947368421052	0.0	0.014084507042253521	0.008928571428571428	0.0	0.0	0.0	0.0	0.0	0.0	0.0	0.0	0.0	0.0
dmw=9317	0.08320251177394035	0.15017064846416384	0.004629629629629629	0.1130952380952381	0.08108108108108109	0.0	0.0	0.021052631578947368	0.1038961038961039	0.14912280701754385	0.0380952380952381	0.0	0.0	0.0	0.0	0.0	0.0
dmw=9318	0.019011406844106463	0.00967741935483871	0.025	0.0436241610738255	0.05844155844155844	0.03571428571428571	0.036231884057971016	0.06837606837606838	0.0711864406779661	0.046511627906976744	0.016666666666666666	0.06666666666666667	0.029411764705882353	0.045454545454545456	0.04	0.1	0.0
dmw=9353	0.1276391554702495	0.13118279569892474	0.11707317073170732	0.10666666666666667	0.10309278350515463	0.1532258064516129	0.11374407582938388	0.13157894736842105	0.09933774834437085	0.13333333333333333	0.12790697674418605	0.16666666666666666	0.13333333333333333	0.10416666666666667	0.1111111111111111	0.16666666666666666	0.09090909090909091
dmw=9354	0.008456659619450317	0.0047694753577106515	0.014760147601476014	0.007352941176470588	0.010126582278481013	0.0	0.0	0.008928571428571428	0.010309278350515464	0.008547008547008548	0.0	0.0	0.0	0.0	0.0	0.0	0.0
dmw=9371	0.005003573981415297	0.004942339373970346	0.0	0.009523809523809525	0.0	0.007042253521126761	0.0033222591362126247	0.0	0.005194805194805195	0.0	0.0	0.0	0.0	0.0	0.0	0.0	0.0
dmw=9381	0.14512471655328799	0.15816326530612246	0.13333333333333333	0.11363636363636363	0.19230769230769232	0.14035087719298245	0.1986754966887417	0.21052631578947367	0.1592920353982301	0.047619047619047616	0.10666666666666667	0.09523809523809523	0.07142857142857142	0.15384615384615385	0.0	0.125	0.0
dmw=9382	0.000980392156862745	0.009302325581395349	0.0136986301369863	0.0	0.00911854103343465	0.0	0.0	0.0	0.004761904761904762	0.0125	0.005494505494505495	0.0	0.0	0.009523809523809525	0.0	0.0	0.0
dmw=9387	0.008032128514056224	0.022364217252396165	0.09941520467836257	0.04065040650406504	0.10404624277456648	0.10465116279069768	0.10476190476190476	0.09523809523809523	0.06741573033707865	0.01694915254237288	0.006944444444444444	0.06451612903225806	0.17391304347826086	0.14606741573033707	0.25	0.125	0.030303030303030304
dmw=9390	0.006644518272425249	0.013623978201634877	0.0	0.009900990099009901	0.005076142131979695	0.04310344827586207	0.0	0.0	0.0	0.0	0.0111731843575419	0.0	0.0	0.0	0.0	0.0	0.03571428571428571
dmw=9460	0.002583979328165375	0.0	0.0	0.0	0.010526315789473684	0.02857142857142857	0.0	0.0	0.008333333333333333	0.0	0.0	0.0	0.0	0.0	0.0	0.0	0.0
dmw=9461	0.001402524544179523	0.002932551319648094	0.011627906976744186	0.0	0.012422360248447204	0.014084507042253521	0.004329004329004329	0.0	0.0	0.0	0.007633587786259542	0.0	0.0	0.0	0.0	0.0	0.0
dmw=9466	0.31610337972166996	0.22522522522522523	0.22377622377622378	0.3076923076923077	0.36065573770491804	0.2857142857142857	0.45	0.19642857142857142	0.32167832167832167	0.2826086956521739	0.3048780487804878	0.25	0.2777777777777778	0.4	0.0	0.2777777777777778	0.11764705882352941
dmw=9471	0.8298653610771114	0.8197969543147208	0.8214285714285714	0.8165680473372781	0.7212389380530974	0.8214285714285714	0.6720430107526881	0.8208955223880597	0.7974137931034483	0.7833333333333333	0.8467153284671532	0.7142857142857143	0.7377049180327869	0.8020833333333334	0.9	0.6666666666666666	0.7692307692307693
dmw=9487	0.3189409368635438	0.25577557755775576	0.3083511777301927	0.3360655737704918	0.30307941653160453	0.4411764705882353	0.330150068212824	0.2861356932153392	0.31363636363636366	0.321285140562249	0.26253687315634217	0.17777777777777778	0.2903225806451613	0.28823529411764703	0.5625	0.3870967741935484	0.1891891891891892
dmw=9488	0.7267267267267268	0.6119402985074627	0.6517857142857143	0.8607594936708861	0.7702702702702703	0.7959183673469388	0.9101123595505618	0.575	0.8681318681318682	0.3684210526315789	0.6226415094339622	0.5882352941176471	0.8571428571428571	0.6086956521739131	0.8	1.0	0.8181818181818182
dmw=9514	0.01407035175879397	0.005946481665014866	0.0	0.008379888268156424	0.011428571428571429	0.012987012987012988	0.00303951367781155	0.0	0.005128205128205128	0.02358490566037736	0.0	0.011764705882352941	0.012658227848101266	0.027522935779816515	0.0	0.0	0.0
dmw=9527	0.014925373134328358	0.0	0.0	0.0	0.006535947712418301	0.0	0.047619047619047616	0.027777777777777776	0.0	0.0	0.0	0.03225806451612903	0.0	0.0	0.0	0.0	0.0
dmw=9550	0.013803680981595092	0.01263823064770932	0.07671232876712329	0.03363914373088685	0.011764705882352941	0.014492753623188406	0.016666666666666666	0.020833333333333332	0.025495750708215296	0.0	0.007782101167315175	0.016666666666666666	0.0	0.0	0.0	0.0	0.0
dmw=9569	0.3160919540229885	0.155	0.2421875	0.4236453201970443	0.3028169014084507	0.42142857142857143	0.35106382978723405	0.2571428571428571	0.3409090909090909	0.35714285714285715	0.2727272727272727	0.25	0.37037037037037035	0.16304347826086957	0.6666666666666666	0.3611111111111111	0.3333333333333333
dmw=9570	0.28859060402684567	0.27102803738317754	0.2127659574468085	0.5588235294117647	0.17777777777777778	0.22727272727272727	0.22916666666666666	0.20833333333333334	0.1791044776119403	0.23076923076923078	0.14583333333333334	0.2857142857142857	0.2	0.29411764705882354	1.0	0.0	0.0
dmw=9571	0.5702846975088968	0.5463829787234042	0.5343137254901961	0.655940594059406	0.5661252900232019	0.6581818181818182	0.5733855185909981	0.53125	0.5488165680473372	0.5374149659863946	0.5212765957446809	0.6018518518518519	0.6623376623376623	0.4943181818181818	0.7391304347826086	0.7021276595744681	0.48148148148148145
dmw=9582	0.001388888888888889	0.0035460992907801418	0.0	0.0	0.02097902097902098	0.0	0.0	0.010101010101010102	0.022123893805309734	0.0	0.00641025641025641	0.0	0.0	0.0	0.0	0.0	0.0
dmw=9585	0.00606366851945427	0.006134969325153374	0.0	0.005865102639296188	0.003629764065335753	0.0	0.00784313725490196	0.0091324200913242	0.012216404886561954	0.0	0.0	0.0	0.01818181818181818	0.005128205128205128	0.0	0.0	0.0
dmw=9591	0.016587677725118485	0.025	0.0	0.0	0.0	0.0	0.0	0.0	0.0	0.0	0.0	0.0	0.0	0.0	0.0	0.0	0.0
dmw=9629	0.5812873258128732	0.5806451612903226	0.571917808219178	0.5776699029126213	0.6040462427745664	0.6195652173913043	0.5840336134453782	0.5957446808510638	0.6082004555808656	0.5862068965517241	0.6151202749140894	0.6016260162601627	0.5411764705882353	0.6829268292682927	0.7894736842105263	0.6666666666666666	0.5
dmw=9637	0.6027777777777777	0.5709459459459459	0.5228758169934641	0.6130952380952381	0.5899280575539568	0.6666666666666666	0.49390243902439024	0.6621621621621622	0.5490196078431373	0.5217391304347826	0.43846153846153846	0.6190476190476191	0.7021276595744681	0.5	0.75	0.8571428571428571	0.75
dmw=9639	0.017985611510791366	0.06304728546409807	0.045662100456621	0.03985507246376811	0.046218487394957986	0.0	0.06666666666666667	0.017964071856287425	0.012232415902140673	0.0	0.03389830508474576	0.0	0.0	0.0	0.0	0.0	0.0
dmw=9671	0.003355704697986577	0.0	0.0	0.0	0.0	0.0	0.0	0.0	0.015873015873015872	0.0	0.0	0.09090909090909091	0.0	0.0	0.0	0.0	0.0
dmw=9679	0.0021253985122210413	0.0035398230088495575	0.0	0.0045045045045045045	0.009174311926605505	0.0	0.0064516129032258064	0.0	0.003424657534246575	0.0	0.0	0.10810810810810811	0.0	0.024691358024691357	0.0	0.0	0.037037037037037035
dmw=9781	0.01095690284879474	0.0057306590257879654	0.0	0.011627906976744186	0.002785515320334262	0.02717391304347826	0.0033112582781456954	0.0	0.014285714285714285	0.0	0.0	0.0	0.0	0.010638297872340425	0.0	0.0	0.0
dmw=9805	0.014245014245014245	0.0	0.0	0.0	0.009259259259259259	0.0	0.014492753623188406	0.041666666666666664	0.0	0.0	0.014492753623188406	0.16666666666666666	0.0	0.0	0.0	0.0	0.0
dmw=9857	0.006401137980085348	0.011986301369863013	0.0029850746268656717	0.0034602076124567475	0.0	0.02531645569620253	0.012232415902140673	0.0	0.0	0.00847457627118644	0.007352941176470588	0.017543859649122806	0.0	0.0	0.0	0.0	0.0
dmw=9861	0.011982026959560658	0.007320644216691069	0.011547344110854504	0.0	0.00646551724137931	0.0045045045045045045	0.0026455026455026454	0.008620689655172414	0.0223463687150838	0.005952380952380952	0.010752688172043012	0.0	0.0	0.005263157894736842	0.0	0.0	0.0
dmw=9901	0.006993006993006993	0.007058823529411765	0.005050505050505051	0.0	0.0	0.0	0.005050505050505051	0.017391304347826087	0.011857707509881422	0.02040816326530612	0.0	0.024390243902439025	0.0	0.023255813953488372	0.0	0.0	0.0
dmw=9970	0.5632772494513534	0.468013468013468	0.5432835820895522	0.5604395604395604	0.48184818481848185	0.5628415300546448	0.46204620462046203	0.4537037037037037	0.450402144772118	0.5470085470085471	0.4251207729468599	0.56	0.5806451612903226	0.46	0.6666666666666666	0.6551724137931034	0.5
dmw=9973	0.00477326968973747	0.010471204188481676	0.0	0.008928571428571428	0.0	0.0	0.0	0.0273972602739726	0.005780346820809248	0.013888888888888888	0.0	0.0	0.041666666666666664	0.017241379310344827	0.0	0.0	0.0
dmw=9974	0.032490974729241874	0.036016949152542374	0.038461538461538464	0.022123893805309734	0.019522776572668113	0.023809523809523808	0.01937984496124031	0.05	0.03225806451612903	0.058823529411764705	0.0297029702970297	0.03	0.03636363636363636	0.07476635514018691	0.0	0.1	0.08888888888888889
dmw=10088	0.14619883040935672	0.08614232209737828	0.05673758865248227	0.2366412213740458	0.09743589743589744	0.25	0.08333333333333333	0.07339449541284404	0.09803921568627451	0.18055555555555555	0.0873015873015873	0.23076923076923078	0.125	0.14545454545454545	0.4375	0.21428571428571427	0.038461538461538464
dmw=10125	0.017233348858872847	0.019883040935672516	0.011695906432748537	0.020202020202020204	0.0142602495543672	0.009708737864077669	0.003424657534246575	0.021352313167259787	0.007476635514018692	0.02586206896551724	0.018421052631578946	0.009900990099009901	0.0	0.006896551724137931	0.014925373134328358	0.0	0.03125
dmw=10185	0.004166666666666667	0.0	0.0	0.0	0.012195121951219513	0.0	0.0	0.0	0.013333333333333334	0.0	0.0	0.0	0.0	0.0	0.0	0.0	0.0
dmw=10205	0.002918855808523059	0.007692307692307693	0.002325581395348837	0.0075	0.004024144869215292	0.012269938650306749	0.0024752475247524753	0.0	0.015503875968992248	0.005714285714285714	0.0036363636363636364	0.0	0.0	0.0	0.0	0.0	0.0
dmw=10222	0.006053268765133172	0.0033333333333333335	0.005988023952095809	0.0	0.0	0.009433962264150943	0.011627906976744186	0.028169014084507043	0.0048543689320388345	0.0	0.0	0.0	0.0	0.012987012987012988	0.0	0.0	0.0
dmw=10308	0.0033003300330033004	0.0030581039755351682	0.013888888888888888	0.0	0.0051813471502590676	0.0	0.0	0.0	0.010309278350515464	0.0	0.0	0.0	0.0	0.0	0.0	0.0	0.0
dmw=10319	0.2834467120181406	0.2602040816326531	0.20270270270270271	0.375	0.09433962264150944	0.36363636363636365	0.04854368932038835	0.24615384615384617	0.10810810810810811	0.32653061224489793	0.21153846153846154	0.06896551724137931	0.45454545454545453	0.16129032258064516	0.3333333333333333	0.25	0.42857142857142855
dmw=10320	0.6178861788617886	0.5222672064777328	0.6602564102564102	0.6082474226804123	0.5503355704697986	0.7619047619047619	0.5507246376811594	0.5636363636363636	0.6594202898550725	0.5862068965517241	0.5225225225225225	0.7894736842105263	0.5882352941176471	0.46296296296296297	0.0	0.0	0.75
dmw=10341	0.012684989429175475	0.011441647597254004	0.01646090534979424	0.004405286343612335	0.010638297872340425	0.0	0.0	0.008547008547008548	0.008130081300813009	0.0	0.0	0.0	0.0	0.0	0.0	0.0	0.0
dmw=10342	0.009237875288683603	0.018604651162790697	0.0	0.014492753623188406	0.011363636363636364	0.0	0.0	0.0	0.017241379310344827	0.0	0.010101010101010102	0.1	0.0	0.0	0.0	0.0	0.0
dmw=10343	0.0	0.025	0.0	0.015625	0.017094017094017096	0.04081632653061224	0.0	0.01694915254237288	0.0	0.0	0.0	0.0	0.0	0.0	0.0	0.0	0.0
dmw=10362	0.006031363088057901	0.002232142857142857	0.038348082595870206	0.007722007722007722	0.03914590747330961	0.0	0.0	0.0	0.027777777777777776	0.0	0.007246376811594203	0.03571428571428571	0.0	0.16470588235294117	0.0	0.0	0.0
dmw=10364	0.006557377049180328	0.02702702702702703	0.029411764705882353	0.0	0.0	0.0	0.0	0.0	0.0	0.0	0.0	0.0	0.0	0.0	0.0	0.0	0.0
dmw=10371	0.006711409395973154	0.025594149908592323	0.0	0.012244897959183673	0.010380622837370242	0.0	0.014084507042253521	0.0	0.0034129692832764505	0.011494252873563218	0.005025125628140704	0.0	0.13333333333333333	0.0	0.0	0.0125	0.0
dmw=10372	0.18446601941747573	0.15217391304347827	0.25517241379310346	0.18181818181818182	0.07086614173228346	0.3076923076923077	0.1504424778761062	0.16666666666666666	0.12941176470588237	0.171875	0.07079646017699115	0.10810810810810811	0.10714285714285714	0.13953488372093023	0.18518518518518517	0.0	0.25
dmw=10396	0.1206896551724138	0.23076923076923078	0.8771929824561403	0.425	0.8181818181818182	0.8571428571428571	0.9253731343283582	0.3448275862068966	0.8333333333333334	0.8571428571428571	0.24444444444444444	1.0	0.8	0.95	0.0	0.3333333333333333	1.0
dmw=10409	0.00944206008583691	0.0038022813688212928	0.011538461538461539	0.0045662100456621	0.007272727272727273	0.0	0.007692307692307693	0.0	0.006944444444444444	0.0	0.0	0.0	0.0	0.009615384615384616	0.0	0.0	0.0
dmw=10417	0.021174205967276226	0.004310344827586207	0.0	0.023668639053254437	0.0	0.021739130434782608	0.004672897196261682	0.0	0.034334763948497854	0.014925373134328358	0.03007518796992481	0.0	0.02857142857142857	0.0	0.07692307692307693	0.2	0.0
dmw=10422	0.0022675736961451248	0.002288329519450801	0.013761467889908258	0.0	0.0	0.008547008547008548	0.011494252873563218	0.014184397163120567	0.013761467889908258	0.0	0.0	0.0	0.0	0.0	0.0	0.0	0.0
dmw=10423	0.002243829468960359	0.0045662100456621	0.012376237623762377	0.00392156862745098	0.008639308855291577	0.0	0.01020408163265306	0.004784688995215311	0.008174386920980926	0.011976047904191617	0.0	0.0	0.0	0.00909090909090909	0.0	0.0	0.0
dmw=10435	0.0034059945504087193	0.001567398119122257	0.009230769230769232	0.006896551724137931	0.012422360248447204	0.008547008547008548	0.0136986301369863	0.012345679012345678	0.0	0.0	0.0	0.0	0.0	0.0	0.0	0.0	0.0
dmw=10436	0.0025974025974025974	0.005361930294906166	0.0	0.0	0.007389162561576354	0.0125	0.002840909090909091	0.012269938650306749	0.01152073732718894	0.0	0.003134796238244514	0.0	0.011904761904761904	0.0	0.0	0.0	0.0
dmw=10438	0.004514672686230248	0.00954653937947494	0.004651162790697674	0.026845637583892617	0.008888888888888889	0.02	0.004291845493562232	0.0	0.016611295681063124	0.02631578947368421	0.022598870056497175	0.0	0.0	0.0	0.0	0.0	0.0
dmw=10440	0.022199098161637183	0.017142857142857144	0.026845637583892617	0.02280701754385965	0.035168195718654434	0.060498220640569395	0.0395778364116095	0.015424164524421594	0.03942181340341656	0.038135593220338986	0.007155635062611807	0.06363636363636363	0.013333333333333334	0.05179282868525897	0.047619047619047616	0.0	0.04918032786885246
dmw=10487	0.44338394793926245	0.3336392840752639	0.7138084632516704	0.5849462365591398	0.7912552891396333	0.8355263157894737	0.8122743682310469	0.43636363636363634	0.8214285714285714	0.6	0.47121535181236673	0.7818181818181819	0.5392670157068062	0.8277310924369747	0.9333333333333333	0.8641975308641975	0.7966101694915254
dmw=10505	0.0018808777429467085	0.005336179295624333	0.004640371229698376	0.008797653958944282	0.007920792079207921	0.0	0.005479452054794521	0.0	0.004576659038901602	0.011627906976744186	0.008403361344537815	0.0	0.0	0.032	0.0	0.05555555555555555	0.0
dmw=10507	0.5422446406052963	0.5071090047393365	0.5460526315789473	0.5487364620938628	0.5816618911174785	0.5568181818181818	0.5253012048192771	0.6416184971098265	0.5560640732265446	0.5510204081632653	0.5210526315789473	0.5227272727272727	0.5111111111111111	0.4915254237288136	0.5833333333333334	0.4166666666666667	0.43243243243243246
dmw=10550	0.0980248719824433	0.07451564828614009	0.1949685534591195	0.12083333333333333	0.1794871794871795	0.3712871287128713	0.22527472527472528	0.12883435582822086	0.1830238726790451	0.16161616161616163	0.08934707903780069	0.24074074074074073	0.14634146341463414	0.18518518518518517	0.42857142857142855	0.32142857142857145	0.18604651162790697
dmw=10574	0.015918958031837915	0.0365296803652968	0.0196078431372549	0.010416666666666666	0.014814814814814815	0.0136986301369863	0.018018018018018018	0.0	0.012195121951219513	0.0425531914893617	0.0	0.05405405405405406	0.05555555555555555	0.015151515151515152	0.0	0.0	0.0
dmw=10588	0.23424878836833601	0.2846441947565543	0.22340425531914893	0.16783216783216784	0.287292817679558	0.24719101123595505	0.17346938775510204	0.26595744680851063	0.19672131147540983	0.2558139534883721	0.16666666666666666	0.34782608695652173	0.11764705882352941	0.16666666666666666	0.14285714285714285	0.0	0.38235294117647056
dmw=10597	0.019943019943019943	0.034722222222222224	0.0273972602739726	0.02702702702702703	0.017241379310344827	0.02857142857142857	0.0	0.0	0.029411764705882353	0.05405405405405406	0.0	0.0	0.0	0.0392156862745098	0.0	0.0	0.0
dmw=10611	0.2292950034223135	0.22867513611615245	0.25870646766169153	0.21942446043165467	0.21348314606741572	0.24581005586592178	0.215962441314554	0.21875	0.2563600782778865	0.17894736842105263	0.2408026755852843	0.27884615384615385	0.3275862068965517	0.16666666666666666	0.0	0.2916666666666667	0.3561643835616438
dmw=10616	0.28688524590163933	0.3689839572192513	0.25675675675675674	0.3111111111111111	0.01639344262295082	0.10869565217391304	0.059322033898305086	0.36538461538461536	0.05660377358490566	0.5185185185185185	0.21875	0.0	0.15151515151515152	0.0	0.0	0.0	0.10526315789473684
dmw=10617	0.23404255319148937	0.23529411764705882	0.25	0.17073170731707318	0.09230769230769231	0.18518518518518517	0.0	0.3333333333333333	0.08333333333333333	0.16666666666666666	0.2916666666666667	0.6666666666666666	0.0	0.08333333333333333	0.0	0.4444444444444444	0.0
dmw=10620	0.03135313531353135	0.003952569169960474	0.0603448275862069	0.007246376811594203	0.029411764705882353	0.03389830508474576	0.0	0.0	0.046875	0.045454545454545456	0.031746031746031744	0.0	0.0	0.0	0.0	0.0	0.0
dmw=10621	0.3875432525951557	0.3103448275862069	0.33986928104575165	0.3422459893048128	0.1276595744680851	0.20967741935483872	0.0	0.30526315789473685	0.03375527426160337	0.2698412698412698	0.25742574257425743	0.25	0.36363636363636365	0.06944444444444445	1.0	0.15	0.0
dmw=10628	0.0020325203252032522	0.006048387096774193	0.0	0.003289473684210526	0.0031446540880503146	0.0	0.019305019305019305	0.0	0.005333333333333333	0.011627906976744186	0.0	0.0	0.02857142857142857	0.0	0.02857142857142857	0.0	0.08333333333333333
dmw=10659	0.09379407616361073	0.08839779005524862	0.06784660766961652	0.1339031339031339	0.060267857142857144	0.07647058823529412	0.08026030368763558	0.0898876404494382	0.057750759878419454	0.13793103448275862	0.1054421768707483	0.10091743119266056	0.14925373134328357	0.056074766355140186	0.14754098360655737	0.20588235294117646	0.05555555555555555
dmw=10660	0.004597701149425287	0.0	0.0	0.0	0.0	0.0	0.0	0.0	0.0	0.058823529411764705	0.014492753623188406	0.0	0.0	0.06896551724137931	0.0	0.0	0.0
dmw=10666	0.011379800853485065	0.01529051987767584	0.0	0.0070921985815602835	0.01507537688442211	0.0	0.01485148514851485	0.0	0.0	0.02040816326530612	0.0078125	0.03389830508474576	0.0	0.0	0.0	0.0	0.05
dmw=10677	0.0017035775127768314	0.01090909090909091	0.022222222222222223	0.0	0.006666666666666667	0.0	0.0	0.0	0.0	0.02631578947368421	0.007352941176470588	0.0	0.0	0.0	0.0	0.0	0.0
dmw=10717	0.5042219541616405	0.44352617079889806	0.3973509933774834	0.5698924731182796	0.20261437908496732	0.5877862595419847	0.2611464968152866	0.5274725274725275	0.45685279187817257	0.7522935779816514	0.3381294964028777	0.36363636363636365	0.6666666666666666	0.2037037037037037	0.6470588235294118	0.0	0.5
dmw=10722	0.0049504950495049506	0.028985507246376812	0.0	0.0	0.0	0.0	0.0	0.0	0.011363636363636364	0.0	0.015625	0.0	0.0	0.0	0.0	0.0	0.0
dmw=10771	0.009283819628647215	0.0013623978201634877	0.011990407673860911	0.0	0.0045351473922902496	0.00641025641025641	0.002849002849002849	0.0	0.016706443914081145	0.0	0.0	0.020833333333333332	0.0	0.018404907975460124	0.03333333333333333	0.0	0.0
dmw=10786	0.38303693570451436	0.3619402985074627	0.4263959390862944	0.39285714285714285	0.42328042328042326	0.3826086956521739	0.3484848484848485	0.2345679012345679	0.2994350282485876	0.375	0.2808988764044944	0.1111111111111111	0.45454545454545453	0.24615384615384617	0.6153846153846154	0.0	0.4090909090909091
dmw=10795	0.015544041450777202	0.004694835680751174	0.010526315789473684	0.0	0.008849557522123894	0.0	0.0	0.0	0.0	0.0	0.01098901098901099	0.0	0.0	0.0	0.0	0.0	0.0
dmw=10825	0.007547169811320755	0.0	0.006578947368421052	0.0	0.0	0.0	0.006666666666666667	0.017094017094017096	0.014285714285714285	0.0	0.0	0.037037037037037035	0.0	0.0	0.0	0.0	0.0
dmw=10826	0.003472222222222222	0.012084592145015106	0.0	0.006060606060606061	0.0	0.0	0.0	0.0	0.011627906976744186	0.0	0.005917159763313609	0.07692307692307693	0.0	0.0	0.0	0.0	0.0
dmw=10836	0.04283054003724395	0.030364372469635626	0.06015037593984962	0.041025641025641026	0.040160642570281124	0.07692307692307693	0.018292682926829267	0.03205128205128205	0.03553299492385787	0.013333333333333334	0.010582010582010581	0.015151515151515152	0.02702702702702703	0.0	0.08333333333333333	0.047619047619047616	0.04
dmw=10843	0.006802721088435374	0.01875	0.009259259259259259	0.0	0.008771929824561403	0.0	0.01020408163265306	0.0	0.0	0.0	0.0	0.0	0.03225806451612903	0.0	0.0	0.0	0.0
dmw=10910	0.006793478260869565	0.0059382422802850355	0.023454157782515993	0.004405286343612335	0.008097165991902834	0.006756756756756757	0.005263157894736842	0.0	0.014134275618374558	0.0	0.0040650406504065045	0.0	0.0	0.004405286343612335	0.0	0.0	0.05263157894736842
dmw=10913	0.07868525896414343	0.0777479892761394	0.08032128514056225	0.08290155440414508	0.08928571428571429	0.13592233009708737	0.0975609756097561	0.06666666666666667	0.12083333333333333	0.05194805194805195	0.09770114942528736	0.10256410256410256	0.1111111111111111	0.09090909090909091	0.18181818181818182	0.04	0.16666666666666666
dmw=10920	0.004073319755600814	0.004106776180698152	0.012987012987012988	0.0	0.012	0.046511627906976744	0.006369426751592357	0.011111111111111112	0.0036900369003690036	0.012048192771084338	0.0	0.0	0.029411764705882353	0.008130081300813009	0.0	0.0	0.0
dmw=10932	0.006329113924050633	0.0071174377224199285	0.0070921985815602835	0.01098901098901099	0.014492753623188406	0.0	0.0	0.0	0.006493506493506494	0.0	0.046511627906976744	0.0	0.0	0.0	0.0	0.0	0.0
dmw=10937	0.0027434842249657062	0.019543973941368076	0.012396694214876033	0.00964630225080386	0.0	0.018957345971563982	0.0	0.0	0.009950248756218905	0.017857142857142856	0.0	0.02702702702702703	0.03571428571428571	0.022222222222222223	0.0	0.038461538461538464	0.041666666666666664
dmw=10963	0.002881844380403458	0.002967359050445104	0.0	0.006211180124223602	0.014354066985645933	0.0297029702970297	0.006756756756756757	0.0	0.009259259259259259	0.0	0.006097560975609756	0.0	0.0	0.0	0.10344827586206896	0.0	0.0
dmw=10971	0.2139446036294174	0.21120689655172414	0.07782101167315175	0.2948717948717949	0.22943722943722944	0.2815533980582524	0.2222222222222222	0.1619718309859155	0.23841059602649006	0.01818181818181818	0.16831683168316833	0.0	0.2727272727272727	0.19083969465648856	0.5454545454545454	0.075	0.3333333333333333
dmw=10996	0.01828761429758936	0.0018115942028985507	0.007518796992481203	0.0	0.0	0.009523809523809525	0.0044444444444444444	0.0	0.003215434083601286	0.01	0.011904761904761904	0.04878048780487805	0.0	0.0	0.0	0.0	0.0
dmw=11000	0.0046801872074883	0.003125	0.0	0.0	0.01020408163265306	0.0	0.0	0.018518518518518517	0.0	0.0	0.010416666666666666	0.0	0.0	0.0	0.0	0.0	0.0
dmw=11001	0.02544529262086514	0.0	0.010869565217391304	0.02040816326530612	0.0	0.0	0.0	0.0	0.0	0.0	0.012987012987012988	0.0	0.0	0.0	0.0	0.0	0.0
dmw=11029	0.006124234470691163	0.0078125	0.008403361344537815	0.010638297872340425	0.0031545741324921135	0.0	0.009302325581395349	0.0	0.0038022813688212928	0.02631578947368421	0.03977272727272727	0.0	0.0	0.0	0.0	0.0	0.0
dmw=11073	0.005801305293691081	0.0023323615160349854	0.002737226277372263	0.006066734074823054	0.0075	0.0	0.004	0.004032258064516129	0.00529567519858782	0.009685230024213076	0.0025477707006369425	0.0	0.0	0.013468013468013467	0.0	0.0	0.022222222222222223
dmw=11074	0.11350574712643678	0.09482758620689655	0.05405405405405406	0.07909604519774012	0.03225806451612903	0.1440677966101695	0.021739130434782608	0.0	0.02926829268292683	0.0784313725490196	0.07352941176470588	0.0	0.13114754098360656	0.020833333333333332	0.06896551724137931	0.0	0.09090909090909091
dmw=11076	0.11328125	0.109375	0.30612244897959184	0.16393442622950818	0.1125	0.0625	0.16417910447761194	0.0	0.03225806451612903	0.0	0.02040816326530612	0.2727272727272727	0.3	0.0	0.0	0.25	0.0
dmw=11077	0.11956521739130435	0.1067193675889328	0.0379746835443038	0.16279069767441862	0.13385826771653545	0.205607476635514	0.08786610878661087	0.0	0.07228915662650602	0.030927835051546393	0.017391304347826087	0.2261904761904762	0.0	0.060240963855421686	0.0	0.1	0.5217391304347826
dmw=11086	0.0	0.0048543689320388345	0.0	0.03	0.0	0.0	0.011764705882352941	0.0	0.01904761904761905	0.0	0.0	0.0	0.0	0.0	0.0	0.0	0.0
dmw=11088	0.004132231404958678	0.0048543689320388345	0.02	0.01098901098901099	0.0	0.0	0.0	0.0136986301369863	0.007936507936507936	0.0	0.0	0.0	0.0	0.0	0.0	0.0	0.0
dmw=11089	0.4012903225806452	0.43125	0.39849624060150374	0.37583892617449666	0.375	0.2962962962962963	0.5080213903743316	0.2631578947368421	0.4011299435028249	0.5714285714285714	0.22115384615384615	0.3611111111111111	0.43478260869565216	0.16279069767441862	0.75	0.0	0.375
dmw=11094	0.13072625698324022	0.18831168831168832	0.1917808219178082	0.08947368421052632	0.06007067137809187	0.08860759493670886	0.04285714285714286	0.12931034482758622	0.07169811320754717	0.15584415584415584	0.1787709497206704	0.3695652173913043	0.05555555555555555	0.045454545454545456	0.35714285714285715	0.0	0.16666666666666666
dmw=11105	0.0030721966205837174	0.0038910505836575876	0.011976047904191617	0.0	0.005291005291005291	0.0	0.0	0.0	0.0	0.0	0.0	0.030303030303030304	0.023255813953488372	0.0	0.0	0.0	0.0
dmw=11106	0.014029995162070633	0.01325301204819277	0.07983193277310924	0.02669902912621359	0.08029197080291971	0.08376963350785341	0.07142857142857142	0.019230769230769232	0.0625	0.08808290155440414	0.01279317697228145	0.09230769230769231	0.04040404040404041	0.1258741258741259	0.0	0.17647058823529413	0.045454545454545456
dmw=11108	0.009416195856873822	0.005405405405405406	0.010752688172043012	0.0	0.0	0.0	0.0	0.0	0.014598540145985401	0.0	0.0	0.0	0.0	0.0	0.0	0.0	0.0
dmw=11118	0.35328297501452643	0.32565284178187404	0.32575757575757575	0.3543123543123543	0.26741573033707866	0.37714285714285717	0.438871473354232	0.38596491228070173	0.28239845261121854	0.25862068965517243	0.3213429256594724	0.34615384615384615	0.26	0.4067796610169492	0.1724137931034483	0.22826086956521738	0.47058823529411764
dmw=11134	0.6701208981001727	0.6738197424892703	0.6428571428571429	0.625	0.6705882352941176	0.75	0.6513761467889908	0.5945945945945946	0.6304347826086957	0.7037037037037037	0.56	0.7777777777777778	1.0	0.576271186440678	1.0	0.5789473684210527	0.8181818181818182
dmw=11156	0.12162162162162163	0.1062618595825427	0.09375	0.14675767918088736	0.05102040816326531	0.12953367875647667	0.043478260869565216	0.16296296296296298	0.10979228486646884	0.0859375	0.07086614173228346	0.0	0.13333333333333333	0.049079754601226995	0.04	0.0	0.18181818181818182
dmw=11157	0.14305177111716622	0.11789473684210526	0.03125	0.04878048780487805	0.04929577464788732	0.0898876404494382	0.023622047244094488	0.0	0.08677685950413223	0.044444444444444446	0.12307692307692308	0.07142857142857142	0.0	0.0	0.0	0.19047619047619047	0.5945945945945946
dmw=11169	0.0952801058667843	0.05405405405405406	0.06846473029045644	0.074	0.05426356589147287	0.09722222222222222	0.06725663716814159	0.04081632653061224	0.08836206896551724	0.11931818181818182	0.08247422680412371	0.05357142857142857	0.036231884057971016	0.1476510067114094	0.0	0.058823529411764705	0.06666666666666667
dmw=11176	0.14400643604183427	0.18819776714513556	0.11739130434782609	0.20987654320987653	0.18518518518518517	0.1794871794871795	0.046153846153846156	0.10569105691056911	0.16272189349112426	0.15079365079365079	0.13486842105263158	0.23809523809523808	0.0392156862745098	0.10483870967741936	0.5294117647058824	0.3953488372093023	0.17391304347826086
dmw=11191	0.3502740408570005	0.37331536388140163	0.2994652406417112	0.46204620462046203	0.3328424153166421	0.3148148148148148	0.15207373271889402	0.3218884120171674	0.17582417582417584	0.3723404255319149	0.3125	0.3644859813084112	0.44329896907216493	0.18620689655172415	0.17857142857142858	1.0	0.4891304347826087
dmw=11192	0.9314128943758574	0.9318801089918256	0.9421487603305785	0.9395973154362416	0.9487179487179487	0.9465648854961832	0.9902912621359223	1.0	0.9668874172185431	0.5616438356164384	0.9205298013245033	0.8611111111111112	0.8333333333333334	0.9824561403508771	0.0	1.0	0.0
dmw=11194	0.13288009888751545	0.12532637075718014	0.15142857142857144	0.1111111111111111	0.011406844106463879	0.025380710659898477	0.023668639053254437	0.16818181818181818	0.030303030303030304	0.010526315789473684	0.11019283746556474	0.0963855421686747	0.18181818181818182	0.0056179775280898875	0.0	0.4782608695652174	0.03333333333333333
dmw=11216	0.09405940594059406	0.07326007326007326	0.07532467532467532	0.09016393442622951	0.07125890736342043	0.06018518518518518	0.11529933481152993	0.06578947368421052	0.09632224168126094	0.03225806451612903	0.08143322475570032	0.06299212598425197	0.0379746835443038	0.043478260869565216	0.26666666666666666	0.4	0.06060606060606061
dmw=11221	0.008187134502923977	0.0	0.0	0.0	0.0	0.0	0.006134969325153374	0.00980392156862745	0.0	0.013888888888888888	0.0	0.0	0.0	0.0	0.0	0.1	0.0
dmw=11232	0.09887359198998748	0.12053571428571429	0.09333333333333334	0.11188811188811189	0.07339449541284404	0.07692307692307693	0.016129032258064516	0.06956521739130435	0.029801324503311258	0.08928571428571429	0.0	0.06	0.15	0.05555555555555555	0.23076923076923078	0.0	0.3333333333333333
dmw=11234	0.6636136552872606	0.5857385398981324	0.6740331491712708	0.6162790697674418	0.5015197568389058	0.6170212765957447	0.5149253731343284	0.53125	0.4875	0.5172413793103449	0.5555555555555556	0.44680851063829785	0.6296296296296297	0.3013698630136986	0.8333333333333334	0.7	0.5
dmw=11289	0.005128205128205128	0.011363636363636364	0.0	0.0	0.0	0.0	0.0	0.0	0.0	0.058823529411764705	0.0	0.0	0.5	0.0	0.0	0.0	0.0
dmw=11294	0.9187969924812031	0.943089430894309	0.9652173913043478	0.9734513274336283	0.9368421052631579	1.0	0.93	0.9402985074626866	0.9642857142857143	0.8260869565217391	0.9021739130434783	1.0	0.7391304347826086	0.9863013698630136	1.0	0.0	1.0
dmw=11296	0.7183098591549296	0.7186544342507645	0.7287234042553191	0.6764705882352942	0.5046728971962616	0.6902654867256637	0.6037735849056604	0.74	0.6147540983606558	0.5686274509803921	0.7019867549668874	0.8571428571428571	0.8333333333333334	0.27586206896551724	0.8333333333333334	1.0	0.9444444444444444
dmw=11302	0.0011376564277588168	0.003436426116838488	0.0	0.0	0.005319148936170213	0.0	0.018292682926829267	0.013513513513513514	0.0	0.009009009009009009	0.0	0.0	0.022222222222222223	0.0	0.0	0.0	0.0
dmw=11334	0.003401360544217687	0.005291005291005291	0.0	0.007246376811594203	0.014285714285714285	0.0	0.0	0.0	0.0	0.0	0.0	0.0	0.0	0.0	0.0	0.1111111111111111	0.0
dmw=11335	0.9129852744310576	0.8947368421052632	0.9411764705882353	0.8688524590163934	0.8342541436464088	0.9333333333333333	0.9583333333333334	0.890625	0.8950276243093923	0.8813559322033898	0.9072847682119205	0.9	1.0	0.9487179487179487	0.9090909090909091	0.8888888888888888	0.7777777777777778
dmw=11341	0.08322496749024708	0.04560260586319218	0.05860805860805861	0.06206896551724138	0.03319502074688797	0.09722222222222222	0.08125	0.037037037037037035	0.08045977011494253	0.22058823529411764	0.059574468085106386	0.07894736842105263	0.06666666666666667	0.08333333333333333	0.1111111111111111	0.07142857142857142	0.047619047619047616
dmw=11345	0.8944174757281553	0.9022346368715084	0.9672131147540983	0.9459459459459459	0.9148936170212766	0.9701492537313433	0.9037037037037037	0.9473684210526315	0.8984375	0.9864864864864865	0.8695652173913043	0.8529411764705882	0.9642857142857143	0.9659090909090909	1.0	1.0	0.9333333333333333
dmw=11360	0.008539709649871904	0.006	0.014492753623188406	0.005050505050505051	0.0	0.008695652173913044	0.0051813471502590676	0.009708737864077669	0.005917159763313609	0.0	0.0064516129032258064	0.0	0.0	0.012345679012345678	0.0	0.0	0.0
dmw=11368	0.057488653555219364	0.05405405405405406	0.08852459016393442	0.11313868613138686	0.040372670807453416	0.12179487179487179	0.040160642570281124	0.024752475247524754	0.07272727272727272	0.08653846153846154	0.05241935483870968	0.14814814814814814	0.17307692307692307	0.06557377049180328	0.0	0.125	0.17857142857142858
dmw=11382	0.22413793103448276	0.18487394957983194	0.18115942028985507	0.23298429319371727	0.13753581661891118	0.16494845360824742	0.18670886075949367	0.15458937198067632	0.1771058315334773	0.23121387283236994	0.15384615384615385	0.0	0.1188118811881188	0.21367521367521367	0.14285714285714285	0.16129032258064516	0.2328767123287671
dmw=11390	0.19508196721311474	0.16216216216216217	0.29357798165137616	0.1891891891891892	0.13768115942028986	0.576271186440678	0.1875	0.23809523809523808	0.26108374384236455	0.1	0.15178571428571427	0.2222222222222222	0.3508771929824561	0.30434782608695654	0.0	0.5	0.6
dmw=11391	0.7583547557840618	0.76010101010101	0.7771739130434783	0.7481481481481481	0.6009615384615384	0.8620689655172413	0.5882352941176471	0.7640449438202247	0.6633165829145728	0.7407407407407407	0.6024844720496895	0.6865671641791045	0.8688524590163934	0.6896551724137931	0.0	0.71875	0.8888888888888888
dmw=11393	0.03061849357011635	0.027662517289073305	0.3025210084033613	0.08761329305135952	0.26	0.33962264150943394	0.3775811209439528	0.025510204081632654	0.24758220502901354	0.3125	0.008	0.515625	0.09090909090909091	0.15584415584415584	0.45652173913043476	0.34782608695652173	0.33962264150943394
dmw=11407	0.6992481203007519	0.6510067114093959	0.8695652173913043	0.8269230769230769	0.10843373493975904	0.5625	0.2	0.7586206896551724	0.2875	0.3684210526315789	0.2978723404255319	0.9	0.6666666666666666	0.0	0.0	0.6666666666666666	1.0
dmw=11419	0.2427142235754676	0.19600380589914368	0.35044642857142855	0.3699186991869919	0.358974358974359	0.41040462427745666	0.39226519337016574	0.3230769230769231	0.4184720638540479	0.25203252032520324	0.23167848699763594	0.518796992481203	0.2619047619047619	0.31666666666666665	0.5306122448979592	0.39215686274509803	0.3026315789473684
dmw=11428	0.11607142857142858	0.1348314606741573	0.08571428571428572	0.21428571428571427	0.2	0.1827956989247312	0.07865168539325842	0.08064516129032258	0.1271186440677966	0.1875	0.17525773195876287	0.1111111111111111	0.07142857142857142	0.09523809523809523	0.0	0.0	0.13333333333333333
dmw=11452	0.30261348005502064	0.31845238095238093	0.329608938547486	0.28368794326241137	0.3	0.25287356321839083	0.31843575418994413	0.2625	0.29743589743589743	0.1956521739130435	0.3485714285714286	0.4523809523809524	0.3448275862068966	0.3076923076923077	0.4444444444444444	0.4	0.5185185185185185
dmw=11457	0.259727626459144	0.19230769230769232	0.21794871794871795	0.2422360248447205	0.2178988326848249	0.27722772277227725	0.28110599078341014	0.18633540372670807	0.27122641509433965	0.24705882352941178	0.20689655172413793	0.12195121951219512	0.3409090909090909	0.14666666666666667	0.2916666666666667	0.23076923076923078	0.1875
dmw=11482	0.75	0.643979057591623	0.65625	0.75	0.1935483870967742	0.6875	0.18571428571428572	0.6097560975609756	0.25862068965517243	0.625	0.7411764705882353	0.5714285714285714	0.75	0.20588235294117646	0.0	0.0	1.0
dmw=11491	0.003771213073538655	0.015082956259426848	0.002688172043010753	0.002777777777777778	0.0034904013961605585	0.0038910505836575876	0.006430868167202572	0.016853932584269662	0.0	0.0	0.0	0.020833333333333332	0.0	0.006802721088435374	0.0	0.0	0.0
dmw=11530	0.007375537799631223	0.014891179839633447	0.005555555555555556	0.009852216748768473	0.011363636363636364	0.005494505494505495	0.00437636761487965	0.013986013986013986	0.0	0.0	0.0	0.0	0.015151515151515152	0.0053475935828877	0.0	0.0	0.0
dmw=11531	0.009009009009009009	0.009708737864077669	0.0	0.0	0.034782608695652174	0.017857142857142856	0.050505050505050504	0.0	0.011235955056179775	0.02857142857142857	0.0	0.037037037037037035	0.0	0.0	0.0	0.0	0.0
dmw=11533	0.5971014492753624	0.6818181818181818	0.8875	0.6949152542372882	0.8372093023255814	0.9166666666666666	0.803921568627451	0.7560975609756098	0.7288135593220338	1.0	0.6078431372549019	0.8	0.8888888888888888	0.8076923076923077	1.0	0.75	0.9
dmw=11534	0.7196765498652291	0.7435897435897436	0.7176470588235294	0.7452830188679245	0.7714285714285715	0.6545454545454545	0.7887323943661971	0.6818181818181818	0.7570093457943925	0.9090909090909091	0.7571428571428571	0.8125	0.6	0.55	1.0	1.0	0.7083333333333334
dmw=11535	0.44952380952380955	0.29491525423728815	0.4380952380952381	0.5328467153284672	0.3493975903614458	0.3023255813953488	0.37209302325581395	0.35294117647058826	0.3211009174311927	0.3584905660377358	0.4489795918367347	0.4117647058823529	0.6875	0.22916666666666666	0.8181818181818182	0.3333333333333333	0.32142857142857145
dmw=11537	0.29411764705882354	0.2745762711864407	0.3088235294117647	0.3063063063063063	0.24257425742574257	0.2972972972972973	0.28368794326241137	0.28125	0.23870967741935484	0.11428571428571428	0.2072072072072072	0.6086956521739131	0.12	0.32653061224489793	0.5909090909090909	0.0	0.4
dmw=11539	0.7657657657657657	0.7403846153846154	0.7428571428571429	0.8365384615384616	0.6896551724137931	0.7721518987341772	0.7310924369747899	0.6071428571428571	0.7668393782383419	0.525	0.8165137614678899	0.55	0.5	0.49019607843137253	0.3333333333333333	0.7317073170731707	0.5454545454545454
dmw=11540	0.5178470254957507	0.4915254237288136	0.45224719101123595	0.4943310657596372	0.424	0.5327102803738317	0.4873096446700508	0.5348837209302325	0.48770491803278687	0.34523809523809523	0.5497076023391813	0.5	0.6666666666666666	0.5842696629213483	0.8695652173913043	0.6857142857142857	0.5357142857142857
dmw=11541	0.8648648648648649	0.8742424242424243	0.8457943925233645	0.855072463768116	0.9013605442176871	0.9060402684563759	0.8468468468468469	0.9470899470899471	0.9235880398671097	0.7766990291262136	0.8626609442060086	0.8947368421052632	1.0	0.8787878787878788	0.8333333333333334	0.8666666666666667	0.75
dmw=11542	0.8961038961038961	0.8639308855291576	0.9253731343283582	0.8819875776397516	0.9071428571428571	0.9135802469135802	0.8415300546448088	0.875	0.9281437125748503	0.5517241379310345	0.9226519337016574	0.8695652173913043	0.5555555555555556	0.890625	1.0	0.9	0.7272727272727273
dmw=11543	0.002347417840375587	0.0051813471502590676	0.013888888888888888	0.0	0.0	0.0196078431372549	0.014925373134328358	0.0	0.0	0.0	0.018518518518518517	0.0	0.0	0.0	0.0	0.0	0.0
dmw=11549	0.0199468085106383	0.009950248756218905	0.0	0.00684931506849315	0.006578947368421052	0.014492753623188406	0.0	0.043478260869565216	0.008928571428571428	0.0	0.007575757575757576	0.02702702702702703	0.0	0.0	0.0	0.05555555555555555	0.0
dmw=11554	0.5854166666666667	0.5568862275449101	0.7716535433070866	0.8243243243243243	0.8270676691729323	0.9142857142857143	0.9137931034482759	0.7894736842105263	0.863013698630137	0.7647058823529411	0.5	0.8181818181818182	0.8333333333333334	0.8727272727272727	1.0	0.0	0.6923076923076923
dmw=11555	0.06313131313131314	0.08639308855291576	0.04263565891472868	0.07860262008733625	0.04225352112676056	0.09090909090909091	0.03206997084548105	0.07476635514018691	0.052307692307692305	0.05555555555555555	0.04721030042918455	0.047619047619047616	0.07142857142857142	0.015037593984962405	0.0	0.05	0.12
dmw=11561	0.28239499553172476	0.25660964230171074	0.25271739130434784	0.2551440329218107	0.27044025157232704	0.4065934065934066	0.3055555555555556	0.296	0.29714285714285715	0.2073170731707317	0.3141025641025641	0.2839506172839506	0.27692307692307694	0.31297709923664124	0.0	0.2962962962962963	0.16666666666666666
dmw=11564	0.8125523012552301	0.8216106014271152	0.8291139240506329	0.8568075117370892	0.8773006134969326	0.766798418972332	0.8444444444444444	0.8212765957446808	0.8378378378378378	0.6145251396648045	0.8587360594795539	0.828125	0.8369565217391305	0.8860103626943006	0.8928571428571429	0.8333333333333334	0.7121212121212122
dmw=11573	0.9467836257309942	0.9331436699857752	0.9526813880126183	0.9615384615384616	0.9704641350210971	0.9506172839506173	0.9534883720930233	0.9519650655021834	0.9507299270072993	0.794392523364486	0.961352657004831	0.974025974025974	0.96875	0.9897959183673469	1.0	0.8958333333333334	0.8571428571428571
dmw=11591	0.006528835690968444	0.01084010840108401	0.007142857142857143	0.0038314176245210726	0.00904977375565611	0.0	0.0	0.0	0.0	0.0	0.009345794392523364	0.045454545454545456	0.0	0.0	0.0	0.0	0.0
dmw=11599	0.3050847457627119	0.29107981220657275	0.3436123348017621	0.2757009345794392	0.3197278911564626	0.3559322033898305	0.30141843971631205	0.34523809523809523	0.3835978835978836	0.31868131868131866	0.32338308457711445	0.3448275862068966	0.36	0.3904109589041096	0.0	0.19047619047619047	0.37735849056603776
dmw=11604	0.24363636363636362	0.09375	0.4634146341463415	0.19696969696969696	0.47619047619047616	0.6944444444444444	0.5423728813559322	0.16129032258064516	0.6349206349206349	0.5625	0.046875	0.5	0.782608695652174	0.35294117647058826	0.8	1.0	0.0
dmw=11615	0.8400900900900901	0.8497109826589595	0.8108108108108109	0.8709677419354839	0.9076923076923077	0.875	0.8390804597701149	0.7222222222222222	0.9010989010989011	0.8913043478260869	0.8245614035087719	1.0	0.8421052631578947	0.9294117647058824	1.0	0.8928571428571429	0.0
dmw=11619	0.9405144694533762	0.9312977099236641	0.9659090909090909	1.0	0.9538461538461539	0.9615384615384616	0.9385474860335196	0.9523809523809523	0.9805194805194806	0.7045454545454546	0.8548387096774194	1.0	1.0	0.9558823529411765	0.0	1.0	1.0
dmw=11627	0.004830917874396135	0.008771929824561403	0.0	0.014925373134328358	0.0	0.0	0.0	0.0	0.007575757575757576	0.0	0.0	0.0	0.0	0.0	0.0	0.0	0.0
dmw=11629	0.7296099290780141	0.749266862170088	0.755	0.7405857740585774	0.7421875	0.8314606741573034	0.742671009771987	0.8088235294117647	0.742014742014742	0.5421686746987951	0.7889447236180904	0.8333333333333334	0.7922077922077922	0.8048780487804879	0.8181818181818182	0.6	0.5
dmw=11636	0.2903225806451613	0.21346153846153845	0.21385542168674698	0.21933085501858737	0.1925	0.20930232558139536	0.06501547987616099	0.2773722627737226	0.1553133514986376	0.13414634146341464	0.21359223300970873	0.20270270270270271	0.425531914893617	0.16964285714285715	0.4	0.35714285714285715	0.44
dmw=11639	0.34993773349937735	0.39166666666666666	0.3508771929824561	0.38372093023255816	0.32	0.4838709677419355	0.432	0.3108108108108108	0.37662337662337664	0.43902439024390244	0.22429906542056074	0.4358974358974359	0.6153846153846154	0.22727272727272727	0.6363636363636364	0.5	0.5
dmw=11666	0.8588039867109635	0.8617256637168141	0.8870523415977961	0.8888888888888888	0.910873440285205	0.8	0.8986175115207373	0.8672199170124482	0.897029702970297	0.75	0.8142857142857143	0.6779661016949152	0.8648648648648649	0.921875	1.0	0.9473684210526315	0.5945945945945946
dmw=11667	0.8918014500836586	0.8771289537712895	0.9265536723163842	0.9631449631449631	0.9649532710280374	0.9742489270386266	0.9356321839080459	0.9658119658119658	0.9412997903563941	0.8923076923076924	0.857566765578635	0.96	0.953125	0.8854961832061069	0.9565217391304348	0.9767441860465116	0.7368421052631579
dmw=11668	0.8651026392961877	0.768170426065163	0.8566978193146417	0.8566037735849057	0.8937908496732027	0.8560606060606061	0.819047619047619	0.9028571428571428	0.8406466512702079	0.7471264367816092	0.8916666666666667	0.9230769230769231	0.5370370370370371	0.7411764705882353	0.8387096774193549	0.9523809523809523	0.896551724137931
dmw=11673	0.9179157744468237	0.9186046511627907	0.9465020576131687	0.8888888888888888	0.950530035335689	0.8842975206611571	0.9776951672862454	0.9367816091954023	0.9321148825065274	0.4423076923076923	0.9201520912547528	0.9666666666666667	0.9508196721311475	0.9743589743589743	0.9130434782608695	0.0	0.8378378378378378
dmw=11674	0.36890871654083734	0.3331034482758621	0.3183139534883721	0.42455242966751916	0.41488020176544765	0.3837638376383764	0.43103448275862066	0.34332425068119893	0.3772455089820359	0.3856655290102389	0.3246753246753247	0.28846153846153844	0.5	0.3135593220338983	0.35714285714285715	0.5507246376811594	0.43636363636363634
dmw=11675	0.6039603960396039	0.5350701402805611	0.6190476190476191	0.6282527881040892	0.6467391304347826	0.546875	0.5939086294416244	0.6025641025641025	0.5706666666666667	0.625	0.4309623430962343	0.7391304347826086	0.6666666666666666	0.5227272727272727	0.6	0.8888888888888888	0.6595744680851063
dmw=11676	0.024496937882764653	0.014958863126402393	0.023255813953488372	0.05491329479768786	0.012315270935960592	0.028409090909090908	0.012360939431396786	0.0625	0.02784503631961259	0.013850415512465374	0.031746031746031744	0.010309278350515464	0.017241379310344827	0.014326647564469915	0.0	0.0	0.037037037037037035
dmw=11677	0.5964325529542921	0.5077319587628866	0.6534653465346535	0.6744186046511628	0.5975103734439834	0.717741935483871	0.6466666666666666	0.6341463414634146	0.5975609756097561	0.7321428571428571	0.5737704918032787	0.5789473684210527	0.8333333333333334	0.5862068965517241	0.75	0.6363636363636364	0.5925925925925926
dmw=11679	0.872822299651568	0.8106995884773662	0.8769230769230769	0.9090909090909091	0.8470588235294118	0.8166666666666667	0.8936170212765957	0.8651685393258427	0.8553459119496856	0.6911764705882353	0.6759259259259259	0.92	0.0	0.8918918918918919	0.0	1.0	0.625
dmw=11680	0.9212860310421286	0.8929889298892989	0.9709090909090909	0.9217877094972067	0.9473684210526315	0.9432624113475178	0.9259259259259259	0.9090909090909091	0.9516728624535316	0.7674418604651163	0.8125	0.9818181818181818	1.0	0.9759036144578314	0.0	1.0	0.8387096774193549
dmw=11681	0.011472275334608031	0.0	0.013333333333333334	0.0	0.0	0.0	0.015151515151515152	0.022222222222222223	0.016129032258064516	0.01694915254237288	0.016129032258064516	0.0	0.0	0.0	0.0	0.0	0.0
dmw=11682	0.021156025689459765	0.014164305949008499	0.043243243243243246	0.021526418786692758	0.016597510373443983	0.06640625	0.028208744710860368	0.034482758620689655	0.04	0.037383177570093455	0.008169934640522876	0.030303030303030304	0.047619047619047616	0.05649717514124294	0.0	0.017241379310344827	0.013333333333333334
dmw=11687	0.8630377524143986	0.8257839721254355	0.9427083333333334	0.8761061946902655	0.9166666666666666	0.8701298701298701	0.8997214484679665	0.8118811881188119	0.9058823529411765	0.8803418803418803	0.7276595744680852	0.9622641509433962	0.7435897435897436	0.8857142857142857	1.0	0.9545454545454546	0.7884615384615384
dmw=11688	0.7641004528612598	0.7209944751381215	0.819672131147541	0.7279549718574109	0.8016129032258065	0.8518518518518519	0.8193832599118943	0.8063380281690141	0.8614318706697459	0.3557692307692308	0.7113924050632912	0.7096774193548387	0.7472527472527473	0.8449612403100775	0.9107142857142857	0.625	0.64
dmw=11689	0.887911247130834	0.8485385296722764	0.9487179487179487	0.906896551724138	0.8978723404255319	0.8753894080996885	0.9269406392694064	0.9347079037800687	0.9154362416107382	0.8433179723502304	0.8745098039215686	0.9518072289156626	0.8857142857142857	0.9004739336492891	0.0	0.9560439560439561	0.717948717948718
dmw=11690	0.9153439153439153	0.8868552412645591	0.9524886877828054	0.9098360655737705	0.9348268839103869	0.8568232662192393	0.9074074074074074	0.9352112676056338	0.941747572815534	0.8347457627118644	0.9066427289048474	0.7169811320754716	0.9393939393939394	0.9631578947368421	0.9090909090909091	1.0	0.71875
dmw=11691	0.8770706190061028	0.8309128630705395	0.8951841359773371	0.8738532110091743	0.8983870967741936	0.859375	0.8859813084112149	0.8777777777777778	0.8343283582089552	0.7509293680297398	0.7544554455445545	0.9444444444444444	0.8241758241758241	0.8661417322834646	0.7777777777777778	0.9	0.8857142857142857
dmw=11692	0.8786919831223629	0.8850806451612904	0.9	0.9111111111111111	0.8771929824561403	0.8582677165354331	0.8914027149321267	0.9306930693069307	0.9283582089552239	0.7564102564102564	0.8894736842105263	0.9523809523809523	0.9518072289156626	0.9107142857142857	0.0	0.0	1.0
dmw=11693	0.8975265017667845	0.8642857142857143	0.8636363636363636	0.8666666666666667	0.9272727272727272	0.8928571428571429	0.9436619718309859	0.9375	0.9240506329113924	0.9032258064516129	0.9078947368421053	1.0	0.9565217391304348	0.9166666666666666	0.0	1.0	0.5
dmw=11694	0.9014238773274917	0.8785046728971962	0.8975741239892183	0.9090909090909091	0.8955223880597015	0.9689922480620154	0.9290540540540541	0.9381443298969072	0.8830022075055187	0.7571428571428571	0.8519480519480519	0.875	0.937984496124031	0.9403973509933775	0.875	0.8888888888888888	0.8809523809523809
dmw=11696	0.08636363636363636	0.05253623188405797	0.049707602339181284	0.04032258064516129	0.02356902356902357	0.030927835051546393	0.05653710247349823	0.05384615384615385	0.07645875251509054	0.07086614173228346	0.08179419525065963	0.05263157894736842	0.19444444444444445	0.03488372093023256	0.0	0.125	0.11538461538461539
dmw=11707	0.06886657101865136	0.07827788649706457	0.09230769230769231	0.07861635220125786	0.11267605633802817	0.10407239819004525	0.11567164179104478	0.059782608695652176	0.14285714285714285	0.07954545454545454	0.031746031746031744	0.04040404040404041	0.04	0.12962962962962962	0.0	0.07692307692307693	0.08333333333333333
dmw=11712	0.6270566727605119	0.595679012345679	0.625	0.5306122448979592	0.6376811594202898	0.7202797202797203	0.6755725190839694	0.5714285714285714	0.5656565656565656	0.711864406779661	0.5977011494252874	0.6923076923076923	0.75	0.6666666666666666	0.0	0.6363636363636364	0.631578947368421
dmw=11713	0.3896296296296296	0.36875	0.2972972972972973	0.5	0.44017094017094016	0.3793103448275862	0.3129251700680272	0.38095238095238093	0.2073170731707317	0.2765957446808511	0.33613445378151263	0.23333333333333334	0.42105263157894735	0.2463768115942029	0.2	0.0	0.47058823529411764
dmw=11714	0.936127744510978	0.9002493765586035	0.927710843373494	0.8740157480314961	0.9436619718309859	0.97	0.9326145552560647	0.9320388349514563	0.9238095238095239	0.7692307692307693	0.9109947643979057	0.9230769230769231	0.6785714285714286	0.9516129032258065	0.9230769230769231	1.0	0.8163265306122449
dmw=11715	0.7305428384565075	0.7819444444444444	0.7352941176470589	0.7877094972067039	0.7553444180522565	0.7197802197802198	0.7612456747404844	0.6923076923076923	0.7088888888888889	0.6	0.7366946778711485	0.9574468085106383	0.74	0.7518796992481203	0.9090909090909091	0.6363636363636364	0.6461538461538462
dmw=11724	0.8772200772200772	0.7910112359550562	0.8583333333333333	0.8980891719745223	0.8788732394366198	0.8602941176470589	0.8941176470588236	0.8648648648648649	0.9033078880407125	0.7657657657657657	0.8909952606635071	0.7358490566037735	0.8289473684210527	0.8888888888888888	0.9166666666666666	0.8636363636363636	0.25
dmw=11731	0.7974079126875853	0.7660818713450293	0.7426160337552743	0.7934272300469484	0.772189349112426	0.7579617834394905	0.7737003058103975	0.782608695652174	0.7887323943661971	0.6228070175438597	0.7931034482758621	0.8285714285714286	0.8214285714285714	0.8176470588235294	0.8857142857142857	0.8666666666666667	0.7058823529411765
dmw=11732	0.010752688172043012	0.007838745800671893	0.01383399209486166	0.003115264797507788	0.0053475935828877	0.015503875968992248	0.010615711252653927	0.010752688172043012	0.0037105751391465678	0.015267175572519083	0.006734006734006734	0.0	0.0	0.0	0.0	0.0	0.0
dmw=11733	0.5017584994138335	0.40691489361702127	0.47692307692307695	0.5142857142857142	0.4793814432989691	0.4174757281553398	0.4911242603550296	0.35443037974683544	0.5111940298507462	0.3409090909090909	0.41379310344827586	0.22727272727272727	0.0	0.5915492957746479	0.4	0.5714285714285714	0.45454545454545453
dmw=11734	0.5249053306146227	0.5405405405405406	0.5392670157068062	0.5758426966292135	0.5586206896551724	0.4447592067988669	0.5372340425531915	0.6293929712460063	0.5539803707742639	0.4943502824858757	0.4984423676012461	0.5107913669064749	0.5521472392638037	0.6331658291457286	0.4153846153846154	0.5714285714285714	0.5483870967741935
dmw=11735	0.6944444444444444	0.6792569659442724	0.6980645161290323	0.7394366197183099	0.7416173570019724	0.7263427109974424	0.6853658536585366	0.7488038277511961	0.6950286806883366	0.5422077922077922	0.6589259796806967	0.6363636363636364	0.7572815533980582	0.6897374701670644	0.7558139534883721	0.7808219178082192	0.6129032258064516
dmw=11736	0.5568436798803291	0.5217006200177148	0.6104417670682731	0.5849802371541502	0.5331325301204819	0.5048543689320388	0.5866454689984102	0.5604026845637584	0.5477075588599752	0.4329896907216495	0.5173210161662818	0.5362318840579711	0.5844155844155844	0.6394052044609665	0.84375	0.5483870967741935	0.37209302325581395
dmw=11737	0.7174528301886792	0.670995670995671	0.7050847457627119	0.7472826086956522	0.7216783216783217	0.7356687898089171	0.7162162162162162	0.7136363636363636	0.7403993855606759	0.5634920634920635	0.712	0.7714285714285715	0.7083333333333334	0.7452830188679245	0.6774193548387096	0.7297297297297297	0.574468085106383
dmw=11738	0.9281200631911533	0.8679611650485437	0.9295302013422819	0.9053497942386831	0.9348370927318296	0.9655172413793104	0.9464882943143813	0.9723502304147466	0.9368770764119602	0.6896551724137931	0.9635416666666666	1.0	1.0	0.9285714285714286	0.9444444444444444	1.0	0.7857142857142857
dmw=11740	0.8552631578947368	0.7993197278911565	0.8548387096774194	0.7986111111111112	0.8607594936708861	0.7551020408163265	0.8796992481203008	0.8918918918918919	0.8562874251497006	0.8115942028985508	0.8723404255319149	0.7027027027027027	0.6666666666666666	0.88	0.75	0.0	0.875
dmw=11741	0.9436749769159741	0.8534031413612565	0.9583333333333334	0.9375	0.940959409594096	0.9210526315789473	0.9166666666666666	0.9196428571428571	0.9726027397260274	0.7857142857142857	0.8308457711442786	0.8846153846153846	0.9245283018867925	0.9888888888888889	0.8571428571428571	1.0	0.9444444444444444
dmw=11745	0.8294898672257163	0.767511177347243	0.85	0.8208232445520581	0.810126582278481	0.7647058823529411	0.8347107438016529	0.8207547169811321	0.8008849557522124	0.5816993464052288	0.7877697841726619	0.8258064516129032	0.7758620689655172	0.8402777777777778	0.875	0.7037037037037037	0.7518796992481203
dmw=11746	0.8279569892473119	0.8032979976442874	0.8775981524249422	0.8716216216216216	0.8673740053050398	0.861244019138756	0.8599033816425121	0.8578947368421053	0.8823529411764706	0.7821782178217822	0.8567639257294429	0.9318181818181818	0.8469387755102041	0.8872180451127819	0.9411764705882353	0.9565217391304348	0.75
dmw=11747	0.6958490566037736	0.7154471544715447	0.7488262910798122	0.6903553299492385	0.7621621621621621	0.5467625899280576	0.6964285714285714	0.7894736842105263	0.6640316205533597	0.5263157894736842	0.660436137071651	0.7906976744186046	0.6956521739130435	0.8543689320388349	0.0	0.6086956521739131	0.7209302325581395
dmw=11748	0.06853582554517133	0.06697819314641744	0.09319899244332494	0.08259587020648967	0.04834605597964377	0.13675213675213677	0.10933333333333334	0.017241379310344827	0.08101851851851852	0.12631578947368421	0.04428044280442804	0.046511627906976744	0.06896551724137931	0.0	0.0	0.0	0.0
dmw=11749	0.7830998644374153	0.7292817679558011	0.7700892857142857	0.8244444444444444	0.7934272300469484	0.7967032967032966	0.8107638888888888	0.7801857585139319	0.8035190615835777	0.6013513513513513	0.7009569377990431	0.8235294117647058	0.8536585365853658	0.8211009174311926	0.9473684210526315	0.9047619047619048	0.39344262295081966
dmw=11750	0.8252285191956125	0.7820965842167256	0.8495934959349594	0.8509433962264151	0.8461538461538461	0.8314917127071824	0.8530884808013356	0.8340248962655602	0.8182883939038686	0.8091603053435115	0.8026030368763557	0.8415841584158416	0.6666666666666666	0.8333333333333334	0.8571428571428571	0.9047619047619048	0.6025641025641025
dmw=11751	0.7764705882352941	0.7379134860050891	0.8409638554216867	0.8383561643835616	0.8046875	0.8102564102564103	0.8306709265175719	0.8585365853658536	0.7886855241264559	0.5897435897435898	0.76	0.8181818181818182	0.7321428571428571	0.8145695364238411	0.8	0.6	0.7142857142857143
dmw=11752	0.810126582278481	0.7951105937136205	0.8202531645569621	0.8226600985221675	0.8416206261510129	0.7989130434782609	0.833729216152019	0.8553719008264463	0.8302919708029197	0.6449704142011834	0.8154269972451791	0.8723404255319149	0.6481481481481481	0.8240740740740741	0.8690476190476191	0.8490566037735849	0.7258064516129032
dmw=11753	0.772093023255814	0.7310996563573883	0.7655913978494624	0.7868525896414342	0.7762376237623763	0.7777777777777778	0.763302752293578	0.7992957746478874	0.7538699690402477	0.6458333333333334	0.7390300230946882	0.828125	0.8024691358024691	0.7948717948717948	0.8260869565217391	0.8362068965517241	0.6825396825396826
dmw=11754	0.9013116801998751	0.8730886850152905	0.960960960960961	0.9135802469135802	0.9057971014492754	0.8216216216216217	0.8908045977011494	0.9407894736842105	0.8997867803837953	0.8163265306122449	0.8666666666666667	0.8918918918918919	0.9482758620689655	0.9047619047619048	1.0	0.95	0.7808219178082192
dmw=11759	0.002652519893899204	0.004457652303120356	0.005208333333333333	0.0058823529411764705	0.0136986301369863	0.0038461538461538464	0.015126050420168067	0.008849557522123894	0.0027137042062415195	0.0051813471502590676	0.005154639175257732	0.0	0.0	0.003937007874015748	0.0	0.0	0.0
dmw=11760	0.6513994910941476	0.6656848306332842	0.668693009118541	0.7421875	0.6883116883116883	0.6457142857142857	0.6722222222222223	0.703862660944206	0.6600397614314115	0.6538461538461539	0.6468842729970327	0.6511627906976745	0.6144578313253012	0.665158371040724	0.6923076923076923	0.7857142857142857	0.6666666666666666
dmw=11761	0.09264305177111716	0.07550077041602465	0.07171314741035857	0.10980392156862745	0.0970873786407767	0.08421052631578947	0.10703363914373089	0.08571428571428572	0.0912280701754386	0.11888111888111888	0.12571428571428572	0.08695652173913043	0.10843373493975904	0.051470588235294115	0.0	0.05128205128205128	0.17647058823529413
dmw=11762	0.7867104183757178	0.7474226804123711	0.784	0.8158995815899581	0.8284182305630027	0.8057553956834532	0.8022922636103151	0.8321678321678322	0.7871287128712872	0.847457627118644	0.7112299465240641	0.7183098591549296	0.8333333333333334	0.845360824742268	0.7647058823529411	0.8571428571428571	0.75
dmw=11763	0.7425697302240513	0.7100130039011704	0.7603305785123967	0.7894736842105263	0.7582037996545768	0.774390243902439	0.7283372365339579	0.8651685393258427	0.7678571428571429	0.7326732673267327	0.7282608695652174	0.7540983606557377	0.9051724137931034	0.7763157894736842	0.9387755102040817	0.6428571428571429	0.7209302325581395
dmw=11764	0.6561371841155235	0.5859519408502772	0.6931034482758621	0.6944444444444444	0.6801152737752162	0.5662650602409639	0.6491935483870968	0.6934306569343066	0.6384297520661157	0.5301204819277109	0.5862068965517241	0.4	0.78125	0.6578947368421053	0.5	0.7307692307692307	0.463768115942029
dmw=11765	0.23069894929191412	0.21898597626752966	0.3147410358565737	0.3641025641025641	0.1980440097799511	0.15708812260536398	0.2894736842105263	0.26200873362445415	0.2102728731942215	0.20603015075376885	0.19506172839506172	0.3161290322580645	0.18620689655172415	0.29767441860465116	0.0	0.5925925925925926	0.30357142857142855
dmw=11766	0.15260232440626578	0.12234042553191489	0.13876651982378854	0.2	0.14883720930232558	0.18322981366459629	0.21663442940038685	0.1840277777777778	0.0925589836660617	0.12345679012345678	0.125	0.24390243902439024	0.0	0.15165876777251186	0.0	0.06666666666666667	0.23333333333333334
dmw=11767	0.003663003663003663	0.004934210526315789	0.00411522633744856	0.015384615384615385	0.0	0.005128205128205128	0.015306122448979591	0.0	0.0038314176245210726	0.06382978723404255	0.005780346820809248	0.04	0.0	0.0	0.0	0.0	0.0
dmw=11768	0.004014452027298274	0.0029013539651837525	0.0055248618784530384	0.008565310492505354	0.006125574272588055	0.0029940119760479044	0.010752688172043012	0.0079155672823219	0.0	0.006944444444444444	0.011834319526627219	0.0	0.0	0.0038910505836575876	0.0	0.0	0.08695652173913043
dmw=11769	0.8532246108228317	0.8301282051282052	0.868421052631579	0.8571428571428571	0.8593073593073594	0.8991596638655462	0.8619528619528619	0.8303886925795053	0.8704545454545455	0.6875	0.865546218487395	0.8674698795180723	0.9230769230769231	0.8833333333333333	0.7777777777777778	0.8	0.8620689655172413
dmw=11770	0.891156462585034	0.8291814946619217	0.8643067846607669	0.882903981264637	0.9156626506024096	0.9540229885057471	0.9040247678018576	0.9168704156479217	0.8883928571428571	0.782608695652174	0.8636363636363636	0.9142857142857143	0.9594594594594594	0.9042145593869731	0.9354838709677419	1.0	0.8554216867469879
dmw=11771	0.9112856311809191	0.8915579958819492	0.9416282642089093	0.9415887850467289	0.9562363238512035	0.9285714285714286	0.9055793991416309	0.9596541786743515	0.9447047797563262	0.7666666666666667	0.9014084507042254	0.9444444444444444	0.9292929292929293	0.9517241379310345	1.0	0.925	0.8
dmw=11772	0.9153439153439153	0.8604166666666667	0.9618055555555556	0.9215686274509803	0.9141630901287554	0.9491525423728814	0.9427312775330396	0.95	0.9550561797752809	0.5368421052631579	0.8716814159292036	0.975	0.9	0.9302325581395349	1.0	1.0	1.0
dmw=11773	0.8698583951449764	0.8549075391180654	0.8630573248407644	0.8654545454545455	0.8599290780141844	0.8098159509202454	0.8870056497175142	0.9120879120879121	0.8818565400843882	0.5689655172413793	0.7916666666666666	0.9032258064516129	0.9583333333333334	0.9312977099236641	0.8275862068965517	0.8571428571428571	0.8055555555555556
dmw=11774	0.7292775665399239	0.6963350785340314	0.7463768115942029	0.717391304347826	0.7490909090909091	0.7692307692307693	0.7610294117647058	0.7180851063829787	0.744	0.6526315789473685	0.6462882096069869	0.8	0.7966101694915254	0.7924528301886793	1.0	0.0	0.4166666666666667
dmw=11775	0.7592190889370932	0.7376681614349776	0.7711864406779662	0.8802816901408451	0.7563025210084033	0.7571428571428571	0.7198443579766537	0.7391304347826086	0.7509293680297398	0.6323529411764706	0.6515151515151515	0.559322033898305	0.4642857142857143	0.7710843373493976	0.0	0.5	0.6086956521739131
dmw=11776	0.8163487738419618	0.8050541516245487	0.8734177215189873	0.84375	0.8283132530120482	0.8131313131313131	0.8578680203045685	0.8771186440677966	0.8220640569395018	0.6464646464646465	0.8243243243243243	0.8571428571428571	0.8363636363636363	0.9153846153846154	0.8	0.9444444444444444	0.7096774193548387
dmw=11777	0.6892822025565388	0.6602434077079108	0.673202614379085	0.7036144578313253	0.7278350515463917	0.7231404958677686	0.7219730941704036	0.6947791164658634	0.6946308724832215	0.5588235294117647	0.6447058823529411	0.7108433734939759	0.6071428571428571	0.8269230769230769	0.7714285714285715	0.85	0.746031746031746
dmw=11778	0.7703461178671656	0.7522727272727273	0.8349282296650717	0.7816901408450704	0.8290598290598291	0.8194444444444444	0.7790368271954674	0.7621359223300971	0.8088737201365188	0.851063829787234	0.7315436241610739	0.45	0.8	0.7983870967741935	0.6153846153846154	0.84	0.64
dmw=11779	0.7761658031088083	0.7465535524920467	0.7790697674418605	0.8016528925619835	0.7679671457905544	0.7313915857605178	0.8045977011494253	0.8152173913043478	0.7900990099009901	0.7283950617283951	0.7598684210526315	0.873015873015873	0.6521739130434783	0.8011049723756906	0.8048780487804879	1.0	0.7419354838709677
dmw=11780	0.8481262327416174	0.7834890965732088	0.8522012578616353	0.834983498349835	0.8517520215633423	0.875	0.9263157894736842	0.8654970760233918	0.8782608695652174	0.688	0.9292035398230089	0.9420289855072463	1.0	0.8596491228070176	0.0	1.0	0.5833333333333334
dmw=11786	0.8920105355575065	0.8760683760683761	0.9027777777777778	0.9020618556701031	0.9054054054054054	0.88	0.9362549800796812	0.9861111111111112	0.9430199430199431	0.7045454545454546	0.9456521739130435	0.8985507246376812	0.9629629629629629	0.9473684210526315	0.0	1.0	0.6829268292682927
dmw=11787	0.9017038007863696	0.8431372549019608	0.9558011049723757	0.9235294117647059	0.9347826086956522	0.8777777777777778	0.8465346534653465	0.912621359223301	0.8940092165898618	0.6615384615384615	0.7674418604651163	0.9629629629629629	0.9069767441860465	0.9302325581395349	0.8888888888888888	1.0	0.8461538461538461
dmw=11789	0.5954907161803713	0.5472312703583062	0.6153846153846154	0.6344086021505376	0.6255707762557078	0.5636363636363636	0.6474820143884892	0.7534246575342466	0.6256684491978609	0.6052631578947368	0.5656565656565656	0.5714285714285714	0.6521739130434783	0.7586206896551724	0.0	0.6	0.6086956521739131
dmw=11790	0.07516147974163241	0.06420545746388442	0.0701219512195122	0.08708708708708708	0.09844559585492228	0.04790419161676647	0.08441558441558442	0.045714285714285714	0.056657223796033995	0.05789473684210526	0.07575757575757576	0.04477611940298507	0.0625	0.10404624277456648	0.0625	0.13333333333333333	0.08
dmw=11791	0.3509933774834437	0.36180904522613067	0.25874125874125875	0.3233082706766917	0.3479381443298969	0.2803030303030303	0.30514705882352944	0.2987012987012987	0.3797909407665505	0.35398230088495575	0.4434389140271493	0.1875	0.46511627906976744	0.3717948717948718	0.2727272727272727	0.375	0.6363636363636364
dmw=11792	0.8270531400966183	0.8285837651122625	0.818937939859245	0.8717015468607825	0.8646496815286624	0.8153153153153153	0.8623574144486692	0.8353344768439108	0.852974828375286	0.65	0.8405466970387244	0.8992042440318302	0.9243027888446215	0.8717434869739479	0.9615384615384616	0.8939393939393939	0.8130434782608695
dmw=11793	0.4742807323452485	0.44189852700491	0.431924882629108	0.49577464788732395	0.5148936170212766	0.5555555555555556	0.4868421052631579	0.49056603773584906	0.55078125	0.45864661654135336	0.45408163265306123	0.5714285714285714	0.4666666666666667	0.5056179775280899	0.6666666666666666	0.5454545454545454	0.5
dmw=11794	0.6747311827956989	0.7157712305025996	0.6795252225519288	0.6550218340611353	0.760593220338983	0.775	0.7051792828685259	0.7267441860465116	0.6691358024691358	0.6181818181818182	0.6782178217821783	0.7105263157894737	0.7045454545454546	0.6783216783216783	1.0	0.6419753086419753	0.8181818181818182
dmw=11795	0.8829694323144105	0.8625498007968128	0.9512195121951219	0.895	0.9206349206349206	0.9161290322580645	0.926530612244898	0.9396551724137931	0.940983606557377	0.7045454545454546	0.8246753246753247	0.9560439560439561	0.9714285714285714	0.9398496240601504	1.0	1.0	0.7407407407407407
dmw=11796	0.9021084337349398	0.8884892086330936	0.9540229885057471	0.9	0.96045197740113	0.8870967741935484	0.8954248366013072	0.95	0.916030534351145	0.7619047619047619	0.8404255319148937	0.7666666666666667	0.6	0.9859154929577465	1.0	1.0	0.8
dmw=11797	0.8907867494824017	0.8722627737226277	0.9161793372319688	0.930635838150289	0.926829268292683	0.926605504587156	0.9044943820224719	0.9596774193548387	0.9080675422138836	0.580952380952381	0.8423529411764706	0.9538461538461539	0.9655172413793104	0.9519230769230769	1.0	1.0	0.8085106382978723
dmw=11798	0.9036016949152542	0.8518518518518519	0.9612676056338029	0.9266666666666666	0.9528985507246377	0.975	0.9330708661417323	0.8983050847457628	0.9055374592833876	0.8018867924528302	0.8214285714285714	1.0	0.9807692307692307	0.9411764705882353	1.0	1.0	0.7391304347826086
dmw=11799	0.5889520714865962	0.5294117647058824	0.6	0.594017094017094	0.6459016393442623	0.6639344262295082	0.6108949416342413	0.6176470588235294	0.6036745406824147	0.475	0.5824175824175825	0.5714285714285714	0.5	0.6864864864864865	1.0	0.7209302325581395	0.5217391304347826
dmw=11800	0.6800691742325984	0.6457943925233645	0.7140151515151515	0.7014492753623188	0.7119856887298748	0.7047970479704797	0.7048054919908466	0.6597938144329897	0.7108239095315024	0.6129032258064516	0.6535433070866141	0.6744186046511628	0.7386363636363636	0.6982758620689655	0.6818181818181818	0.5714285714285714	0.0
dmw=11801	0.0052434456928838954	0.006	0.007142857142857143	0.00510204081632653	0.003401360544217687	0.005847953216374269	0.0036363636363636364	0.0035335689045936395	0.003125	0.0	0.0	0.0	0.0	0.0	0.0	0.0	0.0
dmw=11803	0.7213989330171903	0.667578659370725	0.7698744769874477	0.7333333333333333	0.763458401305057	0.8	0.7195767195767195	0.7511520737327189	0.7666666666666667	0.6363636363636364	0.6504854368932039	0.7980769230769231	0.7532467532467533	0.79	0.8	1.0	0.0
dmw=11805	0.27319587628865977	0.2903225806451613	0.26744186046511625	0.31797235023041476	0.27350427350427353	0.2558139534883721	0.3018867924528302	0.25862068965517243	0.3057142857142857	0.27956989247311825	0.3023255813953488	0.3111111111111111	0.375	0.28888888888888886	0.30303030303030304	0.3076923076923077	0.5384615384615384
dmw=11807	0.8996160175534833	0.8507462686567164	0.9049180327868852	0.9363636363636364	0.925	0.8804347826086957	0.9228395061728395	0.9162995594713657	0.9051878354203936	0.8225806451612904	0.9020408163265307	0.9024390243902439	0.9349593495934959	0.9147727272727273	0.9629629629629629	1.0	0.8780487804878049
dmw=11808	0.8959950325985718	0.8587334725121781	0.8818635607321131	0.9226415094339623	0.8976608187134503	0.8540772532188842	0.9034391534391535	0.9214285714285714	0.9028871391076115	0.8314176245210728	0.8293650793650794	0.8979591836734694	0.8936170212765957	0.91701244813278	0.9340659340659341	0.8857142857142857	0.875
dmw=11809	0.862124898621249	0.8470588235294118	0.8844765342960289	0.8967551622418879	0.8769716088328076	0.8947368421052632	0.8840579710144928	0.9152542372881356	0.9254385964912281	0.7411764705882353	0.8361344537815126	0.8620689655172413	0.8837209302325582	0.8695652173913043	0.9	0.8461538461538461	0.9473684210526315
dmw=11810	0.9051008303677343	0.8923766816143498	0.9457831325301205	0.9259259259259259	0.95703125	0.9583333333333334	0.9070796460176991	0.9574468085106383	0.9392857142857143	0.8840579710144928	0.7945205479452054	1.0	1.0	0.9245283018867925	0.9210526315789473	0.896551724137931	0.8333333333333334
dmw=11811	0.7376950780312125	0.6734059097978227	0.7468354430379747	0.7909604519774012	0.7710084033613446	0.7040816326530612	0.7877358490566038	0.7528089887640449	0.8045112781954887	0.5670103092783505	0.6697530864197531	0.7983193277310925	0.78125	0.7278481012658228	0.8648648648648649	0.7843137254901961	0.5370370370370371
dmw=11812	0.8954098360655738	0.8578016910069177	0.9072642967542504	0.9184549356223176	0.9026455026455027	0.844106463878327	0.9097859327217125	0.9283489096573209	0.8965087281795511	0.8909090909090909	0.814756671899529	0.9065420560747663	0.9556962025316456	0.9304635761589404	0.9743589743589743	0.9516129032258065	0.8288288288288288
dmw=11813	0.8623711340206186	0.8306666666666667	0.8856624319419237	0.8904109589041096	0.9245562130177515	0.8884892086330936	0.8729792147806005	0.9090909090909091	0.8990318118948825	0.7647058823529411	0.790625	0.9574468085106383	0.8611111111111112	0.9245283018867925	0.9393939393939394	0.0	0.8536585365853658
dmw=11814	0.8760643330179754	0.8416289592760181	0.8714285714285714	0.9209302325581395	0.9257950530035336	0.8617886178861789	0.9253731343283582	0.9259259259259259	0.9205479452054794	0.8770491803278688	0.8857142857142857	0.941747572815534	0.6538461538461539	0.9333333333333333	1.0	0.0	0.8571428571428571
dmw=11815	0.9433258762117822	0.8375451263537906	0.8873239436619719	0.9575070821529745	0.9313725490196079	0.9597701149425287	0.9245283018867925	0.9597989949748744	0.9373549883990719	0.7962962962962963	0.8697916666666666	0.9803921568627451	0.8333333333333334	0.9807692307692307	0.9545454545454546	1.0	0.8
dmw=11816	0.8260350318471338	0.8101153504880213	0.8726207906295754	0.8705148205928237	0.8730964467005076	0.8935064935064935	0.8766025641025641	0.8682634730538922	0.8351648351648352	0.7302631578947368	0.8136094674556213	0.8495575221238938	0.8888888888888888	0.873015873015873	1.0	0.9444444444444444	0.7455621301775148
dmw=11817	0.7268070574843484	0.6645962732919255	0.75	0.7317073170731707	0.7386934673366834	0.7034482758620689	0.7466960352422908	0.6631578947368421	0.6984126984126984	0.7227272727272728	0.6256410256410256	0.6896551724137931	0.6515151515151515	0.7647058823529411	0.75	0.76	0.6451612903225806
dmw=11829	0.8083560399636693	0.7990610328638498	0.787085514834206	0.8641765704584041	0.8423423423423423	0.75	0.8012326656394453	0.8044692737430168	0.808972503617945	0.6388888888888888	0.7910447761194029	0.8661417322834646	0.7297297297297297	0.8375451263537906	0.8148148148148148	0.8536585365853658	0.6621621621621622
dmw=11830	0.8229333333333333	0.7904884318766067	0.8411910669975186	0.849802371541502	0.8554216867469879	0.8634146341463415	0.8431372549019608	0.7987421383647799	0.8513513513513513	0.6558139534883721	0.7935222672064778	0.8727272727272727	0.9122807017543859	0.8604651162790697	0.9090909090909091	0.8297872340425532	0.631578947368421
dmw=11831	0.7056357708430367	0.6957494407158836	0.7655913978494624	0.7397260273972602	0.7489177489177489	0.7157360406091371	0.7357293868921776	0.7096774193548387	0.7818181818181819	0.6503067484662577	0.6864406779661016	0.7777777777777778	0.8157894736842105	0.7378048780487805	0.7096774193548387	0.0	0.6557377049180327
dmw=11832	0.7285587975243147	0.663003663003663	0.7254901960784313	0.7681159420289855	0.7963525835866262	0.7135416666666666	0.7362637362637363	0.7432432432432432	0.7616580310880829	0.7439024390243902	0.7105263157894737	0.7	0.9	0.8017241379310345	0.7894736842105263	0.8333333333333334	0.7391304347826086
dmw=11833	0.7777538726333907	0.762532981530343	0.8005366726296959	0.7815533980582524	0.8242333582647718	0.808641975308642	0.8228317272053373	0.8160377358490566	0.8191101385849745	0.807570977917981	0.754054054054054	0.8079710144927537	0.8505154639175257	0.8052256532066508	0.8303571428571429	0.9117647058823529	0.6057692307692307
dmw=11834	0.8902654867256637	0.8318965517241379	0.9130434782608695	0.8817891373801917	0.9147286821705426	0.8766519823788547	0.9197994987468672	0.9054054054054054	0.8914027149321267	0.5978260869565217	0.8588957055214724	0.9375	0.9090909090909091	0.9	0.9076923076923077	0.9032258064516129	0.8431372549019608
dmw=11835	0.7591397849462366	0.7255416940249507	0.7751842751842751	0.7927710843373494	0.7532861476238625	0.7280453257790368	0.7727840199750312	0.7713414634146342	0.7542533081285444	0.5892857142857143	0.7590361445783133	0.7684729064039408	0.6759259259259259	0.739413680781759	0.7837837837837838	0.825	0.6802721088435374
dmw=11836	0.9276822762299941	0.9275167785234899	0.9034653465346535	0.9	0.913232104121475	0.9336283185840708	0.95929203539823	0.9430051813471503	0.9513513513513514	0.8316831683168316	0.8475836431226765	1.0	0.941747572815534	0.9370629370629371	0.967741935483871	0.875	0.8888888888888888
dmw=11837	0.7934031646980165	0.7743478260869565	0.8155583437892095	0.8053624627606752	0.8136942675159236	0.7676470588235295	0.7845161290322581	0.8330827067669173	0.773109243697479	0.6903914590747331	0.7807308970099668	0.7485714285714286	0.8253012048192772	0.846441947565543	0.8245614035087719	0.8076923076923077	0.7282608695652174
dmw=11839	0.7661596958174905	0.7041522491349481	0.7764705882352941	0.8102189781021898	0.7601351351351351	0.7346938775510204	0.7619047619047619	0.7806451612903226	0.7625	0.5853658536585366	0.7159533073929961	0.7083333333333334	0.7272727272727273	0.8545454545454545	0.8269230769230769	0.0	0.85
dmw=11840	0.7411971830985915	0.7447744774477447	0.7919847328244275	0.7956730769230769	0.7978910369068541	0.7924528301886793	0.7506775067750677	0.7251908396946565	0.7398373983739838	0.7430555555555556	0.7435897435897436	0.8018018018018018	0.8441558441558441	0.6887755102040817	0.5	0.9696969696969697	0.6730769230769231
dmw=11841	0.3350559862187769	0.37438423645320196	0.3605769230769231	0.265	0.26587301587301587	0.3434343434343434	0.34408602150537637	0.2283464566929134	0.3257328990228013	0.27358490566037735	0.265625	0.2647058823529412	0.32142857142857145	0.29347826086956524	0.0	0.3157894736842105	0.3409090909090909
dmw=11844	0.09101796407185629	0.09657320872274143	0.08333333333333333	0.0875	0.09947643979057591	0.11363636363636363	0.10638297872340426	0.05454545454545454	0.09965635738831616	0.10084033613445378	0.06369426751592357	0.16666666666666666	0.09090909090909091	0.07142857142857142	0.0	0.0	0.16666666666666666
dmw=11845	0.6578332034294622	0.6704361873990307	0.6815286624203821	0.6717557251908397	0.6120218579234973	0.726457399103139	0.6614583333333334	0.6525821596244131	0.6415094339622641	0.43410852713178294	0.6262626262626263	0.47058823529411764	0.6829268292682927	0.676056338028169	0.6428571428571429	0.6818181818181818	0.6153846153846154
dmw=11849	0.46009174311926604	0.4247159090909091	0.4622496147919877	0.47096774193548385	0.45910290237467016	0.5375722543352601	0.4467005076142132	0.5162790697674419	0.46565934065934067	0.32857142857142857	0.46593001841620624	0.4528301886792453	0.4716981132075472	0.46153846153846156	0.0	0.5263157894736842	0.3333333333333333
dmw=11850	0.8008578431372549	0.75311100049776	0.7984111221449851	0.7652764306498545	0.805402087170043	0.7967145790554415	0.7773641102010425	0.8502415458937198	0.8005266622778143	0.6557377049180327	0.8174235403151066	0.7770897832817337	0.7485549132947977	0.8811659192825112	0.9230769230769231	0.7010309278350515	0.7437185929648241
dmw=11851	0.8588644884841993	0.8237037037037037	0.8816936488169365	0.8605128205128205	0.8583106267029973	0.8364312267657993	0.8748510131108462	0.8967391304347826	0.8839487565938207	0.7101910828025477	0.8128440366972477	0.9282296650717703	0.7965116279069767	0.9146341463414634	0.8604651162790697	0.9487179487179487	0.8306451612903226
dmw=11852	0.8457954810156068	0.8404319136172765	0.8791064388961892	0.8741633199464525	0.8619313647246608	0.854389721627409	0.8591549295774648	0.8664987405541562	0.8704902867715079	0.6162162162162163	0.8288822947576657	0.8527131782945736	0.9295774647887324	0.8589211618257261	0.8648648648648649	0.8181818181818182	0.796875
dmw=11853	0.8822931490140272	0.8266414737836562	0.8955954323001631	0.8826025459688827	0.8938134810710988	0.8875379939209727	0.8795562599049128	0.8777372262773723	0.9162011173184358	0.5805243445692884	0.8552338530066815	0.9112903225806451	0.9634146341463414	0.9403669724770642	0.9142857142857143	0.96875	0.896551724137931
dmw=11854	0.8499177631578947	0.8226102941176471	0.8327868852459016	0.842391304347826	0.8725761772853186	0.9149659863945578	0.8819561551433389	0.8575851393188855	0.8482632541133455	0.7531380753138075	0.7947494033412887	0.8108108108108109	0.9344262295081968	0.86	0.8333333333333334	0.9454545454545454	0.5757575757575758
dmw=11855	0.8311822405782138	0.7597633136094675	0.823943661971831	0.8473053892215568	0.8266068759342302	0.793233082706767	0.7808695652173913	0.8377358490566038	0.8304794520547946	0.8531073446327684	0.8044077134986226	0.8028169014084507	0.7948717948717948	0.8181818181818182	0.8863636363636364	0.5	0.7341772151898734
dmw=11856	0.8198103266596417	0.781021897810219	0.836	0.8956043956043956	0.835	0.8	0.8214285714285714	0.7918781725888325	0.8411552346570397	0.5871559633027523	0.7357512953367875	0.9298245614035088	0.8923076923076924	0.8378378378378378	0.875	0.0	0.6285714285714286
dmw=11857	0.7784115840280825	0.6850746268656717	0.7892561983471075	0.7924528301886793	0.7663280116110305	0.7654986522911051	0.7649253731343284	0.8105590062111802	0.8225352112676056	0.6256410256410256	0.738255033557047	0.8877551020408163	0.8148148148148148	0.7681159420289855	0.8888888888888888	0.8857142857142857	0.7230769230769231
dmw=11858	0.8524001794526693	0.7885010266940452	0.8575063613231552	0.8663967611336032	0.8676207513416816	0.8450704225352113	0.8414179104477612	0.8657718120805369	0.8642533936651584	0.7558139534883721	0.8120950323974082	0.8272727272727273	0.9	0.8794117647058823	0.0	0.9076923076923077	0.7931034482758621
dmw=11859	0.766807710390221	0.7156767283349562	0.7858880778588808	0.7270408163265306	0.7770382695507487	0.8385093167701864	0.7771428571428571	0.8687943262411347	0.7834890965732088	0.7566137566137566	0.7595959595959596	0.8108108108108109	0.8356164383561644	0.8125	0.8285714285714286	0.8723404255319149	0.675
dmw=11860	0.7562189054726368	0.7655502392344498	0.8554216867469879	0.8197573656845754	0.7756653992395437	0.8189655172413793	0.7716763005780347	0.8549382716049383	0.7693370165745856	0.7142857142857143	0.7822966507177034	0.765625	0.7608695652173914	0.8516746411483254	1.0	0.875	0.6349206349206349
dmw=11861	0.5705035971223021	0.570446735395189	0.6785714285714286	0.5708812260536399	0.5767326732673267	0.6204819277108434	0.5772357723577236	0.6124031007751938	0.583941605839416	0.6578947368421053	0.5662650602409639	0.6363636363636364	0.5660377358490566	0.5384615384615384	0.6538461538461539	0.3125	0.5172413793103449
dmw=11862	0.23358908780903667	0.19661016949152543	0.23178807947019867	0.23461538461538461	0.25842696629213485	0.2463768115942029	0.23318385650224216	0.22105263157894736	0.2889733840304182	0.25842696629213485	0.29518072289156627	0.3333333333333333	0.2857142857142857	0.21818181818181817	0.0	0.5	0.3064516129032258
dmw=11863	0.6925273679200381	0.6418848167539267	0.7272727272727273	0.7178423236514523	0.742320819112628	0.7244444444444444	0.6938775510204082	0.667910447761194	0.7101096224116931	0.5851063829787234	0.6299065420560748	0.7764705882352941	0.6285714285714286	0.722972972972973	0.7333333333333333	0.7083333333333334	0.8214285714285714
dmw=11864	0.7512533744697262	0.7013610888710968	0.7449494949494949	0.7108603667136812	0.761969904240766	0.7164948453608248	0.7939814814814815	0.760655737704918	0.7395993836671803	0.652542372881356	0.7537796976241901	0.7704918032786885	0.5294117647058824	0.7883817427385892	0.723404255319149	0.8867924528301887	0.5538461538461539
dmw=11865	0.7579821200510856	0.7220902612826603	0.7890410958904109	0.8010610079575596	0.7851458885941645	0.7528089887640449	0.821917808219178	0.8087431693989071	0.8007448789571695	0.7037037037037037	0.7522123893805309	0.7906976744186046	0.7285714285714285	0.7708333333333334	0.0	0.7777777777777778	0.5892857142857143
dmw=11866	0.6971153846153846	0.6267605633802817	0.6680672268907563	0.7321428571428571	0.7290836653386454	0.6936936936936937	0.6473988439306358	0.6173913043478261	0.7091633466135459	0.5862068965517241	0.6267942583732058	0.59375	0.5454545454545454	0.7692307692307693	0.5714285714285714	0.3333333333333333	0.45
dmw=11867	0.8451443569553806	0.8121974830590513	0.8410757946210269	0.8293515358361775	0.8573667711598746	0.8476190476190476	0.8377192982456141	0.8664850136239782	0.8586810228802153	0.6706586826347305	0.8484848484848485	0.8305084745762712	0.8441558441558441	0.912621359223301	1.0	0.9024390243902439	0.6933333333333334
dmw=11869	0.8851422550052687	0.9359861591695502	0.9716981132075472	0.8894736842105263	0.9183673469387755	0.8514851485148515	0.9166666666666666	0.9147286821705426	0.9683098591549296	0.6911764705882353	0.8369565217391305	0.9333333333333333	1.0	0.9351851851851852	1.0	1.0	0.85
dmw=11870	0.8709160794362588	0.8072702331961591	0.8453453453453453	0.869980879541109	0.852882703777336	0.8677130044843049	0.8786464410735122	0.9060052219321149	0.8558030480656507	0.737410071942446	0.8058608058608059	0.8719512195121951	0.84375	0.9295302013422819	0.9583333333333334	0.873015873015873	0.82
dmw=11871	0.8446191051995163	0.8013513513513514	0.8928571428571429	0.8553921568627451	0.8978388998035364	0.8697183098591549	0.8660377358490566	0.8914027149321267	0.9017713365539453	0.6408450704225352	0.7794117647058824	0.8181818181818182	0.7377049180327869	0.8639455782312925	0.75	0.9111111111111111	0.7666666666666667
dmw=11872	0.5607321131447587	0.5425268373245252	0.5545851528384279	0.5273775216138329	0.5691573926868044	0.6196581196581197	0.4956772334293948	0.7321428571428571	0.661504424778761	0.5217391304347826	0.3937007874015748	0.8275862068965517	0.25675675675675674	0.7247191011235955	0.0	0.5925925925925926	0.6129032258064516
dmw=11873	0.6666666666666666	0.6354300385109114	0.746031746031746	0.7912621359223301	0.7121212121212122	0.7725321888412017	0.7896341463414634	0.6444444444444445	0.7994791666666666	0.39473684210526316	0.6428571428571429	0.6666666666666666	0.8088235294117647	0.5208333333333334	0.6363636363636364	0.5384615384615384	0.3103448275862069
dmw=11874	0.6012058570198106	0.5591647331786543	0.6652360515021459	0.5743944636678201	0.7038123167155426	0.5666666666666667	0.5015576323987538	0.73	0.6753246753246753	0.4966442953020134	0.6019900497512438	0.6774193548387096	0.8	0.6363636363636364	1.0	0.0	0.3333333333333333
dmw=11875	0.7018518518518518	0.5661157024793388	0.7068965517241379	0.6835443037974683	0.5870967741935483	0.7671232876712328	0.688622754491018	0.7910447761194029	0.652317880794702	0.4339622641509434	0.7848101265822784	0.5925925925925926	0.8076923076923077	0.71875	0.5714285714285714	1.0	0.7021276595744681
dmw=11876	0.676786843769766	0.6859504132231405	0.7297297297297297	0.7244897959183674	0.6848816029143898	0.7165354330708661	0.7096774193548387	0.6884057971014492	0.6636085626911316	0.6590909090909091	0.6276276276276276	0.7058823529411765	0.6440677966101694	0.7721518987341772	0.625	0.7419354838709677	0.47058823529411764
dmw=11877	0.849232201023732	0.831764705882353	0.9102902374670184	0.8962025316455696	0.843915343915344	0.8994082840236687	0.8702791461412152	0.8901960784313725	0.8946360153256705	0.4885057471264368	0.7142857142857143	0.7935483870967742	0.7741935483870968	0.8894230769230769	0.0	0.828125	0.8695652173913043
dmw=11880	0.6929657794676806	0.6828193832599119	0.7250409165302782	0.7429193899782135	0.7253446447507953	0.6989010989010989	0.7445054945054945	0.6906077348066298	0.7398373983739838	0.47368421052631576	0.6912280701754386	0.8051948051948052	0.7340425531914894	0.8316831683168316	0.7261904761904762	0.5	0.6111111111111112
dmw=11881	0.8178164768921634	0.7740585774058577	0.8333333333333334	0.8256227758007118	0.8577235772357723	0.8932038834951457	0.8677685950413223	0.8981481481481481	0.8487084870848709	0.5838926174496645	0.7802197802197802	0.7946428571428571	0.7407407407407407	0.8876404494382022	0.8285714285714286	1.0	0.7012987012987013
dmw=11882	0.816289592760181	0.8171806167400881	0.9061371841155235	0.8326180257510729	0.8794788273615635	0.8783783783783784	0.9114583333333334	0.9019607843137255	0.8511326860841424	0.8869565217391304	0.7254901960784313	0.86	0.9	0.9125	0.9	0.0	0.76
dmw=11883	0.859009900990099	0.8209083119108826	0.8799249530956847	0.9	0.8491921005385996	0.8555858310626703	0.8673076923076923	0.8895348837209303	0.8481152993348116	0.8823529411764706	0.8598130841121495	0.8351648351648352	0.8888888888888888	0.92018779342723	1.0	0.9459459459459459	0.7051282051282052
dmw=11884	0.9121447028423773	0.8706739526411658	0.9671052631578947	0.9360902255639098	0.9529411764705882	0.992	0.9482758620689655	0.9612403100775194	0.9821882951653944	0.7583333333333333	0.8918918918918919	1.0	0.5	0.9692307692307692	1.0	0.9761904761904762	0.7428571428571429
dmw=11885	0.817450495049505	0.7783300198807157	0.8425925925925926	0.7619047619047619	0.8465346534653465	0.8982035928143712	0.8163716814159292	0.8428571428571429	0.8510158013544018	0.6782178217821783	0.8026315789473685	0.8571428571428571	0.8194444444444444	0.9069767441860465	0.875	0.8372093023255814	0.75
dmw=11886	0.8491525423728814	0.7969151670951157	0.8758169934640523	0.8939929328621908	0.8987730061349694	0.888	0.8592964824120602	0.9117647058823529	0.8357142857142857	0.6724137931034483	0.8088888888888889	0.8620689655172413	0.7142857142857143	0.9315068493150684	1.0	0.8888888888888888	0.7777777777777778
dmw=11887	0.9154477345701034	0.8571428571428571	0.9506578947368421	0.9376344086021505	0.9370277078085643	0.9040178571428571	0.9114139693356048	0.9456869009584664	0.9486166007905138	0.7262247838616714	0.884990253411306	0.9421965317919075	0.9821428571428571	0.9506172839506173	0.0	1.0	0.8840579710144928
dmw=11888	0.8880841760043727	0.8357395804957777	0.9003579952267303	0.9237012987012987	0.8960078856579596	0.8864516129032258	0.9084132055378061	0.8873072360616845	0.8930337078651686	0.7461059190031153	0.8519736842105263	0.7773279352226721	0.8476190476190476	0.9240246406570842	0.9206349206349206	0.8670520231213873	0.8153310104529616
dmw=11889	0.8278529980657641	0.8102001291155584	0.8431061806656102	0.8490566037735849	0.7951635846372689	0.82	0.817923186344239	0.8082595870206489	0.8458498023715415	0.7142857142857143	0.792332268370607	0.8307692307692308	0.9444444444444444	0.8302469135802469	0.896551724137931	0.8450704225352113	0.7912087912087912
dmw=11890	0.7115825688073395	0.6371061843640606	0.7176684881602914	0.722972972972973	0.6648745519713262	0.6919831223628692	0.7184035476718403	0.7601809954751131	0.6979362101313321	0.6712328767123288	0.6540084388185654	0.695364238410596	0.6888888888888889	0.831858407079646	0.8181818181818182	0.5882352941176471	0.3939393939393939
dmw=11898	0.8475609756097561	0.7614035087719299	0.9263157894736842	0.8014705882352942	0.8394160583941606	0.75	0.8695652173913043	0.9848484848484849	0.9105691056910569	0.8571428571428571	0.8315789473684211	0.9	0.0	0.9206349206349206	1.0	0.9285714285714286	0.7777777777777778
dmw=11903	0.8495451364590623	0.8494208494208494	0.9044321329639889	0.9129172714078374	0.8844221105527639	0.9128919860627178	0.8765217391304347	0.8538961038961039	0.8974970202622169	0.738255033557047	0.8458083832335329	0.8941176470588236	0.8780487804878049	0.898936170212766	0.9428571428571428	1.0	0.7333333333333333
dmw=11904	0.7814490445859873	0.8018575851393189	0.8254545454545454	0.8281938325991189	0.8386648122392212	0.8838383838383839	0.82996632996633	0.8426966292134831	0.8298918387413963	0.5767790262172284	0.7703081232492998	0.8392857142857143	0.8470588235294118	0.8121827411167513	0.9090909090909091	0.864406779661017	0.7674418604651163
dmw=11905	0.6119402985074627	0.6355475763016158	0.6241379310344828	0.6851851851851852	0.6340694006309149	0.6534090909090909	0.6463878326996197	0.593939393939394	0.6059113300492611	0.6695652173913044	0.5866666666666667	0.6363636363636364	0.6428571428571429	0.5555555555555556	0.8157894736842105	0.6764705882352942	0.47058823529411764
dmw=11908	0.5547404063205418	0.5652173913043478	0.6181015452538632	0.5861244019138756	0.5515463917525774	0.6121673003802282	0.6306532663316583	0.6232876712328768	0.5747126436781609	0.5083798882681564	0.5463258785942492	0.6333333333333333	0.5857142857142857	0.6742424242424242	0.6307692307692307	0.5714285714285714	0.582089552238806
dmw=11909	0.45164410058027077	0.43414634146341463	0.5411764705882353	0.5439739413680782	0.47738693467336685	0.583941605839416	0.5254901960784314	0.5929203539823009	0.47297297297297297	0.13333333333333333	0.5491071428571429	0.5365853658536586	0.5	0.5795454545454546	0.0	0.52	0.36666666666666664
dmw=11910	0.6941601444912703	0.6989869753979739	0.752542372881356	0.723943661971831	0.7408	0.7294117647058823	0.7471910112359551	0.7378640776699029	0.7422037422037422	0.609375	0.6807387862796834	0.7549019607843137	0.5777777777777777	0.711864406779661	0.7619047619047619	0.8	0.5192307692307693
dmw=11911	0.4376130198915009	0.4220472440944882	0.49473684210526314	0.3992673992673993	0.4271523178807947	0.43333333333333335	0.4444444444444444	0.4235294117647059	0.4405144694533762	0.25263157894736843	0.4873096446700508	0.3793103448275862	0.47540983606557374	0.5142857142857142	0.8333333333333334	0.5185185185185185	0.4
dmw=11912	0.6708701134930644	0.654320987654321	0.6962025316455697	0.6987179487179487	0.6912751677852349	0.6416666666666667	0.676923076923077	0.7238095238095238	0.6475409836065574	0.5977011494252874	0.5969387755102041	0.7346938775510204	0.6875	0.7052631578947368	0.6666666666666666	0.7142857142857143	0.5833333333333334
dmw=11913	0.7860576923076923	0.7271317829457364	0.7962962962962963	0.8235294117647058	0.7941176470588235	0.8245614035087719	0.76	0.6716417910447762	0.7802547770700637	0.8307692307692308	0.6360153256704981	0.7536231884057971	0.7777777777777778	0.7634408602150538	0.75	0.9322033898305084	0.5
dmw=11914	0.763458401305057	0.7040358744394619	0.7921146953405018	0.8021390374331551	0.7866666666666666	0.8226950354609929	0.725	0.76	0.7653631284916201	0.7733333333333333	0.7393939393939394	0.8695652173913043	0.8387096774193549	0.717948717948718	0.7272727272727273	0.9565217391304348	0.6666666666666666
dmw=11915	0.8257274119448699	0.8001289490651193	0.8386714116251482	0.8436482084690554	0.8692468619246861	0.830423940149626	0.8018154311649016	0.8821656050955414	0.8484162895927602	0.7828054298642534	0.7953736654804271	0.8539325842696629	0.8214285714285714	0.8553459119496856	0.8888888888888888	0.9247311827956989	0.75
dmw=11916	0.8682238871749669	0.8284371327849589	0.8176943699731903	0.8794212218649518	0.8831168831168831	0.875	0.896484375	0.903114186851211	0.8887015177065767	0.7325581395348837	0.8469945355191257	0.8879310344827587	0.9354838709677419	0.8742857142857143	1.0	1.0	0.7037037037037037
dmw=11917	0.3498168498168498	0.31797235023041476	0.34393638170974156	0.4069767441860465	0.39911634756995584	0.40468227424749165	0.33725490196078434	0.4444444444444444	0.3424460431654676	0.3048780487804878	0.3523573200992556	0.4946236559139785	0.3563218390804598	0.4476744186046512	0.5333333333333333	0.5666666666666667	0.5789473684210527
dmw=11918	0.022127329192546584	0.03004891684136967	0.027696793002915453	0.054820415879017016	0.027338129496402876	0.03257328990228013	0.009416195856873822	0.056105610561056105	0.028768699654775604	0.01680672268907563	0.05732484076433121	0.034782608695652174	0.02247191011235955	0.0	0.02127659574468085	0.11764705882352941	0.011904761904761904
dmw=11919	0.17200674536256325	0.14206642066420663	0.18672199170124482	0.1566265060240964	0.1342281879194631	0.10077519379844961	0.16666666666666666	0.1780821917808219	0.1423611111111111	0.22826086956521738	0.2300469483568075	0.21686746987951808	0.10714285714285714	0.16666666666666666	0.2222222222222222	0.0	0.06896551724137931
dmw=11920	0.665680473372781	0.6425373134328358	0.6746987951807228	0.6926147704590818	0.6728395061728395	0.7307692307692307	0.6584905660377358	0.5866666666666667	0.6741258741258741	0.6699029126213593	0.6581818181818182	0.532051282051282	0.7796610169491526	0.6153846153846154	0.7948717948717948	0.6808510638297872	0.4246575342465753
dmw=11921	0.38796576032225577	0.37429775280898875	0.19230769230769232	0.44724770642201833	0.42857142857142855	0.5346534653465347	0.4337248322147651	0.4608150470219436	0.4554865424430642	0.3617886178861789	0.35131744040150564	0.1864406779661017	0.15	0.6200873362445415	0.13636363636363635	0.5	0.4606741573033708
dmw=11922	0.7713801862828111	0.7358490566037735	0.919831223628692	0.815028901734104	0.8181818181818182	0.90625	0.8145161290322581	0.8387096774193549	0.8131147540983606	0.6779661016949152	0.8036363636363636	0.972972972972973	0.9	0.8283582089552238	0.8333333333333334	1.0	0.8333333333333334
dmw=11923	0.5884328358208956	0.579254930606282	0.6556521739130434	0.6074074074074074	0.608548931383577	0.6071428571428571	0.5829787234042553	0.6322751322751323	0.5906362545018007	0.5	0.5975609756097561	0.5267175572519084	0.5	0.62	0.7105263157894737	0.7678571428571429	0.5072463768115942
dmw=11924	0.6906729634002361	0.6530172413793104	0.8275862068965517	0.7848837209302325	0.8015873015873016	0.7786259541984732	0.7424242424242424	0.7606837606837606	0.7520661157024794	0.8947368421052632	0.6896551724137931	0.8421052631578947	0.84375	0.7974683544303798	1.0	0.9230769230769231	0.7692307692307693
dmw=11925	0.7204545454545455	0.7084398976982097	0.8068965517241379	0.7544910179640718	0.8226299694189603	0.8014705882352942	0.7700534759358288	0.7368421052631579	0.7834645669291339	0.6111111111111112	0.7013888888888888	0.7083333333333334	0.9047619047619048	0.8032786885245902	0.0	0.6666666666666666	0.8275862068965517
dmw=11926	0.8279266572637518	0.8210909090909091	0.8906810035842294	0.8631178707224335	0.8497175141242937	0.8505392912172574	0.8620689655172413	0.8509719222462203	0.871017871017871	0.725	0.7886676875957122	0.8835616438356164	0.912621359223301	0.8722044728434505	0.8705882352941177	0.9024390243902439	0.8333333333333334
dmw=11927	0.9165517241379311	0.8397711015736766	0.9130434782608695	0.9384615384615385	0.921832884097035	0.826271186440678	0.931129476584022	0.9170731707317074	0.9166666666666666	0.8121212121212121	0.844574780058651	0.948051948051948	0.8656716417910447	0.9230769230769231	1.0	1.0	0.9069767441860465
dmw=11928	0.9330484330484331	0.8952745849297573	0.9515151515151515	0.9260869565217391	0.9411764705882353	0.9230769230769231	0.9819819819819819	0.9245283018867925	0.9343339587242027	0.5	0.8708133971291866	0.8679245283018868	0.8484848484848485	0.9605263157894737	1.0	0.9807692307692307	0.9583333333333334
dmw=11929	0.8040749125334431	0.7753074739829706	0.8198636806231743	0.864963503649635	0.833641404805915	0.851764705882353	0.8336079077429983	0.8656914893617021	0.8592999313658202	0.7361963190184049	0.7822685788787483	0.8712871287128713	0.8733333333333333	0.8664259927797834	0.8333333333333334	0.8703703703703703	0.7580645161290323
dmw=11930	0.8024149286498353	0.7857829010566763	0.8988235294117647	0.8534883720930233	0.8372513562386981	0.75	0.8132780082987552	0.8199233716475096	0.8484419263456091	0.6453488372093024	0.8016304347826086	0.8714285714285714	0.8061224489795918	0.7793103448275862	0.0	0.9130434782608695	0.8160919540229885
dmw=11931	0.7085146053449347	0.7003942181340341	0.7453416149068323	0.7002967359050445	0.7450980392156863	0.7810650887573964	0.7359050445103857	0.7814207650273224	0.7706013363028953	0.7333333333333333	0.7028112449799196	0.8333333333333334	0.78	0.7523809523809524	0.875	0.9090909090909091	0.6190476190476191
dmw=11932	0.8449644797325533	0.8324514991181657	0.8378378378378378	0.8426294820717132	0.8744939271255061	0.815	0.864516129032258	0.8807339449541285	0.8457648546144121	0.5198237885462555	0.8197424892703863	0.898989898989899	0.8309859154929577	0.9117647058823529	1.0	0.9322033898305084	0.7674418604651163
dmw=11933	0.6025492468134415	0.6008676789587852	0.5515151515151515	0.5681818181818182	0.7272727272727273	0.6068376068376068	0.6255144032921811	0.4864864864864865	0.6139534883720931	0.7647058823529411	0.4342105263157895	0.7333333333333333	0.47619047619047616	0.5166666666666667	0.6226415094339622	1.0	0.0
dmw=11934	0.46865203761755486	0.44283121597096187	0.4868035190615836	0.5186170212765957	0.5189504373177842	0.5187165775401069	0.4934210526315789	0.55	0.5836298932384342	0.484375	0.4605809128630705	0.7230769230769231	0.47368421052631576	0.5304347826086957	0.5454545454545454	0.6666666666666666	0.3488372093023256
dmw=11940	0.36732623033992895	0.36847946725860153	0.36344969199178645	0.3834355828220859	0.448692152917505	0.5131578947368421	0.3860640301318267	0.3737704918032787	0.4057239057239057	0.1619047619047619	0.33568904593639576	0.40540540540540543	0.5842696629213483	0.4112903225806452	0.43548387096774194	0.37398373983739835	0.2765957446808511
dmw=11941	0.6384552177485621	0.6649916247906198	0.6883720930232559	0.6026785714285714	0.6274509803921569	0.5899280575539568	0.6488888888888888	0.7007299270072993	0.7133105802047781	0.5604395604395604	0.6506849315068494	0.6666666666666666	0.7804878048780488	0.5679012345679012	0.7142857142857143	0.3333333333333333	0.45
dmw=11942	0.8421327757449033	0.8089770354906054	0.8694267515923567	0.7967213114754098	0.8062015503875969	0.7476190476190476	0.8306306306306306	0.8742331288343558	0.8099173553719008	0.6	0.8198529411764706	0.8846153846153846	0.8947368421052632	0.8308823529411765	0.9	0.9782608695652174	0.8620689655172413
dmw=11944	0.4309425014819206	0.43164362519201227	0.3825301204819277	0.5030674846625767	0.23076923076923078	0.3612167300380228	0.37398373983739835	0.3755656108597285	0.358695652173913	0.22012578616352202	0.31981981981981983	0.46938775510204084	0.4148936170212766	0.2658959537572254	0.23529411764705882	0.38095238095238093	0.2564102564102564
dmw=11947	0.6013513513513513	0.5545796737766625	0.6020833333333333	0.5823754789272031	0.5963855421686747	0.6756756756756757	0.6641221374045801	0.6236559139784946	0.6075533661740559	0.6470588235294118	0.6237864077669902	0.6567164179104478	0.6271186440677966	0.6861924686192469	0.5454545454545454	0.5072463768115942	0.5526315789473685
dmw=11948	0.7743467933491687	0.7225201072386059	0.7909407665505227	0.8351254480286738	0.803921568627451	0.6940298507462687	0.7639902676399026	0.7659574468085106	0.7882599580712788	0.7277777777777777	0.7782258064516129	0.8913043478260869	0.8863636363636364	0.8522727272727273	0.8529411764705882	0.8448275862068966	0.4444444444444444
dmw=11949	0.7993839045051983	0.782608695652174	0.8391866913123844	0.8415637860082305	0.8568904593639576	0.8349056603773585	0.8397683397683398	0.8119266055045872	0.806941431670282	0.5540540540540541	0.7151162790697675	0.8260869565217391	0.7843137254901961	0.76	1.0	0.7368421052631579	0.7466666666666667
dmw=11950	0.6412811387900356	0.5809859154929577	0.6561085972850679	0.7162790697674418	0.672544080604534	0.5934065934065934	0.639344262295082	0.6928104575163399	0.6272727272727273	0.4274193548387097	0.6510416666666666	0.6111111111111112	0.7916666666666666	0.6033057851239669	1.0	0.75	0.6785714285714286
dmw=11951	0.616329315442347	0.594291151284491	0.6697936210131332	0.6379310344827587	0.6237453398336679	0.6480324797001874	0.6209174311926605	0.6443822191109555	0.6423337091319054	0.5671094823637196	0.6103092783505155	0.6330814441645676	0.6439957492029755	0.6400862068965517	0.6553911205073996	0.7088846880907372	0.5741029641185648
dmw=11952	0.5808704602264373	0.5538201772899958	0.6279318839027525	0.5882779456193353	0.5882685778951339	0.6092827004219409	0.5854174004931314	0.619140625	0.5970675575352635	0.5495255041518387	0.5816225399971684	0.6109307359307359	0.6085011185682326	0.6165289256198347	0.5961871750433275	0.6358695652173914	0.5155875299760192
dmw=11953	0.8757455268389662	0.8726790450928382	0.9171270718232044	0.8677685950413223	0.9364548494983278	0.8301886792452831	0.8969957081545065	0.8741258741258742	0.9221183800623053	0.6458333333333334	0.873015873015873	0.9487179487179487	0.8043478260869565	0.8823529411764706	1.0	0.875	0.75
dmw=11954	0.8337061894108874	0.8375	0.8217821782178217	0.8536585365853658	0.8469387755102041	0.8473282442748091	0.8836206896551724	0.8888888888888888	0.8434237995824635	0.7475728155339806	0.75	0.9024390243902439	0.85	0.8503937007874016	0.9166666666666666	1.0	0.7435897435897436
dmw=11955	0.8788249694002448	0.835583796664019	0.9049128367670365	0.8823529411764706	0.926056338028169	0.8681948424068768	0.8878394332939787	0.9196217494089834	0.8774703557312253	0.728448275862069	0.8355855855855856	0.7961165048543689	0.9285714285714286	0.9065420560747663	0.8928571428571429	0.944954128440367	0.9777777777777777
dmw=11956	0.7895847994370162	0.7899728997289973	0.870722433460076	0.8136882129277566	0.804093567251462	0.8809523809523809	0.8362573099415205	0.8587570621468926	0.8434343434343434	0.7027027027027027	0.6538461538461539	0.78125	0.86	0.8367346938775511	0.9090909090909091	1.0	0.9464285714285714
dmw=11957	0.5361972951471758	0.5391304347826087	0.5427350427350427	0.5641891891891891	0.49476439790575916	0.4935897435897436	0.5257352941176471	0.6225165562913907	0.5153374233128835	0.5208333333333334	0.5370370370370371	0.6	0.5142857142857142	0.6229508196721312	0.4666666666666667	0.4166666666666667	0.391304347826087
dmw=11958	0.43110735418427726	0.42094017094017094	0.4391691394658754	0.47491638795986624	0.31970260223048325	0.46808510638297873	0.39233038348082594	0.5720338983050848	0.4259818731117825	0.46153846153846156	0.3694029850746269	0.5316455696202531	0.2222222222222222	0.4675324675324675	0.19444444444444445	0.5	0.48717948717948717
dmw=11959	0.7563451776649747	0.7311475409836066	0.7883211678832117	0.7192982456140351	0.8482142857142857	0.9487179487179487	0.8193832599118943	0.8222222222222222	0.7534246575342466	0.8235294117647058	0.7239263803680982	0.8909090909090909	0.8235294117647058	0.6461538461538462	1.0	0.875	0.6190476190476191
dmw=11960	0.6457170589662703	0.5910652920962199	0.6643632773938796	0.6784565916398714	0.7418803418803419	0.7081632653061225	0.6765402843601895	0.596039603960396	0.6957153231663036	0.5245901639344263	0.5252293577981652	0.7658227848101266	0.37383177570093457	0.7387387387387387	0.7083333333333334	0.7564102564102564	0.6206896551724138
dmw=11961	0.21313432835820895	0.21806853582554517	0.24727272727272728	0.19938650306748465	0.24782608695652175	0.1865671641791045	0.20854271356783918	0.2175732217573222	0.1934065934065934	0.19083969465648856	0.17467248908296942	0.21839080459770116	0.29508196721311475	0.2601626016260163	0.0	0.2653061224489796	0.043478260869565216
dmw=11962	0.38943089430894307	0.37735849056603776	0.40468227424749165	0.4308510638297872	0.3897058823529412	0.4276315789473684	0.4368421052631579	0.4563106796116505	0.45098039215686275	0.4897959183673469	0.4186046511627907	0.38636363636363635	0.47368421052631576	0.5342465753424658	0.5555555555555556	0.425	0.12195121951219512
dmw=11963	0.5892648774795799	0.4906166219839142	0.6682242990654206	0.708029197080292	0.6111111111111112	0.578125	0.5929203539823009	0.5869565217391305	0.5722222222222222	0.5666666666666667	0.5887850467289719	0.6585365853658537	0.6363636363636364	0.6666666666666666	0.875	0.75	0.47368421052631576
dmw=11964	0.8400297619047619	0.8241758241758241	0.8520408163265306	0.84375	0.8436724565756824	0.8226950354609929	0.8585209003215434	0.8957055214723927	0.8559556786703602	0.8207547169811321	0.8181818181818182	0.7631578947368421	0.9423076923076923	0.875968992248062	0.9302325581395349	0.8166666666666667	0.7837837837837838
dmw=11965	0.7911602209944751	0.8020969855832241	0.8303571428571429	0.7740112994350282	0.8393285371702638	0.8653061224489796	0.7727272727272727	0.796875	0.7922077922077922	0.654054054054054	0.7276995305164319	0.85	0.9142857142857143	0.8539325842696629	0.6666666666666666	0.75	0.625
dmw=11966	0.6577540106951871	0.5456431535269709	0.642023346303502	0.6413043478260869	0.6540880503144654	0.6976744186046512	0.6021505376344086	0.7674418604651163	0.6630824372759857	0.4842105263157895	0.525974025974026	0.7	0.7272727272727273	0.6607142857142857	0.0	0.8571428571428571	0.2708333333333333
dmw=11967	0.6418554476806904	0.5901639344262295	0.719626168224299	0.7268292682926829	0.7094339622641509	0.6833333333333333	0.6030927835051546	0.7657657657657657	0.7768595041322314	0.6875	0.49606299212598426	0.4696969696969697	0.5	0.639344262295082	0.6666666666666666	0.0	0.6363636363636364
dmw=11968	0.8611803823773898	0.8070588235294117	0.9333333333333333	0.8854166666666666	0.8595505617977528	0.9658119658119658	0.8127659574468085	0.8761904761904762	0.8659003831417624	0.5970149253731343	0.8284023668639053	0.9107142857142857	0.96	0.9540229885057471	1.0	0.9545454545454546	0.8571428571428571
dmw=11969	0.8295964125560538	0.803921568627451	0.8692098092643051	0.8834586466165414	0.8770491803278688	0.8271604938271605	0.858139534883721	0.8282208588957055	0.8746268656716418	0.6830985915492958	0.8531746031746031	0.8571428571428571	0.9347826086956522	0.8547008547008547	0.7916666666666666	0.75	0.8421052631578947
dmw=11970	0.8335190550479162	0.7871033776867963	0.8612167300380228	0.8871635610766045	0.8733075435203095	0.859538784067086	0.8467600700525394	0.8918918918918919	0.8531775018261505	0.7682291666666666	0.7618510158013544	0.8771929824561403	0.8303030303030303	0.887434554973822	0.8913043478260869	0.8658536585365854	0.6951219512195121
dmw=11971	0.7176470588235294	0.6523994811932555	0.8160919540229885	0.76	0.7755102040816326	0.8114285714285714	0.7126865671641791	0.7654867256637168	0.7911877394636015	0.6397058823529411	0.6735905044510386	0.6486486486486487	0.7307692307692307	0.7947368421052632	0.7419354838709677	0.8214285714285714	0.5294117647058824
dmw=11972	0.7171052631578947	0.6974965229485396	0.7910112359550562	0.7035830618892508	0.81136638452237	0.7433414043583535	0.7459016393442623	0.7877094972067039	0.7212787212787213	0.5954198473282443	0.6926503340757239	0.7403846153846154	0.8723404255319149	0.8099547511312217	0.6842105263157895	0.8360655737704918	0.6788321167883211
dmw=11973	0.8768736616702355	0.8191985088536813	0.9245283018867925	0.9025787965616046	0.9086115992970123	0.8576779026217228	0.8743362831858407	0.8661710037174721	0.895017793594306	0.7857142857142857	0.8409090909090909	0.7529411764705882	0.8977272727272727	0.9358974358974359	0.0	0.9090909090909091	0.8130841121495327
dmw=11974	0.597636815920398	0.6002824858757062	0.6911764705882353	0.6137931034482759	0.6443850267379679	0.647887323943662	0.5995085995085995	0.593103448275862	0.6532258064516129	0.5136612021857924	0.541958041958042	0.5617977528089888	0.3877551020408163	0.6162790697674418	0.813953488372093	0.5483870967741935	0.6666666666666666
dmw=11975	0.7298969072164948	0.733229329173167	0.7852760736196319	0.7282608695652174	0.7722908093278463	0.7795527156549521	0.7524752475247525	0.7608695652173914	0.7480490523968785	0.67003367003367	0.7048192771084337	0.7265625	0.746268656716418	0.7454545454545455	0.7916666666666666	0.7068965517241379	0.6708860759493671
dmw=11976	0.865149833518313	0.797576621525303	0.8946784922394678	0.898876404494382	0.89798087141339	0.9135802469135802	0.904	0.9017013232514177	0.9131205673758865	0.7694524495677233	0.8348294434470377	0.8372093023255814	0.8878504672897196	0.8896713615023474	0.9705882352941176	0.9722222222222222	0.5921052631578947
dmw=11977	0.7658595157094257	0.746629659000793	0.7948084054388134	0.7983014861995754	0.8096	0.7960848287112561	0.8040446304044631	0.8351851851851851	0.8244047619047619	0.6835106382978723	0.7888198757763976	0.7615894039735099	0.8201058201058201	0.8162790697674419	0.7326732673267327	0.9545454545454546	0.7232704402515723
dmw=11978	0.878743961352657	0.8575757575757575	0.8665377176015474	0.8989637305699482	0.9114470842332614	0.8978723404255319	0.9086206896551724	0.9202127659574468	0.9029982363315696	0.7689075630252101	0.8006042296072508	0.917910447761194	0.9056603773584906	0.9084507042253521	0.9615384615384616	0.96	0.75
dmw=11979	0.784841075794621	0.7782204515272244	0.7903682719546742	0.8583690987124464	0.7976653696498055	0.8280254777070064	0.7865853658536586	0.7461139896373057	0.8473154362416108	0.49032258064516127	0.7985611510791367	0.7931034482758621	0.8867924528301887	0.808	0.8809523809523809	0.7924528301886793	0.7439024390243902
dmw=11980	0.852760736196319	0.7717073170731708	0.8544698544698545	0.8834080717488789	0.8564356435643564	0.867579908675799	0.8487084870848709	0.8774703557312253	0.8489736070381232	0.5705521472392638	0.779874213836478	0.8269230769230769	0.8987341772151899	0.8697478991596639	0.9714285714285714	0.9294117647058824	0.6982758620689655
dmw=11981	0.7661431064572426	0.7218973359324237	0.7476635514018691	0.7747625508819539	0.7835748792270532	0.78099173553719	0.7728613569321534	0.7718120805369127	0.7970873786407767	0.673202614379085	0.784570596797671	0.7	0.7093023255813954	0.8085106382978723	0.8214285714285714	0.8589743589743589	0.5384615384615384
dmw=11982	0.8043478260869565	0.7720111214087118	0.8295454545454546	0.8185404339250493	0.8074369189907038	0.8425	0.8431654676258993	0.825925925925926	0.8516042780748663	0.6777777777777778	0.7883720930232558	0.8625954198473282	0.8415841584158416	0.8340807174887892	0.9215686274509803	0.9090909090909091	0.6282051282051282
dmw=11983	0.9101486748545572	0.8542780748663101	0.8868360277136259	0.9331395348837209	0.9092783505154639	0.9411764705882353	0.9194805194805195	0.9279661016949152	0.9294403892944039	0.8379888268156425	0.886685552407932	0.8695652173913043	0.8783783783783784	0.9195979899497487	0.0	1.0	0.7857142857142857
dmw=11984	0.8327328872876995	0.8101135190918473	0.8456014362657092	0.8509316770186336	0.8402489626556017	0.8609625668449198	0.8243559718969555	0.9173553719008265	0.8370118845500849	0.5735294117647058	0.8020477815699659	0.8292682926829268	0.8266666666666667	0.8532110091743119	0.8666666666666667	0.9166666666666666	0.6730769230769231
dmw=11985	0.7154929577464789	0.7401247401247402	0.8223684210526315	0.7964601769911505	0.7881619937694704	0.8666666666666667	0.8523206751054853	0.7578947368421053	0.8109756097560976	0.84	0.7403846153846154	0.8780487804878049	0.9014084507042254	0.7297297297297297	0.8888888888888888	0.7857142857142857	0.8857142857142857
dmw=11986	0.8449653702717101	0.7690140845070422	0.9145299145299145	0.9156862745098039	0.857487922705314	0.943502824858757	0.8764478764478765	0.8620689655172413	0.8774703557312253	0.7967914438502673	0.8199052132701422	0.9491525423728814	0.8165137614678899	0.9366197183098591	1.0	0.8837209302325582	0.6666666666666666
dmw=11987	0.1367564819522115	0.11059190031152648	0.17101449275362318	0.11025641025641025	0.11824324324324324	0.12048192771084337	0.1225	0.11945392491467577	0.09808612440191387	0.11979166666666667	0.19583333333333333	0.10416666666666667	0.20833333333333334	0.09701492537313433	0.12	0.08823529411764706	0.06666666666666667
dmw=11988	0.41632	0.41075794621026895	0.4128595600676819	0.3992467043314501	0.4542314335060449	0.36923076923076925	0.42934782608695654	0.44144144144144143	0.411635565312843	0.40540540540540543	0.39307535641547864	0.3157894736842105	0.43820224719101125	0.4506172839506173	0.42857142857142855	0.4351851851851852	0.39361702127659576
dmw=11989	0.7537482962289869	0.772782503037667	0.8009708737864077	0.7928870292887029	0.7926186291739895	0.8986175115207373	0.788135593220339	0.7891156462585034	0.7681388012618297	0.6307692307692307	0.7301136363636364	0.7012987012987013	0.8701298701298701	0.7674418604651163	0.8536585365853658	1.0	0.7346938775510204
dmw=11990	0.8515881708652793	0.7909516380655226	0.8807339449541285	0.8301886792452831	0.8497409326424871	0.8403041825095057	0.8614130434782609	0.9014084507042254	0.8615702479338843	0.7575757575757576	0.8452830188679246	0.8207547169811321	0.9137931034482759	0.8904109589041096	0.8888888888888888	0.9642857142857143	0.8048780487804879
dmw=11991	0.8094716071037054	0.7456140350877193	0.8444924406047516	0.8482142857142857	0.8299737072743207	0.8531914893617021	0.8300884955752212	0.8422053231939164	0.8491027732463295	0.6263157894736842	0.7854030501089324	0.779467680608365	0.8582677165354331	0.8927444794952681	0.9047619047619048	0.875	0.65
dmw=11992	0.8656891495601173	0.8526543878656555	0.8349282296650717	0.8776119402985074	0.889267461669506	0.8616352201257862	0.8450184501845018	0.8481481481481481	0.8831385642737897	0.8813559322033898	0.8131487889273357	0.9186046511627907	0.9024390243902439	0.8727272727272727	1.0	0.9230769230769231	0.8080808080808081
dmw=11993	0.833976833976834	0.8189300411522634	0.88	0.9096045197740112	0.9198717948717948	0.95260663507109	0.9281609195402298	0.9130434782608695	0.9003436426116839	0.7088607594936709	0.7904411764705882	0.8846153846153846	0.948051948051948	0.98989898989899	1.0	0.96	0.8260869565217391
dmw=11994	0.9067524115755627	0.9202200825309491	0.941358024691358	0.9606060606060606	0.9358108108108109	0.9259259259259259	0.937984496124031	0.8979591836734694	0.9321608040201005	0.7980769230769231	0.8881987577639752	0.8461538461538461	0.9444444444444444	0.9903846153846154	1.0	1.0	0.9259259259259259
dmw=11995	0.676595744680851	0.582392776523702	0.7701863354037267	0.6823529411764706	0.6326530612244898	0.6964285714285714	0.6666666666666666	0.6708860759493671	0.6356877323420075	0.46153846153846156	0.5942857142857143	0.627906976744186	0.7032967032967034	0.65	0.8	0.5882352941176471	0.23076923076923078
dmw=11996	0.4475615019421666	0.4305555555555556	0.49272727272727274	0.5053763440860215	0.49263502454991814	0.4774436090225564	0.5250463821892394	0.4524714828897338	0.5295081967213114	0.36419753086419754	0.49025069637883006	0.6170212765957447	0.5106382978723404	0.46842105263157896	0.7142857142857143	0.55	0.30612244897959184
dmw=11997	0.594259621656882	0.59375	0.5835694050991501	0.5952380952380952	0.6190476190476191	0.594059405940594	0.6023166023166023	0.640625	0.5681233933161953	0.5575221238938053	0.5652173913043478	0.651685393258427	0.6666666666666666	0.5859872611464968	0.7777777777777778	0.7254901960784313	0.6785714285714286
dmw=11998	0.7788381742738589	0.7434656340755083	0.8325581395348837	0.7387862796833773	0.7959866220735786	0.7990196078431373	0.7524590163934426	0.8090614886731392	0.7724358974358975	0.5843373493975904	0.7267080745341615	0.7946428571428571	0.7777777777777778	0.7815126050420168	0.8666666666666667	0.8791208791208791	0.723404255319149
dmw=11999	0.8031341821743389	0.7432432432432432	0.7768924302788844	0.8082191780821918	0.85	0.8881118881118881	0.7992700729927007	0.8928571428571429	0.8393574297188755	0.6442953020134228	0.7889908256880734	0.8157894736842105	0.6363636363636364	0.8057553956834532	0.9090909090909091	1.0	0.75
dmw=12000	0.28846153846153844	0.26356589147286824	0.31754874651810583	0.31007751937984496	0.2790224032586558	0.2	0.2831858407079646	0.2872340425531915	0.2796352583586626	0.20253164556962025	0.32894736842105265	0.2127659574468085	0.32608695652173914	0.2857142857142857	0.08571428571428572	0.29411764705882354	0.23529411764705882
dmw=12001	0.21550802139037434	0.20930232558139536	0.26695842450765866	0.2617283950617284	0.20229007633587787	0.19931271477663232	0.21866666666666668	0.2643312101910828	0.2603305785123967	0.14782608695652175	0.23048327137546468	0.19327731092436976	0.2647058823529412	0.24347826086956523	0.17142857142857143	0.25925925925925924	0.0989010989010989
dmw=12002	0.818337617823479	0.7081967213114754	0.8825136612021858	0.8246753246753247	0.834733893557423	0.8467741935483871	0.7713414634146342	0.7862068965517242	0.8627450980392157	0.38961038961038963	0.8127490039840638	0.8877551020408163	0.9285714285714286	0.8505747126436781	0.7441860465116279	0.8823529411764706	0.55
dmw=12003	0.9589603283173734	0.9260450160771704	0.9209039548022598	0.9423076923076923	0.9386503067484663	0.9649122807017544	0.9727891156462585	0.9578947368421052	0.9716088328075709	0.8181818181818182	0.912751677852349	0.9772727272727273	1.0	0.8	1.0	1.0	0.8333333333333334
dmw=12004	0.45295404814004375	0.40304182509505704	0.47058823529411764	0.3523809523809524	0.46153846153846156	0.5	0.3707865168539326	0.41379310344827586	0.3877551020408163	0.2619047619047619	0.4696969696969697	0.6296296296296297	0.4444444444444444	0.5483870967741935	0.0	0.5	0.625
dmw=12005	0.7383241758241759	0.7421875	0.7945736434108527	0.7824427480916031	0.7604790419161677	0.855072463768116	0.7333333333333333	0.8162162162162162	0.8092307692307692	0.815068493150685	0.6811594202898551	0.7972972972972973	0.64	0.8091603053435115	0.8888888888888888	0.8723404255319149	0.45161290322580644
dmw=12006	0.923679060665362	0.8962172647914646	0.9445676274944568	0.9559748427672956	0.9252873563218391	0.9512195121951219	0.9508196721311475	0.9319526627218935	0.9498327759197325	0.8733333333333333	0.9003436426116839	0.9625	0.8	0.9658119658119658	1.0	1.0	0.7941176470588235
dmw=12007	0.8168	0.8066298342541437	0.821256038647343	0.75	0.8835341365461847	0.875968992248062	0.8808777429467085	0.8151260504201681	0.8524590163934426	0.6474358974358975	0.7899159663865546	0.8604651162790697	0.9259259259259259	0.9318181818181818	0.9615384615384616	0.8947368421052632	0.8333333333333334
dmw=12008	0.8689915174363808	0.8396396396396396	0.8311688311688312	0.9027027027027027	0.8959537572254336	0.87248322147651	0.8669201520912547	0.8414634146341463	0.8655256723716381	0.6101694915254238	0.7389162561576355	0.8627450980392157	1.0	0.8913043478260869	1.0	1.0	0.8666666666666667
dmw=12009	0.7294761532447225	0.7467866323907455	0.718562874251497	0.8157894736842105	0.8153409090909091	0.7405405405405405	0.7608695652173914	0.7782805429864253	0.7755102040816326	0.7647058823529411	0.7603305785123967	0.7912087912087912	0.7903225806451613	0.8	0.7857142857142857	0.0	0.7272727272727273
dmw=12010	0.8075750979538528	0.7417162276975361	0.8486140724946695	0.8837837837837837	0.8079268292682927	0.8528301886792453	0.7880184331797235	0.7923875432525952	0.8306878306878307	0.47959183673469385	0.8013100436681223	0.890625	0.8294573643410853	0.7654320987654321	0.8823529411764706	0.8936170212765957	0.6756756756756757
dmw=12011	0.8274984086569064	0.8237179487179487	0.8470588235294118	0.834375	0.8483290488431876	0.8206521739130435	0.8525073746312685	0.837696335078534	0.8247863247863247	0.6854838709677419	0.8679867986798679	0.8055555555555556	0.7727272727272727	0.9083333333333333	0.9166666666666666	0.5714285714285714	0.65
dmw=12012	0.7549815498154981	0.7283950617283951	0.8425925925925926	0.6973684210526315	0.8122866894197952	0.8429752066115702	0.7194244604316546	0.8228782287822878	0.7493112947658402	0.7164179104477612	0.6855345911949685	0.5897435897435898	0.6470588235294118	0.8433734939759037	0.6470588235294118	0.8461538461538461	0.0
dmw=12013	0.6338862559241706	0.5374592833876222	0.7322834645669292	0.6907894736842105	0.6826086956521739	0.6694915254237288	0.6238938053097345	0.6302521008403361	0.6261261261261262	0.6056338028169014	0.620253164556962	0.6578947368421053	0.8648648648648649	0.6557377049180327	1.0	0.7714285714285715	0.5769230769230769
dmw=12015	0.8976169461606355	0.8716981132075472	0.8949579831932774	0.8985507246376812	0.9048723897911833	0.9339622641509434	0.8731343283582089	0.864406779661017	0.8798449612403101	0.6219512195121951	0.868421052631579	0.8769230769230769	0.9302325581395349	0.8421052631578947	0.0	0.95	0.7272727272727273
dmw=12016	0.521551724137931	0.3654970760233918	0.6133333333333333	0.6190476190476191	0.6068965517241379	0.7278481012658228	0.5235849056603774	0.5655172413793104	0.5477031802120141	0.4457831325301205	0.44274809160305345	0.7115384615384616	0.25	0.4791666666666667	1.0	0.72	0.45
dmw=12022	0.31216361679224974	0.34738041002277903	0.42731277533039647	0.35058823529411764	0.35853658536585364	0.3641025641025641	0.29646017699115046	0.3490909090909091	0.31837606837606836	0.2786885245901639	0.30548302872062666	0.2988505747126437	0.38571428571428573	0.3772455089820359	0.35294117647058826	0.4266666666666667	0.2
dmw=12023	0.8067282321899736	0.7784431137724551	0.8961937716262975	0.8006872852233677	0.86328125	0.844311377245509	0.8369565217391305	0.8771929824561403	0.8132530120481928	0.6065573770491803	0.8082706766917294	0.8444444444444444	0.8548387096774194	0.8675496688741722	0.0	0.6666666666666666	0.5714285714285714
dmw=12024	0.8324873096446701	0.766887417218543	0.8697788697788698	0.8470149253731343	0.8501805054151624	0.8730964467005076	0.8495370370370371	0.8284023668639053	0.8661087866108786	0.8518518518518519	0.7320441988950276	0.8857142857142857	0.8260869565217391	0.9380530973451328	1.0	0.7619047619047619	0.8108108108108109
dmw=12025	0.6782178217821783	0.6329849012775842	0.6897106109324759	0.731651376146789	0.7236084452975048	0.6789473684210526	0.6772046589018302	0.6931034482758621	0.7041095890410959	0.6574585635359116	0.6948051948051948	0.7978723404255319	0.7711864406779662	0.6737588652482269	0.8181818181818182	0.68	0.5929203539823009
dmw=12026	0.8370152184585175	0.8329896907216495	0.8783505154639175	0.8713692946058091	0.9014423076923077	0.8986486486486487	0.8555758683729433	0.915929203539823	0.9186851211072664	0.8492063492063492	0.8177339901477833	1.0	0.9054054054054054	0.9431818181818182	0.0	1.0	0.5434782608695652
dmw=12027	0.7312541473125415	0.6753246753246753	0.7990314769975787	0.76010101010101	0.8004587155963303	0.7222222222222222	0.7323943661971831	0.7745098039215687	0.7394209354120267	0.7916666666666666	0.695364238410596	0.7698412698412699	0.7681159420289855	0.7564102564102564	0.7916666666666666	0.8292682926829268	0.5263157894736842
dmw=12028	0.8945012787723785	0.87751677852349	0.9379310344827586	0.8787878787878788	0.9735576923076923	0.9	0.9335664335664335	0.905982905982906	0.9390581717451524	0.8163265306122449	0.8588709677419355	0.918918918918919	1.0	0.9827586206896551	1.0	1.0	0.84375
dmw=12029	0.7825370675453048	0.7186311787072244	0.8173076923076923	0.7971631205673759	0.7746113989637305	0.8576388888888888	0.7118110236220473	0.7694704049844237	0.7824474660074165	0.7377049180327869	0.6218487394957983	0.8148148148148148	0.8404255319148937	0.7985611510791367	0.85	0.8709677419354839	0.6078431372549019
dmw=12030	0.19901719901719903	0.2027729636048527	0.1721311475409836	0.24	0.18225419664268586	0.15822784810126583	0.19155844155844157	0.25892857142857145	0.23511904761904762	0.08695652173913043	0.18411552346570398	0.2	0.0	0.12941176470588237	0.0	0.19444444444444445	0.16071428571428573
dmw=12031	0.8293275722387253	0.8085470085470086	0.8403247631935047	0.8403465346534653	0.874	0.837953091684435	0.8419117647058824	0.8452380952380952	0.8311345646437994	0.7814569536423841	0.7538896746817539	0.856353591160221	0.8098159509202454	0.824	0.975609756097561	0.8690476190476191	0.8214285714285714
dmw=12032	0.04617414248021108	0.050595238095238096	0.03686635944700461	0.037037037037037035	0.04964539007092199	0.1	0.0297029702970297	0.0	0.06593406593406594	0.0	0.03773584905660377	0.047619047619047616	0.0	0.06060606060606061	0.0	0.0	0.0
dmw=12033	0.12454417952314166	0.10457516339869281	0.10653409090909091	0.12207792207792208	0.13844393592677345	0.11986301369863013	0.1483375959079284	0.13051823416506717	0.15393518518518517	0.1349206349206349	0.12378640776699029	0.16	0.21296296296296297	0.1318181818181818	0.08450704225352113	0.11764705882352941	0.12745098039215685
dmw=12034	0.052390527256479	0.07530593034201444	0.06608315098468272	0.06412005457025921	0.08021612635078969	0.07986688851913477	0.1022944550669216	0.0605296343001261	0.09333333333333334	0.04276315789473684	0.0595939751146038	0.05249343832020997	0.04987531172069826	0.10358565737051793	0.07936507936507936	0.031496062992125984	0.034482758620689655
dmw=12035	0.03608247422680412	0.058823529411764705	0.041666666666666664	0.029850746268656716	0.10606060606060606	0.07142857142857142	0.2222222222222222	0.0	0.13846153846153847	0.0	0.13333333333333333	0.0	0.0	0.0	0.0	0.0	0.0
dmw=12036	0.11538913477732952	0.10340909090909091	0.11800582356181633	0.10836277974087162	0.11882217918370275	0.11385318930852321	0.12217310855263158	0.11079093799682035	0.13299109649474614	0.11052072263549416	0.10309852186282392	0.12828304753635772	0.12246510402949697	0.12902294703420408	0.12419700214132762	0.11527257594673325	0.09664885866925692
dmw=12037	0.13546508521664796	0.129012760241773	0.1585712660675691	0.13876245540656906	0.14936482731242556	0.1525192918747163	0.14017472943017342	0.1520039100684262	0.15025797620301148	0.13027940220922676	0.13593171203092286	0.1341614906832298	0.13699753896636588	0.15858699736941	0.1375186846038864	0.14041994750656167	0.09462365591397849
dmw=12038	0.058823529411764705	0.08774978279756733	0.07450980392156863	0.04862782859894078	0.09569209039548023	0.07211961301671065	0.09399332591768632	0.08199643493761141	0.10827532869296211	0.07304785894206549	0.06091030789825971	0.02517162471395881	0.06666666666666667	0.10747663551401869	0.08148148148148149	0.03153153153153153	0.12
dmw=12039	0.04025423728813559	0.028622540250447227	0.015384615384615385	0.02734375	0.04612159329140461	0.07017543859649122	0.07476635514018691	0.06153846153846154	0.07127429805615551	0.021505376344086023	0.013513513513513514	0.0	0.015384615384615385	0.1	0.14285714285714285	0.0	0.012195121951219513
dmw=12040	0.8493655631955767	0.8275701659171965	0.8736246463376297	0.8715527011711371	0.8836429308565531	0.8740053050397878	0.8623445825932504	0.8786741713570981	0.8632203809052683	0.6695352839931153	0.8138297872340425	0.8633540372670807	0.8886679920477137	0.8958333333333334	0.875	0.9344978165938864	0.7636887608069164
dmw=12043	0.813466787989081	0.7597503900156006	0.8199445983379502	0.8267326732673267	0.8202764976958525	0.8811188811188811	0.8343558282208589	0.7350427350427351	0.8299492385786802	0.6323529411764706	0.784	0.8214285714285714	0.85	0.8169014084507042	0.8461538461538461	0.7333333333333333	0.6842105263157895
dmw=12044	0.3199783432593395	0.3542713567839196	0.3450134770889488	0.2899728997289973	0.3474264705882353	0.3543307086614173	0.36024844720496896	0.3217391304347826	0.3198757763975155	0.26666666666666666	0.3111111111111111	0.46511627906976744	0.2289156626506024	0.3141025641025641	0.3225806451612903	0.3037974683544304	0.18333333333333332
dmw=12045	0.7385377942998761	0.7431315613133795	0.7797419971333015	0.7688995215311005	0.7716619318181818	0.7506584723441615	0.757734412184674	0.7843551797040169	0.7847790507364976	0.6620879120879121	0.7262958280657396	0.7541766109785203	0.7564935064935064	0.7303703703703703	0.751219512195122	0.7121212121212122	0.7346938775510204
dmw=12046	0.7286052009456265	0.6676263595649392	0.7013963480128894	0.7404803749267721	0.7397397397397397	0.7231947483588621	0.7302347867752755	0.7423312883435583	0.7310549777117384	0.6541471048513302	0.671136203246295	0.7066974595842956	0.672645739910314	0.7232267037552156	0.7753623188405797	0.7664670658682635	0.6583850931677019
dmw=12047	0.6815709969788519	0.6412103746397695	0.660574412532637	0.6584699453551912	0.6666666666666666	0.7021276595744681	0.6631016042780749	0.6497695852534562	0.6862745098039216	0.6394557823129252	0.6691176470588235	0.6881720430107527	0.7142857142857143	0.6493506493506493	0.7142857142857143	0.6818181818181818	0.6578947368421053
dmw=12048	0.8213132400430571	0.7742857142857142	0.9116279069767442	0.8333333333333334	0.7621951219512195	0.7450980392156863	0.8909952606635071	0.9230769230769231	0.9107142857142857	0.7307692307692307	0.803921568627451	0.8571428571428571	0.9	0.940677966101695	0.0	1.0	0.8983050847457628
dmw=12049	0.7992537313432836	0.7390243902439024	0.7878128400435256	0.78839590443686	0.783974358974359	0.7972972972972973	0.7980364656381487	0.7873015873015873	0.8028409090909091	0.6606334841628959	0.7601054481546573	0.8787878787878788	0.7529411764705882	0.8236994219653179	0.3333333333333333	0.7989690721649485	0.6880733944954128
dmw=12050	0.9193675889328063	0.9023569023569024	0.8878281622911695	0.8702702702702703	0.9508196721311475	0.91	0.9121813031161473	0.9243697478991597	0.8909090909090909	0.9102564102564102	0.8	0.9459459459459459	0.9459459459459459	0.9122807017543859	0.9473684210526315	1.0	0.7959183673469388
dmw=12051	0.6802999318336742	0.6401869158878505	0.672463768115942	0.6702412868632708	0.7082152974504249	0.63	0.6792035398230089	0.70625	0.6985446985446986	0.6229508196721312	0.6153846153846154	0.6545454545454545	0.6	0.6902654867256637	0.7407407407407407	0.56	0.0
dmw=12054	0.7118921127911728	0.7201309328968903	0.6920731707317073	0.7620041753653445	0.7164634146341463	0.7650273224043715	0.7406679764243614	0.7781350482315113	0.748040313549832	0.6544502617801047	0.7076566125290024	0.7	0.6444444444444445	0.7852760736196319	0.7619047619047619	0.8928571428571429	0.7454545454545455
dmw=12055	0.9009287925696594	0.8132992327365729	0.9038461538461539	0.8989169675090253	0.9007352941176471	0.9120879120879121	0.8685446009389671	0.9047619047619048	0.9212962962962963	0.8679245283018868	0.8478260869565217	0.9	0.7777777777777778	0.9166666666666666	1.0	0.5	0.5185185185185185
dmw=12056	0.5200927357032458	0.57	0.5879828326180258	0.5525114155251142	0.5219298245614035	0.6639344262295082	0.5342465753424658	0.4789915966386555	0.4574468085106383	0.23770491803278687	0.3867403314917127	0.6129032258064516	0.4	0.6309523809523809	0.5	0.6304347826086957	0.5230769230769231
dmw=12057	0.8596491228070176	0.851528384279476	0.8823529411764706	0.888268156424581	0.8612099644128114	0.8580645161290322	0.8873720136518771	0.9120879120879121	0.8686131386861314	0.6	0.8028169014084507	0.8852459016393442	0.9166666666666666	0.8833333333333333	0.9166666666666666	0.8	0.7272727272727273
dmw=12058	0.8821263482280431	0.9158512720156555	0.9083665338645418	0.9385474860335196	0.9315589353612167	0.925	0.89272030651341	0.9408284023668639	0.9294117647058824	0.823076923076923	0.8613445378151261	0.8852459016393442	1.0	0.9714285714285714	0.0	1.0	0.6923076923076923
dmw=12059	0.8399222294232016	0.821917808219178	0.8786885245901639	0.8624078624078624	0.8811881188118812	0.8901960784313725	0.8955223880597015	0.8767123287671232	0.9164835164835164	0.6666666666666666	0.7789473684210526	0.6451612903225806	0.723404255319149	0.8802816901408451	0.9047619047619048	0.875	0.8461538461538461
dmw=12060	0.9001560062402496	0.87569573283859	0.9767441860465116	0.9493087557603687	0.9562841530054644	0.8625	0.9528301886792453	0.8690476190476191	0.8923076923076924	0.9247311827956989	0.9335548172757475	1.0	1.0	0.986013986013986	1.0	1.0	0.7083333333333334
dmw=12061	0.7560512577123872	0.6751652502360718	0.8006700167504187	0.808252427184466	0.7884615384615384	0.7894736842105263	0.7515527950310559	0.7794117647058824	0.7687188019966722	0.7202572347266881	0.6794582392776524	0.8	0.8205128205128205	0.7435897435897436	0.6666666666666666	0.8620689655172413	0.6190476190476191
dmw=12064	0.037531806615776084	0.04634581105169341	0.09014084507042254	0.03216374269005848	0.030737704918032786	0.0	0.030534351145038167	0.05755395683453238	0.008955223880597015	0.05	0.046357615894039736	0.03773584905660377	0.022727272727272728	0.07608695652173914	0.0	0.0967741935483871	0.0
dmw=12065	0.0887185104052574	0.10503597122302158	0.14095744680851063	0.12320916905444126	0.1036036036036036	0.1188118811881188	0.10669975186104218	0.09663865546218488	0.09320388349514563	0.12408759124087591	0.08333333333333333	0.15384615384615385	0.09523809523809523	0.17159763313609466	0.043478260869565216	0.0821917808219178	0.1
dmw=12066	0.7613997879109226	0.7277227722772277	0.805668016194332	0.8052631578947368	0.7725752508361204	0.8333333333333334	0.7841269841269841	0.7888888888888889	0.8038147138964578	0.5535714285714286	0.688622754491018	0.8055555555555556	0.8918918918918919	0.7761194029850746	1.0	0.8333333333333334	0.7857142857142857
dmw=12067	0.8405491024287223	0.8501291989664083	0.8245614035087719	0.8062015503875969	0.8695652173913043	0.9076923076923077	0.8688524590163934	0.875	0.8634361233480177	0.8103448275862069	0.86	0.9473684210526315	0.8	0.9879518072289156	0.8333333333333334	0.9285714285714286	0.7142857142857143
dmw=12068	0.658113730929265	0.6015503875968993	0.7004048582995951	0.7472527472527473	0.6540178571428571	0.7245762711864406	0.7072463768115942	0.7567567567567568	0.7087628865979382	0.672514619883041	0.6666666666666666	0.7448979591836735	0.6428571428571429	0.7446808510638298	0.7183098591549296	0.7021276595744681	0.6
dmw=12071	0.8212689901697945	0.793733681462141	0.8464163822525598	0.893491124260355	0.8546255506607929	0.8653846153846154	0.8571428571428571	0.863849765258216	0.8759124087591241	0.810126582278481	0.8013698630136986	0.8805970149253731	0.9	0.8	0.8947368421052632	0.7954545454545454	0.7428571428571429
dmw=12072	0.8438256658595642	0.7220543806646526	0.9162011173184358	0.7905405405405406	0.8936170212765957	0.8852459016393442	0.8509316770186336	0.8023255813953488	0.8934010152284264	0.7727272727272727	0.8453038674033149	0.7884615384615384	0.8	0.9512195121951219	0.0	0.88	0.8333333333333334
dmw=12073	0.7976575121163166	0.7570977917981072	0.8217213114754098	0.84399375975039	0.8181818181818182	0.8254716981132075	0.823728813559322	0.7975077881619937	0.8137404580152672	0.7049180327868853	0.7734806629834254	0.7815126050420168	0.7972972972972973	0.845360824742268	0.918918918918919	0.8	0.6276595744680851
dmw=12074	0.8693645722399717	0.8529411764705882	0.888030888030888	0.8960784313725491	0.8910891089108911	0.9002849002849003	0.9033112582781457	0.91	0.8996960486322189	0.8263473053892215	0.8663484486873508	0.8951048951048951	0.8831168831168831	0.9100719424460432	1.0	0.9743589743589743	0.8080808080808081
dmw=12075	0.845426932163348	0.8246895544192842	0.8679245283018868	0.8658088235294118	0.8741721854304636	0.8445229681978799	0.874439461883408	0.8550295857988166	0.8777633289986996	0.5915492957746479	0.8370044052863436	0.8091603053435115	0.71875	0.8729096989966555	0.9210526315789473	0.8709677419354839	0.8090909090909091
dmw=12076	0.021634615384615384	0.013392857142857142	0.044226044226044224	0.012012012012012012	0.05255878284923928	0.034482758620689655	0.04234527687296417	0.03910614525139665	0.04987531172069826	0.00641025641025641	0.0226628895184136	0.0196078431372549	0.0	0.0182648401826484	0.0	0.0	0.0625
dmw=12077	0.27565084226646247	0.19960474308300397	0.27607361963190186	0.2206896551724138	0.27246376811594203	0.20555555555555555	0.20891364902506965	0.2033898305084746	0.23372781065088757	0.2523364485981308	0.2454212454212454	0.3076923076923077	0.43243243243243246	0.2	0.25	0.4482758620689655	0.16666666666666666
dmw=12078	0.8231841526045488	0.7618243243243243	0.8442028985507246	0.8418803418803419	0.8266666666666667	0.8352941176470589	0.8096774193548387	0.8144329896907216	0.8005780346820809	0.8024691358024691	0.8441558441558441	0.9534883720930233	0.7894736842105263	0.8378378378378378	0.9047619047619048	0.9	0.7333333333333333
dmw=12081	0.7457777777777778	0.6947004608294931	0.7330677290836654	0.7548209366391184	0.7574257425742574	0.7982456140350878	0.7349896480331263	0.7333333333333333	0.7505030181086519	0.65	0.7019867549668874	0.664	0.8214285714285714	0.8482758620689655	0.8372093023255814	0.0	0.5686274509803921
dmw=12082	0.7760683760683761	0.6777996070726916	0.7696793002915452	0.8049792531120332	0.7706422018348624	0.7707317073170732	0.6908517350157729	0.7302631578947368	0.7614678899082569	0.7884615384615384	0.672645739910314	0.873015873015873	0.68	0.7433628318584071	1.0	0.7058823529411765	0.75
dmw=12085	0.49230769230769234	0.4708097928436911	0.5740072202166066	0.5527156549520766	0.4278728606356968	0.5597014925373134	0.48375451263537905	0.47474747474747475	0.49591280653950953	0.2553191489361702	0.42913385826771655	0.5647058823529412	0.42857142857142855	0.5	0.4	0.6818181818181818	0.45652173913043476
dmw=12086	0.41032175852182223	0.3692528735632184	0.4190231362467866	0.4476584022038568	0.3865147198480532	0.4169381107491857	0.3656821378340366	0.39888682745825604	0.40433673469387754	0.4105691056910569	0.38537549407114624	0.4186046511627907	0.4117647058823529	0.41304347826086957	0.5416666666666666	0.4791666666666667	0.3448275862068966
dmw=12089	0.8490666666666666	0.8445078459343794	0.8847262247838616	0.8640226628895185	0.9256594724220624	0.8571428571428571	0.801829268292683	0.8801652892561983	0.9393939393939394	0.601010101010101	0.7654320987654321	0.8723404255319149	1.0	0.8333333333333334	0.9777777777777777	1.0	0.6724137931034483
dmw=12090	0.7876995860437611	0.7278481012658228	0.8673740053050398	0.7952380952380952	0.8713826366559485	0.8813559322033898	0.8557993730407524	0.8701298701298701	0.7672955974842768	0.6312849162011173	0.7236024844720497	0.8767123287671232	0.8611111111111112	0.8389261744966443	0.7142857142857143	0.9076923076923077	0.44680851063829785
dmw=12091	0.007942811755361398	0.013232514177693762	0.00398406374501992	0.008241758241758242	0.00966183574879227	0.0	0.008928571428571428	0.0	0.009237875288683603	0.0	0.00510204081632653	0.010309278350515464	0.0	0.0	0.0	0.0	0.0
dmw=12101	0.32831541218637994	0.29236499068901306	0.3445378151260504	0.32616487455197135	0.37337662337662336	0.33116883116883117	0.29133858267716534	0.34394904458598724	0.2914572864321608	0.2169811320754717	0.24170616113744076	0.4642857142857143	1.0	0.4166666666666667	0.25	0.23529411764705882	0.34375
dmw=12102	0.7238520408163265	0.7185223725286161	0.7354430379746836	0.7419006479481641	0.7427035330261137	0.7609427609427609	0.733596837944664	0.7484662576687117	0.7349042709867453	0.5473145780051151	0.6784922394678492	0.735632183908046	0.5833333333333334	0.7364705882352941	0.7886178861788617	0.7425742574257426	0.5491803278688525
dmw=12103	0.8140087059754649	0.7832369942196532	0.8360413589364845	0.7884615384615384	0.8009188361408882	0.7965367965367965	0.8346709470304976	0.8171641791044776	0.7546628407460545	0.7037037037037037	0.7734806629834254	0.7326732673267327	0.6666666666666666	0.8211920529801324	0.8032786885245902	0.864406779661017	0.7945205479452054
dmw=12104	0.6881944444444444	0.6165137614678899	0.7077464788732394	0.6078431372549019	0.7012345679012346	0.7482517482517482	0.6931407942238267	0.5818181818181818	0.6429942418426103	0.5070422535211268	0.6136363636363636	0.8113207547169812	0.8076923076923077	0.6086956521739131	0.5333333333333333	0.5	0.6666666666666666
dmw=12105	0.06733772995487677	0.04486626402070751	0.05757575757575758	0.05350553505535055	0.08287895310796074	0.10151187904967603	0.059431524547803614	0.061930783242258654	0.06499261447562776	0.11320754716981132	0.05417607223476298	0.12631578947368421	0.08088235294117647	0.08148148148148149	0.06172839506172839	0.043478260869565216	0.03361344537815126
dmw=12106	0.8008948545861297	0.8004587155963303	0.7788461538461539	0.838150289017341	0.8722222222222222	0.8333333333333334	0.8263157894736842	0.72	0.8040816326530612	0.7708333333333334	0.8121546961325967	0.7222222222222222	0.8653846153846154	0.7971014492753623	0.9	0.9615384615384616	0.7777777777777778
dmw=12107	0.00804289544235925	0.00505902192242833	0.011235955056179775	0.0	0.0	0.006329113924050633	0.0	0.008695652173913044	0.016494845360824743	0.0	0.005633802816901409	0.0	0.0	0.0	0.0	0.0	0.0
dmw=12109	0.8555649957519117	0.8426073131955485	0.83984375	0.8482142857142857	0.9226006191950464	0.8061224489795918	0.8784313725490196	0.9025641025641026	0.8831168831168831	0.75	0.8988326848249028	0.90625	0.7872340425531915	0.9516129032258065	1.0	1.0	0.8461538461538461
dmw=12112	0.6675005685694791	0.6268235294117647	0.6607981220657277	0.6991150442477876	0.6941946034341783	0.7244655581947743	0.6659877800407332	0.6685823754789272	0.6720338983050848	0.5677570093457944	0.6641452344931922	0.7165354330708661	0.7236842105263158	0.7023346303501945	0.7	0.6385542168674698	0.6187050359712231
dmw=12113	0.8985374771480804	0.9076655052264808	0.9743589743589743	0.9317269076305221	0.9467213114754098	0.9074074074074074	0.9404761904761905	0.9308176100628931	0.9233449477351916	0.625	0.8951612903225806	0.9	0.6046511627906976	0.8941176470588236	1.0	0.0	0.5833333333333334
dmw=12114	0.43137254901960786	0.39419795221843	0.4612676056338028	0.4085603112840467	0.4295774647887324	0.5	0.4672131147540984	0.39634146341463417	0.4278728606356968	0.41139240506329117	0.41312741312741313	0.4861111111111111	0.325	0.4262295081967213	0.5	0.16666666666666666	0.3333333333333333
dmw=12115	0.5066981875492513	0.5018796992481203	0.5706806282722513	0.4919786096256685	0.5578512396694215	0.5338345864661654	0.49635036496350365	0.5609756097560976	0.5290322580645161	0.4716981132075472	0.46814404432132967	0.5625	0.527027027027027	0.44761904761904764	0.35714285714285715	0.375	0.0
dmw=12124	0.9193717277486911	0.9032258064516129	0.8987341772151899	0.9596412556053812	0.918918918918919	0.9726027397260274	0.8995215311004785	0.9591836734693877	0.934010152284264	0.6666666666666666	0.9030612244897959	0.9615384615384616	0.8947368421052632	0.9882352941176471	0.9655172413793104	1.0	0.631578947368421
dmw=12125	0.48328488372093026	0.5093378607809848	0.46321525885558584	0.5253623188405797	0.4985835694050991	0.4482758620689655	0.46503496503496505	0.44	0.4186851211072664	0.45323741007194246	0.4505928853754941	0.5555555555555556	0.484375	0.5230769230769231	0.5	0.6	0.39473684210526316
dmw=12129	0.8771459227467812	0.8422234699606962	0.8666666666666667	0.8543543543543544	0.8972111553784861	0.8321995464852607	0.8868686868686869	0.8874458874458875	0.9072681704260651	0.7290322580645161	0.845464725643897	0.8676470588235294	0.7077922077922078	0.8878504672897196	0.9473684210526315	1.0	0.8176100628930818
dmw=12130	0.8032532920216886	0.8	0.8408163265306122	0.7827868852459017	0.8266978922716628	0.784	0.830028328611898	0.8181818181818182	0.7893333333333333	0.6162790697674418	0.7560975609756098	0.92	0.7647058823529411	0.9294871794871795	0.95	0.88	0.7941176470588235
dmw=12131	0.8265366430260047	0.799396681749623	0.8220640569395018	0.840630472854641	0.8443908323281062	0.7318840579710145	0.8383297644539615	0.8102766798418972	0.8243412797992472	0.6408450704225352	0.8357348703170029	0.8352941176470589	0.8333333333333334	0.8012232415902141	0.0	0.8541666666666666	0.7972972972972973
dmw=12132	0.8175895765472313	0.7921182266009852	0.7931034482758621	0.8528864059590316	0.7601809954751131	0.7822878228782287	0.7365384615384616	0.8076923076923077	0.7840136054421769	0.6244897959183674	0.795880149812734	0.9402985074626866	0.6822429906542056	0.8366533864541833	0.675	0.9565217391304348	0.676056338028169
dmw=12134	0.8518918918918919	0.837696335078534	0.8851063829787233	0.8875968992248062	0.838012958963283	0.888235294117647	0.8422174840085288	0.7660818713450293	0.8451882845188284	0.8914728682170543	0.8205128205128205	0.9302325581395349	0.8539325842696629	0.8888888888888888	0.8695652173913043	0.9655172413793104	0.7818181818181819
dmw=12135	0.9030186255619782	0.8943338437978561	0.9111969111969112	0.950207468879668	0.875717017208413	0.7785234899328859	0.9263959390862944	0.9333333333333333	0.9544364508393285	0.7282608695652174	0.8382352941176471	0.9342105263157895	0.9333333333333333	0.8823529411764706	1.0	0.8571428571428571	0.8064516129032258
dmw=12136	0.7947882736156352	0.7533875338753387	0.8471502590673575	0.8037037037037037	0.8267477203647416	0.8707482993197279	0.8138957816377171	0.8092485549132948	0.8068376068376069	0.6666666666666666	0.7380073800738007	0.7195121951219512	0.9210526315789473	0.8111111111111111	0.9	0.7887323943661971	0.7391304347826086
dmw=12137	0.875715028601144	0.8304721030042919	0.8757062146892656	0.8401360544217688	0.8866906474820144	0.8955223880597015	0.8484848484848485	0.8843537414965986	0.908485856905158	0.6616541353383458	0.8213058419243986	0.875	0.9743589743589743	0.826530612244898	0.9166666666666666	1.0	0.7931034482758621
dmw=12138	0.8405967805261092	0.8249235474006116	0.8532934131736527	0.851685393258427	0.8638036809815951	0.8969465648854962	0.8930099857346647	0.8736559139784946	0.8502923976608188	0.6357142857142857	0.8633093525179856	0.8229166666666666	0.8852459016393442	0.8598726114649682	0.8571428571428571	0.8571428571428571	0.6413043478260869
dmw=12139	0.8489857250187829	0.8592297476759628	0.8642533936651584	0.7568807339449541	0.9371196754563894	0.9700598802395209	0.9219409282700421	0.9375	0.8870056497175142	0.7317073170731707	0.8881118881118881	0.9772727272727273	0.92	0.9411764705882353	1.0	0.0	1.0
dmw=12140	0.5779340984820437	0.548790658882402	0.6224489795918368	0.5608365019011406	0.6053593179049939	0.569078947368421	0.5742574257425742	0.6304347826086957	0.5691056910569106	0.5359116022099447	0.5026881720430108	0.5795454545454546	0.7076923076923077	0.5905172413793104	0.03571428571428571	0.47540983606557374	0.47540983606557374
dmw=12141	0.014423076923076924	0.0045385779122541605	0.0047169811320754715	0.00881057268722467	0.020761245674740483	0.021897810218978103	0.004608294930875576	0.0	0.004310344827586207	0.0	0.018867924528301886	0.0	0.0392156862745098	0.0	0.0	0.0	0.0
dmw=12146	0.007334963325183374	0.0	0.008333333333333333	0.01639344262295082	0.009523809523809525	0.0	0.0	0.0	0.009216589861751152	0.0	0.0064516129032258064	0.047619047619047616	0.0	0.014084507042253521	0.0	0.0	0.0
dmw=12155	0.1307471264367816	0.0957983193277311	0.12955465587044535	0.11785714285714285	0.1076923076923077	0.10919540229885058	0.09774436090225563	0.14084507042253522	0.1118421052631579	0.0891089108910891	0.10486891385767791	0.12244897959183673	0.13333333333333333	0.09230769230769231	0.0	0.21875	0.11842105263157894
dmw=12156	0.26722472633612365	0.17668269230769232	0.20078740157480315	0.2928870292887029	0.3116438356164384	0.25287356321839083	0.31512605042016806	0.24892703862660945	0.31758530183727035	0.13432835820895522	0.17891373801916932	0.1346153846153846	0.4262295081967213	0.2835820895522388	0.17391304347826086	0.23076923076923078	0.17647058823529413
dmw=12157	0.04205128205128205	0.04032258064516129	0.01935483870967742	0.04891304347826087	0.034482758620689655	0.05825242718446602	0.024154589371980676	0.029850746268656716	0.0	0.08450704225352113	0.0718232044198895	0.07407407407407407	0.10344827586206896	0.07692307692307693	0.07142857142857142	0.0	0.0
dmw=12163	0.769249937702467	0.7279037482646923	0.7440699126092385	0.7640320733104238	0.7709205020920502	0.7511737089201878	0.779253112033195	0.7735849056603774	0.7789256198347108	0.5545171339563862	0.7145038167938931	0.7380952380952381	0.7268292682926829	0.6970588235294117	0.8260869565217391	0.7391304347826086	0.7745098039215687
dmw=12164	0.5593134780413932	0.5266604303086997	0.6085106382978723	0.5691056910569106	0.5583173996175909	0.6075085324232082	0.5657620041753654	0.5703125	0.5709876543209876	0.5283018867924528	0.5495495495495496	0.47058823529411764	0.37681159420289856	0.6125	0.5714285714285714	0.6666666666666666	0.49056603773584906
dmw=12165	0.7819354838709678	0.788586251621271	0.8100890207715133	0.7952755905511811	0.7816593886462883	0.7674418604651163	0.8071161048689138	0.8545454545454545	0.8457142857142858	0.8241758241758241	0.7121771217712177	0.7872340425531915	0.8085106382978723	0.7792207792207793	0.8888888888888888	0.8695652173913043	0.6285714285714286
dmw=12166	0.6616511581864978	0.6485635576544667	0.6749539594843462	0.714160070360598	0.6789437109103544	0.7180327868852459	0.66875	0.6952191235059761	0.6902286902286903	0.6527196652719666	0.6197318007662835	0.6774193548387096	0.5911330049261084	0.6710775047258979	0.8245614035087719	0.6779661016949152	0.5175438596491229
dmw=12167	0.39276485788113696	0.43221690590111644	0.39552238805970147	0.3695652173913043	0.37866666666666665	0.4166666666666667	0.4169278996865204	0.4	0.4533333333333333	0.3333333333333333	0.3384615384615385	0.34831460674157305	0.6	0.6226415094339622	0.8	0.5	0.45454545454545453
dmw=12168	0.7523809523809524	0.7120181405895691	0.7921348314606742	0.8441558441558441	0.8252032520325203	0.8953488372093024	0.7804878048780488	0.7701863354037267	0.7591623036649214	0.6883116883116883	0.7333333333333333	0.7804878048780488	0.8064516129032258	0.8292682926829268	0.8	0.0	0.5625
dmw=12169	0.6794871794871795	0.6634271099744246	0.6803519061583577	0.6919540229885057	0.6943462897526502	0.6948356807511737	0.6734434561626429	0.6441717791411042	0.7171888230313294	0.6227106227106227	0.6901408450704225	0.6729857819905213	0.7204968944099379	0.72264631043257	0.7391304347826086	0.7674418604651163	0.5072463768115942
dmw=12170	0.29156139464375946	0.2768777614138439	0.3475783475783476	0.2973856209150327	0.3446601941747573	0.34684684684684686	0.3313782991202346	0.3269230769230769	0.38284518828451886	0.22950819672131148	0.30194805194805197	0.4772727272727273	0.40217391304347827	0.3440366972477064	0.4634146341463415	0.3333333333333333	0.36363636363636365
dmw=12172	0.7313357034027425	0.7094736842105264	0.8112359550561797	0.7602040816326531	0.7794117647058824	0.8008849557522124	0.7086834733893558	0.7747035573122529	0.7732426303854876	0.7169811320754716	0.7611336032388664	0.868421052631579	0.6440677966101694	0.7	0.92	0.725	0.3404255319148936
dmw=12173	0.7370990237099023	0.725609756097561	0.7823834196891192	0.7320754716981132	0.8	0.7399103139013453	0.7195945945945946	0.7851851851851852	0.7713178294573644	0.5584415584415584	0.732	0.6704545454545454	0.8717948717948718	0.7777777777777778	0.8666666666666667	0.7777777777777778	0.7142857142857143
dmw=12176	0.0	0.0	0.0	0.013157894736842105	0.0	0.0	0.0	0.018518518518518517	0.005050505050505051	0.0	0.007352941176470588	0.0	0.0	0.0	0.0	0.0	0.0
dmw=12181	0.6397578203834511	0.569937369519833	0.6770186335403726	0.6648936170212766	0.632	0.624	0.731404958677686	0.6328125	0.6688311688311688	0.6235294117647059	0.639751552795031	0.6037735849056604	0.7058823529411765	0.6619718309859155	0.625	0.7391304347826086	0.6578947368421053
dmw=12185	0.6988472622478387	0.7336814621409922	0.7252747252747253	0.6972477064220184	0.6616915422885572	0.6542056074766355	0.7603305785123967	0.7407407407407407	0.791907514450867	0.6285714285714286	0.7054794520547946	0.9	0.8235294117647058	0.7142857142857143	0.72	0.6666666666666666	0.6666666666666666
dmw=12186	0.21140398063474986	0.2134670487106017	0.1423076923076923	0.23478260869565218	0.20532319391634982	0.26490066225165565	0.22658610271903323	0.22631578947368422	0.26124567474048443	0.11904761904761904	0.16236162361623616	0.3409090909090909	0.14545454545454545	0.27205882352941174	0.2	0.2702702702702703	0.0
dmw=12187	0.29924242424242425	0.2633333333333333	0.3893805309734513	0.30569948186528495	0.3372093023255814	0.3225806451612903	0.2	0.25384615384615383	0.234375	0.14457831325301204	0.22556390977443608	0.17857142857142858	0.03225806451612903	0.0	0.23076923076923078	0.38461538461538464	0.2857142857142857
dmw=12194	0.0024968789013732834	0.0017513134851138354	0.004016064257028112	0.013937282229965157	0.005221932114882507	0.0	0.014450867052023121	0.0	0.009324009324009324	0.0	0.0	0.0	0.0	0.0	0.058823529411764705	0.0	0.0
dmw=12198	0.8177636234961075	0.7928513403736799	0.8514285714285714	0.8167641325536062	0.8243366880146387	0.8511627906976744	0.8440721649484536	0.8374384236453202	0.8350810295519543	0.8024193548387096	0.8199608610567515	0.8613861386138614	0.8076923076923077	0.8284883720930233	0.8666666666666667	0.78125	0.6630434782608695
dmw=12199	0.9055472263868066	0.8820791311093871	0.9330065359477124	0.9370967741935484	0.93929173693086	0.9276315789473685	0.9405405405405406	0.9211956521739131	0.9429175475687104	0.8702290076335878	0.8959537572254336	0.9209039548022598	0.8814814814814815	0.9460431654676259	0.9285714285714286	1.0	0.8225806451612904
dmw=12200	0.5514138817480719	0.5201465201465202	0.590443686006826	0.5415778251599147	0.5590778097982709	0.6108949416342413	0.591182364729459	0.6322418136020151	0.5416666666666666	0.4609375	0.5496402877697841	0.5816326530612245	0.5609756097560976	0.55	0.5619834710743802	0.4772727272727273	0.4659090909090909
dmw=12201	0.8211991434689507	0.729312762973352	0.8719646799116998	0.8215384615384616	0.8826185101580135	0.8945578231292517	0.7942857142857143	0.8435754189944135	0.8163265306122449	0.7241379310344828	0.7016393442622951	0.868421052631579	0.7971014492753623	0.8776978417266187	0.9245283018867925	1.0	0.625
dmw=12203	0.14644351464435146	0.018691588785046728	0.20588235294117646	0.21052631578947367	0.23809523809523808	0.16666666666666666	0.3380281690140845	0.047619047619047616	0.21875	0.2	0.10416666666666667	0.2	0.375	0.5	0.0	0.0	0.4
dmw=12204	0.7573385518590998	0.597457627118644	0.9120879120879121	0.7295081967213115	0.9008264462809917	0.9180327868852459	0.8818897637795275	0.7906976744186046	0.7962962962962963	0.9	0.7052631578947368	1.0	0.7692307692307693	0.8048780487804879	1.0	1.0	1.0
dmw=12205	0.8968809675366008	0.8459343794579173	0.9347826086956522	0.9105504587155964	0.8969465648854962	0.9006622516556292	0.9090909090909091	0.9244444444444444	0.9495548961424333	0.8562091503267973	0.9184952978056427	0.8205128205128205	0.9423076923076923	0.9051724137931034	0.95	1.0	0.8571428571428571
dmw=12208	0.003205128205128205	0.0	0.0	0.0058823529411764705	0.022598870056497175	0.0	0.013986013986013986	0.0	0.03867403314917127	0.02666666666666667	0.0	0.015625	0.0	0.0	0.0	0.0	0.0
dmw=12213	0.908982748364069	0.896600566572238	0.9147540983606557	0.9566326530612245	0.9259259259259259	0.9382022471910112	0.9010989010989011	0.9646017699115044	0.9509433962264151	0.49572649572649574	0.924187725631769	0.9848484848484849	0.8666666666666667	0.9302325581395349	0.9615384615384616	1.0	0.875
dmw=12214	0.7009038619556286	0.6441515650741351	0.7325905292479109	0.7044534412955465	0.6927480916030534	0.6811594202898551	0.6588235294117647	0.7461139896373057	0.712742980561555	0.6590909090909091	0.6443148688046647	0.8125	0.6170212765957447	0.6466165413533834	0.6333333333333333	0.5714285714285714	0.6732673267326733
dmw=12216	0.0	0.007518796992481203	0.0	0.0136986301369863	0.01282051282051282	0.0	0.0	0.0	0.0	0.0	0.0	0.0	0.0	0.0	0.0	0.0	0.0
dmw=12218	0.7056204785754034	0.6633333333333333	0.7241379310344828	0.6657142857142857	0.6563245823389021	0.7972027972027972	0.639080459770115	0.7976878612716763	0.7434679334916865	0.78	0.8191489361702128	0.7027027027027027	0.68	0.7096774193548387	0.9411764705882353	0.6666666666666666	0.5684210526315789
dmw=12219	0.04305582015622023	0.01228609039052216	0.015115354017501989	0.055793991416309016	0.005548705302096177	0.02502844141069397	0.015151515151515152	0.10689655172413794	0.013411567476948869	0.022277227722772276	0.017148014440433214	0.007352941176470588	0.006097560975609756	0.030612244897959183	0.011494252873563218	0.0	0.026845637583892617
dmw=12220	0.6052269601100413	0.5423476968796433	0.652046783625731	0.6347826086956522	0.6125760649087221	0.6733668341708543	0.6263736263736264	0.6794871794871795	0.5795053003533569	0.5220588235294118	0.5537190082644629	0.576271186440678	0.75	0.541095890410959	0.5714285714285714	0.8536585365853658	0.5348837209302325
dmw=12221	0.8597560975609756	0.8351219512195122	0.9191685912240185	0.9011235955056179	0.8700564971751412	0.8064516129032258	0.8900523560209425	0.8813559322033898	0.8784916201117319	0.8703703703703703	0.8644444444444445	0.9193548387096774	0.84	0.87	0.9487179487179487	0.8666666666666667	0.7073170731707317
dmw=12229	0.14919663351185922	0.158	0.1056338028169014	0.11392405063291139	0.18789808917197454	0.14659685863874344	0.18773946360153257	0.06818181818181818	0.14730878186968838	0.05263157894736842	0.11956521739130435	0.037037037037037035	0.07017543859649122	0.0975609756097561	0.08333333333333333	0.3055555555555556	0.4375
dmw=12230	0.7768496420047732	0.7564766839378239	0.7649402390438247	0.8379888268156425	0.7549019607843137	0.7719298245614035	0.7411347517730497	0.7614678899082569	0.7587939698492462	0.5517241379310345	0.7321428571428571	0.8260869565217391	0.851063829787234	0.8444444444444444	1.0	0.5714285714285714	0.7368421052631579
dmw=12243	0.8279467680608364	0.8128161888701517	0.8303030303030303	0.8250728862973761	0.8488745980707395	0.8041666666666667	0.809437386569873	0.8516483516483516	0.8369565217391305	0.515	0.825	0.7551020408163265	0.6923076923076923	0.8231292517006803	0.9	0.8163265306122449	0.6923076923076923
dmw=12256	0.37066974595842955	0.35194174757281554	0.2907801418439716	0.4166666666666667	0.3902439024390244	0.41284403669724773	0.45789473684210524	0.375	0.45454545454545453	0.2	0.325	0.3076923076923077	0.38461538461538464	0.3620689655172414	0.2	0.47619047619047616	0.4666666666666667
dmw=12261	0.6996047430830039	0.7310924369747899	0.48148148148148145	0.8461538461538461	0.375	0.7021276595744681	0.6530612244897959	0.18181818181818182	0.6	0.6111111111111112	0.7666666666666667	0.6363636363636364	0.5333333333333333	0.5217391304347826	0.0	0.5	0.0
dmw=12263	0.6276719782355228	0.6441808747220164	0.6692913385826772	0.6921641791044776	0.6666666666666666	0.6706586826347305	0.6451104100946372	0.611336032388664	0.6372315035799523	0.5506607929515418	0.633276740237691	0.608	0.4666666666666667	0.65234375	0.7222222222222222	0.6756756756756757	0.3333333333333333
dmw=12267	0.6209476309226932	0.584375	0.5436241610738255	0.6204819277108434	0.5986842105263158	0.723404255319149	0.5371900826446281	0.4925373134328358	0.6209150326797386	0.5476190476190477	0.5773195876288659	0.3125	0.5555555555555556	0.3709677419354839	0.4444444444444444	0.6666666666666666	0.4827586206896552
dmw=12276	0.653125	0.5114942528735632	0.5421686746987951	0.6125	0.47368421052631576	0.8809523809523809	0.5942028985507246	0.45454545454545453	0.7397260273972602	0.5384615384615384	0.5686274509803921	0.16216216216216217	0.375	0.425	1.0	1.0	0.7
dmw=12277	0.28663101604278074	0.23697916666666666	0.33587786259541985	0.33088235294117646	0.28054298642533937	0.2619047619047619	0.32057416267942584	0.2773109243697479	0.32170542635658916	0.35714285714285715	0.2222222222222222	0.3333333333333333	0.25	0.47058823529411764	0.5	0.6666666666666666	0.42857142857142855
dmw=12286	0.0011607661056297156	0.010180995475113122	0.0023752969121140144	0.005037783375314861	0.003105590062111801	0.0	0.004228329809725159	0.0	0.014527845036319613	0.013793103448275862	0.0029940119760479044	0.0	0.012269938650306749	0.0	0.0	0.0	0.0
dmw=12287	0.8581196581196581	0.8353293413173652	0.8034682080924855	0.8538461538461538	0.8838028169014085	0.8658536585365854	0.8524590163934426	0.7735849056603774	0.859504132231405	0.7285714285714285	0.8730964467005076	0.9333333333333333	0.7058823529411765	0.9130434782608695	0.0	0.8181818181818182	0.8947368421052632
dmw=12292	0.6187806587245971	0.5932773109243697	0.592741935483871	0.6143344709897611	0.6573426573426573	0.6243386243386243	0.6121495327102804	0.6466666666666666	0.6411609498680739	0.4909090909090909	0.5897435897435898	0.6410256410256411	0.5454545454545454	0.5887850467289719	0.5588235294117647	0.64	0.5625
dmw=12295	0.009708737864077669	0.0028011204481792717	0.0	0.0	0.0	0.0	0.0	0.022988505747126436	0.0051813471502590676	0.0	0.0	0.0	0.0	0.0	0.0	0.0	0.0
dmw=12307	0.26332970620239393	0.11764705882352941	0.08875739644970414	0.5743243243243243	0.21301775147928995	0.2830188679245283	0.4589041095890411	0.03676470588235294	0.2826855123674912	0.10526315789473684	0.07246376811594203	0.03125	0.18604651162790697	0.41509433962264153	0.0	0.4583333333333333	0.0
dmw=12325	0.011560693641618497	0.0106951871657754	0.0	0.0	0.0	0.0	0.007751937984496124	0.0	0.011494252873563218	0.0	0.0	0.0	0.0	0.0	0.14285714285714285	0.0	0.0
dmw=12329	0.5577689243027888	0.5753846153846154	0.44666666666666666	0.5374149659863946	0.3850574712643678	0.44339622641509435	0.33093525179856115	0.3108108108108108	0.45989304812834225	0.7857142857142857	0.44785276073619634	0.6956521739130435	0.40476190476190477	0.3111111111111111	1.0	0.5714285714285714	0.7333333333333333
dmw=12330	0.3063063063063063	0.22142857142857142	0.44	0.2878787878787879	0.13559322033898305	0.2571428571428571	0.13043478260869565	0.3	0.2857142857142857	0.34285714285714286	0.07407407407407407	0.391304347826087	0.5714285714285714	0.0	0.5	0.4	0.6363636363636364
dmw=12331	0.0	0.0053475935828877	0.0	0.030303030303030304	0.008264462809917356	0.0	0.0	0.0	0.0	0.0	0.0	0.0	0.0	0.0	0.0	0.0	0.0
dmw=12341	0.884071630537229	0.9073756432246999	0.9395770392749244	0.9353099730458221	0.9287211740041929	0.8175182481751825	0.8980891719745223	0.9375	0.9484304932735426	0.7867647058823529	0.8496503496503497	0.9090909090909091	1.0	0.98989898989899	0.0	0.0	0.64
dmw=12344	0.13543156890796376	0.11671469740634005	0.398576512455516	0.2025462962962963	0.46050670640834573	0.5131313131313131	0.4474671669793621	0.49272727272727274	0.46994072819644367	0.38666666666666666	0.1896551724137931	0.4666666666666667	0.31932773109243695	0.4301994301994302	0.5060240963855421	0.43333333333333335	0.22839506172839505
dmw=12346	0.2523809523809524	0.29373996789727125	0.34365325077399383	0.22183098591549297	0.2887700534759358	0.2945205479452055	0.16363636363636364	0.22429906542056074	0.23381294964028776	0.1643835616438356	0.2708333333333333	0.44680851063829785	0.07142857142857142	0.2191780821917808	0.0	0.3142857142857143	0.3
dmw=12350	0.3382157123834887	0.3651226158038147	0.3157894736842105	0.32407407407407407	0.25	0.29896907216494845	0.2937853107344633	0.29838709677419356	0.2922374429223744	0.21212121212121213	0.3698630136986301	0.28	0.26666666666666666	0.3880597014925373	0.375	0.0	0.23076923076923078
dmw=12358	0.8791018998272885	0.8888888888888888	0.8273381294964028	0.979381443298969	0.863013698630137	0.9238095238095239	0.8525641025641025	0.9069767441860465	0.7850467289719626	0.8333333333333334	0.9142857142857143	0.9	0.95	0.9418604651162791	0.0	1.0	0.7647058823529411
dmw=12363	0.015429831006612785	0.008759124087591242	0.02040816326530612	0.02666666666666667	0.017595307917888565	0.00851063829787234	0.0038022813688212928	0.02074688796680498	0.019337016574585635	0.004901960784313725	0.021806853582554516	0.0	0.046511627906976744	0.0	0.0	0.0	0.0
dmw=12393	0.8114649681528663	0.7635658914728682	0.8375	0.8728323699421965	0.8378378378378378	0.8703703703703703	0.8197674418604651	0.8829787234042553	0.8447488584474886	0.4864864864864865	0.7522123893805309	0.8125	0.6296296296296297	0.8275862068965517	0.9230769230769231	0.7	0.9230769230769231
dmw=12405	0.2403846153846154	0.1935483870967742	0.21621621621621623	0.425531914893617	0.3389830508474576	0.48	0.23595505617977527	0.11428571428571428	0.3698630136986301	0.15	0.11428571428571428	0.5	0.25	0.4166666666666667	0.6666666666666666	0.375	0.7777777777777778
dmw=12411	0.15070643642072212	0.16772151898734178	0.09701492537313433	0.2080536912751678	0.16666666666666666	0.14285714285714285	0.17567567567567569	0.08235294117647059	0.20187793427230047	0.125	0.2109375	0.30303030303030304	0.23076923076923078	0.2608695652173913	0.35714285714285715	0.0	0.2857142857142857
dmw=12416	0.648741983226443	0.5966785290628707	0.476027397260274	0.6276041666666666	0.5782537067545305	0.658008658008658	0.5864077669902913	0.6333333333333333	0.5529661016949152	0.559322033898305	0.5987841945288754	0.7727272727272727	0.5974025974025974	0.6927710843373494	0.875	0.5686274509803921	0.6086956521739131
dmw=12427	0.6447368421052632	0.6744186046511628	0.7592592592592593	0.7676767676767676	0.7424242424242424	0.46153846153846156	0.7313432835820896	0.7375	0.5299145299145299	0.6904761904761905	0.5495495495495496	0.5	0.75	0.56	0.0	1.0	0.75
dmw=12428	0.6101694915254238	0.5405405405405406	0.7183098591549296	0.6493506493506493	0.5193798449612403	0.8292682926829268	0.638095238095238	0.6764705882352942	0.6826923076923077	0.46875	0.6081081081081081	0.6538461538461539	0.88	0.45454545454545453	0.8	0.7142857142857143	0.75
dmw=12438	0.8754098360655738	0.7695473251028807	0.9504950495049505	0.9078014184397163	0.9086021505376344	0.803921568627451	0.9225806451612903	0.7794117647058824	0.8171428571428572	0.8181818181818182	0.8144329896907216	1.0	1.0	0.7894736842105263	0.875	1.0	0.625
dmw=12445	0.0035211267605633804	0.007075471698113208	0.007598784194528876	0.00641025641025641	0.01310615989515072	0.0	0.006036217303822937	0.011673151750972763	0.0011737089201877935	0.008264462809917356	0.007590132827324478	0.015873015873015872	0.02586206896551724	0.0	0.0	0.0	0.0
dmw=12449	0.10779510022271716	0.09332023575638507	0.31746031746031744	0.15348837209302327	0.3679060665362035	0.4029126213592233	0.3379501385041551	0.19117647058823528	0.3132295719844358	0.23921568627450981	0.10472972972972973	0.38461538461538464	0.15254237288135594	0.3375796178343949	0.5294117647058824	0.3103448275862069	0.3333333333333333
dmw=12450	0.016260162601626018	0.0	0.16981132075471697	0.01020408163265306	0.24299065420560748	0.2597402597402597	0.2838709677419355	0.0	0.13768115942028986	0.15625	0.022988505747126436	0.0	0.06451612903225806	0.38461538461538464	0.0	0.07692307692307693	0.0
dmw=12467	0.8839177750906893	0.8315508021390374	0.8881987577639752	0.9265536723163842	0.7817460317460317	0.9130434782608695	0.8475609756097561	0.8762886597938144	0.8608247422680413	0.5272727272727272	0.7238095238095238	0.9591836734693877	0.9347826086956522	0.9154929577464789	0.9047619047619048	1.0	0.896551724137931
dmw=12487	0.547646383467279	0.5539568345323741	0.5384615384615384	0.46875	0.6204379562043796	0.5882352941176471	0.48427672955974843	0.3509933774834437	0.41150442477876104	0.18181818181818182	0.4772727272727273	0.42857142857142855	0.8461538461538461	0.5373134328358209	0.6	0.7777777777777778	0.6666666666666666
dmw=12490	0.11459353574926542	0.09375	0.09137055837563451	0.1339712918660287	0.11914893617021277	0.12307692307692308	0.07253886010362694	0.13095238095238096	0.10027855153203342	0.05	0.11235955056179775	0.125	0.11764705882352941	0.06756756756756757	0.125	0.14285714285714285	0.2222222222222222
dmw=12498	0.9153046062407132	0.8305084745762712	0.8536585365853658	0.9120879120879121	0.9436619718309859	0.9594594594594594	0.9693877551020408	0.8823529411764706	0.84375	0.8607594936708861	0.8482142857142857	0.7	1.0	0.948051948051948	0.8333333333333334	0.6666666666666666	0.8
dmw=12500	0.0	0.0	0.006329113924050633	0.029850746268656716	0.0	0.0	0.008620689655172414	0.0	0.009216589861751152	0.0	0.0	0.0	0.0	0.023255813953488372	0.0	0.0	0.0
dmw=12515	0.20788732394366197	0.20723226703755215	0.2182890855457227	0.14588235294117646	0.36585365853658536	0.3333333333333333	0.3628048780487805	0.08522727272727272	0.39215686274509803	0.12025316455696203	0.21232876712328766	0.19696969696969696	0.11235955056179775	0.18548387096774194	0.7142857142857143	0.3125	0.12
dmw=12535	0.5161290322580645	0.5	0.4715447154471545	0.4700854700854701	0.41904761904761906	0.5	0.2847222222222222	0.47244094488188976	0.4057971014492754	0.5789473684210527	0.40476190476190477	0.6216216216216216	0.5263157894736842	0.72	0.0	0.5	0.45454545454545453
dmw=12538	0.3795066413662239	0.3107344632768362	0.3978494623655914	0.36363636363636365	0.42857142857142855	0.5384615384615384	0.39705882352941174	0.2391304347826087	0.3389830508474576	0.20833333333333334	0.3076923076923077	0.0	0.36363636363636365	0.2698412698412698	1.0	0.3333333333333333	0.0
dmw=12572	0.4011904761904762	0.42296918767507	0.3188405797101449	0.45081967213114754	0.3783783783783784	0.3723404255319149	0.35625	0.2786885245901639	0.4180790960451977	0.3333333333333333	0.38271604938271603	0.4117647058823529	0.2608695652173913	0.3387096774193548	0.5	0.46153846153846156	0.34782608695652173
dmw=12605	0.23198198198198197	0.23513513513513515	0.2964824120603015	0.2962962962962963	0.21649484536082475	0.33663366336633666	0.2857142857142857	0.18324607329842932	0.2677165354330709	0.23595505617977527	0.24210526315789474	0.23809523809523808	0.15384615384615385	0.27586206896551724	0.34782608695652173	0.0	0.36666666666666664
dmw=12606	0.45223700120918986	0.4371523915461624	0.335	0.4868913857677903	0.4375	0.5197368421052632	0.40045766590389015	0.29012345679012347	0.44468546637744033	0.415929203539823	0.4778481012658228	0.618421052631579	0.5217391304347826	0.4383561643835616	0.5384615384615384	0.3684210526315789	0.25
dmw=12638	0.9074626865671642	0.8910256410256411	0.9649122807017544	0.8714285714285714	0.6744186046511628	0.9285714285714286	0.6440677966101694	0.9692307692307692	0.7798165137614679	0.8571428571428571	0.9272727272727272	0.9523809523809523	1.0	0.8260869565217391	1.0	0.0	0.0
dmw=12647	0.005649717514124294	0.019801980198019802	0.0	0.0	0.0	0.0	0.0	0.0	0.0	0.0	0.0	0.0	0.0	0.0	0.0	0.0	0.0
dmw=12649	0.022502250225022502	0.0	0.0	0.009569377990430622	0.009523809523809525	0.013888888888888888	0.009933774834437087	0.0	0.011547344110854504	0.0	0.014388489208633094	0.0	0.0	0.009900990099009901	0.0	0.0	0.08333333333333333
dmw=12677	0.007444168734491315	0.002109704641350211	0.005917159763313609	0.007782101167315175	0.011538461538461539	0.0	0.0	0.0	0.010033444816053512	0.014492753623188406	0.0	0.0	0.0	0.0	0.0	0.0	0.0
dmw=12680	0.10289634146341463	0.09838709677419355	0.2620320855614973	0.12569832402234637	0.2992125984251969	0.304	0.33691756272401435	0.16847826086956522	0.3157894736842105	0.18867924528301888	0.088	0.3047619047619048	0.2631578947368421	0.20512820512820512	0.2222222222222222	0.2909090909090909	0.21568627450980393
dmw=12739	0.2982456140350877	0.28188976377952757	0.30179028132992325	0.3209302325581395	0.34615384615384615	0.3157894736842105	0.27208480565371024	0.3076923076923077	0.30025445292620867	0.3157894736842105	0.3333333333333333	0.38181818181818183	0.4411764705882353	0.23684210526315788	0.0	0.5454545454545454	0.36363636363636365
dmw=12741	0.44369698742322317	0.4567143830947512	0.4395770392749245	0.49122807017543857	0.3115151515151515	0.44932432432432434	0.2894736842105263	0.43870967741935485	0.34515119916579773	0.3800738007380074	0.37554585152838427	0.5294117647058824	0.37623762376237624	0.3020833333333333	0.39622641509433965	0.4649122807017544	0.4716981132075472
dmw=12742	0.004071246819338422	0.003787878787878788	0.0021929824561403508	0.016666666666666666	0.0	0.011695906432748537	0.016241299303944315	0.0056179775280898875	0.008012820512820512	0.022988505747126436	0.014705882352941176	0.0	0.0	0.0	0.0	0.0	0.03508771929824561
dmw=12744	0.008113590263691683	0.002631578947368421	0.027624309392265192	0.008968609865470852	0.0	0.0	0.009900990099009901	0.0	0.007722007722007722	0.0	0.02158273381294964	0.0	0.0	0.028985507246376812	0.0	0.058823529411764705	0.0
dmw=12747	0.30158730158730157	0.3254437869822485	0.3350253807106599	0.3417085427135678	0.3848314606741573	0.41964285714285715	0.3709677419354839	0.35833333333333334	0.35731414868105515	0.287292817679558	0.3236514522821577	0.3225806451612903	0.24	0.4322916666666667	0.5714285714285714	0.3793103448275862	0.5
dmw=12760	0.053901850362027354	0.0427807486631016	0.0824022346368715	0.1111111111111111	0.06336633663366337	0.036637931034482756	0.09893617021276596	0.038860103626943004	0.06467661691542288	0.045454545454545456	0.06177606177606178	0.01098901098901099	0.0847457627118644	0.13486842105263158	0.0	0.047619047619047616	0.1
dmw=12781	0.002242152466367713	0.009828009828009828	0.003816793893129771	0.016129032258064516	0.0	0.021621621621621623	0.0	0.014814814814814815	0.004347826086956522	0.0	0.0136986301369863	0.0	0.029411764705882353	0.0	0.0	0.0	0.0
dmw=12782	0.011869436201780416	0.0024154589371980675	0.0	0.010869565217391304	0.0	0.02877697841726619	0.0	0.0	0.016853932584269662	0.0	0.0	0.0	0.0	0.0	0.0	0.0	0.0
dmw=12787	0.007015650296815974	0.006335797254487857	0.0	0.008571428571428572	0.003992015968063872	0.008658008658008658	0.002352941176470588	0.0	0.005272407732864675	0.006134969325153374	0.0	0.0	0.0	0.0	0.0	0.0	0.0
dmw=12794	0.8375870069605569	0.847953216374269	0.8412698412698413	0.8688524590163934	0.6911764705882353	0.0	0.7833333333333333	0.8235294117647058	0.7916666666666666	0.3617021276595745	0.8205128205128205	0.7777777777777778	0.8	0.8611111111111112	1.0	1.0	0.8
dmw=12798	0.008	0.0	0.0	0.0	0.0	0.0	0.0	0.0	0.0	0.0	0.0	0.0	0.0	0.0	0.0	0.0	0.0
dmw=12799	0.0106544901065449	0.010380622837370242	0.04878048780487805	0.008620689655172414	0.049689440993788817	0.009900990099009901	0.022222222222222223	0.0	0.010050251256281407	0.0	0.014925373134328358	0.0	0.0	0.0	0.0	0.0	0.0
dmw=12801	0.008964955175224124	0.011194029850746268	0.019230769230769232	0.00980392156862745	0.019305019305019305	0.006666666666666667	0.009569377990430622	0.008547008547008548	0.003003003003003003	0.0	0.0072992700729927005	0.0	0.0	0.0	0.0	0.0	0.0
dmw=12804	0.37251356238698013	0.37890625	0.2867647058823529	0.27522935779816515	0.30158730158730157	0.39655172413793105	0.3284671532846715	0.5142857142857142	0.39568345323741005	0.30357142857142855	0.325	0.2777777777777778	0.30434782608695654	0.3230769230769231	0.3333333333333333	0.14285714285714285	0.5
dmw=12806	0.010775862068965518	0.015228426395939087	0.0	0.008849557522123894	0.0	0.0	0.0	0.023809523809523808	0.0	0.0	0.011494252873563218	0.0	0.0	0.0	0.0	0.0	0.0
dmw=12818	0.008609271523178808	0.009259259259259259	0.008823529411764706	0.014204545454545454	0.013333333333333334	0.0	0.009966777408637873	0.008	0.007772020725388601	0.007692307692307693	0.0	0.0	0.0	0.02	0.0	0.0	0.0
dmw=12872	0.0	0.004132231404958678	0.0	0.0	0.0	0.0	0.008130081300813009	0.0	0.006756756756756757	0.0	0.0	0.0	0.0	0.0	0.0	0.0	0.0
dmw=12882	0.052564102564102565	0.05722460658082976	0.1010752688172043	0.08064516129032258	0.059063136456211814	0.08522727272727272	0.04430379746835443	0.046875	0.04470588235294118	0.06153846153846154	0.034482758620689655	0.014925373134328358	0.025974025974025976	0.07142857142857142	0.0	0.0	0.11666666666666667
dmw=12914	0.7850906648757555	0.7866894197952219	0.7829268292682927	0.8186046511627907	0.7448275862068966	0.8389830508474576	0.807843137254902	0.8214285714285714	0.6521739130434783	0.6785714285714286	0.8349514563106796	0.8767123287671232	0.5416666666666666	0.8734177215189873	0.7777777777777778	0.25	1.0
dmw=12915	0.006482982171799027	0.007380073800738007	0.005917159763313609	0.0	0.0	0.047058823529411764	0.007407407407407408	0.034482758620689655	0.0	0.0	0.008620689655172414	0.0	0.016129032258064516	0.0	0.0	0.0	0.0
dmw=12923	0.0057251908396946565	0.0	0.010526315789473684	0.0	0.008264462809917356	0.0	0.0	0.0	0.0	0.0	0.0	0.1	0.0	0.037037037037037035	0.2	0.0	0.0
dmw=12927	0.9457889641819942	0.9331896551724138	0.9390681003584229	0.9852941176470589	0.9483870967741935	0.9777777777777777	0.9439655172413793	0.92	0.9029411764705882	0.8648648648648649	0.9153846153846154	0.9764705882352941	0.7	0.8823529411764706	1.0	1.0	0.9393939393939394
dmw=12928	0.004615384615384616	0.004273504273504274	0.0	0.0	0.016129032258064516	0.01639344262295082	0.012048192771084338	0.0	0.0	0.0	0.019801980198019802	0.0	0.0	0.0	0.0	0.043478260869565216	0.0
dmw=12945	0.26112759643916916	0.29411764705882354	0.21428571428571427	0.38461538461538464	0.15151515151515152	0.13333333333333333	0.21875	0.2857142857142857	0.20430107526881722	0.15151515151515152	0.2037037037037037	0.26666666666666666	0.3181818181818182	0.2631578947368421	0.4	0.0	0.5
dmw=12959	0.00946969696969697	0.0	0.0	0.043478260869565216	0.0	0.0	0.008333333333333333	0.0	0.0	0.0	0.01639344262295082	0.0	0.0	0.0	0.0	0.0	0.0
dmw=12968	0.005087209302325582	0.005555555555555556	0.010169491525423728	0.003745318352059925	0.006263048016701462	0.006535947712418301	0.006578947368421052	0.005235602094240838	0.0026954177897574125	0.0	0.0	0.05	0.020202020202020204	0.015873015873015872	0.0	0.07692307692307693	0.0
dmw=12970	0.007281553398058253	0.004405286343612335	0.017543859649122806	0.0	0.0	0.0	0.0	0.0	0.010526315789473684	0.0	0.01282051282051282	0.0	0.0	0.0	0.0	0.0	0.0
dmw=13000	0.7699421965317919	0.65814696485623	0.796875	0.774390243902439	0.6403785488958991	0.8198198198198198	0.7197802197802198	0.7567567567567568	0.8125	0.8275862068965517	0.8095238095238095	0.7142857142857143	0.8235294117647058	0.7045454545454546	0.8666666666666667	1.0	0.75
dmw=13050	0.8477292965271594	0.8238213399503722	0.8547008547008547	0.8548387096774194	0.7666666666666667	0.8034188034188035	0.7965517241379311	0.8333333333333334	0.7814814814814814	0.7777777777777778	0.8032786885245902	0.7352941176470589	0.7692307692307693	0.831858407079646	0.8421052631578947	0.875	0.7358490566037735
dmw=13089	0.0048250904704463205	0.01358695652173913	0.0	0.006493506493506494	0.004651162790697674	0.0	0.012269938650306749	0.010752688172043012	0.0040650406504065045	0.0	0.0	0.0	0.0	0.012048192771084338	0.0	0.0	0.0
dmw=13115	0.004	0.023809523809523808	0.0	0.0	0.0	0.0	0.0	0.058823529411764705	0.0	0.07142857142857142	0.0	0.0	0.0	0.0	0.25	0.0	0.0
dmw=13129	0.009826152683295541	0.010516252390057362	0.0	0.010771992818671455	0.0036496350364963502	0.008547008547008548	0.003795066413662239	0.010238907849829351	0.006279434850863423	0.01694915254237288	0.008830022075055188	0.0	0.0	0.0	0.0	0.0	0.0
dmw=13137	0.0024009603841536613	0.0031007751937984496	0.004329004329004329	0.014336917562724014	0.00546448087431694	0.00967741935483871	0.007792207792207792	0.0	0.005110732538330494	0.017391304347826087	0.0035971223021582736	0.0	0.0	0.0	0.0	0.0	0.02702702702702703
dmw=13155	0.0033112582781456954	0.014336917562724014	0.0072992700729927005	0.0	0.011764705882352941	0.0	0.0	0.011111111111111112	0.0	0.0	0.0	0.0	0.0	0.0	0.0	0.0	0.0
dmw=13185	0.013192612137203167	0.012875536480686695	0.0	0.0	0.01675977653631285	0.0	0.023529411764705882	0.0	0.0	0.0	0.047619047619047616	0.0	0.0	0.0	0.0	0.0	0.0
dmw=13187	0.0259009009009009	0.0	0.006369426751592357	0.0	0.002976190476190476	0.008	0.020202020202020204	0.0	0.0	0.0	0.007692307692307693	0.0	0.058823529411764705	0.014705882352941176	0.0	0.0	0.0
dmw=13188	0.0034752389226759338	0.003629764065335753	0.0078125	0.007751937984496124	0.0	0.015625	0.0	0.012903225806451613	0.003436426116838488	0.0	0.020689655172413793	0.0	0.0	0.0	0.0	0.0	0.0
dmw=13218	0.010273972602739725	0.028368794326241134	0.0	0.02857142857142857	0.010752688172043012	0.0	0.0	0.0	0.011904761904761904	0.0	0.0	0.0	0.0	0.0	0.0	0.0	0.0
dmw=13232	0.009825327510917031	0.0031645569620253164	0.016574585635359115	0.009569377990430622	0.0041841004184100415	0.02040816326530612	0.00546448087431694	0.0	0.007782101167315175	0.0	0.0	0.0	0.0	0.0	0.0	0.0	0.0
dmw=13249	0.011326860841423949	0.00398406374501992	0.02459016393442623	0.0	0.018691588785046728	0.02666666666666667	0.0	0.03508771929824561	0.01652892561983471	0.0	0.0	0.0	0.1	0.0	0.0	0.0	0.0
dmw=13272	0.059813084112149535	0.03515625	0.008695652173913044	0.07575757575757576	0.017341040462427744	0.07936507936507936	0.0234375	0.03773584905660377	0.05185185185185185	0.04918032786885246	0.02197802197802198	0.03571428571428571	0.058823529411764705	0.02702702702702703	0.0	0.125	0.0
dmw=13282	0.9576923076923077	0.8740740740740741	0.9767441860465116	0.9655172413793104	1.0	0.9210526315789473	0.9838709677419355	1.0	0.9662921348314607	0.9	0.8611111111111112	0.8333333333333334	0.9545454545454546	1.0	1.0	0.7142857142857143	0.75
dmw=13297	0.00441306266548985	0.00851063829787234	0.003236245954692557	0.0	0.014492753623188406	0.0	0.0	0.007692307692307693	0.0035460992907801418	0.0	0.00558659217877095	0.0	0.0	0.0	0.0	0.0	0.0
dmw=13302	0.004966887417218543	0.004282655246252677	0.0	0.0	0.006289308176100629	0.06593406593406594	0.004366812227074236	0.009708737864077669	0.00641025641025641	0.0	0.005555555555555556	0.0	0.014925373134328358	0.0	0.058823529411764705	0.0	0.0
dmw=13303	0.008807045636509208	0.009787928221859706	0.0035087719298245615	0.011857707509881422	0.0029154518950437317	0.0	0.008064516129032258	0.009708737864077669	0.011857707509881422	0.0	0.010582010582010581	0.034482758620689655	0.0	0.0	0.0	0.0	0.08333333333333333
dmw=13305	0.002702702702702703	0.0	0.011111111111111112	0.0	0.0	0.0	0.0	0.025	0.025974025974025976	0.0	0.0	0.0	0.07142857142857142	0.0	0.0	0.0	0.0
dmw=13335	0.0023923444976076554	0.0058823529411764705	0.0	0.0	0.0	0.0	0.014705882352941176	0.0	0.0	0.0	0.0	0.0	0.0	0.0	0.0	0.0	0.0
dmw=13385	0.004801920768307323	0.007142857142857143	0.0035842293906810036	0.0036363636363636364	0.0	0.0	0.0	0.0	0.003484320557491289	0.0	0.0	0.045454545454545456	0.0	0.008333333333333333	0.0	0.0	0.0
dmw=13429	0.006091370558375634	0.011876484560570071	0.014925373134328358	0.004784688995215311	0.0	0.0	0.0	0.009433962264150943	0.005780346820809248	0.024691358024691357	0.0	0.0	0.0	0.00980392156862745	0.0	0.0	0.0
dmw=13437	0.008483563096500531	0.0	0.004048582995951417	0.0	0.009433962264150943	0.0	0.00390625	0.0	0.010101010101010102	0.0	0.005025125628140704	0.0	0.0	0.013513513513513514	0.0	0.0	0.0
dmw=13468	0.009900990099009901	0.0	0.0	0.0	0.0	0.0	0.0	0.0	0.016	0.0	0.0	0.0	0.0	0.0	0.0	0.0	0.0
dmw=13469	0.010810810810810811	0.020942408376963352	0.006097560975609756	0.00909090909090909	0.007518796992481203	0.012658227848101266	0.0	0.0	0.0	0.0	0.0	0.0	0.0	0.0	0.0	0.0	0.0
dmw=13474	0.3124300111982083	0.319047619047619	0.30120481927710846	0.34868421052631576	0.26	0.509090909090909	0.24725274725274726	0.15625	0.2857142857142857	0.23157894736842105	0.3373493975903614	0.1590909090909091	0.19047619047619047	0.15517241379310345	0.2222222222222222	0.47058823529411764	0.30434782608695654
dmw=13479	0.010124252185918085	0.012484394506866416	0.022670025188916875	0.006276150627615063	0.0	0.0035087719298245615	0.00702576112412178	0.016483516483516484	0.002824858757062147	0.0	0.011594202898550725	0.0	0.0	0.008032128514056224	0.0	0.0	0.013888888888888888
dmw=13485	0.0044444444444444444	0.0	0.0	0.0	0.005208333333333333	0.008928571428571428	0.006493506493506494	0.0	0.0	0.02702702702702703	0.013513513513513514	0.0	0.0	0.0	0.0	0.0	0.0
dmw=13504	0.17724609375	0.20394173093401885	0.38440111420612816	0.22006472491909385	0.2531969309462916	0.36764705882352944	0.2652439024390244	0.2755905511811024	0.22964509394572025	0.1565217391304348	0.16923076923076924	0.0	0.29936305732484075	0.3434343434343434	0.3787878787878788	0.7857142857142857	0.31666666666666665
dmw=13505	0.011612903225806452	0.006172839506172839	0.0019801980198019802	0.004545454545454545	0.0015267175572519084	0.0	0.006550218340611353	0.002976190476190476	0.0057306590257879654	0.0	0.007317073170731708	0.0	0.0	0.008032128514056224	0.0	0.0	0.0
dmw=13506	0.32990249187432286	0.3138424821002387	0.4879807692307692	0.4065934065934066	0.4429065743944637	0.425	0.3849462365591398	0.03608247422680412	0.4050387596899225	0.35714285714285715	0.2921686746987952	0.5121951219512195	0.2911392405063291	0.11278195488721804	0.0	0.24	0.5070422535211268
dmw=13526	0.004708097928436911	0.008048289738430584	0.0	0.0	0.0	0.0	0.0030864197530864196	0.0	0.009216589861751152	0.0	0.005405405405405406	0.0	0.0	0.0	0.1111111111111111	0.0	0.022222222222222223
dmw=13541	0.008849557522123894	0.016638935108153077	0.005763688760806916	0.003787878787878788	0.002793296089385475	0.010869565217391304	0.006230529595015576	0.0	0.007407407407407408	0.007874015748031496	0.003937007874015748	0.009259259259259259	0.015625	0.018691588785046728	0.0	0.0	0.0
dmw=13542	0.004561003420752566	0.008849557522123894	0.0136986301369863	0.005025125628140704	0.013513513513513514	0.0	0.012658227848101266	0.0	0.005917159763313609	0.0	0.0	0.0	0.0	0.02127659574468085	0.0	0.0	0.0
dmw=13567	0.05525197328476017	0.04233171408743928	0.054474708171206226	0.056818181818181816	0.07058823529411765	0.14193548387096774	0.0625	0.04713804713804714	0.08403361344537816	0.046822742474916385	0.027833001988071572	0.06321839080459771	0.06875	0.039525691699604744	0.171875	0.0967741935483871	0.04
dmw=13568	0.02852962692026335	0.012345679012345678	0.05818181818181818	0.0729483282674772	0.21323529411764705	0.1949685534591195	0.18505338078291814	0.03225806451612903	0.11294765840220386	0.05434782608695652	0.00749063670411985	0.17857142857142858	0.024390243902439025	0.06666666666666667	0.3888888888888889	0.06896551724137931	0.023809523809523808
dmw=13572	0.0070028011204481795	0.004459308807134894	0.009708737864077669	0.009950248756218905	0.0	0.0	0.0	0.012448132780082987	0.007312614259597806	0.0	0.008645533141210375	0.008771929824561403	0.0	0.007936507936507936	0.0	0.0	0.0
dmw=13578	0.0018181818181818182	0.0	0.007352941176470588	0.012048192771084338	0.005780346820809248	0.0	0.0	0.0	0.012422360248447204	0.0	0.02197802197802198	0.0	0.0	0.017857142857142856	0.0	0.0	0.0
dmw=13586	0.0017241379310344827	0.008097165991902834	0.007142857142857143	0.00909090909090909	0.024691358024691357	0.0	0.0	0.0	0.00847457627118644	0.0	0.0	0.02564102564102564	0.0	0.0	0.0	0.0	0.0
dmw=13619	0.007698229407236336	0.005357142857142857	0.0029239766081871343	0.011278195488721804	0.009584664536741214	0.01694915254237288	0.012048192771084338	0.00558659217877095	0.0	0.0	0.006920415224913495	0.0	0.0	0.017241379310344827	0.0	0.0	0.0
dmw=13640	0.007625826131164209	0.006726457399103139	0.007272727272727273	0.011538461538461539	0.005172413793103448	0.005494505494505495	0.0026246719160104987	0.0	0.001953125	0.0	0.0028089887640449437	0.0	0.0	0.0	0.0	0.0	0.0
dmw=13657	0.007279344858962694	0.007978723404255319	0.0055248618784530384	0.0136986301369863	0.006600660066006601	0.020618556701030927	0.0	0.0	0.0	0.0	0.0	0.0	0.0	0.0	0.0	0.0	0.0
dmw=13666	0.008438818565400843	0.010526315789473684	0.0	0.0	0.0	0.0	0.0	0.0	0.0	0.0	0.0	0.0	0.0	0.0	0.0	0.0	0.0
dmw=13676	0.003669724770642202	0.005681818181818182	0.0	0.0	0.0	0.0	0.0	0.014285714285714285	0.0	0.0	0.0	0.0	0.0	0.0	0.2	0.0	0.0
dmw=13692	0.011461937716262976	0.012394366197183098	0.019837691614066726	0.01201923076923077	0.011794439764111205	0.007042253521126761	0.01452513966480447	0.011574074074074073	0.012947448591012947	0.03282275711159737	0.008333333333333333	0.014545454545454545	0.0	0.026058631921824105	0.0	0.02142857142857143	0.0
dmw=13693	0.0051813471502590676	0.01910828025477707	0.023529411764705882	0.0	0.024096385542168676	0.0	0.0	0.0	0.0	0.024390243902439025	0.0	0.0	0.0	0.0	0.0	0.0	0.0
dmw=13718	0.2958876629889669	0.25721153846153844	0.3116279069767442	0.22972972972972974	0.17391304347826086	0.22758620689655173	0.09848484848484848	0.23809523809523808	0.14957264957264957	0.26229508196721313	0.2698412698412698	0.24390243902439024	0.18181818181818182	0.22784810126582278	0.0	0.6428571428571429	0.0
dmw=13722	0.009513742071881607	0.00641025641025641	0.003816793893129771	0.0	0.0	0.011834319526627219	0.004694835680751174	0.03260869565217391	0.00949367088607595	0.010309278350515464	0.012578616352201259	0.0	0.012345679012345678	0.0	0.0	0.0	0.0
dmw=13745	0.010542168674698794	0.011869436201780416	0.015503875968992248	0.017391304347826087	0.0	0.0	0.0	0.0	0.012121212121212121	0.0	0.011111111111111112	0.015151515151515152	0.0	0.0	0.0	0.0	0.0
dmw=13763	0.006853582554517134	0.0037926675094816687	0.00847457627118644	0.010948905109489052	0.004032258064516129	0.0045045045045045045	0.005025125628140704	0.007246376811594203	0.013368983957219251	0.008928571428571428	0.007575757575757576	0.0	0.0	0.005714285714285714	0.0	0.0	0.0
dmw=13772	0.002702702702702703	0.003179650238473768	0.01092896174863388	0.008902077151335312	0.005714285714285714	0.030303030303030304	0.0136986301369863	0.005555555555555556	0.01744186046511628	0.007407407407407408	0.0	0.0	0.0	0.013157894736842105	0.0	0.0	0.0
dmw=13778	0.0058997050147492625	0.006993006993006993	0.0	0.011764705882352941	0.01694915254237288	0.0	0.0	0.0	0.0	0.045454545454545456	0.0	0.0	0.0	0.03571428571428571	0.0	0.0	0.0
dmw=13790	0.004273504273504274	0.0	0.008695652173913044	0.013157894736842105	0.0	0.0	0.013513513513513514	0.022727272727272728	0.008695652173913044	0.0	0.034482758620689655	0.0	0.0	0.03389830508474576	0.0	0.0	0.0
dmw=13806	0.004724409448818898	0.009287925696594427	0.007317073170731708	0.004694835680751174	0.00984251968503937	0.009389671361502348	0.003257328990228013	0.022857142857142857	0.0	0.0	0.006756756756756757	0.0	0.0	0.009852216748768473	0.0	0.023809523809523808	0.0
dmw=13808	0.17667044167610418	0.11538461538461539	0.5739644970414202	0.2318181818181818	0.8099173553719008	0.7901234567901234	0.8571428571428571	0.2	0.7473309608540926	0.6981132075471698	0.10606060606060606	0.8333333333333334	0.2564102564102564	0.896551724137931	0.75	0.2222222222222222	0.631578947368421
dmw=13809	0.14327485380116958	0.17197452229299362	0.15294117647058825	0.21621621621621623	0.1724137931034483	0.0967741935483871	0.018867924528301886	0.07407407407407407	0.1527777777777778	0.0967741935483871	0.16666666666666666	0.2857142857142857	0.42857142857142855	0.15789473684210525	1.0	0.0	0.0
dmw=13828	0.0059031877213695395	0.008113590263691683	0.0043859649122807015	0.0045662100456621	0.0045045045045045045	0.019230769230769232	0.0	0.0	0.0037593984962406013	0.0	0.0	0.0	0.014925373134328358	0.0	0.0	0.0	0.0
dmw=13832	0.348159509202454	0.44528301886792454	0.47183098591549294	0.5	0.4539877300613497	0.48314606741573035	0.48148148148148145	0.4444444444444444	0.5406976744186046	0.30952380952380953	0.42857142857142855	0.0	0.5384615384615384	0.49122807017543857	0.4444444444444444	0.19230769230769232	0.4166666666666667
dmw=13835	0.005082592121982211	0.040214477211796246	0.00872093023255814	0.0	0.003663003663003663	0.012345679012345678	0.011560693641618497	0.0	0.0	0.0	0.0	0.047619047619047616	0.0	0.0	0.0	0.0	0.045454545454545456
dmw=13844	0.0056144728633811605	0.008225616921269096	0.006430868167202572	0.02120141342756184	0.0066815144766146995	0.0	0.0	0.014084507042253521	0.0041928721174004195	0.0	0.0035714285714285713	0.0847457627118644	0.0	0.0	0.0	0.0	0.0
dmw=13863	0.0054005400540054005	0.005474452554744526	0.00684931506849315	0.005208333333333333	0.016901408450704224	0.0	0.0	0.005405405405405406	0.006097560975609756	0.020618556701030927	0.006644518272425249	0.012048192771084338	0.0	0.01639344262295082	0.0	0.0	0.0
dmw=13868	0.0790935347700511	0.06073446327683616	0.25508317929759705	0.0963096309630963	0.3910891089108911	0.4142335766423358	0.41037735849056606	0.042435424354243544	0.38168498168498166	0.15483870967741936	0.05946481665014866	0.13636363636363635	0.14977973568281938	0.4097938144329897	0.5517241379310345	0.4126984126984127	0.12418300653594772
dmw=13908	0.03590664272890485	0.06910569105691057	0.027777777777777776	0.012195121951219513	0.07547169811320754	0.046511627906976744	0.024691358024691357	0.08771929824561403	0.0594059405940594	0.0	0.02040816326530612	0.07692307692307693	0.0	0.02040816326530612	0.16666666666666666	0.0	0.06666666666666667
dmw=13925	0.004669260700389105	0.011705685618729096	0.0	0.0	0.0	0.007874015748031496	0.00423728813559322	0.007751937984496124	0.003745318352059925	0.030303030303030304	0.0049261083743842365	0.0	0.0	0.0	0.0	0.0	0.020833333333333332
dmw=13958	0.8431372549019608	0.8703703703703703	0.8633093525179856	0.8837209302325582	0.8617886178861789	0.7948717948717948	0.4387755102040816	0.8333333333333334	0.6982758620689655	0.3888888888888889	0.8369565217391305	1.0	0.7368421052631579	0.8285714285714286	1.0	1.0	0.8333333333333334
dmw=13983	0.0	0.03007518796992481	0.0	0.0	0.0	0.0	0.0	0.0	0.0	0.0	0.0	0.0	0.0	0.0	0.0	0.0	0.0
dmw=13984	0.007272727272727273	0.0017793594306049821	0.005865102639296188	0.0	0.0	0.010416666666666666	0.0	0.0	0.007067137809187279	0.0	0.004651162790697674	0.030303030303030304	0.03571428571428571	0.0	0.043478260869565216	0.0	0.02564102564102564
dmw=14007	0.3997879109225875	0.375736160188457	0.4044943820224719	0.3525423728813559	0.4363207547169811	0.4	0.3367088607594937	0.4470588235294118	0.324468085106383	0.21476510067114093	0.45993031358885017	0.43636363636363634	0.07017543859649122	0.375	0.0	0.4375	0.04878048780487805
dmw=14011	0.8095605242868157	0.7783985102420856	0.8322147651006712	0.7782101167315175	0.7454545454545455	0.8333333333333334	0.7391304347826086	0.8372093023255814	0.814935064935065	0.7384615384615385	0.8384615384615385	0.8913043478260869	0.8225806451612904	0.6989247311827957	0.9354838709677419	0.92	0.8478260869565217
dmw=14031	0.0040858018386108275	0.0033444816053511705	0.004273504273504274	0.0	0.010238907849829351	0.009708737864077669	0.0	0.008771929824561403	0.0	0.0	0.0	0.031746031746031744	0.0	0.0	0.0	0.0	0.0
dmw=14033	0.9103260869565217	0.8798882681564246	0.9661016949152542	0.9124087591240876	0.9569377990430622	1.0	0.9468085106382979	0.9425287356321839	0.915	1.0	0.8188976377952756	1.0	0.7777777777777778	0.9122807017543859	1.0	1.0	0.8571428571428571
dmw=14035	0.8859390363815143	0.8766355140186916	0.9704433497536946	0.8728813559322034	0.9083969465648855	0.7580645161290323	0.9260700389105059	0.9428571428571428	0.9338235294117647	0.5339366515837104	0.8418079096045198	0.0	0.972972972972973	0.9821428571428571	0.967741935483871	0.9591836734693877	0.8
dmw=14036	0.912472647702407	0.9042857142857142	0.9694989106753813	0.9135338345864662	0.9656862745098039	0.896969696969697	0.9565217391304348	0.9312977099236641	0.9260355029585798	0.8192771084337349	0.9312977099236641	0.9594594594594594	1.0	0.9595959595959596	0.9473684210526315	0.8648648648648649	0.8245614035087719
dmw=14037	0.23287307488050982	0.1913907284768212	0.24406047516198703	0.21583652618135377	0.2678733031674208	0.24807692307692308	0.1632208922742111	0.178117048346056	0.2521166509877705	0.23659305993690852	0.20991735537190082	0.33613445378151263	0.14772727272727273	0.1619047619047619	0.0	0.2857142857142857	0.0625
dmw=14038	0.0027266530334014998	0.0074487895716946	0.00847457627118644	0.008097165991902834	0.0	0.011428571428571429	0.0	0.017391304347826087	0.0	0.03773584905660377	0.0	0.0196078431372549	0.0	0.0	0.0	0.017241379310344827	0.0
dmw=14039	0.0021287919105907396	0.002976190476190476	0.0024691358024691358	0.0	0.007874015748031496	0.0	0.007263922518159807	0.020833333333333332	0.005291005291005291	0.0	0.01	0.012658227848101266	0.0	0.0	0.0	0.0	0.0
dmw=14040	0.13241484883275928	0.1617391304347826	0.1581196581196581	0.16666666666666666	0.18592964824120603	0.1419141914191419	0.15942028985507245	0.17424242424242425	0.1567043618739903	0.11842105263157894	0.13523131672597866	0.16770186335403728	0.13725490196078433	0.13333333333333333	0.1388888888888889	0.06666666666666667	0.14285714285714285
dmw=14041	0.003606202668589975	0.00395882818685669	0.00423728813559322	0.0017271157167530224	0.005625879043600563	0.011538461538461539	0.009074410163339383	0.002717391304347826	0.004934210526315789	0.0	0.0025974025974025974	0.0	0.017391304347826087	0.0	0.0	0.0	0.0
dmw=14042	0.006413418845584608	0.008771929824561403	0.0137221269296741	0.014563106796116505	0.0034965034965034965	0.008620689655172414	0.002188183807439825	0.0	0.009216589861751152	0.0	0.01557632398753894	0.016129032258064516	0.0	0.0070921985815602835	0.018867924528301886	0.025	0.0
dmw=14043	0.015280135823429542	0.023965141612200435	0.010723860589812333	0.0182370820668693	0.016683022571148183	0.012684989429175475	0.01371571072319202	0.0390625	0.0142602495543672	0.004291845493562232	0.018121911037891267	0.004291845493562232	0.02531645569620253	0.015209125475285171	0.05660377358490566	0.025210084033613446	0.01744186046511628
dmw=14044	0.40787221905305193	0.3645833333333333	0.3136729222520107	0.4157303370786517	0.39100346020761245	0.41596638655462187	0.3747276688453159	0.41517857142857145	0.31560283687943264	0.32298136645962733	0.32320441988950277	0.2962962962962963	0.5	0.4180790960451977	0.5185185185185185	0.09375	0.0
dmw=14045	0.7403474903474904	0.7401574803149606	0.7941176470588235	0.8340807174887892	0.7902439024390244	0.7087378640776699	0.7288135593220338	0.7857142857142857	0.7727272727272727	0.5806451612903226	0.7384615384615385	0.75	0.7254901960784313	0.7553191489361702	0.5	0.7704918032786885	0.5294117647058824
dmw=14046	0.7523324851569126	0.7417475728155339	0.7526881720430108	0.6020408163265306	0.7532467532467533	0.7674418604651163	0.704225352112676	0.7666666666666667	0.7571701720841301	0.7752808988764045	0.6323529411764706	0.8409090909090909	0.7692307692307693	0.6666666666666666	0.6956521739130435	0.7666666666666667	0.7391304347826086
dmw=14047	0.795045045045045	0.7775175644028103	0.7658227848101266	0.8737864077669902	0.8812785388127854	0.906832298136646	0.7966101694915254	0.8488372093023255	0.8726114649681529	0.8205128205128205	0.8536585365853658	0.5217391304347826	1.0	0.8850574712643678	1.0	0.8333333333333334	0.5
dmw=14048	0.8189277899343544	0.7817638266068759	0.8524229074889867	0.8186046511627907	0.8378378378378378	0.8548387096774194	0.7716346153846154	0.8906752411575563	0.8171206225680934	0.6546762589928058	0.7567567567567568	0.6875	0.7105263157894737	0.8791946308724832	0.926829268292683	0.7368421052631579	0.7402597402597403
dmw=14049	0.7706237424547284	0.7360824742268042	0.7953667953667953	0.7727272727272727	0.8011695906432749	0.8305084745762712	0.8041237113402062	0.7790697674418605	0.7628205128205128	0.7802197802197802	0.7177914110429447	0.5862068965517241	0.75	0.723404255319149	0.8125	0.7407407407407407	0.6666666666666666
dmw=14050	0.8336314847942755	0.8062015503875969	0.9069767441860465	0.9444444444444444	0.9102564102564102	0.8524590163934426	0.8796296296296297	0.921875	0.930379746835443	0.875	0.813953488372093	0.0	0.9333333333333333	0.8823529411764706	0.0	0.0	0.45454545454545453
dmw=14051	0.862730627306273	0.8516579406631762	0.8558951965065502	0.8746268656716418	0.8235294117647058	0.9186046511627907	0.8597402597402597	0.9103448275862069	0.8839050131926122	0.6887417218543046	0.7028571428571428	0.8108108108108109	0.627906976744186	0.8918918918918919	1.0	0.85	0.9
dmw=14052	0.9083619702176403	0.8947368421052632	0.9652173913043478	0.925531914893617	0.9375	0.9375	0.8717948717948718	0.9090909090909091	0.8898678414096917	0.984375	0.8141025641025641	0.88	0.8666666666666667	0.9230769230769231	1.0	1.0	0.6956521739130435
dmw=14053	0.8734246575342466	0.8421487603305785	0.8967032967032967	0.8647619047619047	0.9004524886877828	0.8531746031746031	0.8574821852731591	0.9034267912772586	0.8245243128964059	0.7604166666666666	0.8766519823788547	0.6363636363636364	1.0	0.9148936170212766	0.9069767441860465	0.9157894736842105	0.8
dmw=14054	0.9243515850144092	0.9229747675962815	0.9198966408268734	0.9759036144578314	0.9487870619946092	0.9459459459459459	0.9373134328358209	0.9216867469879518	0.9448051948051948	0.832	0.9377289377289377	0.875	0.96875	0.9487179487179487	0.9130434782608695	1.0	0.59375
dmw=14058	0.8221070811744386	0.7697916666666667	0.84	0.7804878048780488	0.8346153846153846	0.8099173553719008	0.7782101167315175	0.7818181818181819	0.8096153846153846	0.7419354838709677	0.690566037735849	0.8774193548387097	0.7391304347826086	0.81	0.896551724137931	0.0	0.6585365853658537
dmw=14059	0.8228043143297381	0.775438596491228	0.8244897959183674	0.8382352941176471	0.8164251207729468	0.8118811881188119	0.8296703296703297	0.8712121212121212	0.8498498498498499	0.8625	0.811965811965812	0.9272727272727272	0.8928571428571429	0.8380952380952381	0.0	0.9166666666666666	0.7352941176470589
dmw=14060	0.18835098335854766	0.12944162436548223	0.16151202749140894	0.1606425702811245	0.17959183673469387	0.18309859154929578	0.14691943127962084	0.24324324324324326	0.15835777126099707	0.19117647058823528	0.13440860215053763	0.19047619047619047	0.04	0.1782178217821782	0.2916666666666667	0.20833333333333334	0.038461538461538464
dmw=14061	0.009861932938856016	0.004788507581803671	0.007874015748031496	0.007556675062972292	0.017793594306049824	0.012345679012345678	0.009536784741144414	0.002364066193853428	0.0051813471502590676	0.003968253968253968	0.016548463356973995	0.0	0.005813953488372093	0.003257328990228013	0.0	0.0	0.0
dmw=14062	0.5415637860082304	0.46017699115044247	0.5166051660516605	0.5052816901408451	0.5625	0.5919732441471572	0.5044843049327354	0.5747126436781609	0.5007610350076104	0.42748091603053434	0.48411214953271026	0.4430379746835443	0.4247787610619469	0.5720720720720721	0.5882352941176471	0.5263157894736842	0.547945205479452
dmw=14067	0.9149855907780979	0.8890010090817356	0.9456521739130435	0.9379652605459057	0.9353562005277045	0.9180790960451978	0.9235537190082644	0.9065155807365439	0.9407051282051282	0.55	0.8535353535353535	0.9053254437869822	0.8387096774193549	0.9401197604790419	0.7391304347826086	0.9298245614035088	0.7719298245614035
dmw=14068	0.9044740024183797	0.8520408163265306	0.9325153374233128	0.9664429530201343	0.901060070671378	0.8787878787878788	0.9420289855072463	0.9223300970873787	0.8776978417266187	0.9305555555555556	0.9166666666666666	0.8	1.0	0.8518518518518519	1.0	0.0	0.92
dmw=14069	0.881768953068592	0.8663303909205549	0.93717277486911	0.8532731376975169	0.8936484490398818	0.9620253164556962	0.8531073446327684	0.8557692307692307	0.8881889763779528	0.8013698630136986	0.7790697674418605	0.8992805755395683	0.8793103448275862	0.9207317073170732	0.90625	0.9130434782608695	0.6585365853658537
dmw=14070	0.9102990033222591	0.9090909090909091	0.896551724137931	0.935251798561151	0.9754098360655737	0.8953488372093024	0.9714285714285714	0.9642857142857143	0.9224806201550387	0.7142857142857143	0.8840579710144928	0.8888888888888888	1.0	0.9259259259259259	0.0	0.0	0.6
dmw=14077	0.013561741613133477	0.008896797153024912	0.0	0.004608294930875576	0.007547169811320755	0.0	0.0	0.0	0.00936768149882904	0.0	0.004347826086956522	0.0	0.024390243902439025	0.0	0.0	0.0	0.0
dmw=14078	0.3713527851458886	0.3912248628884826	0.37549407114624506	0.39849624060150374	0.4112903225806452	0.39080459770114945	0.45390070921985815	0.32653061224489793	0.37184115523465705	0.3939393939393939	0.3615023474178404	0.4888888888888889	0.43243243243243246	0.42857142857142855	0.5714285714285714	0.35714285714285715	0.4827586206896552
dmw=14079	0.8701612903225806	0.833904109589041	0.8767908309455588	0.8883928571428571	0.8798586572438163	0.8650306748466258	0.9025974025974026	0.8055555555555556	0.8811188811188811	0.7704918032786885	0.9175257731958762	0.9375	0.8412698412698413	0.8641975308641975	0.8846153846153846	0.92	1.0
dmw=14080	0.3319402025397846	0.2840153899965023	0.2765814266487214	0.3651938683498647	0.32731648616125153	0.3007518796992481	0.3449296817172465	0.31946508172362553	0.3448078026391279	0.24235294117647058	0.3522222222222222	0.3792134831460674	0.35039370078740156	0.2694063926940639	0.3884297520661157	0.55	0.31875
dmw=14081	0.2605412208936438	0.25551232166018156	0.2795918367346939	0.27713625866050806	0.28841607565011823	0.22972972972972974	0.2994652406417112	0.256198347107438	0.24532224532224534	0.25	0.25125628140703515	0.29213483146067415	0.24390243902439024	0.2781954887218045	0.15789473684210525	0.3870967741935484	0.4
dmw=14082	0.09137769447047797	0.0967741935483871	0.1162227602905569	0.09355509355509356	0.12459546925566344	0.1288135593220339	0.10218978102189781	0.08	0.07017543859649122	0.15602836879432624	0.1040268456375839	0.12087912087912088	0.0963855421686747	0.09395973154362416	0.08823529411764706	0.125	0.10112359550561797
dmw=14083	0.3670886075949367	0.3669950738916256	0.4122137404580153	0.36771300448430494	0.4669421487603306	0.4144144144144144	0.34854771784232363	0.375	0.4473684210526316	0.02631578947368421	0.4632352941176471	0.7272727272727273	0.40625	0.373134328358209	0.4	0.36363636363636365	0.5303030303030303
dmw=14084	0.5266666666666666	0.5125	0.46808510638297873	0.5260115606936416	0.6017699115044248	0.45263157894736844	0.5686274509803921	0.625	0.5374449339207048	0.5056179775280899	0.5116279069767442	0.3770491803278688	0.4230769230769231	0.5	0.23076923076923078	0.3333333333333333	0.5263157894736842
dmw=14089	0.3143653004377238	0.2753888380603843	0.30425963488843816	0.26452905811623245	0.2847341337907376	0.25	0.24145299145299146	0.3237704918032787	0.335243553008596	0.2033898305084746	0.24677716390423574	0.3617021276595745	0.32710280373831774	0.4	0.42857142857142855	0.28125	0.21333333333333335
dmw=14091	0.8115419296663661	0.7980392156862746	0.8206896551724138	0.7621951219512195	0.8737864077669902	0.7763157894736842	0.8605769230769231	0.823076923076923	0.7934560327198364	0.8055555555555556	0.7802197802197802	0.875	0.75	0.7582417582417582	0.0	0.0	0.7692307692307693
dmw=14094	0.3607142857142857	0.35218508997429304	0.5909090909090909	0.39204545454545453	0.4959349593495935	0.6338028169014085	0.3617021276595745	0.5612244897959183	0.4	0.37681159420289856	0.2682926829268293	0.37735849056603776	0.45161290322580644	0.4264705882352941	0.5	0.7333333333333333	0.3333333333333333
dmw=14100	0.7838479809976246	0.788135593220339	0.868421052631579	0.8238341968911918	0.7859778597785978	0.8130841121495327	0.7252252252252253	0.8309859154929577	0.7840531561461794	0.7962962962962963	0.8076923076923077	0.8285714285714286	0.696969696969697	0.9032258064516129	0.9230769230769231	0.7727272727272727	0.8333333333333334
dmw=14101	0.03907380607814761	0.03407880724174654	0.1005586592178771	0.07160493827160494	0.1257606490872211	0.15204678362573099	0.09428571428571429	0.0391304347826087	0.11235955056179775	0.06299212598425197	0.07004830917874397	0.08823529411764706	0.0875	0.061855670103092786	0.25925925925925924	0.14285714285714285	0.24074074074074073
dmw=14111	0.8559892328398385	0.8171296296296297	0.8496732026143791	0.8582089552238806	0.9096774193548387	0.9484536082474226	0.8	0.8985507246376812	0.8062283737024222	0.8837209302325582	0.8208092485549133	0.8108108108108109	0.9333333333333333	0.8484848484848485	1.0	0.9230769230769231	0.6086956521739131
dmw=14112	0.8708333333333333	0.864	0.8577981651376146	0.875	0.8687258687258688	0.8513513513513513	0.8738461538461538	0.8939393939393939	0.8629441624365483	0.85	0.7942583732057417	0.8928571428571429	1.0	0.926829268292683	0.6	0.8888888888888888	0.7142857142857143
dmw=14117	0.010171646535282899	0.0015748031496062992	0.05970149253731343	0.023728813559322035	0.018779342723004695	0.047337278106508875	0.004962779156327543	0.028925619834710745	0.005305039787798408	0.05982905982905983	0.0035587188612099642	0.2463768115942029	0.02564102564102564	0.0390625	0.13636363636363635	0.1	0.09090909090909091
dmw=14118	0.9027777777777778	0.8731884057971014	0.9664804469273743	0.8846153846153846	0.9221311475409836	0.8947368421052632	0.9266666666666666	0.9148936170212766	0.8958333333333334	0.9666666666666667	0.8198198198198198	0.8611111111111112	1.0	1.0	1.0	0.0	0.8
dmw=14119	0.6040609137055838	0.5319148936170213	0.6621621621621622	0.6263736263736264	0.6136363636363636	0.62	0.6282051282051282	0.627906976744186	0.6320754716981132	0.5172413793103449	0.5538461538461539	0.75	0.75	0.47619047619047616	0.7692307692307693	0.6	0.6666666666666666
dmw=14120	0.009669621273166801	0.005714285714285714	0.009771986970684038	0.007905138339920948	0.0	0.0	0.0	0.05263157894736842	0.0027472527472527475	0.0	0.03773584905660377	0.0	0.0	0.0	0.0	0.0	0.0
dmw=14130	0.5894854586129754	0.546485260770975	0.5816326530612245	0.518348623853211	0.45414847161572053	0.5842696629213483	0.5039370078740157	0.5746268656716418	0.525	0.3125	0.5130434782608696	0.6428571428571429	0.6470588235294118	0.4230769230769231	0.5238095238095238	0.75	0.3333333333333333
dmw=14134	0.8653421633554084	0.8752886836027713	0.8443579766536965	0.9149797570850202	0.4473684210526316	0.9459459459459459	0.6055045871559633	0.9090909090909091	0.7307692307692307	0.7540983606557377	0.77	0.9076923076923077	0.8571428571428571	0.5909090909090909	0.0	0.9361702127659575	0.8666666666666667
dmw=14138	0.0	0.0	0.0	0.0	0.0	0.038461538461538464	0.015625	0.0	0.008849557522123894	0.0	0.0	0.0	0.0	0.0	0.0	0.0	0.0
dmw=14143	0.4730077120822622	0.48026315789473684	0.5252525252525253	0.592814371257485	0.2375	0.46601941747572817	0.023952095808383235	0.42424242424242425	0.15656565656565657	0.5670103092783505	0.45535714285714285	0.3333333333333333	0.55	0.4166666666666667	0.0	0.5454545454545454	0.8
dmw=14151	0.004574565416285453	0.003992015968063872	0.012539184952978056	0.004784688995215311	0.0031545741324921135	0.0	0.02413793103448276	0.013333333333333334	0.0	0.014598540145985401	0.0	0.0	0.0	0.0	0.0	0.0	0.0
dmw=14152	0.0	0.01948051948051948	0.0	0.0	0.0	0.0	0.015873015873015872	0.0	0.0	0.030303030303030304	0.0	0.0	0.0	0.0	0.0	0.0	0.0
dmw=14172	0.6507537688442211	0.585	0.7261904761904762	0.7368421052631579	0.4700854700854701	0.5849056603773585	0.4852941176470588	0.42857142857142855	0.3300970873786408	0.8	0.46808510638297873	0.6153846153846154	0.5384615384615384	0.2857142857142857	0.7272727272727273	0.9473684210526315	0.7142857142857143
dmw=14185	0.004830917874396135	0.0	0.012987012987012988	0.0	0.005208333333333333	0.023809523809523808	0.0	0.0	0.0	0.0	0.0	0.0	0.0	0.024390243902439025	0.0	0.0	0.0
dmw=14186	0.0038424591738712775	0.002544529262086514	0.0	0.007194244604316547	0.0	0.006711409395973154	0.012145748987854251	0.02654867256637168	0.0035587188612099642	0.0	0.0	0.0	0.0	0.0	0.0	0.0	0.0
dmw=14187	0.005136986301369863	0.007042253521126761	0.004866180048661801	0.0	0.003913894324853229	0.0	0.006172839506172839	0.0	0.010460251046025104	0.0	0.005479452054794521	0.0	0.0	0.00641025641025641	0.0	0.0	0.08
dmw=14196	0.42462311557788945	0.41475826972010177	0.38144329896907214	0.5337837837837838	0.38741721854304634	0.3764705882352941	0.3945578231292517	0.5287356321839081	0.4369747899159664	0.16666666666666666	0.41228070175438597	0.15384615384615385	0.71875	0.4166666666666667	0.3333333333333333	0.6176470588235294	0.0
dmw=14206	0.5262172284644194	0.5330396475770925	0.5232558139534884	0.5747126436781609	0.6296296296296297	0.62	0.5503875968992248	0.39285714285714285	0.5136986301369864	0.3870967741935484	0.5333333333333333	0.6086956521739131	0.5909090909090909	0.5869565217391305	0.5	0.5294117647058824	0.5
dmw=14216	0.4645669291338583	0.5178571428571429	0.4369747899159664	0.4857142857142857	0.5769230769230769	0.5161290322580645	0.6086956521739131	0.5531914893617021	0.46835443037974683	0.32142857142857145	0.36231884057971014	0.5	0.75	0.6551724137931034	0.0	0.25	0.75
dmw=14230	0.5175718849840255	0.5064516129032258	0.5099601593625498	0.5942028985507246	0.5573770491803278	0.5752688172043011	0.4608433734939759	0.5620437956204379	0.6178010471204188	0.4639175257731959	0.48148148148148145	0.7692307692307693	0.6363636363636364	0.5037593984962406	1.0	0.48148148148148145	0.16129032258064516
dmw=14231	0.5606986899563319	0.6113445378151261	0.5581395348837209	0.6748971193415638	0.6546052631578947	0.752	0.5620437956204379	0.593939393939394	0.4867469879518072	0.5104166666666666	0.48756218905472637	0.611764705882353	0.43902439024390244	0.6330935251798561	0.9	0.6470588235294118	0.48
dmw=14232	0.3285351397121084	0.35365853658536583	0.3076923076923077	0.2780487804878049	0.3824451410658307	0.4188034188034188	0.37339055793991416	0.3299492385786802	0.28955223880597014	0.34523809523809523	0.3880597014925373	0.4782608695652174	0.358974358974359	0.35	0.26666666666666666	0.2857142857142857	0.2857142857142857
dmw=14233	0.7444876783398184	0.7116736990154712	0.8059701492537313	0.7654986522911051	0.7789757412398922	0.7736842105263158	0.715625	0.7734375	0.7431192660550459	0.6859504132231405	0.7879858657243817	0.8909090909090909	0.8	0.8027210884353742	1.0	0.7916666666666666	0.8913043478260869
dmw=14234	0.7262723521320495	0.7289293849658315	0.8340425531914893	0.8081395348837209	0.825531914893617	0.8813559322033898	0.8050541516245487	0.7536231884057971	0.7233201581027668	0.7032967032967034	0.6981981981981982	0.8846153846153846	0.6206896551724138	0.8775510204081632	0.7692307692307693	0.6	0.76
dmw=14235	0.006644518272425249	0.00792507204610951	0.015463917525773196	0.016877637130801686	0.005917159763313609	0.004282655246252677	0.005567928730512249	0.008791208791208791	0.006711409395973154	0.004761904761904762	0.0017331022530329288	0.0	0.0	0.0	0.0	0.0	0.0
dmw=14236	0.4670138888888889	0.4305835010060362	0.6008064516129032	0.5421686746987951	0.504950495049505	0.5760869565217391	0.3446601941747573	0.5221238938053098	0.42032967032967034	0.42105263157894735	0.38125	0.5606060606060606	0.4864864864864865	0.3950617283950617	0.6666666666666666	0.7096774193548387	0.6470588235294118
dmw=14237	0.7891348088531187	0.7602389078498294	0.7972789115646258	0.7614840989399293	0.8156748911465893	0.7665505226480837	0.7973856209150327	0.7847222222222222	0.7770177838577291	0.6917293233082706	0.7175043327556326	0.8370786516853933	0.6538461538461539	0.7951807228915663	0.8125	0.78125	0.6811594202898551
dmw=14238	0.8370726495726496	0.7767332549941246	0.8238636363636364	0.8471502590673575	0.8152380952380952	0.8857142857142857	0.8467741935483871	0.839622641509434	0.8244406196213425	0.7581699346405228	0.7948717948717948	0.8888888888888888	0.9215686274509803	0.8865979381443299	0.8181818181818182	0.9047619047619048	0.8181818181818182
dmw=14239	0.8260869565217391	0.8662162162162163	0.8097826086956522	0.8556701030927835	0.9169054441260746	0.8656716417910447	0.898936170212766	0.9034090909090909	0.8096234309623431	0.5789473684210527	0.8033707865168539	0.9166666666666666	0.8805970149253731	0.8994082840236687	1.0	0.9393939393939394	0.8076923076923077
dmw=14240	0.5267011197243755	0.5306532663316583	0.5555555555555556	0.5611650485436893	0.5696	0.6222910216718266	0.5179153094462541	0.5857605177993528	0.5444947209653092	0.5357142857142857	0.5102639296187683	0.656	0.5119047619047619	0.5347593582887701	0.6470588235294118	0.5128205128205128	0.48484848484848486
dmw=14241	0.7670126874279123	0.7573333333333333	0.7703349282296651	0.7037037037037037	0.8154506437768241	0.8169014084507042	0.7956521739130434	0.8227848101265823	0.8339100346020761	0.7319587628865979	0.7094972067039106	0.7272727272727273	1.0	0.75	0.8461538461538461	0.5652173913043478	0.6666666666666666
dmw=14242	0.7343837929093978	0.7429274292742928	0.8387096774193549	0.7287234042553191	0.7977777777777778	0.8369565217391305	0.7456521739130435	0.7320261437908496	0.7036247334754797	0.7936507936507936	0.6937269372693727	0.8392857142857143	0.5208333333333334	0.8768115942028986	0.864406779661017	0.7903225806451613	0.8
dmw=14243	0.490041928721174	0.4248633879781421	0.4753623188405797	0.4784394250513347	0.4772234273318872	0.47752808988764045	0.43070362473347545	0.34285714285714286	0.27241379310344827	0.1384083044982699	0.41233766233766234	0.6792452830188679	0.06722689075630252	0.4896551724137931	1.0	0.4166666666666667	0.7317073170731707
dmw=14246	0.013425725422260719	0.014207149404216315	0.01984469370146678	0.011976047904191617	0.024271844660194174	0.01910828025477707	0.017727639000805803	0.01386748844375963	0.014094432699083862	0.014619883040935672	0.008045977011494253	0.01293103448275862	0.0	0.009404388714733543	0.0	0.009523809523809525	0.017094017094017096
dmw=14247	0.3465346534653465	0.4365079365079365	0.43137254901960786	0.4016393442622951	0.35294117647058826	0.23076923076923078	0.4010989010989011	0.4897959183673469	0.24603174603174602	0.27692307692307694	0.2839506172839506	0.5294117647058824	0.4074074074074074	0.3026315789473684	0.0	0.9411764705882353	0.038461538461538464
dmw=14248	0.47448275862068967	0.47956403269754766	0.4709480122324159	0.41794871794871796	0.542713567839196	0.4120603015075377	0.5488721804511278	0.42790697674418604	0.4719387755102041	0.37037037037037035	0.4542857142857143	0.5384615384615384	0.625	0.5132743362831859	0.6296296296296297	0.4722222222222222	0.5454545454545454
dmw=14249	0.687392055267703	0.6593264248704663	0.7831715210355987	0.75	0.740495867768595	0.7330677290836654	0.7576923076923077	0.7106598984771574	0.6960985626283368	0.5365853658536586	0.5702479338842975	0.6282051282051282	0.86	0.7819548872180451	0.8571428571428571	0.9130434782608695	0.6666666666666666
dmw=14250	0.6262886597938144	0.5630630630630631	0.6938775510204082	0.5985915492957746	0.7209821428571429	0.5252525252525253	0.5980392156862745	0.5887096774193549	0.5	0.4065934065934066	0.5769230769230769	0.82	0.3	0.6515151515151515	0.3333333333333333	0.5	0.2608695652173913
dmw=14251	0.13667117726657646	0.031791907514450865	0.0391304347826087	0.10919540229885058	0.061855670103092786	0.0	0.10679611650485436	0.37755102040816324	0.10967741935483871	0.0	0.09219858156028368	0.0	0.47619047619047616	0.3469387755102041	0.0	0.05555555555555555	0.0
dmw=14252	0.39696699375557537	0.5794573643410853	0.4894894894894895	0.538961038961039	0.6584615384615384	0.3969849246231156	0.4331983805668016	0.5359477124183006	0.37343358395989973	0.35555555555555557	0.45263157894736844	0.676923076923077	0.2	0.6595744680851063	0.8571428571428571	0.0	0.2
dmw=14253	0.7170868347338936	0.6907131011608624	0.694136291600634	0.7133333333333334	0.7435897435897436	0.7601626016260162	0.6883259911894273	0.8070739549839229	0.6888888888888889	0.5019455252918288	0.6017441860465116	0.5932203389830508	0.6204379562043796	0.681592039800995	0.7176470588235294	0.8461538461538461	0.7126436781609196
dmw=14254	0.7149674620390456	0.6790865384615384	0.6259259259259259	0.6598984771573604	0.6593886462882096	0.671875	0.7645390070921986	0.8373983739837398	0.6354679802955665	0.4657534246575342	0.6118421052631579	0.6349206349206349	0.4175824175824176	0.7010309278350515	0.8809523809523809	0.7192982456140351	0.7796610169491526
dmw=14255	0.584375	0.6113074204946997	0.7094339622641509	0.625	0.7071005917159763	0.5149253731343284	0.5668016194331984	0.6865671641791045	0.5267175572519084	0.6304347826086957	0.5125628140703518	0.5555555555555556	0.2972972972972973	0.6	0.75	1.0	0.8235294117647058
dmw=14256	0.4771922054915855	0.4807574832009774	0.4809384164222874	0.5159090909090909	0.5583913379737045	0.5414847161572053	0.5543259557344065	0.6406844106463878	0.4434713375796178	0.3787878787878788	0.5192307692307693	0.6910112359550562	0.35384615384615387	0.5204359673024523	0.5365853658536586	0.6335877862595419	0.5714285714285714
dmw=14257	0.4257602862254025	0.49641025641025643	0.4211618257261411	0.41509433962264153	0.46794871794871795	0.5320754716981132	0.2277992277992278	0.48616600790513836	0.4401805869074492	0.31746031746031744	0.3435114503816794	0.30612244897959184	0.11764705882352941	0.5059523809523809	0.3333333333333333	0.13793103448275862	0.4492753623188406
dmw=14258	0.7124060150375939	0.7309322033898306	0.7483443708609272	0.7154471544715447	0.6706827309236948	0.7338129496402878	0.6749116607773852	0.6325301204819277	0.6732186732186732	0.4925373134328358	0.6	0.7647058823529411	0.5294117647058824	0.5833333333333334	0.6666666666666666	0.7692307692307693	0.6875
dmw=14259	0.6510416666666666	0.6511299435028248	0.6214689265536724	0.7136752136752137	0.6615384615384615	0.7183098591549296	0.6382252559726962	0.6934306569343066	0.6034188034188034	0.527027027027027	0.3992673992673993	0.673469387755102	0.8148148148148148	0.4507042253521127	0.8	0.5903614457831325	0.5753424657534246
dmw=14260	0.6050331125827815	0.5659509202453987	0.5558882235528942	0.679372197309417	0.6557177615571776	0.542016806722689	0.6584234930448223	0.6678635547576302	0.6288167938931297	0.5977777777777777	0.564327485380117	0.7861271676300579	0.48951048951048953	0.5925110132158591	0.524822695035461	0.578125	0.6551724137931034
dmw=14261	0.5298311444652908	0.5954664341761116	0.5602649006622517	0.5851318944844125	0.536036036036036	0.5732484076433121	0.5924895688456189	0.6789667896678967	0.5411061285500748	0.496551724137931	0.4144144144144144	0.718562874251497	0.23809523809523808	0.6477732793522267	0.6491228070175439	0.6413043478260869	0.5826086956521739
dmw=14262	0.6997863247863247	0.729235880398671	0.8026905829596412	0.6580645161290323	0.7045454545454546	0.6129032258064516	0.7366771159874608	0.7738095238095238	0.6263736263736264	0.8390804597701149	0.5230769230769231	0.9	0.5142857142857142	0.704225352112676	0.6666666666666666	0.75	0.8035714285714286
dmw=14263	0.7144628099173553	0.6823308270676691	0.6450304259634888	0.7313131313131314	0.6461538461538462	0.710455764075067	0.74375	0.7688679245283019	0.6482558139534884	0.5714285714285714	0.5945273631840796	0.6518987341772152	0.5463917525773195	0.6339869281045751	0.9545454545454546	0.6857142857142857	0.8947368421052632
dmw=14264	0.6046132971506106	0.7336448598130841	0.6758620689655173	0.6444759206798867	0.6154661016949152	0.5663082437275986	0.6252796420581656	0.6094527363184079	0.5870236869207003	0.46938775510204084	0.5059288537549407	0.6288659793814433	0.42857142857142855	0.601957585644372	0.5194805194805194	0.5	0.5298507462686567
dmw=14265	0.6632302405498282	0.6625258799171843	0.6530612244897959	0.6733668341708543	0.6439393939393939	0.6788321167883211	0.5819672131147541	0.48	0.5884476534296029	0.6067415730337079	0.5641025641025641	0.5714285714285714	0.7407407407407407	0.5096153846153846	0.9333333333333333	0.48148148148148145	0.7307692307692307
dmw=14266	0.36380255941499084	0.3901345291479821	0.3780487804878049	0.48623853211009177	0.3413897280966767	0.37272727272727274	0.3395638629283489	0.32142857142857145	0.22857142857142856	0.4943820224719101	0.38823529411764707	0.5952380952380952	0.3333333333333333	0.4766355140186916	0.7083333333333334	0.7083333333333334	0.0
dmw=14267	0.6118881118881119	0.5276073619631901	0.6371681415929203	0.6136363636363636	0.6084656084656085	0.6166666666666667	0.5897435897435898	0.6702127659574468	0.5510204081632653	0.5957446808510638	0.5789473684210527	0.4117647058823529	0.6896551724137931	0.48484848484848486	0.56	0.7894736842105263	0.6
dmw=14268	0.7627511591962906	0.7909090909090909	0.7597173144876325	0.7198275862068966	0.8552631578947368	0.7839195979899497	0.8065693430656934	0.8066666666666666	0.7598566308243727	0.4945054945054945	0.653179190751445	0.8181818181818182	0.7209302325581395	0.7543859649122807	0.8518518518518519	0.8913043478260869	0.8285714285714286
dmw=14269	0.732133676092545	0.7369668246445498	0.7757009345794392	0.7011494252873564	0.7051070840197694	0.7746478873239436	0.7201834862385321	0.7910447761194029	0.6813031161473088	0.611353711790393	0.6076923076923076	0.6864406779661016	0.6153846153846154	0.7006802721088435	1.0	0.4482758620689655	0.6724137931034483
dmw=14270	0.7625	0.76	0.8277511961722488	0.7916666666666666	0.8247863247863247	0.8099173553719008	0.7906976744186046	0.8660714285714286	0.7890625	0.5813953488372093	0.7795698924731183	0.7875	0.8666666666666667	0.8285714285714286	0.8823529411764706	0.8	0.7692307692307693
dmw=14271	0.43713904931141717	0.5186862967157417	0.49188311688311687	0.4432	0.5134575569358178	0.5560747663551402	0.4908485856905158	0.5647382920110193	0.4857444561774023	0.28879310344827586	0.49700598802395207	0.5517241379310345	0.3	0.6666666666666666	0.3404255319148936	0.6875	0.8037383177570093
dmw=14272	0.22578616352201258	0.22862453531598512	0.5148148148148148	0.2784503631961259	0.43859649122807015	0.3333333333333333	0.3081081081081081	0.17142857142857143	0.3957894736842105	0.2692307692307692	0.16544117647058823	0.48717948717948717	0.26	0.2916666666666667	0.7142857142857143	0.36507936507936506	0.3829787234042553
dmw=14273	0.76110884631064	0.742831541218638	0.817016317016317	0.7336448598130841	0.7847953216374269	0.8142857142857143	0.7722371967654986	0.7918367346938775	0.7697368421052632	0.7211538461538461	0.7733887733887734	0.9130434782608695	0.7297297297297297	0.7254901960784313	0.9285714285714286	0.780952380952381	0.6813186813186813
dmw=14274	0.4369369369369369	0.3908355795148248	0.5026178010471204	0.36129032258064514	0.43425076452599387	0.5537190082644629	0.4375	0.5504587155963303	0.3418181818181818	0.36	0.296875	0.6060606060606061	0.42424242424242425	0.5111111111111111	0.0	0.696969696969697	0.5454545454545454
dmw=14275	0.15274949083503056	0.1391304347826087	0.16153846153846155	0.1965065502183406	0.1162079510703364	0.08247422680412371	0.15789473684210525	0.12403100775193798	0.0914826498422713	0.08	0.14285714285714285	0.17647058823529413	0.09722222222222222	0.05714285714285714	0.24	0.14285714285714285	0.11764705882352941
dmw=14276	0.019094548814290114	0.012573344509639563	0.010165184243964422	0.012547051442910916	0.007326007326007326	0.016	0.004489337822671156	0.02109704641350211	0.010999083409715857	0.005208333333333333	0.006944444444444444	0.0036900369003690036	0.012422360248447204	0.005154639175257732	0.0	0.0	0.0
dmw=14277	0.25868725868725867	0.27735368956743	0.2648648648648649	0.32934131736526945	0.14893617021276595	0.11702127659574468	0.36	0.41605839416058393	0.1875	0.2909090909090909	0.39869281045751637	0.48	0.07142857142857142	0.23076923076923078	0.0	0.0	0.35714285714285715
dmw=14278	0.6518020769700672	0.6130030959752322	0.6897590361445783	0.7053140096618358	0.6291390728476821	0.7455621301775148	0.6081871345029239	0.7065868263473054	0.6468531468531469	0.5981308411214953	0.6135593220338983	0.8301886792452831	0.35	0.7857142857142857	0.9411764705882353	0.775	0.5952380952380952
dmw=14279	0.5706851691240243	0.6203703703703703	0.5865724381625441	0.6195652173913043	0.5770308123249299	0.6239316239316239	0.6666666666666666	0.5230769230769231	0.5804749340369393	0.48	0.5439330543933054	0.8073394495412844	0.42857142857142855	0.6385542168674698	1.0	0.56	0.6060606060606061
dmw=14280	0.7929421768707483	0.8176470588235294	0.7301980198019802	0.8422273781902552	0.853195164075993	0.8760806916426513	0.8148893360160966	0.8571428571428571	0.8213256484149856	0.6686746987951807	0.7237851662404092	0.9516129032258065	0.8721804511278195	0.6877323420074349	0.84375	0.8888888888888888	0.5660377358490566
dmw=14281	0.7952851098126134	0.7759562841530054	0.7620865139949109	0.8842105263157894	0.8356275303643724	0.7992766726943942	0.801980198019802	0.7988614800759013	0.8535885167464115	0.6945107398568019	0.7411095305832148	0.7935779816513762	0.8153846153846154	0.8534704370179949	0.9523809523809523	0.8771929824561403	0.6866666666666666
dmw=14282	0.6559873949579832	0.6895787139689579	0.6833333333333333	0.679372197309417	0.5766590389016019	0.7466666666666667	0.6020833333333333	0.7557603686635944	0.5967413441955194	0.4790697674418605	0.5248868778280543	0.611764705882353	0.6	0.7127659574468085	0.56	0.6666666666666666	0.34285714285714286
dmw=14283	0.2098404255319149	0.27137546468401486	0.17408906882591094	0.22250639386189258	0.3173708920187793	0.2767175572519084	0.2218458933107536	0.2405857740585774	0.20739549839228297	0.1368909512761021	0.1896792189679219	0.33774834437086093	0.08888888888888889	0.20943952802359883	0.14814814814814814	0.358974358974359	0.2606060606060606
dmw=14284	0.19128540305010894	0.20859538784067086	0.24469820554649266	0.2011173184357542	0.2111801242236025	0.26506024096385544	0.23030303030303031	0.09424083769633508	0.16983240223463686	0.06111111111111111	0.15419501133786848	0.2807017543859649	0.25	0.1503267973856209	0.16666666666666666	0.0	0.14285714285714285
dmw=14285	0.2736900780379041	0.31851851851851853	0.41114058355437666	0.36764705882352944	0.3286573146292585	0.42962962962962964	0.3245382585751979	0.29918032786885246	0.2739495798319328	0.2616822429906542	0.30303030303030304	0.38028169014084506	0.3135593220338983	0.20909090909090908	0.6444444444444445	0.25	0.25
dmw=14286	0.3938640132669983	0.4029574861367837	0.4748743718592965	0.44363636363636366	0.48086124401913877	0.44	0.5378151260504201	0.3333333333333333	0.35858585858585856	0.1782178217821782	0.3244444444444444	0.6266666666666667	0.5074626865671642	0.6458333333333334	0.0	0.8431372549019608	0.12121212121212122
dmw=14287	0.03614457831325301	0.05307855626326964	0.07032967032967033	0.06666666666666667	0.10762331838565023	0.0970873786407767	0.0589622641509434	0.030120481927710843	0.050734312416555405	0.08695652173913043	0.028077753779697623	0.06962025316455696	0.05813953488372093	0.06280193236714976	0.12903225806451613	0.0	0.02857142857142857
dmw=14288	0.6284488044144696	0.6061046511627907	0.6058394160583942	0.6368876080691642	0.6195426195426196	0.6292134831460674	0.6092896174863388	0.5707762557077626	0.5057034220532319	0.525	0.5	0.7285714285714285	0.7	0.5845070422535211	0.22727272727272727	0.5	0.6935483870967742
dmw=14289	0.024427480916030534	0.036885245901639344	0.02569593147751606	0.01818181818181818	0.022068965517241378	0.008888888888888889	0.030592734225621414	0.07428571428571429	0.01981981981981982	0.03164556962025317	0.013377926421404682	0.04285714285714286	0.005813953488372093	0.023529411764705882	0.08695652173913043	0.0	0.0
dmw=14290	0.06127167630057803	0.04415954415954416	0.08469055374592833	0.05460750853242321	0.03547297297297297	0.05803571428571429	0.03398058252427184	0.05909090909090909	0.046357615894039736	0.07086614173228346	0.07211538461538461	0.06756756756756757	0.025974025974025976	0.07142857142857142	0.0	0.05	0.0
dmw=14291	0.19633699633699633	0.14757709251101322	0.18450184501845018	0.15671641791044777	0.18421052631578946	0.1875	0.225	0.12631578947368421	0.1278409090909091	0.10714285714285714	0.07894736842105263	0.15517241379310345	0.03571428571428571	0.2714285714285714	0.25	0.1724137931034483	0.14814814814814814
dmw=14292	0.3639808032331397	0.395610278372591	0.356718192627824	0.45300261096605743	0.37357830271216097	0.38934426229508196	0.4250258531540848	0.44258872651356995	0.3665377176015474	0.31555555555555553	0.37161084529505584	0.4385245901639344	0.46853146853146854	0.3248587570621469	0.6666666666666666	0.4175824175824176	0.5142857142857142
dmw=14293	0.8060057197330791	0.8205128205128205	0.7311111111111112	0.7944664031620553	0.8311688311688312	0.8120300751879699	0.8367952522255193	0.7723214285714286	0.7717041800643086	0.7391304347826086	0.7626459143968871	0.7962962962962963	0.9036144578313253	0.879746835443038	0.6	0.8840579710144928	0.7941176470588235
dmw=14294	0.6783954961294862	0.6857344632768362	0.6829268292682927	0.7131782945736435	0.6953467954345918	0.7097242380261248	0.7069988137603797	0.6937354988399071	0.6802168021680217	0.5897435897435898	0.6951566951566952	0.8280254777070064	0.7445255474452555	0.7036144578313253	0.9	0.6666666666666666	0.6510067114093959
dmw=14295	0.7252747252747253	0.7618048268625394	0.8380462724935732	0.7582938388625592	0.7388888888888889	0.8465346534653465	0.774859287054409	0.8700564971751412	0.6720588235294118	0.7177914110429447	0.6666666666666666	0.8623853211009175	0.5656565656565656	0.5555555555555556	0.7741935483870968	0.9230769230769231	0.5652173913043478
dmw=14296	0.6003827751196172	0.6097670250896058	0.6578947368421053	0.686858316221766	0.6054913294797688	0.6201117318435754	0.5682041216879293	0.612094395280236	0.5682605682605683	0.5354330708661418	0.5278969957081545	0.6702898550724637	0.4784688995215311	0.6062992125984252	0.625	0.6382978723404256	0.6206896551724138
dmw=14297	0.5769445998880806	0.5531088082901554	0.6173469387755102	0.6130952380952381	0.6514084507042254	0.73125	0.5686274509803921	0.6844444444444444	0.506872852233677	0.574468085106383	0.4815950920245399	0.8888888888888888	0.5064102564102564	0.5662100456621004	0.2222222222222222	0.5151515151515151	0.9
dmw=14299	0.35273243435060325	0.31462925851703405	0.26461538461538464	0.3709677419354839	0.3	0.47513812154696133	0.36936936936936937	0.05714285714285714	0.16842105263157894	0.28378378378378377	0.22264150943396227	0.5365853658536586	0.1590909090909091	0.33620689655172414	0.18604651162790697	0.15	0.2222222222222222
dmw=14300	0.4460400348128808	0.5426621160409556	0.516994633273703	0.4852941176470588	0.4195933456561922	0.4973544973544973	0.4470842332613391	0.47337278106508873	0.4583333333333333	0.5	0.42761692650334077	0.6153846153846154	0.25	0.2822085889570552	0.4090909090909091	0.8947368421052632	0.5454545454545454
dmw=14301	0.5460199004975125	0.5359281437125748	0.6061776061776062	0.5900383141762452	0.6804511278195489	0.6310679611650486	0.5439330543933054	0.6347305389221557	0.5658914728682171	0.47674418604651164	0.4240506329113924	0.6226415094339622	0.2727272727272727	0.875	0.375	0.875	0.23076923076923078
dmw=14302	0.45771399282419273	0.45100671140939597	0.46731234866828086	0.42946058091286304	0.4	0.45664739884393063	0.4087912087912088	0.4752475247524752	0.4294478527607362	0.42424242424242425	0.3819444444444444	0.43617021276595747	0.35714285714285715	0.48427672955974843	0.4642857142857143	0.6666666666666666	0.3870967741935484
dmw=14303	0.4254835039817975	0.5155807365439093	0.38910505836575876	0.4536082474226804	0.5042016806722689	0.29927007299270075	0.44075829383886256	0.30864197530864196	0.40963855421686746	0.4380952380952381	0.48412698412698413	0.3235294117647059	0.375	0.4594594594594595	0.8823529411764706	0.3	0.1875
dmw=14304	0.33575978161965425	0.34074074074074073	0.4132029339853301	0.31203007518796994	0.3593429158110883	0.3333333333333333	0.38114754098360654	0.4657534246575342	0.3442622950819672	0.24242424242424243	0.3383084577114428	0.46296296296296297	0.3225806451612903	0.3592814371257485	0.25	0.46153846153846156	0.2692307692307692
dmw=14305	0.5826693227091634	0.5667244367417678	0.5821917808219178	0.5384615384615384	0.5751295336787565	0.5526315789473685	0.5081081081081081	0.5190839694656488	0.584070796460177	0.6147540983606558	0.5283018867924528	0.6190476190476191	0.4857142857142857	0.6476190476190476	1.0	0.5714285714285714	0.625
dmw=14306	0.5848656294200849	0.5759398496240602	0.6294820717131474	0.5062240663900415	0.5444234404536862	0.6111111111111112	0.5420875420875421	0.636986301369863	0.46629213483146065	0.6382978723404256	0.40145985401459855	0.7592592592592593	0.5769230769230769	0.5743243243243243	0.75	0.55	0.5
dmw=14307	0.28393524283935245	0.33359497645211933	0.3582554517133956	0.37425149700598803	0.3530239099859353	0.29508196721311475	0.3333333333333333	0.2442528735632184	0.26875852660300137	0.27702702702702703	0.21882951653944022	0.5068493150684932	0.3	0.3626760563380282	0.5671641791044776	0.14814814814814814	0.425531914893617
dmw=14308	0.4131551901336074	0.4025423728813559	0.4724770642201835	0.5120967741935484	0.42337662337662335	0.42483660130718953	0.41823899371069184	0.5434782608695652	0.3852140077821012	0.42028985507246375	0.4578313253012048	0.625	0.5161290322580645	0.46788990825688076	0.5714285714285714	0.48717948717948717	0.38095238095238093
dmw=14309	0.29309090909090907	0.3339382940108893	0.34421364985163205	0.35753176043557167	0.37611607142857145	0.3365617433414044	0.3279569892473118	0.31153846153846154	0.3105134474327628	0.23622047244094488	0.298728813559322	0.449438202247191	0.21374045801526717	0.4342105263157895	0.65	0.37681159420289856	0.4583333333333333
dmw=14310	0.3852411388727484	0.378978978978979	0.38071065989847713	0.3685950413223141	0.3073394495412844	0.4004739336492891	0.3412112259970458	0.37464788732394366	0.32786885245901637	0.375886524822695	0.2524850894632207	0.4311111111111111	0.3037974683544304	0.36936936936936937	0.4224137931034483	0.1935483870967742	0.2948717948717949
dmw=14311	0.5803368229403733	0.5625	0.563150074294205	0.5655339805825242	0.5773333333333334	0.5769230769230769	0.554093567251462	0.5387096774193548	0.5772558714462299	0.45263157894736844	0.4429223744292237	0.6190476190476191	0.5480769230769231	0.5887445887445888	0.7142857142857143	0.4857142857142857	0.5641025641025641
dmw=14312	0.4196527521241226	0.48806584362139915	0.5518453427065027	0.44756277695716395	0.4980694980694981	0.37604456824512533	0.500651890482399	0.47058823529411764	0.4416058394160584	0.3185483870967742	0.3643122676579926	0.3923076923076923	0.44	0.41924398625429554	0.2916666666666667	0.6842105263157895	0.45
dmw=14313	0.32108661767980406	0.32136105860113423	0.37068239258635216	0.3732227488151659	0.39913854989231873	0.3525423728813559	0.3127413127413127	0.40588235294117647	0.2669836956521739	0.215311004784689	0.26077348066298345	0.5473684210526316	0.43137254901960786	0.3972222222222222	0.5660377358490566	0.55	0.27972027972027974
dmw=14314	0.48681790312691603	0.4611973392461197	0.5396341463414634	0.46851385390428213	0.6090225563909775	0.5163934426229508	0.48123620309050774	0.5634517766497462	0.5107438016528926	0.4339622641509434	0.49818181818181817	0.5694444444444444	0.7319587628865979	0.562992125984252	0.9090909090909091	0.08333333333333333	0.0
dmw=14315	0.6757090012330457	0.7286821705426356	0.717948717948718	0.7297297297297297	0.7748917748917749	0.7448979591836735	0.6858407079646017	0.6907216494845361	0.6573705179282868	0.34782608695652173	0.5569620253164557	0.6212121212121212	0.5172413793103449	0.7906976744186046	1.0	1.0	0.5
dmw=14316	0.8246784182944259	0.8275154004106776	0.9026315789473685	0.8351648351648352	0.8736559139784946	0.8503937007874016	0.885286783042394	0.8986486486486487	0.8979206049149339	0.6701030927835051	0.8035714285714286	0.8913043478260869	0.8947368421052632	0.8370786516853933	0.875	0.9230769230769231	0.8888888888888888
dmw=14317	0.927663734115347	0.8893203883495145	0.9202127659574468	0.9433962264150944	0.9315960912052117	0.9254658385093167	0.8701923076923077	0.9416058394160584	0.9028776978417267	0.8382352941176471	0.8990825688073395	0.9464285714285714	0.8157894736842105	0.9154929577464789	0.8888888888888888	0.8947368421052632	0.8260869565217391
dmw=14319	0.4937523665278304	0.5416666666666666	0.5660881174899867	0.453448275862069	0.5673575129533679	0.5807365439093485	0.47299077733860345	0.3930635838150289	0.33851674641148327	0.44751381215469616	0.47638603696098564	0.5866666666666667	0.5625	0.5706214689265536	0.5588235294117647	0.4117647058823529	0.5454545454545454
dmw=14320	0.007993605115907274	0.0	0.013927576601671309	0.00816326530612245	0.004901960784313725	0.0	0.026415094339622643	0.010309278350515464	0.012084592145015106	0.01910828025477707	0.004329004329004329	0.0	0.014492753623188406	0.0	0.0	0.0	0.0
dmw=14321	0.5797933409873708	0.5743707093821511	0.7578947368421053	0.6010362694300518	0.5608465608465608	0.59	0.6153846153846154	0.7457627118644068	0.5934959349593496	0.6373626373626373	0.6291390728476821	0.7894736842105263	0.5151515151515151	0.6666666666666666	0.6923076923076923	0.5882352941176471	0.38095238095238093
dmw=14322	0.01855779427359491	0.01066350710900474	0.011428571428571429	0.016172506738544475	0.04572564612326044	0.017857142857142856	0.027331189710610933	0.0	0.022026431718061675	0.0047169811320754715	0.004484304932735426	0.07407407407407407	0.013888888888888888	0.05925925925925926	0.02857142857142857	0.0	0.034482758620689655
dmw=14323	0.43	0.45187601957585644	0.3191489361702128	0.33185840707964603	0.4893203883495146	0.3263598326359833	0.3246445497630332	0.3237704918032787	0.31844660194174756	0.2768361581920904	0.4011299435028249	0.3880597014925373	0.37142857142857144	0.2818181818181818	0.4222222222222222	0.47619047619047616	0.14814814814814814
dmw=14324	0.34498381877022655	0.34344827586206894	0.4386792452830189	0.35733333333333334	0.3610503282275711	0.4294478527607362	0.3426294820717131	0.3660130718954248	0.35787321063394684	0.1839080459770115	0.3574007220216607	0.4032258064516129	0.16279069767441862	0.2987012987012987	0.42424242424242425	0.42592592592592593	0.13636363636363635
dmw=14325	0.6585760517799353	0.718785151856018	0.7341040462427746	0.7292576419213974	0.7522727272727273	0.6023166023166023	0.5816554809843401	0.7018348623853211	0.6054545454545455	0.38513513513513514	0.6489795918367347	0.7592592592592593	0.7424242424242424	0.5348837209302325	0.6785714285714286	0.7142857142857143	0.5853658536585366
dmw=14326	0.7246503496503497	0.743801652892562	0.6887417218543046	0.6724137931034483	0.7037773359840954	0.7425149700598802	0.6983372921615202	0.7882882882882883	0.7884231536926147	0.5411764705882353	0.7180327868852459	0.7916666666666666	0.6756756756756757	0.6875	0.0	1.0	0.7777777777777778
dmw=14327	0.6951672862453532	0.7127771911298838	0.7316561844863732	0.7529880478087649	0.7563587684069611	0.7689393939393939	0.6390243902439025	0.7735294117647059	0.6456140350877193	0.6855345911949685	0.634	0.7560975609756098	0.6545454545454545	0.6927083333333334	0.5	0.7207207207207207	0.8571428571428571
dmw=14328	0.7075949367088608	0.7652811735941321	0.6909492273730684	0.7687687687687688	0.7206896551724138	0.797427652733119	0.7063063063063063	0.7380952380952381	0.6893617021276596	0.5175879396984925	0.6898395721925134	0.38461538461538464	0.7741935483870968	0.6291390728476821	0.7391304347826086	0.8125	0.5652173913043478
dmw=14329	0.572643756379721	0.6274961597542242	0.60882800608828	0.5179558011049724	0.6293558606124604	0.5990888382687927	0.5793871866295265	0.743421052631579	0.5348837209302325	0.40310077519379844	0.4793388429752066	0.7704918032786885	0.5176470588235295	0.6160337552742616	0.8536585365853658	0.6907216494845361	0.7596153846153846
dmw=14330	0.4677627337201805	0.5697594501718213	0.5102564102564102	0.5518867924528302	0.5128834355828221	0.5822102425876011	0.5469336670838548	0.513595166163142	0.35108695652173916	0.5528169014084507	0.379073756432247	0.4752475247524752	0.4444444444444444	0.5443037974683544	0.42857142857142855	0.39285714285714285	0.616822429906542
dmw=14331	0.6698741672834937	0.7549194991055456	0.6304347826086957	0.6016483516483516	0.6312684365781711	0.6631578947368421	0.5690866510538641	0.6090909090909091	0.48232848232848236	0.48484848484848486	0.6015325670498084	0.8131868131868132	0.43902439024390244	0.6185567010309279	0.9166666666666666	0.72	0.6862745098039216
dmw=14332	0.5908004778972521	0.6824817518248175	0.6166666666666667	0.6531365313653137	0.5761589403973509	0.6737588652482269	0.5319148936170213	0.5980392156862745	0.5	0.32142857142857145	0.4370629370629371	0.8888888888888888	0.3157894736842105	0.7757009345794392	0.9375	0.9069767441860465	0.26666666666666666
dmw=14333	0.007331378299120235	0.0	0.0	0.0	0.011450381679389313	0.0	0.025510204081632654	0.020833333333333332	0.003703703703703704	0.0	0.031578947368421054	0.02702702702702703	0.0	0.08333333333333333	0.0	0.034482758620689655	0.0
dmw=14334	0.4524822695035461	0.41423948220064727	0.40217391304347827	0.46551724137931033	0.47619047619047616	0.5333333333333333	0.4225352112676056	0.53125	0.4265402843601896	0.47058823529411764	0.45625	0.5555555555555556	0.8	0.5806451612903226	0.3333333333333333	0.5714285714285714	0.13333333333333333
dmw=14335	0.6703030303030303	0.6415094339622641	0.6542056074766355	0.711864406779661	0.7004048582995951	0.6231884057971014	0.6041666666666666	0.672	0.5869565217391305	0.5737704918032787	0.6027397260273972	0.6666666666666666	0.6444444444444445	0.6385542168674698	0.0	0.8461538461538461	0.7
dmw=14336	0.05453501722158439	0.046875	0.05417607223476298	0.058091286307053944	0.05027932960893855	0.052434456928838954	0.04176334106728538	0.10526315789473684	0.04417670682730924	0.056074766355140186	0.08794788273615635	0.07142857142857142	0.03896103896103896	0.047619047619047616	0.14285714285714285	0.022727272727272728	0.03125
dmw=14337	0.5808280364198591	0.560512024825446	0.5679124886052871	0.6400541271989174	0.5755071374906086	0.6410835214446953	0.6402664692820134	0.6742857142857143	0.5034013605442177	0.468682505399568	0.544415127528584	0.624113475177305	0.4962686567164179	0.6572668112798264	0.7883211678832117	0.6167664670658682	0.7111111111111111
dmw=14338	0.7245392822502424	0.6631689401888772	0.75	0.7919320594479831	0.7539936102236422	0.6715976331360947	0.7256515775034293	0.7049180327868853	0.696969696969697	0.5297297297297298	0.7560975609756098	0.8582089552238806	0.64	0.7154150197628458	0.6909090909090909	0.65	0.7413793103448276
dmw=14339	0.7331863285556781	0.6877040261153428	0.7289719626168224	0.7840909090909091	0.7463312368972747	0.676056338028169	0.6518847006651884	0.6888888888888889	0.6529051987767585	0.7281553398058253	0.5723270440251572	0.7710843373493976	0.5858585858585859	0.7206896551724138	0.7857142857142857	0.8823529411764706	0.7321428571428571
dmw=14340	0.575689783743475	0.5813953488372093	0.6377952755905512	0.5689149560117303	0.7211267605633803	0.6918604651162791	0.6932773109243697	0.717391304347826	0.5782828282828283	0.5512820512820513	0.49612403100775193	0.3076923076923077	0.6	0.6216216216216216	0.7083333333333334	0.7435897435897436	0.6486486486486487
dmw=14341	0.6907555138432661	0.7277486910994765	0.6867088607594937	0.7173252279635258	0.745945945945946	0.6496815286624203	0.7273972602739726	0.6814516129032258	0.6437768240343348	0.5112359550561798	0.5663716814159292	0.6951219512195121	0.47540983606557374	0.608433734939759	0.8181818181818182	0.7068965517241379	0.6782608695652174
dmw=14342	0.2941830307521304	0.38140020898641586	0.3185550082101806	0.30434782608695654	0.4016	0.46742209631728043	0.40540540540540543	0.22916666666666666	0.3547257876312719	0.3415841584158416	0.25252525252525254	0.10810810810810811	0.1875	0.2857142857142857	0.6521739130434783	0.72	0.1111111111111111
dmw=14343	0.3203125	0.30337078651685395	0.4	0.3942307692307692	0.35177865612648224	0.25555555555555554	0.3288135593220339	0.38509316770186336	0.29056603773584905	0.2962962962962963	0.1588235294117647	0.21428571428571427	0.18604651162790697	0.38571428571428573	1.0	0.3888888888888889	0.4375
dmw=14344	0.0933852140077821	0.125	0.13157894736842105	0.09202453987730061	0.11069418386491557	0.18461538461538463	0.13095238095238096	0.0979381443298969	0.07126948775055679	0.11403508771929824	0.08860759493670886	0.2	0.0847457627118644	0.09090909090909091	0.05128205128205128	0.02631578947368421	0.13513513513513514
dmw=14345	0.31456953642384106	0.41612200435729846	0.38011695906432746	0.29118773946360155	0.3424124513618677	0.2376237623762376	0.3962962962962963	0.35526315789473684	0.23577235772357724	0.16326530612244897	0.24537037037037038	0.2833333333333333	0.1891891891891892	0.34831460674157305	0.5416666666666666	0.16666666666666666	0.6206896551724138
dmw=14346	0.5526932084309133	0.6405846947549441	0.7126654064272212	0.6062322946175638	0.6328358208955224	0.6763636363636364	0.6689774696707106	0.699438202247191	0.5669064748201439	0.35398230088495575	0.6648936170212766	0.5652173913043478	0.5465116279069767	0.6553030303030303	0.782608695652174	0.5128205128205128	0.7386363636363636
dmw=14347	0.7391653290529695	0.67007299270073	0.7116279069767442	0.7464788732394366	0.7574370709382151	0.8314606741573034	0.7159090909090909	0.8346456692913385	0.711217183770883	0.44871794871794873	0.6729323308270677	0.7	0.625	0.7281553398058253	0.9473684210526315	0.6170212765957447	0.6666666666666666
dmw=14348	0.6157337367624811	0.6056338028169014	0.6710963455149501	0.6531365313653137	0.6583333333333333	0.591743119266055	0.6571428571428571	0.7116279069767442	0.573268921095008	0.5673758865248227	0.5925925925925926	0.7093023255813954	0.68	0.608	1.0	0.8181818181818182	0.543859649122807
dmw=14352	0.37002652519893897	0.37888198757763975	0.43829787234042555	0.2891566265060241	0.4268292682926829	0.325	0.4161073825503356	0.37373737373737376	0.33014354066985646	0.3333333333333333	0.3671875	0.45652173913043476	0.4090909090909091	0.48936170212765956	0.16666666666666666	0.38461538461538464	0.16
dmw=14353	0.05260594252313687	0.05536626916524702	0.09848484848484848	0.04645476772616137	0.08088235294117647	0.08552631578947369	0.05656934306569343	0.028112449799196786	0.06792452830188679	0.05917159763313609	0.05459770114942529	0.12643678160919541	0.07142857142857142	0.04938271604938271	0.05	0.0	0.075
dmw=14354	0.005165289256198347	0.004624277456647399	0.005847953216374269	0.004966887417218543	0.0039100684261974585	0.012903225806451613	0.01221001221001221	0.004024144869215292	0.006006006006006006	0.003676470588235294	0.009523809523809525	0.014598540145985401	0.0	0.0	0.01282051282051282	0.0	0.0
dmw=14355	0.033681971281687643	0.039176626826029216	0.04207920792079208	0.019909502262443438	0.029902642559109873	0.047839506172839504	0.019249278152069296	0.024853801169590642	0.026586102719033233	0.04129793510324484	0.022964509394572025	0.029288702928870293	0.026143790849673203	0.03937007874015748	0.05714285714285714	0.006622516556291391	0.03048780487804878
dmw=14356	0.004008016032064128	0.006122448979591836	0.0	0.0	0.006472491909385114	0.0	0.0	0.0	0.0	0.0	0.0	0.0	0.0	0.0	0.0	0.0	0.0
dmw=14357	0.004866180048661801	0.007515265382808831	0.006548175865294668	0.009812667261373774	0.00734094616639478	0.006756756756756757	0.0037593984962406013	0.0	0.009632224168126095	0.014669926650366748	0.001447178002894356	0.008264462809917356	0.0125	0.011441647597254004	0.0	0.0	0.016304347826086956
dmw=14358	0.004331087584215592	0.011325028312570781	0.012121212121212121	0.01904761904761905	0.030245746691871456	0.022988505747126436	0.014625228519195612	0.0	0.007104795737122558	0.0	0.0035335689045936395	0.0	0.014705882352941176	0.006134969325153374	0.0	0.0	0.0
dmw=14359	0.055977229601518026	0.050359712230215826	0.03903345724907063	0.035326086956521736	0.04307116104868914	0.01744186046511628	0.04184100418410042	0.09523809523809523	0.04198473282442748	0.0380952380952381	0.04225352112676056	0.03773584905660377	0.05555555555555555	0.02608695652173913	0.09523809523809523	0.05172413793103448	0.019230769230769232
dmw=14360	0.21534820824881676	0.19934372436423298	0.2366288492706645	0.2514506769825919	0.258732212160414	0.21606648199445982	0.25593008739076156	0.21311475409836064	0.19878296146044624	0.19895287958115182	0.22894736842105262	0.1794871794871795	0.1553398058252427	0.16917293233082706	0.37333333333333335	0.3391304347826087	0.25757575757575757
dmw=14361	0.03997243280496209	0.031007751937984496	0.013937282229965157	0.030100334448160536	0.021220159151193633	0.019762845849802372	0.030985915492957747	0.038834951456310676	0.03591160220994475	0.0	0.03211009174311927	0.024096385542168676	0.12	0.0425531914893617	0.08108108108108109	0.06060606060606061	0.05555555555555555
dmw=14362	0.4830841856805665	0.5781893004115226	0.6419753086419753	0.44785276073619634	0.4263565891472868	0.4307692307692308	0.4026315789473684	0.6640625	0.2979214780600462	0.23711340206185566	0.25	0.4198473282442748	0.30303030303030304	0.22935779816513763	0.3225806451612903	0.8461538461538461	0.5957446808510638
dmw=14363	0.0051813471502590676	0.0019723865877712033	0.029574861367837338	0.015444015444015444	0.024958402662229616	0.011627906976744186	0.010309278350515464	0.004273504273504274	0.0111731843575419	0.014285714285714285	0.011278195488721804	0.0	0.0	0.0	0.16981132075471697	0.017241379310344827	0.0
dmw=14364	0.5063103192279139	0.5626043405676127	0.4840764331210191	0.578125	0.6092896174863388	0.3482587064676617	0.4845360824742268	0.5933333333333334	0.4373522458628842	0.49056603773584906	0.4559386973180077	0.5760869565217391	0.48333333333333334	0.4090909090909091	0.7647058823529411	0.2857142857142857	0.5192307692307693
dmw=14365	0.5715922107674685	0.6076923076923076	0.7152777777777778	0.5104895104895105	0.5944700460829493	0.6666666666666666	0.6096654275092936	0.8108108108108109	0.5761904761904761	0.42105263157894735	0.296551724137931	0.8947368421052632	0.6363636363636364	0.6111111111111112	0.25	0.5588235294117647	0.7142857142857143
dmw=14366	0.5651060716898317	0.5777777777777777	0.5464231354642314	0.5864406779661017	0.6744913928012519	0.5701219512195121	0.48710166919575115	0.6289592760180995	0.5778688524590164	0.34901960784313724	0.5221987315010571	0.5428571428571428	0.5343511450381679	0.467005076142132	0.5465116279069767	0.7615384615384615	0.5
dmw=14367	0.7702060221870047	0.7780082987551867	0.7580645161290323	0.772	0.7771587743732591	0.8623853211009175	0.798941798941799	0.7783018867924528	0.7650602409638554	0.7714285714285715	0.6900584795321637	0.8	0.7058823529411765	0.8155339805825242	0.6666666666666666	0.9090909090909091	0.8235294117647058
dmw=14368	0.6934338952972493	0.684931506849315	0.6099290780141844	0.6654411764705882	0.6688417618270799	0.6834319526627219	0.7036247334754797	0.672566371681416	0.6168478260869565	0.5449438202247191	0.625250501002004	0.6956521739130435	0.5662650602409639	0.671957671957672	0.7575757575757576	0.7647058823529411	0.5
dmw=14369	0.7956081081081081	0.8253638253638254	0.8108108108108109	0.7987804878048781	0.8117283950617284	0.8775510204081632	0.757679180887372	0.78125	0.7539267015706806	0.6538461538461539	0.7095238095238096	0.9176470588235294	0.5882352941176471	0.8414634146341463	0.94	0.75	0.8571428571428571
dmw=14370	0.5818997756170531	0.5892857142857143	0.6656441717791411	0.7188755020080321	0.5915032679738562	0.6221198156682027	0.5190311418685121	0.5304878048780488	0.5042918454935622	0.39622641509433965	0.5217391304347826	0.7466666666666667	0.4583333333333333	0.47023809523809523	0.0	0.8148148148148148	0.8333333333333334
dmw=14371	0.7453580901856764	0.7692307692307693	0.7333333333333333	0.8238341968911918	0.7770034843205574	0.7172413793103448	0.7325581395348837	0.7878787878787878	0.6782178217821783	0.6371681415929203	0.6822033898305084	0.9259259259259259	0.6037735849056604	0.782608695652174	1.0	0.8846153846153846	0.6764705882352942
dmw=14372	0.009675583380762664	0.00831353919239905	0.009375	0.004889975550122249	0.005859375	0.0	0.002652519893899204	0.0	0.0038684719535783366	0.016483516483516484	0.006493506493506494	0.0	0.0	0.023809523809523808	0.0	0.0	0.0
dmw=14374	0.7443708609271523	0.7680921052631579	0.7861111111111111	0.7901907356948229	0.819672131147541	0.738562091503268	0.7636363636363637	0.7957446808510639	0.7754491017964071	0.5828877005347594	0.6730769230769231	0.7843137254901961	0.8	0.6538461538461539	0.7966101694915254	0.7	0.84375
dmw=14375	0.7639175257731958	0.7190184049079754	0.7807308970099668	0.7613293051359517	0.7533206831119544	0.7322580645161291	0.7495219885277247	0.7282608695652174	0.7702448210922788	0.6381578947368421	0.680921052631579	0.7592592592592593	0.6915887850467289	0.8131868131868132	0.7619047619047619	0.8055555555555556	0.6666666666666666
dmw=14376	0.7170379289584587	0.7315668202764977	0.7876923076923077	0.7151162790697675	0.7473460721868365	0.7868020304568528	0.7379912663755459	0.7652582159624414	0.7192307692307692	0.6938775510204082	0.6382978723404256	0.7976190476190477	0.6627906976744186	0.6666666666666666	0.7272727272727273	0.9333333333333333	0.44680851063829785
dmw=14377	0.848509105463278	0.8178928247048138	0.900709219858156	0.8538238141335914	0.8362204724409449	0.8584905660377359	0.8611609814482346	0.8753993610223643	0.838946723821188	0.8416988416988417	0.7354260089686099	0.9333333333333333	0.8181818181818182	0.9593908629441624	0.8348623853211009	0.78	0.773109243697479
dmw=14378	0.7962037962037962	0.784394250513347	0.8179271708683473	0.8301886792452831	0.7867203219315896	0.7312138728323699	0.7973273942093542	0.8848684210526315	0.8190743338008415	0.49382716049382713	0.776566757493188	0.7777777777777778	0.8208955223880597	0.8296296296296296	0.7368421052631579	0.9090909090909091	0.7894736842105263
dmw=14379	0.6942818550202612	0.692	0.7521008403361344	0.6953528399311532	0.7402597402597403	0.7095959595959596	0.7435008665511266	0.8122977346278317	0.7776261937244202	0.7225806451612903	0.7071240105540897	0.7981651376146789	0.8125	0.8726114649681529	0.9104477611940298	0.7916666666666666	0.7647058823529411
dmw=14380	0.825272574783338	0.8063794068270845	0.8485958485958486	0.8648339060710195	0.8747323340471093	0.8458498023715415	0.881104033970276	0.8329113924050633	0.8672654690618763	0.6199460916442049	0.7612687813021702	0.8873239436619719	0.8823529411764706	0.9009009009009009	1.0	0.9146341463414634	0.7961783439490446
dmw=14381	0.7919132149901381	0.8076190476190476	0.773109243697479	0.8020304568527918	0.8586956521739131	0.8071428571428572	0.7991803278688525	0.822429906542056	0.8512110726643599	0.6987951807228916	0.8856088560885609	0.9655172413793104	0.7857142857142857	0.8918918918918919	0.8666666666666667	0.7142857142857143	0.75
dmw=14382	0.8193069306930693	0.7107438016528925	0.90625	0.8602150537634409	0.8389830508474576	0.8913043478260869	0.7333333333333333	0.875	0.8341968911917098	0.7586206896551724	0.6838235294117647	0.8461538461538461	0.7142857142857143	0.9210526315789473	1.0	0.0	0.7894736842105263
dmw=14383	0.005011389521640091	0.0011098779134295228	0.004618937644341801	0.009433962264150943	0.002207505518763797	0.002544529262086514	0.0025575447570332483	0.004048582995951417	0.00980392156862745	0.006024096385542169	0.00847457627118644	0.03571428571428571	0.010752688172043012	0.0	0.0	0.0	0.020833333333333332
dmw=14384	0.0015698587127158557	0.009628610729023384	0.0032258064516129032	0.011320754716981131	0.0075	0.0	0.005934718100890208	0.012987012987012988	0.0033444816053511705	0.0	0.0034602076124567475	0.0	0.0	0.008849557522123894	0.0	0.0	0.0
dmw=14385	0.7348596750369276	0.7621722846441947	0.6896551724137931	0.6643835616438356	0.783410138248848	0.8285714285714286	0.8158730158730159	0.7730496453900709	0.6649076517150396	0.5	0.7405405405405405	0.7761194029850746	0.7647058823529411	0.5555555555555556	0.8571428571428571	0.8125	0.8235294117647058
dmw=14386	0.7543125980135912	0.7360890302066773	0.8	0.8125	0.7632093933463796	0.8367346938775511	0.7759336099585062	0.7987421383647799	0.7475149105367793	0.7181818181818181	0.7081545064377682	0.7976190476190477	0.8529411764705882	0.8214285714285714	0.8709677419354839	0.8035714285714286	0.5176470588235295
dmw=14387	0.5557851239669421	0.5992268041237113	0.3974358974358974	0.6397306397306397	0.43034055727554177	0.6076555023923444	0.3769230769230769	0.5176470588235295	0.4746192893401015	0.366120218579235	0.5	0.7731958762886598	0.2608695652173913	0.3523809523809524	0.3793103448275862	0.7441860465116279	0.7272727272727273
dmw=14388	0.5515280739161336	0.5844827586206897	0.4879725085910653	0.5271966527196653	0.5558375634517766	0.5655172413793104	0.4940239043824701	0.5416666666666666	0.6161290322580645	0.3611111111111111	0.386986301369863	0.5	1.0	0.46153846153846156	0.0	0.22727272727272727	0.5294117647058824
dmw=14389	0.7683008730691739	0.7025796661608498	0.8287037037037037	0.7619047619047619	0.826797385620915	0.8888888888888888	0.7642857142857142	0.8804347826086957	0.8222222222222222	0.6388888888888888	0.75	0.9102564102564102	0.8235294117647058	0.8461538461538461	0.8837209302325582	0.8214285714285714	0.56
dmw=14390	0.8280075187969925	0.768313458262351	0.8064516129032258	0.8565217391304348	0.8440366972477065	0.816	0.8282208588957055	0.7730496453900709	0.7829457364341085	0.7311827956989247	0.788135593220339	0.925	0.825	0.8951048951048951	0.0	0.7419354838709677	0.6829268292682927
dmw=14391	0.8106476399560922	0.804661487236404	0.7894736842105263	0.826879271070615	0.8383084577114428	0.8375	0.8123711340206186	0.8304347826086956	0.8438818565400844	0.7452229299363057	0.7632398753894081	0.8170731707317073	0.9230769230769231	0.8645833333333334	0.8048780487804879	0.8235294117647058	0.5714285714285714
dmw=14392	0.7838063439065108	0.7501530924678506	0.8274231678486997	0.826027397260274	0.8262586377097729	0.8463356973995272	0.7952261306532663	0.8394793926247288	0.7922948073701842	0.6411042944785276	0.6973039215686274	0.868020304568528	0.8478260869565217	0.8271954674220963	0.9024390243902439	0.9076923076923077	0.7037037037037037
dmw=14394	0.26337448559670784	0.27686472819216185	0.24277456647398843	0.2584541062801932	0.2603036876355748	0.2569444444444444	0.25842696629213485	0.22857142857142856	0.2752902155887231	0.25595238095238093	0.16993464052287582	0.5094339622641509	0.14285714285714285	0.21390374331550802	0.125	0.0	0.41379310344827586
dmw=14395	0.006335797254487857	0.004032258064516129	0.02608695652173913	0.044186046511627906	0.023923444976076555	0.012048192771084338	0.018518518518518517	0.004310344827586207	0.019083969465648856	0.0	0.06542056074766354	0.029197080291970802	0.0	0.028846153846153848	0.03225806451612903	0.02	0.04081632653061224
dmw=14396	0.8712413261372398	0.8484076433121019	0.901685393258427	0.8516746411483254	0.9188311688311688	0.8623481781376519	0.9047619047619048	0.941747572815534	0.896551724137931	0.9113924050632911	0.8576642335766423	0.8787878787878788	0.8823529411764706	0.8907563025210085	0.8333333333333334	1.0	0.8095238095238095
dmw=14397	0.7590945836701698	0.7562111801242236	0.7789757412398922	0.6920415224913494	0.7749469214437368	0.7121212121212122	0.7219251336898396	0.7763975155279503	0.752851711026616	0.5544554455445545	0.6502890173410405	0.6229508196721312	0.9	0.786096256684492	0.8	0.75	0.8153846153846154
dmw=14398	0.8035563082133785	0.8010012515644556	0.8266178266178266	0.7993254637436762	0.841995841995842	0.8575342465753425	0.8426829268292683	0.794392523364486	0.802943581357318	0.7405857740585774	0.8005822416302766	0.8461538461538461	0.8032786885245902	0.828	0.7272727272727273	0.8	0.7889908256880734
dmw=14399	0.7056145675265554	0.6820428336079077	0.7692307692307693	0.6934865900383141	0.6715116279069767	0.7687074829931972	0.7252747252747253	0.6564885496183206	0.6915708812260536	0.5671641791044776	0.6811594202898551	0.8125	0.625	0.7349397590361446	0.9	0.7111111111111111	0.625
dmw=14400	0.8055260361317748	0.7473903966597077	0.8232044198895028	0.8427672955974843	0.7763713080168776	0.8205128205128205	0.8287292817679558	0.776	0.7870036101083032	0.64	0.8282208588957055	0.8860759493670886	0.9230769230769231	0.7763157894736842	0.9090909090909091	0.8260869565217391	0.6923076923076923
dmw=14401	0.7512150668286756	0.701223902087833	0.8060263653483992	0.7996070726915521	0.7597471022128557	0.722972972972973	0.761344537815126	0.7557251908396947	0.734533183352081	0.7622950819672131	0.6586433260393874	0.9050632911392406	0.7655502392344498	0.7289377289377289	0.7241379310344828	0.8829787234042553	0.7105263157894737
dmw=14402	0.5202416918429003	0.5245283018867924	0.6004901960784313	0.5390781563126252	0.5391120507399577	0.6	0.5471698113207547	0.5413223140495868	0.5467128027681661	0.5357142857142857	0.4778481012658228	0.5614035087719298	0.5789473684210527	0.5384615384615384	0.6	0.6382978723404256	0.5074626865671642
dmw=14403	0.7105575326215896	0.7542087542087542	0.7265193370165746	0.7371601208459214	0.8023809523809524	0.7621359223300971	0.7528344671201814	0.7557251908396947	0.7420560747663552	0.6043956043956044	0.6752136752136753	0.9642857142857143	0.6481481481481481	0.6548672566371682	0.8867924528301887	0.9090909090909091	0.5882352941176471
dmw=14404	0.7385210246495891	0.7418181818181818	0.862533692722372	0.7872340425531915	0.8050595238095238	0.7602996254681648	0.7782672540381792	0.8164794007490637	0.7877237851662404	0.8037383177570093	0.6094986807387863	0.860655737704918	0.6578947368421053	0.7430555555555556	1.0	0.7916666666666666	0.6727272727272727
dmw=14405	0.850956696878147	0.7751091703056768	0.8625592417061612	0.8392857142857143	0.9011976047904192	0.7886178861788617	0.8876712328767123	0.88	0.8789473684210526	0.6527777777777778	0.7834394904458599	0.9310344827586207	0.7948717948717948	0.7948717948717948	0.8571428571428571	0.9047619047619048	0.90625
dmw=14406	0.04349610176446451	0.027661357921207042	0.056530214424951264	0.053726169844020795	0.024390243902439025	0.04519774011299435	0.05818965517241379	0.061946902654867256	0.029957203994293864	0.027624309392265192	0.0627062706270627	0.047619047619047616	0.05660377358490566	0.03553299492385787	0.09859154929577464	0.08823529411764706	0.00819672131147541
dmw=14407	0.6333935314398292	0.6149068322981367	0.6731517509727627	0.6733931240657698	0.6725128515270637	0.6815476190476191	0.6465548018564798	0.6889818688981869	0.6490326481257558	0.5636363636363636	0.5484171322160148	0.7212837837837838	0.6301369863013698	0.6726835138387485	0.6991150442477876	0.6877323420074349	0.540453074433657
dmw=14408	0.3948080043266631	0.37072243346007605	0.44972375690607735	0.44613259668508287	0.44787644787644787	0.44398340248962653	0.3773784355179704	0.41123595505617977	0.39628482972136225	0.38869257950530034	0.3504823151125402	0.47398843930635837	0.392	0.4230769230769231	0.48333333333333334	0.43636363636363634	0.3291139240506329
dmw=14409	0.8209774848984075	0.7354430379746836	0.8356164383561644	0.7975	0.8696581196581197	0.8256880733944955	0.8317972350230415	0.8271028037383178	0.8138686131386861	0.6767676767676768	0.7964601769911505	0.8095238095238095	0.8421052631578947	0.8695652173913043	0.78125	1.0	0.6567164179104478
dmw=14410	0.6922757475083057	0.709480122324159	0.740418118466899	0.7522935779816514	0.7965217391304348	0.7151335311572701	0.6666666666666666	0.7819767441860465	0.7281292059219381	0.7052238805970149	0.6906976744186046	0.7272727272727273	0.6916666666666667	0.6927083333333334	0.8421052631578947	0.7017543859649122	0.7777777777777778
dmw=14411	0.729512893982808	0.7053607416364369	0.7729202037351444	0.7453789279112755	0.7791828793774319	0.7853692201518289	0.7459736456808199	0.783625730994152	0.7390371051824594	0.6413551401869159	0.6867785939139559	0.7489711934156379	0.7348703170028819	0.7263045793397231	0.7293233082706767	0.7828054298642534	0.6505190311418685
dmw=14412	0.642548171451042	0.6058661778185152	0.6572934973637962	0.6678507992895204	0.6735253772290809	0.6928327645051194	0.5971223021582733	0.6785714285714286	0.6747352496217852	0.5527638190954773	0.5504587155963303	0.6371681415929203	0.6285714285714286	0.7595628415300546	0.7317073170731707	0.8	0.47619047619047616
dmw=14413	0.10078277886497064	0.1456140350877193	0.14461538461538462	0.075	0.0891089108910891	0.12234042553191489	0.11570247933884298	0.16770186335403728	0.13745704467353953	0.037037037037037035	0.11304347826086956	0.08333333333333333	0.13333333333333333	0.09090909090909091	0.07894736842105263	0.2	0.06521739130434782
dmw=14414	0.5544167886774036	0.5698447893569845	0.6144	0.5264623955431755	0.6682027649769585	0.6900369003690037	0.5532879818594104	0.5289256198347108	0.4681647940074906	0.47540983606557374	0.4864864864864865	0.6727272727272727	0.5384615384615384	0.5714285714285714	0.7555555555555555	0.4864864864864865	0.575
dmw=14415	0.016893068617206547	0.007172995780590718	0.01474010861132661	0.007930214115781126	0.006818181818181818	0.004362050163576881	0.007936507936507936	0.0054249547920434	0.0015360983102918587	0.002570694087403599	0.004362050163576881	0.06997084548104957	0.025974025974025976	0.026004728132387706	0.0	0.008264462809917356	0.010273972602739725
dmw=14416	0.19022869022869024	0.16613418530351437	0.24431818181818182	0.17989417989417988	0.1937984496124031	0.10144927536231885	0.16279069767441862	0.2803738317757009	0.191044776119403	0.2441860465116279	0.2159090909090909	0.2647058823529412	0.13636363636363635	0.19540229885057472	0.07407407407407407	0.21052631578947367	0.1
dmw=14417	0.09555555555555556	0.04596273291925466	0.045454545454545456	0.05006954102920723	0.04567699836867863	0.01098901098901099	0.04267161410018553	0.3068181818181818	0.06698564593301436	0.008333333333333333	0.0472972972972973	0.09090909090909091	0.0380952380952381	0.1076923076923077	0.022727272727272728	0.0	0.0
dmw=14420	0.8603859250851306	0.8091286307053942	0.8865248226950354	0.8379888268156425	0.8687782805429864	0.8814814814814815	0.8532608695652174	0.8762886597938144	0.8618181818181818	0.7719298245614035	0.7897727272727273	0.7272727272727273	0.8235294117647058	0.859375	1.0	1.0	0.8888888888888888
dmw=14421	0.7520233085140823	0.7375809935205183	0.7713841368584758	0.7127659574468085	0.7225806451612903	0.79	0.7566137566137566	0.6923076923076923	0.7897810218978102	0.6606060606060606	0.7058823529411765	0.7048192771084337	0.6888888888888889	0.8087431693989071	0.8	0.7021276595744681	0.7647058823529411
dmw=14422	0.6897338403041825	0.6093457943925233	0.6902173913043478	0.661849710982659	0.6666666666666666	0.620253164556962	0.7108753315649867	0.7129909365558912	0.5818639798488665	0.7156862745098039	0.6666666666666666	0.8539325842696629	0.5576923076923077	0.6889763779527559	0.0	0.47619047619047616	0.5652173913043478
dmw=14423	0.5439444276653579	0.625	0.5714285714285714	0.6178247734138973	0.6603375527426161	0.6568457538994801	0.6821282401091405	0.6005586592178771	0.565416285452882	0.4017467248908297	0.4722222222222222	0.8093023255813954	0.4146341463414634	0.3855932203389831	0.7241379310344828	0.43478260869565216	0.5647058823529412
dmw=14424	0.6875593542260209	0.6882591093117408	0.7319587628865979	0.7848101265822784	0.7519685039370079	0.6886792452830188	0.6583629893238434	0.6990291262135923	0.6551724137931034	0.5870967741935483	0.6601307189542484	0.65	0.5	0.736	1.0	0.6756756756756757	0.8421052631578947
dmw=14425	0.1	0.10930576070901034	0.1053763440860215	0.15254237288135594	0.12698412698412698	0.12222222222222222	0.09968847352024922	0.10683760683760683	0.092	0.07368421052631578	0.1306532663316583	0.23529411764705882	0.07692307692307693	0.12698412698412698	0.018867924528301886	0.16483516483516483	0.10204081632653061
dmw=14426	0.6717226435536294	0.6144756277695717	0.7105263157894737	0.64	0.6779279279279279	0.7570621468926554	0.7024608501118568	0.7172774869109948	0.6651053864168618	0.44881889763779526	0.6367041198501873	0.7910447761194029	0.639344262295082	0.8722222222222222	0.7142857142857143	0.7777777777777778	0.5
dmw=14427	0.030548068283917342	0.03727369542066028	0.03954802259887006	0.019417475728155338	0.04395604395604396	0.02806122448979592	0.05950095969289827	0.009592326139088728	0.04736842105263158	0.029585798816568046	0.04	0.024390243902439025	0.021505376344086023	0.07058823529411765	0.0	0.08333333333333333	0.04838709677419355
dmw=14434	0.6153846153846154	0.5706806282722513	0.5306122448979592	0.5851063829787234	0.5612244897959183	0.5319148936170213	0.3114754098360656	0.5245901639344263	0.34375	0.21951219512195122	0.30434782608695654	0.3	0.5714285714285714	0.1	0.0	1.0	1.0
dmw=14435	0.9117647058823529	0.8591749644381224	0.9502762430939227	0.8938906752411575	0.9230769230769231	0.9482758620689655	0.9066666666666666	0.9421487603305785	0.9435897435897436	0.7661290322580645	0.873015873015873	0.8529411764705882	1.0	0.8977272727272727	0.9375	1.0	0.9130434782608695
dmw=14436	0.4733644859813084	0.4547945205479452	0.5276595744680851	0.5	0.5183374083129584	0.4742268041237113	0.49176954732510286	0.5405405405405406	0.42916666666666664	0.39436619718309857	0.39501779359430605	0.6341463414634146	0.21428571428571427	0.42857142857142855	0.1875	0.3191489361702128	0.5238095238095238
dmw=14437	0.4071269487750557	0.3991811668372569	0.3746958637469586	0.4334470989761092	0.4288577154308617	0.3925233644859813	0.409967845659164	0.47345132743362833	0.40589569160997735	0.34782608695652173	0.33587786259541985	0.5566037735849056	0.39705882352941174	0.41353383458646614	0.35294117647058826	0.23809523809523808	0.225
dmw=14438	0.23799126637554585	0.22952853598014888	0.2670157068062827	0.21031746031746032	0.250501002004008	0.1783783783783784	0.24752475247524752	0.28313253012048195	0.19144602851323828	0.2733333333333333	0.23410404624277456	0.45569620253164556	0.045454545454545456	0.16071428571428573	0.52	0.0	0.4444444444444444
dmw=14439	0.7704122877930477	0.7458563535911602	0.810077519379845	0.7203389830508474	0.8269230769230769	0.946969696969697	0.8492753623188406	0.925	0.7411764705882353	0.6753246753246753	0.70042194092827	0.9230769230769231	0.7974683544303798	0.8103448275862069	0.6341463414634146	0.6944444444444444	0.8333333333333334
dmw=14440	0.6651835372636262	0.6952380952380952	0.69	0.6642335766423357	0.7058823529411765	0.7647058823529411	0.6767676767676768	0.7079646017699115	0.6977611940298507	0.6724137931034483	0.6058823529411764	0.875	0.515625	0.7674418604651163	0.6666666666666666	0.8695652173913043	0.5
dmw=14441	0.39541160593792174	0.45480631276901007	0.35324675324675325	0.49743589743589745	0.34591194968553457	0.4411764705882353	0.4143646408839779	0.5229357798165137	0.41200828157349895	0.5053763440860215	0.2743055555555556	0.7596899224806202	0.15625	0.4772727272727273	0.3333333333333333	0.3023255813953488	0.40789473684210525
dmw=14442	0.818881477680862	0.7872340425531915	0.8506493506493507	0.8126801152737753	0.8737060041407867	0.8	0.8643410852713178	0.8289473684210527	0.8674033149171271	0.7679558011049724	0.7533632286995515	0.8852459016393442	0.9375	0.8691588785046729	1.0	0.7636363636363637	0.4
dmw=14445	0.010265700483091788	0.007042253521126761	0.0057692307692307696	0.002583979328165375	0.0	0.005952380952380952	0.0021413276231263384	0.014563106796116505	0.005847953216374269	0.0078125	0.010344827586206896	0.013157894736842105	0.0	0.0	0.0	0.0	0.03571428571428571
dmw=14446	0.0019550342130987292	0.0025673940949935813	0.002145922746781116	0.00303951367781155	0.008982035928143712	0.005291005291005291	0.004901960784313725	0.0	0.005454545454545455	0.0	0.009925558312655087	0.01904761904761905	0.0	0.0	0.0	0.0	0.0
dmw=14447	0.006596306068601583	0.011976047904191617	0.006329113924050633	0.0	0.00909090909090909	0.0	0.006369426751592357	0.0	0.0091324200913242	0.0	0.007462686567164179	0.07142857142857142	0.0	0.0	0.0	0.0	0.05555555555555555
dmw=14449	0.36720867208672087	0.4722403657740039	0.35517693315858456	0.36418816388467373	0.43515850144092216	0.2990867579908676	0.42392566782810687	0.5689381933438986	0.32987012987012987	0.2956810631229236	0.1959731543624161	0.5579710144927537	0.5283018867924528	0.550561797752809	0.1282051282051282	0.9375	0.43548387096774194
dmw=14450	0.10835694050991501	0.14342629482071714	0.11065573770491803	0.12109375	0.10582010582010581	0.16304347826086957	0.11594202898550725	0.08527131782945736	0.0949367088607595	0.024193548387096774	0.0944055944055944	0.07462686567164178	0.15789473684210525	0.15789473684210525	0.3333333333333333	0.08333333333333333	0.05555555555555555
dmw=14451	0.5776550030693677	0.5460526315789473	0.5581947743467933	0.5399449035812672	0.5985915492957746	0.48255813953488375	0.574025974025974	0.5864197530864198	0.43462246777163904	0.592814371257485	0.5148936170212766	0.6024096385542169	0.7627118644067796	0.5024875621890548	0.7049180327868853	0.2857142857142857	0.7608695652173914
dmw=14452	0.6125751271382339	0.6086956521739131	0.6513605442176871	0.4693396226415094	0.5877551020408164	0.5650793650793651	0.6152647975077882	0.6413043478260869	0.4441489361702128	0.6593406593406593	0.41206896551724137	0.5666666666666667	0.4731182795698925	0.7286432160804021	0.136986301369863	0.4716981132075472	0.43119266055045874
dmw=14453	0.6403336604514229	0.710093896713615	0.6891891891891891	0.6128266033254157	0.7402597402597403	0.7105263157894737	0.6511627906976745	0.7282051282051282	0.6820728291316527	0.6995305164319249	0.7058823529411765	0.6610169491525424	0.546875	0.6690647482014388	1.0	0.6842105263157895	0.5862068965517241
dmw=14454	0.671396564600448	0.7026315789473684	0.7660377358490567	0.5869565217391305	0.6959459459459459	0.8238993710691824	0.6411042944785276	0.782312925170068	0.6737804878048781	0.64	0.5821596244131455	0.59375	0.9166666666666666	0.7333333333333333	0.8235294117647058	0.7435897435897436	0.7777777777777778
dmw=14455	0.6100642872977167	0.6098014888337469	0.6233292831105711	0.6355060034305318	0.668552036199095	0.574468085106383	0.6062992125984252	0.7283950617283951	0.5647600262984879	0.6779661016949152	0.5617685305591678	0.5234375	0.4935064935064935	0.4957983193277311	0.6219512195121951	0.4700854700854701	0.7323943661971831
dmw=14456	0.6367924528301887	0.6539379474940334	0.5822102425876011	0.6219931271477663	0.608786610878661	0.553072625698324	0.6096938775510204	0.595	0.5598802395209581	0.6209677419354839	0.5843137254901961	0.7222222222222222	0.4827586206896552	0.7380952380952381	0.6176470588235294	0.5652173913043478	0.5833333333333334
dmw=14457	0.6216082881105082	0.6461295418641391	0.672	0.5634328358208955	0.7315689981096408	0.6785714285714286	0.7839335180055401	0.5930232558139535	0.6578947368421053	0.4861111111111111	0.6451612903225806	0.7627118644067796	0.38095238095238093	0.7518248175182481	0.8125	0.7543859649122807	0.5185185185185185
dmw=14458	0.15897047691143074	0.1453900709219858	0.15467625899280577	0.2073170731707317	0.14423076923076922	0.17679558011049723	0.14560439560439561	0.18018018018018017	0.10893854748603352	0.10784313725490197	0.17647058823529413	0.09615384615384616	0.1	0.10416666666666667	0.2727272727272727	0.18181818181818182	0.1875
dmw=14459	0.29232505643340856	0.28868360277136257	0.2972972972972973	0.281786941580756	0.2781954887218045	0.2679738562091503	0.24553571428571427	0.2631578947368421	0.1952662721893491	0.21621621621621623	0.31794871794871793	0.4067796610169492	0.0967741935483871	0.24	0.0	0.13333333333333333	0.21739130434782608
dmw=14460	0.3540983606557377	0.44946236559139785	0.4146341463414634	0.42934782608695654	0.3969465648854962	0.5691056910569106	0.4452296819787986	0.4	0.46236559139784944	0.28	0.3588235294117647	0.49333333333333335	0.05263157894736842	0.4787234042553192	0.2692307692307692	0.10526315789473684	0.34146341463414637
dmw=14461	0.0037614185921547557	0.006134969325153374	0.011049723756906077	0.007168458781362007	0.005309734513274336	0.0035842293906810036	0.007561436672967864	0.010869565217391304	0.003861003861003861	0.010869565217391304	0.006024096385542169	0.0	0.008928571428571428	0.03773584905660377	0.0	0.0	0.025
dmw=14462	0.17562724014336917	0.22175141242937854	0.23743016759776536	0.17735849056603772	0.18016194331983806	0.19123505976095617	0.20224719101123595	0.2564102564102564	0.2073490813648294	0.14935064935064934	0.2159468438538206	0.16071428571428573	0.14705882352941177	0.2206896551724138	0.1951219512195122	0.13333333333333333	0.3114754098360656
dmw=14464	0.678714859437751	0.6850094876660342	0.7031963470319634	0.7105263157894737	0.6732673267326733	0.7266666666666667	0.7581967213114754	0.7007874015748031	0.6649616368286445	0.4	0.6666666666666666	0.7671232876712328	0.8	0.7022900763358778	0.8214285714285714	0.8	0.55
dmw=14465	0.7243280496209511	0.6987381703470031	0.7112068965517241	0.7985074626865671	0.7565632458233891	0.6518987341772152	0.7167487684729064	0.7681818181818182	0.7064439140811456	0.5086206896551724	0.6559633027522935	0.8367346938775511	0.6091954022988506	0.7444444444444445	0.6875	0.8333333333333334	0.8076923076923077
dmw=14466	0.4681528662420382	0.43609022556390975	0.44036697247706424	0.3786764705882353	0.49743589743589745	0.48760330578512395	0.44014084507042256	0.5367647058823529	0.41304347826086957	0.3644067796610169	0.44	0.2826086956521739	0.46808510638297873	0.3103448275862069	0.0	0.41025641025641024	0.25
dmw=14467	0.6604850213980028	0.6810035842293907	0.7621951219512195	0.6946107784431138	0.7628865979381443	0.6666666666666666	0.7305699481865285	0.7213114754098361	0.6761363636363636	0.39622641509433965	0.6875	0.7407407407407407	0.6666666666666666	0.7183098591549296	0.8888888888888888	0.75	0.5384615384615384
dmw=14468	0.6935341009743136	0.6954397394136808	0.7083333333333334	0.6422413793103449	0.6957547169811321	0.6960352422907489	0.6895424836601307	0.6363636363636364	0.6808510638297872	0.6102941176470589	0.6831683168316832	0.6625	0.631578947368421	0.7	1.0	0.673469387755102	0.4864864864864865
dmw=14469	0.5180672268907563	0.4944933920704846	0.41767764298093585	0.6108108108108108	0.5315315315315315	0.6441176470588236	0.5789473684210527	0.47266881028938906	0.44768439108061747	0.3489583333333333	0.5269607843137255	0.7941176470588235	0.0967741935483871	0.32857142857142857	0.42592592592592593	0.5333333333333333	0.609375
dmw=14470	0.48758799555390886	0.5416666666666666	0.47769516728624534	0.5787292817679558	0.4797843665768194	0.5149501661129569	0.5167364016736402	0.584375	0.3720626631853786	0.3827751196172249	0.38497652582159625	0.7284768211920529	0.16666666666666666	0.4745762711864407	0.5	0.53125	0.775
dmw=14471	0.5481115107913669	0.5851528384279476	0.6515748031496063	0.5639097744360902	0.608130081300813	0.6243654822335025	0.5987124463519313	0.5934065934065934	0.5950570342205324	0.34065934065934067	0.42105263157894735	0.8118811881188119	0.39325842696629215	0.4394904458598726	0.6451612903225806	0.35714285714285715	0.5833333333333334
dmw=14472	0.6047904191616766	0.6372413793103449	0.6042884990253411	0.6290322580645161	0.6286353467561522	0.7841409691629956	0.5380434782608695	0.5487804878048781	0.49056603773584906	0.5798319327731093	0.4497991967871486	0.7777777777777778	0.48717948717948717	0.35064935064935066	0.9565217391304348	0.7640449438202247	0.5384615384615384
dmw=14473	0.6824534161490683	0.6929133858267716	0.7107843137254902	0.6778242677824268	0.693069306930693	0.4861111111111111	0.7593984962406015	0.7238095238095238	0.6414473684210527	0.6372549019607843	0.6094674556213018	0.62	0.8157894736842105	0.6989247311827957	0.75	0.6153846153846154	0.36666666666666664
dmw=14474	0.6420338983050847	0.669964664310954	0.671850699844479	0.652542372881356	0.6457800511508951	0.6758620689655173	0.5645161290322581	0.5515320334261838	0.6408209806157354	0.6195121951219512	0.5107758620689655	0.8653846153846154	0.6666666666666666	0.7827868852459017	0.7446808510638298	0.7205882352941176	0.7647058823529411
dmw=14479	0.7912032355915066	0.804930332261522	0.8263254113345521	0.834061135371179	0.8192252510760402	0.8134715025906736	0.7595628415300546	0.8498293515358362	0.7939068100358423	0.9056603773584906	0.7574123989218329	0.6083333333333333	0.8387096774193549	0.7610619469026548	1.0	0.8490566037735849	0.8611111111111112
dmw=14480	0.39473684210526316	0.3446327683615819	0.3005181347150259	0.27165354330708663	0.3872255489021956	0.2743362831858407	0.43370165745856354	0.556910569105691	0.425531914893617	0.39344262295081966	0.30689655172413793	0.35555555555555557	0.047619047619047616	0.5164835164835165	0.8181818181818182	0.2972972972972973	0.56
dmw=14484	0.3355801636976408	0.34156976744186046	0.31021194605009633	0.3788546255506608	0.30864197530864196	0.32666666666666666	0.35650224215246634	0.4378698224852071	0.32299270072992703	0.26422764227642276	0.38283828382838286	0.4418604651162791	0.4430379746835443	0.33636363636363636	0.045454545454545456	0.4186046511627907	0.2545454545454545
dmw=14485	0.5888324873096447	0.5137741046831956	0.5873493975903614	0.590027700831025	0.5808823529411765	0.5550239234449761	0.5741239892183289	0.6441441441441441	0.5139240506329114	0.4523809523809524	0.49666666666666665	0.3058823529411765	0.5217391304347826	0.5693430656934306	0.4878048780487805	0.7	0.5
dmw=14486	0.6380429355966051	0.6940686784599376	0.6599597585513078	0.6569506726457399	0.6151797603195739	0.7202072538860104	0.6416184971098265	0.717607973421927	0.6387596899224807	0.3964757709251101	0.5072463768115942	0.7803030303030303	0.5135135135135135	0.6129032258064516	0.7317073170731707	0.6097560975609756	0.6979166666666666
dmw=14487	0.5016051364365971	0.5411558669001751	0.5384615384615384	0.5507246376811594	0.5570469798657718	0.44025157232704404	0.4925373134328358	0.5783132530120482	0.45495495495495497	0.42696629213483145	0.4568345323741007	0.5686274509803921	0.4583333333333333	0.5743243243243243	0.3	0.47692307692307695	0.5087719298245614
dmw=14488	0.8107344632768362	0.806829268292683	0.8429203539823009	0.8401084010840109	0.8803301237964236	0.8745387453874539	0.8203497615262321	0.8034682080924855	0.7757125154894672	0.7891566265060241	0.6895833333333333	0.6666666666666666	0.864	0.7966101694915254	1.0	0.8666666666666667	0.7567567567567568
dmw=14489	0.6703988803358992	0.7276166456494325	0.6931407942238267	0.6858974358974359	0.6783505154639176	0.6161137440758294	0.6256983240223464	0.6915422885572139	0.6631853785900783	0.5547945205479452	0.6421568627450981	0.8253968253968254	0.543859649122807	0.5739130434782609	0.6363636363636364	0.6883116883116883	0.5333333333333333
dmw=14490	0.881559220389805	0.8276481149012568	0.8714285714285714	0.8409090909090909	0.8726591760299626	0.8580645161290322	0.8766666666666667	0.9343065693430657	0.8351351351351352	0.7551020408163265	0.8309859154929577	0.9629629629629629	1.0	0.937984496124031	1.0	0.8771929824561403	0.8518518518518519
dmw=14491	0.588135593220339	0.5698529411764706	0.6317280453257791	0.540045766590389	0.5895765472312704	0.5669642857142857	0.5463709677419355	0.5432098765432098	0.5188679245283019	0.5232558139534884	0.4373522458628842	0.5194805194805194	0.5939849624060151	0.55	0.25925925925925924	0.75	0.3333333333333333
dmw=14492	0.2901292967518133	0.3436866981769075	0.3277027027027027	0.3729050279329609	0.3161856963613551	0.27405857740585776	0.31486486486486487	0.2426470588235294	0.2691358024691358	0.21813031161473087	0.25	0.4491017964071856	0.17045454545454544	0.17142857142857143	0.65	0.2711864406779661	0.2777777777777778
dmw=14493	0.3877622377622378	0.41833333333333333	0.27964601769911507	0.413953488372093	0.400726392251816	0.48444444444444446	0.2996031746031746	0.34413965087281795	0.3443085606773283	0.2742857142857143	0.2879177377892031	0.5193370165745856	0.1875	0.28378378378378377	0.2127659574468085	0.42105263157894735	0.3
dmw=14494	0.45709828393135726	0.4409282700421941	0.4789473684210526	0.603225806451613	0.5303867403314917	0.6	0.43521594684385384	0.4393939393939394	0.35402298850574715	0.3188405797101449	0.38333333333333336	0.4931506849315068	0.41935483870967744	0.5	0.6818181818181818	0.3333333333333333	0.90625
dmw=14495	0.17287420941672524	0.18070175438596492	0.20527859237536658	0.14046822742474915	0.1733615221987315	0.10101010101010101	0.17401960784313725	0.25280898876404495	0.16363636363636364	0.18604651162790697	0.1509433962264151	0.19718309859154928	0.16091954022988506	0.20192307692307693	0.23214285714285715	0.2	0.1111111111111111
dmw=14496	0.4958563535911602	0.49097472924187724	0.6061320754716981	0.5866261398176292	0.5303030303030303	0.4811320754716981	0.5628930817610063	0.5315315315315315	0.5889967637540453	0.5185185185185185	0.4853658536585366	0.5428571428571428	0.56	0.5576923076923077	0.8	0.6511627906976745	0.5945945945945946
dmw=14497	0.07368421052631578	0.07563959955506118	0.10823529411764705	0.08396946564885496	0.08350730688935282	0.085	0.07971014492753623	0.05747126436781609	0.0958904109589041	0.10526315789473684	0.08682634730538923	0.09836065573770492	0.09009009009009009	0.06493506493506493	0.125	0.2	0.043478260869565216
dmw=14498	0.16703243111436236	0.20778405524168236	0.23831242873432154	0.1733615221987315	0.18894389438943895	0.1873873873873874	0.15408479834539815	0.21568627450980393	0.18450184501845018	0.10759493670886076	0.15562913907284767	0.2184873949579832	0.20689655172413793	0.28651685393258425	0.36363636363636365	0.13978494623655913	0.07954545454545454
dmw=14499	0.3397807865892972	0.4859550561797753	0.4227053140096618	0.36444444444444446	0.33423180592991913	0.26436781609195403	0.41504854368932037	0.23391812865497075	0.31938325991189426	0.3089430894308943	0.24074074074074073	0.5	0.2558139534883721	0.46153846153846156	0.5625	0.5	0.4772727272727273
dmw=14504	0.6569390402075227	0.7572519083969466	0.8042328042328042	0.5339233038348082	0.6332378223495702	0.7745098039215687	0.7922437673130194	0.6907216494845361	0.6419753086419753	0.7125	0.6476868327402135	0.6153846153846154	0.48717948717948717	0.7902097902097902	0.34210526315789475	0.6756756756756757	0.66
dmw=14508	0.78330658105939	0.7738095238095238	0.8119266055045872	0.8086642599277978	0.7777777777777778	0.7985074626865671	0.8057742782152231	0.8395061728395061	0.7692307692307693	0.8873239436619719	0.6859903381642513	0.9166666666666666	0.7058823529411765	0.8592592592592593	1.0	0.0	0.8571428571428571
dmw=14509	0.8677196446199408	0.8086522462562395	0.8585858585858586	0.8991228070175439	0.8786610878661087	0.8896103896103896	0.8586956521739131	0.9305555555555556	0.8643533123028391	0.7916666666666666	0.8628571428571429	0.9302325581395349	0.8157894736842105	0.864	0.8823529411764706	0.5714285714285714	0.8823529411764706
dmw=14513	0.0073145245559038665	0.005420054200542005	0.007380073800738007	0.014634146341463415	0.016172506738544475	0.009708737864077669	0.0	0.04878048780487805	0.0	0.0	0.0	0.0	0.0	0.0	0.0	0.0	0.0
dmw=14514	0.8314176245210728	0.823045267489712	0.9	0.8271604938271605	0.8435374149659864	0.8444444444444444	0.8725490196078431	0.7605633802816901	0.8765432098765432	0.6	0.7261904761904762	1.0	0.9615384615384616	0.7692307692307693	1.0	0.8333333333333334	0.9166666666666666
dmw=14515	0.13476874003189793	0.0918918918918919	0.10247349823321555	0.15634218289085547	0.2139917695473251	0.1308411214953271	0.14227642276422764	0.10948905109489052	0.11406844106463879	0.05063291139240506	0.18072289156626506	0.20588235294117646	0.17777777777777778	0.14736842105263157	0.0	0.0	0.05
dmw=14516	0.0068143100511073255	0.011682242990654205	0.003937007874015748	0.011834319526627219	0.00516795865633075	0.009708737864077669	0.015060240963855422	0.0	0.026058631921824105	0.018292682926829267	0.016129032258064516	0.05555555555555555	0.02666666666666667	0.0	0.0	0.0	0.0
dmw=14517	0.006215040397762586	0.0018050541516245488	0.011560693641618497	0.014150943396226415	0.002824858757062147	0.0	0.0071174377224199285	0.011764705882352941	0.009287925696594427	0.008547008547008548	0.009345794392523364	0.019230769230769232	0.03125	0.0	0.0	0.043478260869565216	0.0
dmw=14518	0.005545286506469501	0.0017094017094017094	0.0	0.006349206349206349	0.0	0.00558659217877095	0.011019283746556474	0.0	0.004819277108433735	0.018867924528301886	0.008670520231213872	0.0	0.0	0.017857142857142856	0.0	0.0	0.0
dmw=14521	0.8113623827909542	0.8274582560296846	0.9022222222222223	0.8558951965065502	0.8883161512027491	0.8742138364779874	0.8682539682539683	0.8598484848484849	0.8966165413533834	0.7044534412955465	0.8225108225108225	0.9224137931034483	0.9054054054054054	0.8506493506493507	1.0	0.8875	0.8289473684210527
dmw=14522	0.814868804664723	0.8057996485061512	0.8153241650294696	0.8228228228228228	0.9303944315545244	0.86	0.8399339933993399	0.8354838709677419	0.8105263157894737	0.6323529411764706	0.7617328519855595	0.9113924050632911	0.9051094890510949	0.7948717948717948	0.9333333333333333	0.6363636363636364	0.7272727272727273
dmw=14523	0.8030418250950571	0.8043478260869565	0.8418230563002681	0.8566775244299675	0.8682634730538922	0.8142857142857143	0.8297872340425532	0.8724279835390947	0.7768361581920904	0.5514705882352942	0.7909836065573771	0.775	0.5897435897435898	0.8676470588235294	0.8	0.8541666666666666	0.6666666666666666
dmw=14528	0.13291703835860838	0.16591928251121077	0.1891891891891892	0.0410958904109589	0.1246684350132626	0.1721311475409836	0.14622641509433962	0.19469026548672566	0.10196078431372549	0.015384615384615385	0.13953488372093023	0.047058823529411764	0.15	0.15384615384615385	0.0	0.0	0.0
dmw=14537	0.03588907014681892	0.008968609865470852	0.012048192771084338	0.02054794520547945	0.017857142857142856	0.0196078431372549	0.0	0.020833333333333332	0.02643171806167401	0.0	0.016666666666666666	0.0	0.0	0.0	0.0	0.0	0.0
dmw=14538	0.131163708086785	0.1702127659574468	0.11929824561403508	0.13068181818181818	0.11965811965811966	0.14678899082568808	0.10638297872340426	0.08571428571428572	0.12530120481927712	0.14285714285714285	0.0663265306122449	0.06666666666666667	0.1935483870967742	0.11320754716981132	0.6666666666666666	0.0	0.17647058823529413
dmw=14546	0.1125	0.11290322580645161	0.20394736842105263	0.09219858156028368	0.12790697674418605	0.04065040650406504	0.08389261744966443	0.12935323383084577	0.07352941176470588	0.08333333333333333	0.12987012987012986	0.1134020618556701	0.14285714285714285	0.1797752808988764	0.0	1.0	0.0
dmw=14549	0.8654970760233918	0.868421052631579	0.8490566037735849	0.8922558922558923	0.9017094017094017	0.923728813559322	0.8602941176470589	0.9117647058823529	0.7827586206896552	0.7159090909090909	0.8099173553719008	0.9090909090909091	0.84375	0.9504950495049505	0.8333333333333334	1.0	0.7714285714285715
dmw=14550	0.8261933904528764	0.7950617283950617	0.8264462809917356	0.7837837837837838	0.9	0.8188405797101449	0.8838383838383839	0.8956521739130435	0.8461538461538461	0.3953488372093023	0.6486486486486487	0.8	0.8723404255319149	0.8554216867469879	1.0	0.8333333333333334	0.7619047619047619
dmw=14561	0.25547445255474455	0.31746031746031744	0.3829787234042553	0.23684210526315788	0.16901408450704225	0.36585365853658536	0.15625	0.38461538461538464	0.0673076923076923	0.5909090909090909	0.30612244897959184	0.4444444444444444	0.2857142857142857	0.047619047619047616	0.4	0.0	0.0
dmw=14575	0.0019280205655526992	0.003952569169960474	0.0076045627376425855	0.010273972602739725	0.007125890736342043	0.008403361344537815	0.0	0.0	0.0026666666666666666	0.006369426751592357	0.013774104683195593	0.0	0.0	0.0	0.0	0.0	0.0
dmw=14584	0.46875	0.458128078817734	0.304	0.6043956043956044	0.3779527559055118	0.4888888888888889	0.42857142857142855	0.5081967213114754	0.40476190476190477	0.375	0.453781512605042	0.0	0.2962962962962963	0.5614035087719298	0.125	0.0	0.0
dmw=14599	0.2774922918807811	0.3026973026973027	0.43648960739030024	0.2798053527980535	0.2638888888888889	0.32950191570881227	0.3611111111111111	0.30057803468208094	0.29292929292929293	0.13215859030837004	0.10702341137123746	0.33613445378151263	0.15625	0.3288135593220339	0.8043478260869565	0.20634920634920634	0.7931034482758621
dmw=14600	0.27612612612612614	0.35770925110132157	0.38622754491017963	0.3448275862068966	0.35	0.4409937888198758	0.43719806763285024	0.3045822102425876	0.2842809364548495	0.32786885245901637	0.1686746987951807	0.2037037037037037	0.12	0.5163398692810458	0.022222222222222223	0.0	0.32407407407407407
dmw=14603	0.58	0.6324582338902148	0.53954802259887	0.5275779376498801	0.6773211567732116	0.6173913043478261	0.5353846153846153	0.584375	0.5447284345047924	0.55	0.583596214511041	0.7256637168141593	0.3333333333333333	0.5934959349593496	0.5454545454545454	0.52	0.8333333333333334
dmw=14604	0.6998799519807923	0.6970588235294117	0.7931034482758621	0.7407407407407407	0.6617647058823529	0.7796610169491526	0.702247191011236	0.75	0.7727272727272727	0.673469387755102	0.6621621621621622	0.7272727272727273	0.7804878048780488	0.7758620689655172	0.0	1.0	0.6111111111111112
dmw=14607	0.006734006734006734	0.00641025641025641	0.0	0.0	0.0	0.0	0.010752688172043012	0.0	0.0	0.0	0.0	0.058823529411764705	0.0	0.0	0.0	0.0	0.0
dmw=14609	0.5329441201000834	0.4821664464993395	0.5306859205776173	0.42485549132947975	0.5506329113924051	0.4105960264900662	0.5193798449612403	0.5286624203821656	0.38903394255874674	0.34554973821989526	0.40522875816993464	0.5681818181818182	0.26666666666666666	0.4473684210526316	0.6666666666666666	0.3333333333333333	0.3333333333333333
dmw=14615	0.003367003367003367	0.0049261083743842365	0.002178649237472767	0.0069767441860465115	0.005042016806722689	0.011152416356877323	0.008048289738430584	0.0	0.004651162790697674	0.0	0.0113314447592068	0.009523809523809525	0.0	0.007042253521126761	0.0	0.0	0.0
dmw=14616	0.00778485491861288	0.009174311926605505	0.009950248756218905	0.0	0.006779661016949152	0.009174311926605505	0.0030303030303030303	0.006711409395973154	0.0	0.0	0.005208333333333333	0.014285714285714285	0.0	0.015625	0.0	0.0	0.0
dmw=14618	0.5287009063444109	0.5	0.5492957746478874	0.6458333333333334	0.5833333333333334	0.75	0.5454545454545454	0.835820895522388	0.3333333333333333	0.6857142857142857	0.48484848484848486	0.9285714285714286	0.0	0.8333333333333334	0.16666666666666666	0.8333333333333334	0.42857142857142855
dmw=14621	0.43326039387308535	0.4728434504792332	0.4628099173553719	0.3412698412698413	0.5736434108527132	0.6349206349206349	0.5398230088495575	0.27848101265822783	0.5037037037037037	0.34375	0.35074626865671643	0.5652173913043478	0.8333333333333334	0.4634146341463415	0.0	0.3333333333333333	0.6
dmw=14633	0.5021645021645021	0.5	0.5523809523809524	0.60431654676259	0.5419847328244275	0.6346153846153846	0.6	0.3364485981308411	0.445859872611465	0.4383561643835616	0.4357142857142857	0.3684210526315789	0.4444444444444444	0.6727272727272727	0.4666666666666667	0.8	0.0
dmw=14634	0.8694638694638694	0.8405797101449275	0.8217821782178217	0.8790322580645161	0.8584070796460177	0.8478260869565217	0.865979381443299	0.8409090909090909	0.9022556390977443	0.9090909090909091	0.8282828282828283	0.9	0.9	0.868421052631579	0.9375	1.0	0.8333333333333334
dmw=14643	0.4804928131416838	0.5473684210526316	0.5533980582524272	0.41346153846153844	0.4697986577181208	0.6146788990825688	0.42771084337349397	0.4318181818181818	0.4720496894409938	0.352112676056338	0.47058823529411764	0.0	0.3076923076923077	0.6666666666666666	0.0	0.0	0.0
dmw=14653	0.007639419404125287	0.006430868167202572	0.006779661016949152	0.003194888178913738	0.003105590062111801	0.0	0.0034965034965034965	0.014925373134328358	0.0	0.01680672268907563	0.013333333333333334	0.0	0.0	0.008130081300813009	0.0	0.0	0.0
dmw=14655	0.6431095406360424	0.6357142857142857	0.6625	0.6851851851851852	0.726027397260274	0.2727272727272727	0.7166666666666667	0.8387096774193549	0.44594594594594594	0.5416666666666666	0.525	0.5882352941176471	0.5666666666666667	0.7358490566037735	0.0	1.0	0.4444444444444444
dmw=14665	0.45185185185185184	0.3755868544600939	0.4722222222222222	0.4552238805970149	0.46938775510204084	0.5844155844155844	0.38461538461538464	0.35555555555555557	0.5210084033613446	0.45454545454545453	0.43209876543209874	0.5789473684210527	0.5333333333333333	0.22807017543859648	0.8333333333333334	0.75	1.0
dmw=14666	0.11566424322538003	0.10445468509984639	0.4154727793696275	0.188	0.6293103448275862	0.6	0.6111111111111112	0.05732484076433121	0.6217391304347826	0.5210084033613446	0.09961685823754789	0.625	0.328125	0.7671232876712328	0.5666666666666667	0.1951219512195122	0.36507936507936506
dmw=14667	0.490234375	0.3942857142857143	0.5921787709497207	0.6236559139784946	0.6488095238095238	0.7916666666666666	0.6326530612244898	0.3	0.8388888888888889	0.3409090909090909	0.4418604651162791	0.8636363636363636	0.65625	0.6666666666666666	0.625	0.85	0.5333333333333333
dmw=14668	0.16666666666666666	0.2041522491349481	0.15343915343915343	0.13380281690140844	0.1864406779661017	0.12903225806451613	0.31343283582089554	0.08247422680412371	0.18055555555555555	0.13333333333333333	0.14074074074074075	0.25	0.1875	0.23076923076923078	0.5	0.1111111111111111	0.16666666666666666
dmw=14670	0.004531722054380665	0.0	0.0	0.008	0.0	0.0	0.0	0.0	0.010362694300518135	0.0	0.0	0.0	0.0	0.0	0.0	0.0	0.0
dmw=14678	0.08626198083067092	0.08641975308641975	0.09268292682926829	0.07894736842105263	0.0859375	0.07352941176470588	0.06666666666666667	0.06666666666666667	0.022099447513812154	0.05	0.07317073170731707	0.23809523809523808	0.0	0.06896551724137931	0.0	0.0	0.26666666666666666
dmw=14686	0.004316546762589928	0.002531645569620253	0.0	0.0	0.0	0.018691588785046728	0.007905138339920948	0.0	0.0	0.0	0.014705882352941176	0.017241379310344827	0.0	0.0	0.0	0.0	0.04
dmw=14702	0.611965811965812	0.5353846153846153	0.726027397260274	0.5952380952380952	0.6050955414012739	0.5185185185185185	0.5590062111801242	0.4857142857142857	0.48322147651006714	0.42	0.33707865168539325	0.5277777777777778	0.5384615384615384	0.6341463414634146	1.0	0.4	0.7931034482758621
dmw=14703	0.2859744990892532	0.37209302325581395	0.36075949367088606	0.31221719457013575	0.19696969696969696	0.26605504587155965	0.3547008547008547	0.22950819672131148	0.12396694214876033	0.2702702702702703	0.18421052631578946	0.13793103448275862	0.2727272727272727	0.41911764705882354	0.1111111111111111	0.0	0.5454545454545454
dmw=14719	0.4304635761589404	0.47417840375586856	0.3465346534653465	0.40298507462686567	0.45454545454545453	0.43548387096774194	0.5816993464052288	0.4032258064516129	0.4787234042553192	0.6829268292682927	0.21212121212121213	0.4	0.5	0.44642857142857145	0.7333333333333333	0.0	0.0
dmw=14729	0.23017705927636645	0.2542372881355932	0.1927710843373494	0.20567375886524822	0.18770226537216828	0.302158273381295	0.16042780748663102	0.22962962962962963	0.17829457364341086	0.13953488372093023	0.2205128205128205	0.28169014084507044	0.11764705882352941	0.04854368932038835	0.3333333333333333	0.08571428571428572	0.0
dmw=14733	0.010670731707317074	0.0	0.007874015748031496	0.008064516129032258	0.0	0.0	0.00819672131147541	0.0	0.015706806282722512	0.0	0.0	0.0	0.0	0.0	0.0	0.0	0.0
dmw=14734	0.005747126436781609	0.00625	0.0	0.0	0.014388489208633094	0.0	0.0	0.0	0.0	0.0	0.0	0.0	0.0	0.0	0.0	0.0	0.0
dmw=14778	0.9267352185089974	0.9124579124579124	1.0	0.9478260869565217	0.9405940594059405	0.8378378378378378	0.9217391304347826	1.0	0.9336283185840708	0.3888888888888889	0.8294573643410853	0.0	0.9642857142857143	1.0	1.0	1.0	0.9230769230769231
dmw=14779	0.20072992700729927	0.24334600760456274	0.15384615384615385	0.1487603305785124	0.2013888888888889	0.171875	0.15306122448979592	0.2037037037037037	0.24503311258278146	0.04	0.27710843373493976	0.3333333333333333	0.4666666666666667	0.17391304347826086	0.0	0.5	0.0
dmw=14783	0.8466135458167331	0.752	0.7608695652173914	0.8142857142857143	0.6854838709677419	0.8823529411764706	0.7183098591549296	0.8947368421052632	0.7424242424242424	0.7272727272727273	0.926829268292683	1.0	0.8260869565217391	1.0	1.0	0.6666666666666666	0.5454545454545454
dmw=14792	0.20100502512562815	0.21551724137931033	0.3140495867768595	0.13559322033898305	0.2484076433121019	0.25	0.27522935779816515	0.10975609756097561	0.25	0.19230769230769232	0.22058823529411764	0.6666666666666666	0.0	0.2857142857142857	0.46153846153846156	0.45454545454545453	0.8
dmw=14793	0.21251548946716234	0.1888745148771022	0.284375	0.23357664233576642	0.16893732970027248	0.23232323232323232	0.21703296703296704	0.1956521739130435	0.1794871794871795	0.24761904761904763	0.18726591760299627	0.4084507042253521	0.1411764705882353	0.1836734693877551	0.2	0.28	0.47619047619047616
dmw=14797	0.0040650406504065045	0.006472491909385114	0.008064516129032258	0.0	0.003968253968253968	0.0125	0.012195121951219513	0.0	0.0	0.0	0.013157894736842105	0.0	0.0	0.0	0.09090909090909091	0.0	0.0
dmw=14805	0.9305019305019305	0.8736462093862816	0.9803921568627451	0.9279279279279279	0.9180327868852459	0.9516129032258065	0.8703703703703703	0.9375	0.9333333333333333	0.9090909090909091	0.8317757009345794	1.0	1.0	0.9411764705882353	0.0	0.75	0.8
dmw=14807	0.9315476190476191	0.9786324786324786	1.0	0.8839285714285714	0.9789473684210527	0.9906542056074766	0.935064935064935	0.9710144927536232	0.9024390243902439	0.8571428571428571	0.978021978021978	0.9722222222222222	1.0	0.9512195121951219	1.0	1.0	1.0
dmw=14829	0.007905138339920948	0.009933774834437087	0.014814814814814815	0.00684931506849315	0.013888888888888888	0.014705882352941176	0.014084507042253521	0.028985507246376812	0.010362694300518135	0.0	0.0	0.0	0.0	0.017241379310344827	0.0	0.0	0.0
dmw=14838	0.9273570324574961	0.8588807785888077	0.9473684210526315	0.896774193548387	0.927536231884058	0.797979797979798	0.8978102189781022	0.9571428571428572	0.9076923076923077	0.5882352941176471	0.9230769230769231	0.8461538461538461	0.8194444444444444	0.9795918367346939	1.0	0.0	0.0
dmw=14856	0.008611410118406888	0.0041753653444676405	0.01675977653631285	0.009259259259259259	0.004878048780487805	0.00909090909090909	0.0	0.0	0.004132231404958678	0.0	0.007751937984496124	0.0	0.0	0.0	0.0	0.0	0.0
dmw=14874	0.5416248746238717	0.5717391304347826	0.7472527472527473	0.5619469026548672	0.4898785425101215	0.6333333333333333	0.3108108108108108	0.6338028169014085	0.27358490566037735	0.5595238095238095	0.5371900826446281	0.717948717948718	0.2909090909090909	0.47619047619047616	1.0	0.0	0.7391304347826086
dmw=14884	0.006756756756756757	0.0	0.0070921985815602835	0.0	0.005405405405405406	0.0	0.0	0.024390243902439025	0.0	0.0	0.0056179775280898875	0.0	0.0	0.0	0.0	0.0	0.0
dmw=14900	0.01303780964797914	0.018691588785046728	0.007462686567164179	0.0	0.004807692307692308	0.0	0.009174311926605505	0.0	0.007633587786259542	0.0	0.0	0.0	0.0	0.0	0.0	0.0	0.0
dmw=14902	0.8739495798319328	0.8493975903614458	0.8543689320388349	0.8405797101449275	0.8613861386138614	0.7857142857142857	0.87	0.7948717948717948	0.8507462686567164	0.9	0.8181818181818182	0.5	0.8235294117647058	0.6	0.0	1.0	1.0
dmw=14917	0.003735325506937033	0.004077471967380225	0.003076923076923077	0.0	0.0022271714922048997	0.009950248756218905	0.0020876826722338203	0.0	0.008605851979345954	0.0	0.006309148264984227	0.0	0.0	0.0	0.0	0.0	0.0
dmw=14919	0.17890520694259013	0.19141914191419143	0.15789473684210525	0.16901408450704225	0.152	0.2111111111111111	0.10071942446043165	0.1282051282051282	0.21710526315789475	0.19047619047619047	0.15447154471544716	0.05	0.0	0.05	0.13333333333333333	0.20833333333333334	0.16666666666666666
dmw=14932	0.009589041095890411	0.014450867052023121	0.018518518518518517	0.0	0.0	0.0	0.007874015748031496	0.0	0.01327433628318584	0.013157894736842105	0.0	0.0625	0.0	0.0	0.0	0.0	0.0196078431372549
dmw=14940	0.2534562211981567	0.2924901185770751	0.32051282051282054	0.35507246376811596	0.3702127659574468	0.30612244897959184	0.27956989247311825	0.1836734693877551	0.3161512027491409	0.4430379746835443	0.1320754716981132	0.3333333333333333	0.35	0.3333333333333333	0.1111111111111111	0.5	0.5
dmw=14954	0.02050326188257223	0.013477088948787063	0.036885245901639344	0.04219409282700422	0.025	0.02040816326530612	0.011049723756906077	0.020134228187919462	0.007168458781362007	0.028169014084507043	0.0	0.06818181818181818	0.05714285714285714	0.030303030303030304	0.0	0.0	0.043478260869565216
dmw=14958	0.010638297872340425	0.006564551422319475	0.0	0.0	0.012448132780082987	0.011904761904761904	0.004629629629629629	0.009259259259259259	0.0	0.0	0.005025125628140704	0.0	0.0	0.0	0.0	0.0	0.0
dmw=14972	0.22612085769980506	0.21875	0.25925925925925924	0.1951219512195122	0.25892857142857145	0.4606741573033708	0.38144329896907214	0.4864864864864865	0.2926829268292683	0.16666666666666666	0.12359550561797752	0.2909090909090909	0.2962962962962963	0.22857142857142856	0.25	0.6956521739130435	1.0
dmw=14973	0.0038043478260869567	0.00576036866359447	0.009029345372460496	0.0024154589371980675	0.004878048780487805	0.007575757575757576	0.004975124378109453	0.007633587786259542	0.016632016632016633	0.007462686567164179	0.005025125628140704	0.008928571428571428	0.025	0.0	0.0	0.016666666666666666	0.0
dmw=14982	0.3611111111111111	0.453781512605042	0.3225806451612903	0.4418604651162791	0.3037974683544304	0.5625	0.32653061224489793	0.55	0.23469387755102042	0.06666666666666667	0.2619047619047619	0.5833333333333334	0.7	0.3333333333333333	0.0	0.0	0.3333333333333333
dmw=14993	0.005776173285198556	0.018957345971563982	0.0072992700729927005	0.008064516129032258	0.007978723404255319	0.0	0.0035087719298245615	0.0	0.005154639175257732	0.0	0.004016064257028112	0.0	0.05405405405405406	0.010309278350515464	0.0	0.0	0.0
dmw=15018	0.04582651391162029	0.06878306878306878	0.19230769230769232	0.2072072072072072	0.16352201257861634	0.32098765432098764	0.21374045801526717	0.09090909090909091	0.16483516483516483	0.21875	0.09090909090909091	0.2857142857142857	0.0	0.2	0.0	0.2857142857142857	0.0
dmw=15021	0.07892204042348412	0.03314917127071823	0.06629834254143646	0.0653061224489796	0.07801418439716312	0.18617021276595744	0.023923444976076555	0.03007518796992481	0.05588235294117647	0.0	0.05241935483870968	0.034482758620689655	0.043478260869565216	0.047619047619047616	0.0	0.0	0.0
dmw=15022	0.4157088122605364	0.3968253968253968	0.248	0.22826086956521738	0.40512820512820513	0.43023255813953487	0.22950819672131148	0.5061728395061729	0.41843971631205673	0.17647058823529413	0.28448275862068967	0.0	0.45	0.3333333333333333	0.0	0.3181818181818182	0.6785714285714286
dmw=15026	0.30851063829787234	0.17647058823529413	0.5392156862745098	0.5	0.4485981308411215	0.3076923076923077	0.39325842696629215	0.2222222222222222	0.3391304347826087	0.2553191489361702	0.14035087719298245	0.5	0.21052631578947367	0.23529411764705882	0.0	0.21739130434782608	0.8181818181818182
dmw=15027	0.007423117709437964	0.012738853503184714	0.0	0.004524886877828055	0.0033112582781456954	0.016853932584269662	0.0036900369003690036	0.0	0.0	0.034482758620689655	0.005319148936170213	0.017543859649122806	0.0	0.0	0.0	0.0	0.0
dmw=15028	0.44555555555555554	0.43243243243243246	0.45348837209302323	0.5507246376811594	0.5527426160337553	0.5076923076923077	0.41919191919191917	0.5714285714285714	0.3161512027491409	0.46774193548387094	0.34328358208955223	0.7183098591549296	0.5111111111111111	0.3142857142857143	0.875	0.7391304347826086	0.2972972972972973
dmw=15033	0.4876847290640394	0.4819277108433735	0.6065573770491803	0.6410256410256411	0.74	0.6666666666666666	0.8103448275862069	0.6666666666666666	0.8717948717948718	0.8181818181818182	0.5434782608695652	0.9	0.8	0.6	1.0	0.0	0.8333333333333334
dmw=15038	0.47117516629711753	0.544392523364486	0.5836909871244635	0.5046728971962616	0.3669064748201439	0.5376344086021505	0.38461538461538464	0.4576271186440678	0.31125827814569534	0.4111111111111111	0.4768211920529801	0.5882352941176471	0.3018867924528302	0.46153846153846156	0.6	0.5789473684210527	0.5882352941176471
dmw=15039	0.004106776180698152	0.003875968992248062	0.0	0.030612244897959183	0.03571428571428571	0.0	0.0	0.0	0.013793103448275862	0.0	0.012987012987012988	0.0	0.0	0.03225806451612903	0.0	0.0	0.0
dmw=15077	0.9126559714795008	0.932806324110672	0.8320610687022901	0.872093023255814	0.9333333333333333	0.9873417721518988	0.967948717948718	0.8666666666666667	0.8959276018099548	0.75	0.7909090909090909	1.0	0.8666666666666667	0.9512195121951219	1.0	1.0	1.0
dmw=15083	0.020718232044198894	0.003115264797507788	0.043209876543209874	0.020833333333333332	0.0072992700729927005	0.044444444444444446	0.05188679245283019	0.053763440860215055	0.030303030303030304	0.0	0.009615384615384616	0.05555555555555555	0.0	0.0	0.0	0.0	0.07142857142857142
dmw=15116	0.054713804713804715	0.07128712871287128	0.046413502109704644	0.04285714285714286	0.03424657534246575	0.06321839080459771	0.02834008097165992	0.08	0.04714640198511166	0.046153846153846156	0.04780876494023904	0.07865168539325842	0.025	0.062111801242236024	0.06666666666666667	0.07142857142857142	0.08571428571428572
dmw=15117	0.0	0.007228915662650603	0.0045045045045045045	0.006578947368421052	0.004807692307692308	0.02	0.004739336492890996	0.0	0.0036900369003690036	0.0	0.0	0.0	0.0	0.011494252873563218	0.0	0.10344827586206896	0.0
dmw=15129	0.39461077844311376	0.43356643356643354	0.45544554455445546	0.4584717607973422	0.5535248041775457	0.36764705882352944	0.5872641509433962	0.3475177304964539	0.5558375634517766	0.45689655172413796	0.36328125	0.4827586206896552	0.28205128205128205	0.5208333333333334	0.42105263157894735	0.2857142857142857	0.6206896551724138
dmw=15137	0.007692307692307693	0.006993006993006993	0.0	0.003968253968253968	0.006726457399103139	0.012121212121212121	0.024896265560165973	0.013986013986013986	0.005714285714285714	0.016260162601626018	0.009302325581395349	0.0	0.03389830508474576	0.0	0.0	0.0	0.0
dmw=15154	0.3883381924198251	0.458980044345898	0.2683544303797468	0.4404432132963989	0.22131147540983606	0.26153846153846155	0.3607305936073059	0.24855491329479767	0.3626373626373626	0.211864406779661	0.3439153439153439	0.29508196721311475	0.2717391304347826	0.21839080459770116	0.25	0.32653061224489793	0.17647058823529413
dmw=15166	0.010471204188481676	0.0	0.0	0.0379746835443038	0.0	0.0	0.0196078431372549	0.0	0.009174311926605505	0.06451612903225806	0.0	0.0	0.0	0.05128205128205128	0.0	0.0	0.0
dmw=15167	0.2032967032967033	0.1864951768488746	0.1532258064516129	0.1732283464566929	0.17616580310880828	0.07272727272727272	0.23972602739726026	0.08571428571428572	0.08	0.046511627906976744	0.05263157894736842	0.2597402597402597	0.125	0.03636363636363636	0.0	0.6666666666666666	0.4230769230769231
dmw=15191	0.03236994219653179	0.0297029702970297	0.02631578947368421	0.050335570469798654	0.05190311418685121	0.059748427672955975	0.06203007518796992	0.026143790849673203	0.03735144312393888	0.04864864864864865	0.01977401129943503	0.012269938650306749	0.02727272727272727	0.055248618784530384	0.125	0.08571428571428572	0.043478260869565216
dmw=15212	0.007855459544383346	0.02346041055718475	0.034782608695652174	0.015527950310559006	0.008670520231213872	0.029585798816568046	0.007751937984496124	0.02	0.01674641148325359	0.02586206896551724	0.019736842105263157	0.0	0.0	0.022988505747126436	0.0	0.05454545454545454	0.03636363636363636
dmw=15254	0.006185567010309278	0.003787878787878788	0.0	0.031746031746031744	0.0	0.0	0.007194244604316547	0.0	0.0	0.0	0.017857142857142856	0.0	0.0	0.0	0.0	0.0	0.0
dmw=15266	0.8889669711876318	0.8293075684380032	0.9102564102564102	0.9235474006116208	0.8691860465116279	0.9112903225806451	0.8969465648854962	0.9457831325301205	0.9038961038961039	0.7959183673469388	0.8095238095238095	0.8796296296296297	0.9117647058823529	0.8658536585365854	0.9512195121951219	0.9666666666666667	0.9629629629629629
dmw=15271	0.09735849056603774	0.12208504801097393	0.0835509138381201	0.11042944785276074	0.052307692307692305	0.1016949152542373	0.049868766404199474	0.1232876712328767	0.05578512396694215	0.0784313725490196	0.137546468401487	0.16981132075471697	0.0	0.08270676691729323	0.08571428571428572	0.0	0.125
dmw=15272	0.009655172413793104	0.007462686567164179	0.0	0.0	0.018867924528301886	0.017699115044247787	0.0	0.0	0.004032258064516129	0.0	0.0	0.0	0.0	0.02040816326530612	0.0	0.0	0.0
dmw=15290	0.005844845908607864	0.007194244604316547	0.002178649237472767	0.0	0.00338409475465313	0.009174311926605505	0.012165450121654502	0.003278688524590164	0.0	0.0	0.009554140127388535	0.0	0.0	0.0	0.0	0.0	0.0
dmw=15341	0.004098360655737705	0.003780718336483932	0.007978723404255319	0.01060070671378092	0.009433962264150943	0.015810276679841896	0.007067137809187279	0.006329113924050633	0.012302284710017574	0.019736842105263157	0.0	0.0	0.010309278350515464	0.015037593984962405	0.0	0.0	0.0
dmw=15343	0.006514657980456026	0.004511278195488722	0.003115264797507788	0.016556291390728478	0.0023584905660377358	0.0	0.007042253521126761	0.0	0.005305039787798408	0.0	0.00398406374501992	0.0	0.0	0.0	0.0	0.0	0.03571428571428571
dmw=15349	0.028722002635046113	0.026731470230862697	0.023958333333333335	0.03442879499217527	0.02519548218940052	0.024029574861367836	0.03262233375156838	0.02030456852791878	0.020765027322404372	0.03869047619047619	0.021538461538461538	0.045112781954887216	0.012987012987012988	0.0	0.022988505747126436	0.057692307692307696	0.05511811023622047
dmw=15356	0.15065913370998116	0.19047619047619047	0.16363636363636364	0.21487603305785125	0.09448818897637795	0.15555555555555556	0.2331288343558282	0.13333333333333333	0.06369426751592357	0.29411764705882354	0.09375	0.2631578947368421	0.0	0.1875	0.0	0.125	0.0
dmw=15360	0.012640449438202247	0.0	0.0	0.016260162601626018	0.024390243902439025	0.0	0.0	0.0	0.0	0.016129032258064516	0.010526315789473684	0.0	0.0	0.05128205128205128	0.0	0.0	0.0
dmw=15374	0.06127946127946128	0.024963289280469897	0.0711743772241993	0.09944751381215469	0.04150943396226415	0.05303030303030303	0.07004830917874397	0.06504065040650407	0.04513064133016627	0.054945054945054944	0.0319634703196347	0.0989010989010989	0.024390243902439025	0.08108108108108109	0.07142857142857142	0.0	0.29411764705882354
dmw=15375	0.04856726566294318	0.03823529411764706	0.10161662817551963	0.08057851239669421	0.08021390374331551	0.075	0.08990825688073395	0.08414239482200647	0.047619047619047616	0.0	0.021505376344086023	0.056818181818181816	0.043478260869565216	0.05042016806722689	0.0	0.2	0.06666666666666667
dmw=15378	0.4140030441400304	0.4227941176470588	0.3	0.2826086956521739	0.41397849462365593	0.4642857142857143	0.3394495412844037	0.68	0.37714285714285717	0.36486486486486486	0.37209302325581395	0.4642857142857143	0.49019607843137253	0.6304347826086957	0.16666666666666666	0.2857142857142857	0.6551724137931034
dmw=15384	0.0898876404494382	0.048625792811839326	0.24295774647887325	0.19626168224299065	0.07420494699646643	0.5631067961165048	0.08561643835616438	0.013888888888888888	0.05136986301369863	0.25925925925925924	0.04954954954954955	0.35294117647058826	0.4117647058823529	0.13675213675213677	0.75	0.0	0.46875
dmw=15395	0.0037641154328732747	0.007246376811594203	0.03046594982078853	0.01263157894736842	0.029197080291970802	0.05627705627705628	0.04656319290465632	0.006309148264984227	0.034220532319391636	0.01730103806228374	0.002183406113537118	0.038461538461538464	0.0	0.013745704467353952	0.09615384615384616	0.125	0.14035087719298245
dmw=15444	0.008086253369272238	0.020202020202020204	0.013157894736842105	0.0	0.009900990099009901	0.011764705882352941	0.0	0.0	0.00904977375565611	0.0	0.0	0.0	0.0	0.0	0.0	0.0	0.0
dmw=15497	0.6711711711711712	0.7559055118110236	0.7571428571428571	0.703125	0.6114649681528662	0.7755102040816326	0.6218487394957983	0.6296296296296297	0.5983606557377049	0.6181818181818182	0.4931506849315068	0.7916666666666666	0.2631578947368421	0.7083333333333334	0.36363636363636365	0.8461538461538461	0.0
dmw=15516	0.02599388379204893	0.05328596802841918	0.01818181818181818	0.022364217252396165	0.040123456790123455	0.05172413793103448	0.026515151515151516	0.027777777777777776	0.03695150115473441	0.015873015873015872	0.013043478260869565	0.0	0.10204081632653061	0.04	0.06451612903225806	0.0	0.02702702702702703
dmw=15517	0.006666666666666667	0.009671179883945842	0.0	0.030100334448160536	0.003205128205128205	0.0	0.007317073170731708	0.0	0.014354066985645933	0.0	0.0	0.0	0.0	0.0	0.0	0.06896551724137931	0.0
dmw=15529	0.0021141649048625794	0.004739336492890996	0.0	0.0	0.014285714285714285	0.0	0.0	0.0	0.008695652173913044	0.0	0.0	0.0	0.0	0.0	0.0	0.0	0.0
dmw=15533	0.00425531914893617	0.006825938566552901	0.006711409395973154	0.0	0.012738853503184714	0.008620689655172414	0.006097560975609756	0.0	0.009259259259259259	0.0	0.02631578947368421	0.0	0.0	0.02040816326530612	0.0	0.0	0.0
dmw=15534	0.17011019283746556	0.17495711835334476	0.17921146953405018	0.1574074074074074	0.010638297872340425	0.022988505747126436	0.00967741935483871	0.1262135922330097	0.023809523809523808	0.045871559633027525	0.2	0.16	0.16666666666666666	0.0	0.0	0.0	0.08333333333333333
dmw=15535	0.0035671819262782403	0.0	0.0	0.0	0.0	0.0	0.0	0.011363636363636364	0.0	0.08571428571428572	0.0	0.0	0.058823529411764705	0.037037037037037035	0.0	0.0	0.0
dmw=15566	0.05393743257820928	0.07363420427553444	0.011764705882352941	0.01675977653631285	0.029166666666666667	0.03636363636363636	0.0223463687150838	0.0	0.0	0.0	0.0	0.0	0.0	0.0	0.0	0.0	0.0
dmw=15577	0.09375924282756581	0.09090909090909091	0.08737864077669903	0.06690997566909976	0.09963547995139732	0.1540130151843818	0.08936825885978428	0.07959479015918958	0.06280667320902845	0.15363881401617252	0.05374823196605375	0.12179487179487179	0.03937007874015748	0.06	0.12781954887218044	0.08955223880597014	0.1111111111111111
dmw=15578	0.7686832740213523	0.8914728682170543	0.9108910891089109	0.8837209302325582	0.8058823529411765	0.8571428571428571	0.8991596638655462	0.8888888888888888	0.8525641025641025	0.6274509803921569	0.8247422680412371	0.0	0.7692307692307693	0.85	0.0	1.0	0.6666666666666666
dmw=15594	0.1640826873385013	0.09302325581395349	0.5675675675675675	0.2689075630252101	0.43529411764705883	0.68	0.4652777777777778	0.2222222222222222	0.2604166666666667	0.696969696969697	0.10526315789473684	0.6538461538461539	0.391304347826087	0.38961038961038963	0.3333333333333333	1.0	0.5714285714285714
dmw=15610	0.048295454545454544	0.04819277108433735	0.06349206349206349	0.04	0.0379746835443038	0.0	0.05172413793103448	0.023809523809523808	0.0782608695652174	0.045454545454545456	0.018518518518518517	0.06666666666666667	0.0	0.0	0.0	0.0	0.3
dmw=15637	0.4048	0.2783882783882784	0.27741935483870966	0.4251968503937008	0.3588235294117647	0.7246376811594203	0.2661290322580645	0.25	0.32142857142857145	0.31343283582089554	0.38028169014084506	0.7142857142857143	0.56	0.3442622950819672	1.0	0.46153846153846156	0.11764705882352941
dmw=15639	0.00788436268068331	0.013368983957219251	0.0037313432835820895	0.02197802197802198	0.0196078431372549	0.0	0.006097560975609756	0.0	0.009478672985781991	0.0	0.0	0.0	0.08	0.027777777777777776	0.0	0.0	0.0
dmw=15649	0.05829596412556054	0.026578073089700997	0.07317073170731707	0.07777777777777778	0.06179775280898876	0.11428571428571428	0.11702127659574468	0.021505376344086023	0.09826589595375723	0.013157894736842105	0.05660377358490566	0.0	0.11764705882352941	0.058823529411764705	0.1	0.0	0.0
dmw=15661	0.10720268006700168	0.0984	0.1152	0.14671814671814673	0.11492537313432835	0.1956521739130435	0.13846153846153847	0.05263157894736842	0.10067114093959731	0.12280701754385964	0.09116022099447514	0.16447368421052633	0.1513157894736842	0.055248618784530384	0.25925925925925924	0.3	0.16071428571428573
dmw=15662	0.019861570869696057	0.01544998068752414	0.021526418786692758	0.01111934766493699	0.015508328546812177	0.04878048780487805	0.01925820256776034	0.02054794520547945	0.03164091243561442	0.029723991507430998	0.018682399213372666	0.03503184713375796	0.0	0.019271948608137045	0.018518518518518517	0.041666666666666664	0.016194331983805668
dmw=15663	0.02601410934744268	0.013422818791946308	0.03023758099352052	0.017204301075268817	0.030560271646859084	0.04564315352697095	0.03110047846889952	0.013452914798206279	0.026223776223776224	0.015625	0.03170731707317073	0.032520325203252036	0.04081632653061224	0.028169014084507043	0.020833333333333332	0.0	0.016666666666666666
dmw=15664	0.0036363636363636364	0.012594458438287154	0.0	0.0	0.0	0.009009009009009009	0.0041841004184100415	0.0	0.0	0.02631578947368421	0.005780346820809248	0.0	0.0	0.0	0.0	0.0	0.0
dmw=15665	0.012658227848101266	0.01445578231292517	0.03564727954971857	0.02280130293159609	0.01794453507340946	0.024	0.014577259475218658	0.012698412698412698	0.0161892901618929	0.0392156862745098	0.014492753623188406	0.0718954248366013	0.038461538461538464	0.015503875968992248	0.04878048780487805	0.0	0.0
dmw=15667	0.6606334841628959	0.7379310344827587	0.7280334728033473	0.7171052631578947	0.7341269841269841	0.36585365853658536	0.7771084337349398	0.6517857142857143	0.6171003717472119	0.6875	0.45	0.7027027027027027	0.2	0.6507936507936508	0.5217391304347826	0.7142857142857143	0.8947368421052632
dmw=15671	0.07303370786516854	0.07548701298701299	0.05227655986509275	0.05442176870748299	0.09218436873747494	0.06382978723404255	0.05604203152364273	0.03551912568306011	0.06269592476489028	0.05521472392638037	0.04185022026431718	0.08536585365853659	0.041237113402061855	0.07909604519774012	0.0	0.0	0.07092198581560284
dmw=15672	0.00785498489425982	0.010362694300518135	0.0	0.012690355329949238	0.0	0.017045454545454544	0.0044444444444444444	0.06060606060606061	0.007389162561576354	0.006944444444444444	0.013029315960912053	0.010752688172043012	0.0	0.011363636363636364	0.02127659574468085	0.041666666666666664	0.0
dmw=15692	0.010267338240991864	0.008252063015753939	0.006711409395973154	0.0074142724745134385	0.012811867835468645	0.01540436456996149	0.01160541586073501	0.019193857965451054	0.011848341232227487	0.013725490196078431	0.007741935483870968	0.008333333333333333	0.006389776357827476	0.005434782608695652	0.0	0.007751937984496124	0.01509433962264151
dmw=15693	0.04056664520283323	0.05198555956678701	0.03597122302158273	0.06463195691202872	0.07350901525658807	0.030418250950570342	0.05141388174807198	0.05241935483870968	0.06845965770171149	0.044444444444444446	0.027156549520766772	0.053691275167785234	0.024691358024691357	0.025	0.16981132075471697	0.0	0.03571428571428571
dmw=15696	0.8948148148148148	0.9053627760252366	0.9057971014492754	0.8677685950413223	0.8421052631578947	0.926605504587156	0.7225433526011561	0.9117647058823529	0.7440476190476191	0.9090909090909091	0.912	1.0	0.7931034482758621	0.6326530612244898	1.0	1.0	0.9444444444444444
dmw=15697	0.34519867549668876	0.2875816993464052	0.35315985130111527	0.40160642570281124	0.2054794520547945	0.37681159420289856	0.18152866242038215	0.09722222222222222	0.2490566037735849	0.3815789473684211	0.22556390977443608	0.3888888888888889	0.24242424242424243	0.3103448275862069	1.0	0.13333333333333333	0.6590909090909091
dmw=15718	0.0014367816091954023	0.003194888178913738	0.0	0.0	0.026737967914438502	0.009708737864077669	0.022388059701492536	0.0196078431372549	0.00819672131147541	0.012345679012345678	0.00980392156862745	0.0	0.0	0.01818181818181818	0.0	0.0	0.0
dmw=15739	0.17784711388455537	0.2765196662693683	0.3	0.21774193548387097	0.2569444444444444	0.1527777777777778	0.1781609195402299	0.25949367088607594	0.24489795918367346	0.2336448598130841	0.13372093023255813	0.0	0.24324324324324326	0.35135135135135137	0.0	0.0	0.0
dmw=15744	0.006349206349206349	0.0	0.016129032258064516	0.015384615384615385	0.0	0.02040816326530612	0.0	0.0	0.014492753623188406	0.05555555555555555	0.014084507042253521	0.0	0.0	0.0	0.0	0.0	0.0
dmw=15745	0.4358353510895884	0.48947368421052634	0.76	0.5	0.4375	0.7903225806451613	0.5522388059701493	0.8888888888888888	0.5757575757575758	0.275	0.33636363636363636	0.8571428571428571	0.6666666666666666	0.6666666666666666	0.5294117647058824	1.0	0.0
dmw=15759	0.21466666666666667	0.19830028328611898	0.2682926829268293	0.29770992366412213	0.2753623188405797	0.25609756097560976	0.31840796019900497	0.19387755102040816	0.19747899159663865	0.36585365853658536	0.18487394957983194	0.12	0.25	0.32142857142857145	0.34782608695652173	0.045454545454545456	0.2564102564102564
dmw=15760	0.7927677329624478	0.8273809523809523	0.7962962962962963	0.8073394495412844	0.6606060606060606	0.7551020408163265	0.5193798449612403	0.7922077922077922	0.66	0.6756756756756757	0.773972602739726	0.5333333333333333	0.9166666666666666	0.8378378378378378	0.4	0.7272727272727273	0.25
dmw=15796	0.2855534709193246	0.37433155080213903	0.27205882352941174	0.3333333333333333	0.2039573820395738	0.2393617021276596	0.23203592814371257	0.29213483146067415	0.19725557461406518	0.42346938775510207	0.26666666666666666	0.20833333333333334	0.3132530120481928	0.23076923076923078	0.35714285714285715	0.13636363636363635	0.7111111111111111
dmw=15819	0.7837693539775761	0.7962025316455696	0.8169491525423729	0.7818791946308725	0.888235294117647	0.8078602620087336	0.7645788336933045	0.8170731707317073	0.8389458272327965	0.7142857142857143	0.7913907284768212	0.8888888888888888	0.8854166666666666	0.8936170212765957	0.9107142857142857	0.8181818181818182	0.7
dmw=15820	0.5211009174311927	0.48875562218890556	0.42777777777777776	0.3477088948787062	0.48914858096828046	0.5126903553299492	0.5213032581453634	0.434375	0.3883495145631068	0.42342342342342343	0.3784860557768924	0.4342105263157895	0.42857142857142855	0.3125	0.0	0.6410256410256411	0.7142857142857143
dmw=15822	0.6729518855656696	0.6913229018492176	0.6081632653061224	0.6404494382022472	0.7661016949152543	0.7263681592039801	0.7604166666666666	0.610062893081761	0.639686684073107	0.4731182795698925	0.6594982078853047	0.6440677966101694	0.6538461538461539	0.7086614173228346	0.8857142857142857	0.5555555555555556	0.7096774193548387
dmw=15823	0.6518771331058021	0.6238938053097345	0.680327868852459	0.6053811659192825	0.6840277777777778	0.6491228070175439	0.6062717770034843	0.5620915032679739	0.6631205673758865	0.4268292682926829	0.583969465648855	0.7058823529411765	0.5909090909090909	0.5959595959595959	0.7777777777777778	0.7222222222222222	0.7631578947368421
dmw=15824	0.7197149643705463	0.6370370370370371	0.7160493827160493	0.7857142857142857	0.5945945945945946	0.6140350877192983	0.6470588235294118	0.6078431372549019	0.5533980582524272	0.7	0.6538461538461539	0.9230769230769231	0.42857142857142855	0.4	0.5	0.6666666666666666	0.5
dmw=15831	0.3777372262773723	0.5307692307692308	0.5480769230769231	0.3333333333333333	0.1488095238095238	0.3448275862068966	0.29591836734693877	0.3595505617977528	0.36180904522613067	0.375	0.46464646464646464	0.3125	0.047619047619047616	0.140625	0.0	0.48484848484848486	0.6363636363636364
dmw=15865	0.3122448979591837	0.375	0.2361111111111111	0.34210526315789475	0.39805825242718446	0.34831460674157305	0.2903225806451613	0.08695652173913043	0.33557046979865773	0.13513513513513514	0.3	0.07692307692307693	0.4166666666666667	0.2608695652173913	1.0	0.0	0.0
dmw=15869	0.23223223223223224	0.1655773420479303	0.2857142857142857	0.2756183745583039	0.3346938775510204	0.22580645161290322	0.2478134110787172	0.2230769230769231	0.39361702127659576	0.2073170731707317	0.12060301507537688	0.24	0.06896551724137931	0.12	0.17391304347826086	0.0	0.5675675675675675
dmw=15881	0.07317073170731707	0.08801955990220049	0.1099476439790576	0.12371134020618557	0.03017241379310345	0.20114942528735633	0.03286384976525822	0.05555555555555555	0.06463878326996197	0.08	0.112	0.25925925925925924	0.0	0.028169014084507043	0.0625	0.0	0.27586206896551724
dmw=15925	0.4633663366336634	0.4470588235294118	0.48325358851674644	0.46496815286624205	0.45226130653266333	0.4745762711864407	0.4601226993865031	0.5609756097560976	0.47191011235955055	0.4	0.30973451327433627	0.525	0.5945945945945946	0.5740740740740741	0.75	0.0	0.5
dmw=16083	0.005193578847969783	0.0043907793633369925	0.004048582995951417	0.0	0.0069124423963133645	0.007142857142857143	0.011185682326621925	0.0049504950495049506	0.0035398230088495575	0.0	0.014577259475218658	0.018518518518518517	0.0	0.004201680672268907	0.0	0.02857142857142857	0.0
dmw=16092	0.012244897959183673	0.03333333333333333	0.022727272727272728	0.0	0.0	0.0	0.020833333333333332	0.0	0.03125	0.0	0.041666666666666664	0.0	0.0	0.03225806451612903	0.0	0.0	0.0
dmw=16103	0.6343042071197411	0.5394736842105263	0.7127659574468085	0.6333333333333333	0.75	0.7222222222222222	0.7432432432432432	0.6153846153846154	0.7777777777777778	0.8	0.6612903225806451	0.0	0.5833333333333334	0.8709677419354839	1.0	1.0	1.0
dmw=16111	0.02	0.015873015873015872	0.0	0.0	0.012987012987012988	0.0	0.0	0.0	0.0	0.0	0.019230769230769232	0.0	0.0	0.07142857142857142	0.0	0.0	0.0
dmw=16124	0.010869565217391304	0.0	0.0	0.0	0.006024096385542169	0.0	0.009708737864077669	0.0	0.016483516483516484	0.0	0.023255813953488372	0.0	0.0	0.0	0.0	0.0	0.0
dmw=16129	0.009316770186335404	0.0	0.0	0.0	0.03529411764705882	0.045454545454545456	0.0	0.0	0.013333333333333334	0.1	0.0	0.0	0.0	0.0	0.0	0.0	0.0
dmw=16169	0.00539568345323741	0.004545454545454545	0.0	0.00847457627118644	0.006369426751592357	0.0	0.0	0.0	0.008130081300813009	0.0	0.008333333333333333	0.0	0.0	0.017857142857142856	0.0	0.0	0.0
dmw=16172	0.006804925469863901	0.003695491500369549	0.008620689655172414	0.0	0.0075	0.0	0.0030816640986132513	0.028070175438596492	0.0026490066225165563	0.00966183574879227	0.00966183574879227	0.010416666666666666	0.0	0.005	0.0	0.0	0.005747126436781609
dmw=16174	0.8111801242236025	0.811377245508982	0.875968992248062	0.8449612403100775	0.8531073446327684	0.7619047619047619	0.8347457627118644	0.8	0.8156862745098039	0.6595744680851063	0.7251908396946565	0.8846153846153846	0.8723404255319149	0.8793103448275862	0.8333333333333334	0.9285714285714286	0.6363636363636364
dmw=16202	0.002523128679562658	0.004651162790697674	0.01092896174863388	0.02631578947368421	0.013953488372093023	0.0	0.004807692307692308	0.011494252873563218	0.014388489208633094	0.0	0.024242424242424242	0.0	0.0	0.008333333333333333	0.0	0.0	0.0
dmw=16204	0.00975177304964539	0.0043859649122807015	0.017937219730941704	0.0	0.0	0.012738853503184714	0.02142857142857143	0.0	0.006944444444444444	0.021739130434782608	0.00909090909090909	0.0	0.025	0.0	0.0	0.16666666666666666	0.0
dmw=16292	0.00558659217877095	0.008624407072013798	0.004524886877828055	0.006566604127579738	0.007171314741035857	0.0	0.007743362831858407	0.009433962264150943	0.009587020648967551	0.0029411764705882353	0.007361963190184049	0.0	0.01606425702811245	0.0021551724137931034	0.0	0.021052631578947368	0.021739130434782608
dmw=16295	0.007936507936507936	0.007633587786259542	0.0	0.0	0.0	0.0	0.022727272727272728	0.014492753623188406	0.0	0.0	0.0	0.0	0.0	0.0	0.0	0.0	0.0
dmw=16353	0.0011025358324145535	0.001841620626151013	0.015810276679841896	0.0	0.008620689655172414	0.0	0.003875968992248062	0.0	0.0	0.02702702702702703	0.0	0.0	0.0	0.02040816326530612	0.0	0.0	0.0
dmw=16355	0.005390835579514825	0.005319148936170213	0.008	0.0	0.0	0.0	0.01282051282051282	0.0	0.011111111111111112	0.0	0.0	0.0	0.0	0.027777777777777776	0.0	0.0	0.0
dmw=16358	0.008995502248875561	0.0	0.0	0.021739130434782608	0.0	0.0	0.03592814371257485	0.0	0.006060606060606061	0.0	0.0	0.0	0.0	0.017241379310344827	0.0	0.0	0.0
dmw=16395	0.009124087591240875	0.003968253968253968	0.020618556701030927	0.0	0.0	0.0	0.009345794392523364	0.025	0.01	0.0	0.012658227848101266	0.0	0.0	0.0	0.0	0.0	0.0
dmw=16409	0.22950819672131148	0.2446043165467626	0.3090909090909091	0.2857142857142857	0.13978494623655913	0.23255813953488372	0.12903225806451613	0.3225806451612903	0.21568627450980393	0.13513513513513514	0.20833333333333334	0.2727272727272727	0.13333333333333333	0.375	0.125	0.375	0.23076923076923078
dmw=16420	0.015151515151515152	0.005154639175257732	0.03296703296703297	0.0	0.0	0.0	0.0	0.0	0.0	0.0	0.0	0.09090909090909091	0.0	0.0	0.0	0.0	0.0
dmw=16421	0.026705370101596515	0.028923076923076923	0.017814726840855107	0.022756005056890013	0.016778523489932886	0.02406417112299465	0.028169014084507043	0.011049723756906077	0.010526315789473684	0.023890784982935155	0.023633677991137372	0.011834319526627219	0.03289473684210526	0.046052631578947366	0.02702702702702703	0.043478260869565216	0.0196078431372549
dmw=16425	0.0443298969072165	0.033860045146726865	0.03464203233256351	0.061224489795918366	0.01	0.0125	0.005319148936170213	0.03940886699507389	0.011235955056179775	0.049689440993788817	0.03225806451612903	0.07692307692307693	0.0	0.0	0.0	0.027777777777777776	0.0
dmw=16442	0.20695754716981132	0.2025862068965517	0.22811059907834103	0.19476744186046513	0.31453362255965295	0.2755102040816326	0.2865853658536585	0.17105263157894737	0.28322440087145967	0.14814814814814814	0.28957528957528955	0.1724137931034483	0.17073170731707318	0.2711864406779661	0.6666666666666666	0.3064516129032258	0.18181818181818182
dmw=16445	0.00145985401459854	0.0030581039755351682	0.00546448087431694	0.01764705882352941	0.0	0.04225352112676056	0.0	0.0125	0.005434782608695652	0.0	0.0	0.0	0.0	0.0	0.0	0.0	0.0
dmw=16509	0.004796163069544364	0.0	0.013888888888888888	0.0	0.0045045045045045045	0.0	0.0	0.0	0.0	0.0	0.00819672131147541	0.0	0.0	0.0	0.0	0.0	0.0
dmw=16544	0.00794351279788173	0.006048387096774193	0.023391812865497075	0.0036496350364963502	0.011834319526627219	0.019801980198019802	0.008438818565400843	0.007874015748031496	0.00390625	0.0	0.0	0.0	0.0	0.0	0.0	0.0	0.0
dmw=16590	0.005121638924455826	0.007722007722007722	0.0	0.011695906432748537	0.01020408163265306	0.056074766355140186	0.008403361344537815	0.0	0.004524886877828055	0.0	0.012269938650306749	0.0	0.0	0.012658227848101266	0.14285714285714285	0.0	0.0
dmw=16608	0.004268943436499467	0.0	0.00881057268722467	0.0	0.003067484662576687	0.0	0.010752688172043012	0.0	0.0030581039755351682	0.016666666666666666	0.013245033112582781	0.0	0.0	0.0	0.0	0.0	0.0
dmw=16717	0.014678899082568808	0.0	0.006756756756756757	0.0	0.013513513513513514	0.0	0.013333333333333334	0.02127659574468085	0.0	0.0	0.0	0.0	0.0	0.0	0.0	0.0	0.0
dmw=16723	0.002785515320334262	0.0	0.0	0.007462686567164179	0.0	0.0	0.01834862385321101	0.0	0.0	0.0	0.0	0.0	0.0	0.0	0.0	0.0	0.0
dmw=16784	0.00984251968503937	0.004739336492890996	0.009174311926605505	0.021739130434782608	0.007751937984496124	0.0	0.015625	0.0	0.007142857142857143	0.0	0.0	0.0	0.0	0.0	0.0	0.0	0.0
dmw=16789	0.01775147928994083	0.006060606060606061	0.0	0.0	0.0	0.02631578947368421	0.0	0.0	0.0	0.0	0.0	0.0	0.0	0.0	0.0	0.0	0.0
dmw=16790	0.0020325203252032522	0.010452961672473868	0.0	0.025	0.008771929824561403	0.0136986301369863	0.007751937984496124	0.0	0.005917159763313609	0.0	0.0	0.0	0.0	0.0	0.0	0.0	0.0
dmw=16823	0.08790436005625879	0.0747800586510264	0.07849829351535836	0.08173076923076923	0.09951456310679611	0.10091743119266056	0.1167192429022082	0.015151515151515152	0.0881542699724518	0.04580152671755725	0.05454545454545454	0.0	0.4583333333333333	0.0661764705882353	0.0	0.10526315789473684	0.09302325581395349
dmw=16831	0.005144694533762058	0.007042253521126761	0.006666666666666667	0.011904761904761904	0.011547344110854504	0.0029940119760479044	0.004975124378109453	0.0058823529411764705	0.003992015968063872	0.0	0.008955223880597015	0.0	0.0	0.0	0.0	0.06666666666666667	0.05263157894736842
dmw=16844	0.02922077922077922	0.018518518518518517	0.09947643979057591	0.00819672131147541	0.0582010582010582	0.07692307692307693	0.04	0.023255813953488372	0.10309278350515463	0.09433962264150944	0.009259259259259259	0.175	0.08333333333333333	0.09230769230769231	0.0	0.0	0.0
dmw=16908	0.1396011396011396	0.09271523178807947	0.0425531914893617	0.08823529411764706	0.1452991452991453	0.18181818181818182	0.07575757575757576	0.07692307692307693	0.08450704225352113	0.1724137931034483	0.05172413793103448	0.17647058823529413	0.3333333333333333	0.0	0.0	0.0	0.3333333333333333
dmw=16911	0.01002004008016032	0.006557377049180328	0.011267605633802818	0.0032258064516129032	0.00641025641025641	0.008547008547008548	0.01838235294117647	0.0	0.0025252525252525255	0.010752688172043012	0.004608294930875576	0.0	0.0	0.0	0.0	0.0	0.0
dmw=16939	0.0026702269692923898	0.006493506493506494	0.0	0.0	0.004739336492890996	0.01834862385321101	0.013513513513513514	0.0	0.004975124378109453	0.0	0.0	0.0	0.04	0.0	0.0	0.0	0.0
dmw=16946	0.0056022408963585435	0.0	0.0	0.0036231884057971015	0.021645021645021644	0.014925373134328358	0.0	0.0	0.003875968992248062	0.014084507042253521	0.006024096385542169	0.0	0.0	0.06060606060606061	0.0	0.0	0.0
dmw=16952	0.8764478764478765	0.7790432801822323	0.8888888888888888	0.8512820512820513	0.72	0.8736842105263158	0.7045454545454546	0.675	0.7632850241545893	0.6	0.8518518518518519	0.5	0.9375	0.7956989247311828	0.8461538461538461	0.7777777777777778	0.9230769230769231
dmw=16958	0.8695652173913043	0.7527472527472527	0.77	0.8481012658227848	0.8902439024390244	0.8214285714285714	0.927536231884058	0.6	0.7394957983193278	0.775	0.8690476190476191	0.7755102040816326	0.8235294117647058	0.6190476190476191	0.0	0.0	0.7916666666666666
dmw=16977	0.07854785478547854	0.05619834710743802	0.05514705882352941	0.07317073170731707	0.07434944237918216	0.05909090909090909	0.029239766081871343	0.08	0.060941828254847646	0.05847953216374269	0.03910614525139665	0.017543859649122806	0.05555555555555555	0.061224489795918366	0.03636363636363636	0.10869565217391304	0.0975609756097561
dmw=16982	0.007462686567164179	0.0023584905660377358	0.014354066985645933	0.009708737864077669	0.003952569169960474	0.0	0.009345794392523364	0.0	0.011627906976744186	0.0	0.012121212121212121	0.06451612903225806	0.0	0.011627906976744186	0.0	0.0	0.0
dmw=17003	0.008273009307135471	0.009324009324009324	0.0	0.0	0.0033333333333333335	0.013157894736842105	0.004830917874396135	0.02631578947368421	0.0	0.029411764705882353	0.0	0.0625	0.0	0.018867924528301886	0.0	0.0	0.0
dmw=17015	0.07436131386861314	0.046511627906976744	0.058519793459552494	0.08401084010840108	0.1012396694214876	0.0738255033557047	0.10416666666666667	0.04964539007092199	0.08623548922056384	0.060240963855421686	0.05021834061135371	0.045454545454545456	0.15384615384615385	0.1048951048951049	0.0	0.0975609756097561	0.17204301075268819
dmw=17016	0.015810276679841896	0.0	0.017167381974248927	0.0058823529411764705	0.005128205128205128	0.009433962264150943	0.006097560975609756	0.0	0.0053475935828877	0.009259259259259259	0.0	0.0	0.0	0.0	0.0	0.037037037037037035	0.0
dmw=17018	0.8033149171270718	0.7522388059701492	0.7866666666666666	0.8128654970760234	0.7979274611398963	0.6821192052980133	0.8258928571428571	0.7304964539007093	0.8344370860927153	0.7333333333333333	0.7412587412587412	0.8205128205128205	0.0	0.8461538461538461	0.8125	1.0	0.6190476190476191
dmw=17020	0.012962962962962963	0.0027548209366391185	0.0	0.006211180124223602	0.0	0.0	0.0	0.0	0.0	0.0	0.0	0.0	0.0	0.022727272727272728	0.1	0.0	0.0
dmw=17038	0.0043975373790677225	0.02795698924731183	0.0	0.0	0.004132231404958678	0.004405286343612335	0.0	0.006666666666666667	0.0	0.018518518518518517	0.030303030303030304	0.0	0.06451612903225806	0.0	0.0	0.0	0.0
dmw=17080	0.01076555023923445	0.002652519893899204	0.005291005291005291	0.0	0.0	0.027777777777777776	0.046875	0.0	0.009345794392523364	0.0	0.01764705882352941	0.0	0.0	0.0	0.0	0.0	0.0
dmw=17094	0.004838709677419355	0.004024144869215292	0.00819672131147541	0.0	0.006644518272425249	0.0	0.0	0.0	0.003194888178913738	0.03076923076923077	0.026845637583892617	0.0	0.0	0.05309734513274336	0.0	0.0	0.0
dmw=17096	0.005148005148005148	0.0030257186081694403	0.0033707865168539327	0.004581901489117984	0.003457216940363008	0.0069084628670120895	0.005780346820809248	0.014539579967689823	0.007575757575757576	0.0	0.006309148264984227	0.00980392156862745	0.006578947368421052	0.00684931506849315	0.0	0.010752688172043012	0.0
dmw=17113	0.011178861788617886	0.006423982869379015	0.0	0.005434782608695652	0.004629629629629629	0.0	0.005050505050505051	0.0	0.0	0.010869565217391304	0.010309278350515464	0.0	0.0	0.0273972602739726	0.0	0.0	0.0
dmw=17138	0.017241379310344827	0.005780346820809248	0.0	0.0	0.0	0.0	0.0	0.0	0.0	0.0	0.0	0.0	0.0	0.038461538461538464	0.0	0.0	0.0
dmw=17143	0.017814726840855107	0.019178082191780823	0.018518518518518517	0.017341040462427744	0.018604651162790697	0.009708737864077669	0.025362318840579712	0.07207207207207207	0.016260162601626018	0.0	0.0	0.0	0.038461538461538464	0.034482758620689655	0.0	0.0	0.047619047619047616
dmw=17145	0.010718789407313998	0.01023391812865497	0.0049382716049382715	0.008403361344537815	0.010443864229765013	0.005847953216374269	0.017094017094017096	0.005	0.0025	0.0	0.01845018450184502	0.017241379310344827	0.041666666666666664	0.006756756756756757	0.0	0.0	0.0
dmw=17162	0.0	0.0028089887640449437	0.0	0.0	0.004405286343612335	0.0	0.0	0.0	0.0	0.012987012987012988	0.0	0.0	0.0	0.0	0.0	0.0	0.0
dmw=17188	0.006261180679785331	0.01079913606911447	0.0	0.02032520325203252	0.004484304932735426	0.011764705882352941	0.012269938650306749	0.037037037037037035	0.011406844106463879	0.009174311926605505	0.0	0.0	0.0425531914893617	0.012048192771084338	0.0	0.0	0.0
dmw=17196	0.00411522633744856	0.007125890736342043	0.004819277108433735	0.0	0.010899182561307902	0.016574585635359115	0.0	0.006711409395973154	0.0	0.0	0.010638297872340425	0.0	0.0	0.0	0.0	0.0	0.0
dmw=17205	0.0049800796812749	0.007285974499089253	0.003278688524590164	0.0058823529411764705	0.0	0.0	0.008733624454148471	0.0	0.01809954751131222	0.018691588785046728	0.004405286343612335	0.0	0.0	0.012987012987012988	0.0	0.0	0.0
dmw=17220	0.8744588744588745	0.872093023255814	0.8888888888888888	0.9295774647887324	0.6883116883116883	0.8636363636363636	0.7910447761194029	0.88	0.9369369369369369	0.6470588235294118	0.78	0.7272727272727273	0.8181818181818182	0.9473684210526315	1.0	0.75	0.0
dmw=17282	0.00625	0.0	0.004608294930875576	0.0	0.003067484662576687	0.018018018018018018	0.0	0.0	0.003703703703703704	0.0	0.0	0.0	0.037037037037037035	0.0	0.0	0.0	0.0
dmw=17288	0.01002004008016032	0.008016032064128256	0.013605442176870748	0.007246376811594203	0.0038910505836575876	0.0	0.0	0.0	0.0	0.0	0.0	0.0	0.0	0.0	0.0	0.0	0.0
dmw=17294	0.7724867724867724	0.6474820143884892	0.717948717948718	0.75	0.7037037037037037	0.9629629629629629	0.6909090909090909	0.45161290322580644	0.5614035087719298	0.3684210526315789	0.4594594594594595	0.2857142857142857	0.6666666666666666	0.9090909090909091	0.8	0.0	1.0
dmw=17343	0.10664172123479888	0.12474012474012475	0.06274509803921569	0.02912621359223301	0.08823529411764706	0.07258064516129033	0.14285714285714285	0.13513513513513514	0.0953757225433526	0.0625	0.11274509803921569	0.2	0.18181818181818182	0.023529411764705882	0.0	0.27586206896551724	0.16216216216216217
dmw=17356	0.006666666666666667	0.0051813471502590676	0.011111111111111112	0.0	0.012219959266802444	0.0	0.019138755980861243	0.0038910505836575876	0.002197802197802198	0.006369426751592357	0.008658008658008658	0.0	0.0	0.0	0.0	0.0	0.0
dmw=17398	0.5084745762711864	0.47354497354497355	0.2159090909090909	0.6589595375722543	0.39855072463768115	0.4588235294117647	0.46551724137931033	0.4791666666666667	0.39545454545454545	0.24358974358974358	0.35398230088495575	0.0	0.4358974358974359	0.4426229508196721	0.5555555555555556	0.5555555555555556	0.09090909090909091
dmw=17403	0.290625	0.22044728434504793	0.21428571428571427	0.24	0.4338235294117647	0.5	0.398876404494382	0.37755102040816324	0.38271604938271603	0.3508771929824561	0.3712121212121212	0.10714285714285714	0.19696969696969696	0.23943661971830985	0.8	0.0	0.5454545454545454
dmw=17410	0.2227626459143969	0.20430107526881722	0.102803738317757	0.18565400843881857	0.2336182336182336	0.24347826086956523	0.20634920634920634	0.2235294117647059	0.17669172932330826	0.10256410256410256	0.2446043165467626	0.11764705882352941	0.14285714285714285	0.1326530612244898	0.0	0.24	0.3076923076923077
dmw=17429	0.016666666666666666	0.0	0.016666666666666666	0.0	0.01694915254237288	0.0	0.0	0.0	0.0	0.09090909090909091	0.0	0.0	0.0	0.0	0.0	0.0	0.0
dmw=17430	0.006772009029345372	0.010256410256410256	0.0	0.007633587786259542	0.007905138339920948	0.009708737864077669	0.009216589861751152	0.0	0.014563106796116505	0.0	0.0	0.0	0.0	0.0	0.0	0.0	0.0
dmw=17457	0.043596730245231606	0.013333333333333334	0.20481927710843373	0.033707865168539325	0.0	0.14285714285714285	0.03333333333333333	0.14814814814814814	0.0	0.0	0.023255813953488372	0.0	0.16666666666666666	0.0	0.0	0.0	0.0
dmw=17459	0.00792393026941363	0.0018115942028985507	0.0031847133757961785	0.0	0.0	0.006578947368421052	0.009316770186335404	0.024691358024691357	0.0036363636363636364	0.0	0.011111111111111112	0.0	0.0	0.0	0.0	0.0	0.0
dmw=17489	0.0826039387308534	0.07174887892376682	0.06367924528301887	0.12073490813648294	0.05220883534136546	0.10749185667752444	0.0326975476839237	0.008064516129032258	0.03591160220994475	0.09316770186335403	0.05362776025236593	0.06756756756756757	0.029411764705882353	0.011627906976744186	0.11764705882352941	0.16666666666666666	0.06
dmw=17502	0.008368200836820083	0.004662004662004662	0.005154639175257732	0.013605442176870748	0.0	0.011111111111111112	0.0	0.0	0.01282051282051282	0.02857142857142857	0.017045454545454544	0.0	0.0	0.0	0.0	0.0	0.0
dmw=17519	0.7289377289377289	0.7363344051446945	0.7962962962962963	0.6910569105691057	0.73568281938326	0.734375	0.6938775510204082	0.7525773195876289	0.7201834862385321	0.6625	0.72	0.7714285714285715	0.5172413793103449	0.7068965517241379	0.7	0.7777777777777778	1.0
dmw=17526	0.015130674002751032	0.007692307692307693	0.02	0.013986013986013986	0.011428571428571429	0.016666666666666666	0.01098901098901099	0.05970149253731343	0.006578947368421052	0.0	0.015625	0.0	0.05263157894736842	0.0	0.0	0.0	0.0
dmw=17537	0.001483679525222552	0.014084507042253521	0.0049504950495049506	0.006060606060606061	0.0	0.01818181818181818	0.0	0.0	0.01937984496124031	0.0	0.01639344262295082	0.0	0.0	0.0	0.0	0.0	0.0
dmw=17556	0.31326434619002824	0.33882783882783885	0.2996389891696751	0.2554347826086957	0.3146417445482866	0.330188679245283	0.28292682926829266	0.38095238095238093	0.31225296442687744	0.20833333333333334	0.2857142857142857	0.5	0.3	0.29523809523809524	0.5909090909090909	0.5	0.46153846153846156
dmw=17563	0.0	0.0	0.012345679012345678	0.0	0.0	0.0	0.0	0.0	0.0	0.0	0.0	0.0	0.0	0.0	0.0	0.0	0.0
dmw=17578	0.4251497005988024	0.48226950354609927	0.32432432432432434	0.34285714285714286	0.2835820895522388	0.2037037037037037	0.42424242424242425	0.28205128205128205	0.422680412371134	0.32	0.509090909090909	0.7142857142857143	0.6666666666666666	0.45454545454545453	1.0	0.14285714285714285	0.16666666666666666
dmw=17589	0.005484460694698354	0.005763688760806916	0.005865102639296188	0.011320754716981131	0.0	0.0	0.013824884792626729	0.0	0.013043478260869565	0.0	0.020202020202020204	0.0	0.08108108108108109	0.007633587786259542	0.0	0.0	0.0
dmw=17591	0.021604938271604937	0.0375	0.0	0.014285714285714285	0.0	0.030303030303030304	0.0	0.0	0.0	0.5813953488372093	0.07575757575757576	0.0	0.0	0.0	0.0	0.0	0.0
dmw=17625	0.07398568019093078	0.07461139896373056	0.0912621359223301	0.1331168831168831	0.04159733777038269	0.0794392523364486	0.0215311004784689	0.028169014084507043	0.04697986577181208	0.06091370558375635	0.06231454005934718	0.044444444444444446	0.047058823529411764	0.017543859649122806	0.10526315789473684	0.08333333333333333	0.1590909090909091
dmw=17630	0.34824501032346866	0.3981818181818182	0.453125	0.5040983606557377	0.3793103448275862	0.48872180451127817	0.3588850174216028	0.38285714285714284	0.34517766497461927	0.3939393939393939	0.3851851851851852	0.3148148148148148	0.18181818181818182	0.49122807017543857	1.0	0.25	0.42592592592592593
dmw=17677	0.10308641975308643	0.10804020100502512	0.2298507462686567	0.15384615384615385	0.2219959266802444	0.2727272727272727	0.28076923076923077	0.08421052631578947	0.16666666666666666	0.16666666666666666	0.05555555555555555	0.14754098360655737	0.1797752808988764	0.21904761904761905	0.36363636363636365	0.3125	0.7142857142857143
dmw=17679	0.8759071117561683	0.8681135225375626	0.9047619047619048	0.9152542372881356	0.9093333333333333	0.8478260869565217	0.9041095890410958	0.8877551020408163	0.8803418803418803	0.7631578947368421	0.7811320754716982	0.9210526315789473	0.8695652173913043	0.95	1.0	0.9736842105263158	0.7948717948717948
dmw=17680	0.3489583333333333	0.5404858299595142	0.539568345323741	0.547085201793722	0.48201438848920863	0.37254901960784315	0.3837638376383764	0.6130952380952381	0.305993690851735	0.546875	0.23469387755102042	0.3448275862068966	0.5116279069767442	0.42727272727272725	0.8529411764705882	0.8	0.8
dmw=17740	0.013333333333333334	0.035555555555555556	0.018656716417910446	0.0	0.0033333333333333335	0.015748031496062992	0.012738853503184714	0.010638297872340425	0.0	0.0	0.006622516556291391	0.06666666666666667	0.0	0.0	0.0	0.0	0.0
dmw=17789	0.16691068814055637	0.13584905660377358	0.1559633027522936	0.22485207100591717	0.07339449541284404	0.3333333333333333	0.044642857142857144	0.10227272727272728	0.12429378531073447	0.02857142857142857	0.1223021582733813	0.6111111111111112	0.11363636363636363	0.15	0.0	0.6111111111111112	0.038461538461538464
dmw=17859	0.45881126173096975	0.3783068783068783	0.6289855072463768	0.5185185185185185	0.6815789473684211	0.6666666666666666	0.5532994923857868	0.49	0.5249169435215947	0.5925925925925926	0.4218009478672986	0.3695652173913043	0.5079365079365079	0.8058252427184466	0.0	0.9642857142857143	0.0
dmw=17870	0.37209302325581395	0.3431952662721893	0.4669926650366748	0.40632603406326034	0.33969465648854963	0.37267080745341613	0.37026239067055394	0.49101796407185627	0.20572916666666666	0.3357142857142857	0.3738601823708207	0.32051282051282054	0.1	0.39855072463768115	0.0	0.5652173913043478	0.41935483870967744
dmw=17871	0.43727598566308246	0.40437158469945356	0.42962962962962964	0.535031847133758	0.3900414937759336	0.6559139784946236	0.45714285714285713	0.4392523364485981	0.34572490706319703	0.40625	0.427536231884058	0.23880597014925373	0.9411764705882353	0.3014705882352941	0.5263157894736842	0.8695652173913043	0.0
dmw=17888	0.37962962962962965	0.38066825775656327	0.40821917808219177	0.36129032258064514	0.3887468030690537	0.2832369942196532	0.46956521739130436	0.3401015228426396	0.3308270676691729	0.2631578947368421	0.4088669950738916	0.45454545454545453	0.43902439024390244	0.5761589403973509	0.38461538461538464	0.7419354838709677	0.42857142857142855
dmw=17895	0.03209242618741977	0.05397727272727273	0.04	0.02857142857142857	0.04424778761061947	0.05	0.008547008547008548	0.0	0.02512562814070352	0.03389830508474576	0.03488372093023256	0.05405405405405406	0.038461538461538464	0.06976744186046512	0.0	0.0	0.0
dmw=17907	0.41309823677581864	0.5405405405405406	0.5161290322580645	0.4716981132075472	0.3486238532110092	0.42857142857142855	0.2755905511811024	0.7164179104477612	0.425414364640884	0.38235294117647056	0.4166666666666667	0.45161290322580644	0.3181818181818182	0.21052631578947367	0.35714285714285715	0.5	0.4
dmw=17949	0.1772853185595568	0.11206896551724138	0.33980582524271846	0.22686567164179106	0.18886198547215496	0.32642487046632124	0.24504950495049505	0.08239700374531835	0.24098360655737705	0.3515625	0.08883248730964467	0.3010752688172043	0.3793103448275862	0.09090909090909091	0.5555555555555556	0.20634920634920634	0.2826086956521739
dmw=18030	0.40285714285714286	0.4501347708894879	0.3707865168539326	0.48514851485148514	0.32677165354330706	0.4	0.3687150837988827	0.5	0.25274725274725274	0.417910447761194	0.3860759493670886	0.35714285714285715	0.14285714285714285	0.22448979591836735	0.6875	0.7692307692307693	0.0
dmw=18032	0.6818181818181818	0.6627906976744186	0.7567567567567568	0.6447368421052632	0.6148148148148148	0.7142857142857143	0.6198347107438017	0.896551724137931	0.5102040816326531	0.3275862068965517	0.6428571428571429	0.5517241379310345	0.6666666666666666	0.4318181818181818	1.0	1.0	0.0
dmw=18043	0.013409961685823755	0.0	0.0	0.00980392156862745	0.0	0.015873015873015872	0.007575757575757576	0.0	0.0	0.0	0.0	0.0	0.0625	0.0	0.0	0.0	0.0
dmw=18048	0.008486562942008486	0.0	0.0	0.02185792349726776	0.01	0.0	0.006802721088435374	0.0	0.0064516129032258064	0.0	0.006944444444444444	0.0	0.043478260869565216	0.0	0.0	0.0	0.0
dmw=18156	0.007223942208462332	0.006382978723404255	0.0	0.008658008658008658	0.003125	0.0	0.0	0.024096385542168676	0.00816326530612245	0.0	0.005649717514124294	0.0	0.0	0.0	0.0	0.0	0.0
dmw=18186	0.3661305581835383	0.3133047210300429	0.3560606060606061	0.38095238095238093	0.4454828660436137	0.4358974358974359	0.4523809523809524	0.44545454545454544	0.4098939929328622	0.24074074074074073	0.2925531914893617	0.6153846153846154	0.4772727272727273	0.4406779661016949	0.7333333333333333	0.2857142857142857	0.30434782608695654
dmw=18187	0.13151041666666666	0.14366998577524892	0.18633540372670807	0.215311004784689	0.18357487922705315	0.27218934911242604	0.21739130434782608	0.1721311475409836	0.16488222698072805	0.2597402597402597	0.11904761904761904	0.1875	0.2	0.15942028985507245	0.25	0.35294117647058826	0.2553191489361702
dmw=18194	0.5527240773286467	0.5421412300683371	0.5882352941176471	0.5636363636363636	0.6234567901234568	0.7477477477477478	0.4964788732394366	0.5159235668789809	0.5795918367346938	0.48314606741573035	0.49130434782608695	0.6785714285714286	0.5692307692307692	0.5277777777777778	0.3888888888888889	0.625	0.6666666666666666
dmw=18203	0.15570469798657718	0.1610738255033557	0.13513513513513514	0.17525773195876287	0.09322033898305085	0.07079646017699115	0.03333333333333333	0.1651376146788991	0.03793103448275862	0.05309734513274336	0.10714285714285714	0.09375	0.2	0.13432835820895522	0.09523809523809523	0.30434782608695654	0.06666666666666667
dmw=18210	0.007425742574257425	0.0	0.0	0.0	0.0125	0.0	0.0	0.0	0.0	0.0	0.0	0.0	0.14285714285714285	0.0	0.0	0.0	0.0
dmw=18227	0.1911532385466035	0.17130307467057102	0.22285714285714286	0.34554973821989526	0.3421686746987952	0.3346613545816733	0.3615819209039548	0.23255813953488372	0.2624113475177305	0.3302752293577982	0.13970588235294118	0.2638888888888889	0.28846153846153844	0.3828125	0.5833333333333334	0.5348837209302325	0.1875
dmw=18235	0.19785082174462706	0.25679012345679014	0.15028901734104047	0.26902173913043476	0.2800925925925926	0.22131147540983606	0.2809224318658281	0.1513157894736842	0.2034383954154728	0.16806722689075632	0.1881918819188192	0.17391304347826086	0.31521739130434784	0.3081081081081081	0.16216216216216217	0.40625	0.15151515151515152
dmw=18241	0.19757575757575757	0.15816326530612246	0.4305555555555556	0.2641509433962264	0.37566137566137564	0.3706896551724138	0.25757575757575757	0.3387096774193548	0.3068181818181818	0.425	0.24025974025974026	0.2972972972972973	0.0	0.6071428571428571	0.3333333333333333	0.46153846153846156	0.2631578947368421
dmw=18242	0.45585874799357945	0.35384615384615387	0.3211009174311927	0.5066666666666667	0.5714285714285714	0.5	0.5619047619047619	0.5230769230769231	0.35119047619047616	0.24561403508771928	0.4	0.8095238095238095	0.2857142857142857	0.576271186440678	0.5	1.0	0.6285714285714286
dmw=18244	0.5236952609478105	0.5917375455650061	0.5217391304347826	0.5380434782608695	0.4782608695652174	0.21568627450980393	0.6122448979591837	0.7039473684210527	0.4525	0.34831460674157305	0.4558303886925795	0.25925925925925924	0.4	0.6283783783783784	0.44	0.5675675675675675	0.3333333333333333
dmw=18266	0.5363295880149813	0.460446247464503	0.45454545454545453	0.5824175824175825	0.49184782608695654	0.5555555555555556	0.532608695652174	0.3018867924528302	0.5580246913580247	0.7466666666666667	0.5105263157894737	0.2727272727272727	0.5543478260869565	0.34951456310679613	0.0	0.3157894736842105	0.43478260869565216
dmw=18274	0.45817490494296575	0.494	0.6216216216216216	0.4607329842931937	0.375	0.36220472440944884	0.6445497630331753	0.25757575757575757	0.424812030075188	0.43023255813953487	0.2863070539419087	0.55	0.35294117647058826	0.5384615384615384	0.7	0.8378378378378378	0.16666666666666666
dmw=18279	0.25254237288135595	0.2857142857142857	0.211340206185567	0.22872340425531915	0.20192307692307693	0.18110236220472442	0.33152173913043476	0.18333333333333332	0.26595744680851063	0.30985915492957744	0.21755725190839695	0.40816326530612246	0.1875	0.32978723404255317	0.3076923076923077	0.2916666666666667	0.4166666666666667
dmw=18299	0.7601713062098501	0.7479338842975206	0.6330935251798561	0.8108108108108109	0.6449704142011834	0.8783783783783784	0.7785714285714286	0.6571428571428571	0.7603305785123967	0.64	0.7422680412371134	0.6875	0.6666666666666666	0.8055555555555556	0.8076923076923077	0.6923076923076923	0.8571428571428571
dmw=18327	0.19358669833729217	0.16153846153846155	0.12411347517730496	0.15976331360946747	0.20462046204620463	0.2823529411764706	0.17105263157894737	0.1414141414141414	0.2777777777777778	0.16981132075471697	0.31645569620253167	0.21052631578947367	0.17391304347826086	0.21428571428571427	0.375	0.3333333333333333	0.25
dmw=18360	0.8738049713193117	0.8846153846153846	0.8920454545454546	0.9433962264150944	0.8482758620689655	0.9166666666666666	0.8471337579617835	0.8666666666666667	0.9436619718309859	0.8904109589041096	1.0	0.9047619047619048	1.0	0.7837837837837838	1.0	1.0	1.0
dmw=18368	0.25528007346189163	0.3155963302752294	0.3942857142857143	0.24489795918367346	0.46113989637305697	0.6338028169014085	0.4020100502512563	0.18446601941747573	0.47601476014760147	0.4074074074074074	0.3240223463687151	0.14285714285714285	0.1111111111111111	0.24242424242424243	0.5	0.22727272727272727	0.42857142857142855
dmw=18373	0.469553450608931	0.5117056856187291	0.3497536945812808	0.21428571428571427	0.3972602739726027	0.36585365853658536	0.6210526315789474	0.3880597014925373	0.4166666666666667	0.3582089552238806	0.2721518987341772	0.42857142857142855	1.0	0.4423076923076923	0.8666666666666667	0.0	0.10344827586206896
dmw=18375	0.013100436681222707	0.012711864406779662	0.018292682926829267	0.024691358024691357	0.05747126436781609	0.26666666666666666	0.11678832116788321	0.0	0.056451612903225805	0.0	0.0	0.125	0.0	0.1	0.3333333333333333	0.4	0.05555555555555555
dmw=18383	0.5749827228749136	0.5990415335463258	0.5833333333333334	0.5639097744360902	0.5742092457420924	0.68	0.5934718100890207	0.6898148148148148	0.6294416243654822	0.5723684210526315	0.5755627009646302	0.8181818181818182	0.7333333333333333	0.5694444444444444	0.0	0.0	0.6071428571428571
dmw=18393	0.019933554817275746	0.022653721682847898	0.021739130434782608	0.09285714285714286	0.043478260869565216	0.09230769230769231	0.0	0.029411764705882353	0.05384615384615385	0.02702702702702703	0.01834862385321101	0.06896551724137931	0.045454545454545456	0.0196078431372549	0.0	0.0	0.0
dmw=18414	0.32280701754385965	0.3007518796992481	0.37254901960784315	0.47540983606557374	0.28378378378378377	0.2857142857142857	0.22413793103448276	0.25	0.1956521739130435	0.21739130434782608	0.30985915492957744	0.2857142857142857	0.0	0.0	0.3333333333333333	0.25	0.18181818181818182
dmw=18498	0.26877470355731226	0.2661290322580645	0.46218487394957986	0.532258064516129	0.23857868020304568	0.676923076923077	0.2903225806451613	0.2898550724637681	0.3188405797101449	0.22916666666666666	0.2421875	0.2222222222222222	0.5625	0.4864864864864865	0.0	0.6666666666666666	0.25
dmw=18533	0.49334945586457074	0.4695035460992908	0.4682203389830508	0.5142045454545454	0.5135135135135135	0.47093023255813954	0.5540540540540541	0.4583333333333333	0.5119266055045871	0.33088235294117646	0.41841004184100417	0.4583333333333333	0.4827586206896552	0.5231788079470199	0.6	0.5882352941176471	0.2571428571428571
dmw=18534	0.9072847682119205	0.89086859688196	0.9152542372881356	0.945054945054945	0.8578199052132701	0.8306451612903226	0.8607594936708861	0.9024390243902439	0.9261992619926199	0.8625	0.8805970149253731	0.9629629629629629	0.8148148148148148	0.9423076923076923	1.0	1.0	0.8888888888888888
dmw=18535	0.5891608391608392	0.55	0.5891472868217055	0.6521739130434783	0.5308641975308642	0.6261682242990654	0.36363636363636365	0.4626865671641791	0.4012345679012346	0.6595744680851063	0.5909090909090909	0.7	0.4375	0.45098039215686275	0.4	0.7333333333333333	0.5454545454545454
dmw=18543	0.002	0.0	0.0	0.0	0.0	0.0	0.0	0.0	0.012578616352201259	0.0	0.0	0.0	0.0	0.0	0.0	0.0	0.0
dmw=18551	0.24532224532224534	0.19724770642201836	0.2761904761904762	0.18840579710144928	0.05303030303030303	0.41304347826086957	0.12949640287769784	0.0625	0.1509433962264151	0.3157894736842105	0.10204081632653061	0.5	0.35714285714285715	0.0	0.4	0.21428571428571427	0.0
dmw=18553	0.0073937153419593345	0.010080645161290322	0.0	0.007142857142857143	0.0	0.0	0.0	0.0	0.003215434083601286	0.0	0.00392156862745098	0.0	0.0	0.011764705882352941	0.0	0.0	0.0
dmw=18586	0.0	0.0	0.0	0.029411764705882353	0.015384615384615385	0.02631578947368421	0.0	0.0	0.011904761904761904	0.0	0.0	0.0	0.0	0.038461538461538464	0.0	0.0	0.0
dmw=18627	0.8670694864048338	0.8057553956834532	0.734375	0.90625	0.5932203389830508	0.8918918918918919	0.7777777777777778	0.8085106382978723	0.6823529411764706	0.2857142857142857	0.8421052631578947	0.9090909090909091	0.28	0.7777777777777778	0.8	0.8888888888888888	1.0
dmw=18652	0.18616567036720752	0.11942959001782531	0.12835820895522387	0.15294117647058825	0.16971279373368145	0.208	0.15463917525773196	0.19767441860465115	0.10431654676258993	0.1865671641791045	0.09826589595375723	0.07317073170731707	0.14814814814814814	0.14457831325301204	0.05714285714285714	0.1	0.0
dmw=18662	0.011544011544011544	0.0033444816053511705	0.006134969325153374	0.0	0.007042253521126761	0.0	0.021739130434782608	0.0	0.005813953488372093	0.0	0.013422818791946308	0.0	0.07142857142857142	0.0	0.0	0.0	0.0
dmw=18663	0.8779661016949153	0.8428571428571429	0.8235294117647058	0.9642857142857143	0.5585585585585585	0.8666666666666667	0.34615384615384615	0.9629629629629629	0.5362318840579711	0.5555555555555556	0.7111111111111111	1.0	0.9	0.5384615384615384	1.0	1.0	0.0
dmw=18760	0.004137492043284532	0.005972130059721301	0.005722460658082976	0.0018018018018018018	0.005341880341880342	0.015789473684210527	0.001392757660167131	0.005089058524173028	0.00910010111223458	0.0	0.01078582434514638	0.041237113402061855	0.0	0.004629629629629629	0.025	0.023809523809523808	0.0
dmw=18772	0.042789223454833596	0.008849557522123894	0.04878048780487805	0.06748466257668712	0.031055900621118012	0.125	0.0196078431372549	0.02564102564102564	0.005494505494505495	0.06666666666666667	0.015789473684210527	0.06896551724137931	0.0	0.0	0.0	0.29411764705882354	0.08
dmw=18773	0.0034883720930232558	0.0	0.00510204081632653	0.0	0.004098360655737705	0.0	0.0	0.0	0.004524886877828055	0.0	0.0	0.0	0.0	0.0	0.0	0.0	0.0
dmw=18775	0.006825938566552901	0.008695652173913044	0.0	0.005988023952095809	0.0036363636363636364	0.016666666666666666	0.03937007874015748	0.017094017094017096	0.0	0.0	0.0	0.0	0.0	0.014084507042253521	0.0	0.0	0.0
dmw=18797	0.005326231691078562	0.006993006993006993	0.009345794392523364	0.0	0.005	0.0	0.0	0.0	0.01098901098901099	0.0	0.01834862385321101	0.024390243902439025	0.0	0.0	0.0	0.0	0.0
dmw=18845	0.5831435079726651	0.5586034912718204	0.453781512605042	0.51875	0.4	0.55	0.25280898876404495	0.5063291139240507	0.44976076555023925	0.49056603773584906	0.6234567901234568	0.30434782608695654	0.6875	0.36363636363636365	0.6666666666666666	0.0	0.92
dmw=18874	0.5114754098360655	0.26857142857142857	0.8591549295774648	0.5535714285714286	0.8148148148148148	0.8076923076923077	0.8736842105263158	0.32786885245901637	0.9583333333333334	0.75	0.35294117647058826	0.625	0.375	0.8387096774193549	1.0	1.0	0.9
dmw=18909	0.14893617021276595	0.08071748878923767	0.24193548387096775	0.11494252873563218	0.3786407766990291	0.5	0.3888888888888889	0.08695652173913043	0.2638888888888889	0.2631578947368421	0.07692307692307693	0.35714285714285715	0.6	0.39215686274509803	0.0	0.125	0.0
dmw=18928	0.005454545454545455	0.009259259259259259	0.009900990099009901	0.0	0.009771986970684038	0.0	0.0	0.0	0.007905138339920948	0.0	0.0	0.0	0.031746031746031744	0.0	0.0	0.0	0.0
dmw=18969	0.0022727272727272726	0.0136986301369863	0.04054054054054054	0.0	0.006666666666666667	0.0	0.008849557522123894	0.013513513513513514	0.020618556701030927	0.0	0.0	0.0	0.0	0.0	0.0	0.0	0.0
dmw=18977	0.008298755186721992	0.0	0.0	0.0	0.0	0.024390243902439025	0.0	0.018867924528301886	0.0	0.0	0.024691358024691357	0.0	0.0	0.0	0.0	0.0	0.0
dmw=18985	0.2397163120567376	0.23839009287925697	0.184	0.2849740932642487	0.22289156626506024	0.3218390804597701	0.1834862385321101	0.18055555555555555	0.20833333333333334	0.18571428571428572	0.16901408450704225	0.07272727272727272	0.0	0.2967032967032967	0.08	0.17647058823529413	0.0
dmw=19010	0.0036188178528347406	0.0	0.005319148936170213	0.0	0.0	0.0	0.023952095808383235	0.0	0.007936507936507936	0.0	0.022857142857142857	0.0	0.0	0.025974025974025976	0.0	0.0	0.0
dmw=19016	0.3134087237479806	0.3344947735191638	0.1962025316455696	0.31756756756756754	0.23076923076923078	0.32558139534883723	0.10687022900763359	0.22413793103448276	0.1329479768786127	0.21951219512195122	0.36885245901639346	0.045454545454545456	0.29545454545454547	0.16	0.0	0.17391304347826086	0.25925925925925924
dmw=19036	0.2618629173989455	0.3482142857142857	0.32075471698113206	0.24271844660194175	0.28225806451612906	0.37333333333333335	0.3391304347826087	0.23636363636363636	0.32450331125827814	0.4782608695652174	0.3157894736842105	0.28846153846153844	0.14285714285714285	0.36363636363636365	0.0	0.5714285714285714	0.0
dmw=19049	0.7398945518453427	0.762396694214876	0.7606177606177607	0.7033898305084746	0.6459854014598541	0.78	0.7156862745098039	0.7452830188679245	0.6691729323308271	0.37037037037037035	0.6910112359550562	0.9230769230769231	0.8947368421052632	0.5454545454545454	0.6	0.8095238095238095	0.65
dmw=19052	0.178714859437751	0.19591836734693877	0.17647058823529413	0.24475524475524477	0.20320855614973263	0.20270270270270271	0.034482758620689655	0.18333333333333332	0.18421052631578946	0.0847457627118644	0.18	0.125	0.15	0.15625	0.2857142857142857	0.25	0.06666666666666667
dmw=19053	0.0	0.0	0.0	0.0	0.0	0.0	0.036585365853658534	0.0	0.0	0.0	0.03225806451612903	0.0	0.0	0.0	0.0	0.0	0.0
dmw=19064	0.3814229249011858	0.3383177570093458	0.3103448275862069	0.4050179211469534	0.27697841726618705	0.3247863247863248	0.2995169082125604	0.3626373626373626	0.325	0.31666666666666665	0.3300970873786408	0.39655172413793105	0.3958333333333333	0.15555555555555556	0.0	0.5	0.2857142857142857
dmw=19071	0.2967032967032967	0.19130434782608696	0.23255813953488372	0.40625	0.0425531914893617	0.5652173913043478	0.06976744186046512	0.4166666666666667	0.05555555555555555	0.22727272727272727	0.34375	0.2222222222222222	0.18181818181818182	0.0	0.0	0.0	0.0
dmw=19078	0.5357142857142857	0.4452054794520548	0.7684210526315789	0.45454545454545453	0.7634408602150538	0.7538461538461538	0.6724137931034483	0.6612903225806451	0.717948717948718	0.6666666666666666	0.52	0.625	0.675	0.6818181818181818	0.875	0.0	0.45454545454545453
dmw=19080	0.18100890207715134	0.07692307692307693	0.3219178082191781	0.16494845360824742	0.3475609756097561	0.47959183673469385	0.4189189189189189	0.11688311688311688	0.358974358974359	0.27631578947368424	0.14444444444444443	0.5	0.125	0.3333333333333333	0.6923076923076923	0.0	0.23076923076923078
dmw=19083	0.5736975857687421	0.5075125208681135	0.6386292834890965	0.661849710982659	0.6068965517241379	0.6123348017621145	0.4904632152588556	0.47019867549668876	0.6201923076923077	0.47058823529411764	0.5747800586510264	0.6153846153846154	0.3770491803278688	0.6312849162011173	0.7105263157894737	0.6551724137931034	0.6923076923076923
dmw=19084	0.11090047393364928	0.08471275559883155	0.4605263157894737	0.21875	0.3163444639718805	0.4052044609665427	0.3494318181818182	0.2625482625482625	0.344	0.3641025641025641	0.041401273885350316	0.32432432432432434	0.24193548387096775	0.2893401015228426	0.5652173913043478	0.42857142857142855	0.2962962962962963
dmw=19087	0.23212435233160622	0.2599118942731278	0.2544642857142857	0.29891304347826086	0.05166051660516605	0.25	0.08108108108108109	0.14925373134328357	0.11155378486055777	0.3058823529411765	0.2033898305084746	0.2653061224489796	0.2826086956521739	0.1	0.38095238095238093	0.375	0.25
dmw=19107	0.0049382716049382715	0.024691358024691357	0.0	0.0	0.01	0.02127659574468085	0.0	0.0	0.010309278350515464	0.0	0.0	0.0	0.0	0.0	0.0	0.0	0.0
dmw=19118	0.36855670103092786	0.3170731707317073	0.30434782608695654	0.4166666666666667	0.41346153846153844	0.2876712328767123	0.1919191919191919	0.23684210526315788	0.31868131868131866	0.2826086956521739	0.3176470588235294	0.6	0.07692307692307693	0.8	0.0	0.5	0.0
dmw=19122	0.008422664624808576	0.005434782608695652	0.015503875968992248	0.007434944237918215	0.0	0.0	0.0	0.0	0.0	0.0	0.005952380952380952	0.0	0.0	0.06382978723404255	0.0	0.0	0.0
dmw=19134	0.009852216748768473	0.0	0.05263157894736842	0.020833333333333332	0.07894736842105263	0.0	0.0	0.0	0.023809523809523808	0.0	0.03571428571428571	0.0	0.06666666666666667	0.0	0.0	0.0	0.0
dmw=19142	0.009149130832570906	0.004357298474945534	0.0	0.004016064257028112	0.01646090534979424	0.0	0.003484320557491289	0.056	0.0	0.014925373134328358	0.017241379310344827	0.0	0.022222222222222223	0.030303030303030304	0.0	0.0	0.0
dmw=19156	0.7331189710610932	0.6273504273504273	0.6222222222222222	0.7373417721518988	0.7331536388140162	0.5903614457831325	0.6043360433604336	0.7391304347826086	0.7248908296943232	0.656	0.738562091503268	0.6666666666666666	0.7934782608695652	0.768	0.9583333333333334	1.0	0.84
dmw=19174	0.6300772071164821	0.5394366197183098	0.6045112781954888	0.631083202511774	0.5918367346938775	0.5555555555555556	0.5566801619433198	0.5661157024793388	0.5473071324599709	0.5299145299145299	0.5711645101663586	0.7338709677419355	0.4375	0.8357142857142857	1.0	0.5915492957746479	0.95
dmw=19193	0.8170731707317073	0.8148148148148148	0.86	0.8589743589743589	0.7889908256880734	0.8301886792452831	0.8363636363636363	0.82	0.8350515463917526	0.7142857142857143	0.7205882352941176	0.8518518518518519	0.4	0.9473684210526315	0.0	1.0	0.8461538461538461
dmw=19194	0.2928821470245041	0.2576530612244898	0.4388888888888889	0.3148148148148148	0.4337899543378995	0.6195652173913043	0.39325842696629215	0.3	0.3911290322580645	0.576271186440678	0.21678321678321677	0.5961538461538461	0.5	0.32142857142857145	0.5	0.3684210526315789	0.375
dmw=19196	0.007058823529411765	0.0	0.0375	0.0	0.007936507936507936	0.0	0.0	0.0	0.0	0.0	0.008130081300813009	0.0	0.0	0.014492753623188406	0.0	0.0	0.0
dmw=19209	0.009908536585365854	0.010121457489878543	0.0035211267605633804	0.0	0.0026246719160104987	0.006666666666666667	0.058823529411764705	0.011764705882352941	0.0	0.01	0.004739336492890996	0.0	0.0	0.04285714285714286	0.0	0.0	0.0
dmw=19210	0.0063254744105807935	0.01199400299850075	0.006369426751592357	0.0111731843575419	0.007736943907156673	0.005988023952095809	0.0	0.011904761904761904	0.020887728459530026	0.02336448598130841	0.0	0.0	0.0	0.0	0.0	0.0	0.0
dmw=19223	0.8952922077922078	0.8783185840707964	0.9138755980861244	0.9094827586206896	0.8098159509202454	0.8111111111111111	0.8566176470588235	0.8924731182795699	0.8360655737704918	0.7710843373493976	0.8926829268292683	0.8840579710144928	0.9574468085106383	0.8672566371681416	0.0	1.0	0.696969696969697
dmw=19228	0.02043132803632236	0.0150093808630394	0.004016064257028112	0.017857142857142856	0.006060606060606061	0.0	0.007905138339920948	0.0	0.0	0.0	0.007194244604316547	0.029411764705882353	0.0	0.0	0.0	0.0	0.0
dmw=19229	0.005703422053231939	0.0064516129032258064	0.006493506493506494	0.00909090909090909	0.007874015748031496	0.0	0.007936507936507936	0.0	0.0	0.0	0.0	0.0	0.0	0.0	0.0	0.0	0.0
dmw=19233	0.02524271844660194	0.03056768558951965	0.036585365853658534	0.009708737864077669	0.007194244604316547	0.047619047619047616	0.018867924528301886	0.0	0.009708737864077669	0.03333333333333333	0.042105263157894736	0.0	0.0625	0.0	0.0	0.0	0.0
dmw=19234	0.0035419126328217238	0.015659955257270694	0.017857142857142856	0.0	0.0	0.0	0.013157894736842105	0.0	0.004081632653061225	0.0	0.0	0.0	0.0	0.0	0.0	0.0	0.0
dmw=19290	0.34801136363636365	0.38414634146341464	0.4409448818897638	0.44642857142857145	0.31543624161073824	0.27692307692307694	0.4069767441860465	0.2222222222222222	0.41954022988505746	0.25	0.33064516129032256	0.0	0.6	0.3488372093023256	0.0	0.6875	1.0
dmw=19291	0.006657789613848202	0.0070921985815602835	0.012422360248447204	0.0	0.0	0.0	0.005154639175257732	0.021052631578947368	0.014925373134328358	0.0	0.0	0.0	0.0	0.0	0.0	0.0	0.0
dmw=19294	0.002053388090349076	0.010025062656641603	0.0	0.0	0.01639344262295082	0.0	0.004807692307692308	0.006289308176100629	0.0	0.0	0.006329113924050633	0.0	0.0	0.0	0.0	0.0	0.0
dmw=19307	0.008576329331046312	0.0044444444444444444	0.020202020202020204	0.0	0.0	0.03225806451612903	0.010526315789473684	0.0	0.0	0.020833333333333332	0.0	0.0	0.0	0.0	0.0	0.0	0.0
dmw=19310	0.8171536286522149	0.7519230769230769	0.8625	0.7840909090909091	0.8547008547008547	0.8701298701298701	0.8483606557377049	0.8571428571428571	0.8295081967213115	0.7419354838709677	0.8037383177570093	0.7804878048780488	0.9	0.8709677419354839	0.8787878787878788	0.8	0.7714285714285715
dmw=19322	0.5216049382716049	0.5197368421052632	0.4895833333333333	0.42857142857142855	0.2073170731707317	0.4230769230769231	0.3404255319148936	0.5185185185185185	0.40384615384615385	0.2727272727272727	0.35384615384615387	0.16666666666666666	0.3333333333333333	0.0	0.0	0.6923076923076923	0.4375
dmw=19340	0.8510460251046025	0.8514851485148515	0.9385964912280702	0.94140625	0.9137931034482759	0.9339622641509434	0.9348837209302325	0.8941176470588236	0.8914956011730205	0.4142857142857143	0.8951965065502183	0.85	0.9047619047619048	0.8539325842696629	1.0	0.9333333333333333	0.9444444444444444
dmw=19385	0.0035460992907801418	0.004120879120879121	0.0	0.016722408026755852	0.004149377593360996	0.0	0.007177033492822967	0.0055248618784530384	0.009389671361502348	0.010050251256281407	0.0	0.014084507042253521	0.0	0.0	0.0	0.0	0.0
dmw=19391	0.005973715651135006	0.0016891891891891893	0.007858546168958742	0.0021598272138228943	0.002008032128514056	0.0	0.0	0.011627906976744186	0.006349206349206349	0.006493506493506494	0.005633802816901409	0.0	0.0	0.01910828025477707	0.02040816326530612	0.0	0.04285714285714286
dmw=19425	0.46407185628742514	0.4496124031007752	0.49242424242424243	0.4092664092664093	0.4909090909090909	0.45539906103286387	0.39591836734693875	0.47101449275362317	0.40969162995594716	0.36231884057971014	0.4751131221719457	0.2903225806451613	0.4	0.42201834862385323	0.36363636363636365	0.5	0.5
dmw=19457	0.8612377850162867	0.8580786026200873	0.9014084507042254	0.8629032258064516	0.8058252427184466	0.8043478260869565	0.708029197080292	0.881578947368421	0.7357954545454546	0.9204545454545454	0.7364864864864865	0.9375	0.8813559322033898	0.7862595419847328	1.0	0.875	0.9210526315789473
dmw=19464	0.6095526914329037	0.5976470588235294	0.5953002610966057	0.6021897810218978	0.6183574879227053	0.643979057591623	0.6711711711711712	0.62	0.6091127098321343	0.6046511627906976	0.5972222222222222	0.5573770491803278	0.5789473684210527	0.693069306930693	0.3783783783783784	0.6190476190476191	0.6
dmw=19474	0.009587328053355566	0.002072538860103627	0.005110732538330494	0.0	0.012411347517730497	0.019762845849802372	0.011049723756906077	0.0	0.004301075268817204	0.004672897196261682	0.009950248756218905	0.0072992700729927005	0.0	0.01015228426395939	0.030303030303030304	0.0	0.0
dmw=19475	0.009771986970684038	0.0021008403361344537	0.006514657980456026	0.0	0.0019193857965451055	0.023255813953488372	0.002857142857142857	0.023121387283236993	0.0030959752321981426	0.00749063670411985	0.011320754716981131	0.0	0.05	0.0	0.0	0.0	0.0
dmw=19478	0.005284015852047556	0.002044989775051125	0.0	0.014084507042253521	0.004878048780487805	0.027777777777777776	0.0	0.0	0.003105590062111801	0.0	0.007194244604316547	0.0	0.06060606060606061	0.0	0.0	0.0	0.020833333333333332
dmw=19484	0.010526315789473684	0.0	0.012658227848101266	0.012295081967213115	0.0033783783783783786	0.0	0.023622047244094488	0.0	0.0035460992907801418	0.0	0.0	0.0	0.0	0.00980392156862745	0.0	0.043478260869565216	0.0
dmw=19485	0.23979591836734693	0.17582417582417584	0.4269005847953216	0.34459459459459457	0.41847826086956524	0.5522388059701493	0.38144329896907214	0.42857142857142855	0.3392857142857143	0.2222222222222222	0.3018867924528302	0.15	0.1724137931034483	0.3815789473684211	0.5294117647058824	0.16666666666666666	0.42857142857142855
dmw=19504	0.0	0.0	0.0	0.0	0.0	0.0	0.0	0.0	0.0	0.0	0.0	0.0	0.3333333333333333	0.0	0.0	0.0	0.0
dmw=19505	0.03770491803278689	0.015822784810126583	0.007407407407407408	0.04878048780487805	0.047619047619047616	0.04	0.03164556962025317	0.0	0.026415094339622643	0.025	0.014388489208633094	0.038461538461538464	0.0	0.041666666666666664	0.0	0.024390243902439025	0.0
dmw=19506	0.008143322475570033	0.009868421052631578	0.019801980198019802	0.0	0.0	0.0	0.0	0.0	0.010101010101010102	0.018518518518518517	0.0	0.0	0.0	0.0	0.0	0.0	0.0
dmw=19507	0.001049317943336831	0.01728395061728395	0.0047169811320754715	0.0	0.0	0.0	0.0	0.0	0.0	0.0	0.0	0.03636363636363636	0.0	0.0	0.0	0.0	0.04878048780487805
dmw=19508	0.005333333333333333	0.013448607108549471	0.010416666666666666	0.02012072434607646	0.008097165991902834	0.009389671361502348	0.014028056112224449	0.006369426751592357	0.0069084628670120895	0.01775147928994083	0.029069767441860465	0.008	0.0	0.010526315789473684	0.0	0.041666666666666664	0.0
dmw=19509	0.029428736295441432	0.048417132216014895	0.0076045627376425855	0.020114942528735632	0.041474654377880185	0.00851063829787234	0.015625	0.044534412955465584	0.03009259259259259	0.040268456375838924	0.047961630695443645	0.0896551724137931	0.017543859649122806	0.0	0.0	0.0	0.0
dmw=19511	0.005952380952380952	0.0	0.0106951871657754	0.0053475935828877	0.011869436201780416	0.0	0.0	0.012658227848101266	0.0034965034965034965	0.009523809523809525	0.016483516483516484	0.012048192771084338	0.016666666666666666	0.0	0.0	0.0	0.0
dmw=19516	0.7148412184057031	0.6940509915014165	0.7507082152974505	0.724025974025974	0.7252475247524752	0.7482517482517482	0.7037037037037037	0.7267441860465116	0.6746987951807228	0.5846153846153846	0.7114427860696517	0.7571428571428571	0.6111111111111112	0.6836158192090396	0.75	0.7777777777777778	0.5909090909090909
dmw=19517	0.0032310177705977385	0.0055248618784530384	0.002004008016032064	0.003676470588235294	0.0022988505747126436	0.0058309037900874635	0.00597609561752988	0.0	0.006024096385542169	0.01282051282051282	0.0	0.007407407407407408	0.024390243902439025	0.0	0.046511627906976744	0.019230769230769232	0.0
dmw=19523	0.003784295175023652	0.008658008658008658	0.011695906432748537	0.01327433628318584	0.004098360655737705	0.0	0.0	0.014388489208633094	0.01524390243902439	0.0	0.007246376811594203	0.0	0.0	0.0	0.0	0.0	0.05
dmw=19528	0.012903225806451613	0.01728395061728395	0.029411764705882353	0.00625	0.026905829596412557	0.0	0.004405286343612335	0.009174311926605505	0.005050505050505051	0.019230769230769232	0.046357615894039736	0.0	0.08695652173913043	0.043010752688172046	0.0	0.0	0.03333333333333333
dmw=19532	0.0463618802318094	0.03129074315514994	0.07627118644067797	0.07063197026022305	0.15633423180592992	0.2409090909090909	0.1076923076923077	0.010869565217391304	0.13122171945701358	0.043795620437956206	0.02702702702702703	0.07228915662650602	0.19230769230769232	0.0891089108910891	0.16	0.20689655172413793	0.17777777777777778
dmw=19533	0.0033333333333333335	0.0	0.0	0.0	0.0	0.0	0.0	0.0	0.0	0.0	0.02	0.0	0.0	0.0	0.0	0.0	0.0
dmw=19534	0.008284023668639054	0.00667779632721202	0.002583979328165375	0.006993006993006993	0.006578947368421052	0.0	0.0031446540880503146	0.007874015748031496	0.013966480446927373	0.0	0.0064516129032258064	0.0	0.025974025974025976	0.0	0.0	0.0	0.0
dmw=19535	0.00637910085054678	0.00437636761487965	0.009324009324009324	0.006952491309385863	0.0039946737683089215	0.006097560975609756	0.010344827586206896	0.0	0.007936507936507936	0.012738853503184714	0.008771929824561403	0.009433962264150943	0.0	0.0	0.0	0.0	0.0
dmw=19536	0.08571428571428572	0.07629107981220658	0.09713024282560706	0.06371191135734072	0.07045009784735812	0.1	0.05955334987593052	0.07723577235772358	0.07936507936507936	0.088	0.07112970711297072	0.11458333333333333	0.07051282051282051	0.09623430962343096	0.0	0.12	0.09090909090909091
dmw=19539	0.8436936936936937	0.7757757757757757	0.8805970149253731	0.9017467248908297	0.8458149779735683	0.8725490196078431	0.8656716417910447	0.834061135371179	0.8766447368421053	0.6701030927835051	0.7621483375959079	0.8313953488372093	0.7948717948717948	0.8858695652173914	0.926829268292683	0.9444444444444444	0.8703703703703703
dmw=19543	0.004359197907585004	0.020316027088036117	0.0	0.01507537688442211	0.007017543859649123	0.024193548387096774	0.011627906976744186	0.01098901098901099	0.005291005291005291	0.0	0.0	0.0	0.0	0.007633587786259542	0.0	0.0	0.0
dmw=19545	0.004073319755600814	0.013157894736842105	0.008264462809917356	0.0	0.009259259259259259	0.0	0.009174311926605505	0.0	0.01694915254237288	0.0	0.0	0.0	0.09523809523809523	0.019230769230769232	0.0	0.0	0.0
dmw=19553	0.38584247258225324	0.39816933638443935	0.4782608695652174	0.4573643410852713	0.39545454545454545	0.4946236559139785	0.457286432160804	0.38235294117647056	0.37545126353790614	0.3258426966292135	0.3894736842105263	0.5714285714285714	0.30612244897959184	0.4426229508196721	0.7241379310344828	0.5853658536585366	0.2702702702702703
dmw=19554	0.005213764337851929	0.00267379679144385	0.003787878787878788	0.018518518518518517	0.009259259259259259	0.008928571428571428	0.0	0.0	0.0047169811320754715	0.0	0.017964071856287425	0.0	0.0	0.0	0.0	0.0	0.0
dmw=19555	0.0059931506849315065	0.006459948320413436	0.0038412291933418692	0.0031545741324921135	0.0062176165803108805	0.0	0.00929368029739777	0.003048780487804878	0.002728512960436562	0.010309278350515464	0.008130081300813009	0.008849557522123894	0.0	0.0	0.0	0.0	0.0
dmw=19558	0.005	0.011627906976744186	0.015748031496062992	0.0	0.005319148936170213	0.0	0.014285714285714285	0.0	0.007936507936507936	0.0	0.0	0.0	0.05555555555555555	0.0	0.0	0.0	0.0
dmw=19559	0.012671594508975714	0.0	0.007017543859649123	0.008849557522123894	0.004081632653061225	0.0	0.0	0.01020408163265306	0.007042253521126761	0.0	0.0049261083743842365	0.017241379310344827	0.0	0.0	0.0	0.0	0.0
dmw=19562	0.035855003940110326	0.03	0.032663316582914576	0.02972027972027972	0.024390243902439025	0.03355704697986577	0.04516129032258064	0.04568527918781726	0.02956298200514139	0.011363636363636364	0.029469548133595286	0.0	0.03968253968253968	0.047619047619047616	0.14893617021276595	0.0	0.058823529411764705
dmw=19567	0.6351490236382322	0.6419316843345112	0.6377551020408163	0.6502463054187192	0.6143437077131259	0.6373056994818653	0.6139534883720931	0.6624472573839663	0.6119186046511628	0.5055555555555555	0.5980066445182725	0.48333333333333334	0.5727272727272728	0.57	0.5	0.5833333333333334	0.7272727272727273
dmw=19569	0.011128775834658187	0.0034602076124567475	0.0136986301369863	0.009523809523809525	0.0049504950495049506	0.009433962264150943	0.0	0.015384615384615385	0.005988023952095809	0.0	0.014285714285714285	0.0	0.0	0.0	0.0	0.0	0.0
dmw=19571	0.11850311850311851	0.11222444889779559	0.26681614349775784	0.14910536779324055	0.12259194395796848	0.1111111111111111	0.08495145631067962	0.1387900355871886	0.06784260515603799	0.09803921568627451	0.12477396021699819	0.46875	0.10909090909090909	0.28846153846153844	0.3	0.12280701754385964	0.0
dmw=19574	0.27116311080523053	0.2578616352201258	0.262987012987013	0.25203252032520324	0.3172043010752688	0.34868421052631576	0.24871794871794872	0.4180790960451977	0.3	0.19298245614035087	0.2348993288590604	0.2375	0.19607843137254902	0.2366412213740458	0.2916666666666667	0.48484848484848486	0.22448979591836735
dmw=19581	0.0068143100511073255	0.00851581508515815	0.0	0.013333333333333334	0.004531722054380665	0.021739130434782608	0.010889292196007259	0.00911854103343465	0.0	0.006756756756756757	0.005025125628140704	0.005952380952380952	0.007352941176470588	0.019762845849802372	0.046153846153846156	0.0	0.0
dmw=19582	0.00512214342001576	0.0032822757111597373	0.0	0.0026041666666666665	0.0	0.012448132780082987	0.0016129032258064516	0.0	0.009140767824497258	0.004807692307692308	0.00423728813559322	0.0136986301369863	0.010752688172043012	0.0	0.0	0.0	0.0
dmw=19587	0.007560483870967742	0.008021390374331552	0.0061162079510703364	0.005905511811023622	0.0	0.01948051948051948	0.0	0.0	0.0	0.006172839506172839	0.0056022408963585435	0.01	0.0	0.006896551724137931	0.0	0.0	0.0
dmw=19588	0.006881720430107527	0.0033370411568409346	0.0015723270440251573	0.0070921985815602835	0.007444168734491315	0.006309148264984227	0.00516795865633075	0.002898550724637681	0.006793478260869565	0.0	0.005747126436781609	0.0	0.0	0.016216216216216217	0.020833333333333332	0.0	0.0
dmw=19589	0.7436527436527437	0.7264957264957265	0.7448979591836735	0.7178423236514523	0.7759336099585062	0.7604790419161677	0.7509025270758123	0.777027027027027	0.6795180722891566	0.5915492957746479	0.7452830188679245	0.5319148936170213	0.5416666666666666	0.7083333333333334	0.9	0.7714285714285715	0.9444444444444444
dmw=19590	0.591919191919192	0.5513078470824949	0.6600985221674877	0.5368421052631579	0.5763546798029556	0.5443037974683544	0.680628272251309	0.5769230769230769	0.5181159420289855	0.4626865671641791	0.5740740740740741	0.6607142857142857	0.5714285714285714	0.5348837209302325	0.6	0.8	0.5161290322580645
dmw=19591	0.7462603878116344	0.6838709677419355	0.7245508982035929	0.7572254335260116	0.691764705882353	0.714859437751004	0.7289719626168224	0.7777777777777778	0.7674418604651163	0.7611111111111111	0.7083333333333334	0.75	0.7142857142857143	0.660377358490566	0.6666666666666666	0.42857142857142855	0.5609756097560976
dmw=19596	0.692896174863388	0.6810126582278481	0.7298245614035088	0.7216981132075472	0.6634615384615384	0.7142857142857143	0.695906432748538	0.7482993197278912	0.692	0.7962962962962963	0.68125	0.7058823529411765	0.7254901960784313	0.6060606060606061	0.0	0.0	0.75
dmw=19597	0.43391188251001334	0.419672131147541	0.5625	0.37373737373737376	0.4479166666666667	0.5625	0.3972602739726027	0.5308641975308642	0.47435897435897434	0.22857142857142856	0.4107142857142857	0.0	0.0	0.32	0.3333333333333333	0.7272727272727273	0.0
dmw=19601	0.003740648379052369	0.0028011204481792717	0.008064516129032258	0.006622516556291391	0.006024096385542169	0.0	0.006289308176100629	0.0	0.00749063670411985	0.011235955056179775	0.0	0.01818181818181818	0.0	0.037037037037037035	0.09090909090909091	0.0	0.0
dmw=19602	0.5637949836423118	0.554726368159204	0.4909090909090909	0.5488721804511278	0.4977168949771689	0.5238095238095238	0.4811594202898551	0.5301204819277109	0.5221052631578947	0.4025974025974026	0.45962732919254656	0.45045045045045046	0.5128205128205128	0.40853658536585363	0.5416666666666666	0.8	0.5106382978723404
dmw=19603	0.7607843137254902	0.7875288683602771	0.8271604938271605	0.7375	0.7	0.7443946188340808	0.7867647058823529	0.8021978021978022	0.7872340425531915	0.8	0.7152317880794702	0.8571428571428571	0.5555555555555556	0.7384615384615385	0.0	1.0	0.6129032258064516
dmw=19604	0.006082725060827251	0.006440281030444965	0.010062893081761006	0.008092485549132947	0.003257328990228013	0.0125	0.009380863039399626	0.01569506726457399	0.0064794816414686825	0.0029411764705882353	0.002680965147453083	0.01079136690647482	0.0	0.013029315960912053	0.0	0.010752688172043012	0.0
dmw=19605	0.005678884873515746	0.012925969447708578	0.012145748987854251	0.006688963210702341	0.00911854103343465	0.012269938650306749	0.020289855072463767	0.0	0.0017793594306049821	0.0	0.005649717514124294	0.0	0.027777777777777776	0.0	0.0	0.0	0.0
dmw=19606	0.004887585532746823	0.005279831045406547	0.012903225806451613	0.002506265664160401	0.012259194395796848	0.0	0.004228329809725159	0.009216589861751152	0.015384615384615385	0.0	0.0	0.0	0.0	0.0	0.0	0.0	0.027777777777777776
dmw=19607	0.006080567519635166	0.0047694753577106515	0.004098360655737705	0.008333333333333333	0.01	0.010482180293501049	0.013683010262257697	0.005763688760806916	0.005934718100890208	0.006369426751592357	0.0076726342710997444	0.0	0.025	0.0035714285714285713	0.013333333333333334	0.0	0.0
dmw=19608	0.007758620689655172	0.009009009009009009	0.0	0.004497751124437781	0.012908777969018933	0.012077294685990338	0.005296610169491525	0.012773722627737226	0.010911925175370226	0.005797101449275362	0.00430416068866571	0.0	0.0	0.003048780487804878	0.0	0.0	0.0
dmw=19609	0.006674082313681869	0.006362672322375398	0.023809523809523808	0.01171875	0.0033444816053511705	0.004424778761061947	0.005836575875486381	0.004166666666666667	0.0037243947858473	0.007518796992481203	0.01038961038961039	0.0	0.0	0.013333333333333334	0.0	0.0	0.0
dmw=19610	0.13146362839614373	0.1864801864801865	0.1092896174863388	0.17218543046357615	0.09375	0.10810810810810811	0.09926470588235294	0.2125984251968504	0.13793103448275862	0.12790697674418605	0.10655737704918032	0.1935483870967742	0.42857142857142855	0.10843373493975904	0.09090909090909091	0.0	0.0
dmw=19611	0.00937658388241257	0.00438382854359474	0.008447729672650475	0.0045045045045045045	0.0041390728476821195	0.0024330900243309003	0.004830917874396135	0.015306122448979591	0.008675078864353312	0.0031645569620253164	0.010130246020260492	0.007434944237918215	0.0	0.004555808656036446	0.0	0.0	0.0
dmw=19612	0.0030349013657056147	0.004464285714285714	0.00303951367781155	0.0	0.012232415902140673	0.013888888888888888	0.0	0.0	0.0	0.0	0.0041841004184100415	0.0	0.0	0.0	0.0	0.0	0.0
dmw=19613	0.027055150884495317	0.024242424242424242	0.028901734104046242	0.015151515151515152	0.012195121951219513	0.0	0.006944444444444444	0.0	0.0056179775280898875	0.0	0.0	0.0	0.0625	0.034482758620689655	0.0	0.0	0.07142857142857142
dmw=19614	0.3750601829561868	0.4230343300110742	0.3287671232876712	0.3462532299741602	0.37168141592920356	0.41935483870967744	0.3824626865671642	0.5138121546961326	0.3843700159489633	0.3108108108108108	0.3935483870967742	0.32608695652173914	0.296875	0.36129032258064514	0.40350877192982454	0.2653061224489796	0.3392857142857143
dmw=19615	0.13516068052930058	0.1434108527131783	0.15675675675675677	0.16535433070866143	0.17543859649122806	0.18518518518518517	0.19047619047619047	0.19130434782608696	0.13852813852813853	0.06349206349206349	0.14285714285714285	0.09090909090909091	0.09090909090909091	0.1111111111111111	0.05263157894736842	0.08695652173913043	0.5
dmw=19616	0.00631768953068592	0.011389521640091117	0.0	0.017006802721088437	0.00390625	0.0	0.002857142857142857	0.0	0.0025252525252525255	0.0	0.0	0.0	0.0	0.0	0.0	0.0	0.0
dmw=19617	0.012494961708988311	0.0056634304207119745	0.002680965147453083	0.002849002849002849	0.007675438596491228	0.0	0.0014992503748125937	0.0	0.008101851851851851	0.0	0.012195121951219513	0.007518796992481203	0.0	0.014925373134328358	0.0	0.0	0.0
dmw=19618	0.010746606334841629	0.005277044854881266	0.05660377358490566	0.0029411764705882353	0.008547008547008548	0.0	0.002849002849002849	0.0	0.009237875288683603	0.0	0.023178807947019868	0.0	0.0	0.017241379310344827	0.0	0.0	0.0
dmw=19619	0.008718395815170008	0.007518796992481203	0.004991680532445923	0.004366812227074236	0.0032822757111597373	0.0	0.004451038575667656	0.0025380710659898475	0.010778443113772455	0.019704433497536946	0.004291845493562232	0.018691588785046728	0.0	0.0213903743315508	0.0	0.0	0.0
dmw=19620	0.005625270445694505	0.0028142589118198874	0.0	0.009615384615384616	0.015410958904109588	0.011152416356877323	0.0	0.036734693877551024	0.012430939226519336	0.015306122448979591	0.0023752969121140144	0.010638297872340425	0.05263157894736842	0.0	0.0	0.0	0.08571428571428572
dmw=19621	0.0045036224789504605	0.007600950118764846	0.003875968992248062	0.007684918347742555	0.007389162561576354	0.002364066193853428	0.0035294117647058825	0.0	0.00864304235090752	0.001976284584980237	0.00778816199376947	0.0	0.0	0.005076142131979695	0.0	0.0	0.0
dmw=19622	0.00518983884184649	0.0069084628670120895	0.002688172043010753	0.0011160714285714285	0.007684918347742555	0.0020876826722338203	0.0022099447513812156	0.0038535645472061657	0.014115092290988056	0.0078125	0.011128775834658187	0.0	0.009433962264150943	0.0076045627376425855	0.0	0.014705882352941176	0.0
dmw=19623	0.36253369272237196	0.33240611961057026	0.3657587548638132	0.37650602409638556	0.4327485380116959	0.4864864864864865	0.375	0.32558139534883723	0.4366576819407008	0.2421875	0.3715415019762846	0.4	0.36363636363636365	0.3854748603351955	0.4074074074074074	0.3888888888888889	0.2222222222222222
dmw=19624	0.00903750564844103	0.008255933952528379	0.0025	0.002127659574468085	0.0035971223021582736	0.0	0.007782101167315175	0.0	0.0068212824010914054	0.010169491525423728	0.0	0.008695652173913044	0.0	0.0045662100456621	0.0	0.0	0.0
dmw=19625	0.0043343653250774	0.0069124423963133645	0.0035335689045936395	0.0	0.0	0.0	0.007633587786259542	0.011695906432748537	0.012958963282937365	0.005376344086021506	0.008379888268156424	0.009345794392523364	0.0	0.0	0.0	0.0	0.0
dmw=19626	0.014902363823227132	0.01649746192893401	0.0273972602739726	0.030878859857482184	0.008350730688935281	0.029411764705882353	0.01674641148325359	0.014634146341463415	0.007936507936507936	0.041666666666666664	0.013824884792626729	0.0410958904109589	0.0	0.015037593984962405	0.0	0.11538461538461539	0.0
dmw=19627	0.0056179775280898875	0.005235602094240838	0.0	0.008389261744966443	0.0026560424966799467	0.004901960784313725	0.0025477707006369425	0.0	0.004352557127312296	0.0	0.0	0.01092896174863388	0.008771929824561403	0.0	0.0	0.0	0.0
dmw=19628	0.006952491309385863	0.0061162079510703364	0.005649717514124294	0.0015408320493066256	0.005018820577164366	0.0	0.002150537634408602	0.0	0.006622516556291391	0.013574660633484163	0.0018450184501845018	0.0	0.0	0.0036231884057971015	0.0	0.0	0.0
dmw=19629	0.4740791268758527	0.4739010989010989	0.5093167701863354	0.5019455252918288	0.5342163355408388	0.43661971830985913	0.4847457627118644	0.5477178423236515	0.4854111405835544	0.4779874213836478	0.4548872180451128	0.5573770491803278	0.4827586206896552	0.5786163522012578	0.55	0.625	0.34408602150537637
dmw=19630	0.12625250501002003	0.14059056853239313	0.13236627379873073	0.12447698744769875	0.20253164556962025	0.1929203539823009	0.17803468208092485	0.15699658703071673	0.15801024140453548	0.05373134328358209	0.13146853146853146	0.14285714285714285	0.15263157894736842	0.1307901907356948	0.025	0.14857142857142858	0.1559633027522936
dmw=19631	0.014546684709066306	0.005774783445620789	0.012364760432766615	0.0102880658436214	0.006211180124223602	0.0078125	0.03219315895372234	0.023255813953488372	0.01870503597122302	0.017777777777777778	0.010126582278481013	0.0	0.021739130434782608	0.045112781954887216	0.015625	0.0	0.0
dmw=19632	0.052470485351989504	0.042238648363252376	0.04285714285714286	0.012903225806451613	0.03825136612021858	0.05161290322580645	0.036170212765957444	0.05128205128205128	0.08130081300813008	0.035211267605633804	0.047961630695443645	0.052083333333333336	0.07352941176470588	0.05	0.0	0.07692307692307693	0.03571428571428571
dmw=19633	0.0722950024260068	0.09528907922912205	0.054982817869415807	0.04980842911877394	0.07517084282460136	0.12698412698412698	0.08045977011494253	0.07377049180327869	0.06291390728476821	0.010638297872340425	0.0625	0.018867924528301886	0.10784313725490197	0.055900621118012424	0.0	0.06666666666666667	0.07142857142857142
dmw=19634	0.028901734104046242	0.012077294685990338	0.014577259475218658	0.008869179600886918	0.06082289803220036	0.043478260869565216	0.05945945945945946	0.027692307692307693	0.0365296803652968	0.0136986301369863	0.02681992337164751	0.0	0.06315789473684211	0.04838709677419355	0.0	0.0	0.05128205128205128
dmw=19635	0.15782493368700265	0.14412811387900357	0.18854415274463007	0.13970588235294118	0.2046908315565032	0.1728395061728395	0.1905829596412556	0.22549019607843138	0.26903553299492383	0.12418300653594772	0.1632047477744807	0.14782608695652175	0.2857142857142857	0.08870967741935484	0.07017543859649122	0.2	0.11363636363636363
dmw=19636	0.17106001121704992	0.15587266739846323	0.2018140589569161	0.21895424836601307	0.10022271714922049	0.19310344827586207	0.1425	0.1782178217821782	0.14675052410901468	0.10843373493975904	0.09947643979057591	0.08333333333333333	0.14516129032258066	0.18181818181818182	0.0	0.2857142857142857	0.028169014084507043
dmw=19637	0.767948717948718	0.7057368941641938	0.7810413885180241	0.8048469387755102	0.7551724137931034	0.829683698296837	0.7815764482431149	0.8146341463414634	0.7880067567567568	0.6529968454258676	0.7307692307692307	0.8157894736842105	0.7793103448275862	0.8125	0.7142857142857143	0.7962962962962963	0.7258064516129032
dmw=19638	0.7194719471947195	0.714859437751004	0.756043956043956	0.7155361050328227	0.7704280155642024	0.7947882736156352	0.7994350282485876	0.8426573426573427	0.7315436241610739	0.7111111111111111	0.6576402321083172	0.8354430379746836	0.7777777777777778	0.7333333333333333	0.95	0.8032786885245902	0.5396825396825397
dmw=19639	0.7968984492246123	0.8151774785801713	0.8444444444444444	0.8167539267015707	0.8798646362098139	0.9020618556701031	0.81	0.9171974522292994	0.8560885608856088	0.5827814569536424	0.8083067092651757	0.8947368421052632	0.7924528301886793	0.8712871287128713	0.7931034482758621	0.9523809523809523	0.6122448979591837
dmw=19640	0.786265533028123	0.7637969094922737	0.8151057401812689	0.7925325818950335	0.8016983016983017	0.8274368231046931	0.7803502523003859	0.791812865497076	0.809806508355321	0.6486486486486487	0.7748148148148148	0.8062678062678063	0.829981718464351	0.8042071197411004	0.8017241379310345	0.8687258687258688	0.6801242236024845
dmw=19641	0.7222222222222222	0.6888476445220809	0.7701225571381252	0.7483385579937304	0.7677924620655898	0.7753537735849056	0.7496761658031088	0.766269477543538	0.7608540925266903	0.6410171730515192	0.6993224167137211	0.7805836139169473	0.7641857037582903	0.7876991478325306	0.8215827338129497	0.8221680876979294	0.6091324200913242
dmw=19642	0.6958831821303357	0.6628963081322008	0.7241268308385643	0.7067740817740817	0.7219091351840256	0.7289273459644935	0.7109362190523036	0.7202538339502909	0.7228457045350134	0.6158788435061955	0.6689161966156325	0.7116422513492675	0.7083985393844549	0.7368817474265629	0.7420867526377491	0.7662129703763011	0.6402936378466558
dmw=19644	0.0683956267480295	0.07725856697819315	0.09584295612009237	0.0867430441898527	0.09280138768430182	0.0508130081300813	0.07598371777476255	0.05432098765432099	0.08953817153628653	0.084070796460177	0.07414829659318638	0.08955223880597014	0.05217391304347826	0.03908794788273615	0.10526315789473684	0.037037037037037035	0.14893617021276595
dmw=19645	0.20765027322404372	0.22847100175746923	0.23109243697478993	0.21561338289962825	0.2630208333333333	0.21081081081081082	0.23511904761904762	0.13227513227513227	0.2265193370165746	0.23529411764705882	0.3063583815028902	0.1095890410958904	0.5454545454545454	0.3150684931506849	0.2	0.37037037037037035	0.06451612903225806
dmw=19646	0.8697225572979493	0.8362745098039216	0.8658088235294118	0.8980099502487562	0.889922480620155	0.8509316770186336	0.8949880668257757	0.9024390243902439	0.9076005961251863	0.7109375	0.8470824949698189	0.8439716312056738	0.8863636363636364	0.9696969696969697	0.9607843137254902	0.851063829787234	0.7017543859649122
dmw=19647	0.8258620689655173	0.78125	0.9037433155080213	0.8493975903614458	0.8918918918918919	0.9	0.8580645161290322	0.9	0.8671328671328671	0.7555555555555555	0.7661691542288557	0.8571428571428571	0.9333333333333333	0.92	0.0	1.0	0.8095238095238095
dmw=19648	0.8949416342412452	0.7241379310344828	0.898989898989899	0.8701298701298701	0.8695652173913043	0.9318181818181818	0.918918918918919	0.9259259259259259	0.9354838709677419	0.75	0.88	0.875	1.0	1.0	1.0	1.0	0.6666666666666666
dmw=19650	0.7402061855670103	0.672566371681416	0.7686567164179104	0.7029702970297029	0.6948356807511737	0.7843137254901961	0.7866666666666666	0.6979166666666666	0.7093023255813954	0.5223880597014925	0.6950354609929078	0.835820895522388	0.8085106382978723	0.8793103448275862	0.0	0.0	0.75
dmw=19651	0.3683232698560149	0.3030973451327434	0.33617021276595743	0.3393665158371041	0.288135593220339	0.3735408560311284	0.30995475113122173	0.40711462450592883	0.36415362731152207	0.29444444444444445	0.30424528301886794	0.3333333333333333	0.36036036036036034	0.3387096774193548	0.38461538461538464	0.3382352941176471	0.45535714285714285
dmw=19655	0.007416563658838072	0.009510869565217392	0.0024509803921568627	0.0037593984962406013	0.002183406113537118	0.0	0.014705882352941176	0.007246376811594203	0.010471204188481676	0.0	0.0	0.024390243902439025	0.08333333333333333	0.00909090909090909	0.0	0.0	0.0
dmw=19656	0.466789667896679	0.44	0.5233644859813084	0.4077669902912621	0.4868804664723032	0.3924050632911392	0.4976303317535545	0.3375	0.5419664268585132	0.676056338028169	0.2885572139303483	0.4838709677419355	0.5957446808510638	0.5547445255474452	0.0	0.25	0.4375
dmw=19657	0.18276972624798712	0.15714285714285714	0.15714285714285714	0.16770186335403728	0.15789473684210525	0.171875	0.17328519855595667	0.15862068965517243	0.1815068493150685	0.19811320754716982	0.09836065573770492	0.17391304347826086	0.1346153846153846	0.17475728155339806	0.14285714285714285	0.2	0.11428571428571428
dmw=19658	0.5548539857932123	0.5044091710758377	0.5566037735849056	0.5406301824212272	0.5279770444763271	0.5830815709969789	0.5458333333333333	0.5335365853658537	0.5111731843575419	0.4631578947368421	0.4557291666666667	0.5063291139240507	0.5866666666666667	0.49375	0.4444444444444444	0.6944444444444444	0.5625
dmw=19659	0.6577572964669739	0.6629370629370629	0.6974789915966386	0.6634920634920635	0.6589403973509934	0.598404255319149	0.6	0.7154989384288747	0.6469248291571754	0.6415770609318996	0.6239130434782608	0.6404494382022472	0.7664233576642335	0.6683417085427136	0.671875	0.5245901639344263	0.48314606741573035
dmw=19660	0.016005567153792623	0.010968921389396709	0.015418502202643172	0.007692307692307693	0.006342494714587738	0.008130081300813009	0.003289473684210526	0.0049504950495049506	0.013227513227513227	0.015873015873015872	0.012861736334405145	0.01020408163265306	0.0	0.01098901098901099	0.045454545454545456	0.0	0.0
dmw=19661	0.6336796063422635	0.630184331797235	0.6432038834951457	0.6576576576576577	0.6233183856502242	0.7345132743362832	0.6027944111776448	0.6905829596412556	0.5958132045088567	0.575	0.6306068601583114	0.7209302325581395	0.6440677966101694	0.6783625730994152	0.7575757575757576	0.6779661016949152	0.7446808510638298
dmw=19662	0.02426470588235294	0.01309328968903437	0.014577259475218658	0.012422360248447204	0.036585365853658534	0.016129032258064516	0.04057971014492753	0.009433962264150943	0.045307443365695796	0.02608695652173913	0.031496062992125984	0.0	0.2	0.02040816326530612	0.0	0.0	0.0
dmw=19663	0.03033445683173451	0.02722323049001815	0.04565217391304348	0.0170316301703163	0.047105004906771344	0.03021978021978022	0.027571580063626724	0.019230769230769232	0.03706896551724138	0.015337423312883436	0.0374414976599064	0.051470588235294115	0.08403361344537816	0.03515625	0.08695652173913043	0.02040816326530612	0.05084745762711865
dmw=19664	0.2558795860771402	0.23954802259887006	0.29006085192697767	0.3559322033898305	0.2929936305732484	0.29411764705882354	0.20745920745920746	0.36796536796536794	0.27044025157232704	0.1984126984126984	0.291970802919708	0.21428571428571427	0.3888888888888889	0.3333333333333333	0.1875	0.0	0.11764705882352941
dmw=19665	0.4591503267973856	0.4472573839662447	0.46153846153846156	0.49382716049382713	0.4945054945054945	0.40764331210191085	0.47438752783964366	0.496551724137931	0.4823529411764706	0.4489795918367347	0.5088967971530249	0.5348837209302325	0.5428571428571428	0.46153846153846156	0.15384615384615385	0.5833333333333334	0.5617977528089888
dmw=19666	0.24258064516129033	0.23515981735159816	0.29347826086956524	0.296551724137931	0.21764705882352942	0.2	0.2289156626506024	0.24489795918367346	0.31451612903225806	0.22448979591836735	0.1721311475409836	0.06666666666666667	0.2631578947368421	0.17346938775510204	0.125	0.5	0.3793103448275862
dmw=19667	0.04068522483940043	0.019305019305019305	0.02127659574468085	0.0379746835443038	0.04225352112676056	0.022222222222222223	0.020618556701030927	0.05405405405405406	0.018518518518518517	0.05172413793103448	0.03614457831325301	0.0	0.0	0.024390243902439025	0.0	0.0	0.0
dmw=19669	0.008482278097546198	0.0026109660574412533	0.008483563096500531	0.010895883777239709	0.004633920296570899	0.011037527593818985	0.00995732574679943	0.013986013986013986	0.002044989775051125	0.019662921348314606	0.006514657980456026	0.0	0.006993006993006993	0.0033444816053511705	0.01098901098901099	0.0	0.0
dmw=19670	0.012789281364190013	0.0061823802163833074	0.007407407407407408	0.008379888268156424	0.0057306590257879654	0.011627906976744186	0.00851063829787234	0.0	0.017391304347826087	0.008	0.0	0.015151515151515152	0.014925373134328358	0.0	0.0	0.0	0.025
dmw=19671	0.007462686567164179	0.005044136191677175	0.0	0.011111111111111112	0.011142061281337047	0.014492753623188406	0.008385744234800839	0.005235602094240838	0.004866180048661801	0.00909090909090909	0.006472491909385114	0.011904761904761904	0.0	0.0	0.0	0.0	0.0
dmw=19672	0.08577517314864144	0.06578947368421052	0.09907834101382489	0.08852459016393442	0.09761388286334056	0.17665615141955837	0.0970873786407767	0.09852216748768473	0.07782672540381791	0.08	0.12547528517110265	0.0	0.07692307692307693	0.08461538461538462	0.17073170731707318	0.0	0.03571428571428571
dmw=19673	0.008559201141226819	0.0073964497041420114	0.01129032258064516	0.008695652173913044	0.005970149253731343	0.0057692307692307696	0.0013157894736842105	0.0025380710659898475	0.004612546125461255	0.0027472527472527475	0.00945179584120983	0.009708737864077669	0.022388059701492536	0.01015228426395939	0.022727272727272728	0.0	0.022727272727272728
dmw=19674	0.005373134328358209	0.004966887417218543	0.002352941176470588	0.0	0.005050505050505051	0.0	0.002793296089385475	0.0	0.0037174721189591076	0.009615384615384616	0.009316770186335404	0.015625	0.015151515151515152	0.0	0.0196078431372549	0.0	0.0
dmw=19675	0.0051762385999507025	0.005968529571351058	0.006396588486140725	0.004210526315789474	0.0074503311258278145	0.006514657980456026	0.004700352526439483	0.009652509652509652	0.007308970099667774	0.007936507936507936	0.005197505197505198	0.01	0.0	0.015772870662460567	0.0	0.005847953216374269	0.008333333333333333
dmw=19676	0.029341792228390166	0.022589052997393572	0.04262295081967213	0.028634361233480177	0.019813519813519812	0.06563706563706563	0.013966480446927373	0.02909090909090909	0.02295918367346939	0.013824884792626729	0.018789144050104383	0.05660377358490566	0.0	0.010582010582010581	0.0	0.02040816326530612	0.0
dmw=19677	0.033633633633633635	0.027820710973724884	0.051111111111111114	0.04516129032258064	0.022099447513812154	0.026905829596412557	0.028645833333333332	0.0189873417721519	0.048507462686567165	0.056338028169014086	0.04887218045112782	0.0425531914893617	0.078125	0.024271844660194174	0.0	0.0	0.0
dmw=19678	0.008543965824136704	0.007959183673469388	0.009823986901350798	0.004739336492890996	0.004784688995215311	0.007985803016858917	0.007042253521126761	0.008396305625524769	0.005455165359699966	0.010739856801909307	0.000643915003219575	0.008	0.0032258064516129032	0.005279831045406547	0.025380710659898477	0.0	0.0035087719298245615
dmw=19679	0.007076923076923077	0.005054151624548736	0.006730769230769231	0.00749063670411985	0.006321112515802781	0.009456264775413711	0.009925558312655087	0.007462686567164179	0.004659832246039142	0.00684931506849315	0.009375	0.0	0.019417475728155338	0.0	0.0	0.017241379310344827	0.0
dmw=19680	0.005208333333333333	0.019776440240756664	0.003257328990228013	0.00411522633744856	0.007797270955165692	0.020689655172413793	0.006462035541195477	0.0	0.008454106280193236	0.004830917874396135	0.01727447216890595	0.0	0.0	0.0	0.0	0.0	0.0
dmw=19681	0.00777511961722488	0.002271006813020439	0.009708737864077669	0.006837606837606838	0.004678362573099415	0.0	0.0056022408963585435	0.0078125	0.01560758082497213	0.0	0.014084507042253521	0.0	0.0	0.004329004329004329	0.0449438202247191	0.017543859649122806	0.007352941176470588
dmw=19682	0.002354788069073783	0.007518796992481203	0.0	0.0	0.0	0.0	0.003401360544217687	0.0	0.0	0.00980392156862745	0.008368200836820083	0.0	0.022222222222222223	0.0	0.0	0.0	0.0
dmw=19683	0.003911342894393742	0.006002400960384154	0.012280701754385965	0.005025125628140704	0.017123287671232876	0.0	0.013888888888888888	0.0	0.0	0.00909090909090909	0.0049382716049382715	0.0	0.05	0.004975124378109453	0.0	0.0	0.046511627906976744
dmw=19684	0.008785529715762274	0.004932182490752158	0.006944444444444444	0.007662835249042145	0.005649717514124294	0.0	0.002079002079002079	0.0	0.005405405405405406	0.0	0.0034482758620689655	0.0	0.0	0.0	0.0	0.0	0.020833333333333332
dmw=19685	0.008118701007838746	0.0075046904315197	0.005296610169491525	0.0010121457489878543	0.006458557588805167	0.005555555555555556	0.005924170616113744	0.016842105263157894	0.0075046904315197	0.00303951367781155	0.007253886010362694	0.005050505050505051	0.0	0.0	0.0	0.0	0.0
dmw=19686	0.028704422032583398	0.02090032154340836	0.014285714285714285	0.02710843373493976	0.01098901098901099	0.020100502512562814	0.010075566750629723	0.0	0.012987012987012988	0.017857142857142856	0.014184397163120567	0.0	0.05084745762711865	0.0	0.0	0.0	0.0
dmw=19687	0.00516795865633075	0.0	0.005249343832020997	0.024844720496894408	0.006880733944954129	0.005714285714285714	0.014814814814814815	0.0	0.009029345372460496	0.028169014084507043	0.012578616352201259	0.029585798816568046	0.013513513513513514	0.0078125	0.05263157894736842	0.0	0.0
dmw=19688	0.22125984251968503	0.205078125	0.2098360655737705	0.1810344827586207	0.25925925925925924	0.15833333333333333	0.22549019607843138	0.2956521739130435	0.19390581717451524	0.15853658536585366	0.21254355400696864	0.5454545454545454	0.16216216216216217	0.14285714285714285	0.07692307692307693	0.3333333333333333	0.0
dmw=19689	0.1456538762725137	0.15172413793103448	0.165625	0.23103448275862068	0.1761786600496278	0.19875776397515527	0.11447811447811448	0.18064516129032257	0.16028708133971292	0.07936507936507936	0.17407407407407408	0.1590909090909091	0.225	0.09174311926605505	0.2682926829268293	0.3333333333333333	0.12903225806451613
dmw=19690	0.3084775854416334	0.27488514548238896	0.2921108742004264	0.245	0.2902654867256637	0.2773109243697479	0.3540772532188841	0.27672955974842767	0.27218934911242604	0.1888412017167382	0.2388758782201405	0.25	0.23655913978494625	0.33984375	0.3333333333333333	0.38235294117647056	0.25555555555555554
dmw=19693	0.4900398406374502	0.5179153094462541	0.5282258064516129	0.4878640776699029	0.5690298507462687	0.5	0.514161220043573	0.4552238805970149	0.5	0.41509433962264153	0.5	0.5806451612903226	0.3181818181818182	0.6349206349206349	0.5384615384615384	0.4666666666666667	0.29411764705882354
dmw=19694	0.009067048437127178	0.012773722627737226	0.013333333333333334	0.004884004884004884	0.008714596949891068	0.003656307129798903	0.002472187886279357	0.017130620985010708	0.0036429872495446266	0.014767932489451477	0.00906344410876133	0.005649717514124294	0.0	0.008583690987124463	0.0	0.017964071856287425	0.0
dmw=19695	0.007539300609560475	0.01518578352180937	0.010465116279069767	0.009502923976608187	0.007960808328230252	0.004451038575667656	0.0110803324099723	0.00963855421686747	0.0073818897637795275	0.01026694045174538	0.006498781478472786	0.030120481927710843	0.0	0.007739938080495356	0.013888888888888888	0.007462686567164179	0.006711409395973154
dmw=19696	0.022658099425093	0.016570605187319884	0.023076923076923078	0.019169329073482427	0.012857142857142857	0.028901734104046242	0.03442340791738382	0.006211180124223602	0.027603513174404015	0.020833333333333332	0.01948051948051948	0.08247422680412371	0.02857142857142857	0.013468013468013467	0.0	0.0	0.021739130434782608
dmw=19697	0.010626398210290829	0.003968253968253968	0.003816793893129771	0.014522821576763486	0.0034482758620689655	0.0	0.006122448979591836	0.004329004329004329	0.006963788300835654	0.0	0.0051813471502590676	0.0	0.0	0.0	0.075	0.0	0.0
dmw=19698	0.007512520868113523	0.0013089005235602095	0.0034423407917383822	0.0076045627376425855	0.014684287812041116	0.006493506493506494	0.010126582278481013	0.0	0.008849557522123894	0.0	0.0	0.0	0.0	0.0	0.0	0.0	0.0
dmw=19699	0.0067178502879078695	0.007194244604316547	0.009389671361502348	0.0	0.01098901098901099	0.007874015748031496	0.0	0.0	0.005405405405405406	0.010752688172043012	0.007246376811594203	0.0	0.0	0.04081632653061224	0.0	0.0	0.0
dmw=19700	0.01650312221231044	0.01310483870967742	0.024725274725274724	0.002325581395348837	0.015698587127158554	0.032846715328467155	0.014950166112956811	0.00784313725490196	0.014311270125223614	0.016483516483516484	0.0056179775280898875	0.02702702702702703	0.06666666666666667	0.024096385542168676	0.0	0.03571428571428571	0.08695652173913043
dmw=19701	0.004310344827586207	0.010771992818671455	0.00998003992015968	0.010948905109489052	0.0058823529411764705	0.013651877133105802	0.004024144869215292	0.0	0.01706036745406824	0.006389776357827476	0.010126582278481013	0.0	0.03225806451612903	0.0	0.0	0.0	0.012195121951219513
dmw=19702	0.007304601899196494	0.0038240917782026767	0.009195402298850575	0.0033112582781456954	0.006472491909385114	0.0	0.0035460992907801418	0.0	0.014314928425357873	0.02857142857142857	0.00847457627118644	0.0	0.0	0.0	0.0	0.0	0.010526315789473684
dmw=19704	0.8375378405650857	0.8017664376840039	0.8065476190476191	0.820675105485232	0.8519163763066202	0.7276785714285714	0.8446601941747572	0.8870523415977961	0.8346972176759411	0.8421052631578947	0.8609406952965235	0.8043478260869565	0.8514851485148515	0.845679012345679	0.8076923076923077	0.8275862068965517	0.8666666666666667
dmw=19705	0.24150943396226415	0.17773788150807898	0.2618296529968454	0.2484472049689441	0.30697674418604654	0.292	0.2754237288135593	0.33116883116883117	0.2309941520467836	0.2	0.28125	0.25396825396825395	0.22727272727272727	0.25882352941176473	0.07692307692307693	0.18181818181818182	0.16
dmw=19706	0.008524590163934427	0.005357142857142857	0.005208333333333333	0.0024271844660194173	0.0	0.0	0.012285012285012284	0.0	0.00468384074941452	0.01639344262295082	0.003968253968253968	0.0	0.0	0.009259259259259259	0.0	0.0	0.0
dmw=19707	0.012835032087580219	0.005516549648946841	0.007283321194464676	0.006825938566552901	0.004230118443316413	0.0	0.0041841004184100415	0.00847457627118644	0.008777852802160702	0.006329113924050633	0.006134969325153374	0.0	0.0	0.0018796992481203006	0.0	0.0	0.0
dmw=19708	0.004764173415912339	0.00529567519858782	0.0018281535648994515	0.0044943820224719105	0.008207934336525308	0.00425531914893617	0.0032258064516129032	0.008823529411764706	0.007334963325183374	0.0	0.004728132387706856	0.0	0.0	0.012422360248447204	0.0	0.0	0.023255813953488372
dmw=19709	0.006397952655150352	0.011747430249632892	0.010940919037199124	0.007263922518159807	0.014336917562724014	0.0	0.013368983957219251	0.008658008658008658	0.007518796992481203	0.00980392156862745	0.005970149253731343	0.017699115044247787	0.03896103896103896	0.007874015748031496	0.0	0.014492753623188406	0.0
dmw=19710	0.6221616712079927	0.5920852359208524	0.6751824817518248	0.6146095717884131	0.6203007518796992	0.5714285714285714	0.6690140845070423	0.5918367346938775	0.718336483931947	0.47540983606557374	0.6311475409836066	0.6442307692307693	0.7586206896551724	0.6466165413533834	0.0	0.8	0.5384615384615384
dmw=19714	0.005017561465127948	0.004706889174154899	0.010805500982318271	0.015202702702702704	0.010482180293501049	0.012598425196850394	0.004273504273504274	0.002861230329041488	0.009252120277563608	0.013100436681222707	0.008928571428571428	0.005050505050505051	0.0	0.03597122302158273	0.0	0.00909090909090909	0.0
dmw=19715	0.0025261638397690365	0.010869565217391304	0.006745362563237774	0.0020161290322580645	0.006802721088435374	0.0049504950495049506	0.001199040767386091	0.003816793893129771	0.006644518272425249	0.015384615384615385	0.00411522633744856	0.011363636363636364	0.0	0.009852216748768473	0.0	0.025	0.02666666666666667
dmw=19716	0.005005561735261402	0.002386634844868735	0.003036437246963563	0.0025940337224383916	0.011396011396011397	0.006880733944954129	0.004316546762589928	0.005893909626719057	0.00788091068301226	0.0	0.0078125	0.01098901098901099	0.0044444444444444444	0.016260162601626018	0.0	0.0	0.0
dmw=19717	0.007526881720430108	0.0	0.00392156862745098	0.00510204081632653	0.0035587188612099642	0.007936507936507936	0.0027472527472527475	0.0	0.0032102728731942215	0.0	0.00546448087431694	0.0	0.01639344262295082	0.016483516483516484	0.0	0.0	0.0
dmw=19718	0.005507745266781412	0.004711425206124852	0.009762900976290097	0.0027548209366391185	0.0034285714285714284	0.014742014742014743	0.004347826086956522	0.008645533141210375	0.004599816007359705	0.020338983050847456	0.0034602076124567475	0.0	0.008	0.0	0.0	0.0	0.01
dmw=19719	0.01636520241171404	0.007554296506137866	0.008185538881309686	0.015151515151515152	0.013651877133105802	0.012285012285012284	0.004975124378109453	0.004032258064516129	0.009836065573770493	0.013888888888888888	0.008639308855291577	0.025	0.0	0.0	0.04054054054054054	0.0	0.0
dmw=19720	0.058085808580858087	0.058663028649386086	0.06	0.051515151515151514	0.07112068965517242	0.05128205128205128	0.07667731629392971	0.015306122448979591	0.05912596401028278	0.022222222222222223	0.037800687285223365	0.046511627906976744	0.0	0.03225806451612903	0.09090909090909091	0.06896551724137931	0.06666666666666667
dmw=19721	0.4328761429758936	0.4224548049476689	0.469475494411006	0.429198682766191	0.4728	0.4768211920529801	0.41204819277108434	0.4230088495575221	0.45135135135135135	0.3877118644067797	0.4320594479830149	0.5	0.49707602339181284	0.489010989010989	0.5641025641025641	0.5268817204301075	0.3
dmw=19722	0.49090071412117026	0.4991530208921513	0.5207100591715976	0.4888888888888889	0.5265448215839861	0.502127659574468	0.5132591958939264	0.5283757338551859	0.5045871559633027	0.45614035087719296	0.5071428571428571	0.5409090909090909	0.5378151260504201	0.54858934169279	0.5833333333333334	0.5277777777777778	0.42
dmw=19723	0.4730902777777778	0.4908976773383553	0.466403162055336	0.49859943977591037	0.48112294288480156	0.5074309978768577	0.49688796680497926	0.5234899328859061	0.4659533073929961	0.3719298245614035	0.5	0.529126213592233	0.5275590551181102	0.4631268436578171	0.42857142857142855	0.5689655172413793	0.4811320754716981
dmw=19724	0.6731892062490137	0.6408531898539584	0.6892378148511613	0.6848171701112877	0.693456827009262	0.7048364153627311	0.6835978835978836	0.7102803738317757	0.7035398230088495	0.5927461139896373	0.6765089014329136	0.68125	0.7215447154471545	0.7022411953041622	0.727810650887574	0.7033492822966507	0.6175637393767706
dmw=19725	0.6109822934232715	0.5722877074813567	0.6422376409366869	0.6223628691983122	0.6201201201201201	0.6035502958579881	0.5949868073878628	0.6810102899906455	0.6410256410256411	0.5247395833333334	0.6097560975609756	0.6190476190476191	0.6073619631901841	0.6227544910179641	0.7527472527472527	0.5668789808917197	0.562874251497006
dmw=19726	0.4824357912178956	0.45827929096411585	0.518762088974855	0.494279176201373	0.501877773984295	0.4874015748031496	0.4954813359528487	0.5269076305220883	0.4764366068713895	0.40100250626566414	0.44960861056751467	0.5010309278350515	0.48677248677248675	0.5478170478170478	0.5177664974619289	0.495	0.4150197628458498
dmw=19727	0.5737417808640078	0.5409288824383164	0.6035260930888575	0.5810465858328016	0.5830979284369114	0.5917176209005003	0.5683718293892589	0.6101165103722649	0.568607305936073	0.5073325406262386	0.5532362743378355	0.6153346328784925	0.5962199312714777	0.617872340425532	0.6124197002141327	0.6313932980599647	0.50661853188929
dmw=19728	0.0048367593712212815	0.0056753688989784334	0.004846526655896607	0.0034602076124567475	0.006420545746388443	0.0	0.005338078291814947	0.008368200836820083	0.007633587786259542	0.007575757575757576	0.004140786749482402	0.0	0.0	0.006666666666666667	0.0	0.030303030303030304	0.0
dmw=19729	0.7754615842763549	0.7755681818181818	0.8224043715846995	0.8140243902439024	0.8005865102639296	0.7803468208092486	0.7908163265306123	0.7018633540372671	0.821285140562249	0.6904761904761905	0.7310704960835509	0.86	0.8695652173913043	0.8309859154929577	1.0	0.9354838709677419	0.6216216216216216
dmw=19730	0.6806426332288401	0.6872364890762744	0.6747104247104247	0.6745737583395107	0.6940147948890383	0.6824817518248175	0.7138783269961977	0.7475317348377997	0.697594501718213	0.6216696269982238	0.660436137071651	0.6893203883495146	0.6716417910447762	0.7062937062937062	0.6344086021505376	0.6686046511627907	0.7052631578947368
dmw=19731	0.0763888888888889	0.10526315789473684	0.102803738317757	0.06538461538461539	0.13168724279835392	0.07339449541284404	0.07480314960629922	0.16842105263157894	0.06164383561643835	0.06818181818181818	0.09411764705882353	0.0	0.07692307692307693	0.12307692307692308	0.0	0.0	0.10526315789473684
dmw=19732	0.1436396835057821	0.1239766081871345	0.13555555555555557	0.14465408805031446	0.13764510779436154	0.2255892255892256	0.134375	0.14655172413793102	0.17275280898876405	0.14383561643835616	0.20930232558139536	0.1328125	0.14285714285714285	0.08875739644970414	0.13043478260869565	0.13333333333333333	0.12
dmw=19733	0.6853658536585366	0.6224	0.7675276752767528	0.7093425605536332	0.7338501291989664	0.7307692307692307	0.6687306501547987	0.8092783505154639	0.6965065502183406	0.5053763440860215	0.5590277777777778	0.6153846153846154	0.6176470588235294	0.8181818181818182	0.72	0.8085106382978723	0.6410256410256411
dmw=19734	0.22535211267605634	0.25895316804407714	0.2754237288135593	0.17435897435897435	0.16666666666666666	0.21052631578947367	0.17587939698492464	0.24647887323943662	0.22697368421052633	0.16666666666666666	0.18592964824120603	0.2631578947368421	0.16666666666666666	0.2857142857142857	0.23529411764705882	0.13333333333333333	0.125
dmw=19735	0.5841584158415841	0.5698412698412698	0.6267605633802817	0.5801526717557252	0.5943661971830986	0.6	0.5903614457831325	0.6491228070175439	0.6310483870967742	0.4845360824742268	0.6322869955156951	0.664	0.4	0.6258992805755396	0.75	0.6153846153846154	0.44
dmw=19736	0.03248730964467005	0.02813852813852814	0.0641025641025641	0.06198347107438017	0.05555555555555555	0.09473684210526316	0.08333333333333333	0.00847457627118644	0.05128205128205128	0.08108108108108109	0.04375	0.08333333333333333	0.0	0.04	0.14285714285714285	0.08695652173913043	0.0
dmw=19737	0.3509803921568627	0.32644628099173556	0.2923076923076923	0.2846153846153846	0.3988439306358382	0.34234234234234234	0.297029702970297	0.5638297872340425	0.39080459770114945	0.1111111111111111	0.26744186046511625	0.32432432432432434	0.4411764705882353	0.3114754098360656	0.0	0.16666666666666666	0.6666666666666666
dmw=19738	0.06325301204819277	0.06764705882352941	0.08778625954198473	0.04435483870967742	0.056179775280898875	0.023255813953488372	0.005952380952380952	0.05426356589147287	0.045871559633027525	0.075	0.03896103896103896	0.022222222222222223	0.04477611940298507	0.07079646017699115	0.038461538461538464	0.0	0.016666666666666666
dmw=19739	0.5768621236133122	0.5040983606557377	0.4596774193548387	0.56	0.4818181818181818	0.5081967213114754	0.49047619047619045	0.49206349206349204	0.5727699530516432	0.48717948717948717	0.4880952380952381	0.6212121212121212	0.5714285714285714	0.625	0.0	0.0	0.7777777777777778
dmw=19740	0.006383777694329703	0.008952551477170993	0.002789400278940028	0.010040160642570281	0.007594936708860759	0.009029345372460496	0.004622496147919877	0.006578947368421052	0.002777777777777778	0.007874015748031496	0.029787234042553193	0.0	0.0	0.04979253112033195	0.0	0.02564102564102564	0.012048192771084338
dmw=19741	0.3150943396226415	0.33755274261603374	0.28169014084507044	0.34558823529411764	0.2916666666666667	0.26436781609195403	0.3358208955223881	0.37755102040816324	0.3316582914572864	0.3090909090909091	0.3235294117647059	0.3333333333333333	0.2857142857142857	0.37037037037037035	0.25	0.25	0.5714285714285714
dmw=19742	0.1984732824427481	0.2791411042944785	0.25252525252525254	0.23529411764705882	0.17801047120418848	0.12195121951219512	0.16216216216216217	0.3333333333333333	0.1813953488372093	0.2	0.1450381679389313	0.18	0.22448979591836735	0.15037593984962405	0.42105263157894735	0.1111111111111111	0.047619047619047616
dmw=19743	0.5851339671564391	0.5305755395683454	0.5590909090909091	0.5880149812734082	0.4648648648648649	0.6549707602339181	0.5339805825242718	0.6434782608695652	0.6065573770491803	0.6020408163265306	0.625	0.6631578947368421	0.72	0.7321428571428571	0.9142857142857143	0.7804878048780488	0.36
dmw=19744	0.04123173277661795	0.04745762711864407	0.04899777282850779	0.03669724770642202	0.06407322654462243	0.05652173913043478	0.04507042253521127	0.05	0.06051873198847262	0.046511627906976744	0.047619047619047616	0.048	0.0	0.0821917808219178	0.0	0.037037037037037035	0.025
dmw=19745	0.7191011235955056	0.7588325652841782	0.7142857142857143	0.7684563758389261	0.7494356659142212	0.6395348837209303	0.7407407407407407	0.7674418604651163	0.7709163346613546	0.6451612903225806	0.7035714285714286	0.7441860465116279	0.7235772357723578	0.7878787878787878	0.782608695652174	0.6666666666666666	0.625
dmw=19746	0.028145695364238412	0.026530612244897958	0.02100840336134454	0.0	0.024691358024691357	0.009523809523809525	0.04245283018867924	0.07142857142857142	0.030612244897959183	0.01680672268907563	0.049019607843137254	0.02247191011235955	0.058823529411764705	0.09166666666666666	0.045454545454545456	0.2857142857142857	0.0
dmw=19747	0.19391025641025642	0.19661016949152543	0.23076923076923078	0.19205298013245034	0.20710059171597633	0.1044776119402985	0.16906474820143885	0.22727272727272727	0.140625	0.14705882352941177	0.15948275862068967	0.25	0.08	0.205607476635514	0.0	0.21428571428571427	0.3125
dmw=19748	0.09559939301972686	0.07777777777777778	0.11875	0.14925373134328357	0.10816777041942605	0.11258278145695365	0.06692913385826772	0.1377245508982036	0.07530120481927711	0.0979020979020979	0.055299539170506916	0.09333333333333334	0.08	0.12149532710280374	0.11764705882352941	0.0	0.017857142857142856
dmw=19749	0.4644187008688457	0.41394927536231885	0.48523206751054854	0.4566768603465851	0.48348856900931414	0.41763005780346824	0.4177777777777778	0.4793103448275862	0.43270365997638727	0.4	0.4174757281553398	0.421875	0.44654088050314467	0.46900269541778977	0.4146341463414634	0.3561643835616438	0.375
dmw=19750	0.06347374495095211	0.06996587030716724	0.1291139240506329	0.06301369863013699	0.10204081632653061	0.09401709401709402	0.0712401055408971	0.19072164948453607	0.08528784648187633	0.02459016393442623	0.08960573476702509	0.08695652173913043	0.03614457831325301	0.08	0.05263157894736842	0.20833333333333334	0.11475409836065574
dmw=19751	0.016115702479338842	0.019438444924406047	0.008605851979345954	0.027220630372492838	0.025959367945823927	0.006600660066006601	0.02336448598130841	0.006872852233676976	0.007662835249042145	0.011834319526627219	0.0036968576709796672	0.09473684210526316	0.02702702702702703	0.0182648401826484	0.0	0.0	0.0
dmw=19752	0.008481110254433308	0.006887052341597796	0.009389671361502348	0.00980392156862745	0.0036900369003690036	0.0196078431372549	0.004434589800443459	0.0040650406504065045	0.0051813471502590676	0.009900990099009901	0.007722007722007722	0.0	0.0	0.010869565217391304	0.0	0.0	0.015384615384615385
dmw=19753	0.17232375979112272	0.16987179487179488	0.19205298013245034	0.22285714285714286	0.203125	0.14492753623188406	0.16062176165803108	0.25	0.17058823529411765	0.3076923076923077	0.15841584158415842	0.0	0.0	0.0	0.0	0.23809523809523808	0.0
dmw=19762	0.004679144385026738	0.007272727272727273	0.0027397260273972603	0.0	0.0031746031746031746	0.004975124378109453	0.005780346820809248	0.0	0.006802721088435374	0.02727272727272727	0.0	0.0136986301369863	0.01639344262295082	0.008403361344537815	0.09090909090909091	0.0	0.0
dmw=19763	0.30419161676646705	0.32367549668874174	0.34265734265734266	0.3431578947368421	0.33666191155492153	0.2896174863387978	0.3442088091353997	0.2747875354107649	0.28690807799442897	0.2845528455284553	0.32180851063829785	0.3509933774834437	0.21875	0.3763837638376384	0.18181818181818182	0.20689655172413793	0.2571428571428571
dmw=19764	0.19600725952813067	0.18120237087214225	0.20556227327690446	0.22416302765647744	0.23828920570264767	0.1590909090909091	0.19298245614035087	0.17255717255717257	0.1671388101983003	0.1424581005586592	0.15778688524590165	0.2054794520547945	0.3013698630136986	0.18151815181518152	0.18518518518518517	0.0	0.0815450643776824
dmw=19765	0.08333333333333333	0.07956989247311828	0.14285714285714285	0.10714285714285714	0.12137203166226913	0.043478260869565216	0.11497326203208556	0.12149532710280374	0.05670103092783505	0.04716981132075472	0.09202453987730061	0.18055555555555555	0.029411764705882353	0.06741573033707865	0.1111111111111111	0.06818181818181818	0.018867924528301886
dmw=19766	0.23412698412698413	0.19718309859154928	0.27319587628865977	0.22377622377622378	0.18374558303886926	0.14864864864864866	0.19248826291079812	0.3411764705882353	0.14982578397212543	0.21875	0.25146198830409355	0.2	0.11764705882352941	0.2518518518518518	1.0	0.3333333333333333	0.22916666666666666
dmw=19767	0.31101614434947766	0.2801147227533461	0.35149156939040205	0.35181236673773986	0.32488822652757077	0.38461538461538464	0.2876712328767123	0.4108527131782946	0.3575525812619503	0.1810344827586207	0.2819548872180451	0.34285714285714286	0.4	0.32919254658385094	0.4	0.3181818181818182	0.2413793103448276
dmw=19768	0.7019817073170732	0.6821608040201005	0.7364016736401674	0.7540983606557377	0.7114427860696517	0.6381578947368421	0.6763925729442971	0.7098765432098766	0.683495145631068	0.6167664670658682	0.7105263157894737	0.7524752475247525	0.6635514018691588	0.7777777777777778	0.6666666666666666	0.8484848484848485	0.0
dmw=19769	0.8187984496124031	0.7903225806451613	0.8503401360544217	0.8525345622119815	0.8325123152709359	0.905982905982906	0.8725761772853186	0.85	0.8108108108108109	0.6820809248554913	0.8401360544217688	0.9	0.5185185185185185	0.9259259259259259	1.0	1.0	0.45454545454545453
dmw=19770	0.007744874715261959	0.004599816007359705	0.008583690987124463	0.002036659877800407	0.009708737864077669	0.003067484662576687	0.003968253968253968	0.0	0.008086253369272238	0.015463917525773196	0.007326007326007326	0.005747126436781609	0.02531645569620253	0.004347826086956522	0.03571428571428571	0.0	0.0
dmw=19771	0.015359741309620048	0.00390625	0.004807692307692308	0.0	0.0	0.0	0.006756756756756757	0.0	0.003289473684210526	0.0	0.0	0.01694915254237288	0.0	0.05714285714285714	0.0	0.0	0.0
dmw=19772	0.006370494551550712	0.00416036308623298	0.0044444444444444444	0.0010050251256281408	0.006531678641410843	0.009244992295839754	0.005937234944868533	0.011349306431273645	0.003464203233256351	0.007246376811594203	0.006711409395973154	0.017421602787456445	0.0	0.008048289738430584	0.0078125	0.0	0.0
dmw=19773	0.0043859649122807015	0.011661807580174927	0.0058823529411764705	0.005128205128205128	0.002849002849002849	0.0	0.0313588850174216	0.0	0.010498687664041995	0.0	0.0	0.0	0.0	0.02040816326530612	0.0	0.04	0.0
dmw=19774	0.010069044879171462	0.005621486570893191	0.007164790174002047	0.005434782608695652	0.0050968399592252805	0.010657193605683837	0.008264462809917356	0.004434589800443459	0.005741626794258373	0.0	0.01059322033898305	0.0	0.005649717514124294	0.004329004329004329	0.0	0.0	0.0
dmw=19775	0.0065653075328265375	0.008272058823529412	0.005671077504725898	0.009433962264150943	0.006535947712418301	0.0	0.0	0.0	0.0029585798816568047	0.0	0.0035460992907801418	0.0	0.01	0.02040816326530612	0.0	0.0	0.0
dmw=19776	0.009625668449197862	0.014204545454545454	0.017241379310344827	0.005952380952380952	0.00398406374501992	0.0	0.011976047904191617	0.017857142857142856	0.011904761904761904	0.0	0.0	0.04	0.0	0.05405405405405406	0.0	0.0	0.0
dmw=19777	0.0034423407917383822	0.005341880341880342	0.0051813471502590676	0.0049261083743842365	0.005714285714285714	0.006289308176100629	0.01818181818181818	0.0047169811320754715	0.0033112582781456954	0.0	0.005115089514066497	0.0	0.0	0.04854368932038835	0.0625	0.0	0.0
dmw=19778	0.13809182209469154	0.16268788682581786	0.1216	0.12387791741472172	0.06616052060737528	0.09876543209876543	0.08146964856230032	0.12209302325581395	0.09905660377358491	0.09009009009009009	0.16775244299674266	0.07352941176470588	0.10661764705882353	0.08940397350993377	0.12903225806451613	0.2	0.0625
dmw=19779	0.10318791946308725	0.07847533632286996	0.07473309608540925	0.08374384236453201	0.11254019292604502	0.031914893617021274	0.075	0.17692307692307693	0.08496732026143791	0.10852713178294573	0.07547169811320754	0.05714285714285714	0.07058823529411765	0.10810810810810811	0.0	0.10638297872340426	0.0
dmw=19780	0.005368098159509203	0.006289308176100629	0.0033222591362126247	0.0	0.003048780487804878	0.0	0.00411522633744856	0.0	0.003663003663003663	0.0	0.009174311926605505	0.0	0.0	0.0	0.0	0.0	0.0
dmw=19781	0.004782146652497344	0.00846262341325811	0.009259259259259259	0.014669926650366748	0.005474452554744526	0.010471204188481676	0.0	0.009569377990430622	0.008460236886632826	0.0	0.0	0.0	0.0	0.013986013986013986	0.0	0.0	0.0
dmw=19782	0.006970260223048327	0.007237635705669481	0.006185567010309278	0.015945330296127564	0.002288329519450801	0.0	0.013440860215053764	0.006211180124223602	0.006309148264984227	0.006172839506172839	0.02452316076294278	0.0	0.030303030303030304	0.015957446808510637	0.0	0.0	0.02564102564102564
dmw=19783	0.004617752693689072	0.00589622641509434	0.0	0.0022222222222222222	0.02766798418972332	0.012096774193548387	0.0	0.019455252918287938	0.014005602240896359	0.0	0.002688172043010753	0.038461538461538464	0.0	0.028169014084507043	0.0	0.05555555555555555	0.022222222222222223
dmw=19784	0.007067137809187279	0.027923211169284468	0.017316017316017316	0.017316017316017316	0.012145748987854251	0.0	0.0	0.0	0.011428571428571429	0.026785714285714284	0.013824884792626729	0.0	0.0	0.017241379310344827	0.0	0.0	0.0
dmw=19785	0.011320754716981131	0.006527415143603133	0.02511415525114155	0.011049723756906077	0.00702576112412178	0.004424778761061947	0.0035211267605633804	0.01327433628318584	0.004975124378109453	0.013071895424836602	0.0	0.0	0.011235955056179775	0.0	0.05555555555555555	0.0	0.0
dmw=19786	0.012269938650306749	0.019067796610169493	0.0	0.009009009009009009	0.008583690987124463	0.024390243902439025	0.0	0.044642857142857144	0.0	0.0	0.011049723756906077	0.0	0.05128205128205128	0.0	0.0	0.0	0.0
dmw=19787	0.015081206496519721	0.007978723404255319	0.002631578947368421	0.0031545741324921135	0.003472222222222222	0.016216216216216217	0.0	0.005	0.0	0.014705882352941176	0.016194331983805668	0.0	0.0	0.0	0.0	0.0	0.0
dmw=19788	0.008069939475453935	0.006015037593984963	0.004784688995215311	0.006389776357827476	0.0027397260273972603	0.006535947712418301	0.0	0.0	0.0	0.006134969325153374	0.017699115044247787	0.0	0.0	0.0	0.0	0.0	0.0
dmw=19789	0.01848249027237354	0.017278617710583154	0.028070175438596492	0.0	0.010033444816053512	0.02	0.0	0.0072992700729927005	0.0037593984962406013	0.006944444444444444	0.0	0.12280701754385964	0.0	0.0	0.0	0.0	0.0
dmw=19790	0.2882703777335984	0.25806451612903225	0.38990825688073394	0.28292682926829266	0.2622478386167147	0.2463768115942029	0.256	0.3364485981308411	0.2122905027932961	0.14457831325301204	0.24479166666666666	0.5	0.2553191489361702	0.46774193548387094	0.2222222222222222	0.4444444444444444	0.3333333333333333
dmw=19791	0.008441044579266685	0.0051933064050779	0.010273972602739725	0.0038809831824062097	0.008875739644970414	0.0078125	0.008771929824561403	0.002380952380952381	0.008641975308641974	0.004273504273504274	0.00425531914893617	0.0	0.017699115044247787	0.002785515320334262	0.0	0.01834862385321101	0.0
dmw=19792	0.00747974236442967	0.005046583850931677	0.006750241080038573	0.005698005698005698	0.003745318352059925	0.0	0.005279831045406547	0.0027472527472527475	0.012403100775193798	0.014018691588785047	0.011786038077969175	0.00425531914893617	0.029411764705882353	0.006269592476489028	0.016666666666666666	0.009433962264150943	0.010582010582010581
dmw=19793	0.007575757575757576	0.01129032258064516	0.013550135501355014	0.01892744479495268	0.0	0.0	0.023980815347721823	0.03125	0.008771929824561403	0.015748031496062992	0.011320754716981131	0.010309278350515464	0.0	0.0	0.0	0.08333333333333333	0.0
dmw=19794	0.023467292461132296	0.015197568389057751	0.031818181818181815	0.02091254752851711	0.011853448275862068	0.025	0.033854166666666664	0.012474012474012475	0.00880503144654088	0.039525691699604744	0.009259259259259259	0.01652892561983471	0.0	0.017793594306049824	0.013513513513513514	0.0	0.0
dmw=19795	0.005506344266219775	0.0034263338228095936	0.0	0.0049586776859504135	0.007358953393295176	0.009868421052631578	0.009448818897637795	0.0016366612111292963	0.01370757180156658	0.0055248618784530384	0.0	0.0	0.0035714285714285713	0.0036231884057971015	0.009259259259259259	0.0	0.0
dmw=19796	0.008695652173913044	0.0035310734463276836	0.009114583333333334	0.0018552875695732839	0.00141643059490085	0.010416666666666666	0.0015267175572519084	0.0	0.011349306431273645	0.006557377049180328	0.013651877133105802	0.0	0.005128205128205128	0.0	0.047619047619047616	0.0	0.0
dmw=19797	0.008110014104372355	0.01011804384485666	0.008403361344537815	0.009793253536452665	0.011424219345011425	0.020442930153321975	0.007204610951008645	0.00697350069735007	0.007186858316221766	0.005154639175257732	0.0055147058823529415	0.011019283746556474	0.0	0.004301075268817204	0.05825242718446602	0.0	0.022556390977443608
dmw=19798	0.005597014925373134	0.0037641154328732747	0.021739130434782608	0.005076142131979695	0.002369668246445498	0.010471204188481676	0.011661807580174927	0.0	0.0018050541516245488	0.0	0.006230529595015576	0.0	0.0	0.03125	0.0	0.0	0.0
dmw=19799	0.6121930567315834	0.5984990619136961	0.5454545454545454	0.6308411214953271	0.5593667546174143	0.5796178343949044	0.5961538461538461	0.5911949685534591	0.6279683377308707	0.648	0.5704697986577181	0.6190476190476191	0.46875	0.5909090909090909	0.75	0.525	0.4918032786885246
dmw=19801	0.006309148264984227	0.009584664536741214	0.01951219512195122	0.0	0.0	0.011904761904761904	0.007407407407407408	0.0	0.01818181818181818	0.011363636363636364	0.0	0.06	0.0	0.0	0.0	0.125	0.0
dmw=19802	0.009418282548476454	0.004524886877828055	0.01092896174863388	0.0055248618784530384	0.0020833333333333333	0.01646090534979424	0.006437768240343348	0.0622568093385214	0.003816793893129771	0.0	0.009584664536741214	0.022727272727272728	0.0	0.01282051282051282	0.0	0.0	0.0
dmw=19803	0.021477213200628602	0.018970189701897018	0.022913256955810146	0.02832244008714597	0.022587268993839837	0.017857142857142856	0.016216216216216217	0.03164556962025317	0.02663934426229508	0.018867924528301886	0.042440318302387266	0.05056179775280899	0.0	0.004975124378109453	0.10526315789473684	0.0	0.018867924528301886
dmw=19804	0.634	0.6275303643724697	0.5836431226765799	0.6563876651982379	0.5804020100502513	0.5804195804195804	0.5144230769230769	0.6284403669724771	0.5970149253731343	0.6888888888888889	0.5468164794007491	1.0	0.6923076923076923	0.5951417004048583	0.7058823529411765	0.5	0.5833333333333334
dmw=19806	0.7455696202531645	0.7270833333333333	0.7459677419354839	0.7520661157024794	0.7418181818181818	0.7593984962406015	0.7447916666666666	0.6612903225806451	0.7134831460674157	0.6981132075471698	0.6213592233009708	0.6666666666666666	0.6164383561643836	0.7433628318584071	1.0	0.75	0.6470588235294118
dmw=19808	0.6494788809654416	0.6600910470409712	0.6857142857142857	0.6794425087108014	0.696969696969697	0.6276150627615062	0.630188679245283	0.6802030456852792	0.695583596214511	0.7291666666666666	0.6160714285714286	0.5913978494623656	0.3958333333333333	0.7426470588235294	0.7692307692307693	0.8173076923076923	0.5875
dmw=19809	0.19611470860314523	0.1853211009174312	0.23826714801444043	0.18385650224215247	0.165374677002584	0.21428571428571427	0.18085106382978725	0.22695035460992907	0.19090909090909092	0.043478260869565216	0.15555555555555556	0.22	0.3076923076923077	0.19047619047619047	0.15384615384615385	0.09375	0.1935483870967742
dmw=19810	0.05791505791505792	0.03840245775729647	0.061224489795918366	0.05121293800539083	0.041666666666666664	0.040697674418604654	0.034129692832764506	0.041025641025641026	0.047337278106508875	0.05405405405405406	0.038314176245210725	0.08108108108108109	0.0625	0.0425531914893617	0.11904761904761904	0.18181818181818182	0.14444444444444443
dmw=19811	0.012616201859229747	0.01199400299850075	0.01675977653631285	0.006896551724137931	0.0034602076124567475	0.014388489208633094	0.008988764044943821	0.01282051282051282	0.01949317738791423	0.022727272727272728	0.010610079575596816	0.024390243902439025	0.0	0.0	0.0	0.0	0.0
dmw=19812	0.07590132827324478	0.07587253414264036	0.06354515050167224	0.08602150537634409	0.07755102040816327	0.05343511450381679	0.033783783783783786	0.07142857142857142	0.058333333333333334	0.12857142857142856	0.05092592592592592	0.07042253521126761	0.07142857142857142	0.10891089108910891	0.0	0.17647058823529413	0.0967741935483871
dmw=19813	0.6428571428571429	0.6027713625866051	0.6495726495726496	0.5714285714285714	0.5805084745762712	0.5952380952380952	0.5916230366492147	0.6715328467153284	0.5927051671732523	0.6984126984126984	0.6160714285714286	0.5970149253731343	0.6037735849056604	0.6637168141592921	0.6923076923076923	0.7058823529411765	0.1875
dmw=19814	0.3443465491923642	0.284789644012945	0.327319587628866	0.2977346278317152	0.32398753894080995	0.5205479452054794	0.34844868735083534	0.3256484149855908	0.3593073593073593	0.3269230769230769	0.3895131086142322	0.3018867924528302	0.75	0.2710843373493976	0.15789473684210525	0.5	0.41304347826086957
dmw=19815	0.39337474120082816	0.3326633165829146	0.41208791208791207	0.4161735700197239	0.38329764453961457	0.43508771929824563	0.3232484076433121	0.3790322580645161	0.39226519337016574	0.3755656108597285	0.3736951983298539	0.3944954128440367	0.37777777777777777	0.4148936170212766	0.5283018867924528	0.2463768115942029	0.4144144144144144
dmw=19816	0.3610822060353798	0.3117408906882591	0.29338842975206614	0.3803921568627451	0.40350877192982454	0.30864197530864196	0.3404255319148936	0.4457831325301205	0.29261363636363635	0.41836734693877553	0.35135135135135137	0.35135135135135137	0.2553191489361702	0.23853211009174313	0.4	0.21739130434782608	0.373134328358209
dmw=19817	0.5140664961636828	0.43652743652743653	0.5080213903743316	0.4744897959183674	0.46617915904936014	0.4879725085910653	0.45528455284552843	0.5550122249388753	0.4634794156706507	0.4580152671755725	0.5	0.532051282051282	0.5172413793103449	0.593607305936073	0.6597938144329897	0.43902439024390244	0.45
dmw=19818	0.007217321571772253	0.004724409448818898	0.00392156862745098	0.004081632653061225	0.021634615384615384	0.006289308176100629	0.0	0.0056179775280898875	0.005115089514066497	0.01098901098901099	0.003787878787878788	0.0	0.010526315789473684	0.009433962264150943	0.0	0.0	0.0
dmw=19819	0.010483401281304601	0.010550996483001172	0.0036968576709796672	0.0	0.01927710843373494	0.005025125628140704	0.007936507936507936	0.0044444444444444444	0.005698005698005698	0.0	0.04411764705882353	0.011235955056179775	0.0	0.024193548387096774	0.14285714285714285	0.0	0.0
dmw=19820	0.05545286506469501	0.03272727272727273	0.06666666666666667	0.07096774193548387	0.05045871559633028	0.02857142857142857	0.04365079365079365	0.027586206896551724	0.03816793893129771	0.007874015748031496	0.08620689655172414	0.14285714285714285	0.1875	0.027777777777777776	0.0	0.0	0.0
dmw=19821	0.09299781181619256	0.11229946524064172	0.10548523206751055	0.1	0.0784313725490196	0.10526315789473684	0.1018867924528302	0.06	0.10903426791277258	0.02631578947368421	0.10650887573964497	0.08536585365853659	0.047619047619047616	0.10416666666666667	0.16666666666666666	0.125	0.041666666666666664
dmw=19822	0.007590132827324478	0.01079136690647482	0.0	0.0	0.005714285714285714	0.014084507042253521	0.015625	0.0	0.0	0.0	0.008620689655172414	0.0	0.0	0.0	0.047619047619047616	0.0	0.0
dmw=19823	0.46707589285714285	0.47002398081534774	0.48643410852713176	0.5050505050505051	0.46412884333821375	0.39303482587064675	0.5321252059308073	0.5586592178770949	0.5107212475633528	0.5238095238095238	0.5655526992287918	0.4296875	0.45714285714285713	0.48695652173913045	0.0	0.75	0.5714285714285714
dmw=19826	0.8287037037037037	0.803030303030303	0.856353591160221	0.8864864864864865	0.8551532033426184	0.8349514563106796	0.8597014925373134	0.8394160583941606	0.836272040302267	0.7378640776699029	0.8156424581005587	0.9452054794520548	1.0	0.8467741935483871	0.96	0.75	0.8333333333333334
dmw=19827	0.005298013245033113	0.006622516556291391	0.009230769230769232	0.00974025974025974	0.020289855072463767	0.00684931506849315	0.0035335689045936395	0.0	0.002150537634408602	0.0	0.0	0.0	0.0	0.0	0.0	0.0	0.0
dmw=19828	0.5491433724075744	0.46551724137931033	0.5205047318611987	0.5370370370370371	0.4808259587020649	0.5825242718446602	0.5447761194029851	0.45806451612903226	0.5744047619047619	0.5945945945945946	0.528023598820059	0.32	0.7333333333333333	0.5172413793103449	0.6875	0.4594594594594595	0.5714285714285714
dmw=19829	0.8379262027090145	0.8289224952741021	0.8693467336683417	0.8632707774798928	0.8500749625187406	0.8980582524271845	0.8507157464212679	0.8787878787878788	0.8505434782608695	0.5454545454545454	0.7863436123348018	0.8613861386138614	0.8333333333333334	0.8495575221238938	1.0	0.8947368421052632	0.9473684210526315
dmw=19830	0.6968085106382979	0.7071713147410359	0.7916666666666666	0.7469879518072289	0.6875	0.7589285714285714	0.7392857142857143	0.7109826589595376	0.6625	0.8529411764705882	0.7513513513513513	0.6222222222222222	0.9333333333333333	0.7407407407407407	0.75	0.8888888888888888	0.8571428571428571
dmw=19832	0.0024476475387544194	0.004936530324400564	0.002638522427440633	0.00641025641025641	0.00390625	0.002421307506053269	0.006015037593984963	0.00906344410876133	0.005847953216374269	0.03048780487804878	0.004672897196261682	0.0	0.03125	0.008771929824561403	0.030303030303030304	0.0	0.011363636363636364
dmw=19840	0.0365025466893039	0.009237875288683603	0.04	0.03787878787878788	0.030303030303030304	0.028409090909090908	0.022222222222222223	0.015625	0.023255813953488372	0.038834951456310676	0.013574660633484163	0.07407407407407407	0.0	0.012345679012345678	0.045454545454545456	0.043478260869565216	0.0
dmw=19841	0.013096351730589336	0.010668563300142247	0.005788712011577424	0.032640949554896145	0.017518248175182483	0.009708737864077669	0.012035010940919038	0.015424164524421594	0.012145748987854251	0.021798365122615803	0.016296296296296295	0.02877697841726619	0.007462686567164179	0.0	0.01098901098901099	0.0	0.015873015873015872
dmw=19842	0.008906305664410403	0.012445095168374817	0.008143322475570033	0.02276176024279211	0.007368421052631579	0.00516795865633075	0.00558659217877095	0.03879310344827586	0.005865102639296188	0.0031847133757961785	0.026881720430107527	0.008	0.02247191011235955	0.0	0.0	0.0	0.0
dmw=19847	0.27954545454545454	0.23848684210526316	0.3129496402877698	0.26071428571428573	0.29372937293729373	0.20245398773006135	0.2564935064935065	0.32653061224489793	0.30068337129840544	0.31092436974789917	0.3392857142857143	0.21621621621621623	0.058823529411764705	0.33766233766233766	0.2777777777777778	0.23529411764705882	0.2
dmw=19848	0.05177993527508091	0.033576642335766425	0.04150943396226415	0.0	0.03723404255319149	0.02040816326530612	0.013605442176870748	0.0	0.0136986301369863	0.0	0.04716981132075472	0.0	0.0	0.03896103896103896	0.0	0.0	0.03333333333333333
dmw=19850	0.013345195729537367	0.0	0.005747126436781609	0.0043859649122807015	0.0	0.021052631578947368	0.009950248756218905	0.009615384615384616	0.0	0.0	0.0	0.0	0.0	0.0	0.0	0.0	0.0
dmw=19852	0.10702560735390676	0.09199134199134198	0.057291666666666664	0.07692307692307693	0.11261261261261261	0.1417624521072797	0.084	0.11194029850746269	0.07743362831858407	0.1485148514851485	0.09667673716012085	0.1111111111111111	0.07894736842105263	0.06779661016949153	0.1320754716981132	0.05	0.15
dmw=19853	0.006322444678609062	0.01037344398340249	0.007194244604316547	0.0196078431372549	0.02564102564102564	0.04807692307692308	0.008	0.0	0.017167381974248927	0.0	0.018072289156626505	0.03125	0.0	0.0	0.0	0.0	0.0
dmw=19854	0.008560311284046693	0.010938924339106655	0.00145985401459854	0.009765625	0.001890359168241966	0.01818181818181818	0.0048543689320388345	0.0	0.0041265474552957355	0.011235955056179775	0.013201320132013201	0.0	0.0	0.013333333333333334	0.0	0.01639344262295082	0.0
dmw=19855	0.0647010647010647	0.03773584905660377	0.06354515050167224	0.04583333333333333	0.09059233449477352	0.09278350515463918	0.050505050505050504	0.07462686567164178	0.056782334384858045	0.024539877300613498	0.05789473684210526	0.053763440860215055	0.07142857142857142	0.02654867256637168	0.125	0.0	0.06666666666666667
dmw=19856	0.07352941176470588	0.059490084985835696	0.05339805825242718	0.0650887573964497	0.06930693069306931	0.07575757575757576	0.10101010101010101	0.14285714285714285	0.1336206896551724	0.09836065573770492	0.03821656050955414	0.16279069767441862	0.2	0.08955223880597014	0.26666666666666666	0.0	0.0625
dmw=19857	0.055034651447207504	0.07661691542288557	0.07495069033530571	0.032454361054766734	0.059490084985835696	0.07166123778501629	0.05555555555555555	0.08900523560209424	0.07082630691399663	0.06930693069306931	0.08375634517766498	0.08045977011494253	0.10833333333333334	0.05069124423963134	0.0	0.075	0.03508771929824561
dmw=19858	0.046875	0.048514851485148516	0.045	0.04230118443316413	0.03634085213032581	0.07096774193548387	0.04136947218259629	0.0924170616113744	0.07252440725244072	0.09146341463414634	0.06521739130434782	0.04225352112676056	0.10377358490566038	0.026143790849673203	0.0	0.0	0.05714285714285714
dmw=19859	0.011243851018973999	0.008916323731138546	0.011730205278592375	0.009497964721845319	0.022321428571428572	0.019933554817275746	0.013440860215053764	0.0049261083743842365	0.026771653543307086	0.013377926421404682	0.0304	0.02027027027027027	0.022988505747126436	0.019230769230769232	0.05714285714285714	0.0	0.0
dmw=19860	0.006925207756232687	0.0025412960609911056	0.009685230024213076	0.0	0.005291005291005291	0.005555555555555556	0.023076923076923078	0.0	0.018367346938775512	0.0	0.0199501246882793	0.013333333333333334	0.0	0.0	0.0	0.0	0.0
dmw=19861	0.05171444631815627	0.047619047619047616	0.06474820143884892	0.04904632152588556	0.06140350877192982	0.045871559633027525	0.024930747922437674	0.05759162303664921	0.057441253263707574	0.04216867469879518	0.024390243902439025	0.013888888888888888	0.06666666666666667	0.0847457627118644	0.0	0.0	0.043478260869565216
dmw=19862	0.03677685950413223	0.02459016393442623	0.017857142857142856	0.011574074074074073	0.024193548387096774	0.02877697841726619	0.01694915254237288	0.010526315789473684	0.026881720430107527	0.013513513513513514	0.02586206896551724	0.041666666666666664	0.0	0.031578947368421054	0.0	0.0	0.0
dmw=19863	0.023543260741612712	0.020553359683794466	0.03711484593837535	0.028720626631853787	0.019747235387045814	0.03156146179401993	0.008028545941123996	0.06694560669456066	0.0158311345646438	0.011204481792717087	0.027888446215139442	0.01020408163265306	0.02027027027027027	0.01152073732718894	0.0	0.0273972602739726	0.0
dmw=19864	0.01486988847583643	0.01088139281828074	0.012578616352201259	0.0057692307692307696	0.00794912559618442	0.046218487394957986	0.011799410029498525	0.012295081967213115	0.0019646365422396855	0.017341040462427744	0.04	0.020202020202020204	0.0	0.01702127659574468	0.02	0.0	0.0136986301369863
dmw=19865	0.030375223347230494	0.04679144385026738	0.06208425720620843	0.05475504322766571	0.026422764227642278	0.05357142857142857	0.033950617283950615	0.043478260869565216	0.03577817531305903	0.021897810218978103	0.04040404040404041	0.03409090909090909	0.0	0.006896551724137931	0.0	0.4	0.0
dmw=19866	0.026653974297953357	0.01871345029239766	0.03255813953488372	0.016359918200409	0.05221932114882506	0.017804154302670624	0.05352112676056338	0.048672566371681415	0.01	0.0	0.034013605442176874	0.025974025974025976	0.0	0.025210084033613446	0.10526315789473684	0.0	0.015625
dmw=19867	0.005728835136855506	0.013210039630118891	0.0028089887640449437	0.005865102639296188	0.00510204081632653	0.0	0.0035335689045936395	0.0	0.0042643923240938165	0.0	0.006060606060606061	0.013333333333333334	0.01818181818181818	0.006172839506172839	0.0	0.0	0.012345679012345678
dmw=19868	0.0062266500622665	0.005376344086021506	0.0	0.006644518272425249	0.010638297872340425	0.0	0.0	0.0	0.0023584905660377358	0.0	0.02040816326530612	0.0	0.0	0.0	0.0	0.0	0.0
dmw=19869	0.0071146245059288534	0.006472491909385114	0.010676156583629894	0.01556420233463035	0.006666666666666667	0.012987012987012988	0.0	0.010416666666666666	0.002570694087403599	0.0	0.008849557522123894	0.0	0.041666666666666664	0.009259259259259259	0.0	0.0	0.0
dmw=19870	0.3102461362335432	0.30303030303030304	0.4088050314465409	0.3044776119402985	0.305993690851735	0.2903225806451613	0.3256997455470738	0.2846715328467153	0.31097560975609756	0.24675324675324675	0.26666666666666666	0.32978723404255317	0.3333333333333333	0.3240223463687151	0.3076923076923077	0.3563218390804598	0.3181818181818182
dmw=19871	0.005904059040590406	0.0	0.00641025641025641	0.008695652173913044	0.0	0.0	0.002976190476190476	0.0	0.0	0.0	0.0045045045045045045	0.0	0.02857142857142857	0.0	0.0	0.0	0.01818181818181818
dmw=19872	0.08890577507598785	0.0817174515235457	0.12318840579710146	0.13580246913580246	0.1016949152542373	0.09316770186335403	0.06159420289855073	0.11023622047244094	0.04314720812182741	0.10884353741496598	0.023026315789473683	0.013513513513513514	0.16666666666666666	0.06896551724137931	0.0	0.0	0.0684931506849315
dmw=19873	0.011067708333333334	0.007194244604316547	0.012195121951219513	0.009208103130755065	0.00516795865633075	0.0031545741324921135	0.003305785123966942	0.0034602076124567475	0.007575757575757576	0.003472222222222222	0.0069767441860465115	0.0	0.0	0.003215434083601286	0.030303030303030304	0.01818181818181818	0.03225806451612903
dmw=19874	0.2594686263425664	0.19788519637462235	0.20270270270270271	0.23545706371191136	0.22483221476510068	0.2	0.24853801169590642	0.25806451612903225	0.24545454545454545	0.13709677419354838	0.2364217252396166	0.15254237288135594	0.14814814814814814	0.2251655629139073	0.20833333333333334	0.2727272727272727	0.24705882352941178
dmw=19875	0.007553747821034283	0.0055248618784530384	0.011494252873563218	0.011204481792717087	0.0	0.0	0.0024691358024691358	0.014084507042253521	0.0	0.0	0.025925925925925925	0.0379746835443038	0.0	0.0058823529411764705	0.0	0.0	0.0
dmw=19879	0.015384615384615385	0.02162421912542047	0.009649122807017544	0.0075107296137339056	0.01	0.04081632653061224	0.02022058823529412	0.003875968992248062	0.01918649270913277	0.02356902356902357	0.018335684062059238	0.017699115044247787	0.024242424242424242	0.0	0.0	0.022727272727272728	0.007633587786259542
dmw=19880	0.008414239482200648	0.00498220640569395	0.007974481658692184	0.005298013245033113	0.01752021563342318	0.01107011070110701	0.00865265760197775	0.0	0.0013850415512465374	0.007142857142857143	0.006944444444444444	0.024793388429752067	0.0	0.0	0.0	0.0	0.0
dmw=19881	0.008520526723470178	0.005145797598627788	0.005474452554744526	0.0035460992907801418	0.009950248756218905	0.008241758241758242	0.002066115702479339	0.011494252873563218	0.008032128514056224	0.0070921985815602835	0.0	0.025	0.0	0.007194244604316547	0.0	0.0	0.0
dmw=19882	0.010911925175370226	0.007987220447284345	0.00909090909090909	0.008968609865470852	0.0	0.0	0.014492753623188406	0.018691588785046728	0.006172839506172839	0.0	0.017857142857142856	0.0	0.0	0.0	0.0	0.0	0.0
dmw=19883	0.008082292432035268	0.012302284710017574	0.013201320132013201	0.012658227848101266	0.006134969325153374	0.0	0.02952029520295203	0.025210084033613446	0.002531645569620253	0.0	0.0	0.0	0.0	0.0	0.0	0.0	0.0
dmw=19884	0.07776049766718507	0.06811145510835913	0.07216494845360824	0.06896551724137931	0.06430868167202572	0.10852713178294573	0.06159420289855073	0.04316546762589928	0.07692307692307693	0.046511627906976744	0.04609929078014184	0.047619047619047616	0.1276595744680851	0.019230769230769232	0.0	0.1111111111111111	0.0
dmw=19885	0.013304721030042918	0.02495201535508637	0.0	0.0	0.0029069767441860465	0.015151515151515152	0.006622516556291391	0.0	0.01889763779527559	0.0	0.006514657980456026	0.0	0.0	0.007751937984496124	0.0	0.02857142857142857	0.018518518518518517
dmw=19886	0.07862068965517241	0.08950617283950617	0.17123287671232876	0.15028901734104047	0.08860759493670886	0.4	0.16326530612244897	0.09473684210526316	0.19289340101522842	0.20930232558139536	0.03305785123966942	0.20689655172413793	0.18518518518518517	0.05454545454545454	0.5714285714285714	0.1774193548387097	0.38461538461538464
dmw=19887	0.7871930669234473	0.7691342534504392	0.8286852589641435	0.7742857142857142	0.784	0.7723577235772358	0.7803468208092486	0.828996282527881	0.7763440860215054	0.7428571428571429	0.7506493506493507	0.7777777777777778	0.8837209302325582	0.7322834645669292	0.7368421052631579	0.6470588235294118	0.7014925373134329
dmw=19890	0.8931407942238268	0.8398268398268398	0.9166666666666666	0.867595818815331	0.8968481375358166	0.9349593495934959	0.9069767441860465	0.9432989690721649	0.8867924528301887	0.7840909090909091	0.7468354430379747	0.92	0.9047619047619048	0.9404761904761905	0.9230769230769231	1.0	0.7441860465116279
dmw=19892	0.8764227642276423	0.8596881959910914	0.975609756097561	0.8231292517006803	0.9057971014492754	0.9539748953974896	0.8950276243093923	0.927007299270073	0.9314516129032258	0.9382716049382716	0.8844221105527639	0.9259259259259259	1.0	0.9302325581395349	1.0	0.96875	0.9523809523809523
dmw=19896	0.014109347442680775	0.01098901098901099	0.0	0.0379746835443038	0.025	0.020833333333333332	0.0	0.0	0.005434782608695652	0.0	0.0	0.0	0.0	0.0	0.09090909090909091	0.0	0.0
dmw=19897	0.005734767025089606	0.0017331022530329288	0.011450381679389313	0.0038022813688212928	0.003115264797507788	0.0058823529411764705	0.006309148264984227	0.00909090909090909	0.0022172949002217295	0.00980392156862745	0.01282051282051282	0.021739130434782608	0.0	0.0	0.0	0.0	0.0
dmw=19898	0.08954664668415137	0.0872093023255814	0.04790419161676647	0.18956043956043955	0.07027818448023426	0.019011406844106463	0.08266129032258064	0.06862745098039216	0.07187112763320942	0.14534883720930233	0.11963882618510158	0.08713692946058091	0.1511627906976744	0.021367521367521368	0.0	0.27586206896551724	0.0
dmw=19899	0.04417952314165498	0.04047217537942664	0.03415559772296015	0.04433497536945813	0.03134796238244514	0.06306306306306306	0.023809523809523808	0.031746031746031744	0.030303030303030304	0.01875	0.0514018691588785	0.046511627906976744	0.0	0.024390243902439025	0.0	0.06451612903225806	0.0
dmw=19900	0.25941872981700753	0.2846975088967972	0.345	0.18781725888324874	0.35795454545454547	0.39285714285714285	0.3128491620111732	0.23015873015873015	0.34765625	0.5795454545454546	0.35555555555555557	0.05263157894736842	0.5555555555555556	0.32727272727272727	0.09090909090909091	0.06666666666666667	0.3877551020408163
dmw=19901	0.33492615117289315	0.3018867924528302	0.2895238095238095	0.31099656357388317	0.27346278317152106	0.30491803278688523	0.28716904276985744	0.2518248175182482	0.2768166089965398	0.25663716814159293	0.38565022421524664	0.3867924528301887	0.26136363636363635	0.39869281045751637	0.05263157894736842	0.30434782608695654	0.5957446808510638
dmw=19902	0.6477541371158393	0.6057838660578386	0.6556473829201102	0.6916167664670658	0.6268382352941176	0.700507614213198	0.6106442577030813	0.6839622641509434	0.6298568507157464	0.6528925619834711	0.6133333333333333	0.6637168141592921	0.5428571428571428	0.7021276595744681	0.5666666666666667	0.5555555555555556	0.5909090909090909
dmw=19903	0.19533169533169534	0.13599062133645956	0.15803814713896458	0.17857142857142858	0.18313953488372092	0.20707070707070707	0.16839378238341968	0.26666666666666666	0.1793478260869565	0.11475409836065574	0.22653721682847897	0.15555555555555556	0.22857142857142856	0.24352331606217617	0.21428571428571427	0.2727272727272727	0.11627906976744186
dmw=19904	0.13099041533546327	0.14432989690721648	0.1416490486257928	0.19103773584905662	0.1450381679389313	0.07751937984496124	0.114	0.1717948717948718	0.1377551020408163	0.10606060606060606	0.1742627345844504	0.19135802469135801	0.2112676056338028	0.12582781456953643	0.05660377358490566	0.16393442622950818	0.1875
dmw=19905	0.009124087591240875	0.005050505050505051	0.009554140127388535	0.007936507936507936	0.0	0.007142857142857143	0.009523809523809525	0.018518518518518517	0.011627906976744186	0.0	0.0	0.0	0.02040816326530612	0.013513513513513514	0.0	0.0	0.0
dmw=19911	0.0056785917092561046	0.008187134502923977	0.005847953216374269	0.002631578947368421	0.0027397260273972603	0.01327433628318584	0.009230769230769232	0.00684931506849315	0.0066518847006651885	0.0	0.0028169014084507044	0.0	0.0	0.0	0.0	0.0	0.0
dmw=19912	0.010054137664346482	0.02127659574468085	0.02553191489361702	0.004672897196261682	0.006802721088435374	0.006711409395973154	0.03787878787878788	0.018518518518518517	0.012944983818770227	0.05063291139240506	0.0	0.007633587786259542	0.045454545454545456	0.023529411764705882	0.0	0.0	0.0
dmw=19913	0.0539568345323741	0.02729528535980149	0.038461538461538464	0.043243243243243246	0.004608294930875576	0.0	0.01904761904761905	0.056074766355140186	0.014814814814814815	0.030303030303030304	0.029535864978902954	0.024390243902439025	0.019230769230769232	0.036585365853658534	0.0	0.027777777777777776	0.02857142857142857
dmw=19914	0.14653865588681153	0.14698492462311558	0.1425339366515837	0.1638418079096045	0.08272859216255443	0.09933774834437085	0.056862745098039215	0.05964912280701754	0.10131332082551595	0.09210526315789473	0.07530120481927711	0.14285714285714285	0.022222222222222223	0.0392156862745098	0.3333333333333333	0.3384615384615385	0.16
dmw=19915	0.7417465388711395	0.660574412532637	0.7584269662921348	0.7663934426229508	0.7223719676549866	0.8606965174129353	0.7074688796680498	0.7330097087378641	0.7122969837587007	0.7851239669421488	0.7435158501440923	0.7096774193548387	0.6470588235294118	0.59375	0.6938775510204082	0.8823529411764706	0.44642857142857145
dmw=19916	0.030690537084398978	0.040354330708661415	0.03338391502276176	0.029003783102143757	0.02056555269922879	0.0221606648199446	0.024045261669024046	0.014760147601476014	0.016042780748663103	0.029166666666666667	0.035381750465549346	0.0	0.02247191011235955	0.008438818565400843	0.0	0.02	0.017045454545454544
dmw=19917	0.07263157894736842	0.10359408033826638	0.13023255813953488	0.0825242718446602	0.06645569620253164	0.04838709677419355	0.054901960784313725	0.10743801652892562	0.05536332179930796	0.0379746835443038	0.12345679012345678	0.1746031746031746	0.02857142857142857	0.16129032258064516	0.0	0.05714285714285714	0.03225806451612903
dmw=19918	0.006222775357809583	0.0024813895781637717	0.0	0.0024630541871921183	0.005836575875486381	0.0	0.007692307692307693	0.012658227848101266	0.009328358208955223	0.011428571428571429	0.006734006734006734	0.0	0.0	0.0	0.0	0.0	0.0
dmw=19919	0.006466214031684449	0.011612021857923498	0.010248901903367497	0.0061162079510703364	0.007050528789659225	0.0	0.0044742729306487695	0.0	0.0049504950495049506	0.0	0.0038910505836575876	0.012269938650306749	0.01098901098901099	0.008620689655172414	0.0	0.0	0.02040816326530612
dmw=19920	0.013559322033898305	0.006289308176100629	0.0	0.05	0.0071090047393364926	0.02072538860103627	0.002857142857142857	0.0	0.0026455026455026454	0.0	0.0	0.0	0.0	0.0	0.0	0.0	0.07142857142857142
dmw=19921	0.006300963676797628	0.005521048999309869	0.006928406466512702	0.005791505791505791	0.007331378299120235	0.007782101167315175	0.010471204188481676	0.002932551319648094	0.0019230769230769232	0.006578947368421052	0.0	0.008130081300813009	0.0	0.0045045045045045045	0.023809523809523808	0.0	0.020202020202020204
dmw=19925	0.8221124150710315	0.813986013986014	0.821969696969697	0.8577405857740585	0.8504672897196262	0.8518518518518519	0.843298969072165	0.8258064516129032	0.8582677165354331	0.7980769230769231	0.7514619883040936	1.0	0.8970588235294118	0.7808219178082192	0.86	1.0	0.7313432835820896
dmw=19955	0.01338432122370937	0.007326007326007326	0.0	0.0	0.0	0.011627906976744186	0.008695652173913044	0.0	0.0	0.0	0.014634146341463415	0.0	0.0	0.018518518518518517	0.0625	0.0	0.0
dmw=19956	0.006242197253433208	0.00395778364116095	0.0	0.005154639175257732	0.011210762331838564	0.0	0.006600660066006601	0.0	0.006514657980456026	0.0	0.0	0.0	0.011627906976744186	0.0	0.0	0.0	0.0
dmw=19964	0.14153439153439154	0.11785714285714285	0.15337423312883436	0.23076923076923078	0.2	0.3064516129032258	0.2645161290322581	0.10256410256410256	0.2413793103448276	0.06060606060606061	0.06282722513089005	0.5	0.25	0.39655172413793105	0.16666666666666666	0.6086956521739131	0.10869565217391304
dmw=19967	0.449685534591195	0.4896551724137931	0.1206896551724138	0.32	0.391304347826087	0.2857142857142857	0.5421686746987951	0.5172413793103449	0.27941176470588236	0.48148148148148145	0.3728813559322034	0.6428571428571429	0.36363636363636365	0.35714285714285715	0.0	0.6	0.48
dmw=19971	0.003970223325062035	0.008146639511201629	0.006276150627615063	0.006696428571428571	0.003883495145631068	0.004830917874396135	0.002074688796680498	0.02358490566037736	0.003703703703703704	0.01020408163265306	0.011764705882352941	0.0	0.0	0.0072992700729927005	0.0	0.0	0.0
dmw=19973	0.004032258064516129	0.010355029585798817	0.003076923076923077	0.010238907849829351	0.007792207792207792	0.012658227848101266	0.011461318051575931	0.0	0.00851063829787234	0.0	0.0	0.0	0.0	0.02054794520547945	0.0	0.0	0.0
dmw=20001	0.008771929824561403	0.0	0.010101010101010102	0.007042253521126761	0.0	0.0	0.013605442176870748	0.0	0.009708737864077669	0.0	0.0058823529411764705	0.02127659574468085	0.0	0.0	0.0	0.0	0.0
dmw=20018	0.004209260372820205	0.006839945280437756	0.0	0.002857142857142857	0.00398406374501992	0.0055248618784530384	0.005758157389635317	0.010810810810810811	0.00980392156862745	0.0	0.0036101083032490976	0.017241379310344827	0.0	0.0	0.0	0.0	0.0
dmw=20020	0.0	0.00975609756097561	0.008264462809917356	0.025	0.011299435028248588	0.0	0.006711409395973154	0.0	0.03	0.0	0.014925373134328358	0.0	0.0	0.037037037037037035	0.0	0.0	0.0
dmw=20031	0.02100840336134454	0.021333333333333333	0.0	0.029239766081871343	0.004424778761061947	0.0	0.008064516129032258	0.023809523809523808	0.025252525252525252	0.10256410256410256	0.025157232704402517	0.0	0.0	0.0	0.0	0.0	0.0
dmw=20034	0.0016556291390728477	0.0	0.0	0.0	0.017857142857142856	0.0	0.0	0.0	0.0	0.0	0.0	0.0	0.0	0.0	0.0	0.0	0.043478260869565216
dmw=20041	0.49401386263390046	0.47619047619047616	0.46808510638297873	0.42507645259938837	0.40503432494279173	0.5045871559633027	0.48554913294797686	0.5505050505050505	0.5013477088948787	0.3010752688172043	0.39330543933054396	0.6444444444444445	0.7142857142857143	0.472	0.4878048780487805	0.6666666666666666	0.6666666666666666
dmw=20050	0.0079155672823219	0.0053475935828877	0.0	0.0	0.01593625498007968	0.0	0.009950248756218905	0.0	0.007246376811594203	0.0	0.004608294930875576	0.0	0.0	0.0	0.0	0.0	0.0
dmw=20051	0.0009861932938856016	0.01411764705882353	0.026119402985074626	0.0064516129032258064	0.013953488372093023	0.0	0.01098901098901099	0.0	0.004098360655737705	0.0	0.005714285714285714	0.0	0.0	0.0	0.0	0.1	0.0
dmw=20064	0.005997001499250375	0.015957446808510637	0.003968253968253968	0.0	0.003105590062111801	0.00510204081632653	0.0	0.0072992700729927005	0.006097560975609756	0.008264462809917356	0.0	0.0	0.0	0.0	0.0	0.02564102564102564	0.0
dmw=20077	0.29347826086956524	0.33093525179856115	0.20155038759689922	0.21782178217821782	0.28865979381443296	0.14084507042253522	0.3017241379310345	0.3114754098360656	0.24	0.47058823529411764	0.3148148148148148	0.6	0.4090909090909091	0.34782608695652173	1.0	1.0	0.09090909090909091
dmw=20078	0.33202614379084966	0.24345549738219896	0.2669902912621359	0.3282442748091603	0.22598870056497175	0.23863636363636365	0.3155339805825243	0.5	0.3709677419354839	0.6451612903225806	0.3282442748091603	0.32	0.0	0.4230769230769231	0.0	0.0	0.5925925925925926
dmw=20082	0.005190311418685121	0.0	0.0	0.0	0.009433962264150943	0.0	0.0	0.0	0.0	0.0	0.022058823529411766	0.0	0.0	0.0	0.0	0.0	0.0
dmw=20088	0.01113013698630137	0.0076726342710997444	0.0	0.0	0.0035714285714285713	0.0	0.00425531914893617	0.0	0.013215859030837005	0.0	0.006622516556291391	0.017543859649122806	0.0	0.0	0.0	0.0	0.0
dmw=20089	0.8824626865671642	0.8517110266159695	0.8653846153846154	0.9304347826086956	0.9203539823008849	0.8571428571428571	0.8656716417910447	0.8813559322033898	0.9104477611940298	0.7096774193548387	0.8421052631578947	0.9523809523809523	0.6153846153846154	0.7878787878787878	0.8333333333333334	1.0	0.8333333333333334
dmw=20097	0.007547169811320755	0.006535947712418301	0.0	0.0	0.1	0.019230769230769232	0.010752688172043012	0.0	0.0	0.0	0.03125	0.0	0.0	0.0	0.0	0.0	0.0
dmw=20105	0.0049504950495049506	0.0	0.04245283018867924	0.0038314176245210726	0.0	0.015384615384615385	0.0	0.0	0.004424778761061947	0.0	0.0	0.0	0.0	0.0	0.06060606060606061	0.0	0.0
dmw=20108	0.9087656529516994	0.8981132075471698	0.8823529411764706	0.8648648648648649	0.8654970760233918	1.0	0.8	0.9058823529411765	0.8142857142857143	0.78	0.9435483870967742	0.7777777777777778	0.9285714285714286	0.8	0.0	0.9411764705882353	1.0
dmw=20128	0.0	0.022058823529411766	0.023809523809523808	0.023622047244094488	0.005555555555555556	0.0	0.0	0.013888888888888888	0.005988023952095809	0.0	0.0	0.0	0.0	0.0	0.0	0.0	0.0
dmw=20140	0.2253731343283582	0.16429699842022116	0.2215568862275449	0.1781818181818182	0.2125340599455041	0.18023255813953487	0.212	0.23809523809523808	0.21017699115044247	0.11278195488721804	0.1935483870967742	0.2857142857142857	0.2	0.34710743801652894	0.3	0.10526315789473684	0.05555555555555555
dmw=20142	0.003036437246963563	0.0	0.008298755186721992	0.0182648401826484	0.007380073800738007	0.004629629629629629	0.004484304932735426	0.0	0.0034482758620689655	0.0	0.005050505050505051	0.0	0.0	0.0	0.0	0.0	0.0
dmw=20154	0.0077348066298342545	0.0070921985815602835	0.01912568306010929	0.005698005698005698	0.0	0.006211180124223602	0.016483516483516484	0.0053475935828877	0.003929273084479371	0.005154639175257732	0.009316770186335404	0.0	0.0	0.0	0.21428571428571427	0.0	0.0
dmw=20185	0.672106824925816	0.653968253968254	0.7014925373134329	0.6901408450704225	0.6761904761904762	0.5540540540540541	0.6554054054054054	0.734375	0.6143497757847534	0.5	0.625	0.5384615384615384	0.7	0.5918367346938775	0.6	1.0	0.9
dmw=20195	0.0032679738562091504	0.008454106280193236	0.006920415224913495	0.005449591280653951	0.005763688760806916	0.020833333333333332	0.0	0.00819672131147541	0.002777777777777778	0.0070921985815602835	0.0	0.0	0.0	0.0	0.0	0.02040816326530612	0.0
dmw=20202	0.011029411764705883	0.0	0.0	0.0	0.0	0.0	0.02040816326530612	0.0	0.0	0.0	0.04	0.0	0.0	0.2	0.0	0.0	0.0
dmw=20203	0.004784688995215311	0.0029940119760479044	0.005319148936170213	0.0	0.008771929824561403	0.0	0.0125	0.0	0.014354066985645933	0.0	0.026490066225165563	0.0	0.0	0.0	0.0	0.0	0.0
dmw=20215	0.03642987249544627	0.029542097488921712	0.032846715328467155	0.04796511627906977	0.008021390374331552	0.018867924528301886	0.009689922480620155	0.03914590747330961	0.007668711656441718	0.05172413793103448	0.014285714285714285	0.008	0.0136986301369863	0.01910828025477707	0.029850746268656716	0.13043478260869565	0.014705882352941176
dmw=20216	0.004901960784313725	0.01282051282051282	0.0	0.0	0.0	0.0	0.0125	0.0	0.00558659217877095	0.0	0.0	0.0	0.0	0.0	0.0	0.0	0.0
dmw=20217	0.176056338028169	0.14	0.3592814371257485	0.2420091324200913	0.2619047619047619	0.5454545454545454	0.29878048780487804	0.5	0.3076923076923077	0.2222222222222222	0.17857142857142858	0.40476190476190477	0.3111111111111111	0.5	0.0	0.0	0.4
dmw=20223	0.005917159763313609	0.0	0.006289308176100629	0.012121212121212121	0.02527075812274368	0.0	0.007246376811594203	0.011764705882352941	0.012048192771084338	0.0	0.00625	0.0	0.0	0.0	0.0	0.0	0.0
dmw=20224	0.006278777731268313	0.010484927916120577	0.0	0.0072992700729927005	0.001876172607879925	0.0040650406504065045	0.00228310502283105	0.010101010101010102	0.004862236628849271	0.015463917525773196	0.005037783375314861	0.0	0.017699115044247787	0.0	0.0	0.0	0.0
dmw=20225	0.008110687022900763	0.004550625711035267	0.0	0.0	0.008888888888888889	0.0	0.002242152466367713	0.009009009009009009	0.001692047377326565	0.007142857142857143	0.0	0.0	0.01818181818181818	0.011235955056179775	0.0	0.0	0.0
dmw=20226	0.007563694267515924	0.0009727626459143969	0.0020491803278688526	0.011705685618729096	0.00927643784786642	0.01507537688442211	0.004056795131845842	0.011560693641618497	0.011128775834658187	0.0	0.011869436201780416	0.02	0.01639344262295082	0.0	0.0	0.0	0.0
dmw=20227	0.007744733581164808	0.008241758241758242	0.006993006993006993	0.004431314623338257	0.007656967840735069	0.0	0.0034542314335060447	0.0036363636363636364	0.020366598778004074	0.0	0.012145748987854251	0.0	0.036036036036036036	0.002793296089385475	0.0	0.0	0.0
dmw=20228	0.007153806847215125	0.005707762557077625	0.008086253369272238	0.0017921146953405018	0.026066350710900472	0.0	0.010178117048346057	0.0	0.007029876977152899	0.04411764705882353	0.013392857142857142	0.0	0.030303030303030304	0.008968609865470852	0.0	0.0	0.015748031496062992
dmw=20229	0.011747430249632892	0.007547169811320755	0.002717391304347826	0.0043859649122807015	0.0	0.0	0.0	0.017094017094017096	0.0	0.0	0.01293103448275862	0.0	0.02564102564102564	0.005847953216374269	0.0	0.0	0.0
dmw=20231	0.4709371293001186	0.47165532879818595	0.3025210084033613	0.4566929133858268	0.4232558139534884	0.47761194029850745	0.37755102040816324	0.44594594594594594	0.41353383458646614	0.38636363636363635	0.4375	0.2962962962962963	0.47692307692307695	0.2222222222222222	0.5	0.6363636363636364	0.21212121212121213
dmw=20232	0.010111223458038422	0.006872852233676976	0.0	0.004901960784313725	0.0	0.0	0.0	0.0	0.0	0.0	0.0	0.0	0.045454545454545456	0.02040816326530612	0.0	0.0	0.0
dmw=20234	0.00628140703517588	0.005449591280653951	0.0	0.006535947712418301	0.004694835680751174	0.0	0.0	0.0	0.0	0.0	0.0	0.0	0.0	0.0	0.0	0.07142857142857142	0.0
dmw=20240	0.44393939393939397	0.4880546075085324	0.5267175572519084	0.6097560975609756	0.4411764705882353	0.19230769230769232	0.5196078431372549	0.6071428571428571	0.3134920634920635	0.3055555555555556	0.4608695652173913	0.7058823529411765	0.47368421052631576	0.17647058823529413	0.0	0.4090909090909091	0.5454545454545454
dmw=20242	0.4814027630180659	0.6605080831408776	0.4494949494949495	0.5842105263157895	0.5992217898832685	0.35294117647058826	0.4321608040201005	0.6666666666666666	0.3391812865497076	0.3786407766990291	0.5020242914979757	0.21052631578947367	0.19148936170212766	0.15294117647058825	1.0	0.0	1.0
dmw=20244	0.12237762237762238	0.0967741935483871	0.0975609756097561	0.08695652173913043	0.28205128205128205	0.32142857142857145	0.48717948717948717	0.058823529411764705	0.30612244897959184	0.08	0.08695652173913043	0.0	0.09090909090909091	0.0	0.0	0.0	0.0
dmw=20250	0.8668098818474759	0.8355555555555556	0.9176470588235294	0.8862745098039215	0.8784722222222222	0.8260869565217391	0.9306930693069307	0.8705882352941177	0.769811320754717	0.6931818181818182	0.6687898089171974	0.7272727272727273	1.0	0.7758620689655172	0.8333333333333334	1.0	0.8809523809523809
dmw=20252	0.010670731707317074	0.004672897196261682	0.012422360248447204	0.025423728813559324	0.006060606060606061	0.0	0.0	0.0	0.0	0.0	0.0	0.0	0.0	0.0	0.0	0.0	0.0
dmw=20257	0.43753846153846154	0.4645760743321719	0.39054726368159204	0.4859154929577465	0.23306233062330622	0.325	0.24169184290030213	0.49324324324324326	0.20504201680672268	0.43956043956043955	0.44150943396226416	0.32075471698113206	0.40350877192982454	0.4657534246575342	0.0	0.23809523809523808	0.5897435897435898
dmw=20258	0.1151685393258427	0.11409395973154363	0.14285714285714285	0.14285714285714285	0.10714285714285714	0.03488372093023256	0.04895104895104895	0.058823529411764705	0.06403940886699508	0.11475409836065574	0.12	0.0	0.2222222222222222	0.05660377358490566	0.5	0.2222222222222222	0.25
dmw=20273	0.5336538461538461	0.5376344086021505	0.7027027027027027	0.5510204081632653	0.6716417910447762	0.4166666666666667	0.5357142857142857	0.3333333333333333	0.32727272727272727	0.46153846153846156	0.21428571428571427	1.0	0.36363636363636365	0.6	0.0	0.0	0.0
dmw=20290	0.14802631578947367	0.17370892018779344	0.4943502824858757	0.2828282828282828	0.5279383429672447	0.6150234741784038	0.5490196078431373	0.07894736842105263	0.3848987108655617	0.47191011235955055	0.14345991561181434	0.7352941176470589	0.13513513513513514	0.5683060109289617	0.72	0.7027027027027027	0.5918367346938775
dmw=20297	0.45574057843996496	0.4868651488616462	0.4318181818181818	0.38132295719844356	0.25961538461538464	0.25252525252525254	0.2701612903225806	0.5435897435897435	0.17539267015706805	0.29310344827586204	0.29	0.4146341463414634	0.5	0.3582089552238806	0.3333333333333333	0.18181818181818182	0.55
dmw=20299	0.8367768595041323	0.8365896980461812	0.8727272727272727	0.8442622950819673	0.8786764705882353	0.7401574803149606	0.8622047244094488	0.9029126213592233	0.740072202166065	0.4691358024691358	0.7885714285714286	0.8620689655172413	0.7608695652173914	0.896551724137931	1.0	0.9583333333333334	0.8095238095238095
dmw=20300	0.7658536585365854	0.7107843137254902	0.6989247311827957	0.8173076923076923	0.8539325842696629	0.7317073170731707	0.8020833333333334	0.8823529411764706	0.7083333333333334	0.72	0.625	0.9259259259259259	0.6363636363636364	0.6382978723404256	0.8333333333333334	0.6666666666666666	0.5
dmw=20301	0.2776978417266187	0.20430107526881722	0.3076923076923077	0.18666666666666668	0.23651452282157676	0.3469387755102041	0.18791946308724833	0.22641509433962265	0.2962962962962963	0.12903225806451613	0.23893805309734514	0.28	0.36363636363636365	0.10869565217391304	0.42857142857142855	0.12	0.14285714285714285
dmw=20302	0.5656324582338902	0.6793478260869565	0.525	0.6133333333333333	0.5061728395061729	0.391304347826087	0.53	0.6415094339622641	0.4716981132075472	0.35714285714285715	0.6567164179104478	0.7727272727272727	0.631578947368421	0.4482758620689655	0.75	1.0	0.75
dmw=20303	0.4832764505119454	0.6048109965635738	0.35276073619631904	0.4781021897810219	0.45614035087719296	0.2777777777777778	0.6301369863013698	0.5808823529411765	0.24449877750611246	0.21774193548387097	0.4729064039408867	0.6923076923076923	0.1267605633802817	0.7889908256880734	0.0	1.0	0.46153846153846156
dmw=20305	0.38013318534961155	0.46218487394957986	0.43288590604026844	0.45274725274725275	0.3593429158110883	0.25112107623318386	0.32	0.1889763779527559	0.2940074906367041	0.2708333333333333	0.21509433962264152	0.46808510638297873	0.20588235294117646	0.2818181818181818	0.0	0.75	0.38095238095238093
dmw=20309	0.6851145038167938	0.7188940092165899	0.7222222222222222	0.6982758620689655	0.5689655172413793	0.7288135593220338	0.4519230769230769	0.8461538461538461	0.4015151515151515	0.5	0.6702127659574468	0.7931034482758621	0.5714285714285714	0.5517241379310345	0.5555555555555556	0.9285714285714286	0.6153846153846154
dmw=20310	0.9	0.8691099476439791	0.9256756756756757	0.9517543859649122	0.9425837320574163	0.9850746268656716	0.9349112426035503	0.90625	0.9297297297297298	0.7307692307692307	0.8732394366197183	0.9285714285714286	0.9615384615384616	0.9387755102040817	0.0	0.9534883720930233	0.9583333333333334
dmw=20313	0.28735632183908044	0.3125	0.487012987012987	0.26436781609195403	0.698744769874477	0.46987951807228917	0.5886524822695035	0.30985915492957744	0.43333333333333335	0.43333333333333335	0.3391304347826087	0.4782608695652174	0.6470588235294118	0.6666666666666666	0.5555555555555556	0.0	0.6428571428571429
dmw=20314	0.22791427077888135	0.2829643888354187	0.22350230414746544	0.2166172106824926	0.3224043715846995	0.13425925925925927	0.3070652173913043	0.1935483870967742	0.2329896907216495	0.225	0.1382488479262673	0.03	0.4375	0.25316455696202533	0.6428571428571429	0.15	0.0
dmw=20328	0.10855683269476372	0.06231454005934718	0.1171875	0.05917159763313609	0.04926108374384237	0.08536585365853659	0.062111801242236024	0.04918032786885246	0.03333333333333333	0.07142857142857142	0.08029197080291971	0.05555555555555555	0.6666666666666666	0.038461538461538464	0.0	0.6666666666666666	0.3
dmw=20333	0.5676972281449894	0.5774309723889556	0.456	0.5134408602150538	0.5104408352668214	0.5347222222222222	0.5452586206896551	0.6322314049586777	0.3716535433070866	0.4621212121212121	0.423841059602649	0.43037974683544306	0.1	0.5238095238095238	0.8333333333333334	0.95	0.631578947368421
dmw=20347	0.005470459518599562	0.002304147465437788	0.0	0.0053475935828877	0.004807692307692308	0.007575757575757576	0.013043478260869565	0.0	0.004878048780487805	0.0	0.0	0.027777777777777776	0.0	0.0	0.0	0.0	0.0
dmw=20357	0.4	0.4076335877862595	0.48582995951417	0.438953488372093	0.375	0.47058823529411764	0.401673640167364	0.2582781456953642	0.46473029045643155	0.5714285714285714	0.2958801498127341	0.5086206896551724	0.3877551020408163	0.3333333333333333	0.3	0.42857142857142855	0.48148148148148145
dmw=20439	0.1791044776119403	0.1409921671018277	0.3225806451612903	0.4186046511627907	0.4406779661016949	0.6326530612244898	0.4701492537313433	0.05660377358490566	0.3837638376383764	0.5476190476190477	0.1487603305785124	0.21212121212121213	0.08333333333333333	0.42696629213483145	1.0	0.6428571428571429	0.8333333333333334
dmw=20440	0.6711656441717792	0.5741935483870968	0.6666666666666666	0.7269736842105263	0.7897310513447433	0.7469135802469136	0.7108843537414966	0.5	0.7799564270152506	0.7166666666666667	0.5446009389671361	0.6842105263157895	0.7142857142857143	0.8070175438596491	1.0	0.8888888888888888	0.7391304347826086
dmw=20448	0.6411149825783972	0.5947712418300654	0.570264765784114	0.6445783132530121	0.6024518388791593	0.6470588235294118	0.6122047244094488	0.5776892430278885	0.556732223903177	0.54	0.5745192307692307	0.5945945945945946	0.5512820512820513	0.6342857142857142	0.8666666666666667	0.3953488372093023	0.6530612244897959
dmw=20459	0.889247311827957	0.8262757871878393	0.9404255319148936	0.930672268907563	0.9437386569872959	0.9187279151943463	0.9663677130044843	0.958904109589041	0.8992932862190812	0.8048780487804879	0.8257575757575758	0.9848484848484849	0.8958333333333334	0.8357142857142857	1.0	0.971830985915493	0.9375
dmw=20494	0.6295938104448743	0.5417661097852029	0.6359649122807017	0.6547231270358306	0.6219512195121951	0.7037037037037037	0.6124401913875598	0.625	0.6099585062240664	0.5494505494505495	0.6352201257861635	0.6461538461538462	0.41379310344827586	0.625	0.7073170731707317	0.5833333333333334	0.7692307692307693
dmw=20499	0.6713681241184767	0.6128048780487805	0.6442953020134228	0.6928104575163399	0.536144578313253	0.7380952380952381	0.6239316239316239	0.6037735849056604	0.553072625698324	0.6557377049180327	0.697841726618705	0.5111111111111111	0.5263157894736842	0.41379310344827586	1.0	0.47058823529411764	0.625
dmw=20500	0.42613636363636365	0.37745098039215685	0.36619718309859156	0.46568627450980393	0.5133928571428571	0.5178571428571429	0.4605809128630705	0.13333333333333333	0.4909090909090909	0.44329896907216493	0.39267015706806285	0.7619047619047619	0.35135135135135137	0.3939393939393939	0.7	0.42857142857142855	0.7058823529411765
dmw=20572	0.3176470588235294	0.31952662721893493	0.345679012345679	0.30057803468208094	0.46111111111111114	0.4069767441860465	0.3316062176165803	0.6557377049180327	0.415929203539823	0.2318840579710145	0.32051282051282054	0.375	0.3055555555555556	0.4358974358974359	0.0	0.23529411764705882	0.3684210526315789
dmw=20577	0.623574144486692	0.5634743875278396	0.7078651685393258	0.6666666666666666	0.8307086614173228	0.9274193548387096	0.8362068965517241	0.449438202247191	0.8373015873015873	0.7073170731707317	0.4835164835164835	0.8405797101449275	0.86	0.74	0.9090909090909091	1.0	0.875
dmw=20589	0.9062181447502549	0.8659611992945326	0.8721461187214612	0.9292929292929293	0.9738562091503268	0.9461077844311377	0.9182879377431906	0.9574468085106383	0.9473684210526315	0.8135593220338984	0.9066666666666666	0.9512195121951219	0.5833333333333334	0.9722222222222222	1.0	0.8	0.7419354838709677
dmw=20594	0.0	0.0	0.0	0.0	0.0	0.0	0.0	0.0	0.0	0.02702702702702703	0.01639344262295082	0.0	0.0625	0.023809523809523808	0.0	0.0	0.0
dmw=20595	0.21777590564448188	0.1784799316823228	0.0823293172690763	0.26993865030674846	0.25578231292517006	0.15021459227467812	0.2424778761061947	0.16585365853658537	0.23201856148491878	0.22758620689655173	0.17829457364341086	0.02127659574468085	0.13953488372093023	0.18947368421052632	0.2962962962962963	0.18867924528301888	0.16129032258064516
dmw=20615	0.6956521739130435	0.7507418397626113	0.6455026455026455	0.7746478873239436	0.703125	0.7761194029850746	0.8350515463917526	0.4189189189189189	0.6619718309859155	0.6161616161616161	0.7184466019417476	0.6451612903225806	0.8666666666666667	0.029411764705882353	0.5833333333333334	0.6	0.8076923076923077
dmw=20622	0.002902757619738752	0.0	0.018018018018018018	0.015625	0.0	0.02631578947368421	0.025210084033613446	0.008928571428571428	0.0070921985815602835	0.0	0.015625	0.0	0.0625	0.0	0.0	0.041666666666666664	0.1
dmw=20628	0.7332730560578662	0.7436823104693141	0.6196078431372549	0.6958762886597938	0.5408560311284046	0.6813186813186813	0.3015075376884422	0.8020833333333334	0.512987012987013	0.42857142857142855	0.6863636363636364	0.6486486486486487	0.8636363636363636	0.7058823529411765	0.29411764705882354	0.9	0.75
dmw=20629	0.7207207207207207	0.730593607305936	0.6642857142857143	0.7142857142857143	0.6537216828478964	0.6580310880829016	0.5040871934604905	0.7006369426751592	0.6133651551312649	0.4772727272727273	0.6411960132890365	0.6533333333333333	0.7692307692307693	0.7350427350427351	0.696969696969697	0.7272727272727273	0.75
dmw=20637	0.9090909090909091	0.9019607843137255	0.9438202247191011	0.9529411764705882	0.9158878504672897	0.9361702127659575	0.9883720930232558	1.0	0.9754098360655737	0.5833333333333334	0.9009009009009009	1.0	0.875	1.0	0.7	1.0	1.0
dmw=20638	0.7413366336633663	0.7466960352422908	0.7188940092165899	0.7148148148148148	0.7033898305084746	0.7410714285714286	0.6704545454545454	0.7619047619047619	0.6646884272997032	0.7580645161290323	0.6417910447761194	0.6428571428571429	0.6346153846153846	0.5882352941176471	0.9	0.8636363636363636	0.5
dmw=20649	0.4632835820895522	0.40578034682080927	0.35697940503432496	0.4278481012658228	0.483695652173913	0.484472049689441	0.4745762711864407	0.4479166666666667	0.4745762711864407	0.3135593220338983	0.3883495145631068	0.47959183673469385	0.4883720930232558	0.4079601990049751	0.5	0.4925373134328358	0.5588235294117647
dmw=20663	0.3996710526315789	0.38421052631578945	0.3588516746411483	0.4645161290322581	0.3806818181818182	0.45544554455445546	0.28272251308900526	0.3442622950819672	0.32105263157894737	0.3246753246753247	0.43859649122807015	0.2647058823529412	0.4375	0.4	0.35294117647058826	0.5833333333333334	0.4473684210526316
dmw=20664	0.30493707647628265	0.28254847645429365	0.2543352601156069	0.32710280373831774	0.17721518987341772	0.3007518796992481	0.06701030927835051	0.1592920353982301	0.1532258064516129	0.3333333333333333	0.16778523489932887	0.08	0.25	0.08064516129032258	0.375	0.2916666666666667	0.24
dmw=20665	0.539553752535497	0.4948453608247423	0.4461538461538462	0.5446428571428571	0.27388535031847133	0.46511627906976744	0.184	0.4791666666666667	0.21951219512195122	0.4318181818181818	0.5555555555555556	0.5384615384615384	0.5	0.2222222222222222	0.6666666666666666	0.6923076923076923	0.6666666666666666
dmw=20680	0.4578313253012048	0.38256658595641646	0.4222222222222222	0.4279661016949153	0.12365591397849462	0.5384615384615384	0.21637426900584794	0.3230769230769231	0.22510822510822512	0.35714285714285715	0.42857142857142855	0.5	0.34375	0.10112359550561797	0.6	0.5217391304347826	0.45714285714285713
dmw=20695	0.5277475516866159	0.5202108963093146	0.4357976653696498	0.675	0.5203619909502263	0.5566037735849056	0.5739910313901345	0.27956989247311825	0.6877470355731226	0.6527777777777778	0.5172413793103449	0.6206896551724138	0.4411764705882353	0.4339622641509434	1.0	0.25	0.8947368421052632
dmw=20709	0.2742155525238745	0.16971279373368145	0.39285714285714285	0.43859649122807015	0.08771929824561403	0.3595505617977528	0.026143790849673203	0.35064935064935066	0.08108108108108109	0.4	0.2248062015503876	0.4722222222222222	0.4	0.1935483870967742	0.16666666666666666	0.7777777777777778	0.3
dmw=20710	0.567651632970451	0.3717948717948718	0.7653631284916201	0.7323943661971831	0.2647058823529412	0.7111111111111111	0.23622047244094488	0.7413793103448276	0.3686868686868687	0.7058823529411765	0.46875	0.5833333333333334	0.6666666666666666	0.49019607843137253	0.6666666666666666	0.625	0.0
dmw=20731	0.9258312020460358	0.8989169675090253	0.8888888888888888	0.927710843373494	0.9716981132075472	0.90625	0.9	0.9523809523809523	0.9333333333333333	1.0	0.9195402298850575	0.9310344827586207	0.8095238095238095	0.8518518518518519	1.0	0.9565217391304348	0.8888888888888888
dmw=20739	0.9500693481276006	0.9359756097560976	0.9830508474576272	0.9453125	0.9815668202764977	0.9655172413793104	0.9452054794520548	0.9215686274509803	0.9625668449197861	0.7627118644067796	0.92	0.9545454545454546	1.0	0.9152542372881356	0.0	0.6666666666666666	1.0
dmw=20741	0.34849951597289447	0.34462001504890893	0.37767584097859325	0.4209039548022599	0.4574468085106383	0.574468085106383	0.575098814229249	0.14328358208955225	0.4215686274509804	0.3256880733944954	0.342	0.3118279569892473	0.4642857142857143	0.45104895104895104	0.896551724137931	0.3194444444444444	0.42718446601941745
dmw=20742	0.9544924154025671	0.9562289562289562	0.9420289855072463	0.905	0.9705882352941176	0.9339622641509434	0.9388888888888889	0.9826086956521739	0.9385665529010239	0.5287356321839081	0.9629629629629629	1.0	1.0	1.0	1.0	0.9583333333333334	0.75
dmw=20751	0.7699530516431925	0.6063829787234043	0.896551724137931	0.8780487804878049	0.5116279069767442	0.9	0.041666666666666664	1.0	0.28431372549019607	0.8333333333333334	0.6122448979591837	1.0	0.4	0.4	1.0	0.875	0.6666666666666666
dmw=20753	0.5238095238095238	0.4836272040302267	0.6106194690265486	0.4434782608695652	0.3230769230769231	0.6153846153846154	0.23756906077348067	0.3333333333333333	0.4688995215311005	0.4146341463414634	0.4460431654676259	0.5714285714285714	0.3333333333333333	0.7058823529411765	0.0	0.875	0.6792452830188679
dmw=20765	0.6363636363636364	0.7466307277628033	0.7327586206896551	0.7906976744186046	0.8382978723404255	0.845360824742268	0.6823529411764706	0.6176470588235294	0.7876106194690266	0.725	0.7164948453608248	0.6842105263157895	0.625	0.9101123595505618	0.9473684210526315	0.875	0.7
dmw=20774	0.33019551049963797	0.32809773123909247	0.27439024390243905	0.32954545454545453	0.3111111111111111	0.3464566929133858	0.41042345276872966	0.28187919463087246	0.3375	0.2823529411764706	0.2606060606060606	0.43333333333333335	0.041666666666666664	0.39285714285714285	0.2564102564102564	0.25	0.5
dmw=20775	0.4225663716814159	0.5454545454545454	0.85	0.5783132530120482	0.5096153846153846	0.7413793103448276	0.449438202247191	0.9736842105263158	0.608	0.9032258064516129	0.3924050632911392	0.625	0.2222222222222222	0.9459459459459459	1.0	0.8	0.6
dmw=20776	0.10966057441253264	0.19875776397515527	0.6458333333333334	0.2857142857142857	0.25203252032520324	0.43859649122807015	0.2786885245901639	0.6086956521739131	0.2967032967032967	0.21428571428571427	0.22857142857142856	0.6923076923076923	0.08333333333333333	0.7407407407407407	0.0	0.6666666666666666	0.6666666666666666
dmw=20791	0.9235181644359465	0.936247723132969	0.9774774774774775	0.9641255605381166	0.9175257731958762	0.9242424242424242	0.9523809523809523	0.959731543624161	0.9454094292803971	0.9285714285714286	0.9722222222222222	0.9574468085106383	0.8888888888888888	0.9411764705882353	0.9444444444444444	1.0	0.75
dmw=20801	0.9342723004694836	0.9361344537815126	0.9253731343283582	0.9442231075697212	0.9213483146067416	0.9367088607594937	0.948509485094851	0.9818181818181818	0.9628252788104089	0.6492537313432836	0.9518716577540107	0.9130434782608695	0.9148936170212766	0.9367088607594937	0.8823529411764706	1.0	0.8787878787878788
dmw=20846	0.5132996262914926	0.4827586206896552	0.5356294536817102	0.5092421441774492	0.288135593220339	0.40693430656934304	0.3002832861189802	0.4528301886792453	0.28527370855821127	0.42038216560509556	0.4549819927971189	0.5617977528089888	0.46938775510204084	0.18691588785046728	0.4	0.5818181818181818	0.5463917525773195
dmw=20847	0.0994550408719346	0.04817275747508306	0.30425963488843816	0.1434108527131783	0.018912529550827423	0.11731843575418995	0.0035587188612099642	0.08661417322834646	0.0215311004784689	0.1794871794871795	0.08024691358024691	0.3023255813953488	0.1746031746031746	0.006944444444444444	0.2631578947368421	0.23809523809523808	0.3333333333333333
dmw=20861	0.9329738058551618	0.8844133099824869	0.9581589958158996	0.8967551622418879	0.9248366013071896	0.8716814159292036	0.9668615984405458	0.9627329192546584	0.9652351738241309	0.8072916666666666	0.8767441860465116	1.0	0.8148148148148148	0.9491525423728814	1.0	1.0	0.8461538461538461
dmw=20870	0.734475374732334	0.5341880341880342	0.5061728395061729	0.704225352112676	0.5725190839694656	0.6666666666666666	0.6170212765957447	0.6515151515151515	0.7627118644067796	0.5434782608695652	0.6509433962264151	0.75	0.375	0.6833333333333333	0.7333333333333333	0.7142857142857143	0.5
dmw=20874	0.02436738519212746	0.0160857908847185	0.012658227848101266	0.01910828025477707	0.02147239263803681	0.013333333333333334	0.0	0.007874015748031496	0.02	0.009433962264150943	0.04294478527607362	0.06060606060606061	0.13043478260869565	0.023529411764705882	0.0	0.0	0.0
dmw=20880	0.6561604584527221	0.607085346215781	0.6923076923076923	0.6666666666666666	0.6708860759493671	0.710691823899371	0.6423357664233577	0.7063492063492064	0.7210526315789474	0.5588235294117647	0.6549707602339181	0.6885245901639344	0.7777777777777778	0.6296296296296297	0.6	0.72	0.6111111111111112
dmw=20883	0.004807692307692308	0.0	0.020202020202020204	0.0	0.009009009009009009	0.012987012987012988	0.008620689655172414	0.0	0.0	0.0	0.0	0.0	0.0	0.0	0.0	0.0	0.0
dmw=20932	0.0036231884057971015	0.0	0.03333333333333333	0.01282051282051282	0.0	0.0	0.024096385542168676	0.0	0.009009009009009009	0.0	0.0	0.0	0.0	0.043478260869565216	0.0	0.0	0.0
dmw=20937	0.9227467811158798	0.9388379204892966	0.96045197740113	0.9014084507042254	0.8830409356725146	0.9142857142857143	0.8820224719101124	0.9354838709677419	0.9267015706806283	0.8181818181818182	0.86	0.9615384615384616	1.0	0.8333333333333334	0.95	0.0	1.0
dmw=20942	0.5912408759124088	0.5047619047619047	0.823076923076923	0.6433566433566433	0.7414965986394558	0.8192771084337349	0.7707006369426752	0.574468085106383	0.6363636363636364	0.5932203389830508	0.5045045045045045	0.0	0.75	0.55	0.85	0.8095238095238095	0.42857142857142855
dmw=20949	0.177147554459515	0.21637426900584794	0.16733870967741934	0.22302158273381295	0.18364197530864199	0.23417721518987342	0.1863799283154122	0.24519230769230768	0.20477815699658702	0.13970588235294118	0.2928870292887029	0.18518518518518517	0.3142857142857143	0.17894736842105263	0.18181818181818182	0.5555555555555556	0.17543859649122806
dmw=20950	0.29131175468483816	0.3360323886639676	0.29518072289156627	0.2682926829268293	0.182648401826484	0.2222222222222222	0.312	0.30666666666666664	0.2345679012345679	0.21176470588235294	0.30434782608695654	0.2608695652173913	0.3181818181818182	0.2631578947368421	0.75	0.0	0.2222222222222222
dmw=20970	0.6425855513307985	0.5379061371841155	0.6013513513513513	0.6774193548387096	0.6785714285714286	0.64	0.6265060240963856	0.6206896551724138	0.6618705035971223	0.6376811594202898	0.5151515151515151	0.46875	0.7142857142857143	0.627906976744186	1.0	0.8888888888888888	0.625
dmw=20971	0.5678362573099415	0.4974463738508682	0.6357894736842106	0.6682692307692307	0.5084745762711864	0.6369426751592356	0.6207729468599034	0.38064516129032255	0.5654008438818565	0.7166666666666667	0.44375	0.7358490566037735	0.5	0.5950413223140496	0.1	0.5588235294117647	0.5476190476190477
dmw=20998	0.46772591857000995	0.37697516930022573	0.4930232558139535	0.466403162055336	0.6093023255813953	0.5688073394495413	0.639751552795031	0.4787234042553192	0.5693950177935944	0.4807692307692308	0.3763440860215054	0.5735294117647058	0.4411764705882353	0.6037735849056604	0.625	0.4090909090909091	0.5833333333333334
dmw=21031	0.8904761904761904	0.8493408662900188	0.900990099009901	0.8726591760299626	0.9571984435797666	0.9363636363636364	0.8914027149321267	0.905	0.8465909090909091	0.5277777777777778	0.8310502283105022	1.0	0.7222222222222222	0.8571428571428571	0.8181818181818182	0.9047619047619048	0.8571428571428571
dmw=21048	0.5795454545454546	0.6244897959183674	0.5531914893617021	0.6290322580645161	0.4326530612244898	0.6033057851239669	0.5098039215686274	0.5979899497487438	0.5392561983471075	0.5722543352601156	0.6038647342995169	0.5609756097560976	0.323943661971831	0.6074074074074074	0.5652173913043478	0.75	0.5806451612903226
dmw=21070	0.27297297297297296	0.22546419098143236	0.27155172413793105	0.2744186046511628	0.2961783439490446	0.3157894736842105	0.14871794871794872	0.14035087719298245	0.22772277227722773	0.1111111111111111	0.21910112359550563	0.22950819672131148	0.22727272727272727	0.23655913978494625	0.13333333333333333	0.42857142857142855	0.5555555555555556
dmw=21097	0.9188191881918819	0.928	0.971830985915493	0.9076923076923077	0.9016393442622951	0.8095238095238095	0.9230769230769231	0.9047619047619048	0.9814814814814815	0.8571428571428571	0.9230769230769231	1.0	0.8571428571428571	0.8571428571428571	0.8181818181818182	1.0	1.0
dmw=21113	0.4738955823293173	0.5040650406504065	0.5333333333333333	0.52	0.484375	0.48148148148148145	0.4107142857142857	0.35294117647058826	0.4666666666666667	0.55	0.4375	0.45454545454545453	0.29411764705882354	0.2413793103448276	0.0	1.0	0.3333333333333333
dmw=21114	0.886021505376344	0.9212410501193318	0.9483568075117371	0.9197860962566845	0.748062015503876	0.9035087719298246	0.36464088397790057	0.9285714285714286	0.574468085106383	0.6551724137931034	0.8348623853211009	0.7872340425531915	0.8333333333333334	0.7738095238095238	0.9090909090909091	0.8888888888888888	1.0
dmw=21127	0.2857142857142857	0.24782608695652175	0.34951456310679613	0.4153846153846154	0.4675324675324675	0.71875	0.36752136752136755	0.5	0.5625	0.07692307692307693	0.25882352941176473	0.0	0.375	0.3333333333333333	0.6666666666666666	0.5	0.6666666666666666
dmw=21164	0.005095541401273885	0.007267441860465116	0.006557377049180328	0.0	0.008658008658008658	0.0	0.006493506493506494	0.016483516483516484	0.007594936708860759	0.0	0.0	0.0	0.0	0.0	0.0	0.0	0.0
dmw=21168	0.9194915254237288	0.9164733178654292	0.9795918367346939	0.8780487804878049	0.9468599033816425	0.9587628865979382	0.9052631578947369	0.9222222222222223	0.9212827988338192	0.8	0.9060150375939849	0.9242424242424242	0.6785714285714286	0.896551724137931	0.75	0.9615384615384616	1.0
dmw=21183	0.0034965034965034965	0.00558659217877095	0.0	0.0	0.0	0.0	0.0	0.023809523809523808	0.021052631578947368	0.0	0.0	0.038461538461538464	0.0	0.0	0.0	0.0	0.0
dmw=21195	0.010186757215619695	0.008064516129032258	0.0	0.008771929824561403	0.0	0.0	0.007633587786259542	0.03571428571428571	0.013824884792626729	0.0	0.0	0.0	0.0	0.024390243902439025	0.0	0.0	0.06451612903225806
dmw=21196	0.0022271714922048997	0.0	0.0	0.0	0.023809523809523808	0.0	0.0	0.043478260869565216	0.02247191011235955	0.0	0.017857142857142856	0.0	0.0	0.0	0.0	0.0	0.0
dmw=21208	0.014358974358974359	0.013793103448275862	0.02926829268292683	0.022727272727272728	0.004347826086956522	0.07563025210084033	0.013824884792626729	0.011764705882352941	0.01834862385321101	0.015625	0.021739130434782608	0.0	0.0	0.0410958904109589	0.0	0.0	0.0
dmw=21257	0.8425391591096455	0.7901459854014599	0.8503649635036497	0.9278350515463918	0.803076923076923	0.8590604026845637	0.8262910798122066	0.9038461538461539	0.825287356321839	0.35384615384615387	0.75	0.5617977528089888	0.847457627118644	0.8918918918918919	0.0	0.75	0.48717948717948717
dmw=21270	0.004470938897168405	0.009971509971509971	0.011278195488721804	0.006230529595015576	0.004545454545454545	0.007575757575757576	0.011869436201780416	0.0	0.0032258064516129032	0.011764705882352941	0.01015228426395939	0.017241379310344827	0.0	0.011235955056179775	0.0	0.0	0.0
dmw=21286	0.0027624309392265192	0.004267425320056899	0.005249343832020997	0.006389776357827476	0.008241758241758242	0.0070921985815602835	0.0	0.0	0.011764705882352941	0.0	0.004545454545454545	0.0	0.020833333333333332	0.0	0.0	0.0	0.027777777777777776
dmw=21287	0.0	0.004640371229698376	0.007042253521126761	0.00684931506849315	0.004098360655737705	0.0	0.008849557522123894	0.0	0.0	0.0	0.0	0.0	0.0	0.0	0.0	0.0	0.0
dmw=21288	0.09274193548387097	0.051194539249146756	0.0948905109489051	0.23870967741935484	0.0	0.03896103896103896	0.0	0.07865168539325842	0.0	0.20689655172413793	0.0684931506849315	0.12121212121212122	0.20689655172413793	0.0	0.0	0.15384615384615385	0.3076923076923077
dmw=21289	0.00473186119873817	0.0018018018018018018	0.005934718100890208	0.0	0.0	0.012658227848101266	0.005208333333333333	0.0	0.0	0.0	0.009216589861751152	0.0	0.0	0.009259259259259259	0.0	0.0	0.0
dmw=21354	0.002117148906139732	0.006172839506172839	0.007575757575757576	0.00906344410876133	0.0048543689320388345	0.0	0.005494505494505495	0.0	0.010526315789473684	0.0	0.0033444816053511705	0.0	0.016666666666666666	0.0	0.1111111111111111	0.0	0.0
dmw=21385	0.0027472527472527475	0.005449591280653951	0.005988023952095809	0.004975124378109453	0.0	0.0070921985815602835	0.020833333333333332	0.0	0.0	0.0	0.00909090909090909	0.047619047619047616	0.046511627906976744	0.0	0.0	0.0	0.0
dmw=21386	0.006289308176100629	0.0013297872340425532	0.002717391304347826	0.008086253369272238	0.0048543689320388345	0.0	0.005319148936170213	0.0	0.0	0.018072289156626505	0.015527950310559006	0.0425531914893617	0.0125	0.020202020202020204	0.043478260869565216	0.0	0.0
dmw=21394	0.003218884120171674	0.011764705882352941	0.0048543689320388345	0.012738853503184714	0.013550135501355014	0.013513513513513514	0.003663003663003663	0.0051813471502590676	0.005474452554744526	0.0	0.0036101083032490976	0.0	0.0	0.0	0.06451612903225806	0.0	0.0
dmw=21397	0.19834710743801653	0.16753926701570682	0.2903225806451613	0.1625	0.3333333333333333	0.5714285714285714	0.275	0.14	0.3236994219653179	0.19047619047619047	0.10344827586206896	0.125	0.45	0.2	0.6	0.5	0.2222222222222222
dmw=21405	0.7568807339449541	0.6770428015564203	0.8181818181818182	0.8275862068965517	0.8473282442748091	0.8870967741935484	0.9375	0.7307692307692307	0.9043478260869565	0.25	0.6301369863013698	0.6363636363636364	0.6363636363636364	0.9166666666666666	1.0	0.9166666666666666	0.5
dmw=21406	0.007524454477050414	0.008522727272727272	0.012084592145015106	0.0	0.013856812933025405	0.008333333333333333	0.009230769230769232	0.0	0.00303951367781155	0.0	0.0	0.0	0.0	0.0	0.0	0.0	0.0
dmw=21407	0.003076923076923077	0.011049723756906077	0.0030581039755351682	0.0	0.0	0.0	0.008928571428571428	0.0	0.0	0.009174311926605505	0.0	0.0	0.0	0.008849557522123894	0.0	0.0	0.0
dmw=21409	0.009784735812133072	0.010638297872340425	0.031746031746031744	0.019736842105263157	0.0	0.0	0.0	0.0	0.018867924528301886	0.022222222222222223	0.0	0.0	0.0	0.0	0.0	0.0	0.0
dmw=21416	0.6385542168674698	0.550561797752809	0.5581395348837209	0.7307692307692307	0.4166666666666667	0.38095238095238093	0.5	0.7	0.2878787878787879	0.6666666666666666	0.5897435897435898	0.8333333333333334	1.0	0.1111111111111111	0.8333333333333334	0.6666666666666666	1.0
dmw=21432	0.0042796005706134095	0.019169329073482427	0.028169014084507043	0.0	0.010810810810810811	0.0	0.010101010101010102	0.027522935779816515	0.0	0.0	0.0	0.0	0.0	0.0	0.0	0.0	0.0
dmw=21455	0.8029801324503312	0.7506925207756233	0.6836158192090396	0.797752808988764	0.6839378238341969	0.8955223880597015	0.73224043715847	0.7258064516129032	0.7344632768361582	0.5813953488372093	0.732484076433121	0.8545454545454545	0.75	0.6428571428571429	1.0	0.9230769230769231	0.0
dmw=21476	0.9291666666666667	0.9823008849557522	0.9761904761904762	0.8125	0.927536231884058	1.0	0.9777777777777777	0.972972972972973	0.9827586206896551	0.868421052631579	0.9545454545454546	0.8421052631578947	1.0	0.9545454545454546	0.0	1.0	0.8333333333333334
dmw=21488	0.0035335689045936395	0.004291845493562232	0.0	0.006172839506172839	0.0	0.0	0.0	0.0	0.007518796992481203	0.037037037037037035	0.0	0.013513513513513514	0.0	0.03125	0.0	0.0	0.0
dmw=21504	0.006048387096774193	0.019230769230769232	0.013392857142857142	0.0053475935828877	0.010256410256410256	0.0	0.0	0.0	0.013392857142857142	0.0	0.013888888888888888	0.0	0.0	0.0	0.0	0.0	0.029411764705882353
dmw=21519	0.005285412262156448	0.002257336343115124	0.0	0.01020408163265306	0.017543859649122806	0.017699115044247787	0.009174311926605505	0.0	0.0035087719298245615	0.008130081300813009	0.0	0.022222222222222223	0.0	0.0	0.0	0.0	0.0
dmw=21535	0.6969376979936642	0.6834319526627219	0.7677165354330708	0.7422222222222222	0.6157024793388429	0.7553191489361702	0.7216494845360825	0.7619047619047619	0.7626262626262627	0.30952380952380953	0.7350427350427351	0.8	0.6666666666666666	0.6363636363636364	0.625	0.8666666666666667	0.7307692307692307
dmw=21536	0.0022002200220022	0.004889975550122249	0.02631578947368421	0.004629629629629629	0.006578947368421052	0.0	0.0	0.0	0.0036101083032490976	0.0	0.005235602094240838	0.0	0.0	0.0	0.0	0.0	0.0
dmw=21550	0.004601226993865031	0.011235955056179775	0.002617801047120419	0.01568627450980392	0.007425742574257425	0.00625	0.0	0.0	0.0066815144766146995	0.0	0.0	0.0	0.031746031746031744	0.008403361344537815	0.0	0.0	0.0
dmw=21552	0.11820040899795502	0.11416490486257928	0.09480812641083522	0.164079822616408	0.1085899513776337	0.09491525423728814	0.07598784194528875	0.10727969348659004	0.08051529790660225	0.1206896551724138	0.1276595744680851	0.15151515151515152	0.1282051282051282	0.12121212121212122	0.15151515151515152	0.3170731707317073	0.2222222222222222
dmw=21554	0.5952637244348762	0.5284552845528455	0.6832579185520362	0.6009174311926605	0.5297805642633229	0.5423728813559322	0.5364431486880467	0.5725806451612904	0.5635593220338984	0.41025641025641024	0.57847533632287	0.7	0.5238095238095238	0.59	0.8666666666666667	0.6818181818181818	0.45454545454545453
dmw=21555	0.4690458849235251	0.44608223429014743	0.47026022304832715	0.5324459234608985	0.4013245033112583	0.4678362573099415	0.36231884057971014	0.44	0.4343675417661098	0.38095238095238093	0.4405940594059406	0.42990654205607476	0.36	0.38764044943820225	0.44	0.5857142857142857	0.44642857142857145
dmw=21565	0.015228426395939087	0.0	0.015873015873015872	0.0	0.014184397163120567	0.046511627906976744	0.023809523809523808	0.0	0.007352941176470588	0.0	0.0	0.0	0.0	0.02857142857142857	0.0	0.0	0.0
dmw=21567	0.002002002002002002	0.0060790273556231	0.005076142131979695	0.005154639175257732	0.0036496350364963502	0.0	0.0	0.0	0.0	0.0	0.006756756756756757	0.030303030303030304	0.0	0.0	0.0	0.0	0.0
dmw=21568	0.005865102639296188	0.007017543859649123	0.004291845493562232	0.0035714285714285713	0.007782101167315175	0.0	0.0035714285714285713	0.0	0.004807692307692308	0.008695652173913044	0.0	0.0	0.037037037037037035	0.0	0.045454545454545456	0.0	0.0
dmw=21574	0.005521811154058531	0.005555555555555556	0.002352941176470588	0.005128205128205128	0.0017605633802816902	0.0	0.0	0.0	0.008547008547008548	0.0	0.0040650406504065045	0.015873015873015872	0.0	0.0	0.0136986301369863	0.0	0.0
dmw=21587	0.008771929824561403	0.016129032258064516	0.0	0.014492753623188406	0.007751937984496124	0.0	0.012048192771084338	0.0	0.0	0.0	0.0	0.05555555555555555	0.0	0.0	0.0	0.0	0.0
dmw=21596	0.00149812734082397	0.004347826086956522	0.0	0.004310344827586207	0.01090909090909091	0.020833333333333332	0.024691358024691357	0.0	0.002777777777777778	0.0	0.01282051282051282	0.0	0.05128205128205128	0.0	0.0	0.0	0.0
dmw=21603	0.007473841554559043	0.01160541586073501	0.0033783783783783786	0.023809523809523808	0.0034965034965034965	0.0	0.0	0.006369426751592357	0.012626262626262626	0.008333333333333333	0.0	0.045454545454545456	0.0	0.0	0.0	0.0	0.0
dmw=21636	0.004602991944764097	0.005141388174807198	0.0	0.0	0.003937007874015748	0.009615384615384616	0.0	0.0	0.0	0.0	0.005649717514124294	0.0	0.05	0.0	0.0	0.0	0.0
dmw=21648	0.004008016032064128	0.011627906976744186	0.0	0.0	0.0	0.0	0.0	0.0	0.0	0.0	0.0	0.07692307692307693	0.0	0.018518518518518517	0.0	0.0	0.0
dmw=21654	0.005430566330488751	0.007207207207207207	0.0	0.004878048780487805	0.002857142857142857	0.021505376344086023	0.006688963210702341	0.014492753623188406	0.006269592476489028	0.0	0.0	0.06153846153846154	0.0	0.0	0.0	0.0	0.0
dmw=21655	0.005535055350553505	0.00558659217877095	0.0	0.0048543689320388345	0.0044444444444444444	0.0	0.007662835249042145	0.008064516129032258	0.007434944237918215	0.0	0.0	0.0	0.0	0.0	0.0	0.0	0.0
dmw=21683	0.012958963282937365	0.0	0.00980392156862745	0.030303030303030304	0.0	0.046153846153846156	0.012048192771084338	0.0	0.007751937984496124	0.03278688524590164	0.022222222222222223	0.0	0.0	0.03125	0.0	0.0	0.0
dmw=21684	0.26911850554582606	0.22693032015065914	0.2993421052631579	0.2544642857142857	0.21611721611721613	0.3312883435582822	0.17457627118644067	0.18620689655172415	0.14392059553349876	0.5	0.1908713692946058	0.0	0.08333333333333333	0.043478260869565216	0.2857142857142857	0.15384615384615385	0.20754716981132076
dmw=21694	0.021665538253215978	0.02564102564102564	0.020588235294117647	0.0	0.010893246187363835	0.029850746268656716	0.02023121387283237	0.0	0.004629629629629629	0.06521739130434782	0.03614457831325301	0.02857142857142857	0.0	0.022727272727272728	0.03529411764705882	0.0	0.0
dmw=21696	0.007434944237918215	0.006756756756756757	0.012658227848101266	0.004016064257028112	0.0022471910112359553	0.0	0.0	0.0	0.005208333333333333	0.0	0.012422360248447204	0.0	0.034482758620689655	0.01694915254237288	0.0	0.2	0.0
dmw=21700	0.005605381165919282	0.0023923444976076554	0.014035087719298246	0.0	0.01444043321299639	0.03296703296703297	0.005025125628140704	0.0	0.005154639175257732	0.01639344262295082	0.007042253521126761	0.023809523809523808	0.0	0.0	0.0	0.0	0.0
dmw=21703	0.008792965627498001	0.006589785831960461	0.005714285714285714	0.011111111111111112	0.0	0.040697674418604654	0.0	0.0	0.0	0.00909090909090909	0.0	0.0	0.031746031746031744	0.0	0.0	0.0	0.0
dmw=21706	0.12053571428571429	0.05737704918032787	0.06666666666666667	0.08717948717948718	0.09448818897637795	0.10588235294117647	0.03278688524590164	0.029850746268656716	0.08898305084745763	0.05747126436781609	0.09219858156028368	0.025	0.0	0.038461538461538464	0.045454545454545456	0.0	0.0
dmw=21738	0.0022624434389140274	0.0025348542458808617	0.005361930294906166	0.00510204081632653	0.004796163069544364	0.006493506493506494	0.009732360097323601	0.0038314176245210726	0.004073319755600814	0.0	0.013559322033898305	0.0	0.0	0.0	0.0	0.047619047619047616	0.10144927536231885
dmw=21742	0.005639097744360902	0.011811023622047244	0.0	0.00980392156862745	0.0	0.04	0.0	0.0	0.0	0.0	0.0	0.0	0.0	0.0	0.0	0.0	0.0
dmw=21796	0.004020100502512563	0.007155635062611807	0.008982035928143712	0.005263157894736842	0.003125	0.0	0.0	0.0	0.005917159763313609	0.01818181818181818	0.0	0.05263157894736842	0.03571428571428571	0.0	0.0	0.0	0.0
dmw=21806	0.18030690537084398	0.1893939393939394	0.18285714285714286	0.03597122302158273	0.16891891891891891	0.1111111111111111	0.029850746268656716	0.05	0.005050505050505051	0.2972972972972973	0.1568627450980392	0.0	0.0	0.038461538461538464	0.0	0.0	0.0
dmw=21818	0.003536067892503536	0.005190311418685121	0.0	0.0058997050147492625	0.0	0.0	0.01020408163265306	0.005405405405405406	0.005865102639296188	0.0	0.012903225806451613	0.01	0.030303030303030304	0.0	0.0	0.0	0.0
dmw=21819	0.02194787379972565	0.0	0.017391304347826087	0.0	0.012422360248447204	0.0	0.012658227848101266	0.009174311926605505	0.006756756756756757	0.0	0.0	0.0	0.0	0.0	0.0	0.0	0.0
dmw=21822	0.004464285714285714	0.008955223880597015	0.0058823529411764705	0.0	0.0	0.0	0.0	0.0	0.0	0.0	0.011428571428571429	0.0	0.0	0.02857142857142857	0.0	0.0	0.0
dmw=21843	0.005333333333333333	0.001694915254237288	0.0	0.006329113924050633	0.006711409395973154	0.007874015748031496	0.012345679012345678	0.007042253521126761	0.011278195488721804	0.020618556701030927	0.0055248618784530384	0.0	0.0	0.016666666666666666	0.0	0.0	0.0
dmw=21876	0.002253944402704733	0.008090614886731391	0.02109704641350211	0.003278688524590164	0.011976047904191617	0.013333333333333334	0.0	0.028368794326241134	0.0057306590257879654	0.015037593984962405	0.004	0.0	0.0	0.0	0.0	0.0	0.0
dmw=21907	0.0010090817356205853	0.009828009828009828	0.018072289156626505	0.013071895424836602	0.01680672268907563	0.0	0.0	0.0	0.007905138339920948	0.0	0.0	0.0	0.0	0.0	0.0	0.0	0.0
dmw=21926	0.1956882255389718	0.1934156378600823	0.2754491017964072	0.29931972789115646	0.15873015873015872	0.33783783783783783	0.2916666666666667	0.23809523809523808	0.19230769230769232	0.24390243902439024	0.1301775147928994	0.17857142857142858	0.3870967741935484	0.21212121212121213	0.0	1.0	0.15384615384615385
dmw=21931	0.01046337817638266	0.011075949367088608	0.07106598984771574	0.00423728813559322	0.006578947368421052	0.02040816326530612	0.0	0.006211180124223602	0.014084507042253521	0.012738853503184714	0.011029411764705883	0.0	0.0	0.011235955056179775	0.0	0.0	0.0
dmw=21933	0.007052186177715092	0.0035460992907801418	0.011904761904761904	0.01098901098901099	0.020100502512562814	0.015384615384615385	0.014388489208633094	0.0684931506849315	0.027777777777777776	0.0	0.009433962264150943	0.13793103448275862	0.0	0.0	0.0	0.0	0.03571428571428571
dmw=21959	0.010332950631458095	0.002369668246445498	0.0	0.005235602094240838	0.0	0.034482758620689655	0.0	0.0	0.0	0.0	0.0	0.0	0.0	0.01639344262295082	0.0	0.16666666666666666	0.0
dmw=21972	0.007416563658838072	0.0031847133757961785	0.031413612565445025	0.0	0.005555555555555556	0.0	0.006756756756756757	0.0	0.015384615384615385	0.0	0.014388489208633094	0.0	0.0	0.0	0.0	0.0	0.058823529411764705
dmw=21987	0.005512679162072767	0.007246376811594203	0.0	0.011764705882352941	0.0	0.0	0.006134969325153374	0.04285714285714286	0.004	0.0	0.0	0.0	0.0	0.0	0.0	0.0	0.0
dmw=21999	0.005723630417007359	0.00375234521575985	0.0	0.0	0.002652519893899204	0.0	0.0	0.0	0.004210526315789474	0.03529411764705882	0.0	0.0	0.0	0.008333333333333333	0.0	0.0	0.0
dmw=22009	0.0226628895184136	0.0	0.022222222222222223	0.008620689655172414	0.008695652173913044	0.0	0.05154639175257732	0.0	0.007194244604316547	0.0	0.0	0.0	0.0	0.0	0.0	0.0	0.0
dmw=22025	0.003234501347708895	0.0047694753577106515	0.009287925696594427	0.011494252873563218	0.014005602240896359	0.0	0.0	0.0	0.002183406113537118	0.0	0.0	0.02564102564102564	0.0	0.007462686567164179	0.0	0.0	0.0
dmw=22114	0.006550218340611353	0.0028089887640449437	0.008849557522123894	0.0038910505836575876	0.028070175438596492	0.0	0.0	0.0	0.008097165991902834	0.0	0.004524886877828055	0.0	0.0	0.0	0.0	0.0	0.0
dmw=22126	0.0044742729306487695	0.012195121951219513	0.0	0.011235955056179775	0.016129032258064516	0.0	0.0	0.0	0.0	0.025	0.010869565217391304	0.5	0.0	0.0	0.0	0.0	0.0
dmw=22181	0.020289855072463767	0.011235955056179775	0.015151515151515152	0.0	0.0	0.0	0.0	0.0	0.024793388429752067	0.0	0.013888888888888888	0.0	0.1111111111111111	0.0	0.0	0.0	0.0
dmw=22211	0.02040816326530612	0.00980392156862745	0.08641975308641975	0.0	0.0761904761904762	0.16	0.04	0.0	0.0	0.037037037037037035	0.0	0.0	1.0	0.0	0.0	0.0	0.0
dmw=22226	0.0055762081784386614	0.003745318352059925	0.009345794392523364	0.0	0.006896551724137931	0.0	0.01639344262295082	0.024096385542168676	0.0	0.0	0.023255813953488372	0.0	0.0	0.029411764705882353	0.0	0.0	0.0
dmw=22250	0.009900990099009901	0.0024330900243309003	0.0	0.0	0.011299435028248588	0.0	0.005319148936170213	0.0	0.01282051282051282	0.0	0.006711409395973154	0.0	0.0	0.0	0.0	0.0	0.0
dmw=22293	0.0029940119760479044	0.0	0.0	0.0	0.07407407407407407	0.0	0.0	0.0	0.019801980198019802	0.0	0.011494252873563218	0.0	0.08695652173913043	0.038461538461538464	0.0	0.0	0.0
dmw=22344	0.002331002331002331	0.0	0.004830917874396135	0.01020408163265306	0.008264462809917356	0.0	0.004545454545454545	0.011235955056179775	0.02247191011235955	0.022556390977443608	0.036036036036036036	0.0	0.021739130434782608	0.0	0.10526315789473684	0.0	0.0
dmw=22369	0.8552321007081038	0.8413978494623656	0.8810572687224669	0.8421052631578947	0.8613861386138614	0.8356807511737089	0.7788461538461539	0.8465608465608465	0.894878706199461	0.6323529411764706	0.841897233201581	0.8295454545454546	0.875	0.8934426229508197	0.0	0.0	0.8717948717948718
dmw=22397	0.0037243947858473	0.012048192771084338	0.0	0.0	0.0	0.0	0.0	0.0	0.0	0.0	0.007518796992481203	0.045454545454545456	0.0	0.0	0.0	0.14285714285714285	0.0
dmw=22413	0.0041841004184100415	0.00125	0.0030120481927710845	0.0	0.008710801393728223	0.0	0.0048543689320388345	0.007042253521126761	0.003669724770642202	0.0	0.0	0.0	0.0	0.006060606060606061	0.0	0.125	0.0
dmw=22415	0.0	0.0	0.0	0.0	0.014925373134328358	0.0	0.0	0.0	0.0	0.0	0.010752688172043012	0.05555555555555555	0.0	0.0	0.0	0.0	0.0
dmw=22431	0.0033222591362126247	0.006644518272425249	0.036231884057971016	0.0	0.011428571428571429	0.0	0.010752688172043012	0.0	0.015037593984962405	0.0	0.0	0.0	0.0	0.0	0.0	0.0	0.0
dmw=22454	0.006887052341597796	0.013108614232209739	0.005639097744360902	0.0017667844522968198	0.00909090909090909	0.003436426116838488	0.0048543689320388345	0.019543973941368076	0.006112469437652812	0.003952569169960474	0.015901060070671377	0.0070921985815602835	0.014285714285714285	0.0037735849056603774	0.0	0.015384615384615385	0.0
dmw=22455	0.011982026959560658	0.014492753623188406	0.009259259259259259	0.015486725663716814	0.0	0.005952380952380952	0.014563106796116505	0.009302325581395349	0.0142602495543672	0.0	0.002967359050445104	0.0	0.0	0.025210084033613446	0.09090909090909091	0.015384615384615385	0.0
dmw=22456	0.00641025641025641	0.008676789587852495	0.0	0.0021008403361344537	0.001876172607879925	0.016666666666666666	0.0056179775280898875	0.0056179775280898875	0.0	0.0	0.020289855072463767	0.0	0.02142857142857143	0.006369426751592357	0.0	0.0	0.0
dmw=22457	0.0037546933667083854	0.0	0.004830917874396135	0.009708737864077669	0.008264462809917356	0.006944444444444444	0.0	0.0	0.005154639175257732	0.0	0.0	0.0	0.0	0.0	0.0	0.0	0.0
dmw=22463	0.0	0.031578947368421054	0.0	0.0	0.0	0.0	0.0	0.0	0.0	0.0	0.0	0.0	0.0	0.0	0.0	0.0	0.0
